Source,Timestamp,UserEmail,Campaignname,CampaignID,ResourceType,Operation,ChangedFields,Description
google_ads,2026-09-07 14:10:06.320223,pankanaturalhealth@gmail.com,Leads-Search-1,22767146837,CAMPAIGN_BUDGET,UPDATE,amountMicros,"Updated campaign budget ""Leads-Search-1""; changed: amountmicros"
google_ads,2026-09-07 14:05:54.089131,drjake@pankanaturalhealth.com,Leads-Search-1,22767146837,AD_GROUP_CRITERION,CREATE,adGroup;criterionId;keyword.text;negative;resourceName;status,"Created ad group criterion ""Leads-Search-1"""
google_ads,2026-09-07 14:04:05.283762,drjake@pankanaturalhealth.com,Leads-Search-1,22767146837,AD_GROUP_CRITERION,UPDATE,cpcBidMicros,"Updated ad group criterion ""Leads-Search-1""; changed: cpcbidmicros"
google_ads,2026-09-07 14:03:16.198606,drjake@pankanaturalhealth.com,Leads-Search-1,22767146837,AD_GROUP_CRITERION,UPDATE,cpcBidMicros,"Updated ad group criterion ""Leads-Search-1""; changed: cpcbidmicros"
google_ads,2026-09-07 14:02:10.77524,drjake@pankanaturalhealth.com,Leads-Search-1,22767146837,AD_GROUP_CRITERION,UPDATE,cpcBidMicros,"Updated ad group criterion ""Leads-Search-1""; changed: cpcbidmicros"
google_ads,2026-09-07 13:55:59.414207,drjake@pankanaturalhealth.com,Leads-Search-1,22767146837,AD_GROUP,UPDATE,cpcBidMicros,"Updated ad group ""Leads-Search-1""; changed: cpcbidmicros"
google_ads,2026-09-07 13:55:46.793535,drjake@pankanaturalhealth.com,Leads-Search-1,22767146837,AD_GROUP,UPDATE,cpcBidMicros,"Updated ad group ""Leads-Search-1""; changed: cpcbidmicros"
google_ads,2026-09-07 13:55:36.380223,drjake@pankanaturalhealth.com,Leads-Search-1,22767146837,AD_GROUP,UPDATE,cpcBidMicros,"Updated ad group ""Leads-Search-1""; changed: cpcbidmicros"
google_ads,2026-09-07 13:55:27.079007,drjake@pankanaturalhealth.com,Leads-Search-1,22767146837,AD_GROUP,UPDATE,cpcBidMicros,"Updated ad group ""Leads-Search-1""; changed: cpcbidmicros"
google_ads,2026-09-07 13:55:18.322991,drjake@pankanaturalhealth.com,Leads-Search-1,22767146837,AD_GROUP,UPDATE,cpcBidMicros,"Updated ad group ""Leads-Search-1""; changed: cpcbidmicros"
google_ads,2026-09-07 13:55:06.304207,drjake@pankanaturalhealth.com,Leads-Search-1,22767146837,AD_GROUP,UPDATE,cpcBidMicros,"Updated ad group ""Leads-Search-1""; changed: cpcbidmicros"
google_ads,2026-09-07 13:42:11.469295,drjake@pankanaturalhealth.com,Leads-Search-1,22767146837,CAMPAIGN_CRITERION,REMOVE,campaign;criterionId;negative;resourceName;status,"Removed campaign criterion ""Leads-Search-1""; changed: campaign, criterionid, negative, resourcename, status"
google_ads,2026-09-07 13:41:29.381551,drjake@pankanaturalhealth.com,Leads-Search-1,22767146837,CAMPAIGN_CRITERION,REMOVE,campaign;criterionId;negative;resourceName;status,"Removed campaign criterion ""Leads-Search-1""; changed: campaign, criterionid, negative, resourcename, status"
google_ads,2026-09-07 13:40:25.559503,drjake@pankanaturalhealth.com,Leads-Search-1,22767146837,CAMPAIGN_CRITERION,REMOVE,campaign;criterionId;negative;resourceName;status,"Removed campaign criterion ""Leads-Search-1""; changed: campaign, criterionid, negative, resourcename, status"
google_ads,2026-09-07 13:40:13.055087,drjake@pankanaturalhealth.com,Leads-Search-1,22767146837,CAMPAIGN_CRITERION,REMOVE,campaign;criterionId;negative;resourceName;status,"Removed campaign criterion ""Leads-Search-1""; changed: campaign, criterionid, negative, resourcename, status"
google_ads,2026-09-07 13:39:56.365535,drjake@pankanaturalhealth.com,Leads-Search-1,22767146837,CAMPAIGN_CRITERION,REMOVE,campaign;criterionId;negative;resourceName;status,"Removed campaign criterion ""Leads-Search-1""; changed: campaign, criterionid, negative, resourcename, status"
google_ads,2026-09-07 13:39:06.695471,drjake@pankanaturalhealth.com,Leads-Search-1,22767146837,CAMPAIGN_CRITERION,REMOVE,campaign;criterionId;negative;resourceName;status,"Removed campaign criterion ""Leads-Search-1""; changed: campaign, criterionid, negative, resourcename, status"
google_ads,2026-09-07 13:35:50.010377,drjake@pankanaturalhealth.com,Leads-Search-1,22767146837,AD_GROUP_CRITERION,REMOVE,adGroup;criterionId;keyword.matchType;keyword.text;negative;resourceName;status,"Removed ad group criterion ""Leads-Search-1""; changed: adgroup, criterionid, matchtype, text, negative, resourcename, status"
google_ads,2026-09-07 13:35:50.010377,drjake@pankanaturalhealth.com,Leads-Search-1,22767146837,AD_GROUP_CRITERION,CREATE,adGroup;criterionId;keyword.text;negative;resourceName;status,"Created ad group criterion ""Leads-Search-1"""
google_ads,2026-09-07 13:35:43.055014,drjake@pankanaturalhealth.com,Leads-Search-1,22767146837,AD_GROUP_CRITERION,REMOVE,adGroup;criterionId;keyword.matchType;keyword.text;negative;resourceName;status,"Removed ad group criterion ""Leads-Search-1""; changed: adgroup, criterionid, matchtype, text, negative, resourcename, status"
google_ads,2026-09-07 13:35:43.055014,drjake@pankanaturalhealth.com,Leads-Search-1,22767146837,AD_GROUP_CRITERION,CREATE,adGroup;criterionId;keyword.text;negative;resourceName;status,"Created ad group criterion ""Leads-Search-1"""
google_ads,2026-09-07 13:35:38.63472,drjake@pankanaturalhealth.com,Leads-Search-1,22767146837,AD_GROUP_CRITERION,REMOVE,adGroup;criterionId;keyword.matchType;keyword.text;negative;resourceName;status,"Removed ad group criterion ""Leads-Search-1""; changed: adgroup, criterionid, matchtype, text, negative, resourcename, status"
google_ads,2026-09-07 13:35:38.63472,drjake@pankanaturalhealth.com,Leads-Search-1,22767146837,AD_GROUP_CRITERION,CREATE,adGroup;criterionId;keyword.text;negative;resourceName;status,"Created ad group criterion ""Leads-Search-1"""
google_ads,2026-09-07 13:35:32.236493,drjake@pankanaturalhealth.com,Leads-Search-1,22767146837,AD_GROUP_CRITERION,REMOVE,adGroup;criterionId;keyword.matchType;keyword.text;negative;resourceName;status,"Removed ad group criterion ""Leads-Search-1""; changed: adgroup, criterionid, matchtype, text, negative, resourcename, status"
google_ads,2026-09-07 13:35:32.236493,drjake@pankanaturalhealth.com,Leads-Search-1,22767146837,AD_GROUP_CRITERION,CREATE,adGroup;criterionId;keyword.text;negative;resourceName;status,"Created ad group criterion ""Leads-Search-1"""
google_ads,2026-09-07 13:35:25.090034,drjake@pankanaturalhealth.com,Leads-Search-1,22767146837,AD_GROUP_CRITERION,REMOVE,adGroup;criterionId;keyword.matchType;keyword.text;negative;resourceName;status,"Removed ad group criterion ""Leads-Search-1""; changed: adgroup, criterionid, matchtype, text, negative, resourcename, status"
google_ads,2026-09-07 13:35:25.090034,drjake@pankanaturalhealth.com,Leads-Search-1,22767146837,AD_GROUP_CRITERION,CREATE,adGroup;criterionId;keyword.text;negative;resourceName;status,"Created ad group criterion ""Leads-Search-1"""
google_ads,2026-09-07 13:35:13.679076,drjake@pankanaturalhealth.com,Leads-Search-1,22767146837,AD_GROUP_CRITERION,REMOVE,adGroup;criterionId;keyword.matchType;keyword.text;negative;resourceName;status,"Removed ad group criterion ""Leads-Search-1""; changed: adgroup, criterionid, matchtype, text, negative, resourcename, status"
google_ads,2026-09-07 13:35:13.679076,drjake@pankanaturalhealth.com,Leads-Search-1,22767146837,AD_GROUP_CRITERION,CREATE,adGroup;criterionId;keyword.text;negative;resourceName;status,"Created ad group criterion ""Leads-Search-1"""
google_ads,2026-09-07 13:35:03.03338,drjake@pankanaturalhealth.com,Leads-Search-1,22767146837,AD_GROUP_CRITERION,REMOVE,adGroup;criterionId;keyword.matchType;keyword.text;negative;resourceName;status,"Removed ad group criterion ""Leads-Search-1""; changed: adgroup, criterionid, matchtype, text, negative, resourcename, status"
google_ads,2026-09-07 13:35:03.03338,drjake@pankanaturalhealth.com,Leads-Search-1,22767146837,AD_GROUP_CRITERION,CREATE,adGroup;criterionId;keyword.text;negative;resourceName;status,"Created ad group criterion ""Leads-Search-1"""
google_ads,2026-09-07 13:34:57.517587,drjake@pankanaturalhealth.com,Leads-Search-1,22767146837,AD_GROUP_CRITERION,REMOVE,adGroup;criterionId;keyword.matchType;keyword.text;negative;resourceName;status,"Removed ad group criterion ""Leads-Search-1""; changed: adgroup, criterionid, matchtype, text, negative, resourcename, status"
google_ads,2026-09-07 13:34:57.517587,drjake@pankanaturalhealth.com,Leads-Search-1,22767146837,AD_GROUP_CRITERION,CREATE,adGroup;criterionId;keyword.text;negative;resourceName;status,"Created ad group criterion ""Leads-Search-1"""
google_ads,2026-09-07 13:34:49.25289,drjake@pankanaturalhealth.com,Leads-Search-1,22767146837,AD_GROUP_CRITERION,REMOVE,adGroup;criterionId;keyword.matchType;keyword.text;negative;resourceName;status,"Removed ad group criterion ""Leads-Search-1""; changed: adgroup, criterionid, matchtype, text, negative, resourcename, status"
google_ads,2026-09-07 13:34:49.25289,drjake@pankanaturalhealth.com,Leads-Search-1,22767146837,AD_GROUP_CRITERION,CREATE,adGroup;criterionId;keyword.text;negative;resourceName;status,"Created ad group criterion ""Leads-Search-1"""
google_ads,2026-09-07 13:34:42.805933,drjake@pankanaturalhealth.com,Leads-Search-1,22767146837,AD_GROUP_CRITERION,REMOVE,adGroup;criterionId;keyword.matchType;keyword.text;negative;resourceName;status,"Removed ad group criterion ""Leads-Search-1""; changed: adgroup, criterionid, matchtype, text, negative, resourcename, status"
google_ads,2026-09-07 13:34:42.805933,drjake@pankanaturalhealth.com,Leads-Search-1,22767146837,AD_GROUP_CRITERION,CREATE,adGroup;criterionId;keyword.text;negative;resourceName;status,"Created ad group criterion ""Leads-Search-1"""
google_ads,2026-09-07 13:34:33.930272,drjake@pankanaturalhealth.com,Leads-Search-1,22767146837,AD_GROUP_CRITERION,REMOVE,adGroup;criterionId;keyword.matchType;keyword.text;negative;resourceName;status,"Removed ad group criterion ""Leads-Search-1""; changed: adgroup, criterionid, matchtype, text, negative, resourcename, status"
google_ads,2026-09-07 13:34:33.930272,drjake@pankanaturalhealth.com,Leads-Search-1,22767146837,AD_GROUP_CRITERION,CREATE,adGroup;criterionId;keyword.text;negative;resourceName;status,"Created ad group criterion ""Leads-Search-1"""
google_ads,2026-09-07 13:22:17.82309,drjake@pankanaturalhealth.com,Leads-Search-1,22767146837,AD,UPDATE,finalUrlSuffix;responsiveSearchAd.descriptions;responsiveSearchAd.headlines;trackingUrlTemplate,"Updated ad ""Leads-Search-1""; changed: finalurlsuffix, responsivesearchad.descriptions, responsivesearchad.headlines, trackingurltemplate"
google_ads,2026-09-07 13:18:19.589253,drjake@pankanaturalhealth.com,Leads-Search-1,22767146837,AD,UPDATE,finalUrlSuffix;responsiveSearchAd.descriptions;responsiveSearchAd.headlines;trackingUrlTemplate,"Updated ad ""Leads-Search-1""; changed: finalurlsuffix, responsivesearchad.descriptions, responsivesearchad.headlines, trackingurltemplate"
google_ads,2026-09-07 13:16:40.47182,drjake@pankanaturalhealth.com,Leads-Search-1,22767146837,AD_GROUP_AD,UPDATE,ad;status,"Updated ad group ad ""Leads-Search-1""; changed: ad, status"
google_ads,2026-09-07 13:16:15.663048,drjake@pankanaturalhealth.com,Leads-Search-1,22767146837,AD,UPDATE,finalUrlSuffix;responsiveSearchAd.descriptions;responsiveSearchAd.headlines;trackingUrlTemplate,"Updated ad ""Leads-Search-1""; changed: finalurlsuffix, responsivesearchad.descriptions, responsivesearchad.headlines, trackingurltemplate"
google_ads,2026-09-07 13:10:03.664575,drjake@pankanaturalhealth.com,Leads-Search-1,22767146837,CAMPAIGN_CRITERION,UPDATE,,"Updated campaign criterion ""Leads-Search-1""; changed: "
google_ads,2026-09-07 13:09:42.628111,drjake@pankanaturalhealth.com,Leads-Search-1,22767146837,CAMPAIGN_CRITERION,UPDATE,,"Updated campaign criterion ""Leads-Search-1""; changed: "
google_ads,2026-09-07 13:09:31.863535,drjake@pankanaturalhealth.com,Leads-Search-1,22767146837,CAMPAIGN_CRITERION,UPDATE,,"Updated campaign criterion ""Leads-Search-1""; changed: "
google_ads,2026-09-07 13:09:20.121087,drjake@pankanaturalhealth.com,Leads-Search-1,22767146837,CAMPAIGN_CRITERION,UPDATE,,"Updated campaign criterion ""Leads-Search-1""; changed: "
google_ads,2026-09-07 13:09:03.461455,drjake@pankanaturalhealth.com,Leads-Search-1,22767146837,CAMPAIGN_CRITERION,UPDATE,,"Updated campaign criterion ""Leads-Search-1""; changed: "
google_ads,2026-09-07 13:08:51.148239,drjake@pankanaturalhealth.com,Leads-Search-1,22767146837,CAMPAIGN_CRITERION,UPDATE,,"Updated campaign criterion ""Leads-Search-1""; changed: "
google_ads,2026-09-07 13:08:35.948751,drjake@pankanaturalhealth.com,Leads-Search-1,22767146837,CAMPAIGN_CRITERION,UPDATE,,"Updated campaign criterion ""Leads-Search-1""; changed: "
google_ads,2026-09-07 13:08:32.536991,drjake@pankanaturalhealth.com,Leads-Search-1,22767146837,CAMPAIGN_CRITERION,UPDATE,,"Updated campaign criterion ""Leads-Search-1""; changed: "
google_ads,2026-09-07 13:08:28.527823,drjake@pankanaturalhealth.com,Leads-Search-1,22767146837,CAMPAIGN_CRITERION,UPDATE,,"Updated campaign criterion ""Leads-Search-1""; changed: "
google_ads,2026-09-07 13:08:21.648037,drjake@pankanaturalhealth.com,Leads-Search-1,22767146837,CAMPAIGN_CRITERION,CREATE,campaign;criterionId;negative;resourceName,"Created campaign criterion ""Leads-Search-1"""
google_ads,2026-09-07 13:08:21.648037,drjake@pankanaturalhealth.com,Leads-Search-1,22767146837,CAMPAIGN_CRITERION,CREATE,campaign;criterionId;negative;resourceName,"Created campaign criterion ""Leads-Search-1"""
google_ads,2026-09-07 13:08:21.648037,drjake@pankanaturalhealth.com,Leads-Search-1,22767146837,CAMPAIGN_CRITERION,CREATE,campaign;criterionId;negative;resourceName,"Created campaign criterion ""Leads-Search-1"""
google_ads,2026-09-07 13:08:21.648037,drjake@pankanaturalhealth.com,Leads-Search-1,22767146837,CAMPAIGN_CRITERION,CREATE,campaign;criterionId;negative;resourceName,"Created campaign criterion ""Leads-Search-1"""
google_ads,2026-09-07 13:08:21.648037,drjake@pankanaturalhealth.com,Leads-Search-1,22767146837,CAMPAIGN_CRITERION,CREATE,campaign;criterionId;negative;resourceName,"Created campaign criterion ""Leads-Search-1"""
google_ads,2026-09-07 13:08:21.648037,drjake@pankanaturalhealth.com,Leads-Search-1,22767146837,CAMPAIGN_CRITERION,CREATE,campaign;criterionId;negative;resourceName,"Created campaign criterion ""Leads-Search-1"""
google_ads,2026-09-07 13:08:21.648037,drjake@pankanaturalhealth.com,Leads-Search-1,22767146837,CAMPAIGN_CRITERION,CREATE,campaign;criterionId;negative;resourceName,"Created campaign criterion ""Leads-Search-1"""
google_ads,2026-09-07 13:08:21.648037,drjake@pankanaturalhealth.com,Leads-Search-1,22767146837,CAMPAIGN_CRITERION,CREATE,campaign;criterionId;negative;resourceName,"Created campaign criterion ""Leads-Search-1"""
google_ads,2026-09-07 13:08:21.648037,drjake@pankanaturalhealth.com,Leads-Search-1,22767146837,CAMPAIGN_CRITERION,CREATE,campaign;criterionId;negative;resourceName,"Created campaign criterion ""Leads-Search-1"""
google_ads,2026-09-07 13:05:27.240575,drjake@pankanaturalhealth.com,Leads-Search-1,22767146837,CAMPAIGN_CRITERION,UPDATE,,"Updated campaign criterion ""Leads-Search-1""; changed: "
google_ads,2026-09-07 13:03:55.585967,drjake@pankanaturalhealth.com,Leads-Search-1,22767146837,CAMPAIGN_CRITERION,UPDATE,,"Updated campaign criterion ""Leads-Search-1""; changed: "
google_ads,2026-09-07 13:03:36.417631,drjake@pankanaturalhealth.com,Leads-Search-1,22767146837,CAMPAIGN_CRITERION,UPDATE,,"Updated campaign criterion ""Leads-Search-1""; changed: "
google_ads,2026-09-07 13:03:25.908159,drjake@pankanaturalhealth.com,Leads-Search-1,22767146837,CAMPAIGN_CRITERION,UPDATE,,"Updated campaign criterion ""Leads-Search-1""; changed: "
google_ads,2026-09-07 13:03:13.652559,drjake@pankanaturalhealth.com,Leads-Search-1,22767146837,CAMPAIGN_CRITERION,UPDATE,,"Updated campaign criterion ""Leads-Search-1""; changed: "
google_ads,2026-09-07 13:03:00.763615,drjake@pankanaturalhealth.com,Leads-Search-1,22767146837,CAMPAIGN_CRITERION,UPDATE,,"Updated campaign criterion ""Leads-Search-1""; changed: "
google_ads,2026-09-07 13:02:52.986095,drjake@pankanaturalhealth.com,Leads-Search-1,22767146837,CAMPAIGN_CRITERION,UPDATE,,"Updated campaign criterion ""Leads-Search-1""; changed: "
google_ads,2026-09-07 13:02:21.646991,drjake@pankanaturalhealth.com,Leads-Search-1,22767146837,CAMPAIGN_CRITERION,UPDATE,,"Updated campaign criterion ""Leads-Search-1""; changed: "
google_ads,2026-09-07 13:02:14.234655,drjake@pankanaturalhealth.com,Leads-Search-1,22767146837,CAMPAIGN_CRITERION,UPDATE,,"Updated campaign criterion ""Leads-Search-1""; changed: "
google_ads,2026-09-07 13:02:00.069679,drjake@pankanaturalhealth.com,Leads-Search-1,22767146837,CAMPAIGN_CRITERION,UPDATE,,"Updated campaign criterion ""Leads-Search-1""; changed: "
google_ads,2026-09-07 13:01:46.247247,drjake@pankanaturalhealth.com,Leads-Search-1,22767146837,CAMPAIGN_CRITERION,UPDATE,,"Updated campaign criterion ""Leads-Search-1""; changed: "
google_ads,2026-09-07 13:01:14.007903,drjake@pankanaturalhealth.com,Leads-Search-1,22767146837,CAMPAIGN_CRITERION,UPDATE,,"Updated campaign criterion ""Leads-Search-1""; changed: "
google_ads,2026-09-07 13:01:07.238991,drjake@pankanaturalhealth.com,Leads-Search-1,22767146837,CAMPAIGN_CRITERION,UPDATE,,"Updated campaign criterion ""Leads-Search-1""; changed: "
google_ads,2026-09-07 13:01:00.102047,drjake@pankanaturalhealth.com,Leads-Search-1,22767146837,CAMPAIGN_CRITERION,UPDATE,,"Updated campaign criterion ""Leads-Search-1""; changed: "
google_ads,2026-09-07 13:00:53.912559,drjake@pankanaturalhealth.com,Leads-Search-1,22767146837,CAMPAIGN_CRITERION,UPDATE,,"Updated campaign criterion ""Leads-Search-1""; changed: "
google_ads,2026-09-07 13:00:11.272735,drjake@pankanaturalhealth.com,Leads-Search-1,22767146837,CAMPAIGN_CRITERION,UPDATE,,"Updated campaign criterion ""Leads-Search-1""; changed: "
google_ads,2026-09-07 13:00:05.108495,drjake@pankanaturalhealth.com,Leads-Search-1,22767146837,CAMPAIGN_CRITERION,UPDATE,,"Updated campaign criterion ""Leads-Search-1""; changed: "
google_ads,2026-09-07 12:59:57.698303,drjake@pankanaturalhealth.com,Leads-Search-1,22767146837,CAMPAIGN_CRITERION,UPDATE,,"Updated campaign criterion ""Leads-Search-1""; changed: "
google_ads,2026-09-07 12:59:46.693631,drjake@pankanaturalhealth.com,Leads-Search-1,22767146837,CAMPAIGN_CRITERION,UPDATE,,"Updated campaign criterion ""Leads-Search-1""; changed: "
google_ads,2026-09-07 12:56:33.478858,drjake@pankanaturalhealth.com,Leads-Search-1,22767146837,AD_GROUP_CRITERION,REMOVE,adGroup;criterionId;keyword.matchType;keyword.text;negative;resourceName;status,"Removed ad group criterion ""Leads-Search-1""; changed: adgroup, criterionid, matchtype, text, negative, resourcename, status"
google_ads,2026-09-07 12:56:33.478858,drjake@pankanaturalhealth.com,Leads-Search-1,22767146837,AD_GROUP_CRITERION,CREATE,adGroup;criterionId;keyword.text;negative;resourceName;status,"Created ad group criterion ""Leads-Search-1"""
google_ads,2026-09-07 12:56:18.836456,drjake@pankanaturalhealth.com,Leads-Search-1,22767146837,AD_GROUP_CRITERION,REMOVE,adGroup;criterionId;keyword.matchType;keyword.text;negative;resourceName;status,"Removed ad group criterion ""Leads-Search-1""; changed: adgroup, criterionid, matchtype, text, negative, resourcename, status"
google_ads,2026-09-07 12:56:18.836456,drjake@pankanaturalhealth.com,Leads-Search-1,22767146837,AD_GROUP_CRITERION,CREATE,adGroup;criterionId;keyword.text;negative;resourceName;status,"Created ad group criterion ""Leads-Search-1"""
google_ads,2026-09-07 12:56:09.542834,drjake@pankanaturalhealth.com,Leads-Search-1,22767146837,AD_GROUP_CRITERION,REMOVE,adGroup;criterionId;keyword.matchType;keyword.text;negative;resourceName;status,"Removed ad group criterion ""Leads-Search-1""; changed: adgroup, criterionid, matchtype, text, negative, resourcename, status"
google_ads,2026-09-07 12:56:09.542834,drjake@pankanaturalhealth.com,Leads-Search-1,22767146837,AD_GROUP_CRITERION,CREATE,adGroup;criterionId;keyword.text;negative;resourceName;status,"Created ad group criterion ""Leads-Search-1"""
google_ads,2026-09-07 12:56:03.852037,drjake@pankanaturalhealth.com,Leads-Search-1,22767146837,AD_GROUP_CRITERION,REMOVE,adGroup;criterionId;keyword.matchType;keyword.text;negative;resourceName;status,"Removed ad group criterion ""Leads-Search-1""; changed: adgroup, criterionid, matchtype, text, negative, resourcename, status"
google_ads,2026-09-07 12:56:03.852037,drjake@pankanaturalhealth.com,Leads-Search-1,22767146837,AD_GROUP_CRITERION,CREATE,adGroup;criterionId;keyword.text;negative;resourceName;status,"Created ad group criterion ""Leads-Search-1"""
google_ads,2026-09-07 12:55:58.120098,drjake@pankanaturalhealth.com,Leads-Search-1,22767146837,AD_GROUP_CRITERION,REMOVE,adGroup;criterionId;keyword.matchType;keyword.text;negative;resourceName;status,"Removed ad group criterion ""Leads-Search-1""; changed: adgroup, criterionid, matchtype, text, negative, resourcename, status"
google_ads,2026-09-07 12:55:58.120098,drjake@pankanaturalhealth.com,Leads-Search-1,22767146837,AD_GROUP_CRITERION,CREATE,adGroup;criterionId;keyword.text;negative;resourceName;status,"Created ad group criterion ""Leads-Search-1"""
google_ads,2026-09-07 12:55:50.207906,drjake@pankanaturalhealth.com,Leads-Search-1,22767146837,AD_GROUP_CRITERION,REMOVE,adGroup;criterionId;keyword.matchType;keyword.text;negative;resourceName;status,"Removed ad group criterion ""Leads-Search-1""; changed: adgroup, criterionid, matchtype, text, negative, resourcename, status"
google_ads,2026-09-07 12:55:50.207906,drjake@pankanaturalhealth.com,Leads-Search-1,22767146837,AD_GROUP_CRITERION,CREATE,adGroup;criterionId;keyword.text;negative;resourceName;status,"Created ad group criterion ""Leads-Search-1"""
google_ads,2026-09-07 12:55:46.053185,drjake@pankanaturalhealth.com,Leads-Search-1,22767146837,AD_GROUP_CRITERION,REMOVE,adGroup;criterionId;keyword.matchType;keyword.text;negative;resourceName;status,"Removed ad group criterion ""Leads-Search-1""; changed: adgroup, criterionid, matchtype, text, negative, resourcename, status"
google_ads,2026-09-07 12:55:46.053185,drjake@pankanaturalhealth.com,Leads-Search-1,22767146837,AD_GROUP_CRITERION,CREATE,adGroup;criterionId;keyword.text;negative;resourceName;status,"Created ad group criterion ""Leads-Search-1"""
google_ads,2026-09-07 12:55:14.108222,drjake@pankanaturalhealth.com,Leads-Search-1,22767146837,AD_GROUP_CRITERION,REMOVE,adGroup;criterionId;keyword.matchType;keyword.text;negative;resourceName;status,"Removed ad group criterion ""Leads-Search-1""; changed: adgroup, criterionid, matchtype, text, negative, resourcename, status"
google_ads,2026-09-07 12:55:14.108222,drjake@pankanaturalhealth.com,Leads-Search-1,22767146837,AD_GROUP_CRITERION,CREATE,adGroup;criterionId;keyword.text;negative;resourceName;status,"Created ad group criterion ""Leads-Search-1"""
google_ads,2026-09-07 12:55:04.848371,drjake@pankanaturalhealth.com,Leads-Search-1,22767146837,AD_GROUP_CRITERION,REMOVE,adGroup;criterionId;keyword.matchType;keyword.text;negative;resourceName;status,"Removed ad group criterion ""Leads-Search-1""; changed: adgroup, criterionid, matchtype, text, negative, resourcename, status"
google_ads,2026-09-07 12:55:04.848371,drjake@pankanaturalhealth.com,Leads-Search-1,22767146837,AD_GROUP_CRITERION,CREATE,adGroup;criterionId;keyword.text;negative;resourceName;status,"Created ad group criterion ""Leads-Search-1"""
google_ads,2026-09-07 12:54:59.83625,drjake@pankanaturalhealth.com,Leads-Search-1,22767146837,AD_GROUP_CRITERION,REMOVE,adGroup;criterionId;keyword.matchType;keyword.text;negative;resourceName;status,"Removed ad group criterion ""Leads-Search-1""; changed: adgroup, criterionid, matchtype, text, negative, resourcename, status"
google_ads,2026-09-07 12:54:53.808242,drjake@pankanaturalhealth.com,Leads-Search-1,22767146837,AD_GROUP_CRITERION,REMOVE,adGroup;criterionId;keyword.matchType;keyword.text;negative;resourceName;status,"Removed ad group criterion ""Leads-Search-1""; changed: adgroup, criterionid, matchtype, text, negative, resourcename, status"
google_ads,2026-09-07 12:54:53.808242,drjake@pankanaturalhealth.com,Leads-Search-1,22767146837,AD_GROUP_CRITERION,CREATE,adGroup;criterionId;keyword.text;negative;resourceName;status,"Created ad group criterion ""Leads-Search-1"""
google_ads,2026-09-07 12:54:43.646686,drjake@pankanaturalhealth.com,Leads-Search-1,22767146837,AD_GROUP_CRITERION,REMOVE,adGroup;criterionId;keyword.matchType;keyword.text;negative;resourceName;status,"Removed ad group criterion ""Leads-Search-1""; changed: adgroup, criterionid, matchtype, text, negative, resourcename, status"
google_ads,2026-09-07 12:54:43.646686,drjake@pankanaturalhealth.com,Leads-Search-1,22767146837,AD_GROUP_CRITERION,CREATE,adGroup;criterionId;keyword.text;negative;resourceName;status,"Created ad group criterion ""Leads-Search-1"""
google_ads,2026-09-07 12:54:38.099063,drjake@pankanaturalhealth.com,Leads-Search-1,22767146837,AD_GROUP_CRITERION,REMOVE,adGroup;criterionId;keyword.matchType;keyword.text;negative;resourceName;status,"Removed ad group criterion ""Leads-Search-1""; changed: adgroup, criterionid, matchtype, text, negative, resourcename, status"
google_ads,2026-09-07 12:54:38.099063,drjake@pankanaturalhealth.com,Leads-Search-1,22767146837,AD_GROUP_CRITERION,CREATE,adGroup;criterionId;keyword.text;negative;resourceName;status,"Created ad group criterion ""Leads-Search-1"""
google_ads,2026-09-07 12:54:29.758702,drjake@pankanaturalhealth.com,Leads-Search-1,22767146837,AD_GROUP_CRITERION,REMOVE,adGroup;criterionId;keyword.matchType;keyword.text;negative;resourceName;status,"Removed ad group criterion ""Leads-Search-1""; changed: adgroup, criterionid, matchtype, text, negative, resourcename, status"
google_ads,2026-09-07 12:54:29.758702,drjake@pankanaturalhealth.com,Leads-Search-1,22767146837,AD_GROUP_CRITERION,CREATE,adGroup;criterionId;keyword.text;negative;resourceName;status,"Created ad group criterion ""Leads-Search-1"""
google_ads,2026-09-07 12:54:25.16245,drjake@pankanaturalhealth.com,Leads-Search-1,22767146837,AD_GROUP_CRITERION,REMOVE,adGroup;criterionId;keyword.matchType;keyword.text;negative;resourceName;status,"Removed ad group criterion ""Leads-Search-1""; changed: adgroup, criterionid, matchtype, text, negative, resourcename, status"
google_ads,2026-09-07 12:54:25.16245,drjake@pankanaturalhealth.com,Leads-Search-1,22767146837,AD_GROUP_CRITERION,CREATE,adGroup;criterionId;keyword.text;negative;resourceName;status,"Created ad group criterion ""Leads-Search-1"""
google_ads,2026-09-07 12:54:16.527978,drjake@pankanaturalhealth.com,Leads-Search-1,22767146837,AD_GROUP_CRITERION,REMOVE,adGroup;criterionId;keyword.matchType;keyword.text;negative;resourceName;status,"Removed ad group criterion ""Leads-Search-1""; changed: adgroup, criterionid, matchtype, text, negative, resourcename, status"
google_ads,2026-09-07 12:54:16.527978,drjake@pankanaturalhealth.com,Leads-Search-1,22767146837,AD_GROUP_CRITERION,CREATE,adGroup;criterionId;keyword.text;negative;resourceName;status,"Created ad group criterion ""Leads-Search-1"""
google_ads,2026-09-07 12:54:06.200154,drjake@pankanaturalhealth.com,Leads-Search-1,22767146837,AD_GROUP_CRITERION,REMOVE,adGroup;criterionId;keyword.matchType;keyword.text;negative;resourceName;status,"Removed ad group criterion ""Leads-Search-1""; changed: adgroup, criterionid, matchtype, text, negative, resourcename, status"
google_ads,2026-09-07 12:54:06.200154,drjake@pankanaturalhealth.com,Leads-Search-1,22767146837,AD_GROUP_CRITERION,CREATE,adGroup;criterionId;keyword.text;negative;resourceName;status,"Created ad group criterion ""Leads-Search-1"""
google_ads,2026-09-07 12:53:52.599558,drjake@pankanaturalhealth.com,Leads-Search-1,22767146837,AD_GROUP_CRITERION,REMOVE,adGroup;criterionId;keyword.matchType;keyword.text;negative;resourceName;status,"Removed ad group criterion ""Leads-Search-1""; changed: adgroup, criterionid, matchtype, text, negative, resourcename, status"
google_ads,2026-09-07 12:53:52.599558,drjake@pankanaturalhealth.com,Leads-Search-1,22767146837,AD_GROUP_CRITERION,CREATE,adGroup;criterionId;keyword.text;negative;resourceName;status,"Created ad group criterion ""Leads-Search-1"""
google_ads,2026-09-07 12:53:44.161621,drjake@pankanaturalhealth.com,Leads-Search-1,22767146837,AD_GROUP_CRITERION,REMOVE,adGroup;criterionId;keyword.matchType;keyword.text;negative;resourceName;status,"Removed ad group criterion ""Leads-Search-1""; changed: adgroup, criterionid, matchtype, text, negative, resourcename, status"
google_ads,2026-09-07 12:53:44.161621,drjake@pankanaturalhealth.com,Leads-Search-1,22767146837,AD_GROUP_CRITERION,CREATE,adGroup;criterionId;keyword.text;negative;resourceName;status,"Created ad group criterion ""Leads-Search-1"""
google_ads,2026-09-07 12:53:33.818382,drjake@pankanaturalhealth.com,Leads-Search-1,22767146837,AD_GROUP_CRITERION,REMOVE,adGroup;criterionId;keyword.matchType;keyword.text;negative;resourceName;status,"Removed ad group criterion ""Leads-Search-1""; changed: adgroup, criterionid, matchtype, text, negative, resourcename, status"
google_ads,2026-09-07 12:53:33.818382,drjake@pankanaturalhealth.com,Leads-Search-1,22767146837,AD_GROUP_CRITERION,CREATE,adGroup;criterionId;keyword.text;negative;resourceName;status,"Created ad group criterion ""Leads-Search-1"""
google_ads,2026-09-07 12:53:25.395994,drjake@pankanaturalhealth.com,Leads-Search-1,22767146837,AD_GROUP_CRITERION,REMOVE,adGroup;criterionId;keyword.matchType;keyword.text;negative;resourceName;status,"Removed ad group criterion ""Leads-Search-1""; changed: adgroup, criterionid, matchtype, text, negative, resourcename, status"
google_ads,2026-09-07 12:53:25.395994,drjake@pankanaturalhealth.com,Leads-Search-1,22767146837,AD_GROUP_CRITERION,CREATE,adGroup;criterionId;keyword.text;negative;resourceName;status,"Created ad group criterion ""Leads-Search-1"""
google_ads,2026-09-07 12:52:38.261028,drjake@pankanaturalhealth.com,Leads-Search-1,22767146837,AD_GROUP_CRITERION,REMOVE,adGroup;criterionId;keyword.matchType;keyword.text;negative;resourceName;status,"Removed ad group criterion ""Leads-Search-1""; changed: adgroup, criterionid, matchtype, text, negative, resourcename, status"
google_ads,2026-09-07 12:52:38.261028,drjake@pankanaturalhealth.com,Leads-Search-1,22767146837,AD_GROUP_CRITERION,CREATE,adGroup;criterionId;keyword.text;negative;resourceName;status,"Created ad group criterion ""Leads-Search-1"""
google_ads,2026-09-07 12:52:08.972803,drjake@pankanaturalhealth.com,Leads-Search-1,22767146837,AD_GROUP_CRITERION,REMOVE,adGroup;criterionId;keyword.matchType;keyword.text;negative;resourceName;status,"Removed ad group criterion ""Leads-Search-1""; changed: adgroup, criterionid, matchtype, text, negative, resourcename, status"
google_ads,2026-09-07 12:52:08.972803,drjake@pankanaturalhealth.com,Leads-Search-1,22767146837,AD_GROUP_CRITERION,CREATE,adGroup;criterionId;keyword.text;negative;resourceName;status,"Created ad group criterion ""Leads-Search-1"""
google_ads,2026-09-07 12:51:56.488826,drjake@pankanaturalhealth.com,Leads-Search-1,22767146837,AD_GROUP_CRITERION,REMOVE,adGroup;criterionId;keyword.matchType;keyword.text;negative;resourceName;status,"Removed ad group criterion ""Leads-Search-1""; changed: adgroup, criterionid, matchtype, text, negative, resourcename, status"
google_ads,2026-09-07 12:51:56.488826,drjake@pankanaturalhealth.com,Leads-Search-1,22767146837,AD_GROUP_CRITERION,CREATE,adGroup;criterionId;keyword.text;negative;resourceName;status,"Created ad group criterion ""Leads-Search-1"""
google_ads,2026-09-07 12:51:31.788866,drjake@pankanaturalhealth.com,Leads-Search-1,22767146837,AD_GROUP_CRITERION,REMOVE,adGroup;criterionId;keyword.matchType;keyword.text;negative;resourceName;status,"Removed ad group criterion ""Leads-Search-1""; changed: adgroup, criterionid, matchtype, text, negative, resourcename, status"
google_ads,2026-09-07 12:51:31.788866,drjake@pankanaturalhealth.com,Leads-Search-1,22767146837,AD_GROUP_CRITERION,CREATE,adGroup;criterionId;keyword.text;negative;resourceName;status,"Created ad group criterion ""Leads-Search-1"""
google_ads,2026-09-07 12:50:35.37864,drjake@pankanaturalhealth.com,Leads-Search-1,22767146837,AD_GROUP_CRITERION,REMOVE,adGroup;criterionId;keyword.matchType;keyword.text;negative;resourceName;status,"Removed ad group criterion ""Leads-Search-1""; changed: adgroup, criterionid, matchtype, text, negative, resourcename, status"
google_ads,2026-09-07 12:50:35.37864,drjake@pankanaturalhealth.com,Leads-Search-1,22767146837,AD_GROUP_CRITERION,CREATE,adGroup;criterionId;keyword.text;negative;resourceName;status,"Created ad group criterion ""Leads-Search-1"""
google_ads,2026-09-07 12:50:30.703507,drjake@pankanaturalhealth.com,Leads-Search-1,22767146837,AD_GROUP_CRITERION,REMOVE,adGroup;criterionId;keyword.matchType;keyword.text;negative;resourceName;status,"Removed ad group criterion ""Leads-Search-1""; changed: adgroup, criterionid, matchtype, text, negative, resourcename, status"
google_ads,2026-09-07 12:50:30.703507,drjake@pankanaturalhealth.com,Leads-Search-1,22767146837,AD_GROUP_CRITERION,CREATE,adGroup;criterionId;keyword.text;negative;resourceName;status,"Created ad group criterion ""Leads-Search-1"""
google_ads,2026-09-07 12:50:04.236197,drjake@pankanaturalhealth.com,Leads-Search-1,22767146837,AD_GROUP_CRITERION,REMOVE,adGroup;criterionId;keyword.matchType;keyword.text;negative;resourceName;status,"Removed ad group criterion ""Leads-Search-1""; changed: adgroup, criterionid, matchtype, text, negative, resourcename, status"
google_ads,2026-09-07 12:50:04.236197,drjake@pankanaturalhealth.com,Leads-Search-1,22767146837,AD_GROUP_CRITERION,CREATE,adGroup;criterionId;keyword.text;negative;resourceName;status,"Created ad group criterion ""Leads-Search-1"""
google_ads,2026-09-07 12:49:51.50113,drjake@pankanaturalhealth.com,Leads-Search-1,22767146837,AD_GROUP_CRITERION,REMOVE,adGroup;criterionId;keyword.matchType;keyword.text;negative;resourceName;status,"Removed ad group criterion ""Leads-Search-1""; changed: adgroup, criterionid, matchtype, text, negative, resourcename, status"
google_ads,2026-09-07 12:49:51.50113,drjake@pankanaturalhealth.com,Leads-Search-1,22767146837,AD_GROUP_CRITERION,CREATE,adGroup;criterionId;keyword.text;negative;resourceName;status,"Created ad group criterion ""Leads-Search-1"""
google_ads,2026-09-07 12:48:04.918541,drjake@pankanaturalhealth.com,Leads-Search-1,22767146837,AD_GROUP_CRITERION,UPDATE,status,"Updated ad group criterion ""Leads-Search-1""; changed: status"
google_ads,2026-09-07 12:47:28.251031,drjake@pankanaturalhealth.com,Leads-Search-1,22767146837,AD_GROUP_CRITERION,UPDATE,status,"Updated ad group criterion ""Leads-Search-1""; changed: status"
google_ads,2026-09-07 12:47:26.196689,drjake@pankanaturalhealth.com,Leads-Search-1,22767146837,AD_GROUP_CRITERION,UPDATE,status,"Updated ad group criterion ""Leads-Search-1""; changed: status"
google_ads,2026-09-07 12:46:52.751761,drjake@pankanaturalhealth.com,Leads-Search-1,22767146837,AD_GROUP_CRITERION,UPDATE,status,"Updated ad group criterion ""Leads-Search-1""; changed: status"
google_ads,2026-09-07 12:46:44.782371,drjake@pankanaturalhealth.com,Leads-Search-1,22767146837,AD_GROUP_CRITERION,UPDATE,status,"Updated ad group criterion ""Leads-Search-1""; changed: status"
google_ads,2026-09-07 12:46:34.442778,drjake@pankanaturalhealth.com,Leads-Search-1,22767146837,AD_GROUP_CRITERION,UPDATE,status,"Updated ad group criterion ""Leads-Search-1""; changed: status"
google_ads,2026-09-07 12:45:51.679014,drjake@pankanaturalhealth.com,Leads-Search-1,22767146837,AD_GROUP_CRITERION,UPDATE,status,"Updated ad group criterion ""Leads-Search-1""; changed: status"
google_ads,2026-09-07 12:45:38.20449,drjake@pankanaturalhealth.com,Leads-Search-1,22767146837,AD_GROUP_CRITERION,UPDATE,status,"Updated ad group criterion ""Leads-Search-1""; changed: status"
google_ads,2026-09-07 12:45:21.451568,drjake@pankanaturalhealth.com,Leads-Search-1,22767146837,AD_GROUP_CRITERION,UPDATE,status,"Updated ad group criterion ""Leads-Search-1""; changed: status"
google_ads,2026-09-07 12:45:00.839537,drjake@pankanaturalhealth.com,Leads-Search-1,22767146837,AD_GROUP_CRITERION,UPDATE,status,"Updated ad group criterion ""Leads-Search-1""; changed: status"
google_ads,2026-09-07 12:44:47.616803,drjake@pankanaturalhealth.com,Leads-Search-1,22767146837,AD_GROUP_CRITERION,UPDATE,status,"Updated ad group criterion ""Leads-Search-1""; changed: status"
google_ads,2026-09-07 12:44:22.091524,drjake@pankanaturalhealth.com,Leads-Search-1,22767146837,AD_GROUP_CRITERION,UPDATE,status,"Updated ad group criterion ""Leads-Search-1""; changed: status"
google_ads,2026-09-07 12:42:47.273267,drjake@pankanaturalhealth.com,Leads-Search-1,22767146837,AD_GROUP_CRITERION,UPDATE,status,"Updated ad group criterion ""Leads-Search-1""; changed: status"
google_ads,2026-09-07 12:41:19.40311,drjake@pankanaturalhealth.com,Leads-Search-1,22767146837,AD_GROUP_CRITERION,UPDATE,status,"Updated ad group criterion ""Leads-Search-1""; changed: status"
google_ads,2026-09-07 12:40:22.040361,drjake@pankanaturalhealth.com,Leads-Search-1,22767146837,AD_GROUP_CRITERION,UPDATE,status,"Updated ad group criterion ""Leads-Search-1""; changed: status"
google_ads,2026-09-07 12:39:06.267462,drjake@pankanaturalhealth.com,Leads-Search-1,22767146837,AD_GROUP_CRITERION,UPDATE,status,"Updated ad group criterion ""Leads-Search-1""; changed: status"
google_ads,2026-09-07 12:38:32.722012,drjake@pankanaturalhealth.com,Leads-Search-1,22767146837,AD_GROUP_CRITERION,UPDATE,status,"Updated ad group criterion ""Leads-Search-1""; changed: status"
google_ads,2026-09-07 12:38:19.909845,drjake@pankanaturalhealth.com,Leads-Search-1,22767146837,AD_GROUP_CRITERION,UPDATE,status,"Updated ad group criterion ""Leads-Search-1""; changed: status"
google_ads,2026-09-07 12:36:23.33731,drjake@pankanaturalhealth.com,Leads-Search-1,22767146837,AD_GROUP_CRITERION,UPDATE,status,"Updated ad group criterion ""Leads-Search-1""; changed: status"
google_ads,2026-09-07 12:35:04.025135,drjake@pankanaturalhealth.com,Leads-Search-1,22767146837,AD_GROUP_CRITERION,REMOVE,adGroup;criterionId;keyword.matchType;keyword.text;negative;resourceName;status,"Removed ad group criterion ""Leads-Search-1""; changed: adgroup, criterionid, matchtype, text, negative, resourcename, status"
google_ads,2026-09-07 12:34:44.897077,drjake@pankanaturalhealth.com,Leads-Search-1,22767146837,AD_GROUP_CRITERION,UPDATE,status,"Updated ad group criterion ""Leads-Search-1""; changed: status"
google_ads,2026-09-07 12:34:33.963404,drjake@pankanaturalhealth.com,Leads-Search-1,22767146837,AD_GROUP_CRITERION,UPDATE,status,"Updated ad group criterion ""Leads-Search-1""; changed: status"
google_ads,2026-09-07 12:32:57.293945,drjake@pankanaturalhealth.com,Leads-Search-1,22767146837,AD_GROUP_CRITERION,UPDATE,status,"Updated ad group criterion ""Leads-Search-1""; changed: status"
google_ads,2026-09-07 12:31:43.705732,drjake@pankanaturalhealth.com,Leads-Search-1,22767146837,AD_GROUP_CRITERION,UPDATE,status,"Updated ad group criterion ""Leads-Search-1""; changed: status"
google_ads,2026-09-07 12:31:14.914437,drjake@pankanaturalhealth.com,Leads-Search-1,22767146837,AD_GROUP_CRITERION,UPDATE,status,"Updated ad group criterion ""Leads-Search-1""; changed: status"
google_ads,2026-09-07 12:30:03.885522,drjake@pankanaturalhealth.com,Leads-Search-1,22767146837,AD_GROUP_CRITERION,UPDATE,status,"Updated ad group criterion ""Leads-Search-1""; changed: status"
google_ads,2026-09-07 12:29:20.381745,drjake@pankanaturalhealth.com,Leads-Search-1,22767146837,AD_GROUP_CRITERION,UPDATE,status,"Updated ad group criterion ""Leads-Search-1""; changed: status"
google_ads,2026-09-07 12:28:49.339099,drjake@pankanaturalhealth.com,Leads-Search-1,22767146837,AD_GROUP_CRITERION,UPDATE,status,"Updated ad group criterion ""Leads-Search-1""; changed: status"
google_ads,2026-09-07 12:27:49.180287,drjake@pankanaturalhealth.com,Leads-Search-1,22767146837,CAMPAIGN_CRITERION,CREATE,campaign;criterionId;keyword.matchType;keyword.text;negative;resourceName,"Created campaign criterion ""Leads-Search-1"""
google_ads,2026-09-07 12:27:49.180287,drjake@pankanaturalhealth.com,Leads-Search-1,22767146837,CAMPAIGN_CRITERION,CREATE,campaign;criterionId;keyword.matchType;keyword.text;negative;resourceName,"Created campaign criterion ""Leads-Search-1"""
google_ads,2026-09-07 12:27:49.180287,drjake@pankanaturalhealth.com,Leads-Search-1,22767146837,CAMPAIGN_CRITERION,CREATE,campaign;criterionId;keyword.matchType;keyword.text;negative;resourceName,"Created campaign criterion ""Leads-Search-1"""
google_ads,2026-09-07 12:27:49.180287,drjake@pankanaturalhealth.com,Leads-Search-1,22767146837,CAMPAIGN_CRITERION,CREATE,campaign;criterionId;keyword.matchType;keyword.text;negative;resourceName,"Created campaign criterion ""Leads-Search-1"""
google_ads,2026-09-07 12:27:49.180287,drjake@pankanaturalhealth.com,Leads-Search-1,22767146837,CAMPAIGN_CRITERION,CREATE,campaign;criterionId;keyword.matchType;keyword.text;negative;resourceName,"Created campaign criterion ""Leads-Search-1"""
google_ads,2026-09-07 12:24:57.620207,drjake@pankanaturalhealth.com,Leads-Search-1,22767146837,CAMPAIGN_CRITERION,CREATE,campaign;criterionId;keyword.matchType;keyword.text;negative;resourceName,"Created campaign criterion ""Leads-Search-1"""
google_ads,2026-09-07 12:24:57.620207,drjake@pankanaturalhealth.com,Leads-Search-1,22767146837,CAMPAIGN_CRITERION,CREATE,campaign;criterionId;keyword.matchType;keyword.text;negative;resourceName,"Created campaign criterion ""Leads-Search-1"""
google_ads,2026-09-07 12:24:57.620207,drjake@pankanaturalhealth.com,Leads-Search-1,22767146837,CAMPAIGN_CRITERION,CREATE,campaign;criterionId;keyword.matchType;keyword.text;negative;resourceName,"Created campaign criterion ""Leads-Search-1"""
google_ads,2026-09-07 12:23:59.689631,drjake@pankanaturalhealth.com,Leads-Search-1,22767146837,CAMPAIGN_CRITERION,CREATE,campaign;criterionId;keyword.matchType;keyword.text;negative;resourceName,"Created campaign criterion ""Leads-Search-1"""
google_ads,2026-09-07 12:23:59.689631,drjake@pankanaturalhealth.com,Leads-Search-1,22767146837,CAMPAIGN_CRITERION,CREATE,campaign;criterionId;keyword.matchType;keyword.text;negative;resourceName,"Created campaign criterion ""Leads-Search-1"""
google_ads,2026-09-07 12:23:35.458015,drjake@pankanaturalhealth.com,Leads-Search-1,22767146837,CAMPAIGN_CRITERION,CREATE,campaign;criterionId;keyword.matchType;keyword.text;negative;resourceName,"Created campaign criterion ""Leads-Search-1"""
google_ads,2026-09-07 12:23:35.458015,drjake@pankanaturalhealth.com,Leads-Search-1,22767146837,CAMPAIGN_CRITERION,CREATE,campaign;criterionId;keyword.matchType;keyword.text;negative;resourceName,"Created campaign criterion ""Leads-Search-1"""
google_ads,2026-09-07 12:22:35.203407,drjake@pankanaturalhealth.com,Leads-Search-1,22767146837,CAMPAIGN_CRITERION,CREATE,campaign;criterionId;keyword.matchType;keyword.text;negative;resourceName,"Created campaign criterion ""Leads-Search-1"""
google_ads,2026-09-07 12:22:35.203407,drjake@pankanaturalhealth.com,Leads-Search-1,22767146837,CAMPAIGN_CRITERION,CREATE,campaign;criterionId;keyword.matchType;keyword.text;negative;resourceName,"Created campaign criterion ""Leads-Search-1"""
google_ads,2026-09-07 12:22:35.203407,drjake@pankanaturalhealth.com,Leads-Search-1,22767146837,CAMPAIGN_CRITERION,CREATE,campaign;criterionId;keyword.matchType;keyword.text;negative;resourceName,"Created campaign criterion ""Leads-Search-1"""
google_ads,2026-09-07 12:22:35.203407,drjake@pankanaturalhealth.com,Leads-Search-1,22767146837,CAMPAIGN_CRITERION,CREATE,campaign;criterionId;keyword.matchType;keyword.text;negative;resourceName,"Created campaign criterion ""Leads-Search-1"""
google_ads,2026-09-07 12:22:35.203407,drjake@pankanaturalhealth.com,Leads-Search-1,22767146837,CAMPAIGN_CRITERION,CREATE,campaign;criterionId;keyword.matchType;keyword.text;negative;resourceName,"Created campaign criterion ""Leads-Search-1"""
google_ads,2026-09-07 12:21:59.496415,drjake@pankanaturalhealth.com,Leads-Search-1,22767146837,CAMPAIGN_CRITERION,CREATE,campaign;criterionId;keyword.matchType;keyword.text;negative;resourceName,"Created campaign criterion ""Leads-Search-1"""
google_ads,2026-09-07 12:21:59.496415,drjake@pankanaturalhealth.com,Leads-Search-1,22767146837,CAMPAIGN_CRITERION,CREATE,campaign;criterionId;keyword.matchType;keyword.text;negative;resourceName,"Created campaign criterion ""Leads-Search-1"""
google_ads,2026-09-07 12:21:59.496415,drjake@pankanaturalhealth.com,Leads-Search-1,22767146837,CAMPAIGN_CRITERION,CREATE,campaign;criterionId;keyword.matchType;keyword.text;negative;resourceName,"Created campaign criterion ""Leads-Search-1"""
google_ads,2026-09-07 12:21:59.496415,drjake@pankanaturalhealth.com,Leads-Search-1,22767146837,CAMPAIGN_CRITERION,CREATE,campaign;criterionId;keyword.matchType;keyword.text;negative;resourceName,"Created campaign criterion ""Leads-Search-1"""
google_ads,2026-09-05 10:41:56.374607,pankanaturalhealth@gmail.com,Leads-Search-1,22767146837,CAMPAIGN_BUDGET,UPDATE,amountMicros,"Updated campaign budget ""Leads-Search-1""; changed: amountmicros"
google_ads,2026-09-01 15:10:35.618255,drjake@pankanaturalhealth.com,Leads-Search-1,22767146837,CAMPAIGN_CRITERION,REMOVE,campaign;criterionId;keyword.matchType;keyword.text;negative;resourceName;status,"Removed campaign criterion ""Leads-Search-1""; changed: campaign, criterionid, matchtype, text, negative, resourcename, status"
google_ads,2026-09-01 15:10:35.618255,drjake@pankanaturalhealth.com,Leads-Search-1,22767146837,CAMPAIGN_CRITERION,CREATE,campaign;criterionId;keyword.matchType;keyword.text;negative;resourceName,"Created campaign criterion ""Leads-Search-1"""
google_ads,2026-09-01 15:10:29.725903,drjake@pankanaturalhealth.com,Leads-Search-1,22767146837,CAMPAIGN_CRITERION,REMOVE,campaign;criterionId;keyword.matchType;keyword.text;negative;resourceName;status,"Removed campaign criterion ""Leads-Search-1""; changed: campaign, criterionid, matchtype, text, negative, resourcename, status"
google_ads,2026-09-01 15:10:29.725903,drjake@pankanaturalhealth.com,Leads-Search-1,22767146837,CAMPAIGN_CRITERION,CREATE,campaign;criterionId;keyword.matchType;keyword.text;negative;resourceName,"Created campaign criterion ""Leads-Search-1"""
google_ads,2026-09-01 15:10:25.858159,drjake@pankanaturalhealth.com,Leads-Search-1,22767146837,CAMPAIGN_CRITERION,REMOVE,campaign;criterionId;keyword.matchType;keyword.text;negative;resourceName;status,"Removed campaign criterion ""Leads-Search-1""; changed: campaign, criterionid, matchtype, text, negative, resourcename, status"
google_ads,2026-09-01 15:10:25.858159,drjake@pankanaturalhealth.com,Leads-Search-1,22767146837,CAMPAIGN_CRITERION,CREATE,campaign;criterionId;keyword.matchType;keyword.text;negative;resourceName,"Created campaign criterion ""Leads-Search-1"""
google_ads,2026-09-01 15:10:21.497183,drjake@pankanaturalhealth.com,Leads-Search-1,22767146837,CAMPAIGN_CRITERION,REMOVE,campaign;criterionId;keyword.matchType;keyword.text;negative;resourceName;status,"Removed campaign criterion ""Leads-Search-1""; changed: campaign, criterionid, matchtype, text, negative, resourcename, status"
google_ads,2026-09-01 15:10:21.497183,drjake@pankanaturalhealth.com,Leads-Search-1,22767146837,CAMPAIGN_CRITERION,CREATE,campaign;criterionId;keyword.matchType;keyword.text;negative;resourceName,"Created campaign criterion ""Leads-Search-1"""
google_ads,2026-09-01 15:10:09.678607,drjake@pankanaturalhealth.com,Leads-Search-1,22767146837,CAMPAIGN_CRITERION,REMOVE,campaign;criterionId;keyword.matchType;keyword.text;negative;resourceName;status,"Removed campaign criterion ""Leads-Search-1""; changed: campaign, criterionid, matchtype, text, negative, resourcename, status"
google_ads,2026-09-01 15:10:09.678607,drjake@pankanaturalhealth.com,Leads-Search-1,22767146837,CAMPAIGN_CRITERION,CREATE,campaign;criterionId;keyword.matchType;keyword.text;negative;resourceName,"Created campaign criterion ""Leads-Search-1"""
google_ads,2026-09-01 15:10:03.092831,drjake@pankanaturalhealth.com,Leads-Search-1,22767146837,CAMPAIGN_CRITERION,REMOVE,campaign;criterionId;keyword.matchType;keyword.text;negative;resourceName;status,"Removed campaign criterion ""Leads-Search-1""; changed: campaign, criterionid, matchtype, text, negative, resourcename, status"
google_ads,2026-09-01 15:10:03.092831,drjake@pankanaturalhealth.com,Leads-Search-1,22767146837,CAMPAIGN_CRITERION,CREATE,campaign;criterionId;keyword.matchType;keyword.text;negative;resourceName,"Created campaign criterion ""Leads-Search-1"""
google_ads,2026-09-01 15:09:58.633167,drjake@pankanaturalhealth.com,Leads-Search-1,22767146837,CAMPAIGN_CRITERION,REMOVE,campaign;criterionId;keyword.matchType;keyword.text;negative;resourceName;status,"Removed campaign criterion ""Leads-Search-1""; changed: campaign, criterionid, matchtype, text, negative, resourcename, status"
google_ads,2026-09-01 15:09:58.633167,drjake@pankanaturalhealth.com,Leads-Search-1,22767146837,CAMPAIGN_CRITERION,CREATE,campaign;criterionId;keyword.matchType;keyword.text;negative;resourceName,"Created campaign criterion ""Leads-Search-1"""
google_ads,2026-09-01 15:09:55.039055,drjake@pankanaturalhealth.com,Leads-Search-1,22767146837,CAMPAIGN_CRITERION,REMOVE,campaign;criterionId;keyword.matchType;keyword.text;negative;resourceName;status,"Removed campaign criterion ""Leads-Search-1""; changed: campaign, criterionid, matchtype, text, negative, resourcename, status"
google_ads,2026-09-01 15:09:55.039055,drjake@pankanaturalhealth.com,Leads-Search-1,22767146837,CAMPAIGN_CRITERION,CREATE,campaign;criterionId;keyword.matchType;keyword.text;negative;resourceName,"Created campaign criterion ""Leads-Search-1"""
google_ads,2026-09-01 15:09:51.572015,drjake@pankanaturalhealth.com,Leads-Search-1,22767146837,CAMPAIGN_CRITERION,REMOVE,campaign;criterionId;keyword.matchType;keyword.text;negative;resourceName;status,"Removed campaign criterion ""Leads-Search-1""; changed: campaign, criterionid, matchtype, text, negative, resourcename, status"
google_ads,2026-09-01 15:09:51.572015,drjake@pankanaturalhealth.com,Leads-Search-1,22767146837,CAMPAIGN_CRITERION,CREATE,campaign;criterionId;keyword.matchType;keyword.text;negative;resourceName,"Created campaign criterion ""Leads-Search-1"""
google_ads,2026-09-01 15:09:47.680527,drjake@pankanaturalhealth.com,Leads-Search-1,22767146837,CAMPAIGN_CRITERION,REMOVE,campaign;criterionId;keyword.matchType;keyword.text;negative;resourceName;status,"Removed campaign criterion ""Leads-Search-1""; changed: campaign, criterionid, matchtype, text, negative, resourcename, status"
google_ads,2026-09-01 15:09:47.680527,drjake@pankanaturalhealth.com,Leads-Search-1,22767146837,CAMPAIGN_CRITERION,CREATE,campaign;criterionId;keyword.matchType;keyword.text;negative;resourceName,"Created campaign criterion ""Leads-Search-1"""
google_ads,2026-09-01 15:09:42.423887,drjake@pankanaturalhealth.com,Leads-Search-1,22767146837,CAMPAIGN_CRITERION,REMOVE,campaign;criterionId;keyword.matchType;keyword.text;negative;resourceName;status,"Removed campaign criterion ""Leads-Search-1""; changed: campaign, criterionid, matchtype, text, negative, resourcename, status"
google_ads,2026-09-01 15:09:42.423887,drjake@pankanaturalhealth.com,Leads-Search-1,22767146837,CAMPAIGN_CRITERION,CREATE,campaign;criterionId;keyword.matchType;keyword.text;negative;resourceName,"Created campaign criterion ""Leads-Search-1"""
google_ads,2026-09-01 15:09:38.382063,drjake@pankanaturalhealth.com,Leads-Search-1,22767146837,CAMPAIGN_CRITERION,REMOVE,campaign;criterionId;keyword.matchType;keyword.text;negative;resourceName;status,"Removed campaign criterion ""Leads-Search-1""; changed: campaign, criterionid, matchtype, text, negative, resourcename, status"
google_ads,2026-09-01 15:09:38.382063,drjake@pankanaturalhealth.com,Leads-Search-1,22767146837,CAMPAIGN_CRITERION,CREATE,campaign;criterionId;keyword.matchType;keyword.text;negative;resourceName,"Created campaign criterion ""Leads-Search-1"""
google_ads,2026-09-01 15:09:34.783791,drjake@pankanaturalhealth.com,Leads-Search-1,22767146837,CAMPAIGN_CRITERION,REMOVE,campaign;criterionId;keyword.matchType;keyword.text;negative;resourceName;status,"Removed campaign criterion ""Leads-Search-1""; changed: campaign, criterionid, matchtype, text, negative, resourcename, status"
google_ads,2026-09-01 15:09:34.783791,drjake@pankanaturalhealth.com,Leads-Search-1,22767146837,CAMPAIGN_CRITERION,CREATE,campaign;criterionId;keyword.matchType;keyword.text;negative;resourceName,"Created campaign criterion ""Leads-Search-1"""
google_ads,2026-09-01 15:09:28.387183,drjake@pankanaturalhealth.com,Leads-Search-1,22767146837,CAMPAIGN_CRITERION,REMOVE,campaign;criterionId;keyword.matchType;keyword.text;negative;resourceName;status,"Removed campaign criterion ""Leads-Search-1""; changed: campaign, criterionid, matchtype, text, negative, resourcename, status"
google_ads,2026-09-01 15:09:28.387183,drjake@pankanaturalhealth.com,Leads-Search-1,22767146837,CAMPAIGN_CRITERION,CREATE,campaign;criterionId;keyword.matchType;keyword.text;negative;resourceName,"Created campaign criterion ""Leads-Search-1"""
google_ads,2026-09-01 15:09:23.352959,drjake@pankanaturalhealth.com,Leads-Search-1,22767146837,CAMPAIGN_CRITERION,REMOVE,campaign;criterionId;keyword.matchType;keyword.text;negative;resourceName;status,"Removed campaign criterion ""Leads-Search-1""; changed: campaign, criterionid, matchtype, text, negative, resourcename, status"
google_ads,2026-09-01 15:09:23.352959,drjake@pankanaturalhealth.com,Leads-Search-1,22767146837,CAMPAIGN_CRITERION,CREATE,campaign;criterionId;keyword.matchType;keyword.text;negative;resourceName,"Created campaign criterion ""Leads-Search-1"""
google_ads,2026-09-01 15:09:18.453039,drjake@pankanaturalhealth.com,Leads-Search-1,22767146837,CAMPAIGN_CRITERION,REMOVE,campaign;criterionId;keyword.matchType;keyword.text;negative;resourceName;status,"Removed campaign criterion ""Leads-Search-1""; changed: campaign, criterionid, matchtype, text, negative, resourcename, status"
google_ads,2026-09-01 15:09:18.453039,drjake@pankanaturalhealth.com,Leads-Search-1,22767146837,CAMPAIGN_CRITERION,CREATE,campaign;criterionId;keyword.matchType;keyword.text;negative;resourceName,"Created campaign criterion ""Leads-Search-1"""
google_ads,2026-09-01 15:09:14.825535,drjake@pankanaturalhealth.com,Leads-Search-1,22767146837,CAMPAIGN_CRITERION,REMOVE,campaign;criterionId;keyword.matchType;keyword.text;negative;resourceName;status,"Removed campaign criterion ""Leads-Search-1""; changed: campaign, criterionid, matchtype, text, negative, resourcename, status"
google_ads,2026-09-01 15:09:14.825535,drjake@pankanaturalhealth.com,Leads-Search-1,22767146837,CAMPAIGN_CRITERION,CREATE,campaign;criterionId;keyword.matchType;keyword.text;negative;resourceName,"Created campaign criterion ""Leads-Search-1"""
google_ads,2026-09-01 15:09:10.069471,drjake@pankanaturalhealth.com,Leads-Search-1,22767146837,CAMPAIGN_CRITERION,REMOVE,campaign;criterionId;keyword.matchType;keyword.text;negative;resourceName;status,"Removed campaign criterion ""Leads-Search-1""; changed: campaign, criterionid, matchtype, text, negative, resourcename, status"
google_ads,2026-09-01 15:09:10.069471,drjake@pankanaturalhealth.com,Leads-Search-1,22767146837,CAMPAIGN_CRITERION,CREATE,campaign;criterionId;keyword.matchType;keyword.text;negative;resourceName,"Created campaign criterion ""Leads-Search-1"""
google_ads,2026-09-01 15:09:05.569711,drjake@pankanaturalhealth.com,Leads-Search-1,22767146837,CAMPAIGN_CRITERION,REMOVE,campaign;criterionId;keyword.matchType;keyword.text;negative;resourceName;status,"Removed campaign criterion ""Leads-Search-1""; changed: campaign, criterionid, matchtype, text, negative, resourcename, status"
google_ads,2026-09-01 15:09:05.569711,drjake@pankanaturalhealth.com,Leads-Search-1,22767146837,CAMPAIGN_CRITERION,CREATE,campaign;criterionId;keyword.matchType;keyword.text;negative;resourceName,"Created campaign criterion ""Leads-Search-1"""
google_ads,2026-09-01 15:08:56.954287,drjake@pankanaturalhealth.com,Leads-Search-1,22767146837,CAMPAIGN_CRITERION,REMOVE,campaign;criterionId;keyword.matchType;keyword.text;negative;resourceName;status,"Removed campaign criterion ""Leads-Search-1""; changed: campaign, criterionid, matchtype, text, negative, resourcename, status"
google_ads,2026-09-01 15:08:56.954287,drjake@pankanaturalhealth.com,Leads-Search-1,22767146837,CAMPAIGN_CRITERION,CREATE,campaign;criterionId;keyword.matchType;keyword.text;negative;resourceName,"Created campaign criterion ""Leads-Search-1"""
google_ads,2026-09-01 15:08:51.749679,drjake@pankanaturalhealth.com,Leads-Search-1,22767146837,CAMPAIGN_CRITERION,REMOVE,campaign;criterionId;keyword.matchType;keyword.text;negative;resourceName;status,"Removed campaign criterion ""Leads-Search-1""; changed: campaign, criterionid, matchtype, text, negative, resourcename, status"
google_ads,2026-09-01 15:08:51.749679,drjake@pankanaturalhealth.com,Leads-Search-1,22767146837,CAMPAIGN_CRITERION,CREATE,campaign;criterionId;keyword.matchType;keyword.text;negative;resourceName,"Created campaign criterion ""Leads-Search-1"""
google_ads,2026-09-01 15:08:46.934575,drjake@pankanaturalhealth.com,Leads-Search-1,22767146837,CAMPAIGN_CRITERION,REMOVE,campaign;criterionId;keyword.matchType;keyword.text;negative;resourceName;status,"Removed campaign criterion ""Leads-Search-1""; changed: campaign, criterionid, matchtype, text, negative, resourcename, status"
google_ads,2026-09-01 15:08:46.934575,drjake@pankanaturalhealth.com,Leads-Search-1,22767146837,CAMPAIGN_CRITERION,CREATE,campaign;criterionId;keyword.matchType;keyword.text;negative;resourceName,"Created campaign criterion ""Leads-Search-1"""
google_ads,2026-09-01 15:08:41.029423,drjake@pankanaturalhealth.com,Leads-Search-1,22767146837,CAMPAIGN_CRITERION,REMOVE,campaign;criterionId;keyword.matchType;keyword.text;negative;resourceName;status,"Removed campaign criterion ""Leads-Search-1""; changed: campaign, criterionid, matchtype, text, negative, resourcename, status"
google_ads,2026-09-01 15:08:41.029423,drjake@pankanaturalhealth.com,Leads-Search-1,22767146837,CAMPAIGN_CRITERION,CREATE,campaign;criterionId;keyword.matchType;keyword.text;negative;resourceName,"Created campaign criterion ""Leads-Search-1"""
google_ads,2026-09-01 15:08:35.043967,drjake@pankanaturalhealth.com,Leads-Search-1,22767146837,CAMPAIGN_CRITERION,REMOVE,campaign;criterionId;keyword.matchType;keyword.text;negative;resourceName;status,"Removed campaign criterion ""Leads-Search-1""; changed: campaign, criterionid, matchtype, text, negative, resourcename, status"
google_ads,2026-09-01 15:08:35.043967,drjake@pankanaturalhealth.com,Leads-Search-1,22767146837,CAMPAIGN_CRITERION,CREATE,campaign;criterionId;keyword.matchType;keyword.text;negative;resourceName,"Created campaign criterion ""Leads-Search-1"""
google_ads,2026-09-01 15:08:30.702767,drjake@pankanaturalhealth.com,Leads-Search-1,22767146837,CAMPAIGN_CRITERION,REMOVE,campaign;criterionId;keyword.matchType;keyword.text;negative;resourceName;status,"Removed campaign criterion ""Leads-Search-1""; changed: campaign, criterionid, matchtype, text, negative, resourcename, status"
google_ads,2026-09-01 15:08:30.702767,drjake@pankanaturalhealth.com,Leads-Search-1,22767146837,CAMPAIGN_CRITERION,CREATE,campaign;criterionId;keyword.matchType;keyword.text;negative;resourceName,"Created campaign criterion ""Leads-Search-1"""
google_ads,2026-09-01 15:08:26.190575,drjake@pankanaturalhealth.com,Leads-Search-1,22767146837,CAMPAIGN_CRITERION,REMOVE,campaign;criterionId;keyword.matchType;keyword.text;negative;resourceName;status,"Removed campaign criterion ""Leads-Search-1""; changed: campaign, criterionid, matchtype, text, negative, resourcename, status"
google_ads,2026-09-01 15:08:26.190575,drjake@pankanaturalhealth.com,Leads-Search-1,22767146837,CAMPAIGN_CRITERION,CREATE,campaign;criterionId;keyword.matchType;keyword.text;negative;resourceName,"Created campaign criterion ""Leads-Search-1"""
google_ads,2026-09-01 15:08:22.223839,drjake@pankanaturalhealth.com,Leads-Search-1,22767146837,CAMPAIGN_CRITERION,REMOVE,campaign;criterionId;keyword.matchType;keyword.text;negative;resourceName;status,"Removed campaign criterion ""Leads-Search-1""; changed: campaign, criterionid, matchtype, text, negative, resourcename, status"
google_ads,2026-09-01 15:08:22.223839,drjake@pankanaturalhealth.com,Leads-Search-1,22767146837,CAMPAIGN_CRITERION,CREATE,campaign;criterionId;keyword.matchType;keyword.text;negative;resourceName,"Created campaign criterion ""Leads-Search-1"""
google_ads,2026-09-01 15:08:16.136991,drjake@pankanaturalhealth.com,Leads-Search-1,22767146837,CAMPAIGN_CRITERION,REMOVE,campaign;criterionId;keyword.matchType;keyword.text;negative;resourceName;status,"Removed campaign criterion ""Leads-Search-1""; changed: campaign, criterionid, matchtype, text, negative, resourcename, status"
google_ads,2026-09-01 15:08:16.136991,drjake@pankanaturalhealth.com,Leads-Search-1,22767146837,CAMPAIGN_CRITERION,CREATE,campaign;criterionId;keyword.matchType;keyword.text;negative;resourceName,"Created campaign criterion ""Leads-Search-1"""
google_ads,2026-09-01 15:08:12.649199,drjake@pankanaturalhealth.com,Leads-Search-1,22767146837,CAMPAIGN_CRITERION,REMOVE,campaign;criterionId;keyword.matchType;keyword.text;negative;resourceName;status,"Removed campaign criterion ""Leads-Search-1""; changed: campaign, criterionid, matchtype, text, negative, resourcename, status"
google_ads,2026-09-01 15:08:12.649199,drjake@pankanaturalhealth.com,Leads-Search-1,22767146837,CAMPAIGN_CRITERION,CREATE,campaign;criterionId;keyword.matchType;keyword.text;negative;resourceName,"Created campaign criterion ""Leads-Search-1"""
google_ads,2026-09-01 15:08:08.841023,drjake@pankanaturalhealth.com,Leads-Search-1,22767146837,CAMPAIGN_CRITERION,REMOVE,campaign;criterionId;keyword.matchType;keyword.text;negative;resourceName;status,"Removed campaign criterion ""Leads-Search-1""; changed: campaign, criterionid, matchtype, text, negative, resourcename, status"
google_ads,2026-09-01 15:08:08.841023,drjake@pankanaturalhealth.com,Leads-Search-1,22767146837,CAMPAIGN_CRITERION,CREATE,campaign;criterionId;keyword.matchType;keyword.text;negative;resourceName,"Created campaign criterion ""Leads-Search-1"""
google_ads,2026-09-01 15:08:03.848559,drjake@pankanaturalhealth.com,Leads-Search-1,22767146837,CAMPAIGN_CRITERION,REMOVE,campaign;criterionId;keyword.matchType;keyword.text;negative;resourceName;status,"Removed campaign criterion ""Leads-Search-1""; changed: campaign, criterionid, matchtype, text, negative, resourcename, status"
google_ads,2026-09-01 15:08:03.848559,drjake@pankanaturalhealth.com,Leads-Search-1,22767146837,CAMPAIGN_CRITERION,CREATE,campaign;criterionId;keyword.matchType;keyword.text;negative;resourceName,"Created campaign criterion ""Leads-Search-1"""
google_ads,2026-09-01 15:08:00.050351,drjake@pankanaturalhealth.com,Leads-Search-1,22767146837,CAMPAIGN_CRITERION,REMOVE,campaign;criterionId;keyword.matchType;keyword.text;negative;resourceName;status,"Removed campaign criterion ""Leads-Search-1""; changed: campaign, criterionid, matchtype, text, negative, resourcename, status"
google_ads,2026-09-01 15:08:00.050351,drjake@pankanaturalhealth.com,Leads-Search-1,22767146837,CAMPAIGN_CRITERION,CREATE,campaign;criterionId;keyword.matchType;keyword.text;negative;resourceName,"Created campaign criterion ""Leads-Search-1"""
google_ads,2026-09-01 15:07:52.859007,drjake@pankanaturalhealth.com,Leads-Search-1,22767146837,CAMPAIGN_CRITERION,REMOVE,campaign;criterionId;keyword.matchType;keyword.text;negative;resourceName;status,"Removed campaign criterion ""Leads-Search-1""; changed: campaign, criterionid, matchtype, text, negative, resourcename, status"
google_ads,2026-09-01 15:07:52.859007,drjake@pankanaturalhealth.com,Leads-Search-1,22767146837,CAMPAIGN_CRITERION,CREATE,campaign;criterionId;keyword.matchType;keyword.text;negative;resourceName,"Created campaign criterion ""Leads-Search-1"""
google_ads,2026-09-01 15:07:47.366559,drjake@pankanaturalhealth.com,Leads-Search-1,22767146837,CAMPAIGN_CRITERION,REMOVE,campaign;criterionId;keyword.matchType;keyword.text;negative;resourceName;status,"Removed campaign criterion ""Leads-Search-1""; changed: campaign, criterionid, matchtype, text, negative, resourcename, status"
google_ads,2026-09-01 15:07:47.366559,drjake@pankanaturalhealth.com,Leads-Search-1,22767146837,CAMPAIGN_CRITERION,CREATE,campaign;criterionId;keyword.matchType;keyword.text;negative;resourceName,"Created campaign criterion ""Leads-Search-1"""
google_ads,2026-09-01 15:07:41.657423,drjake@pankanaturalhealth.com,Leads-Search-1,22767146837,CAMPAIGN_CRITERION,REMOVE,campaign;criterionId;keyword.matchType;keyword.text;negative;resourceName;status,"Removed campaign criterion ""Leads-Search-1""; changed: campaign, criterionid, matchtype, text, negative, resourcename, status"
google_ads,2026-09-01 15:07:41.657423,drjake@pankanaturalhealth.com,Leads-Search-1,22767146837,CAMPAIGN_CRITERION,CREATE,campaign;criterionId;keyword.matchType;keyword.text;negative;resourceName,"Created campaign criterion ""Leads-Search-1"""
google_ads,2026-09-01 15:07:36.466159,drjake@pankanaturalhealth.com,Leads-Search-1,22767146837,CAMPAIGN_CRITERION,REMOVE,campaign;criterionId;keyword.matchType;keyword.text;negative;resourceName;status,"Removed campaign criterion ""Leads-Search-1""; changed: campaign, criterionid, matchtype, text, negative, resourcename, status"
google_ads,2026-09-01 15:07:32.032223,drjake@pankanaturalhealth.com,Leads-Search-1,22767146837,CAMPAIGN_CRITERION,REMOVE,campaign;criterionId;keyword.matchType;keyword.text;negative;resourceName;status,"Removed campaign criterion ""Leads-Search-1""; changed: campaign, criterionid, matchtype, text, negative, resourcename, status"
google_ads,2026-09-01 15:07:32.032223,drjake@pankanaturalhealth.com,Leads-Search-1,22767146837,CAMPAIGN_CRITERION,CREATE,campaign;criterionId;keyword.matchType;keyword.text;negative;resourceName,"Created campaign criterion ""Leads-Search-1"""
google_ads,2026-09-01 15:07:26.569039,drjake@pankanaturalhealth.com,Leads-Search-1,22767146837,CAMPAIGN_CRITERION,REMOVE,campaign;criterionId;keyword.matchType;keyword.text;negative;resourceName;status,"Removed campaign criterion ""Leads-Search-1""; changed: campaign, criterionid, matchtype, text, negative, resourcename, status"
google_ads,2026-09-01 15:07:26.569039,drjake@pankanaturalhealth.com,Leads-Search-1,22767146837,CAMPAIGN_CRITERION,CREATE,campaign;criterionId;keyword.matchType;keyword.text;negative;resourceName,"Created campaign criterion ""Leads-Search-1"""
google_ads,2026-09-01 15:07:22.102223,drjake@pankanaturalhealth.com,Leads-Search-1,22767146837,CAMPAIGN_CRITERION,REMOVE,campaign;criterionId;keyword.matchType;keyword.text;negative;resourceName;status,"Removed campaign criterion ""Leads-Search-1""; changed: campaign, criterionid, matchtype, text, negative, resourcename, status"
google_ads,2026-09-01 15:07:22.102223,drjake@pankanaturalhealth.com,Leads-Search-1,22767146837,CAMPAIGN_CRITERION,CREATE,campaign;criterionId;keyword.matchType;keyword.text;negative;resourceName,"Created campaign criterion ""Leads-Search-1"""
google_ads,2026-09-01 15:07:18.319871,drjake@pankanaturalhealth.com,Leads-Search-1,22767146837,CAMPAIGN_CRITERION,REMOVE,campaign;criterionId;keyword.matchType;keyword.text;negative;resourceName;status,"Removed campaign criterion ""Leads-Search-1""; changed: campaign, criterionid, matchtype, text, negative, resourcename, status"
google_ads,2026-09-01 15:07:18.319871,drjake@pankanaturalhealth.com,Leads-Search-1,22767146837,CAMPAIGN_CRITERION,CREATE,campaign;criterionId;keyword.matchType;keyword.text;negative;resourceName,"Created campaign criterion ""Leads-Search-1"""
google_ads,2026-09-01 15:07:14.687743,drjake@pankanaturalhealth.com,Leads-Search-1,22767146837,CAMPAIGN_CRITERION,REMOVE,campaign;criterionId;keyword.matchType;keyword.text;negative;resourceName;status,"Removed campaign criterion ""Leads-Search-1""; changed: campaign, criterionid, matchtype, text, negative, resourcename, status"
google_ads,2026-09-01 15:07:14.687743,drjake@pankanaturalhealth.com,Leads-Search-1,22767146837,CAMPAIGN_CRITERION,CREATE,campaign;criterionId;keyword.matchType;keyword.text;negative;resourceName,"Created campaign criterion ""Leads-Search-1"""
google_ads,2026-09-01 15:07:09.691743,drjake@pankanaturalhealth.com,Leads-Search-1,22767146837,CAMPAIGN_CRITERION,REMOVE,campaign;criterionId;keyword.matchType;keyword.text;negative;resourceName;status,"Removed campaign criterion ""Leads-Search-1""; changed: campaign, criterionid, matchtype, text, negative, resourcename, status"
google_ads,2026-09-01 15:07:09.691743,drjake@pankanaturalhealth.com,Leads-Search-1,22767146837,CAMPAIGN_CRITERION,CREATE,campaign;criterionId;keyword.matchType;keyword.text;negative;resourceName,"Created campaign criterion ""Leads-Search-1"""
google_ads,2026-09-01 15:07:05.906175,drjake@pankanaturalhealth.com,Leads-Search-1,22767146837,CAMPAIGN_CRITERION,REMOVE,campaign;criterionId;keyword.matchType;keyword.text;negative;resourceName;status,"Removed campaign criterion ""Leads-Search-1""; changed: campaign, criterionid, matchtype, text, negative, resourcename, status"
google_ads,2026-09-01 15:07:05.906175,drjake@pankanaturalhealth.com,Leads-Search-1,22767146837,CAMPAIGN_CRITERION,CREATE,campaign;criterionId;keyword.matchType;keyword.text;negative;resourceName,"Created campaign criterion ""Leads-Search-1"""
google_ads,2026-09-01 15:07:01.357999,drjake@pankanaturalhealth.com,Leads-Search-1,22767146837,CAMPAIGN_CRITERION,REMOVE,campaign;criterionId;keyword.matchType;keyword.text;negative;resourceName;status,"Removed campaign criterion ""Leads-Search-1""; changed: campaign, criterionid, matchtype, text, negative, resourcename, status"
google_ads,2026-09-01 15:07:01.357999,drjake@pankanaturalhealth.com,Leads-Search-1,22767146837,CAMPAIGN_CRITERION,CREATE,campaign;criterionId;keyword.matchType;keyword.text;negative;resourceName,"Created campaign criterion ""Leads-Search-1"""
google_ads,2026-09-01 15:06:52.890479,drjake@pankanaturalhealth.com,Leads-Search-1,22767146837,CAMPAIGN_CRITERION,REMOVE,campaign;criterionId;keyword.matchType;keyword.text;negative;resourceName;status,"Removed campaign criterion ""Leads-Search-1""; changed: campaign, criterionid, matchtype, text, negative, resourcename, status"
google_ads,2026-09-01 15:06:52.890479,drjake@pankanaturalhealth.com,Leads-Search-1,22767146837,CAMPAIGN_CRITERION,CREATE,campaign;criterionId;keyword.matchType;keyword.text;negative;resourceName,"Created campaign criterion ""Leads-Search-1"""
google_ads,2026-09-01 15:06:46.773663,drjake@pankanaturalhealth.com,Leads-Search-1,22767146837,CAMPAIGN_CRITERION,REMOVE,campaign;criterionId;keyword.matchType;keyword.text;negative;resourceName;status,"Removed campaign criterion ""Leads-Search-1""; changed: campaign, criterionid, matchtype, text, negative, resourcename, status"
google_ads,2026-09-01 15:06:46.773663,drjake@pankanaturalhealth.com,Leads-Search-1,22767146837,CAMPAIGN_CRITERION,CREATE,campaign;criterionId;keyword.matchType;keyword.text;negative;resourceName,"Created campaign criterion ""Leads-Search-1"""
google_ads,2026-09-01 15:06:41.140575,drjake@pankanaturalhealth.com,Leads-Search-1,22767146837,CAMPAIGN_CRITERION,REMOVE,campaign;criterionId;keyword.matchType;keyword.text;negative;resourceName;status,"Removed campaign criterion ""Leads-Search-1""; changed: campaign, criterionid, matchtype, text, negative, resourcename, status"
google_ads,2026-09-01 15:06:41.140575,drjake@pankanaturalhealth.com,Leads-Search-1,22767146837,CAMPAIGN_CRITERION,CREATE,campaign;criterionId;keyword.matchType;keyword.text;negative;resourceName,"Created campaign criterion ""Leads-Search-1"""
google_ads,2026-09-01 15:06:33.614927,drjake@pankanaturalhealth.com,Leads-Search-1,22767146837,CAMPAIGN_CRITERION,REMOVE,campaign;criterionId;keyword.matchType;keyword.text;negative;resourceName;status,"Removed campaign criterion ""Leads-Search-1""; changed: campaign, criterionid, matchtype, text, negative, resourcename, status"
google_ads,2026-09-01 15:06:33.614927,drjake@pankanaturalhealth.com,Leads-Search-1,22767146837,CAMPAIGN_CRITERION,CREATE,campaign;criterionId;keyword.matchType;keyword.text;negative;resourceName,"Created campaign criterion ""Leads-Search-1"""
google_ads,2026-09-01 15:06:27.619423,drjake@pankanaturalhealth.com,Leads-Search-1,22767146837,CAMPAIGN_CRITERION,REMOVE,campaign;criterionId;keyword.matchType;keyword.text;negative;resourceName;status,"Removed campaign criterion ""Leads-Search-1""; changed: campaign, criterionid, matchtype, text, negative, resourcename, status"
google_ads,2026-09-01 15:06:27.619423,drjake@pankanaturalhealth.com,Leads-Search-1,22767146837,CAMPAIGN_CRITERION,CREATE,campaign;criterionId;keyword.matchType;keyword.text;negative;resourceName,"Created campaign criterion ""Leads-Search-1"""
google_ads,2026-09-01 15:06:22.384239,drjake@pankanaturalhealth.com,Leads-Search-1,22767146837,CAMPAIGN_CRITERION,REMOVE,campaign;criterionId;keyword.matchType;keyword.text;negative;resourceName;status,"Removed campaign criterion ""Leads-Search-1""; changed: campaign, criterionid, matchtype, text, negative, resourcename, status"
google_ads,2026-09-01 15:06:22.384239,drjake@pankanaturalhealth.com,Leads-Search-1,22767146837,CAMPAIGN_CRITERION,CREATE,campaign;criterionId;keyword.matchType;keyword.text;negative;resourceName,"Created campaign criterion ""Leads-Search-1"""
google_ads,2026-09-01 15:06:19.060255,drjake@pankanaturalhealth.com,Leads-Search-1,22767146837,CAMPAIGN_CRITERION,REMOVE,campaign;criterionId;keyword.matchType;keyword.text;negative;resourceName;status,"Removed campaign criterion ""Leads-Search-1""; changed: campaign, criterionid, matchtype, text, negative, resourcename, status"
google_ads,2026-09-01 15:06:19.060255,drjake@pankanaturalhealth.com,Leads-Search-1,22767146837,CAMPAIGN_CRITERION,CREATE,campaign;criterionId;keyword.matchType;keyword.text;negative;resourceName,"Created campaign criterion ""Leads-Search-1"""
google_ads,2026-09-01 15:06:08.166671,drjake@pankanaturalhealth.com,Leads-Search-1,22767146837,CAMPAIGN_CRITERION,REMOVE,campaign;criterionId;keyword.matchType;keyword.text;negative;resourceName;status,"Removed campaign criterion ""Leads-Search-1""; changed: campaign, criterionid, matchtype, text, negative, resourcename, status"
google_ads,2026-09-01 15:06:08.166671,drjake@pankanaturalhealth.com,Leads-Search-1,22767146837,CAMPAIGN_CRITERION,CREATE,campaign;criterionId;keyword.matchType;keyword.text;negative;resourceName,"Created campaign criterion ""Leads-Search-1"""
google_ads,2026-09-01 15:06:00.625391,drjake@pankanaturalhealth.com,Leads-Search-1,22767146837,CAMPAIGN_CRITERION,REMOVE,campaign;criterionId;keyword.matchType;keyword.text;negative;resourceName;status,"Removed campaign criterion ""Leads-Search-1""; changed: campaign, criterionid, matchtype, text, negative, resourcename, status"
google_ads,2026-09-01 15:06:00.625391,drjake@pankanaturalhealth.com,Leads-Search-1,22767146837,CAMPAIGN_CRITERION,CREATE,campaign;criterionId;keyword.matchType;keyword.text;negative;resourceName,"Created campaign criterion ""Leads-Search-1"""
google_ads,2026-09-01 15:05:55.169039,drjake@pankanaturalhealth.com,Leads-Search-1,22767146837,CAMPAIGN_CRITERION,REMOVE,campaign;criterionId;keyword.matchType;keyword.text;negative;resourceName;status,"Removed campaign criterion ""Leads-Search-1""; changed: campaign, criterionid, matchtype, text, negative, resourcename, status"
google_ads,2026-09-01 15:05:55.169039,drjake@pankanaturalhealth.com,Leads-Search-1,22767146837,CAMPAIGN_CRITERION,CREATE,campaign;criterionId;keyword.matchType;keyword.text;negative;resourceName,"Created campaign criterion ""Leads-Search-1"""
google_ads,2026-09-01 15:05:45.059263,drjake@pankanaturalhealth.com,Leads-Search-1,22767146837,CAMPAIGN_CRITERION,REMOVE,campaign;criterionId;keyword.matchType;keyword.text;negative;resourceName;status,"Removed campaign criterion ""Leads-Search-1""; changed: campaign, criterionid, matchtype, text, negative, resourcename, status"
google_ads,2026-09-01 15:05:45.059263,drjake@pankanaturalhealth.com,Leads-Search-1,22767146837,CAMPAIGN_CRITERION,CREATE,campaign;criterionId;keyword.matchType;keyword.text;negative;resourceName,"Created campaign criterion ""Leads-Search-1"""
google_ads,2026-09-01 15:05:38.854799,drjake@pankanaturalhealth.com,Leads-Search-1,22767146837,CAMPAIGN_CRITERION,REMOVE,campaign;criterionId;keyword.matchType;keyword.text;negative;resourceName;status,"Removed campaign criterion ""Leads-Search-1""; changed: campaign, criterionid, matchtype, text, negative, resourcename, status"
google_ads,2026-09-01 15:05:38.854799,drjake@pankanaturalhealth.com,Leads-Search-1,22767146837,CAMPAIGN_CRITERION,CREATE,campaign;criterionId;keyword.matchType;keyword.text;negative;resourceName,"Created campaign criterion ""Leads-Search-1"""
google_ads,2026-09-01 15:05:31.489199,drjake@pankanaturalhealth.com,Leads-Search-1,22767146837,CAMPAIGN_CRITERION,REMOVE,campaign;criterionId;keyword.matchType;keyword.text;negative;resourceName;status,"Removed campaign criterion ""Leads-Search-1""; changed: campaign, criterionid, matchtype, text, negative, resourcename, status"
google_ads,2026-09-01 15:05:31.489199,drjake@pankanaturalhealth.com,Leads-Search-1,22767146837,CAMPAIGN_CRITERION,CREATE,campaign;criterionId;keyword.matchType;keyword.text;negative;resourceName,"Created campaign criterion ""Leads-Search-1"""
google_ads,2026-09-01 15:05:26.932927,drjake@pankanaturalhealth.com,Leads-Search-1,22767146837,CAMPAIGN_CRITERION,REMOVE,campaign;criterionId;keyword.matchType;keyword.text;negative;resourceName;status,"Removed campaign criterion ""Leads-Search-1""; changed: campaign, criterionid, matchtype, text, negative, resourcename, status"
google_ads,2026-09-01 15:05:26.932927,drjake@pankanaturalhealth.com,Leads-Search-1,22767146837,CAMPAIGN_CRITERION,CREATE,campaign;criterionId;keyword.matchType;keyword.text;negative;resourceName,"Created campaign criterion ""Leads-Search-1"""
google_ads,2026-09-01 15:05:19.503663,drjake@pankanaturalhealth.com,Leads-Search-1,22767146837,CAMPAIGN_CRITERION,REMOVE,campaign;criterionId;keyword.matchType;keyword.text;negative;resourceName;status,"Removed campaign criterion ""Leads-Search-1""; changed: campaign, criterionid, matchtype, text, negative, resourcename, status"
google_ads,2026-09-01 15:05:19.503663,drjake@pankanaturalhealth.com,Leads-Search-1,22767146837,CAMPAIGN_CRITERION,CREATE,campaign;criterionId;keyword.matchType;keyword.text;negative;resourceName,"Created campaign criterion ""Leads-Search-1"""
google_ads,2026-09-01 15:05:14.584943,drjake@pankanaturalhealth.com,Leads-Search-1,22767146837,CAMPAIGN_CRITERION,REMOVE,campaign;criterionId;keyword.matchType;keyword.text;negative;resourceName;status,"Removed campaign criterion ""Leads-Search-1""; changed: campaign, criterionid, matchtype, text, negative, resourcename, status"
google_ads,2026-09-01 15:05:14.584943,drjake@pankanaturalhealth.com,Leads-Search-1,22767146837,CAMPAIGN_CRITERION,CREATE,campaign;criterionId;keyword.matchType;keyword.text;negative;resourceName,"Created campaign criterion ""Leads-Search-1"""
google_ads,2026-09-01 15:05:09.472063,drjake@pankanaturalhealth.com,Leads-Search-1,22767146837,CAMPAIGN_CRITERION,REMOVE,campaign;criterionId;keyword.matchType;keyword.text;negative;resourceName;status,"Removed campaign criterion ""Leads-Search-1""; changed: campaign, criterionid, matchtype, text, negative, resourcename, status"
google_ads,2026-09-01 15:05:09.472063,drjake@pankanaturalhealth.com,Leads-Search-1,22767146837,CAMPAIGN_CRITERION,CREATE,campaign;criterionId;keyword.matchType;keyword.text;negative;resourceName,"Created campaign criterion ""Leads-Search-1"""
google_ads,2026-09-01 15:05:03.119487,drjake@pankanaturalhealth.com,Leads-Search-1,22767146837,CAMPAIGN_CRITERION,REMOVE,campaign;criterionId;keyword.matchType;keyword.text;negative;resourceName;status,"Removed campaign criterion ""Leads-Search-1""; changed: campaign, criterionid, matchtype, text, negative, resourcename, status"
google_ads,2026-09-01 15:05:03.119487,drjake@pankanaturalhealth.com,Leads-Search-1,22767146837,CAMPAIGN_CRITERION,CREATE,campaign;criterionId;keyword.matchType;keyword.text;negative;resourceName,"Created campaign criterion ""Leads-Search-1"""
google_ads,2026-09-01 15:04:56.939327,drjake@pankanaturalhealth.com,Leads-Search-1,22767146837,CAMPAIGN_CRITERION,REMOVE,campaign;criterionId;keyword.matchType;keyword.text;negative;resourceName;status,"Removed campaign criterion ""Leads-Search-1""; changed: campaign, criterionid, matchtype, text, negative, resourcename, status"
google_ads,2026-09-01 15:04:50.941103,drjake@pankanaturalhealth.com,Leads-Search-1,22767146837,CAMPAIGN_CRITERION,REMOVE,campaign;criterionId;keyword.matchType;keyword.text;negative;resourceName;status,"Removed campaign criterion ""Leads-Search-1""; changed: campaign, criterionid, matchtype, text, negative, resourcename, status"
google_ads,2026-09-01 15:04:50.941103,drjake@pankanaturalhealth.com,Leads-Search-1,22767146837,CAMPAIGN_CRITERION,CREATE,campaign;criterionId;keyword.matchType;keyword.text;negative;resourceName,"Created campaign criterion ""Leads-Search-1"""
google_ads,2026-09-01 15:04:44.127295,drjake@pankanaturalhealth.com,Leads-Search-1,22767146837,CAMPAIGN_CRITERION,REMOVE,campaign;criterionId;keyword.matchType;keyword.text;negative;resourceName;status,"Removed campaign criterion ""Leads-Search-1""; changed: campaign, criterionid, matchtype, text, negative, resourcename, status"
google_ads,2026-09-01 15:04:44.127295,drjake@pankanaturalhealth.com,Leads-Search-1,22767146837,CAMPAIGN_CRITERION,CREATE,campaign;criterionId;keyword.matchType;keyword.text;negative;resourceName,"Created campaign criterion ""Leads-Search-1"""
google_ads,2026-09-01 15:04:38.760543,drjake@pankanaturalhealth.com,Leads-Search-1,22767146837,CAMPAIGN_CRITERION,REMOVE,campaign;criterionId;keyword.matchType;keyword.text;negative;resourceName;status,"Removed campaign criterion ""Leads-Search-1""; changed: campaign, criterionid, matchtype, text, negative, resourcename, status"
google_ads,2026-09-01 15:04:38.760543,drjake@pankanaturalhealth.com,Leads-Search-1,22767146837,CAMPAIGN_CRITERION,CREATE,campaign;criterionId;keyword.matchType;keyword.text;negative;resourceName,"Created campaign criterion ""Leads-Search-1"""
google_ads,2026-09-01 15:04:31.532015,drjake@pankanaturalhealth.com,Leads-Search-1,22767146837,CAMPAIGN_CRITERION,REMOVE,campaign;criterionId;keyword.matchType;keyword.text;negative;resourceName;status,"Removed campaign criterion ""Leads-Search-1""; changed: campaign, criterionid, matchtype, text, negative, resourcename, status"
google_ads,2026-09-01 15:04:31.532015,drjake@pankanaturalhealth.com,Leads-Search-1,22767146837,CAMPAIGN_CRITERION,CREATE,campaign;criterionId;keyword.matchType;keyword.text;negative;resourceName,"Created campaign criterion ""Leads-Search-1"""
google_ads,2026-09-01 15:04:27.683711,drjake@pankanaturalhealth.com,Leads-Search-1,22767146837,CAMPAIGN_CRITERION,REMOVE,campaign;criterionId;keyword.matchType;keyword.text;negative;resourceName;status,"Removed campaign criterion ""Leads-Search-1""; changed: campaign, criterionid, matchtype, text, negative, resourcename, status"
google_ads,2026-09-01 15:04:27.683711,drjake@pankanaturalhealth.com,Leads-Search-1,22767146837,CAMPAIGN_CRITERION,CREATE,campaign;criterionId;keyword.matchType;keyword.text;negative;resourceName,"Created campaign criterion ""Leads-Search-1"""
google_ads,2026-09-01 15:04:23.043295,drjake@pankanaturalhealth.com,Leads-Search-1,22767146837,CAMPAIGN_CRITERION,REMOVE,campaign;criterionId;keyword.matchType;keyword.text;negative;resourceName;status,"Removed campaign criterion ""Leads-Search-1""; changed: campaign, criterionid, matchtype, text, negative, resourcename, status"
google_ads,2026-09-01 15:04:23.043295,drjake@pankanaturalhealth.com,Leads-Search-1,22767146837,CAMPAIGN_CRITERION,CREATE,campaign;criterionId;keyword.matchType;keyword.text;negative;resourceName,"Created campaign criterion ""Leads-Search-1"""
google_ads,2026-09-01 15:04:19.685455,drjake@pankanaturalhealth.com,Leads-Search-1,22767146837,CAMPAIGN_CRITERION,REMOVE,campaign;criterionId;keyword.matchType;keyword.text;negative;resourceName;status,"Removed campaign criterion ""Leads-Search-1""; changed: campaign, criterionid, matchtype, text, negative, resourcename, status"
google_ads,2026-09-01 15:04:19.685455,drjake@pankanaturalhealth.com,Leads-Search-1,22767146837,CAMPAIGN_CRITERION,CREATE,campaign;criterionId;keyword.matchType;keyword.text;negative;resourceName,"Created campaign criterion ""Leads-Search-1"""
google_ads,2026-09-01 15:04:12.824671,drjake@pankanaturalhealth.com,Leads-Search-1,22767146837,CAMPAIGN_CRITERION,REMOVE,campaign;criterionId;keyword.matchType;keyword.text;negative;resourceName;status,"Removed campaign criterion ""Leads-Search-1""; changed: campaign, criterionid, matchtype, text, negative, resourcename, status"
google_ads,2026-09-01 15:04:12.824671,drjake@pankanaturalhealth.com,Leads-Search-1,22767146837,CAMPAIGN_CRITERION,CREATE,campaign;criterionId;keyword.matchType;keyword.text;negative;resourceName,"Created campaign criterion ""Leads-Search-1"""
google_ads,2026-09-01 15:04:07.837263,drjake@pankanaturalhealth.com,Leads-Search-1,22767146837,CAMPAIGN_CRITERION,REMOVE,campaign;criterionId;keyword.matchType;keyword.text;negative;resourceName;status,"Removed campaign criterion ""Leads-Search-1""; changed: campaign, criterionid, matchtype, text, negative, resourcename, status"
google_ads,2026-09-01 15:04:07.837263,drjake@pankanaturalhealth.com,Leads-Search-1,22767146837,CAMPAIGN_CRITERION,CREATE,campaign;criterionId;keyword.matchType;keyword.text;negative;resourceName,"Created campaign criterion ""Leads-Search-1"""
google_ads,2026-09-01 15:04:01.119855,drjake@pankanaturalhealth.com,Leads-Search-1,22767146837,CAMPAIGN_CRITERION,REMOVE,campaign;criterionId;keyword.matchType;keyword.text;negative;resourceName;status,"Removed campaign criterion ""Leads-Search-1""; changed: campaign, criterionid, matchtype, text, negative, resourcename, status"
google_ads,2026-09-01 15:03:55.032479,drjake@pankanaturalhealth.com,Leads-Search-1,22767146837,CAMPAIGN_CRITERION,REMOVE,campaign;criterionId;keyword.matchType;keyword.text;negative;resourceName;status,"Removed campaign criterion ""Leads-Search-1""; changed: campaign, criterionid, matchtype, text, negative, resourcename, status"
google_ads,2026-09-01 15:03:55.032479,drjake@pankanaturalhealth.com,Leads-Search-1,22767146837,CAMPAIGN_CRITERION,CREATE,campaign;criterionId;keyword.matchType;keyword.text;negative;resourceName,"Created campaign criterion ""Leads-Search-1"""
google_ads,2026-09-01 15:03:50.904527,drjake@pankanaturalhealth.com,Leads-Search-1,22767146837,CAMPAIGN_CRITERION,REMOVE,campaign;criterionId;keyword.matchType;keyword.text;negative;resourceName;status,"Removed campaign criterion ""Leads-Search-1""; changed: campaign, criterionid, matchtype, text, negative, resourcename, status"
google_ads,2026-09-01 15:03:50.904527,drjake@pankanaturalhealth.com,Leads-Search-1,22767146837,CAMPAIGN_CRITERION,CREATE,campaign;criterionId;keyword.matchType;keyword.text;negative;resourceName,"Created campaign criterion ""Leads-Search-1"""
google_ads,2026-09-01 15:03:45.453615,drjake@pankanaturalhealth.com,Leads-Search-1,22767146837,CAMPAIGN_CRITERION,REMOVE,campaign;criterionId;keyword.matchType;keyword.text;negative;resourceName;status,"Removed campaign criterion ""Leads-Search-1""; changed: campaign, criterionid, matchtype, text, negative, resourcename, status"
google_ads,2026-09-01 15:03:45.453615,drjake@pankanaturalhealth.com,Leads-Search-1,22767146837,CAMPAIGN_CRITERION,CREATE,campaign;criterionId;keyword.matchType;keyword.text;negative;resourceName,"Created campaign criterion ""Leads-Search-1"""
google_ads,2026-09-01 15:03:38.913135,drjake@pankanaturalhealth.com,Leads-Search-1,22767146837,CAMPAIGN_CRITERION,REMOVE,campaign;criterionId;keyword.matchType;keyword.text;negative;resourceName;status,"Removed campaign criterion ""Leads-Search-1""; changed: campaign, criterionid, matchtype, text, negative, resourcename, status"
google_ads,2026-09-01 15:03:38.913135,drjake@pankanaturalhealth.com,Leads-Search-1,22767146837,CAMPAIGN_CRITERION,CREATE,campaign;criterionId;keyword.matchType;keyword.text;negative;resourceName,"Created campaign criterion ""Leads-Search-1"""
google_ads,2026-09-01 15:03:34.537359,drjake@pankanaturalhealth.com,Leads-Search-1,22767146837,CAMPAIGN_CRITERION,REMOVE,campaign;criterionId;keyword.matchType;keyword.text;negative;resourceName;status,"Removed campaign criterion ""Leads-Search-1""; changed: campaign, criterionid, matchtype, text, negative, resourcename, status"
google_ads,2026-09-01 15:03:34.537359,drjake@pankanaturalhealth.com,Leads-Search-1,22767146837,CAMPAIGN_CRITERION,CREATE,campaign;criterionId;keyword.matchType;keyword.text;negative;resourceName,"Created campaign criterion ""Leads-Search-1"""
google_ads,2026-09-01 15:03:28.806239,drjake@pankanaturalhealth.com,Leads-Search-1,22767146837,CAMPAIGN_CRITERION,REMOVE,campaign;criterionId;keyword.matchType;keyword.text;negative;resourceName;status,"Removed campaign criterion ""Leads-Search-1""; changed: campaign, criterionid, matchtype, text, negative, resourcename, status"
google_ads,2026-09-01 15:03:28.806239,drjake@pankanaturalhealth.com,Leads-Search-1,22767146837,CAMPAIGN_CRITERION,CREATE,campaign;criterionId;keyword.matchType;keyword.text;negative;resourceName,"Created campaign criterion ""Leads-Search-1"""
google_ads,2026-09-01 15:03:20.504815,drjake@pankanaturalhealth.com,Leads-Search-1,22767146837,CAMPAIGN_CRITERION,REMOVE,campaign;criterionId;keyword.matchType;keyword.text;negative;resourceName;status,"Removed campaign criterion ""Leads-Search-1""; changed: campaign, criterionid, matchtype, text, negative, resourcename, status"
google_ads,2026-09-01 15:03:12.542191,drjake@pankanaturalhealth.com,Leads-Search-1,22767146837,CAMPAIGN_CRITERION,REMOVE,campaign;criterionId;keyword.matchType;keyword.text;negative;resourceName;status,"Removed campaign criterion ""Leads-Search-1""; changed: campaign, criterionid, matchtype, text, negative, resourcename, status"
google_ads,2026-09-01 15:03:12.542191,drjake@pankanaturalhealth.com,Leads-Search-1,22767146837,CAMPAIGN_CRITERION,CREATE,campaign;criterionId;keyword.matchType;keyword.text;negative;resourceName,"Created campaign criterion ""Leads-Search-1"""
google_ads,2026-09-01 15:03:07.534447,drjake@pankanaturalhealth.com,Leads-Search-1,22767146837,CAMPAIGN_CRITERION,REMOVE,campaign;criterionId;keyword.matchType;keyword.text;negative;resourceName;status,"Removed campaign criterion ""Leads-Search-1""; changed: campaign, criterionid, matchtype, text, negative, resourcename, status"
google_ads,2026-09-01 15:03:07.534447,drjake@pankanaturalhealth.com,Leads-Search-1,22767146837,CAMPAIGN_CRITERION,CREATE,campaign;criterionId;keyword.matchType;keyword.text;negative;resourceName,"Created campaign criterion ""Leads-Search-1"""
google_ads,2026-09-01 15:03:04.055423,drjake@pankanaturalhealth.com,Leads-Search-1,22767146837,CAMPAIGN_CRITERION,REMOVE,campaign;criterionId;keyword.matchType;keyword.text;negative;resourceName;status,"Removed campaign criterion ""Leads-Search-1""; changed: campaign, criterionid, matchtype, text, negative, resourcename, status"
google_ads,2026-09-01 15:03:04.055423,drjake@pankanaturalhealth.com,Leads-Search-1,22767146837,CAMPAIGN_CRITERION,CREATE,campaign;criterionId;keyword.matchType;keyword.text;negative;resourceName,"Created campaign criterion ""Leads-Search-1"""
google_ads,2026-09-01 15:02:58.090879,drjake@pankanaturalhealth.com,Leads-Search-1,22767146837,CAMPAIGN_CRITERION,REMOVE,campaign;criterionId;keyword.matchType;keyword.text;negative;resourceName;status,"Removed campaign criterion ""Leads-Search-1""; changed: campaign, criterionid, matchtype, text, negative, resourcename, status"
google_ads,2026-09-01 15:02:58.090879,drjake@pankanaturalhealth.com,Leads-Search-1,22767146837,CAMPAIGN_CRITERION,CREATE,campaign;criterionId;keyword.matchType;keyword.text;negative;resourceName,"Created campaign criterion ""Leads-Search-1"""
google_ads,2026-09-01 15:02:46.747487,drjake@pankanaturalhealth.com,Leads-Search-1,22767146837,CAMPAIGN_CRITERION,REMOVE,campaign;criterionId;keyword.matchType;keyword.text;negative;resourceName;status,"Removed campaign criterion ""Leads-Search-1""; changed: campaign, criterionid, matchtype, text, negative, resourcename, status"
google_ads,2026-09-01 15:02:46.747487,drjake@pankanaturalhealth.com,Leads-Search-1,22767146837,CAMPAIGN_CRITERION,CREATE,campaign;criterionId;keyword.matchType;keyword.text;negative;resourceName,"Created campaign criterion ""Leads-Search-1"""
google_ads,2026-09-01 15:02:41.438447,drjake@pankanaturalhealth.com,Leads-Search-1,22767146837,CAMPAIGN_CRITERION,REMOVE,campaign;criterionId;keyword.matchType;keyword.text;negative;resourceName;status,"Removed campaign criterion ""Leads-Search-1""; changed: campaign, criterionid, matchtype, text, negative, resourcename, status"
google_ads,2026-09-01 15:02:41.438447,drjake@pankanaturalhealth.com,Leads-Search-1,22767146837,CAMPAIGN_CRITERION,CREATE,campaign;criterionId;keyword.matchType;keyword.text;negative;resourceName,"Created campaign criterion ""Leads-Search-1"""
google_ads,2026-09-01 15:02:35.122287,drjake@pankanaturalhealth.com,Leads-Search-1,22767146837,CAMPAIGN_CRITERION,REMOVE,campaign;criterionId;keyword.matchType;keyword.text;negative;resourceName;status,"Removed campaign criterion ""Leads-Search-1""; changed: campaign, criterionid, matchtype, text, negative, resourcename, status"
google_ads,2026-09-01 15:02:35.122287,drjake@pankanaturalhealth.com,Leads-Search-1,22767146837,CAMPAIGN_CRITERION,CREATE,campaign;criterionId;keyword.matchType;keyword.text;negative;resourceName,"Created campaign criterion ""Leads-Search-1"""
google_ads,2026-09-01 15:02:29.133935,drjake@pankanaturalhealth.com,Leads-Search-1,22767146837,CAMPAIGN_CRITERION,REMOVE,campaign;criterionId;keyword.matchType;keyword.text;negative;resourceName;status,"Removed campaign criterion ""Leads-Search-1""; changed: campaign, criterionid, matchtype, text, negative, resourcename, status"
google_ads,2026-09-01 15:02:29.133935,drjake@pankanaturalhealth.com,Leads-Search-1,22767146837,CAMPAIGN_CRITERION,CREATE,campaign;criterionId;keyword.matchType;keyword.text;negative;resourceName,"Created campaign criterion ""Leads-Search-1"""
google_ads,2026-09-01 15:02:25.098383,drjake@pankanaturalhealth.com,Leads-Search-1,22767146837,CAMPAIGN_CRITERION,REMOVE,campaign;criterionId;keyword.matchType;keyword.text;negative;resourceName;status,"Removed campaign criterion ""Leads-Search-1""; changed: campaign, criterionid, matchtype, text, negative, resourcename, status"
google_ads,2026-09-01 15:02:25.098383,drjake@pankanaturalhealth.com,Leads-Search-1,22767146837,CAMPAIGN_CRITERION,CREATE,campaign;criterionId;keyword.matchType;keyword.text;negative;resourceName,"Created campaign criterion ""Leads-Search-1"""
google_ads,2026-09-01 15:02:20.188671,drjake@pankanaturalhealth.com,Leads-Search-1,22767146837,CAMPAIGN_CRITERION,REMOVE,campaign;criterionId;keyword.matchType;keyword.text;negative;resourceName;status,"Removed campaign criterion ""Leads-Search-1""; changed: campaign, criterionid, matchtype, text, negative, resourcename, status"
google_ads,2026-09-01 15:02:20.188671,drjake@pankanaturalhealth.com,Leads-Search-1,22767146837,CAMPAIGN_CRITERION,CREATE,campaign;criterionId;keyword.matchType;keyword.text;negative;resourceName,"Created campaign criterion ""Leads-Search-1"""
google_ads,2026-09-01 15:02:15.694783,drjake@pankanaturalhealth.com,Leads-Search-1,22767146837,CAMPAIGN_CRITERION,REMOVE,campaign;criterionId;keyword.matchType;keyword.text;negative;resourceName;status,"Removed campaign criterion ""Leads-Search-1""; changed: campaign, criterionid, matchtype, text, negative, resourcename, status"
google_ads,2026-09-01 15:02:15.694783,drjake@pankanaturalhealth.com,Leads-Search-1,22767146837,CAMPAIGN_CRITERION,CREATE,campaign;criterionId;keyword.matchType;keyword.text;negative;resourceName,"Created campaign criterion ""Leads-Search-1"""
google_ads,2026-09-01 15:02:11.927919,drjake@pankanaturalhealth.com,Leads-Search-1,22767146837,CAMPAIGN_CRITERION,REMOVE,campaign;criterionId;keyword.matchType;keyword.text;negative;resourceName;status,"Removed campaign criterion ""Leads-Search-1""; changed: campaign, criterionid, matchtype, text, negative, resourcename, status"
google_ads,2026-09-01 15:02:11.927919,drjake@pankanaturalhealth.com,Leads-Search-1,22767146837,CAMPAIGN_CRITERION,CREATE,campaign;criterionId;keyword.matchType;keyword.text;negative;resourceName,"Created campaign criterion ""Leads-Search-1"""
google_ads,2026-09-01 15:02:06.863311,drjake@pankanaturalhealth.com,Leads-Search-1,22767146837,CAMPAIGN_CRITERION,REMOVE,campaign;criterionId;keyword.matchType;keyword.text;negative;resourceName;status,"Removed campaign criterion ""Leads-Search-1""; changed: campaign, criterionid, matchtype, text, negative, resourcename, status"
google_ads,2026-09-01 15:02:06.863311,drjake@pankanaturalhealth.com,Leads-Search-1,22767146837,CAMPAIGN_CRITERION,CREATE,campaign;criterionId;keyword.matchType;keyword.text;negative;resourceName,"Created campaign criterion ""Leads-Search-1"""
google_ads,2026-09-01 15:02:00.198127,drjake@pankanaturalhealth.com,Leads-Search-1,22767146837,CAMPAIGN_CRITERION,REMOVE,campaign;criterionId;keyword.matchType;keyword.text;negative;resourceName;status,"Removed campaign criterion ""Leads-Search-1""; changed: campaign, criterionid, matchtype, text, negative, resourcename, status"
google_ads,2026-09-01 15:02:00.198127,drjake@pankanaturalhealth.com,Leads-Search-1,22767146837,CAMPAIGN_CRITERION,CREATE,campaign;criterionId;keyword.matchType;keyword.text;negative;resourceName,"Created campaign criterion ""Leads-Search-1"""
google_ads,2026-09-01 15:01:56.026991,drjake@pankanaturalhealth.com,Leads-Search-1,22767146837,CAMPAIGN_CRITERION,REMOVE,campaign;criterionId;keyword.matchType;keyword.text;negative;resourceName;status,"Removed campaign criterion ""Leads-Search-1""; changed: campaign, criterionid, matchtype, text, negative, resourcename, status"
google_ads,2026-09-01 15:01:56.026991,drjake@pankanaturalhealth.com,Leads-Search-1,22767146837,CAMPAIGN_CRITERION,CREATE,campaign;criterionId;keyword.matchType;keyword.text;negative;resourceName,"Created campaign criterion ""Leads-Search-1"""
google_ads,2026-09-01 15:01:51.331503,drjake@pankanaturalhealth.com,Leads-Search-1,22767146837,CAMPAIGN_CRITERION,REMOVE,campaign;criterionId;keyword.matchType;keyword.text;negative;resourceName;status,"Removed campaign criterion ""Leads-Search-1""; changed: campaign, criterionid, matchtype, text, negative, resourcename, status"
google_ads,2026-09-01 15:01:51.331503,drjake@pankanaturalhealth.com,Leads-Search-1,22767146837,CAMPAIGN_CRITERION,CREATE,campaign;criterionId;keyword.matchType;keyword.text;negative;resourceName,"Created campaign criterion ""Leads-Search-1"""
google_ads,2026-09-01 15:01:42.893967,drjake@pankanaturalhealth.com,Leads-Search-1,22767146837,CAMPAIGN_CRITERION,REMOVE,campaign;criterionId;keyword.matchType;keyword.text;negative;resourceName;status,"Removed campaign criterion ""Leads-Search-1""; changed: campaign, criterionid, matchtype, text, negative, resourcename, status"
google_ads,2026-09-01 15:01:42.893967,drjake@pankanaturalhealth.com,Leads-Search-1,22767146837,CAMPAIGN_CRITERION,CREATE,campaign;criterionId;keyword.matchType;keyword.text;negative;resourceName,"Created campaign criterion ""Leads-Search-1"""
google_ads,2026-09-01 15:01:37.928335,drjake@pankanaturalhealth.com,Leads-Search-1,22767146837,CAMPAIGN_CRITERION,REMOVE,campaign;criterionId;keyword.matchType;keyword.text;negative;resourceName;status,"Removed campaign criterion ""Leads-Search-1""; changed: campaign, criterionid, matchtype, text, negative, resourcename, status"
google_ads,2026-09-01 15:01:37.928335,drjake@pankanaturalhealth.com,Leads-Search-1,22767146837,CAMPAIGN_CRITERION,CREATE,campaign;criterionId;keyword.matchType;keyword.text;negative;resourceName,"Created campaign criterion ""Leads-Search-1"""
google_ads,2026-09-01 15:01:32.803679,drjake@pankanaturalhealth.com,Leads-Search-1,22767146837,CAMPAIGN_CRITERION,REMOVE,campaign;criterionId;keyword.matchType;keyword.text;negative;resourceName;status,"Removed campaign criterion ""Leads-Search-1""; changed: campaign, criterionid, matchtype, text, negative, resourcename, status"
google_ads,2026-09-01 15:01:32.803679,drjake@pankanaturalhealth.com,Leads-Search-1,22767146837,CAMPAIGN_CRITERION,CREATE,campaign;criterionId;keyword.matchType;keyword.text;negative;resourceName,"Created campaign criterion ""Leads-Search-1"""
google_ads,2026-09-01 15:01:29.454159,drjake@pankanaturalhealth.com,Leads-Search-1,22767146837,CAMPAIGN_CRITERION,REMOVE,campaign;criterionId;keyword.matchType;keyword.text;negative;resourceName;status,"Removed campaign criterion ""Leads-Search-1""; changed: campaign, criterionid, matchtype, text, negative, resourcename, status"
google_ads,2026-09-01 15:01:29.454159,drjake@pankanaturalhealth.com,Leads-Search-1,22767146837,CAMPAIGN_CRITERION,CREATE,campaign;criterionId;keyword.matchType;keyword.text;negative;resourceName,"Created campaign criterion ""Leads-Search-1"""
google_ads,2026-09-01 15:01:23.884655,drjake@pankanaturalhealth.com,Leads-Search-1,22767146837,CAMPAIGN_CRITERION,REMOVE,campaign;criterionId;keyword.matchType;keyword.text;negative;resourceName;status,"Removed campaign criterion ""Leads-Search-1""; changed: campaign, criterionid, matchtype, text, negative, resourcename, status"
google_ads,2026-09-01 15:01:23.884655,drjake@pankanaturalhealth.com,Leads-Search-1,22767146837,CAMPAIGN_CRITERION,CREATE,campaign;criterionId;keyword.matchType;keyword.text;negative;resourceName,"Created campaign criterion ""Leads-Search-1"""
google_ads,2026-09-01 15:01:18.898623,drjake@pankanaturalhealth.com,Leads-Search-1,22767146837,CAMPAIGN_CRITERION,REMOVE,campaign;criterionId;keyword.matchType;keyword.text;negative;resourceName;status,"Removed campaign criterion ""Leads-Search-1""; changed: campaign, criterionid, matchtype, text, negative, resourcename, status"
google_ads,2026-09-01 15:01:18.898623,drjake@pankanaturalhealth.com,Leads-Search-1,22767146837,CAMPAIGN_CRITERION,CREATE,campaign;criterionId;keyword.matchType;keyword.text;negative;resourceName,"Created campaign criterion ""Leads-Search-1"""
google_ads,2026-09-01 15:01:14.815983,drjake@pankanaturalhealth.com,Leads-Search-1,22767146837,CAMPAIGN_CRITERION,REMOVE,campaign;criterionId;keyword.matchType;keyword.text;negative;resourceName;status,"Removed campaign criterion ""Leads-Search-1""; changed: campaign, criterionid, matchtype, text, negative, resourcename, status"
google_ads,2026-09-01 15:01:14.815983,drjake@pankanaturalhealth.com,Leads-Search-1,22767146837,CAMPAIGN_CRITERION,CREATE,campaign;criterionId;keyword.matchType;keyword.text;negative;resourceName,"Created campaign criterion ""Leads-Search-1"""
google_ads,2026-09-01 15:01:11.118399,drjake@pankanaturalhealth.com,Leads-Search-1,22767146837,CAMPAIGN_CRITERION,REMOVE,campaign;criterionId;keyword.matchType;keyword.text;negative;resourceName;status,"Removed campaign criterion ""Leads-Search-1""; changed: campaign, criterionid, matchtype, text, negative, resourcename, status"
google_ads,2026-09-01 15:01:11.118399,drjake@pankanaturalhealth.com,Leads-Search-1,22767146837,CAMPAIGN_CRITERION,CREATE,campaign;criterionId;keyword.matchType;keyword.text;negative;resourceName,"Created campaign criterion ""Leads-Search-1"""
google_ads,2026-09-01 15:01:01.807039,drjake@pankanaturalhealth.com,Leads-Search-1,22767146837,CAMPAIGN_CRITERION,REMOVE,campaign;criterionId;keyword.matchType;keyword.text;negative;resourceName;status,"Removed campaign criterion ""Leads-Search-1""; changed: campaign, criterionid, matchtype, text, negative, resourcename, status"
google_ads,2026-09-01 15:01:01.807039,drjake@pankanaturalhealth.com,Leads-Search-1,22767146837,CAMPAIGN_CRITERION,CREATE,campaign;criterionId;keyword.matchType;keyword.text;negative;resourceName,"Created campaign criterion ""Leads-Search-1"""
google_ads,2026-09-01 15:00:58.102303,drjake@pankanaturalhealth.com,Leads-Search-1,22767146837,CAMPAIGN_CRITERION,REMOVE,campaign;criterionId;keyword.matchType;keyword.text;negative;resourceName;status,"Removed campaign criterion ""Leads-Search-1""; changed: campaign, criterionid, matchtype, text, negative, resourcename, status"
google_ads,2026-09-01 15:00:58.102303,drjake@pankanaturalhealth.com,Leads-Search-1,22767146837,CAMPAIGN_CRITERION,CREATE,campaign;criterionId;keyword.matchType;keyword.text;negative;resourceName,"Created campaign criterion ""Leads-Search-1"""
google_ads,2026-09-01 15:00:54.393551,drjake@pankanaturalhealth.com,Leads-Search-1,22767146837,CAMPAIGN_CRITERION,REMOVE,campaign;criterionId;keyword.matchType;keyword.text;negative;resourceName;status,"Removed campaign criterion ""Leads-Search-1""; changed: campaign, criterionid, matchtype, text, negative, resourcename, status"
google_ads,2026-09-01 15:00:54.393551,drjake@pankanaturalhealth.com,Leads-Search-1,22767146837,CAMPAIGN_CRITERION,CREATE,campaign;criterionId;keyword.matchType;keyword.text;negative;resourceName,"Created campaign criterion ""Leads-Search-1"""
google_ads,2026-09-01 15:00:50.845151,drjake@pankanaturalhealth.com,Leads-Search-1,22767146837,CAMPAIGN_CRITERION,REMOVE,campaign;criterionId;keyword.matchType;keyword.text;negative;resourceName;status,"Removed campaign criterion ""Leads-Search-1""; changed: campaign, criterionid, matchtype, text, negative, resourcename, status"
google_ads,2026-09-01 15:00:50.845151,drjake@pankanaturalhealth.com,Leads-Search-1,22767146837,CAMPAIGN_CRITERION,CREATE,campaign;criterionId;keyword.matchType;keyword.text;negative;resourceName,"Created campaign criterion ""Leads-Search-1"""
google_ads,2026-09-01 15:00:47.137775,drjake@pankanaturalhealth.com,Leads-Search-1,22767146837,CAMPAIGN_CRITERION,REMOVE,campaign;criterionId;keyword.matchType;keyword.text;negative;resourceName;status,"Removed campaign criterion ""Leads-Search-1""; changed: campaign, criterionid, matchtype, text, negative, resourcename, status"
google_ads,2026-09-01 15:00:47.137775,drjake@pankanaturalhealth.com,Leads-Search-1,22767146837,CAMPAIGN_CRITERION,CREATE,campaign;criterionId;keyword.matchType;keyword.text;negative;resourceName,"Created campaign criterion ""Leads-Search-1"""
google_ads,2026-09-01 15:00:42.120127,drjake@pankanaturalhealth.com,Leads-Search-1,22767146837,CAMPAIGN_CRITERION,REMOVE,campaign;criterionId;keyword.matchType;keyword.text;negative;resourceName;status,"Removed campaign criterion ""Leads-Search-1""; changed: campaign, criterionid, matchtype, text, negative, resourcename, status"
google_ads,2026-09-01 15:00:42.120127,drjake@pankanaturalhealth.com,Leads-Search-1,22767146837,CAMPAIGN_CRITERION,CREATE,campaign;criterionId;keyword.matchType;keyword.text;negative;resourceName,"Created campaign criterion ""Leads-Search-1"""
google_ads,2026-09-01 15:00:38.576255,drjake@pankanaturalhealth.com,Leads-Search-1,22767146837,CAMPAIGN_CRITERION,REMOVE,campaign;criterionId;keyword.matchType;keyword.text;negative;resourceName;status,"Removed campaign criterion ""Leads-Search-1""; changed: campaign, criterionid, matchtype, text, negative, resourcename, status"
google_ads,2026-09-01 15:00:38.576255,drjake@pankanaturalhealth.com,Leads-Search-1,22767146837,CAMPAIGN_CRITERION,CREATE,campaign;criterionId;keyword.matchType;keyword.text;negative;resourceName,"Created campaign criterion ""Leads-Search-1"""
google_ads,2026-09-01 15:00:32.029167,drjake@pankanaturalhealth.com,Leads-Search-1,22767146837,CAMPAIGN_CRITERION,REMOVE,campaign;criterionId;keyword.matchType;keyword.text;negative;resourceName;status,"Removed campaign criterion ""Leads-Search-1""; changed: campaign, criterionid, matchtype, text, negative, resourcename, status"
google_ads,2026-09-01 15:00:32.029167,drjake@pankanaturalhealth.com,Leads-Search-1,22767146837,CAMPAIGN_CRITERION,CREATE,campaign;criterionId;keyword.matchType;keyword.text;negative;resourceName,"Created campaign criterion ""Leads-Search-1"""
google_ads,2026-09-01 15:00:28.057311,drjake@pankanaturalhealth.com,Leads-Search-1,22767146837,CAMPAIGN_CRITERION,REMOVE,campaign;criterionId;keyword.matchType;keyword.text;negative;resourceName;status,"Removed campaign criterion ""Leads-Search-1""; changed: campaign, criterionid, matchtype, text, negative, resourcename, status"
google_ads,2026-09-01 15:00:28.057311,drjake@pankanaturalhealth.com,Leads-Search-1,22767146837,CAMPAIGN_CRITERION,CREATE,campaign;criterionId;keyword.matchType;keyword.text;negative;resourceName,"Created campaign criterion ""Leads-Search-1"""
google_ads,2026-09-01 15:00:23.601343,drjake@pankanaturalhealth.com,Leads-Search-1,22767146837,CAMPAIGN_CRITERION,REMOVE,campaign;criterionId;keyword.matchType;keyword.text;negative;resourceName;status,"Removed campaign criterion ""Leads-Search-1""; changed: campaign, criterionid, matchtype, text, negative, resourcename, status"
google_ads,2026-09-01 15:00:23.601343,drjake@pankanaturalhealth.com,Leads-Search-1,22767146837,CAMPAIGN_CRITERION,CREATE,campaign;criterionId;keyword.matchType;keyword.text;negative;resourceName,"Created campaign criterion ""Leads-Search-1"""
google_ads,2026-09-01 15:00:19.238319,drjake@pankanaturalhealth.com,Leads-Search-1,22767146837,CAMPAIGN_CRITERION,REMOVE,campaign;criterionId;keyword.matchType;keyword.text;negative;resourceName;status,"Removed campaign criterion ""Leads-Search-1""; changed: campaign, criterionid, matchtype, text, negative, resourcename, status"
google_ads,2026-09-01 15:00:19.238319,drjake@pankanaturalhealth.com,Leads-Search-1,22767146837,CAMPAIGN_CRITERION,CREATE,campaign;criterionId;keyword.matchType;keyword.text;negative;resourceName,"Created campaign criterion ""Leads-Search-1"""
google_ads,2026-09-01 15:00:13.314479,drjake@pankanaturalhealth.com,Leads-Search-1,22767146837,CAMPAIGN_CRITERION,REMOVE,campaign;criterionId;keyword.matchType;keyword.text;negative;resourceName;status,"Removed campaign criterion ""Leads-Search-1""; changed: campaign, criterionid, matchtype, text, negative, resourcename, status"
google_ads,2026-09-01 15:00:13.314479,drjake@pankanaturalhealth.com,Leads-Search-1,22767146837,CAMPAIGN_CRITERION,CREATE,campaign;criterionId;keyword.matchType;keyword.text;negative;resourceName,"Created campaign criterion ""Leads-Search-1"""
google_ads,2026-09-01 15:00:01.992831,drjake@pankanaturalhealth.com,Leads-Search-1,22767146837,CAMPAIGN_CRITERION,REMOVE,campaign;criterionId;keyword.matchType;keyword.text;negative;resourceName;status,"Removed campaign criterion ""Leads-Search-1""; changed: campaign, criterionid, matchtype, text, negative, resourcename, status"
google_ads,2026-09-01 14:59:57.915775,drjake@pankanaturalhealth.com,Leads-Search-1,22767146837,CAMPAIGN_CRITERION,REMOVE,campaign;criterionId;keyword.matchType;keyword.text;negative;resourceName;status,"Removed campaign criterion ""Leads-Search-1""; changed: campaign, criterionid, matchtype, text, negative, resourcename, status"
google_ads,2026-09-01 14:59:52.980591,drjake@pankanaturalhealth.com,Leads-Search-1,22767146837,CAMPAIGN_CRITERION,REMOVE,campaign;criterionId;keyword.matchType;keyword.text;negative;resourceName;status,"Removed campaign criterion ""Leads-Search-1""; changed: campaign, criterionid, matchtype, text, negative, resourcename, status"
google_ads,2026-09-01 14:59:52.980591,drjake@pankanaturalhealth.com,Leads-Search-1,22767146837,CAMPAIGN_CRITERION,CREATE,campaign;criterionId;keyword.matchType;keyword.text;negative;resourceName,"Created campaign criterion ""Leads-Search-1"""
google_ads,2026-09-01 14:59:49.397487,drjake@pankanaturalhealth.com,Leads-Search-1,22767146837,CAMPAIGN_CRITERION,REMOVE,campaign;criterionId;keyword.matchType;keyword.text;negative;resourceName;status,"Removed campaign criterion ""Leads-Search-1""; changed: campaign, criterionid, matchtype, text, negative, resourcename, status"
google_ads,2026-09-01 14:59:49.397487,drjake@pankanaturalhealth.com,Leads-Search-1,22767146837,CAMPAIGN_CRITERION,CREATE,campaign;criterionId;keyword.matchType;keyword.text;negative;resourceName,"Created campaign criterion ""Leads-Search-1"""
google_ads,2026-09-01 14:59:43.643935,drjake@pankanaturalhealth.com,Leads-Search-1,22767146837,CAMPAIGN_CRITERION,REMOVE,campaign;criterionId;keyword.matchType;keyword.text;negative;resourceName;status,"Removed campaign criterion ""Leads-Search-1""; changed: campaign, criterionid, matchtype, text, negative, resourcename, status"
google_ads,2026-09-01 14:59:43.643935,drjake@pankanaturalhealth.com,Leads-Search-1,22767146837,CAMPAIGN_CRITERION,CREATE,campaign;criterionId;keyword.matchType;keyword.text;negative;resourceName,"Created campaign criterion ""Leads-Search-1"""
google_ads,2026-09-01 14:59:39.303999,drjake@pankanaturalhealth.com,Leads-Search-1,22767146837,CAMPAIGN_CRITERION,REMOVE,campaign;criterionId;keyword.matchType;keyword.text;negative;resourceName;status,"Removed campaign criterion ""Leads-Search-1""; changed: campaign, criterionid, matchtype, text, negative, resourcename, status"
google_ads,2026-09-01 14:59:39.303999,drjake@pankanaturalhealth.com,Leads-Search-1,22767146837,CAMPAIGN_CRITERION,CREATE,campaign;criterionId;keyword.matchType;keyword.text;negative;resourceName,"Created campaign criterion ""Leads-Search-1"""
google_ads,2026-09-01 14:59:34.118559,drjake@pankanaturalhealth.com,Leads-Search-1,22767146837,CAMPAIGN_CRITERION,REMOVE,campaign;criterionId;keyword.matchType;keyword.text;negative;resourceName;status,"Removed campaign criterion ""Leads-Search-1""; changed: campaign, criterionid, matchtype, text, negative, resourcename, status"
google_ads,2026-09-01 14:59:34.118559,drjake@pankanaturalhealth.com,Leads-Search-1,22767146837,CAMPAIGN_CRITERION,CREATE,campaign;criterionId;keyword.matchType;keyword.text;negative;resourceName,"Created campaign criterion ""Leads-Search-1"""
google_ads,2026-09-01 14:59:29.781711,drjake@pankanaturalhealth.com,Leads-Search-1,22767146837,CAMPAIGN_CRITERION,REMOVE,campaign;criterionId;keyword.matchType;keyword.text;negative;resourceName;status,"Removed campaign criterion ""Leads-Search-1""; changed: campaign, criterionid, matchtype, text, negative, resourcename, status"
google_ads,2026-09-01 14:59:29.781711,drjake@pankanaturalhealth.com,Leads-Search-1,22767146837,CAMPAIGN_CRITERION,CREATE,campaign;criterionId;keyword.matchType;keyword.text;negative;resourceName,"Created campaign criterion ""Leads-Search-1"""
google_ads,2026-09-01 14:59:25.175263,drjake@pankanaturalhealth.com,Leads-Search-1,22767146837,CAMPAIGN_CRITERION,REMOVE,campaign;criterionId;keyword.matchType;keyword.text;negative;resourceName;status,"Removed campaign criterion ""Leads-Search-1""; changed: campaign, criterionid, matchtype, text, negative, resourcename, status"
google_ads,2026-09-01 14:59:19.187247,drjake@pankanaturalhealth.com,Leads-Search-1,22767146837,CAMPAIGN_CRITERION,REMOVE,campaign;criterionId;keyword.matchType;keyword.text;negative;resourceName;status,"Removed campaign criterion ""Leads-Search-1""; changed: campaign, criterionid, matchtype, text, negative, resourcename, status"
google_ads,2026-09-01 14:59:19.187247,drjake@pankanaturalhealth.com,Leads-Search-1,22767146837,CAMPAIGN_CRITERION,CREATE,campaign;criterionId;keyword.matchType;keyword.text;negative;resourceName,"Created campaign criterion ""Leads-Search-1"""
google_ads,2026-09-01 14:59:12.117887,drjake@pankanaturalhealth.com,Leads-Search-1,22767146837,CAMPAIGN_CRITERION,REMOVE,campaign;criterionId;keyword.matchType;keyword.text;negative;resourceName;status,"Removed campaign criterion ""Leads-Search-1""; changed: campaign, criterionid, matchtype, text, negative, resourcename, status"
google_ads,2026-09-01 14:59:12.117887,drjake@pankanaturalhealth.com,Leads-Search-1,22767146837,CAMPAIGN_CRITERION,CREATE,campaign;criterionId;keyword.matchType;keyword.text;negative;resourceName,"Created campaign criterion ""Leads-Search-1"""
google_ads,2026-09-01 14:59:06.794559,drjake@pankanaturalhealth.com,Leads-Search-1,22767146837,CAMPAIGN_CRITERION,REMOVE,campaign;criterionId;keyword.matchType;keyword.text;negative;resourceName;status,"Removed campaign criterion ""Leads-Search-1""; changed: campaign, criterionid, matchtype, text, negative, resourcename, status"
google_ads,2026-09-01 14:59:06.794559,drjake@pankanaturalhealth.com,Leads-Search-1,22767146837,CAMPAIGN_CRITERION,CREATE,campaign;criterionId;keyword.matchType;keyword.text;negative;resourceName,"Created campaign criterion ""Leads-Search-1"""
google_ads,2026-09-01 14:59:00.113407,drjake@pankanaturalhealth.com,Leads-Search-1,22767146837,CAMPAIGN_CRITERION,REMOVE,campaign;criterionId;keyword.matchType;keyword.text;negative;resourceName;status,"Removed campaign criterion ""Leads-Search-1""; changed: campaign, criterionid, matchtype, text, negative, resourcename, status"
google_ads,2026-09-01 14:59:00.113407,drjake@pankanaturalhealth.com,Leads-Search-1,22767146837,CAMPAIGN_CRITERION,CREATE,campaign;criterionId;keyword.matchType;keyword.text;negative;resourceName,"Created campaign criterion ""Leads-Search-1"""
google_ads,2026-09-01 14:58:56.220847,drjake@pankanaturalhealth.com,Leads-Search-1,22767146837,CAMPAIGN_CRITERION,REMOVE,campaign;criterionId;keyword.matchType;keyword.text;negative;resourceName;status,"Removed campaign criterion ""Leads-Search-1""; changed: campaign, criterionid, matchtype, text, negative, resourcename, status"
google_ads,2026-09-01 14:58:56.220847,drjake@pankanaturalhealth.com,Leads-Search-1,22767146837,CAMPAIGN_CRITERION,CREATE,campaign;criterionId;keyword.matchType;keyword.text;negative;resourceName,"Created campaign criterion ""Leads-Search-1"""
google_ads,2026-09-01 14:58:51.115311,drjake@pankanaturalhealth.com,Leads-Search-1,22767146837,CAMPAIGN_CRITERION,REMOVE,campaign;criterionId;keyword.matchType;keyword.text;negative;resourceName;status,"Removed campaign criterion ""Leads-Search-1""; changed: campaign, criterionid, matchtype, text, negative, resourcename, status"
google_ads,2026-09-01 14:58:51.115311,drjake@pankanaturalhealth.com,Leads-Search-1,22767146837,CAMPAIGN_CRITERION,CREATE,campaign;criterionId;keyword.matchType;keyword.text;negative;resourceName,"Created campaign criterion ""Leads-Search-1"""
google_ads,2026-09-01 14:58:44.460799,drjake@pankanaturalhealth.com,Leads-Search-1,22767146837,CAMPAIGN_CRITERION,REMOVE,campaign;criterionId;keyword.matchType;keyword.text;negative;resourceName;status,"Removed campaign criterion ""Leads-Search-1""; changed: campaign, criterionid, matchtype, text, negative, resourcename, status"
google_ads,2026-09-01 14:58:44.460799,drjake@pankanaturalhealth.com,Leads-Search-1,22767146837,CAMPAIGN_CRITERION,CREATE,campaign;criterionId;keyword.matchType;keyword.text;negative;resourceName,"Created campaign criterion ""Leads-Search-1"""
google_ads,2026-09-01 14:58:36.964047,drjake@pankanaturalhealth.com,Leads-Search-1,22767146837,CAMPAIGN_CRITERION,REMOVE,campaign;criterionId;keyword.matchType;keyword.text;negative;resourceName;status,"Removed campaign criterion ""Leads-Search-1""; changed: campaign, criterionid, matchtype, text, negative, resourcename, status"
google_ads,2026-09-01 14:58:36.964047,drjake@pankanaturalhealth.com,Leads-Search-1,22767146837,CAMPAIGN_CRITERION,CREATE,campaign;criterionId;keyword.matchType;keyword.text;negative;resourceName,"Created campaign criterion ""Leads-Search-1"""
google_ads,2026-09-01 14:58:28.703263,drjake@pankanaturalhealth.com,Leads-Search-1,22767146837,CAMPAIGN_CRITERION,REMOVE,campaign;criterionId;keyword.matchType;keyword.text;negative;resourceName;status,"Removed campaign criterion ""Leads-Search-1""; changed: campaign, criterionid, matchtype, text, negative, resourcename, status"
google_ads,2026-09-01 14:58:12.870639,drjake@pankanaturalhealth.com,Leads-Search-1,22767146837,CAMPAIGN_CRITERION,REMOVE,campaign;criterionId;keyword.matchType;keyword.text;negative;resourceName;status,"Removed campaign criterion ""Leads-Search-1""; changed: campaign, criterionid, matchtype, text, negative, resourcename, status"
google_ads,2026-09-01 14:58:12.870639,drjake@pankanaturalhealth.com,Leads-Search-1,22767146837,CAMPAIGN_CRITERION,CREATE,campaign;criterionId;keyword.matchType;keyword.text;negative;resourceName,"Created campaign criterion ""Leads-Search-1"""
google_ads,2026-09-01 14:58:08.974287,drjake@pankanaturalhealth.com,Leads-Search-1,22767146837,CAMPAIGN_CRITERION,REMOVE,campaign;criterionId;keyword.matchType;keyword.text;negative;resourceName;status,"Removed campaign criterion ""Leads-Search-1""; changed: campaign, criterionid, matchtype, text, negative, resourcename, status"
google_ads,2026-09-01 14:58:08.974287,drjake@pankanaturalhealth.com,Leads-Search-1,22767146837,CAMPAIGN_CRITERION,CREATE,campaign;criterionId;keyword.matchType;keyword.text;negative;resourceName,"Created campaign criterion ""Leads-Search-1"""
google_ads,2026-09-01 14:58:04.720767,drjake@pankanaturalhealth.com,Leads-Search-1,22767146837,CAMPAIGN_CRITERION,REMOVE,campaign;criterionId;keyword.matchType;keyword.text;negative;resourceName;status,"Removed campaign criterion ""Leads-Search-1""; changed: campaign, criterionid, matchtype, text, negative, resourcename, status"
google_ads,2026-09-01 14:58:04.720767,drjake@pankanaturalhealth.com,Leads-Search-1,22767146837,CAMPAIGN_CRITERION,CREATE,campaign;criterionId;keyword.matchType;keyword.text;negative;resourceName,"Created campaign criterion ""Leads-Search-1"""
google_ads,2026-09-01 14:58:00.851135,drjake@pankanaturalhealth.com,Leads-Search-1,22767146837,CAMPAIGN_CRITERION,REMOVE,campaign;criterionId;keyword.matchType;keyword.text;negative;resourceName;status,"Removed campaign criterion ""Leads-Search-1""; changed: campaign, criterionid, matchtype, text, negative, resourcename, status"
google_ads,2026-09-01 14:58:00.851135,drjake@pankanaturalhealth.com,Leads-Search-1,22767146837,CAMPAIGN_CRITERION,CREATE,campaign;criterionId;keyword.matchType;keyword.text;negative;resourceName,"Created campaign criterion ""Leads-Search-1"""
google_ads,2026-09-01 14:57:53.885295,drjake@pankanaturalhealth.com,Leads-Search-1,22767146837,CAMPAIGN_CRITERION,REMOVE,campaign;criterionId;keyword.matchType;keyword.text;negative;resourceName;status,"Removed campaign criterion ""Leads-Search-1""; changed: campaign, criterionid, matchtype, text, negative, resourcename, status"
google_ads,2026-09-01 14:57:53.885295,drjake@pankanaturalhealth.com,Leads-Search-1,22767146837,CAMPAIGN_CRITERION,CREATE,campaign;criterionId;keyword.matchType;keyword.text;negative;resourceName,"Created campaign criterion ""Leads-Search-1"""
google_ads,2026-09-01 14:57:42.707599,drjake@pankanaturalhealth.com,Leads-Search-1,22767146837,CAMPAIGN_CRITERION,REMOVE,campaign;criterionId;keyword.matchType;keyword.text;negative;resourceName;status,"Removed campaign criterion ""Leads-Search-1""; changed: campaign, criterionid, matchtype, text, negative, resourcename, status"
google_ads,2026-09-01 14:57:42.707599,drjake@pankanaturalhealth.com,Leads-Search-1,22767146837,CAMPAIGN_CRITERION,CREATE,campaign;criterionId;keyword.matchType;keyword.text;negative;resourceName,"Created campaign criterion ""Leads-Search-1"""
google_ads,2026-09-01 14:57:36.976383,drjake@pankanaturalhealth.com,Leads-Search-1,22767146837,CAMPAIGN_CRITERION,REMOVE,campaign;criterionId;keyword.matchType;keyword.text;negative;resourceName;status,"Removed campaign criterion ""Leads-Search-1""; changed: campaign, criterionid, matchtype, text, negative, resourcename, status"
google_ads,2026-09-01 14:57:36.976383,drjake@pankanaturalhealth.com,Leads-Search-1,22767146837,CAMPAIGN_CRITERION,CREATE,campaign;criterionId;keyword.matchType;keyword.text;negative;resourceName,"Created campaign criterion ""Leads-Search-1"""
google_ads,2026-09-01 14:57:30.399071,drjake@pankanaturalhealth.com,Leads-Search-1,22767146837,CAMPAIGN_CRITERION,REMOVE,campaign;criterionId;keyword.matchType;keyword.text;negative;resourceName;status,"Removed campaign criterion ""Leads-Search-1""; changed: campaign, criterionid, matchtype, text, negative, resourcename, status"
google_ads,2026-09-01 14:57:30.399071,drjake@pankanaturalhealth.com,Leads-Search-1,22767146837,CAMPAIGN_CRITERION,CREATE,campaign;criterionId;keyword.matchType;keyword.text;negative;resourceName,"Created campaign criterion ""Leads-Search-1"""
google_ads,2026-09-01 14:57:24.487855,drjake@pankanaturalhealth.com,Leads-Search-1,22767146837,CAMPAIGN_CRITERION,REMOVE,campaign;criterionId;keyword.matchType;keyword.text;negative;resourceName;status,"Removed campaign criterion ""Leads-Search-1""; changed: campaign, criterionid, matchtype, text, negative, resourcename, status"
google_ads,2026-09-01 14:57:24.487855,drjake@pankanaturalhealth.com,Leads-Search-1,22767146837,CAMPAIGN_CRITERION,CREATE,campaign;criterionId;keyword.matchType;keyword.text;negative;resourceName,"Created campaign criterion ""Leads-Search-1"""
google_ads,2026-09-01 14:57:19.071791,drjake@pankanaturalhealth.com,Leads-Search-1,22767146837,CAMPAIGN_CRITERION,REMOVE,campaign;criterionId;keyword.matchType;keyword.text;negative;resourceName;status,"Removed campaign criterion ""Leads-Search-1""; changed: campaign, criterionid, matchtype, text, negative, resourcename, status"
google_ads,2026-09-01 14:57:19.071791,drjake@pankanaturalhealth.com,Leads-Search-1,22767146837,CAMPAIGN_CRITERION,CREATE,campaign;criterionId;keyword.matchType;keyword.text;negative;resourceName,"Created campaign criterion ""Leads-Search-1"""
google_ads,2026-09-01 14:57:13.497263,drjake@pankanaturalhealth.com,Leads-Search-1,22767146837,CAMPAIGN_CRITERION,REMOVE,campaign;criterionId;keyword.matchType;keyword.text;negative;resourceName;status,"Removed campaign criterion ""Leads-Search-1""; changed: campaign, criterionid, matchtype, text, negative, resourcename, status"
google_ads,2026-09-01 14:57:13.497263,drjake@pankanaturalhealth.com,Leads-Search-1,22767146837,CAMPAIGN_CRITERION,CREATE,campaign;criterionId;keyword.matchType;keyword.text;negative;resourceName,"Created campaign criterion ""Leads-Search-1"""
google_ads,2026-09-01 14:57:07.324911,drjake@pankanaturalhealth.com,Leads-Search-1,22767146837,CAMPAIGN_CRITERION,REMOVE,campaign;criterionId;keyword.matchType;keyword.text;negative;resourceName;status,"Removed campaign criterion ""Leads-Search-1""; changed: campaign, criterionid, matchtype, text, negative, resourcename, status"
google_ads,2026-09-01 14:57:07.324911,drjake@pankanaturalhealth.com,Leads-Search-1,22767146837,CAMPAIGN_CRITERION,CREATE,campaign;criterionId;keyword.matchType;keyword.text;negative;resourceName,"Created campaign criterion ""Leads-Search-1"""
google_ads,2026-09-01 14:57:01.224927,drjake@pankanaturalhealth.com,Leads-Search-1,22767146837,CAMPAIGN_CRITERION,REMOVE,campaign;criterionId;keyword.matchType;keyword.text;negative;resourceName;status,"Removed campaign criterion ""Leads-Search-1""; changed: campaign, criterionid, matchtype, text, negative, resourcename, status"
google_ads,2026-09-01 14:57:01.224927,drjake@pankanaturalhealth.com,Leads-Search-1,22767146837,CAMPAIGN_CRITERION,CREATE,campaign;criterionId;keyword.matchType;keyword.text;negative;resourceName,"Created campaign criterion ""Leads-Search-1"""
google_ads,2026-09-01 14:56:54.551071,drjake@pankanaturalhealth.com,Leads-Search-1,22767146837,CAMPAIGN_CRITERION,REMOVE,campaign;criterionId;keyword.matchType;keyword.text;negative;resourceName;status,"Removed campaign criterion ""Leads-Search-1""; changed: campaign, criterionid, matchtype, text, negative, resourcename, status"
google_ads,2026-09-01 14:56:54.551071,drjake@pankanaturalhealth.com,Leads-Search-1,22767146837,CAMPAIGN_CRITERION,CREATE,campaign;criterionId;keyword.matchType;keyword.text;negative;resourceName,"Created campaign criterion ""Leads-Search-1"""
google_ads,2026-09-01 14:56:46.249951,drjake@pankanaturalhealth.com,Leads-Search-1,22767146837,CAMPAIGN_CRITERION,REMOVE,campaign;criterionId;keyword.matchType;keyword.text;negative;resourceName;status,"Removed campaign criterion ""Leads-Search-1""; changed: campaign, criterionid, matchtype, text, negative, resourcename, status"
google_ads,2026-09-01 14:56:46.249951,drjake@pankanaturalhealth.com,Leads-Search-1,22767146837,CAMPAIGN_CRITERION,CREATE,campaign;criterionId;keyword.matchType;keyword.text;negative;resourceName,"Created campaign criterion ""Leads-Search-1"""
google_ads,2026-09-01 14:56:39.014495,drjake@pankanaturalhealth.com,Leads-Search-1,22767146837,CAMPAIGN_CRITERION,REMOVE,campaign;criterionId;keyword.matchType;keyword.text;negative;resourceName;status,"Removed campaign criterion ""Leads-Search-1""; changed: campaign, criterionid, matchtype, text, negative, resourcename, status"
google_ads,2026-09-01 14:56:39.014495,drjake@pankanaturalhealth.com,Leads-Search-1,22767146837,CAMPAIGN_CRITERION,CREATE,campaign;criterionId;keyword.matchType;keyword.text;negative;resourceName,"Created campaign criterion ""Leads-Search-1"""
google_ads,2026-09-01 14:56:33.119727,drjake@pankanaturalhealth.com,Leads-Search-1,22767146837,CAMPAIGN_CRITERION,REMOVE,campaign;criterionId;keyword.matchType;keyword.text;negative;resourceName;status,"Removed campaign criterion ""Leads-Search-1""; changed: campaign, criterionid, matchtype, text, negative, resourcename, status"
google_ads,2026-09-01 14:56:33.119727,drjake@pankanaturalhealth.com,Leads-Search-1,22767146837,CAMPAIGN_CRITERION,CREATE,campaign;criterionId;keyword.matchType;keyword.text;negative;resourceName,"Created campaign criterion ""Leads-Search-1"""
google_ads,2026-09-01 14:56:27.159503,drjake@pankanaturalhealth.com,Leads-Search-1,22767146837,CAMPAIGN_CRITERION,REMOVE,campaign;criterionId;keyword.matchType;keyword.text;negative;resourceName;status,"Removed campaign criterion ""Leads-Search-1""; changed: campaign, criterionid, matchtype, text, negative, resourcename, status"
google_ads,2026-09-01 14:56:27.159503,drjake@pankanaturalhealth.com,Leads-Search-1,22767146837,CAMPAIGN_CRITERION,CREATE,campaign;criterionId;keyword.matchType;keyword.text;negative;resourceName,"Created campaign criterion ""Leads-Search-1"""
google_ads,2026-09-01 14:56:20.426575,drjake@pankanaturalhealth.com,Leads-Search-1,22767146837,CAMPAIGN_CRITERION,REMOVE,campaign;criterionId;keyword.matchType;keyword.text;negative;resourceName;status,"Removed campaign criterion ""Leads-Search-1""; changed: campaign, criterionid, matchtype, text, negative, resourcename, status"
google_ads,2026-09-01 14:56:20.426575,drjake@pankanaturalhealth.com,Leads-Search-1,22767146837,CAMPAIGN_CRITERION,CREATE,campaign;criterionId;keyword.matchType;keyword.text;negative;resourceName,"Created campaign criterion ""Leads-Search-1"""
google_ads,2026-09-01 14:56:12.192271,drjake@pankanaturalhealth.com,Leads-Search-1,22767146837,CAMPAIGN_CRITERION,REMOVE,campaign;criterionId;keyword.matchType;keyword.text;negative;resourceName;status,"Removed campaign criterion ""Leads-Search-1""; changed: campaign, criterionid, matchtype, text, negative, resourcename, status"
google_ads,2026-09-01 14:56:12.192271,drjake@pankanaturalhealth.com,Leads-Search-1,22767146837,CAMPAIGN_CRITERION,CREATE,campaign;criterionId;keyword.matchType;keyword.text;negative;resourceName,"Created campaign criterion ""Leads-Search-1"""
google_ads,2026-09-01 14:55:57.553775,drjake@pankanaturalhealth.com,Leads-Search-1,22767146837,CAMPAIGN_CRITERION,REMOVE,campaign;criterionId;keyword.matchType;keyword.text;negative;resourceName;status,"Removed campaign criterion ""Leads-Search-1""; changed: campaign, criterionid, matchtype, text, negative, resourcename, status"
google_ads,2026-09-01 14:55:57.553775,drjake@pankanaturalhealth.com,Leads-Search-1,22767146837,CAMPAIGN_CRITERION,CREATE,campaign;criterionId;keyword.matchType;keyword.text;negative;resourceName,"Created campaign criterion ""Leads-Search-1"""
google_ads,2026-09-01 13:31:39.618095,drjake@pankanaturalhealth.com,Leads-Search-1,22767146837,CAMPAIGN_CRITERION,REMOVE,campaign;criterionId;keyword.matchType;keyword.text;negative;resourceName;status,"Removed campaign criterion ""Leads-Search-1""; changed: campaign, criterionid, matchtype, text, negative, resourcename, status"
google_ads,2026-09-01 13:31:23.890271,drjake@pankanaturalhealth.com,Leads-Search-1,22767146837,CAMPAIGN_CRITERION,REMOVE,campaign;criterionId;keyword.matchType;keyword.text;negative;resourceName;status,"Removed campaign criterion ""Leads-Search-1""; changed: campaign, criterionid, matchtype, text, negative, resourcename, status"
google_ads,2026-09-01 13:31:07.820127,drjake@pankanaturalhealth.com,Leads-Search-1,22767146837,CAMPAIGN_CRITERION,REMOVE,campaign;criterionId;keyword.matchType;keyword.text;negative;resourceName;status,"Removed campaign criterion ""Leads-Search-1""; changed: campaign, criterionid, matchtype, text, negative, resourcename, status"
google_ads,2026-09-01 13:19:02.234527,drjake@pankanaturalhealth.com,Leads-Search-1,22767146837,CAMPAIGN_CRITERION,CREATE,campaign;criterionId;keyword.matchType;keyword.text;negative;resourceName,"Created campaign criterion ""Leads-Search-1"""
google_ads,2026-09-01 13:19:02.234527,drjake@pankanaturalhealth.com,Leads-Search-1,22767146837,CAMPAIGN_CRITERION,CREATE,campaign;criterionId;keyword.matchType;keyword.text;negative;resourceName,"Created campaign criterion ""Leads-Search-1"""
google_ads,2026-09-01 13:19:02.234527,drjake@pankanaturalhealth.com,Leads-Search-1,22767146837,CAMPAIGN_CRITERION,CREATE,campaign;criterionId;keyword.matchType;keyword.text;negative;resourceName,"Created campaign criterion ""Leads-Search-1"""
google_ads,2026-09-01 13:19:02.234527,drjake@pankanaturalhealth.com,Leads-Search-1,22767146837,CAMPAIGN_CRITERION,CREATE,campaign;criterionId;keyword.matchType;keyword.text;negative;resourceName,"Created campaign criterion ""Leads-Search-1"""
google_ads,2026-09-01 13:19:02.234527,drjake@pankanaturalhealth.com,Leads-Search-1,22767146837,CAMPAIGN_CRITERION,CREATE,campaign;criterionId;keyword.matchType;keyword.text;negative;resourceName,"Created campaign criterion ""Leads-Search-1"""
google_ads,2026-09-01 13:17:23.080479,drjake@pankanaturalhealth.com,Leads-Search-1,22767146837,CAMPAIGN_CRITERION,CREATE,campaign;criterionId;keyword.matchType;keyword.text;negative;resourceName,"Created campaign criterion ""Leads-Search-1"""
google_ads,2026-09-01 13:17:23.080479,drjake@pankanaturalhealth.com,Leads-Search-1,22767146837,CAMPAIGN_CRITERION,CREATE,campaign;criterionId;keyword.matchType;keyword.text;negative;resourceName,"Created campaign criterion ""Leads-Search-1"""
google_ads,2026-09-01 13:17:23.080479,drjake@pankanaturalhealth.com,Leads-Search-1,22767146837,CAMPAIGN_CRITERION,CREATE,campaign;criterionId;keyword.matchType;keyword.text;negative;resourceName,"Created campaign criterion ""Leads-Search-1"""
google_ads,2026-09-01 13:17:23.080479,drjake@pankanaturalhealth.com,Leads-Search-1,22767146837,CAMPAIGN_CRITERION,CREATE,campaign;criterionId;keyword.matchType;keyword.text;negative;resourceName,"Created campaign criterion ""Leads-Search-1"""
google_ads,2026-09-01 13:17:23.080479,drjake@pankanaturalhealth.com,Leads-Search-1,22767146837,CAMPAIGN_CRITERION,CREATE,campaign;criterionId;keyword.matchType;keyword.text;negative;resourceName,"Created campaign criterion ""Leads-Search-1"""
google_ads,2026-09-01 13:17:23.080479,drjake@pankanaturalhealth.com,Leads-Search-1,22767146837,CAMPAIGN_CRITERION,CREATE,campaign;criterionId;keyword.matchType;keyword.text;negative;resourceName,"Created campaign criterion ""Leads-Search-1"""
google_ads,2026-09-01 13:17:23.080479,drjake@pankanaturalhealth.com,Leads-Search-1,22767146837,CAMPAIGN_CRITERION,CREATE,campaign;criterionId;keyword.matchType;keyword.text;negative;resourceName,"Created campaign criterion ""Leads-Search-1"""
google_ads,2026-09-01 13:17:23.080479,drjake@pankanaturalhealth.com,Leads-Search-1,22767146837,CAMPAIGN_CRITERION,CREATE,campaign;criterionId;keyword.matchType;keyword.text;negative;resourceName,"Created campaign criterion ""Leads-Search-1"""
google_ads,2026-09-01 13:17:23.080479,drjake@pankanaturalhealth.com,Leads-Search-1,22767146837,CAMPAIGN_CRITERION,CREATE,campaign;criterionId;keyword.matchType;keyword.text;negative;resourceName,"Created campaign criterion ""Leads-Search-1"""
google_ads,2026-09-01 13:17:23.080479,drjake@pankanaturalhealth.com,Leads-Search-1,22767146837,CAMPAIGN_CRITERION,CREATE,campaign;criterionId;keyword.matchType;keyword.text;negative;resourceName,"Created campaign criterion ""Leads-Search-1"""
google_ads,2026-09-01 13:17:23.080479,drjake@pankanaturalhealth.com,Leads-Search-1,22767146837,CAMPAIGN_CRITERION,CREATE,campaign;criterionId;keyword.matchType;keyword.text;negative;resourceName,"Created campaign criterion ""Leads-Search-1"""
google_ads,2026-09-01 13:17:23.080479,drjake@pankanaturalhealth.com,Leads-Search-1,22767146837,CAMPAIGN_CRITERION,CREATE,campaign;criterionId;keyword.matchType;keyword.text;negative;resourceName,"Created campaign criterion ""Leads-Search-1"""
google_ads,2026-09-01 13:17:23.080479,drjake@pankanaturalhealth.com,Leads-Search-1,22767146837,CAMPAIGN_CRITERION,CREATE,campaign;criterionId;keyword.matchType;keyword.text;negative;resourceName,"Created campaign criterion ""Leads-Search-1"""
google_ads,2026-09-01 13:17:23.080479,drjake@pankanaturalhealth.com,Leads-Search-1,22767146837,CAMPAIGN_CRITERION,CREATE,campaign;criterionId;keyword.matchType;keyword.text;negative;resourceName,"Created campaign criterion ""Leads-Search-1"""
google_ads,2026-09-01 13:16:48.674351,drjake@pankanaturalhealth.com,Leads-Search-1,22767146837,CAMPAIGN_CRITERION,CREATE,campaign;criterionId;keyword.matchType;keyword.text;negative;resourceName,"Created campaign criterion ""Leads-Search-1"""
google_ads,2026-09-01 13:16:48.674351,drjake@pankanaturalhealth.com,Leads-Search-1,22767146837,CAMPAIGN_CRITERION,CREATE,campaign;criterionId;keyword.matchType;keyword.text;negative;resourceName,"Created campaign criterion ""Leads-Search-1"""
google_ads,2026-09-01 13:16:48.674351,drjake@pankanaturalhealth.com,Leads-Search-1,22767146837,CAMPAIGN_CRITERION,CREATE,campaign;criterionId;keyword.matchType;keyword.text;negative;resourceName,"Created campaign criterion ""Leads-Search-1"""
google_ads,2026-09-01 13:16:48.674351,drjake@pankanaturalhealth.com,Leads-Search-1,22767146837,CAMPAIGN_CRITERION,CREATE,campaign;criterionId;keyword.matchType;keyword.text;negative;resourceName,"Created campaign criterion ""Leads-Search-1"""
google_ads,2026-09-01 13:16:48.674351,drjake@pankanaturalhealth.com,Leads-Search-1,22767146837,CAMPAIGN_CRITERION,CREATE,campaign;criterionId;keyword.matchType;keyword.text;negative;resourceName,"Created campaign criterion ""Leads-Search-1"""
google_ads,2026-09-01 13:16:48.674351,drjake@pankanaturalhealth.com,Leads-Search-1,22767146837,CAMPAIGN_CRITERION,CREATE,campaign;criterionId;keyword.matchType;keyword.text;negative;resourceName,"Created campaign criterion ""Leads-Search-1"""
google_ads,2026-09-01 13:16:48.674351,drjake@pankanaturalhealth.com,Leads-Search-1,22767146837,CAMPAIGN_CRITERION,CREATE,campaign;criterionId;keyword.matchType;keyword.text;negative;resourceName,"Created campaign criterion ""Leads-Search-1"""
google_ads,2026-09-01 13:16:48.674351,drjake@pankanaturalhealth.com,Leads-Search-1,22767146837,CAMPAIGN_CRITERION,CREATE,campaign;criterionId;keyword.matchType;keyword.text;negative;resourceName,"Created campaign criterion ""Leads-Search-1"""
google_ads,2026-09-01 13:16:48.674351,drjake@pankanaturalhealth.com,Leads-Search-1,22767146837,CAMPAIGN_CRITERION,CREATE,campaign;criterionId;keyword.matchType;keyword.text;negative;resourceName,"Created campaign criterion ""Leads-Search-1"""
google_ads,2026-09-01 13:16:48.674351,drjake@pankanaturalhealth.com,Leads-Search-1,22767146837,CAMPAIGN_CRITERION,CREATE,campaign;criterionId;keyword.matchType;keyword.text;negative;resourceName,"Created campaign criterion ""Leads-Search-1"""
google_ads,2026-09-01 13:16:48.674351,drjake@pankanaturalhealth.com,Leads-Search-1,22767146837,CAMPAIGN_CRITERION,CREATE,campaign;criterionId;keyword.matchType;keyword.text;negative;resourceName,"Created campaign criterion ""Leads-Search-1"""
google_ads,2026-09-01 13:16:48.674351,drjake@pankanaturalhealth.com,Leads-Search-1,22767146837,CAMPAIGN_CRITERION,CREATE,campaign;criterionId;keyword.matchType;keyword.text;negative;resourceName,"Created campaign criterion ""Leads-Search-1"""
google_ads,2026-09-01 13:16:48.674351,drjake@pankanaturalhealth.com,Leads-Search-1,22767146837,CAMPAIGN_CRITERION,CREATE,campaign;criterionId;keyword.matchType;keyword.text;negative;resourceName,"Created campaign criterion ""Leads-Search-1"""
google_ads,2026-09-01 13:16:48.674351,drjake@pankanaturalhealth.com,Leads-Search-1,22767146837,CAMPAIGN_CRITERION,CREATE,campaign;criterionId;keyword.matchType;keyword.text;negative;resourceName,"Created campaign criterion ""Leads-Search-1"""
google_ads,2026-09-01 13:16:48.674351,drjake@pankanaturalhealth.com,Leads-Search-1,22767146837,CAMPAIGN_CRITERION,CREATE,campaign;criterionId;keyword.matchType;keyword.text;negative;resourceName,"Created campaign criterion ""Leads-Search-1"""
google_ads,2026-09-01 13:16:48.674351,drjake@pankanaturalhealth.com,Leads-Search-1,22767146837,CAMPAIGN_CRITERION,CREATE,campaign;criterionId;keyword.matchType;keyword.text;negative;resourceName,"Created campaign criterion ""Leads-Search-1"""
google_ads,2026-09-01 13:16:48.674351,drjake@pankanaturalhealth.com,Leads-Search-1,22767146837,CAMPAIGN_CRITERION,CREATE,campaign;criterionId;keyword.matchType;keyword.text;negative;resourceName,"Created campaign criterion ""Leads-Search-1"""
google_ads,2026-09-01 13:16:48.674351,drjake@pankanaturalhealth.com,Leads-Search-1,22767146837,CAMPAIGN_CRITERION,CREATE,campaign;criterionId;keyword.matchType;keyword.text;negative;resourceName,"Created campaign criterion ""Leads-Search-1"""
google_ads,2026-09-01 13:16:48.674351,drjake@pankanaturalhealth.com,Leads-Search-1,22767146837,CAMPAIGN_CRITERION,CREATE,campaign;criterionId;keyword.matchType;keyword.text;negative;resourceName,"Created campaign criterion ""Leads-Search-1"""
google_ads,2026-09-01 13:16:48.674351,drjake@pankanaturalhealth.com,Leads-Search-1,22767146837,CAMPAIGN_CRITERION,CREATE,campaign;criterionId;keyword.matchType;keyword.text;negative;resourceName,"Created campaign criterion ""Leads-Search-1"""
google_ads,2026-08-31 20:10:58.238143,pankanaturalhealth@gmail.com,Leads-Search-1,22767146837,CAMPAIGN_BUDGET,UPDATE,amountMicros,"Updated campaign budget ""Leads-Search-1""; changed: amountmicros"
google_ads,2026-08-31 20:10:41.781535,pankanaturalhealth@gmail.com,Leads-Search-1,22767146837,CAMPAIGN_BUDGET,UPDATE,amountMicros,"Updated campaign budget ""Leads-Search-1""; changed: amountmicros"
google_ads,2026-08-31 19:56:39.296447,pankanaturalhealth@gmail.com,Leads-Search-1,22767146837,CAMPAIGN_BUDGET,UPDATE,amountMicros,"Updated campaign budget ""Leads-Search-1""; changed: amountmicros"
google_ads,2026-08-29 16:13:34.228799,pankanaturalhealth@gmail.com,Leads-Search-1,22767146837,CAMPAIGN_CRITERION,CREATE,campaign;criterionId;keyword.matchType;keyword.text;negative;resourceName,"Created campaign criterion ""Leads-Search-1"""
google_ads,2026-08-26 20:01:49.017871,pankanaturalhealth@gmail.com,Leads-Search-1,22767146837,CAMPAIGN_BUDGET,UPDATE,amountMicros,"Updated campaign budget ""Leads-Search-1""; changed: amountmicros"
supermetrics,2026-08-17 16:54:42,drjake@pankanaturalhealth.com,Leads-Search-1,22767146837,CLAUDE,UPDATE,platform_settings,Updated campaign
supermetrics,2026-08-10 13:44:48,drjake@pankanaturalhealth.com,Leads-Search-1,22767146837,CLAUDE,UPDATE,ad_groups,Updated 1 ad group(s)
supermetrics,2026-08-10 13:33:02,drjake@pankanaturalhealth.com,Leads-Search-1,22767146837,CLAUDE,UPDATE,targeting,Targeting updated: negative_keywords
supermetrics,2026-08-10 13:29:58,drjake@pankanaturalhealth.com,Leads-Search-1,22767146837,CLAUDE,UPDATE,targeting,Targeting updated: negative_keywords
supermetrics,2026-08-07 12:30:20,drjake@pankanaturalhealth.com,Leads-Search-1,22767146837,CLAUDE,UPDATE,ad_groups,Updated 1 ad group(s)
supermetrics,2026-08-07 12:29:43,drjake@pankanaturalhealth.com,Leads-Search-1,22767146837,CLAUDE,UPDATE,ad_groups,Updated 4 ad group(s)
supermetrics,2026-08-07 12:29:15,drjake@pankanaturalhealth.com,Leads-Search-1,22767146837,CLAUDE,UPDATE,targeting,"Targeting updated: languages, negative_keywords, location_details"
supermetrics,2026-08-03 18:18:41,drjake@pankanaturalhealth.com,Leads-Search-1,22767146837,CLAUDE,UPDATE,ad_groups,Updated 1 ad group(s)
supermetrics,2026-08-03 18:18:00,drjake@pankanaturalhealth.com,Leads-Search-1,22767146837,CLAUDE,UPDATE,targeting,"Targeting updated: languages, negative_keywords, location_details"
supermetrics,2026-07-31 21:22:45,drjake@pankanaturalhealth.com,Leads-Search-1,22767146837,CLAUDE,UPDATE,remove_ad_group_ids,Removed 1 ad group(s)
supermetrics,2026-07-31 21:22:32,drjake@pankanaturalhealth.com,Leads-Search-1,22767146837,CLAUDE,UPDATE,ad_groups,Updated 3 ad group(s)
supermetrics,2026-07-31 21:19:44,drjake@pankanaturalhealth.com,Leads-Search-1,22767146837,CLAUDE,UPDATE,targeting,"Targeting updated: languages, negative_keywords, location_details"
supermetrics,2026-07-29 15:51:45,drjake@pankanaturalhealth.com,Leads-Search-1,22767146837,CLAUDE,UPDATE,ad_groups;targeting,"Targeting updated: languages, negative_keywords, location_details; Updated 3 ad group(s)"
supermetrics,2026-07-17 17:55:59,drjake@pankanaturalhealth.com,Leads-Search-1,22767146837,CLAUDE,UPDATE,platform_settings,Updated campaign
supermetrics,2026-07-17 05:52:32,drjake@pankanaturalhealth.com,Leads-Search-1,22767146837,CLAUDE,UPDATE,platform_settings,Updated campaign
supermetrics,2026-07-17 05:28:36,drjake@pankanaturalhealth.com,PNHdefense-Website traffic-Search-2,23888858069,CLAUDE,UPDATE,ad_groups,Updated 1 ad group(s); Updated 1 ad(s)
supermetrics,2026-07-17 05:27:27,drjake@pankanaturalhealth.com,PNHdefense-Website traffic-Search-2,23888858069,CLAUDE,UPDATE,ad_groups,Updated 1 ad group(s)
supermetrics,2026-07-17 05:23:31,drjake@pankanaturalhealth.com,Leads-Search-1,22767146837,CLAUDE,UPDATE,ad_groups,Updated 6 ad group(s); Updated 6 ad(s)
supermetrics,2026-07-17 05:22:26,drjake@pankanaturalhealth.com,Leads-Search-1,22767146837,CLAUDE,UPDATE,ad_groups,Updated 6 ad group(s); Added 6 ad(s)
supermetrics,2026-07-17 05:21:49,drjake@pankanaturalhealth.com,Leads-PMax-Video-1,24032465476,CLAUDE,UPDATE,ad_groups,Updated 2 ad group(s)
supermetrics,2026-07-17 05:21:25,drjake@pankanaturalhealth.com,Leads-PMax-Video-1,24032465476,CLAUDE,UPDATE,ad_groups;platform_settings,Updated 2 ad group(s)
supermetrics,2026-07-17 05:14:31,drjake@pankanaturalhealth.com,PNHdefense-Website traffic-Search-2,23888858069,CLAUDE,UPDATE,ad_groups,Updated 1 ad group(s); Updated 1 ad(s)
supermetrics,2026-07-17 04:54:53,drjake@pankanaturalhealth.com,Leads-PMax-Video-1,24032465476,CLAUDE,UPDATE,ad_groups,Updated 2 ad group(s)
supermetrics,2026-07-17 04:54:29,drjake@pankanaturalhealth.com,Leads-PMax-Video-1,24032465476,CLAUDE,UPDATE,ad_groups;platform_settings,Updated 2 ad group(s)
supermetrics,2026-07-17 04:31:33,drjake@pankanaturalhealth.com,Leads-Search-1,22767146837,CLAUDE,UPDATE,targeting,"Targeting updated: languages, negative_keywords"
supermetrics,2026-07-16 17:42:02,drjake@pankanaturalhealth.com,Leads-PMax-Video-1,24032465476,CLAUDE,UPDATE,ad_groups,Updated 2 ad group(s); Updated 2 ad(s)
supermetrics,2026-07-13 17:46:00,drjake@pankanaturalhealth.com,Leads-PMax-Video-1,24032465476,CLAUDE,CREATE,ad_groups;budget_amount;budget_type;name;platform_settings;status;targeting,"Created campaign; budget 10 DAILY; targeting: locations, languages; 2 ad group(s), 2 ad(s)"
supermetrics,2026-07-13 17:45:24,drjake@pankanaturalhealth.com,,24032463085,CLAUDE,CREATE,ad_groups;budget_amount;budget_type;name;platform_settings;status;targeting,"Created campaign; budget 10 DAILY; targeting: locations, languages; 2 ad group(s), 2 ad(s)"
supermetrics,2026-07-13 17:44:21,drjake@pankanaturalhealth.com,,24028056923,CLAUDE,CREATE,ad_groups;budget_amount;budget_type;name;platform_settings;status;targeting,"Created campaign; budget 10 DAILY; targeting: locations, languages; 2 ad group(s), 2 ad(s)"
supermetrics,2026-06-12 08:51:59,drjake@pankanaturalhealth.com,Leads-Search-1,22767146837,CLAUDE,UPDATE,ad_groups,Updated 5 ad group(s)
supermetrics,2026-06-12 08:50:55,drjake@pankanaturalhealth.com,Leads-Search-1,22767146837,CLAUDE,UPDATE,ad_groups,Updated 6 ad group(s)
supermetrics,2026-06-12 08:48:10,drjake@pankanaturalhealth.com,Leads-Search-1,22767146837,CLAUDE,UPDATE,targeting,"Targeting updated: languages, negative_keywords"
supermetrics,2026-06-12 08:46:33,drjake@pankanaturalhealth.com,Leads-Search-1,22767146837,CLAUDE,UPDATE,ad_groups,Added 6 ad group(s); Added 6 ad(s)
