Yearmonth,Campaignname,CampaignID,City,Region,Country,Impressions,Clicks,Cost,Ctr,Conversions,CostPerConversion
2025|06,Campaign #1,22625352639,Minneapolis,Minnesota,United States,1598,43,24.3442,0.0269,26,0.9363
2025|06,Campaign #1,22625352639,Chanhassen,Minnesota,United States,45,5,21.4787,0.1111,2,10.7393
2025|06,Campaign #1,22625352639,Blaine,Minnesota,United States,101,8,20.3495,0.0792,7,2.9071
2025|06,Campaign #1,22625352639,Minnetonka,Minnesota,United States,307,11,18.9629,0.0358,10,1.8963
2025|06,Campaign #1,22625352639,Lakeville,Minnesota,United States,118,6,17.3392,0.0508,3,5.7797
2025|06,Campaign #1,22625352639,Burnsville,Minnesota,United States,112,6,15.3134,0.0536,0,
2025|06,Campaign #1,22625352639,Plymouth,Minnesota,United States,175,10,13.0822,0.0571,9,1.4536
2025|06,Campaign #1,22625352639,Fargo,North Dakota,United States,26,2,12.9183,0.0769,0,
2025|06,Campaign #1,22625352639,Hopkins,Minnesota,United States,209,4,12.2593,0.0191,2,6.1296
2025|06,Campaign #1,22625352639,Edina,Minnesota,United States,132,5,11.1776,0.0379,0,
2025|06,Campaign #1,22625352639,Little Canada,Minnesota,United States,546,19,10.3913,0.0348,11,0.9447
2025|06,Campaign #1,22625352639,Eden Prairie,Minnesota,United States,150,6,8.5392,0.04,8,1.0674
2025|06,Campaign #1,22625352639,Oak Grove,Minnesota,United States,46,3,8.1663,0.0652,7,1.1666
2025|06,Campaign #1,22625352639,Buffalo,Minnesota,United States,17,1,7.8069,0.0588,0,
2025|06,Campaign #1,22625352639,Brainerd,Minnesota,United States,7,2,7.3443,0.2857,0,
2025|06,Campaign #1,22625352639,Saint Paul,Minnesota,United States,618,20,7.0493,0.0324,14,0.5035
2025|06,Campaign #1,22625352639,North Oaks,Minnesota,United States,55,2,6.7769,0.0364,3,2.259
2025|06,Campaign #1,22625352639,Richfield,Minnesota,United States,96,3,6.0644,0.0313,2,3.0322
2025|06,Campaign #1,22625352639,Howard Lake,Minnesota,United States,4,2,5.2217,0.5,3,1.7406
2025|06,Campaign #1,22625352639,Robbinsdale,Minnesota,United States,62,2,4.5029,0.0323,4,1.1257
2025|06,Campaign #1,22625352639,New Prague,Minnesota,United States,16,2,4.3832,0.125,1,4.3832
2025|06,Campaign #1,22625352639,Two Harbors,Minnesota,United States,3,1,4.0441,0.3333,0,
2025|06,Campaign #1,22625352639,Eau Claire,Wisconsin,United States,25,2,3.3699,0.08,0,
2025|06,Campaign #1,22625352639,Brooklyn Center,Minnesota,United States,36,1,3.3014,0.0278,0,
2025|06,Campaign #1,22625352639,Brooklyn Park,Minnesota,United States,134,5,3.2744,0.0373,0,
2025|06,Campaign #1,22625352639,Alburnett,Iowa,United States,4,1,3.08,0.25,1,3.08
2025|06,Campaign #1,22625352639,Mendota Heights,Minnesota,United States,22,1,2.7416,0.0455,0,
2025|06,Campaign #1,22625352639,Apple Valley,Minnesota,United States,69,4,2.691,0.058,4,0.6728
2025|06,Campaign #1,22625352639,Belle Plaine,Minnesota,United States,7,1,2.6902,0.1429,0,
2025|06,Campaign #1,22625352639,Verndale,Minnesota,United States,2,2,2.58,1,0,
2025|06,Campaign #1,22625352639,St. Louis Park,Minnesota,United States,289,5,2.2426,0.0173,2,1.1213
2025|06,Campaign #1,22625352639,Marshfield,Wisconsin,United States,7,1,2.2148,0.1429,1,2.2148
2025|06,Campaign #1,22625352639,West Saint Paul,Minnesota,United States,40,1,2.2026,0.025,0,
2025|06,Campaign #1,22625352639,Rockford,Michigan,United States,2,1,2.1977,0.5,1,2.1977
2025|06,Campaign #1,22625352639,Le Center,Minnesota,United States,2,2,2.197,1,1,2.197
2025|06,Campaign #1,22625352639,Crystal,Minnesota,United States,47,2,2.1868,0.0426,2,1.0934
2025|06,Campaign #1,22625352639,Otsego,Minnesota,United States,60,1,2.1541,0.0167,0,
2025|06,Campaign #1,22625352639,Sauk City,Wisconsin,United States,1,1,1.91,1,0,
2025|06,Campaign #1,22625352639,Lubbock,Texas,United States,2,1,1.85,0.5,0,
2025|06,Campaign #1,22625352639,Ham Lake,Minnesota,United States,55,2,1.8486,0.0364,2,0.9243
2025|06,Campaign #1,22625352639,Grove City,Minnesota,United States,2,1,1.71,0.5,0,
2025|06,Campaign #1,22625352639,Rochester,Minnesota,United States,61,1,1.6806,0.0164,4,0.4202
2025|06,Campaign #1,22625352639,Sturgeon Bay,Wisconsin,United States,1,1,1.47,1,0,
2025|06,Campaign #1,22625352639,Cohasset,Minnesota,United States,1,1,1.46,1,0,
2025|06,Campaign #1,22625352639,Sparta,Wisconsin,United States,3,1,1.4444,0.3333,0,
2025|06,Campaign #1,22625352639,Chicago,Illinois,United States,32,1,1.39,0.0313,3,0.4633
2025|06,Campaign #1,22625352639,Decorah,Iowa,United States,6,2,1.3616,0.3333,0,
2025|06,Campaign #1,22625352639,Overland Park,Kansas,United States,3,1,1.36,0.3333,0,
2025|06,Campaign #1,22625352639,La Crescent,Minnesota,United States,2,1,1.29,0.5,0,
2025|06,Campaign #1,22625352639,Prairie du Chien,Wisconsin,United States,4,1,1.2872,0.25,2,0.6436
2025|06,Campaign #1,22625352639,Albany,Minnesota,United States,2,1,1.2783,0.5,0,
2025|06,Campaign #1,22625352639,Hastings,Minnesota,United States,26,1,1.2727,0.0385,0,
2025|06,Campaign #1,22625352639,Dayton,Minnesota,United States,15,1,1.1776,0.0667,0,
2025|06,Campaign #1,22625352639,Golden Valley,Minnesota,United States,59,2,1.1774,0.0339,2,0.5887
2025|06,Campaign #1,22625352639,Eagan,Minnesota,United States,93,5,1.1759,0.0538,0,
2025|06,Campaign #1,22625352639,Sartell,Minnesota,United States,7,1,1.1594,0.1429,0,
2025|06,Campaign #1,22625352639,Saint Anthony,Minnesota,United States,118,2,1.1479,0.0169,1,1.1479
2025|06,Campaign #1,22625352639,Garner,Iowa,United States,3,1,1.1426,0.3333,0,
2025|06,Campaign #1,22625352639,Shakopee,Minnesota,United States,78,2,1.109,0.0256,1,1.109
2025|06,Campaign #1,22625352639,Litchfield,Minnesota,United States,2,1,0.96,0.5,0,
2025|06,Campaign #1,22625352639,Mankato,Minnesota,United States,18,1,0.9536,0.0556,0,
2025|06,Campaign #1,22625352639,New Hope,Minnesota,United States,88,2,0.9473,0.0227,2,0.4736
2025|06,Campaign #1,22625352639,Iowa City,Iowa,United States,1,1,0.88,1,1,0.88
2025|06,Campaign #1,22625352639,Wadena,Minnesota,United States,2,1,0.8747,0.5,0,
2025|06,Campaign #1,22625352639,Onalaska,Wisconsin,United States,4,1,0.8743,0.25,0,
2025|06,Campaign #1,22625352639,Emily,Minnesota,United States,1,1,0.83,1,0,
2025|06,Campaign #1,22625352639,East Gull Lake,Minnesota,United States,12,1,0.82,0.0833,0,
2025|06,Campaign #1,22625352639,Grand Rapids,Minnesota,United States,5,1,0.6595,0.2,0,
2025|06,Campaign #1,22625352639,Bloomington,Minnesota,United States,206,5,0.6331,0.0243,4,0.1583
2025|06,Campaign #1,22625352639,Dakota,Minnesota,United States,3,1,0.61,0.3333,0,
2025|06,Campaign #1,22625352639,Lake Park,Minnesota,United States,6,1,0.6,0.1667,0,
2025|06,Campaign #1,22625352639,Bengaluru,India Urban,India,14,1,0.48,0.0714,0,
2025|06,Campaign #1,22625352639,North Mankato,Minnesota,United States,4,1,0.4509,0.25,0,
2025|06,Campaign #1,22625352639,Guayama,Puerto Rico,Puerto Rico,3,1,0.45,0.3333,1,0.45
2025|06,Campaign #1,22625352639,Tomah,Wisconsin,United States,5,1,0.4378,0.2,0,
2025|06,Campaign #1,22625352639,Sahiwal,Punjab,Pakistan,1,1,0.36,1,0,
2025|06,Campaign #1,22625352639,Sherburn,Minnesota,United States,1,1,0.34,1,0,
2025|06,Campaign #1,22625352639,Eagle Grove,Iowa,United States,1,1,0.3355,1,0,
2025|06,Campaign #1,22625352639,Cold Spring,Minnesota,United States,3,1,0.33,0.3333,0,
2025|06,Campaign #1,22625352639,Maplewood,Minnesota,United States,78,4,0.3091,0.0513,3,0.103
2025|06,Campaign #1,22625352639,Coon Rapids,Minnesota,United States,76,1,0.2979,0.0132,0,
2025|06,Campaign #1,22625352639,Le Mars,Iowa,United States,2,1,0.2965,0.5,0,
2025|06,Campaign #1,22625352639,Breckenridge,Minnesota,United States,1,1,0.29,1,0,
2025|06,Campaign #1,22625352639,Woodbury,Minnesota,United States,71,0,0.2584,0,0,
2025|06,Campaign #1,22625352639,Sioux Falls,South Dakota,United States,47,1,0.234,0.0213,0,
2025|06,Campaign #1,22625352639,Oakdale,Minnesota,United States,44,3,0.2213,0.0682,2,0.1106
2025|06,Campaign #1,22625352639,New Brighton,Minnesota,United States,66,2,0.2189,0.0303,2,0.1094
2025|06,Campaign #1,22625352639,South Saint Paul,Minnesota,United States,41,0,0.2025,0,0,
2025|06,Campaign #1,22625352639,Maple Grove,Minnesota,United States,88,3,0.1823,0.0341,3,0.0608
2025|06,Campaign #1,22625352639,Corcoran,Minnesota,United States,27,1,0.1658,0.037,0,
2025|06,Campaign #1,22625352639,Dellwood,Minnesota,United States,41,0,0.1567,0,0,
2025|06,Campaign #1,22625352639,Spring Lake Park,Minnesota,United States,31,0,0.1513,0,0,
2025|06,Campaign #1,22625352639,Cottage Grove,Minnesota,United States,44,0,0.1475,0,0,
2025|06,Campaign #1,22625352639,St. Cloud,Minnesota,United States,25,0,0.1469,0,0,
2025|06,Campaign #1,22625352639,Waterloo,Iowa,United States,17,0,0.1005,0,1,0.1005
2025|06,Campaign #1,22625352639,Aitkin,Minnesota,United States,4,1,0.0985,0.25,1,0.0985
2025|06,Campaign #1,22625352639,Chaska,Minnesota,United States,53,1,0.0972,0.0189,0,
2025|06,Campaign #1,22625352639,Lino Lakes,Minnesota,United States,26,2,0.0909,0.0769,2,0.0454
2025|06,Campaign #1,22625352639,Marshall,Minnesota,United States,13,0,0.0874,0,0,
2025|06,Campaign #1,22625352639,Shorewood,Minnesota,United States,38,0,0.0865,0,0,
2025|06,Campaign #1,22625352639,Rosemount,Minnesota,United States,35,1,0.086,0.0286,2,0.043
2025|06,Campaign #1,22625352639,Lake Elmo,Minnesota,United States,12,0,0.0824,0,0,
2025|06,Campaign #1,22625352639,Savage,Minnesota,United States,35,1,0.0813,0.0286,0,
2025|06,Campaign #1,22625352639,Saint Michael,Minnesota,United States,18,0,0.0746,0,0,
2025|06,Campaign #1,22625352639,Sahibzada Ajit Singh Nagar,India Urban,India,1,1,0.07,1,0,
2025|06,Campaign #1,22625352639,Marshalltown,Iowa,United States,6,0,0.0697,0,0,
2025|06,Campaign #1,22625352639,Oak Park Heights,Minnesota,United States,22,0,0.0667,0,0,
2025|06,Campaign #1,22625352639,Park Rapids,Minnesota,United States,9,1,0.0632,0.1111,0,
2025|06,Campaign #1,22625352639,Necedah,Wisconsin,United States,2,0,0.0602,0,0,
2025|06,Campaign #1,22625352639,Fridley,Minnesota,United States,18,0,0.0596,0,0,
2025|06,Campaign #1,22625352639,Wausau,Wisconsin,United States,18,1,0.0587,0.0556,1,0.0587
2025|06,Campaign #1,22625352639,Farmington,Minnesota,United States,26,1,0.0585,0.0385,0,
2025|06,Campaign #1,22625352639,West Salem,Wisconsin,United States,4,0,0.0566,0,0,
2025|06,Campaign #1,22625352639,Falcon Heights,Minnesota,United States,24,0,0.0553,0,0,
2025|06,Campaign #1,22625352639,Wisconsin Rapids,Wisconsin,United States,8,0,0.0541,0,0,
2025|06,Campaign #1,22625352639,Champlin,Minnesota,United States,27,0,0.0502,0,0,
2025|06,Campaign #1,22625352639,La Crosse,Wisconsin,United States,11,0,0.0494,0,0,
2025|06,Campaign #1,22625352639,Worthington,Minnesota,United States,10,0,0.0491,0,0,
2025|06,Campaign #1,22625352639,Hammond,Wisconsin,United States,2,0,0.0469,0,0,
2025|06,Campaign #1,22625352639,Owatonna,Minnesota,United States,13,0,0.0442,0,0,
2025|06,Campaign #1,22625352639,Austin,Minnesota,United States,11,3,0.0419,0.2727,1,0.0419
2025|06,Campaign #1,22625352639,Storm Lake,Iowa,United States,5,0,0.0419,0,0,
2025|06,Campaign #1,22625352639,East Bethel,Minnesota,United States,16,0,0.041,0,0,
2025|06,Campaign #1,22625352639,Willmar,Minnesota,United States,10,0,0.0373,0,0,
2025|06,Campaign #1,22625352639,Northfield,Minnesota,United States,19,0,0.037,0,0,
2025|06,Campaign #1,22625352639,Red Wing,Minnesota,United States,6,0,0.0366,0,0,
2025|06,Campaign #1,22625352639,Brookings,South Dakota,United States,2,0,0.0361,0,0,
2025|06,Campaign #1,22625352639,Barron,Wisconsin,United States,3,0,0.0355,0,0,
2025|06,Campaign #1,22625352639,Hermantown,Minnesota,United States,5,0,0.0338,0,0,
2025|06,Campaign #1,22625352639,Big Lake,Minnesota,United States,13,1,0.0334,0.0769,1,0.0334
2025|06,Campaign #1,22625352639,Abbotsford,Wisconsin,United States,1,0,0.033,0,0,
2025|06,Campaign #1,22625352639,Mason City,Iowa,United States,6,0,0.0328,0,0,
2025|06,Campaign #1,22625352639,Montrose,Minnesota,United States,8,0,0.0318,0,0,
2025|06,Campaign #1,22625352639,Vadnais Heights,Minnesota,United States,7,0,0.0315,0,0,
2025|06,Campaign #1,22625352639,Prior Lake,Minnesota,United States,23,0,0.0311,0,1,0.0311
2025|06,Campaign #1,22625352639,Jordan,Minnesota,United States,15,1,0.03,0.0667,0,
2025|06,Campaign #1,22625352639,Princeton,Minnesota,United States,4,0,0.0289,0,0,
2025|06,Campaign #1,22625352639,Delano,Minnesota,United States,7,1,0.0284,0.1429,0,
2025|06,Campaign #1,22625352639,Red Lake,Minnesota,United States,2,0,0.0284,0,0,
2025|06,Campaign #1,22625352639,Saint Paul Park,Minnesota,United States,6,0,0.0282,0,0,
2025|06,Campaign #1,22625352639,Crosby,Minnesota,United States,3,0,0.0277,0,0,
2025|06,Campaign #1,22625352639,Hudson,Wisconsin,United States,14,0,0.0266,0,0,
2025|06,Campaign #1,22625352639,Black River Falls,Wisconsin,United States,1,0,0.0259,0,0,
2025|06,Campaign #1,22625352639,Cambridge,Minnesota,United States,11,0,0.0259,0,0,
2025|06,Campaign #1,22625352639,Bayport,Minnesota,United States,5,0,0.0257,0,0,
2025|06,Campaign #1,22625352639,Wyoming,Minnesota,United States,11,0,0.0245,0,0,
2025|06,Campaign #1,22625352639,Viroqua,Wisconsin,United States,1,0,0.024,0,0,
2025|06,Campaign #1,22625352639,Holmen,Wisconsin,United States,4,0,0.0234,0,0,
2025|06,Campaign #1,22625352639,Mora,Minnesota,United States,5,0,0.0232,0,0,
2025|06,Campaign #1,22625352639,Stevens Point,Wisconsin,United States,3,0,0.0224,0,0,
2025|06,Campaign #1,22625352639,Afton,Minnesota,United States,5,1,0.0223,0.2,1,0.0223
2025|06,Campaign #1,22625352639,Minnetrista,Minnesota,United States,31,0,0.0223,0,0,
2025|06,Campaign #1,22625352639,Hibbing,Minnesota,United States,5,0,0.0212,0,0,
2025|06,Campaign #1,22625352639,Pine City,Minnesota,United States,4,2,0.0212,0.5,0,
2025|06,Campaign #1,22625352639,Pipestone,South Dakota,United States,1,0,0.0212,0,0,
2025|06,Campaign #1,22625352639,Cedar Falls,Iowa,United States,8,0,0.0205,0,0,
2025|06,Campaign #1,22625352639,Carver,Minnesota,United States,6,0,0.0203,0,0,
2025|06,Campaign #1,22625352639,Rockville,Minnesota,United States,1,0,0.02,0,0,
2025|06,Campaign #1,22625352639,Yangon,Yangon Region,Myanmar (Burma),1,1,0.02,1,0,
2025|06,Campaign #1,22625352639,Wahpeton,North Dakota,United States,1,0,0.0199,0,0,
2025|06,Campaign #1,22625352639,Waconia,Minnesota,United States,13,1,0.0198,0.0769,2,0.0099
2025|06,Campaign #1,22625352639,Fort Dodge,Iowa,United States,6,1,0.0197,0.1667,0,
2025|06,Campaign #1,22625352639,Waite Park,Minnesota,United States,1,0,0.0194,0,0,
2025|06,Campaign #1,22625352639,Superior,Wisconsin,United States,2,0,0.0191,0,0,
2025|06,Campaign #1,22625352639,Jefferson,Iowa,United States,1,0,0.019,0,0,
2025|06,Campaign #1,22625352639,Sanborn,Iowa,United States,1,0,0.019,0,0,
2025|06,Campaign #1,22625352639,Wayzata,Minnesota,United States,26,0,0.019,0,0,
2025|06,Campaign #1,22625352639,Independence,Minnesota,United States,6,0,0.0188,0,0,
2025|06,Campaign #1,22625352639,Lake Delton,Wisconsin,United States,3,0,0.0188,0,0,
2025|06,Campaign #1,22625352639,Cherokee,Iowa,United States,3,0,0.0186,0,0,
2025|06,Campaign #1,22625352639,Little Falls,Minnesota,United States,4,0,0.0184,0,0,
2025|06,Campaign #1,22625352639,Nashua,Iowa,United States,2,0,0.0179,0,0,
2025|06,Campaign #1,22625352639,Waverly,Iowa,United States,1,0,0.0176,0,0,
2025|06,Campaign #1,22625352639,Zimmerman,Minnesota,United States,12,0,0.0176,0,0,
2025|06,Campaign #1,22625352639,Albert Lea,Minnesota,United States,4,0,0.0175,0,0,
2025|06,Campaign #1,22625352639,Faribault,Minnesota,United States,9,0,0.0172,0,0,
2025|06,Campaign #1,22625352639,Dorchester,Wisconsin,United States,1,0,0.0169,0,0,
2025|06,Campaign #1,22625352639,Columbus,Minnesota,United States,11,0,0.0167,0,0,
2025|06,Campaign #1,22625352639,Centerville,Minnesota,United States,9,0,0.0165,0,0,
2025|06,Campaign #1,22625352639,Hampton,Minnesota,United States,3,0,0.0165,0,0,
2025|06,Campaign #1,22625352639,Onamia,Minnesota,United States,2,0,0.016,0,0,
2025|06,Campaign #1,22625352639,Cologne,Minnesota,United States,3,0,0.0154,0,0,
2025|06,Campaign #1,22625352639,Spirit Lake,Iowa,United States,3,1,0.0154,0.3333,0,
2025|06,Campaign #1,22625352639,Colfax,Wisconsin,United States,3,0,0.0152,0,0,
2025|06,Campaign #1,22625352639,Bemidji,Minnesota,United States,4,0,0.0148,0,0,
2025|06,Campaign #1,22625352639,River Falls,Wisconsin,United States,7,0,0.0144,0,0,
2025|06,Campaign #1,22625352639,Sleepy Eye,Minnesota,United States,2,0,0.0142,0,0,
2025|06,Campaign #1,22625352639,Fairmont,Minnesota,United States,4,0,0.014,0,0,
2025|06,Campaign #1,22625352639,Moorhead,Minnesota,United States,3,0,0.014,0,0,
2025|06,Campaign #1,22625352639,Cannon Falls,Minnesota,United States,4,0,0.0139,0,0,
2025|06,Campaign #1,22625352639,Sisseton,South Dakota,United States,2,0,0.0139,0,0,
2025|06,Campaign #1,22625352639,Walker,Minnesota,United States,3,1,0.0135,0.3333,0,
2025|06,Campaign #1,22625352639,Plainview,Minnesota,United States,1,0,0.0133,0,0,
2025|06,Campaign #1,22625352639,Lindstrom,Minnesota,United States,6,0,0.013,0,0,
2025|06,Campaign #1,22625352639,Cass Lake,Minnesota,United States,4,0,0.0129,0,0,
2025|06,Campaign #1,22625352639,Charles City,Iowa,United States,3,0,0.0129,0,0,
2025|06,Campaign #1,22625352639,Emmetsburg,Iowa,United States,2,0,0.0129,0,0,
2025|06,Campaign #1,22625352639,Duluth,Minnesota,United States,15,0,0.0125,0,0,
2025|06,Campaign #1,22625352639,Wisconsin Dells,Wisconsin,United States,4,0,0.0125,0,0,
2025|06,Campaign #1,22625352639,Clear Lake,Iowa,United States,1,0,0.0121,0,0,
2025|06,Campaign #1,22625352639,Manchester,Iowa,United States,2,0,0.0121,0,0,
2025|06,Campaign #1,22625352639,Kingsley,Iowa,United States,1,0,0.0117,0,0,
2025|06,Campaign #1,22625352639,Newport,Minnesota,United States,5,0,0.0115,0,0,
2025|06,Campaign #1,22625352639,Waverly,South Dakota,United States,2,0,0.0114,0,0,
2025|06,Campaign #1,22625352639,Hutchinson,Minnesota,United States,4,0,0.0113,0,0,
2025|06,Campaign #1,22625352639,Glencoe,Minnesota,United States,2,0,0.011,0,0,
2025|06,Campaign #1,22625352639,Medford,Minnesota,United States,2,0,0.0109,0,0,
2025|06,Campaign #1,22625352639,Dumont,Iowa,United States,2,0,0.0108,0,0,
2025|06,Campaign #1,22625352639,Norwood Young America,Minnesota,United States,2,0,0.0108,0,0,
2025|06,Campaign #1,22625352639,Saint Augusta,Minnesota,United States,6,0,0.0108,0,0,
2025|06,Campaign #1,22625352639,Victoria,Minnesota,United States,11,0,0.0107,0,0,
2025|06,Campaign #1,22625352639,Chetek,Wisconsin,United States,1,1,0.0105,1,0,
2025|06,Campaign #1,22625352639,Lansing,Iowa,United States,1,0,0.0105,0,0,
2025|06,Campaign #1,22625352639,Prescott,Wisconsin,United States,2,0,0.0105,0,0,
2025|06,Campaign #1,22625352639,Waseca,Minnesota,United States,3,0,0.0105,0,0,
2025|06,Campaign #1,22625352639,Ames,Iowa,United States,2,0,0.0103,0,0,
2025|06,Campaign #1,22625352639,Baraboo,Wisconsin,United States,2,0,0.0103,0,0,
2025|06,Campaign #1,22625352639,Ironwood,Michigan,United States,1,0,0.0103,0,0,
2025|06,Campaign #1,22625352639,Bessemer,Michigan,United States,1,0,0.0102,0,0,
2025|06,Campaign #1,22625352639,Elko New Market,Minnesota,United States,7,1,0.0102,0.1429,2,0.0051
2025|06,Campaign #1,22625352639,Inwood,Iowa,United States,1,0,0.0099,0,0,
2025|06,Campaign #1,22625352639,Ivanhoe,Minnesota,United States,1,0,0.0099,0,0,
2025|06,Campaign #1,22625352639,Spooner,Wisconsin,United States,1,0,0.0098,0,0,
2025|06,Campaign #1,22625352639,Cadott,Wisconsin,United States,2,0,0.0097,0,0,
2025|06,Campaign #1,22625352639,Oronoco,Minnesota,United States,2,1,0.0097,0.5,0,
2025|06,Campaign #1,22625352639,Harris,Minnesota,United States,4,0,0.0095,0,0,
2025|06,Campaign #1,22625352639,Kasson,Minnesota,United States,1,0,0.0095,0,0,
2025|06,Campaign #1,22625352639,Plover,Wisconsin,United States,1,0,0.0095,0,0,
2025|06,Campaign #1,22625352639,Carlton,Minnesota,United States,3,0,0.0093,0,0,
2025|06,Campaign #1,22625352639,Rosholt,Wisconsin,United States,1,0,0.0093,0,0,
2025|06,Campaign #1,22625352639,Horace,North Dakota,United States,2,0,0.0091,0,0,
2025|06,Campaign #1,22625352639,North Branch,Minnesota,United States,3,0,0.0091,0,0,
2025|06,Campaign #1,22625352639,Dyersville,Iowa,United States,1,0,0.009,0,0,
2025|06,Campaign #1,22625352639,Forest City,Iowa,United States,1,0,0.0089,0,0,
2025|06,Campaign #1,22625352639,Osage,Iowa,United States,2,0,0.0088,0,0,
2025|06,Campaign #1,22625352639,Eagle Lake,Minnesota,United States,5,1,0.0085,0.2,0,
2025|06,Campaign #1,22625352639,Eagle River,Wisconsin,United States,2,0,0.0084,0,0,
2025|06,Campaign #1,22625352639,Renner,South Dakota,United States,1,0,0.0084,0,0,
2025|06,Campaign #1,22625352639,Melbourne,Iowa,United States,1,0,0.0082,0,0,
2025|06,Campaign #1,22625352639,Sioux City,Iowa,United States,3,0,0.0082,0,0,
2025|06,Campaign #1,22625352639,Amherst,Wisconsin,United States,1,0,0.0081,0,0,
2025|06,Campaign #1,22625352639,Aurora,Minnesota,United States,2,0,0.0081,0,0,
2025|06,Campaign #1,22625352639,Weston,Wisconsin,United States,3,0,0.008,0,0,
2025|06,Campaign #1,22625352639,Garretson,South Dakota,United States,1,0,0.0079,0,0,
2025|06,Campaign #1,22625352639,Hayward,Wisconsin,United States,5,0,0.0079,0,0,
2025|06,Campaign #1,22625352639,Grant,Minnesota,United States,2,0,0.0078,0,0,
2025|06,Campaign #1,22625352639,Brandon,South Dakota,United States,2,0,0.0077,0,0,
2025|06,Campaign #1,22625352639,Amery,Wisconsin,United States,1,0,0.0076,0,0,
2025|06,Campaign #1,22625352639,Boone,Iowa,United States,1,0,0.0076,0,0,
2025|06,Campaign #1,22625352639,Mayer,Minnesota,United States,2,0,0.0075,0,0,
2025|06,Campaign #1,22625352639,Strawberry Point,Iowa,United States,1,0,0.0075,0,0,
2025|06,Campaign #1,22625352639,Cokato,Minnesota,United States,3,0,0.0072,0,0,
2025|06,Campaign #1,22625352639,Dunkerton,Iowa,United States,1,0,0.0072,0,0,
2025|06,Campaign #1,22625352639,Nevada,Iowa,United States,2,0,0.0071,0,0,
2025|06,Campaign #1,22625352639,Silver Bay,Minnesota,United States,1,0,0.0071,0,0,
2025|06,Campaign #1,22625352639,East Grand Forks,Minnesota,United States,1,0,0.0069,0,0,
2025|06,Campaign #1,22625352639,Fergus Falls,Minnesota,United States,5,0,0.0069,0,0,
2025|06,Campaign #1,22625352639,Medina,Minnesota,United States,3,0,0.0068,0,0,
2025|06,Campaign #1,22625352639,Colman,South Dakota,United States,1,0,0.0066,0,0,
2025|06,Campaign #1,22625352639,Park Falls,Wisconsin,United States,1,0,0.0066,0,0,
2025|06,Campaign #1,22625352639,Kelliher,Minnesota,United States,1,0,0.0064,0,0,
2025|06,Campaign #1,22625352639,Lake Mills,Iowa,United States,1,0,0.0063,0,0,
2025|06,Campaign #1,22625352639,Foley,Minnesota,United States,1,0,0.0061,0,0,
2025|06,Campaign #1,22625352639,North Hudson,Wisconsin,United States,2,0,0.006,0,0,
2025|06,Campaign #1,22625352639,Lake Shore,Minnesota,United States,1,0,0.0059,0,0,
2025|06,Campaign #1,22625352639,Saint Joseph,Minnesota,United States,3,0,0.0059,0,0,
2025|06,Campaign #1,22625352639,Arden Hills,Minnesota,United States,7,0,0.0057,0,0,
2025|06,Campaign #1,22625352639,Jenkins,Minnesota,United States,5,0,0.0057,0,0,
2025|06,Campaign #1,22625352639,Postville,Iowa,United States,1,0,0.0057,0,0,
2025|06,Campaign #1,22625352639,La Porte City,Iowa,United States,1,0,0.0056,0,0,
2025|06,Campaign #1,22625352639,Medford,Wisconsin,United States,1,0,0.0055,0,0,
2025|06,Campaign #1,22625352639,Prentice,Wisconsin,United States,1,0,0.0054,0,0,
2025|06,Campaign #1,22625352639,Fall Creek,Wisconsin,United States,1,1,0.0053,1,0,
2025|06,Campaign #1,22625352639,Minong,Wisconsin,United States,1,0,0.0053,0,0,
2025|06,Campaign #1,22625352639,Waukon,Iowa,United States,1,0,0.0053,0,0,
2025|06,Campaign #1,22625352639,Chatfield,Minnesota,United States,1,0,0.0052,0,0,
2025|06,Campaign #1,22625352639,Ashland,Wisconsin,United States,2,1,0.0051,0.5,0,
2025|06,Campaign #1,22625352639,Menomonie,Wisconsin,United States,2,0,0.005,0,0,
2025|06,Campaign #1,22625352639,Merrill,Wisconsin,United States,1,0,0.005,0,0,
2025|06,Campaign #1,22625352639,Saint Charles,Minnesota,United States,2,0,0.005,0,0,
2025|06,Campaign #1,22625352639,Saint Peter,Minnesota,United States,4,0,0.005,0,0,
2025|06,Campaign #1,22625352639,Walnut Grove,Minnesota,United States,2,0,0.005,0,0,
2025|06,Campaign #1,22625352639,Arlington,Minnesota,United States,1,0,0.0048,0,0,
2025|06,Campaign #1,22625352639,Melrose,Minnesota,United States,1,0,0.0048,0,0,
2025|06,Campaign #1,22625352639,Ottertail,Minnesota,United States,1,0,0.0048,0,0,
2025|06,Campaign #1,22625352639,White Bear Lake,Minnesota,United States,3,0,0.0048,0,0,
2025|06,Campaign #1,22625352639,Eleva,Wisconsin,United States,1,0,0.0047,0,0,
2025|06,Campaign #1,22625352639,Salem,South Dakota,United States,1,0,0.0047,0,0,
2025|06,Campaign #1,22625352639,Slayton,Minnesota,United States,1,0,0.0047,0,0,
2025|06,Campaign #1,22625352639,Augusta,Wisconsin,United States,1,0,0.0046,0,0,
2025|06,Campaign #1,22625352639,Cumberland,Wisconsin,United States,2,0,0.0045,0,0,
2025|06,Campaign #1,22625352639,Marine on Saint Croix,Minnesota,United States,2,0,0.0045,0,0,
2025|06,Campaign #1,22625352639,Zearing,Iowa,United States,1,0,0.0045,0,0,
2025|06,Campaign #1,22625352639,Detroit Lakes,Minnesota,United States,2,0,0.0044,0,0,
2025|06,Campaign #1,22625352639,Woolstock,Iowa,United States,1,0,0.0043,0,0,
2025|06,Campaign #1,22625352639,Cloquet,Minnesota,United States,5,0,0.0042,0,0,
2025|06,Campaign #1,22625352639,Webster,Wisconsin,United States,1,0,0.0042,0,0,
2025|06,Campaign #1,22625352639,Annandale,Minnesota,United States,2,0,0.0041,0,0,
2025|06,Campaign #1,22625352639,Sauk Rapids,Minnesota,United States,7,0,0.0041,0,0,
2025|06,Campaign #1,22625352639,Benson,Minnesota,United States,2,0,0.004,0,0,
2025|06,Campaign #1,22625352639,Britt,Iowa,United States,1,0,0.004,0,0,
2025|06,Campaign #1,22625352639,Camp Douglas,Wisconsin,United States,2,0,0.0039,0,0,
2025|06,Campaign #1,22625352639,Le Sueur,Minnesota,United States,1,0,0.0039,0,0,
2025|06,Campaign #1,22625352639,New Ulm,Minnesota,United States,4,0,0.0039,0,0,
2025|06,Campaign #1,22625352639,Nashwauk,Minnesota,United States,1,0,0.0038,0,0,
2025|06,Campaign #1,22625352639,Winter,Wisconsin,United States,2,0,0.0038,0,0,
2025|06,Campaign #1,22625352639,Mauston,Wisconsin,United States,2,0,0.0037,0,0,
2025|06,Campaign #1,22625352639,Reedsburg,Wisconsin,United States,1,0,0.0037,0,0,
2025|06,Campaign #1,22625352639,Alexandria,Minnesota,United States,4,0,0.0036,0,0,
2025|06,Campaign #1,22625352639,Humboldt,Iowa,United States,1,0,0.0036,0,0,
2025|06,Campaign #1,22625352639,Boulder Junction,Wisconsin,United States,1,0,0.0035,0,0,
2025|06,Campaign #1,22625352639,Casselton,North Dakota,United States,2,0,0.0035,0,0,
2025|06,Campaign #1,22625352639,Orono,Minnesota,United States,11,0,0.0035,0,0,
2025|06,Campaign #1,22625352639,Randolph,Minnesota,United States,1,0,0.0035,0,0,
2025|06,Campaign #1,22625352639,Saint Francis,Minnesota,United States,8,0,0.0035,0,0,
2025|06,Campaign #1,22625352639,Long Prairie,Minnesota,United States,2,0,0.0034,0,0,
2025|06,Campaign #1,22625352639,Rockford,Minnesota,United States,5,0,0.0034,0,0,
2025|06,Campaign #1,22625352639,Greenfield,Minnesota,United States,4,0,0.0033,0,0,
2025|06,Campaign #1,22625352639,Frederic,Wisconsin,United States,1,0,0.0031,0,0,
2025|06,Campaign #1,22625352639,French Island,Wisconsin,United States,2,0,0.003,0,0,
2025|06,Campaign #1,22625352639,Lake Hallie,Wisconsin,United States,5,0,0.003,0,0,
2025|06,Campaign #1,22625352639,Moville,Iowa,United States,1,0,0.003,0,0,
2025|06,Campaign #1,22625352639,Harrisburg,South Dakota,United States,1,0,0.0029,0,0,
2025|06,Campaign #1,22625352639,West Fargo,North Dakota,United States,4,0,0.0029,0,0,
2025|06,Campaign #1,22625352639,Bricelyn,Minnesota,United States,1,0,0.0028,0,0,
2025|06,Campaign #1,22625352639,Hancock,Wisconsin,United States,1,0,0.0028,0,0,
2025|06,Campaign #1,22625352639,Montgomery,Minnesota,United States,3,0,0.0028,0,0,
2025|06,Campaign #1,22625352639,Pierz,Minnesota,United States,1,0,0.0028,0,0,
2025|06,Campaign #1,22625352639,Waverly,Minnesota,United States,2,0,0.0028,0,0,
2025|06,Campaign #1,22625352639,Fertile,Minnesota,United States,1,0,0.0027,0,0,
2025|06,Campaign #1,22625352639,Latimer,Iowa,United States,1,0,0.0027,0,0,
2025|06,Campaign #1,22625352639,Mound,Minnesota,United States,1,0,0.0027,0,0,
2025|06,Campaign #1,22625352639,Finlayson,Minnesota,United States,5,0,0.0026,0,0,
2025|06,Campaign #1,22625352639,Rothsay,Minnesota,United States,1,0,0.0026,0,0,
2025|06,Campaign #1,22625352639,Sibley,Iowa,United States,1,0,0.0026,0,0,
2025|06,Campaign #1,22625352639,Dodge Center,Minnesota,United States,1,0,0.0025,0,0,
2025|06,Campaign #1,22625352639,Milford,Iowa,United States,2,0,0.0025,0,0,
2025|06,Campaign #1,22625352639,Readlyn,Iowa,United States,1,0,0.0025,0,0,
2025|06,Campaign #1,22625352639,Algona,Iowa,United States,2,0,0.0024,0,0,
2025|06,Campaign #1,22625352639,Cameron,Wisconsin,United States,2,0,0.0024,0,0,
2025|06,Campaign #1,22625352639,Rice Lake,Wisconsin,United States,4,0,0.0024,0,0,
2025|06,Campaign #1,22625352639,Pelican Rapids,Minnesota,United States,2,0,0.0023,0,0,
2025|06,Campaign #1,22625352639,Canton,South Dakota,United States,1,0,0.0021,0,0,
2025|06,Campaign #1,22625352639,Proctor,Minnesota,United States,1,0,0.002,0,0,
2025|06,Campaign #1,22625352639,Stacy,Minnesota,United States,4,0,0.002,0,0,
2025|06,Campaign #1,22625352639,Lonsdale,Minnesota,United States,1,0,0.0016,0,0,
2025|06,Campaign #1,22625352639,Abeokuta,Ogun State,Nigeria,1,0,0,0,0,
2025|06,Campaign #1,22625352639,Abu Dhabi,Abu Dhabi,United Arab Emirates,1,0,0,0,0,
2025|06,Campaign #1,22625352639,Acheson,Alberta,Canada,1,0,0,0,0,
2025|06,Campaign #1,22625352639,Adrian,Minnesota,United States,1,0,0,0,0,
2025|06,Campaign #1,22625352639,Agra,India Urban,India,2,0,0,0,0,
2025|06,Campaign #1,22625352639,Ahmedabad,India Urban,India,2,0,0,0,0,
2025|06,Campaign #1,22625352639,Ajax,Ontario,Canada,1,0,0,0,0,
2025|06,Campaign #1,22625352639,Alcantarilla,Murcia,Spain,1,0,0,0,0,
2025|06,Campaign #1,22625352639,Alden,Iowa,United States,1,0,0,0,0,
2025|06,Campaign #1,22625352639,Alexandria Bay,New York,United States,1,0,0,0,0,
2025|06,Campaign #1,22625352639,Allen,Texas,United States,1,0,0,0,0,
2025|06,Campaign #1,22625352639,Alpharetta,Georgia,United States,2,0,0,0,0,
2025|06,Campaign #1,22625352639,Altoona,Wisconsin,United States,1,0,0,0,0,
2025|06,Campaign #1,22625352639,Amsterdam,North Holland,Netherlands,1,0,0,0,0,
2025|06,Campaign #1,22625352639,Anchorage,Alaska,United States,1,0,0,0,0,
2025|06,Campaign #1,22625352639,Ankeny,Iowa,United States,3,0,0,0,0,
2025|06,Campaign #1,22625352639,Antipolo,Calabarzon,Philippines,2,0,0,0,0,
2025|06,Campaign #1,22625352639,Apalachicola,Florida,United States,1,0,0,0,0,
2025|06,Campaign #1,22625352639,Aplington,Iowa,United States,2,0,0,0,0,
2025|06,Campaign #1,22625352639,Appleton,Wisconsin,United States,2,0,0,0,0,
2025|06,Campaign #1,22625352639,Arcadia,Wisconsin,United States,1,0,0,0,0,
2025|06,Campaign #1,22625352639,Arecibo,Puerto Rico,Puerto Rico,1,0,0,0,0,
2025|06,Campaign #1,22625352639,Arlington,Virginia,United States,1,0,0,0,0,
2025|06,Campaign #1,22625352639,Arlington Heights,Illinois,United States,2,0,0,0,0,
2025|06,Campaign #1,22625352639,Ashburn,Virginia,United States,2,0,0,0,0,
2025|06,Campaign #1,22625352639,Asuncion,Asuncion,Paraguay,1,0,0,0,0,
2025|06,Campaign #1,22625352639,Atlanta,Georgia,United States,2,0,0,0,0,
2025|06,Campaign #1,22625352639,Auckland,Auckland,New Zealand,1,0,0,0,0,
2025|06,Campaign #1,22625352639,Audubon,Minnesota,United States,1,0,0,0,0,
2025|06,Campaign #1,22625352639,Aurangabad,India Urban,India,1,0,0,0,0,
2025|06,Campaign #1,22625352639,Austin,Texas,United States,2,0,0,0,0,
2025|06,Campaign #1,22625352639,Avon,Minnesota,United States,2,0,0,0,0,
2025|06,Campaign #1,22625352639,Axochiapan,Morelos,Mexico,1,0,0,0,0,
2025|06,Campaign #1,22625352639,Bagley,Minnesota,United States,1,0,0,0,0,
2025|06,Campaign #1,22625352639,Baldwin,Wisconsin,United States,1,0,0,0,0,
2025|06,Campaign #1,22625352639,Bandera,Texas,United States,1,0,0,0,0,
2025|06,Campaign #1,22625352639,Bangkok,Bangkok,Thailand,1,0,0,0,0,
2025|06,Campaign #1,22625352639,Barnesville,Minnesota,United States,1,0,0,0,0,
2025|06,Campaign #1,22625352639,Bathurst,New Brunswick,Canada,1,0,0,0,0,
2025|06,Campaign #1,22625352639,Beaumont,California,United States,1,0,0,0,0,
2025|06,Campaign #1,22625352639,Becker,Minnesota,United States,4,0,0,0,0,
2025|06,Campaign #1,22625352639,Bellevue,Idaho,United States,1,0,0,0,0,
2025|06,Campaign #1,22625352639,Benito Juarez,Quintana Roo,Mexico,1,0,0,0,0,
2025|06,Campaign #1,22625352639,Bilston,England,United Kingdom,1,0,0,0,0,
2025|06,Campaign #1,22625352639,Birmingham,Michigan,United States,1,0,0,0,0,
2025|06,Campaign #1,22625352639,Bismarck,North Dakota,United States,3,0,0,0,0,
2025|06,Campaign #1,22625352639,Bogota,Bogota,Colombia,2,0,0,0,0,
2025|06,Campaign #1,22625352639,Boston,Massachusetts,United States,4,0,0,0,0,
2025|06,Campaign #1,22625352639,Boyceville,Wisconsin,United States,1,0,0,0,0,
2025|06,Campaign #1,22625352639,Brampton,Ontario,Canada,3,0,0,0,0,
2025|06,Campaign #1,22625352639,Brigg,England,United Kingdom,1,0,0,0,0,
2025|06,Campaign #1,22625352639,Buenos Aires,Comuna 5,Argentina,1,0,0,0,0,
2025|06,Campaign #1,22625352639,Bullard,Texas,United States,1,0,0,0,0,
2025|06,Campaign #1,22625352639,Butuan City,Caraga,Philippines,1,0,0,0,0,
2025|06,Campaign #1,22625352639,Cadolzburg,Bavaria,Germany,3,0,0,0,0,
2025|06,Campaign #1,22625352639,Caledonia,Minnesota,United States,2,0,0,0,0,
2025|06,Campaign #1,22625352639,Calgary,Alberta,Canada,1,0,0,0,0,
2025|06,Campaign #1,22625352639,Caloocan,Metro Manila,Philippines,1,0,0,0,0,
2025|06,Campaign #1,22625352639,Canyon,Texas,United States,1,0,0,0,0,
2025|06,Campaign #1,22625352639,Cartersville,Georgia,United States,1,0,0,0,0,
2025|06,Campaign #1,22625352639,Cedar Lake,Indiana,United States,1,0,0,0,0,
2025|06,Campaign #1,22625352639,Cedar Rapids,Iowa,United States,3,0,0,0,0,
2025|06,Campaign #1,22625352639,Center Point,Iowa,United States,3,0,0,0,0,
2025|06,Campaign #1,22625352639,Centro,Mexico City,Mexico,1,0,0,0,0,
2025|06,Campaign #1,22625352639,Chandigarh,India Urban,India,1,0,0,0,0,
2025|06,Campaign #1,22625352639,Changwon-si,Gyeongsangnam-do,South Korea,1,0,0,0,0,
2025|06,Campaign #1,22625352639,Charlotte,North Carolina,United States,2,0,0,0,0,
2025|06,Campaign #1,22625352639,Chennai,India Urban,India,5,0,0,0,0,
2025|06,Campaign #1,22625352639,Cherryville,North Carolina,United States,1,0,0,0,0,
2025|06,Campaign #1,22625352639,Chiang Mai,Chiang Mai,Thailand,1,0,0,0,0,
2025|06,Campaign #1,22625352639,Chino Hills,California,United States,1,0,0,0,0,
2025|06,Campaign #1,22625352639,Chisago City,Minnesota,United States,2,0,0,0,0,
2025|06,Campaign #1,22625352639,Chuo City,Tokyo,Japan,1,0,0,0,0,
2025|06,Campaign #1,22625352639,Clara City,Minnesota,United States,1,0,0,0,0,
2025|06,Campaign #1,22625352639,Clayton,Missouri,United States,1,0,0,0,0,
2025|06,Campaign #1,22625352639,Clear Lake,Minnesota,United States,1,0,0,0,0,
2025|06,Campaign #1,22625352639,Cleethorpes,England,United Kingdom,1,0,0,0,0,
2025|06,Campaign #1,22625352639,Cleveland,Minnesota,United States,1,0,0,0,0,
2025|06,Campaign #1,22625352639,Cleveland,Ohio,United States,1,0,0,0,0,
2025|06,Campaign #1,22625352639,Codicote,England,United Kingdom,1,0,0,0,0,
2025|06,Campaign #1,22625352639,Cohasset,Massachusetts,United States,1,0,0,0,0,
2025|06,Campaign #1,22625352639,Coleraine,Minnesota,United States,1,0,0,0,0,
2025|06,Campaign #1,22625352639,Coloma,Wisconsin,United States,1,0,0,0,0,
2025|06,Campaign #1,22625352639,Colombo,Western Province,Sri Lanka,1,0,0,0,0,
2025|06,Campaign #1,22625352639,Concord,San Francisco Bay Area,United States,1,0,0,0,0,
2025|06,Campaign #1,22625352639,Costa Mesa,California,United States,1,0,0,0,0,
2025|06,Campaign #1,22625352639,Cottonwood Heights,Utah,United States,1,0,0,0,0,
2025|06,Campaign #1,22625352639,Council Bluffs,Iowa,United States,1,0,0,0,0,
2025|06,Campaign #1,22625352639,Crandon,Wisconsin,United States,1,0,0,0,0,
2025|06,Campaign #1,22625352639,Crosslake,Minnesota,United States,1,0,0,0,0,
2025|06,Campaign #1,22625352639,Cuenca,Azuay,Ecuador,3,0,0,0,0,
2025|06,Campaign #1,22625352639,Cuernavaca,Morelos,Mexico,1,0,0,0,0,
2025|06,Campaign #1,22625352639,Dale City,Virginia,United States,1,0,0,0,0,
2025|06,Campaign #1,22625352639,Dalton,Georgia,United States,1,0,0,0,0,
2025|06,Campaign #1,22625352639,Dassel,Minnesota,United States,2,0,0,0,0,
2025|06,Campaign #1,22625352639,Davao City,Davao Region,Philippines,2,0,0,0,0,
2025|06,Campaign #1,22625352639,Deephaven,Minnesota,United States,9,0,0,0,0,
2025|06,Campaign #1,22625352639,Delray Beach,Florida,United States,2,0,0,0,0,
2025|06,Campaign #1,22625352639,Denison,Iowa,United States,1,0,0,0,0,
2025|06,Campaign #1,22625352639,Denton,Texas,United States,1,0,0,0,0,
2025|06,Campaign #1,22625352639,Denver,Colorado,United States,4,0,0,0,0,
2025|06,Campaign #1,22625352639,Denver,Iowa,United States,1,0,0,0,0,
2025|06,Campaign #1,22625352639,Des Moines,Iowa,United States,2,0,0,0,0,
2025|06,Campaign #1,22625352639,Dhaka,Dhaka Division,Bangladesh,2,0,0,0,0,
2025|06,Campaign #1,22625352639,Dover,Delaware,United States,1,0,0,0,0,
2025|06,Campaign #1,22625352639,Dresser,Wisconsin,United States,4,0,0,0,0,
2025|06,Campaign #1,22625352639,Dublin,Ohio,United States,3,0,0,0,0,
2025|06,Campaign #1,22625352639,Dubuque,Iowa,United States,2,0,0,0,0,
2025|06,Campaign #1,22625352639,Eau Claire,Michigan,United States,1,0,0,0,0,
2025|06,Campaign #1,22625352639,Edmond,Oklahoma,United States,1,0,0,0,0,
2025|06,Campaign #1,22625352639,Edmonton,Alberta,Canada,3,0,0,0,0,
2025|06,Campaign #1,22625352639,Elk Grove Village,Illinois,United States,1,0,0,0,0,
2025|06,Campaign #1,22625352639,Ellsworth,Wisconsin,United States,1,0,0,0,0,
2025|06,Campaign #1,22625352639,Epe,Lagos,Nigeria,1,0,0,0,0,
2025|06,Campaign #1,22625352639,Estelline,South Dakota,United States,2,0,0,0,0,
2025|06,Campaign #1,22625352639,Estherville,Iowa,United States,1,0,0,0,0,
2025|06,Campaign #1,22625352639,Evanston,Illinois,United States,1,0,0,0,0,
2025|06,Campaign #1,22625352639,Evansville,Minnesota,United States,2,0,0,0,0,
2025|06,Campaign #1,22625352639,Eveleth,Minnesota,United States,4,0,0,0,0,
2025|06,Campaign #1,22625352639,Ezpeleta,Quilmes Partido,Argentina,1,0,0,0,0,
2025|06,Campaign #1,22625352639,Fairbanks,Alaska,United States,1,0,0,0,0,
2025|06,Campaign #1,22625352639,Fairwood,Washington,United States,2,0,0,0,0,
2025|06,Campaign #1,22625352639,Faridpur,Dhaka Division,Bangladesh,1,0,0,0,0,
2025|06,Campaign #1,22625352639,Fenton Township,Michigan,United States,2,0,0,0,0,
2025|06,Campaign #1,22625352639,Fitchburg,Wisconsin,United States,3,0,0,0,0,
2025|06,Campaign #1,22625352639,Foreston,Minnesota,United States,1,0,0,0,0,
2025|06,Campaign #1,22625352639,Fort Frances,Ontario,Canada,1,0,0,0,0,
2025|06,Campaign #1,22625352639,Fort Myers,Florida,United States,1,0,0,0,0,
2025|06,Campaign #1,22625352639,Fountain City,Wisconsin,United States,1,0,0,0,0,
2025|06,Campaign #1,22625352639,Frankfurt an der Oder,Brandenburg,Germany,1,0,0,0,0,
2025|06,Campaign #1,22625352639,Frazee,Minnesota,United States,2,0,0,0,0,
2025|06,Campaign #1,22625352639,Gahanna,Ohio,United States,1,0,0,0,0,
2025|06,Campaign #1,22625352639,Gandia,Safor,Spain,2,0,0,0,0,
2025|06,Campaign #1,22625352639,Gays Mills,Wisconsin,United States,2,0,0,0,0,
2025|06,Campaign #1,22625352639,Gilbert,Arizona,United States,1,0,0,0,0,
2025|06,Campaign #1,22625352639,Gilman,Wisconsin,United States,1,0,0,0,0,
2025|06,Campaign #1,22625352639,Glendale,California,United States,1,0,0,0,0,
2025|06,Campaign #1,22625352639,Glenwood City,Wisconsin,United States,1,0,0,0,0,
2025|06,Campaign #1,22625352639,Glyndon,Minnesota,United States,2,0,0,0,0,
2025|06,Campaign #1,22625352639,Goodview,Minnesota,United States,1,0,0,0,0,
2025|06,Campaign #1,22625352639,Grand Forks,North Dakota,United States,4,0,0,0,0,
2025|06,Campaign #1,22625352639,Grasten,Region of Southern Denmark,Denmark,1,0,0,0,0,
2025|06,Campaign #1,22625352639,Great Falls,Virginia,United States,2,0,0,0,0,
2025|06,Campaign #1,22625352639,Greater Noida,India Urban,India,1,0,0,0,0,
2025|06,Campaign #1,22625352639,Guadalajara,Jalisco,Mexico,1,0,0,0,0,
2025|06,Campaign #1,22625352639,Guatemala City,Guatemala Department,Guatemala,1,0,0,0,0,
2025|06,Campaign #1,22625352639,Guntur,India Urban,India,1,0,0,0,0,
2025|06,Campaign #1,22625352639,Haarlem,North Holland,Netherlands,4,0,0,0,0,
2025|06,Campaign #1,22625352639,Hamilton,Ontario,Canada,2,0,0,0,0,
2025|06,Campaign #1,22625352639,Hart,Michigan,United States,1,0,0,0,0,
2025|06,Campaign #1,22625352639,Hartington,Nebraska,United States,2,0,0,0,0,
2025|06,Campaign #1,22625352639,Hawley,Minnesota,United States,2,0,0,0,0,
2025|06,Campaign #1,22625352639,Hazel Grove,England,United Kingdom,1,0,0,0,0,
2025|06,Campaign #1,22625352639,Henderson,Minnesota,United States,2,0,0,0,0,
2025|06,Campaign #1,22625352639,Heraklion,Decentralized Administration of Crete,Greece,1,0,0,0,0,
2025|06,Campaign #1,22625352639,Hiawatha,Iowa,United States,1,0,0,0,0,
2025|06,Campaign #1,22625352639,Highland,Utah,United States,1,0,0,0,0,
2025|06,Campaign #1,22625352639,Highlands Ranch,Colorado,United States,1,0,0,0,0,
2025|06,Campaign #1,22625352639,Hinckley,Minnesota,United States,2,0,0,0,0,
2025|06,Campaign #1,22625352639,Ho Chi Minh City,Ho Chi Minh,Vietnam,3,0,0,0,0,
2025|06,Campaign #1,22625352639,Hobart,Indiana,United States,1,0,0,0,0,
2025|06,Campaign #1,22625352639,Hong Kong,Hong Kong,Hong Kong,1,0,0,0,0,
2025|06,Campaign #1,22625352639,Horse Pasture,Virginia,United States,1,0,0,0,0,
2025|06,Campaign #1,22625352639,Houston,Texas,United States,3,0,0,0,0,
2025|06,Campaign #1,22625352639,Huxley,Iowa,United States,1,0,0,0,0,
2025|06,Campaign #1,22625352639,Hyderabad,India Urban,India,5,0,0,0,0,
2025|06,Campaign #1,22625352639,Ile des Chenes,Manitoba,Canada,2,0,0,0,0,
2025|06,Campaign #1,22625352639,Indianapolis,Indiana,United States,1,0,0,0,0,
2025|06,Campaign #1,22625352639,Indore,India Urban,India,2,0,0,0,0,
2025|06,Campaign #1,22625352639,Iowa Falls,Iowa,United States,1,0,0,0,0,
2025|06,Campaign #1,22625352639,Irvine,California,United States,2,0,0,0,0,
2025|06,Campaign #1,22625352639,Isanti,Minnesota,United States,2,0,0,0,0,
2025|06,Campaign #1,22625352639,Isle,Minnesota,United States,2,0,0,0,0,
2025|06,Campaign #1,22625352639,Janesville,Minnesota,United States,1,0,0,0,0,
2025|06,Campaign #1,22625352639,Jesup,Iowa,United States,2,0,0,0,0,
2025|06,Campaign #1,22625352639,Johannesburg South,Gauteng,South Africa,1,0,0,0,0,
2025|06,Campaign #1,22625352639,Johns Creek,Georgia,United States,1,0,0,0,0,
2025|06,Campaign #1,22625352639,Jonestown,Pennsylvania,United States,1,0,0,0,0,
2025|06,Campaign #1,22625352639,Kadoka,South Dakota,United States,2,0,0,0,0,
2025|06,Campaign #1,22625352639,Kaohsiung City,Taiwan,Taiwan,1,0,0,0,0,
2025|06,Campaign #1,22625352639,Karachi,Sindh,Pakistan,8,0,0,0,0,
2025|06,Campaign #1,22625352639,Karlstad,Varmland County,Sweden,1,0,0,0,0,
2025|06,Campaign #1,22625352639,Karns,Tennessee,United States,1,0,0,0,0,
2025|06,Campaign #1,22625352639,Kaunas,Kaunas County,Lithuania,1,0,0,0,0,
2025|06,Campaign #1,22625352639,Kennewick,Washington,United States,1,0,0,0,0,
2025|06,Campaign #1,22625352639,Kenosha,Wisconsin,United States,4,0,0,0,0,
2025|06,Campaign #1,22625352639,Kitchener,Ontario,Canada,1,0,0,0,0,
2025|06,Campaign #1,22625352639,Knowle,England,United Kingdom,1,0,0,0,0,
2025|06,Campaign #1,22625352639,Kolkata,India Urban,India,1,0,0,0,0,
2025|06,Campaign #1,22625352639,Kontagora,Niger,Nigeria,1,0,0,0,0,
2025|06,Campaign #1,22625352639,Kosice-Zapad,Kosice Region,Slovakia,1,0,0,0,0,
2025|06,Campaign #1,22625352639,Kronenwetter,Wisconsin,United States,3,0,0,0,0,
2025|06,Campaign #1,22625352639,Kumasi,Ashanti Region,Ghana,1,0,0,0,0,
2025|06,Campaign #1,22625352639,La Calera,Bogota,Colombia,1,0,0,0,0,
2025|06,Campaign #1,22625352639,La Crosse,Kansas,United States,2,0,0,0,0,
2025|06,Campaign #1,22625352639,La Estrella,Antioquia,Colombia,1,0,0,0,0,
2025|06,Campaign #1,22625352639,Lac du Flambeau,Wisconsin,United States,1,0,0,0,0,
2025|06,Campaign #1,22625352639,Lagos,Lagos,Nigeria,5,0,0,0,0,
2025|06,Campaign #1,22625352639,Lahore,Punjab,Pakistan,1,0,0,0,0,
2025|06,Campaign #1,22625352639,Lake City,Minnesota,United States,4,0,0,0,0,
2025|06,Campaign #1,22625352639,Lake Wisconsin,Wisconsin,United States,2,0,0,0,0,
2025|06,Campaign #1,22625352639,Land O' Lakes,Florida,United States,1,0,0,0,0,
2025|06,Campaign #1,22625352639,Larimore,North Dakota,United States,1,0,0,0,0,
2025|06,Campaign #1,22625352639,Las Vegas Valley,Nevada,United States,9,0,0,0,0,
2025|06,Campaign #1,22625352639,Laureldale,Pennsylvania,United States,1,0,0,0,0,
2025|06,Campaign #1,22625352639,Lawrence,Kansas,United States,1,0,0,0,0,
2025|06,Campaign #1,22625352639,Lekki,Lagos,Nigeria,1,0,0,0,0,
2025|06,Campaign #1,22625352639,Lennox,South Dakota,United States,1,0,0,0,0,
2025|06,Campaign #1,22625352639,Leon,Guanajuato,Mexico,2,0,0,0,0,
2025|06,Campaign #1,22625352639,Lester Prairie,Minnesota,United States,1,0,0,0,0,
2025|06,Campaign #1,22625352639,Lisbon,North Dakota,United States,2,0,0,0,0,
2025|06,Campaign #1,22625352639,Little Chute,Wisconsin,United States,3,0,0,0,0,
2025|06,Campaign #1,22625352639,Livonia,Michigan,United States,3,0,0,0,0,
2025|06,Campaign #1,22625352639,London,England,United Kingdom,3,0,0,0,0,
2025|06,Campaign #1,22625352639,Los Angeles,California,United States,6,0,0,0,0,
2025|06,Campaign #1,22625352639,Lucan,County Dublin,Ireland,2,0,0,0,0,
2025|06,Campaign #1,22625352639,Luneburg,Lower Saxony,Germany,1,0,0,0,0,
2025|06,Campaign #1,22625352639,Mableton,Georgia,United States,2,0,0,0,0,
2025|06,Campaign #1,22625352639,Madinaty,Cairo Governorate,Egypt,1,0,0,0,0,
2025|06,Campaign #1,22625352639,Madison,South Dakota,United States,1,0,0,0,0,
2025|06,Campaign #1,22625352639,Madison,Wisconsin,United States,4,0,0,0,0,
2025|06,Campaign #1,22625352639,Mahnomen,Minnesota,United States,1,0,0,0,0,
2025|06,Campaign #1,22625352639,Mahtomedi,Minnesota,United States,3,0,0,0,0,
2025|06,Campaign #1,22625352639,Managua,Managua,Nicaragua,1,0,0,0,0,
2025|06,Campaign #1,22625352639,Manchester,England,United Kingdom,1,0,0,0,0,
2025|06,Campaign #1,22625352639,Manila,Metro Manila,Philippines,2,0,0,0,0,
2025|06,Campaign #1,22625352639,Manitowish Waters,Wisconsin,United States,1,0,0,0,0,
2025|06,Campaign #1,22625352639,Mapleton,Iowa,United States,1,0,0,0,0,
2025|06,Campaign #1,22625352639,Marathon City,Wisconsin,United States,2,0,0,0,0,
2025|06,Campaign #1,22625352639,Markham,Ontario,Canada,1,0,0,0,0,
2025|06,Campaign #1,22625352639,Matteson,Illinois,United States,1,0,0,0,0,
2025|06,Campaign #1,22625352639,Maxton,North Carolina,United States,1,0,0,0,0,
2025|06,Campaign #1,22625352639,McGregor,Minnesota,United States,1,0,0,0,0,
2025|06,Campaign #1,22625352639,Memphis,Tennessee,United States,2,0,0,0,0,
2025|06,Campaign #1,22625352639,Menomonee Falls,Wisconsin,United States,1,0,0,0,0,
2025|06,Campaign #1,22625352639,Mexico City,Mexico City,Mexico,2,0,0,0,0,
2025|06,Campaign #1,22625352639,Meyrin,Geneva,Switzerland,1,0,0,0,0,
2025|06,Campaign #1,22625352639,Midland,Michigan,United States,1,0,0,0,0,
2025|06,Campaign #1,22625352639,Milaca,Minnesota,United States,1,0,0,0,0,
2025|06,Campaign #1,22625352639,Milton,Ontario,Canada,1,0,0,0,0,
2025|06,Campaign #1,22625352639,Minna,Niger,Nigeria,2,0,0,0,0,
2025|06,Campaign #1,22625352639,Minnesota Lake,Minnesota,United States,1,0,0,0,0,
2025|06,Campaign #1,22625352639,Minocqua,Wisconsin,United States,2,0,0,0,0,
2025|06,Campaign #1,22625352639,Minot,North Dakota,United States,5,0,0,0,0,
2025|06,Campaign #1,22625352639,Mississauga,Ontario,Canada,2,0,0,0,0,
2025|06,Campaign #1,22625352639,Molesey,England,United Kingdom,1,0,0,0,0,
2025|06,Campaign #1,22625352639,Monona,Wisconsin,United States,3,0,0,0,0,
2025|06,Campaign #1,22625352639,Montello,Wisconsin,United States,1,0,0,0,0,
2025|06,Campaign #1,22625352639,Montevideo,Montevideo Department,Uruguay,1,0,0,0,0,
2025|06,Campaign #1,22625352639,Montgomeryville,Pennsylvania,United States,2,0,0,0,0,
2025|06,Campaign #1,22625352639,Montreal,Quebec,Canada,3,0,0,0,0,
2025|06,Campaign #1,22625352639,Montverde,Florida,United States,1,0,0,0,0,
2025|06,Campaign #1,22625352639,Moose Lake,Minnesota,United States,2,0,0,0,0,
2025|06,Campaign #1,22625352639,Morris,Minnesota,United States,6,0,0,0,0,
2025|06,Campaign #1,22625352639,Mountain Lake,Minnesota,United States,1,0,0,0,0,
2025|06,Campaign #1,22625352639,Mountain View,Silicon Valley,United States,2,0,0,0,0,
2025|06,Campaign #1,22625352639,Mumbai,India Urban,India,1,0,0,0,0,
2025|06,Campaign #1,22625352639,Murcia,Murcia,Spain,1,0,0,0,0,
2025|06,Campaign #1,22625352639,Muskego,Wisconsin,United States,1,0,0,0,0,
2025|06,Campaign #1,22625352639,Nairobi,Nairobi County,Kenya,3,0,0,0,0,
2025|06,Campaign #1,22625352639,Nampa,Idaho,United States,1,0,0,0,0,
2025|06,Campaign #1,22625352639,Navi Mumbai,India Urban,India,1,0,0,0,0,
2025|06,Campaign #1,22625352639,New Delhi,India Urban,India,1,0,0,0,0,
2025|06,Campaign #1,22625352639,New London,Minnesota,United States,1,0,0,0,0,
2025|06,Campaign #1,22625352639,New Richmond,Wisconsin,United States,2,0,0,0,0,
2025|06,Campaign #1,22625352639,New York,New York,United States,6,0,0,0,0,
2025|06,Campaign #1,22625352639,Newburgh,New York,United States,1,0,0,0,0,
2025|06,Campaign #1,22625352639,Newcastle,Washington,United States,1,0,0,0,0,
2025|06,Campaign #1,22625352639,Nora Springs,Iowa,United States,2,0,0,0,0,
2025|06,Campaign #1,22625352639,North Sioux City,South Dakota,United States,2,0,0,0,0,
2025|06,Campaign #1,22625352639,North Wales,Pennsylvania,United States,1,0,0,0,0,
2025|06,Campaign #1,22625352639,Northville,Michigan,United States,1,0,0,0,0,
2025|06,Campaign #1,22625352639,Ocean Ridge,Florida,United States,1,0,0,0,0,
2025|06,Campaign #1,22625352639,Old Bridge,New Jersey,United States,1,0,0,0,0,
2025|06,Campaign #1,22625352639,Oldham,England,United Kingdom,3,0,0,0,0,
2025|06,Campaign #1,22625352639,Olivia,Minnesota,United States,1,0,0,0,0,
2025|06,Campaign #1,22625352639,Omaha,Nebraska,United States,1,0,0,0,0,
2025|06,Campaign #1,22625352639,Orange City,Iowa,United States,2,0,0,0,0,
2025|06,Campaign #1,22625352639,Orlando,Florida,United States,1,0,0,0,0,
2025|06,Campaign #1,22625352639,Oronoko Township,Michigan,United States,1,0,0,0,0,
2025|06,Campaign #1,22625352639,Osasco,State of Sao Paulo,Brazil,1,0,0,0,0,
2025|06,Campaign #1,22625352639,Osceola,Wisconsin,United States,2,0,0,0,0,
2025|06,Campaign #1,22625352639,Osseo,Wisconsin,United States,1,0,0,0,0,
2025|06,Campaign #1,22625352639,Ota,Ogun State,Nigeria,1,0,0,0,0,
2025|06,Campaign #1,22625352639,Ottawa,Ontario,Canada,2,0,0,0,0,
2025|06,Campaign #1,22625352639,Oxford,Wisconsin,United States,1,0,0,0,0,
2025|06,Campaign #1,22625352639,Paris,Ile-de-France,France,1,0,0,0,0,
2025|06,Campaign #1,22625352639,Park City,Illinois,United States,1,0,0,0,0,
2025|06,Campaign #1,22625352639,Parkville,Maryland,United States,1,0,0,0,0,
2025|06,Campaign #1,22625352639,Paynesville,Minnesota,United States,2,0,0,0,0,
2025|06,Campaign #1,22625352639,Pemulwuy,New South Wales,Australia,1,0,0,0,0,
2025|06,Campaign #1,22625352639,Pepin,Wisconsin,United States,1,0,0,0,0,
2025|06,Campaign #1,22625352639,Perham,Minnesota,United States,3,0,0,0,0,
2025|06,Campaign #1,22625352639,Perungalathur,Tamil Nadu,India,1,0,0,0,0,
2025|06,Campaign #1,22625352639,Philadelphia,Pennsylvania,United States,1,0,0,0,0,
2025|06,Campaign #1,22625352639,Phnom Penh,Phnom Penh,Cambodia,1,0,0,0,0,
2025|06,Campaign #1,22625352639,Phoenix,Arizona,United States,2,0,0,0,0,
2025|06,Campaign #1,22625352639,Piedmont,San Francisco Bay Area,United States,1,0,0,0,0,
2025|06,Campaign #1,22625352639,Pine Island,Minnesota,United States,1,0,0,0,0,
2025|06,Campaign #1,22625352639,Piqua,Ohio,United States,1,0,0,0,0,
2025|06,Campaign #1,22625352639,Plant City,Florida,United States,1,0,0,0,0,
2025|06,Campaign #1,22625352639,Pleasant Hill,Oregon,United States,1,0,0,0,0,
2025|06,Campaign #1,22625352639,Port Barrington,Illinois,United States,1,0,0,0,0,
2025|06,Campaign #1,22625352639,Port Colborne,Ontario,Canada,1,0,0,0,0,
2025|06,Campaign #1,22625352639,Port Hope,Northumberland County,Canada,1,0,0,0,0,
2025|06,Campaign #1,22625352639,Potomac,Maryland,United States,2,0,0,0,0,
2025|06,Campaign #1,22625352639,Prairie Grove,Arkansas,United States,1,0,0,0,0,
2025|06,Campaign #1,22625352639,Prescot,England,United Kingdom,1,0,0,0,0,
2025|06,Campaign #1,22625352639,Pune,India Urban,India,2,0,0,0,0,
2025|06,Campaign #1,22625352639,Pune,Maharashtra,India,1,0,0,0,0,
2025|06,Campaign #1,22625352639,Punta Gorda,Florida,United States,1,0,0,0,0,
2025|06,Campaign #1,22625352639,Quezon City,Metro Manila,Philippines,1,0,0,0,0,
2025|06,Campaign #1,22625352639,Quito,Pichincha,Ecuador,1,0,0,0,0,
2025|06,Campaign #1,22625352639,Raleigh,North Carolina,United States,1,0,0,0,0,
2025|06,Campaign #1,22625352639,Rangiora,Canterbury Region,New Zealand,2,0,0,0,0,
2025|06,Campaign #1,22625352639,Ravenna,Ohio,United States,1,0,0,0,0,
2025|06,Campaign #1,22625352639,Rawalpindi,Islamabad Capital Territory,Pakistan,1,0,0,0,0,
2025|06,Campaign #1,22625352639,Rawalpindi,Punjab,Pakistan,2,0,0,0,0,
2025|06,Campaign #1,22625352639,Renville,Minnesota,United States,3,0,0,0,0,
2025|06,Campaign #1,22625352639,Rhinelander,Wisconsin,United States,3,0,0,0,0,
2025|06,Campaign #1,22625352639,Rice,Minnesota,United States,2,0,0,0,0,
2025|06,Campaign #1,22625352639,Richland Center,Wisconsin,United States,1,0,0,0,0,
2025|06,Campaign #1,22625352639,Richmond,Virginia,United States,1,0,0,0,0,
2025|06,Campaign #1,22625352639,Richmond Hill,Ontario,Canada,1,0,0,0,0,
2025|06,Campaign #1,22625352639,Riyadh,Riyadh Province,Saudi Arabia,1,0,0,0,0,
2025|06,Campaign #1,22625352639,Roberts,Wisconsin,United States,2,0,0,0,0,
2025|06,Campaign #1,22625352639,Rosemont,Illinois,United States,1,0,0,0,0,
2025|06,Campaign #1,22625352639,Roswell,Georgia,United States,1,0,0,0,0,
2025|06,Campaign #1,22625352639,Royalton,Minnesota,United States,2,0,0,0,0,
2025|06,Campaign #1,22625352639,Royersford,Pennsylvania,United States,1,0,0,0,0,
2025|06,Campaign #1,22625352639,Samalkha,Haryana,India,1,0,0,0,0,
2025|06,Campaign #1,22625352639,San Diego,California,United States,2,0,0,0,0,
2025|06,Campaign #1,22625352639,San Francisco,San Francisco Bay Area,United States,4,0,0,0,0,
2025|06,Campaign #1,22625352639,San Jose,San Francisco Bay Area,United States,1,0,0,0,0,
2025|06,Campaign #1,22625352639,San Jose,San Jose Province,Costa Rica,4,0,0,0,0,
2025|06,Campaign #1,22625352639,San Jose del Monte,Central Luzon,Philippines,1,0,0,0,0,
2025|06,Campaign #1,22625352639,San Juan,Puerto Rico,Puerto Rico,1,0,0,0,0,
2025|06,Campaign #1,22625352639,San Salvador,San Salvador Department,El Salvador,1,0,0,0,0,
2025|06,Campaign #1,22625352639,Sandstone,Minnesota,United States,2,0,0,0,0,
2025|06,Campaign #1,22625352639,Sandy Lake,Ontario,Canada,2,0,0,0,0,
2025|06,Campaign #1,22625352639,Santa Clara,Silicon Valley,United States,2,0,0,0,0,
2025|06,Campaign #1,22625352639,Sauk Centre,Minnesota,United States,2,0,0,0,0,
2025|06,Campaign #1,22625352639,Seattle,Washington,United States,3,0,0,0,0,
2025|06,Campaign #1,22625352639,Severna Park,Maryland,United States,1,0,0,0,0,
2025|06,Campaign #1,22625352639,Shavano Park,Texas,United States,1,0,0,0,0,
2025|06,Campaign #1,22625352639,Shenzhen,Guangdong Province,China,1,0,0,0,0,
2025|06,Campaign #1,22625352639,Sherbrooke,Quebec,Canada,1,0,0,0,0,
2025|06,Campaign #1,22625352639,Silver Creek,Minnesota,United States,4,0,0,0,0,
2025|06,Campaign #1,22625352639,Siren,Wisconsin,United States,1,0,0,0,0,
2025|06,Campaign #1,22625352639,Somerset,Wisconsin,United States,1,0,0,0,0,
2025|06,Campaign #1,22625352639,Spring,Texas,United States,1,0,0,0,0,
2025|06,Campaign #1,22625352639,St. Catharines,Ontario,Canada,1,0,0,0,0,
2025|06,Campaign #1,22625352639,St. Louis,Missouri,United States,2,0,0,0,0,
2025|06,Campaign #1,22625352639,St. Peters,Missouri,United States,2,0,0,0,0,
2025|06,Campaign #1,22625352639,Star Prairie,Wisconsin,United States,1,0,0,0,0,
2025|06,Campaign #1,22625352639,Stewartville,Minnesota,United States,2,0,0,0,0,
2025|06,Campaign #1,22625352639,Stratford,Wisconsin,United States,2,0,0,0,0,
2025|06,Campaign #1,22625352639,Sumter,South Carolina,United States,1,0,0,0,0,
2025|06,Campaign #1,22625352639,Surat,India Urban,India,1,0,0,0,0,
2025|06,Campaign #1,22625352639,Surprise,Arizona,United States,1,0,0,0,0,
2025|06,Campaign #1,22625352639,Swanville,Minnesota,United States,2,0,0,0,0,
2025|06,Campaign #1,22625352639,Tacoma,Washington,United States,1,0,0,0,0,
2025|06,Campaign #1,22625352639,Taguig,Metro Manila,Philippines,2,0,0,0,0,
2025|06,Campaign #1,22625352639,Tama,Iowa,United States,1,0,0,0,0,
2025|06,Campaign #1,22625352639,Tashkent,Tashkent Region,Uzbekistan,5,0,0,0,0,
2025|06,Campaign #1,22625352639,Tbilisi,Tbilisi,Georgia,1,0,0,0,0,
2025|06,Campaign #1,22625352639,Temecula,California,United States,2,0,0,0,0,
2025|06,Campaign #1,22625352639,The Woodlands,Texas,United States,2,0,0,0,0,
2025|06,Campaign #1,22625352639,Thornton,Colorado,United States,2,0,0,0,0,
2025|06,Campaign #1,22625352639,Tinton Falls,New Jersey,United States,1,0,0,0,0,
2025|06,Campaign #1,22625352639,Toronto,Ontario,Canada,6,0,0,0,0,
2025|06,Campaign #1,22625352639,Tracy,Minnesota,United States,2,0,0,0,0,
2025|06,Campaign #1,22625352639,Tucson,Arizona,United States,2,0,0,0,0,
2025|06,Campaign #1,22625352639,Turlock,California,United States,2,0,0,0,0,
2025|06,Campaign #1,22625352639,Turtle Lake,Wisconsin,United States,1,0,0,0,0,
2025|06,Campaign #1,22625352639,Ullal,Karnataka,India,1,0,0,0,0,
2025|06,Campaign #1,22625352639,Upper Arlington,Ohio,United States,3,0,0,0,0,
2025|06,Campaign #1,22625352639,Urbandale,Iowa,United States,2,0,0,0,0,
2025|06,Campaign #1,22625352639,Valencia,Horta of Valencia,Spain,1,0,0,0,0,
2025|06,Campaign #1,22625352639,Valley City,North Dakota,United States,3,0,0,0,0,
2025|06,Campaign #1,22625352639,Valparaiso,Indiana,United States,2,0,0,0,0,
2025|06,Campaign #1,22625352639,Vancouver,British Columbia,Canada,1,0,0,0,0,
2025|06,Campaign #1,22625352639,Vaughan,Ontario,Canada,2,0,0,0,0,
2025|06,Campaign #1,22625352639,Vestavia Hills,Alabama,United States,1,0,0,0,0,
2025|06,Campaign #1,22625352639,Vientiane,Vientiane Prefecture,Laos,1,0,0,0,0,
2025|06,Campaign #1,22625352639,Villa Maipu,Buenos Aires Province,Argentina,1,0,0,0,0,
2025|06,Campaign #1,22625352639,Vosendorf,Lower Austria,Austria,1,0,0,0,0,
2025|06,Campaign #1,22625352639,Wabasha,Minnesota,United States,1,0,0,0,0,
2025|06,Campaign #1,22625352639,Washington,District of Columbia,United States,3,0,0,0,0,
2025|06,Campaign #1,22625352639,Waterville,Minnesota,United States,1,0,0,0,0,
2025|06,Campaign #1,22625352639,Waukee,Iowa,United States,2,0,0,0,0,
2025|06,Campaign #1,22625352639,Webster City,Iowa,United States,1,0,0,0,0,
2025|06,Campaign #1,22625352639,Welcome,Minnesota,United States,1,0,0,0,0,
2025|06,Campaign #1,22625352639,West Bend,Wisconsin,United States,1,0,0,0,0,
2025|06,Campaign #1,22625352639,West Union,Iowa,United States,1,0,0,0,0,
2025|06,Campaign #1,22625352639,Whitby,Ontario,Canada,3,0,0,0,0,
2025|06,Campaign #1,22625352639,White Lake,South Dakota,United States,1,0,0,0,0,
2025|06,Campaign #1,22625352639,Wichita,Kansas,United States,2,0,0,0,0,
2025|06,Campaign #1,22625352639,Williamsville,New York,United States,1,0,0,0,0,
2025|06,Campaign #1,22625352639,Windermere,England,United Kingdom,1,0,0,0,0,
2025|06,Campaign #1,22625352639,Winfield,Indiana,United States,1,0,0,0,0,
2025|06,Campaign #1,22625352639,Winnipeg,Manitoba,Canada,6,0,0,0,0,
2025|06,Campaign #1,22625352639,Winnipeg Beach,Manitoba,Canada,1,0,0,0,0,
2025|06,Campaign #1,22625352639,Winona,Minnesota,United States,2,0,0,0,0,
2025|06,Campaign #1,22625352639,Winsted,Minnesota,United States,1,0,0,0,0,
2025|06,Campaign #1,22625352639,Winthrop,Minnesota,United States,1,0,0,0,0,
2025|06,Campaign #1,22625352639,Zone 1 of Milan,Lombardy,Italy,1,0,0,0,0,
2025|07,Campaign #1,22625352639,Minneapolis,Minnesota,United States,22708,741,126.6599,0.0326,350.97,0.3609
2025|07,Campaign #1,22625352639,Saint Paul,Minnesota,United States,8849,302,52.3258,0.0341,153.98,0.3398
2025|07,Campaign #1,22625352639,Little Canada,Minnesota,United States,9039,285,47.4024,0.0315,157.05,0.3018
2025|07,Campaign #1,22625352639,Plymouth,Minnesota,United States,1580,54,16.5172,0.0342,32,0.5162
2025|07,Campaign #1,22625352639,Bloomington,Minnesota,United States,2444,88,14.7808,0.036,37,0.3995
2025|07,Campaign #1,22625352639,Brooklyn Park,Minnesota,United States,2312,76,12.8905,0.0329,54,0.2387
2025|07,Campaign #1,22625352639,Saint Anthony,Minnesota,United States,1800,62,10.0587,0.0344,34,0.2958
2025|07,Campaign #1,22625352639,St. Louis Park,Minnesota,United States,1683,64,9.4159,0.038,35,0.269
2025|07,Campaign #1,22625352639,Otsego,Minnesota,United States,1376,53,9.1966,0.0385,30,0.3066
2025|07,Campaign #1,22625352639,Burnsville,Minnesota,United States,1445,53,9.0188,0.0367,31,0.2909
2025|07,Campaign #1,22625352639,Richfield,Minnesota,United States,1594,48,9.0168,0.0301,22,0.4099
2025|07,Campaign #1,22625352639,Maplewood,Minnesota,United States,1460,42,8.8211,0.0288,26,0.3393
2025|07,Campaign #1,22625352639,Shakopee,Minnesota,United States,1389,42,8.7543,0.0302,26,0.3367
2025|07,Campaign #1,22625352639,Blaine,Minnesota,United States,1495,52,8.7069,0.0348,28,0.311
2025|07,Campaign #1,22625352639,Woodbury,Minnesota,United States,1444,45,8.5483,0.0312,29,0.2948
2025|07,Campaign #1,22625352639,Eagan,Minnesota,United States,1389,41,8.2556,0.0295,27,0.3058
2025|07,Campaign #1,22625352639,Eden Prairie,Minnesota,United States,1287,71,7.8024,0.0552,23,0.3392
2025|07,Campaign #1,22625352639,Coon Rapids,Minnesota,United States,1228,39,7.6095,0.0318,18,0.4228
2025|07,Campaign #1,22625352639,Lakeville,Minnesota,United States,1303,36,7.4751,0.0276,23,0.325
2025|07,Campaign #1,22625352639,New Brighton,Minnesota,United States,1020,35,6.9344,0.0343,14,0.4953
2025|07,Campaign #1,22625352639,Maple Grove,Minnesota,United States,1090,29,6.7569,0.0266,23,0.2938
2025|07,Campaign #1,22625352639,Minnetonka,Minnesota,United States,1119,44,6.7196,0.0393,24,0.28
2025|07,Campaign #1,22625352639,New Hope,Minnesota,United States,1005,35,6.5404,0.0348,22,0.2973
2025|07,Campaign #1,22625352639,Edina,Minnesota,United States,996,29,6.4857,0.0291,13,0.4989
2025|07,Campaign #1,22625352639,South Saint Paul,Minnesota,United States,994,38,6.4443,0.0382,15,0.4296
2025|07,Campaign #1,22625352639,Apple Valley,Minnesota,United States,1028,27,6.4133,0.0263,20,0.3207
2025|07,Campaign #1,22625352639,Oak Grove,Minnesota,United States,825,34,5.1505,0.0412,21,0.2453
2025|07,Campaign #1,22625352639,Plano,Texas,United States,2,1,4.83,0.5,2,2.415
2025|07,Campaign #1,22625352639,Crystal,Minnesota,United States,807,22,4.8272,0.0273,16,0.3017
2025|07,Campaign #1,22625352639,Ham Lake,Minnesota,United States,666,32,4.5908,0.048,23,0.1996
2025|07,Campaign #1,22625352639,Oakdale,Minnesota,United States,685,25,4.5837,0.0365,13,0.3526
2025|07,Campaign #1,22625352639,North Oaks,Minnesota,United States,662,27,4.2429,0.0408,14,0.3031
2025|07,Campaign #1,22625352639,Spring Lake Park,Minnesota,United States,714,15,4.1404,0.021,11,0.3764
2025|07,Campaign #1,22625352639,Rosemount,Minnesota,United States,542,20,3.9944,0.0369,7,0.5706
2025|07,Campaign #1,22625352639,Robbinsdale,Minnesota,United States,638,18,3.9385,0.0282,17,0.2317
2025|07,Campaign #1,22625352639,West Saint Paul,Minnesota,United States,645,16,3.841,0.0248,11,0.3492
2025|07,Campaign #1,22625352639,Brooklyn Center,Minnesota,United States,648,14,3.6777,0.0216,4,0.9194
2025|07,Campaign #1,22625352639,Chaska,Minnesota,United States,522,17,3.3428,0.0326,15,0.2229
2025|07,Campaign #1,22625352639,Dellwood,Minnesota,United States,486,25,3.3077,0.0514,9,0.3675
2025|07,Campaign #1,22625352639,Savage,Minnesota,United States,525,18,3.271,0.0343,10,0.3271
2025|07,Campaign #1,22625352639,Cottage Grove,Minnesota,United States,494,15,2.8451,0.0304,8,0.3556
2025|07,Campaign #1,22625352639,Hastings,Minnesota,United States,360,15,2.3979,0.0417,13,0.1845
2025|07,Campaign #1,22625352639,Champlin,Minnesota,United States,336,12,2.1319,0.0357,9,0.2369
2025|07,Campaign #1,22625352639,Farmington,Minnesota,United States,361,12,2.1136,0.0332,3,0.7045
2025|07,Campaign #1,22625352639,Saint Michael,Minnesota,United States,279,15,2.079,0.0538,7,0.297
2025|07,Campaign #1,22625352639,Corcoran,Minnesota,United States,327,11,1.6557,0.0336,12,0.138
2025|07,Campaign #1,22625352639,Lino Lakes,Minnesota,United States,288,10,1.6323,0.0347,5,0.3265
2025|07,Campaign #1,22625352639,Centerville,Minnesota,United States,225,16,1.5999,0.0711,12,0.1333
2025|07,Campaign #1,22625352639,Minnetrista,Minnesota,United States,227,6,1.5039,0.0264,4,0.376
2025|07,Campaign #1,22625352639,Chanhassen,Minnesota,United States,262,10,1.5027,0.0382,5,0.3005
2025|07,Campaign #1,22625352639,Oak Park Heights,Minnesota,United States,250,8,1.5013,0.032,4,0.3753
2025|07,Campaign #1,22625352639,Jordan,Minnesota,United States,163,11,1.463,0.0675,6,0.2438
2025|07,Campaign #1,22625352639,Falcon Heights,Minnesota,United States,223,5,1.4173,0.0224,4,0.3543
2025|07,Campaign #1,22625352639,Lake Elmo,Minnesota,United States,160,12,1.3206,0.075,3,0.4402
2025|07,Campaign #1,22625352639,Buffalo,Minnesota,United States,210,7,1.3128,0.0333,5,0.2626
2025|07,Campaign #1,22625352639,Northfield,Minnesota,United States,220,6,1.2375,0.0273,2,0.6187
2025|07,Campaign #1,22625352639,Big Lake,Minnesota,United States,198,8,1.2165,0.0404,9,0.1352
2025|07,Campaign #1,22625352639,Shorewood,Minnesota,United States,182,6,1.1902,0.033,5,0.238
2025|07,Campaign #1,22625352639,Waconia,Minnesota,United States,183,8,1.1381,0.0437,5,0.2276
2025|07,Campaign #1,22625352639,Wayzata,Minnesota,United States,156,4,1.1075,0.0256,4,0.2769
2025|07,Campaign #1,22625352639,Hudson,Wisconsin,United States,154,8,1.0892,0.0519,5,0.2178
2025|07,Campaign #1,22625352639,Fridley,Minnesota,United States,195,7,1.0729,0.0359,2,0.5365
2025|07,Campaign #1,22625352639,Columbus,Minnesota,United States,180,5,1.0716,0.0278,3,0.3572
2025|07,Campaign #1,22625352639,Elko New Market,Minnesota,United States,83,10,0.9652,0.1205,8,0.1207
2025|07,Campaign #1,22625352639,East Bethel,Minnesota,United States,155,7,0.9346,0.0452,3,0.3115
2025|07,Campaign #1,22625352639,Prior Lake,Minnesota,United States,156,4,0.9315,0.0256,3,0.3105
2025|07,Campaign #1,22625352639,New Prague,Minnesota,United States,144,6,0.9301,0.0417,6,0.155
2025|07,Campaign #1,22625352639,Dayton,Minnesota,United States,145,4,0.9149,0.0276,4,0.2287
2025|07,Campaign #1,22625352639,Hopkins,Minnesota,United States,167,4,0.8326,0.024,3,0.2775
2025|07,Campaign #1,22625352639,Zimmerman,Minnesota,United States,129,1,0.8183,0.0078,0,
2025|07,Campaign #1,22625352639,River Falls,Wisconsin,United States,117,5,0.7435,0.0427,4,0.1859
2025|07,Campaign #1,22625352639,Belle Plaine,Minnesota,United States,120,2,0.7358,0.0167,2,0.3679
2025|07,Campaign #1,22625352639,Saint Francis,Minnesota,United States,130,5,0.7275,0.0385,5,0.1455
2025|07,Campaign #1,22625352639,Faribault,Minnesota,United States,11,1,0.674,0.0909,1,0.674
2025|07,Campaign #1,22625352639,Carver,Minnesota,United States,99,2,0.6083,0.0202,2,0.3041
2025|07,Campaign #1,22625352639,Isanti,Minnesota,United States,101,5,0.5636,0.0495,6,0.0939
2025|07,Campaign #1,22625352639,Delano,Minnesota,United States,70,2,0.5111,0.0286,1,0.5111
2025|07,Campaign #1,22625352639,Mendota Heights,Minnesota,United States,78,3,0.4956,0.0385,6,0.0826
2025|07,Campaign #1,22625352639,Victoria,Minnesota,United States,82,4,0.48,0.0488,4,0.12
2025|07,Campaign #1,22625352639,Greenfield,Minnesota,United States,33,3,0.4762,0.0909,0,
2025|07,Campaign #1,22625352639,Independence,Minnesota,United States,85,5,0.4411,0.0588,2,0.2205
2025|07,Campaign #1,22625352639,Glencoe,Minnesota,United States,75,1,0.4105,0.0133,0,
2025|07,Campaign #1,22625352639,Golden Valley,Minnesota,United States,61,3,0.38,0.0492,1,0.38
2025|07,Campaign #1,22625352639,Orono,Minnesota,United States,60,2,0.3621,0.0333,2,0.1811
2025|07,Campaign #1,22625352639,Prescott,Wisconsin,United States,64,4,0.3518,0.0625,5,0.0704
2025|07,Campaign #1,22625352639,White Bear Lake,Minnesota,United States,53,2,0.3499,0.0377,2,0.175
2025|07,Campaign #1,22625352639,Lonsdale,Minnesota,United States,61,1,0.3372,0.0164,0,
2025|07,Campaign #1,22625352639,Newport,Minnesota,United States,58,2,0.3359,0.0345,2,0.168
2025|07,Campaign #1,22625352639,Montgomery,Minnesota,United States,42,2,0.3277,0.0476,0,
2025|07,Campaign #1,22625352639,Vadnais Heights,Minnesota,United States,59,0,0.3179,0,0,
2025|07,Campaign #1,22625352639,Saint Paul Park,Minnesota,United States,53,1,0.3054,0.0189,0,
2025|07,Campaign #1,22625352639,Montrose,Minnesota,United States,55,1,0.2986,0.0182,1,0.2986
2025|07,Campaign #1,22625352639,Cannon Falls,Minnesota,United States,54,0,0.2939,0,0,
2025|07,Campaign #1,22625352639,Howard Lake,Minnesota,United States,49,3,0.2625,0.0612,3,0.0875
2025|07,Campaign #1,22625352639,Rockford,Minnesota,United States,42,2,0.2587,0.0476,2,0.1294
2025|07,Campaign #1,22625352639,Becker,Minnesota,United States,51,0,0.2553,0,0,
2025|07,Campaign #1,22625352639,Mahtomedi,Minnesota,United States,26,0,0.2432,0,0,
2025|07,Campaign #1,22625352639,Wyoming,Minnesota,United States,60,1,0.2335,0.0167,0,
2025|07,Campaign #1,22625352639,Stacy,Minnesota,United States,52,1,0.2282,0.0192,1,0.2282
2025|07,Campaign #1,22625352639,Le Sueur,Minnesota,United States,34,2,0.2226,0.0588,1,0.2226
2025|07,Campaign #1,22625352639,Cologne,Minnesota,United States,38,0,0.2118,0,0,
2025|07,Campaign #1,22625352639,Somerset,Wisconsin,United States,26,1,0.2085,0.0385,0,
2025|07,Campaign #1,22625352639,Arden Hills,Minnesota,United States,41,0,0.2035,0,1,0.2035
2025|07,Campaign #1,22625352639,Silver Creek,Minnesota,United States,33,1,0.1982,0.0303,2,0.0991
2025|07,Campaign #1,22625352639,Bayport,Minnesota,United States,12,1,0.1953,0.0833,0,
2025|07,Campaign #1,22625352639,Medina,Minnesota,United States,25,1,0.1943,0.04,1,0.1943
2025|07,Campaign #1,22625352639,Arlington,Minnesota,United States,24,2,0.1776,0.0833,1,0.1776
2025|07,Campaign #1,22625352639,Cokato,Minnesota,United States,38,0,0.1676,0,0,
2025|07,Campaign #1,22625352639,Lakeland,Minnesota,United States,20,0,0.1576,0,0,
2025|07,Campaign #1,22625352639,Le Center,Minnesota,United States,22,0,0.1523,0,0,
2025|07,Campaign #1,22625352639,Lester Prairie,Minnesota,United States,12,1,0.1384,0.0833,1,0.1384
2025|07,Campaign #1,22625352639,Henderson,Minnesota,United States,23,0,0.1366,0,0,
2025|07,Campaign #1,22625352639,Chisago City,Minnesota,United States,15,2,0.1185,0.1333,4,0.0296
2025|07,Campaign #1,22625352639,Norwood Young America,Minnesota,United States,24,3,0.1181,0.125,1,0.1181
2025|07,Campaign #1,22625352639,Marine on Saint Croix,Minnesota,United States,19,1,0.1174,0.0526,1,0.1174
2025|07,Campaign #1,22625352639,Waverly,Minnesota,United States,23,0,0.1161,0,0,
2025|07,Campaign #1,22625352639,Annandale,Minnesota,United States,19,1,0.1132,0.0526,1,0.1132
2025|07,Campaign #1,22625352639,Cambridge,Minnesota,United States,21,0,0.1066,0,0,
2025|07,Campaign #1,22625352639,Mayer,Minnesota,United States,20,0,0.1027,0,0,
2025|07,Campaign #1,22625352639,Afton,Minnesota,United States,18,0,0.0894,0,0,
2025|07,Campaign #1,22625352639,Grant,Minnesota,United States,12,0,0.0763,0,0,
2025|07,Campaign #1,22625352639,Winsted,Minnesota,United States,11,1,0.0759,0.0909,0,
2025|07,Campaign #1,22625352639,Randolph,Minnesota,United States,12,1,0.0707,0.0833,2,0.0353
2025|07,Campaign #1,22625352639,New Richmond,Wisconsin,United States,14,0,0.0596,0,0,
2025|07,Campaign #1,22625352639,Deephaven,Minnesota,United States,9,1,0.056,0.1111,1,0.056
2025|07,Campaign #1,22625352639,Dundas,Minnesota,United States,8,0,0.0558,0,0,
2025|07,Campaign #1,22625352639,Hampton,Minnesota,United States,11,1,0.0541,0.0909,1,0.0541
2025|07,Campaign #1,22625352639,North Hudson,Wisconsin,United States,11,0,0.0467,0,0,
2025|07,Campaign #1,22625352639,Silver Lake,Minnesota,United States,7,0,0.0398,0,0,
2025|07,Campaign #1,22625352639,Princeton,Minnesota,United States,6,1,0.037,0.1667,1,0.037
2025|07,Campaign #1,22625352639,Saint Augusta,Minnesota,United States,5,0,0.0263,0,0,
2025|07,Campaign #1,22625352639,Inver Grove Heights,Minnesota,United States,3,0,0.0256,0,0,
2025|07,Campaign #1,22625352639,Lindstrom,Minnesota,United States,3,0,0.0161,0,0,
2025|07,Campaign #1,22625352639,Red Wing,Minnesota,United States,2,1,0.0146,0.5,1,0.0146
2025|07,Campaign #1,22625352639,Osceola,Wisconsin,United States,3,0,0.0133,0,0,
2025|07,Campaign #1,22625352639,North Branch,Minnesota,United States,2,0,0.0085,0,0,
2025|07,Campaign #1,22625352639,Mound,Minnesota,United States,2,0,0.0079,0,0,
2025|07,Campaign #1,22625352639,Clear Lake,Minnesota,United States,1,0,0.0051,0,0,
2025|07,Campaign #1,22625352639,Roberts,Wisconsin,United States,1,0,0.0049,0,0,
2025|07,Campaign #1,22625352639,Alexandria,Minnesota,United States,4,0,0,0,0,
2025|07,Campaign #1,22625352639,Bangkok,Bangkok,Thailand,1,0,0,0,0,
2025|07,Campaign #1,22625352639,Belgrade,Vojvodina,Serbia,1,0,0,0,0,
2025|07,Campaign #1,22625352639,Binangonan,Calabarzon,Philippines,1,0,0,0,0,
2025|07,Campaign #1,22625352639,Bon Air,Virginia,United States,1,0,0,0,0,
2025|07,Campaign #1,22625352639,Charlotte,North Carolina,United States,1,0,0,0,0,
2025|07,Campaign #1,22625352639,Chicago,Illinois,United States,8,0,0,0,0,
2025|07,Campaign #1,22625352639,Concord,San Francisco Bay Area,United States,1,0,0,0,0,
2025|07,Campaign #1,22625352639,Coquitlam,British Columbia,Canada,1,0,0,0,0,
2025|07,Campaign #1,22625352639,Cottonwood,California,United States,1,0,0,0,0,
2025|07,Campaign #1,22625352639,Cumberland,Wisconsin,United States,2,0,0,0,0,
2025|07,Campaign #1,22625352639,Denver,Colorado,United States,2,0,0,0,0,
2025|07,Campaign #1,22625352639,Falls Church,Virginia,United States,2,0,0,0,0,
2025|07,Campaign #1,22625352639,Fremont,Nebraska,United States,1,0,0,0,0,
2025|07,Campaign #1,22625352639,Gainesville,Florida,United States,1,0,0,0,0,
2025|07,Campaign #1,22625352639,Hanamkonda,India Urban,India,1,0,0,0,0,
2025|07,Campaign #1,22625352639,Hangzhou,Zhejiang,China,1,0,0,0,0,
2025|07,Campaign #1,22625352639,Hermantown,Minnesota,United States,1,0,0,0,0,
2025|07,Campaign #1,22625352639,Hoffman,Minnesota,United States,1,0,0,0,0,
2025|07,Campaign #1,22625352639,Hoffman Estates,Illinois,United States,1,0,0,0,0,
2025|07,Campaign #1,22625352639,Hyderabad,India Urban,India,3,0,0,0,0,
2025|07,Campaign #1,22625352639,Imus,Calabarzon,Philippines,1,0,0,0,0,
2025|07,Campaign #1,22625352639,Islamabad,Islamabad Capital Territory,Pakistan,1,0,0,0,0,
2025|07,Campaign #1,22625352639,Jackson,Louisiana,United States,1,0,0,0,0,
2025|07,Campaign #1,22625352639,Kansas City,Kansas,United States,1,0,0,0,0,
2025|07,Campaign #1,22625352639,Karachi,Sindh,Pakistan,1,0,0,0,0,
2025|07,Campaign #1,22625352639,Keflavik,Southern Peninsula Region,Iceland,1,0,0,0,0,
2025|07,Campaign #1,22625352639,Kisumu,Kisumu County,Kenya,1,0,0,0,0,
2025|07,Campaign #1,22625352639,Koshu,Yamanashi,Japan,1,0,0,0,0,
2025|07,Campaign #1,22625352639,Lagos,Lagos,Nigeria,1,0,0,0,0,
2025|07,Campaign #1,22625352639,Lake City,Minnesota,United States,1,0,0,0,0,
2025|07,Campaign #1,22625352639,Lake Hallie,Wisconsin,United States,1,0,0,0,0,
2025|07,Campaign #1,22625352639,Lalitpur,Bagmati Province,Nepal,1,0,0,0,0,
2025|07,Campaign #1,22625352639,Leon,Guanajuato,Mexico,1,0,0,0,0,
2025|07,Campaign #1,22625352639,London,England,United Kingdom,1,0,0,0,0,
2025|07,Campaign #1,22625352639,Mableton,Georgia,United States,1,0,0,0,0,
2025|07,Campaign #1,22625352639,Madison,Alabama,United States,1,0,0,0,0,
2025|07,Campaign #1,22625352639,Madison,Wisconsin,United States,1,0,0,0,0,
2025|07,Campaign #1,22625352639,Manila,Metro Manila,Philippines,1,0,0,0,0,
2025|07,Campaign #1,22625352639,Mankato,Minnesota,United States,2,0,0,0,0,
2025|07,Campaign #1,22625352639,Milwaukee,Wisconsin,United States,1,0,0,0,0,
2025|07,Campaign #1,22625352639,Montgomeryville,Pennsylvania,United States,3,0,0,0,0,
2025|07,Campaign #1,22625352639,Mumbai,India Urban,India,1,0,0,0,0,
2025|07,Campaign #1,22625352639,Nairobi,Nairobi County,Kenya,1,0,0,0,0,
2025|07,Campaign #1,22625352639,Netanya,Center District,Israel,1,0,0,0,0,
2025|07,Campaign #1,22625352639,New Franklin,Ohio,United States,1,0,0,0,0,
2025|07,Campaign #1,22625352639,New London,Minnesota,United States,1,0,0,0,0,
2025|07,Campaign #1,22625352639,New Salem,North Dakota,United States,1,0,0,0,0,
2025|07,Campaign #1,22625352639,North Charleston,South Carolina,United States,1,0,0,0,0,
2025|07,Campaign #1,22625352639,North Wales,Pennsylvania,United States,2,0,0,0,0,
2025|07,Campaign #1,22625352639,Orange,California,United States,1,0,0,0,0,
2025|07,Campaign #1,22625352639,Piedmont,San Francisco Bay Area,United States,1,0,0,0,0,
2025|07,Campaign #1,22625352639,Pomona,California,United States,1,0,0,0,0,
2025|07,Campaign #1,22625352639,Port Coquitlam,British Columbia,Canada,1,0,0,0,0,
2025|07,Campaign #1,22625352639,Providence,Rhode Island,United States,1,0,0,0,0,
2025|07,Campaign #1,22625352639,Pune,Maharashtra,India,1,0,0,0,0,
2025|07,Campaign #1,22625352639,Randalstown,Northern Ireland,United Kingdom,1,0,0,0,0,
2025|07,Campaign #1,22625352639,Rochester,Minnesota,United States,1,0,0,0,0,
2025|07,Campaign #1,22625352639,Sahuayo,Michoacan,Mexico,1,0,0,0,0,
2025|07,Campaign #1,22625352639,Saint Croix Falls,Wisconsin,United States,1,0,0,0,0,
2025|07,Campaign #1,22625352639,San Pablo City,Calabarzon,Philippines,1,0,0,0,0,
2025|07,Campaign #1,22625352639,Seattle,Washington,United States,1,0,0,0,0,
2025|07,Campaign #1,22625352639,Shillington,Pennsylvania,United States,1,0,0,0,0,
2025|07,Campaign #1,22625352639,Somerville,Massachusetts,United States,1,0,0,0,0,
2025|07,Campaign #1,22625352639,Spring Valley,Minnesota,United States,1,0,0,0,0,
2025|07,Campaign #1,22625352639,Stratford,Connecticut,United States,1,0,0,0,0,
2025|07,Campaign #1,22625352639,Sugar Land,Texas,United States,1,0,0,0,0,
2025|07,Campaign #1,22625352639,Swan Hills,Alberta,Canada,1,0,0,0,0,
2025|07,Campaign #1,22625352639,Tempe,Arizona,United States,1,0,0,0,0,
2025|07,Campaign #1,22625352639,Ten Sleep,Wyoming,United States,2,0,0,0,0,
2025|07,Campaign #1,22625352639,Toronto,Ontario,Canada,2,0,0,0,0,
2025|07,Campaign #1,22625352639,Tumwater,Washington,United States,1,0,0,0,0,
2025|07,Campaign #1,22625352639,Vadodara,India Urban,India,1,0,0,0,0,
2025|07,Campaign #1,22625352639,Valley Falls,South Carolina,United States,1,0,0,0,0,
2025|07,Campaign #1,22625352639,Veracruz,Veracruz,Mexico,1,0,0,0,0,
2025|07,Campaign #1,22625352639,Vientiane,Vientiane Prefecture,Laos,1,0,0,0,0,
2025|07,Campaign #1,22625352639,Washington,District of Columbia,United States,1,0,0,0,0,
2025|07,Campaign #1,22625352639,West Linn,Oregon,United States,1,0,0,0,0,
2025|07,Campaign #1,22625352639,Wetaskiwin,Alberta,Canada,1,0,0,0,0,
2025|07,Campaign #1,22625352639,Winnipeg Beach,Manitoba,Canada,2,0,0,0,0,
2025|07,Leads-Search-1,22767146837,Minneapolis,Minnesota,United States,1938,102,250.9255,0.0526,43,5.8355
2025|07,Leads-Search-1,22767146837,Minnetonka,Minnesota,United States,333,25,74.1734,0.0751,7,10.5962
2025|07,Leads-Search-1,22767146837,Bloomington,Minnesota,United States,259,25,73.5242,0.0965,16,4.5953
2025|07,Leads-Search-1,22767146837,Eden Prairie,Minnesota,United States,319,23,66.0907,0.0721,5,13.2181
2025|07,Leads-Search-1,22767146837,Plymouth,Minnesota,United States,269,25,64.3523,0.0929,5,12.8705
2025|07,Leads-Search-1,22767146837,St. Louis Park,Minnesota,United States,357,20,57.5829,0.056,7,8.2261
2025|07,Leads-Search-1,22767146837,Edina,Minnesota,United States,266,13,44.6445,0.0489,4,11.1611
2025|07,Leads-Search-1,22767146837,Saint Anthony,Minnesota,United States,174,12,26.607,0.069,2,13.3035
2025|07,Leads-Search-1,22767146837,Hopkins,Minnesota,United States,63,8,21.97,0.127,6,3.6617
2025|07,Leads-Search-1,22767146837,Chanhassen,Minnesota,United States,119,7,19.1647,0.0588,0,
2025|07,Leads-Search-1,22767146837,Blaine,Minnesota,United States,144,8,18.7382,0.0556,2,9.3691
2025|07,Leads-Search-1,22767146837,Coon Rapids,Minnesota,United States,114,5,13.89,0.0439,2,6.945
2025|07,Leads-Search-1,22767146837,Robbinsdale,Minnesota,United States,78,4,12.46,0.0513,2,6.23
2025|07,Leads-Search-1,22767146837,New Hope,Minnesota,United States,67,4,9.44,0.0597,4,2.36
2025|07,Leads-Search-1,22767146837,Richfield,Minnesota,United States,63,3,7.96,0.0476,1,7.96
2025|07,Leads-Search-1,22767146837,Brooklyn Park,Minnesota,United States,98,3,7.2131,0.0306,0,
2025|07,Leads-Search-1,22767146837,Spring Lake Park,Minnesota,United States,26,1,3.14,0.0385,2,1.57
2025|07,Leads-Search-1,22767146837,Golden Valley,Minnesota,United States,60,1,1.9564,0.0167,0,
2025|07,Leads-Search-1,22767146837,Brooklyn Center,Minnesota,United States,8,1,0.8,0.125,0,
2025|07,Leads-Search-1,22767146837,Crystal,Minnesota,United States,25,0,0,0,0,
2025|08,Leads-Search-1,22767146837,Minneapolis,Minnesota,United States,1457,95,230.6897,0.0652,43,5.3649
2025|08,Leads-Search-1,22767146837,Minnetonka,Minnesota,United States,287,25,53.3485,0.0871,15,3.5566
2025|08,Leads-Search-1,22767146837,Plymouth,Minnesota,United States,289,22,51.6336,0.0761,10,5.1634
2025|08,Leads-Search-1,22767146837,Edina,Minnesota,United States,206,16,50.0776,0.0777,5,10.0155
2025|08,Leads-Search-1,22767146837,Coon Rapids,Minnesota,United States,99,18,46.1734,0.1818,6,7.6956
2025|08,Leads-Search-1,22767146837,Eden Prairie,Minnesota,United States,211,16,42.0367,0.0758,11,3.8215
2025|08,Leads-Search-1,22767146837,Chanhassen,Minnesota,United States,90,8,29.5758,0.0889,3,9.8586
2025|08,Leads-Search-1,22767146837,St. Louis Park,Minnesota,United States,238,12,28.6276,0.0504,6,4.7713
2025|08,Leads-Search-1,22767146837,Robbinsdale,Minnesota,United States,77,11,26.3795,0.1429,1,26.3795
2025|08,Leads-Search-1,22767146837,Bloomington,Minnesota,United States,197,9,21.6318,0.0457,2,10.8159
2025|08,Leads-Search-1,22767146837,Hopkins,Minnesota,United States,50,8,17.7155,0.16,1,17.7155
2025|08,Leads-Search-1,22767146837,Brooklyn Park,Minnesota,United States,84,7,16.6091,0.0833,5,3.3218
2025|08,Leads-Search-1,22767146837,Blaine,Minnesota,United States,76,6,14.0714,0.0789,1,14.0714
2025|08,Leads-Search-1,22767146837,Richfield,Minnesota,United States,87,4,13.2029,0.046,0,
2025|08,Leads-Search-1,22767146837,Saint Anthony,Minnesota,United States,86,4,11.6086,0.0465,0,
2025|08,Leads-Search-1,22767146837,Golden Valley,Minnesota,United States,44,1,1.69,0.0227,0,
2025|08,Leads-Search-1,22767146837,New Hope,Minnesota,United States,41,1,1.35,0.0244,0,
2025|08,Leads-Search-1,22767146837,Spring Lake Park,Minnesota,United States,26,1,1.27,0.0385,0,
2025|08,Leads-Search-1,22767146837,Brooklyn Center,Minnesota,United States,10,1,1.2132,0.1,0,
2025|08,Leads-Search-1,22767146837,Crystal,Minnesota,United States,20,1,0.6986,0.05,0,
2026|04,Leads-Search-1,22767146837,Minneapolis,Minnesota,United States,484,32,82.2211,0.0661,3,27.407
2026|04,Leads-Search-1,22767146837,Bloomington,Minnesota,United States,58,4,13.9485,0.069,0,
2026|04,Leads-Search-1,22767146837,Edina,Minnesota,United States,72,4,13.2,0.0556,0,
2026|04,Leads-Search-1,22767146837,Minnetonka,Minnesota,United States,66,4,10.77,0.0606,1,10.77
2026|04,Leads-Search-1,22767146837,Eden Prairie,Minnesota,United States,59,3,10.4,0.0508,0,
2026|04,Leads-Search-1,22767146837,St. Louis Park,Minnesota,United States,59,3,9.0489,0.0508,0,
2026|04,Leads-Search-1,22767146837,Hopkins,Minnesota,United States,15,3,8.43,0.2,0,
2026|04,Leads-Search-1,22767146837,Golden Valley,Minnesota,United States,12,2,7.23,0.1667,3,2.41
2026|04,Leads-Search-1,22767146837,Blaine,Minnesota,United States,31,3,6.92,0.0968,0,
2026|04,Leads-Search-1,22767146837,Chanhassen,Minnesota,United States,20,2,4.42,0.1,0,
2026|04,Leads-Search-1,22767146837,Brooklyn Park,Minnesota,United States,29,2,4.4,0.069,1,4.4
2026|04,Leads-Search-1,22767146837,Maple Grove,Minnesota,United States,54,2,4.3,0.037,0,
2026|04,Leads-Search-1,22767146837,Crystal,Minnesota,United States,6,1,3.75,0.1667,8,0.4688
2026|04,Leads-Search-1,22767146837,Richfield,Minnesota,United States,47,1,2.85,0.0213,0,
2026|04,Leads-Search-1,22767146837,New Hope,Minnesota,United States,15,1,2.56,0.0667,0,
2026|04,Leads-Search-1,22767146837,Plymouth,Minnesota,United States,53,1,1.77,0.0189,0,
2026|04,Leads-Search-1,22767146837,Brooklyn Center,Minnesota,United States,2,0,0,0,0,
2026|04,Leads-Search-1,22767146837,Coon Rapids,Minnesota,United States,36,0,0,0,0,
2026|04,Leads-Search-1,22767146837,Deephaven,Minnesota,United States,1,0,0,0,0,
2026|04,Leads-Search-1,22767146837,Robbinsdale,Minnesota,United States,6,0,0,0,0,
2026|04,Leads-Search-1,22767146837,Saint Anthony,Minnesota,United States,18,0,0,0,0,
2026|04,Leads-Search-1,22767146837,Spring Lake Park,Minnesota,United States,5,0,0,0,0,
2026|04,Leads-Search-1,22767146837,Wayzata,Minnesota,United States,12,0,0,0,0,
2026|05,Leads-Search-1,22767146837,Minneapolis,Minnesota,United States,425,27,65.3788,0.0635,3,21.7929
2026|05,Leads-Search-1,22767146837,Minnetonka,Minnesota,United States,103,7,19.1335,0.068,8,2.3917
2026|05,Leads-Search-1,22767146837,Maple Grove,Minnesota,United States,44,7,13.268,0.1591,0,
2026|05,Leads-Search-1,22767146837,Plymouth,Minnesota,United States,78,5,12.5,0.0641,3,4.1667
2026|05,Leads-Search-1,22767146837,St. Louis Park,Minnesota,United States,65,5,11.8082,0.0769,0,
2026|05,Leads-Search-1,22767146837,Bloomington,Minnesota,United States,34,5,10.45,0.1471,1,10.45
2026|05,Leads-Search-1,22767146837,Edina,Minnesota,United States,38,3,9.271,0.0789,3,3.0903
2026|05,Leads-Search-1,22767146837,Coon Rapids,Minnesota,United States,37,4,7.9108,0.1081,1,7.9108
2026|05,Leads-Search-1,22767146837,Wayzata,Minnesota,United States,22,2,7.34,0.0909,0,
2026|05,Leads-Search-1,22767146837,Eden Prairie,Minnesota,United States,40,2,6.5,0.05,0,
2026|05,Leads-Search-1,22767146837,Deephaven,Minnesota,United States,3,1,6.23,0.3333,0,
2026|05,Leads-Search-1,22767146837,Golden Valley,Minnesota,United States,19,3,4.86,0.1579,0,
2026|05,Leads-Search-1,22767146837,Blaine,Minnesota,United States,28,2,3.57,0.0714,0,
2026|05,Leads-Search-1,22767146837,Hopkins,Minnesota,United States,27,4,3.5665,0.1481,0,
2026|05,Leads-Search-1,22767146837,Richfield,Minnesota,United States,23,1,2.9271,0.0435,0,
2026|05,Leads-Search-1,22767146837,Chanhassen,Minnesota,United States,39,1,2.05,0.0256,0,
2026|05,Leads-Search-1,22767146837,New Hope,Minnesota,United States,11,1,1.95,0.0909,1,1.95
2026|05,Leads-Search-1,22767146837,Brooklyn Park,Minnesota,United States,29,1,1.53,0.0345,0,
2026|05,Leads-Search-1,22767146837,Brooklyn Center,Minnesota,United States,4,0,0,0,0,
2026|05,Leads-Search-1,22767146837,Crystal,Minnesota,United States,7,0,0,0,0,
2026|05,Leads-Search-1,22767146837,Robbinsdale,Minnesota,United States,10,0,0,0,0,
2026|05,Leads-Search-1,22767146837,Saint Anthony,Minnesota,United States,27,0,0,0,0,
2026|05,Leads-Search-1,22767146837,Spring Lake Park,Minnesota,United States,4,0,0,0,0,
2026|05,PNHdefense-Website traffic-Search-2,23888858069,Buffalo,Minnesota,United States,2,1,0.01,0.5,0,
2026|05,PNHdefense-Website traffic-Search-2,23888858069,Chaska,Minnesota,United States,9,0,0,0,0,
2026|05,PNHdefense-Website traffic-Search-2,23888858069,Little Canada,Minnesota,United States,4,0,0,0,0,
2026|05,PNHdefense-Website traffic-Search-2,23888858069,Minneapolis,Minnesota,United States,3,0,0,0,0,
2026|05,PNHdefense-Website traffic-Search-2,23888858069,Shorewood,Minnesota,United States,1,0,0,0,0,
2026|05,PNHdefense-Website traffic-Search-2,23888858069,Victoria,Minnesota,United States,2,0,0,0,0,
2026|06,Leads-Search-1,22767146837,Minneapolis,Minnesota,United States,29,4,24.0592,0.1379,0.02,1202.9602
2026|06,Leads-Search-1,22767146837,Chanhassen,Minnesota,United States,1,0,0,0,0,
2026|06,Leads-Search-1,22767146837,Eden Prairie,Minnesota,United States,2,0,0,0,0,
2026|06,Leads-Search-1,22767146837,Maple Grove,Minnesota,United States,14,0,0,0,0,
2026|06,Leads-Search-1,22767146837,Minnetonka,Minnesota,United States,1,0,0,0,0,
2026|06,Leads-Search-1,22767146837,New Hope,Minnesota,United States,2,0,0,0,0,
2026|06,Leads-Search-1,22767146837,Plymouth,Minnesota,United States,1,0,0,0,0,
2026|06,Leads-Search-1,22767146837,St. Louis Park,Minnesota,United States,3,0,0,0,0,
2026|06,PNHdefense-Website traffic-Search-2,23888858069,Minneapolis,Minnesota,United States,65,8,27.6996,0.1231,4,6.9249
2026|06,PNHdefense-Website traffic-Search-2,23888858069,Chanhassen,Minnesota,United States,5,3,18.7789,0.6,4,4.6947
2026|06,PNHdefense-Website traffic-Search-2,23888858069,Bloomington,Minnesota,United States,12,4,16.69,0.3333,3,5.5633
2026|06,PNHdefense-Website traffic-Search-2,23888858069,Kaukauna,Wisconsin,United States,1,2,10.501,2,0,
2026|06,PNHdefense-Website traffic-Search-2,23888858069,Coon Rapids,Minnesota,United States,1,1,9.02,1,0,
2026|06,PNHdefense-Website traffic-Search-2,23888858069,Minnetonka,Minnesota,United States,18,4,6.16,0.2222,0,
2026|06,PNHdefense-Website traffic-Search-2,23888858069,Little Falls,Minnesota,United States,2,1,4.74,0.5,0,
2026|06,PNHdefense-Website traffic-Search-2,23888858069,Eden Prairie,Minnesota,United States,8,2,4.63,0.25,0,
2026|06,PNHdefense-Website traffic-Search-2,23888858069,Edina,Minnesota,United States,2,1,3.44,0.5,0,
2026|06,PNHdefense-Website traffic-Search-2,23888858069,Deephaven,Minnesota,United States,2,1,2.77,0.5,0,
2026|06,PNHdefense-Website traffic-Search-2,23888858069,Ada,Minnesota,United States,2,1,1.895,0.5,0,
2026|06,PNHdefense-Website traffic-Search-2,23888858069,White Bear Lake,Minnesota,United States,2,1,1.62,0.5,1,1.62
2026|06,PNHdefense-Website traffic-Search-2,23888858069,Ulen,Minnesota,United States,4,1,1.1816,0.25,0,
2026|06,PNHdefense-Website traffic-Search-2,23888858069,Little Canada,Minnesota,United States,12,1,0.77,0.0833,6,0.1283
2026|06,PNHdefense-Website traffic-Search-2,23888858069,Waconia,Minnesota,United States,2,1,0.66,0.5,2,0.33
2026|06,PNHdefense-Website traffic-Search-2,23888858069,Burnsville,Minnesota,United States,2,1,0.43,0.5,0,
2026|06,PNHdefense-Website traffic-Search-2,23888858069,Prairie du Chien,Wisconsin,United States,2,1,0.01,0.5,0,
2026|06,PNHdefense-Website traffic-Search-2,23888858069,Rosemount,Minnesota,United States,2,1,0.01,0.5,0,
2026|06,PNHdefense-Website traffic-Search-2,23888858069,Chaska,Minnesota,United States,64,0,0,0,0,
2026|06,PNHdefense-Website traffic-Search-2,23888858069,Fitchburg,Wisconsin,United States,4,0,0,0,0,
2026|06,PNHdefense-Website traffic-Search-2,23888858069,Gilbert,Minnesota,United States,2,0,0,0,0,
2026|06,PNHdefense-Website traffic-Search-2,23888858069,Hopkins,Minnesota,United States,11,0,0,0,0,
2026|06,PNHdefense-Website traffic-Search-2,23888858069,Hutchinson,Minnesota,United States,2,0,0,0,0,
2026|06,PNHdefense-Website traffic-Search-2,23888858069,Minnetrista,Minnesota,United States,2,0,0,0,0,
2026|06,PNHdefense-Website traffic-Search-2,23888858069,Plymouth,Minnesota,United States,3,0,0,0,0,
2026|06,PNHdefense-Website traffic-Search-2,23888858069,Robbinsdale,Minnesota,United States,4,0,0,0,0,
2026|06,PNHdefense-Website traffic-Search-2,23888858069,Saint Anthony,Minnesota,United States,2,0,0,0,0,
2026|06,PNHdefense-Website traffic-Search-2,23888858069,Saint Paul,Minnesota,United States,5,0,0,0,0,
2026|06,PNHdefense-Website traffic-Search-2,23888858069,St. Louis Park,Minnesota,United States,2,0,0,0,0,
2026|06,PNHdefense-Website traffic-Search-2,23888858069,West Saint Paul,Minnesota,United States,2,0,0,0,0,
2026|07,Leads-Search-1,22767146837,Minneapolis,Minnesota,United States,1417,73,152.6854,0.0515,10.49,14.5553
2026|07,Leads-Search-1,22767146837,St. Louis Park,Minnesota,United States,299,17,45.4982,0.0569,4,11.3745
2026|07,Leads-Search-1,22767146837,Saint Paul,Minnesota,United States,362,16,30.9415,0.0442,4,7.7354
2026|07,Leads-Search-1,22767146837,Plymouth,Minnesota,United States,226,14,27.2018,0.0619,5,5.4404
2026|07,Leads-Search-1,22767146837,Minnetonka,Minnesota,United States,289,14,26.917,0.0484,1,26.917
2026|07,Leads-Search-1,22767146837,Chanhassen,Minnesota,United States,98,10,23.0422,0.102,1,23.0422
2026|07,Leads-Search-1,22767146837,Shakopee,Minnesota,United States,119,9,20.3699,0.0756,0,
2026|07,Leads-Search-1,22767146837,Edina,Minnesota,United States,187,8,20.3525,0.0428,1,20.3525
2026|07,Leads-Search-1,22767146837,Eden Prairie,Minnesota,United States,249,9,19.04,0.0361,2,9.52
2026|07,Leads-Search-1,22767146837,Bloomington,Minnesota,United States,221,10,18.8029,0.0452,0,
2026|07,Leads-Search-1,22767146837,Dellwood,Minnesota,United States,28,3,18.22,0.1071,0,
2026|07,Leads-Search-1,22767146837,Apple Valley,Minnesota,United States,67,6,13.45,0.0896,0,
2026|07,Leads-Search-1,22767146837,Minnetrista,Minnesota,United States,78,5,11.87,0.0641,0,
2026|07,Leads-Search-1,22767146837,Hopkins,Minnesota,United States,53,3,11.68,0.0566,0,
2026|07,Leads-Search-1,22767146837,Carver,Minnesota,United States,33,5,11.4,0.1515,1,11.4
2026|07,Leads-Search-1,22767146837,Burnsville,Minnesota,United States,82,5,11.2821,0.061,1,11.2821
2026|07,Leads-Search-1,22767146837,Dayton,Minnesota,United States,17,4,10.42,0.2353,1,10.42
2026|07,Leads-Search-1,22767146837,Saint Anthony,Minnesota,United States,72,4,8.5377,0.0556,1,8.5377
2026|07,Leads-Search-1,22767146837,Eagan,Minnesota,United States,131,6,8.156,0.0458,0,
2026|07,Leads-Search-1,22767146837,Little Canada,Minnesota,United States,233,8,7.2944,0.0343,0,
2026|07,Leads-Search-1,22767146837,Lino Lakes,Minnesota,United States,27,2,6.9735,0.0741,2,3.4867
2026|07,Leads-Search-1,22767146837,Rosemount,Minnesota,United States,40,3,6.93,0.075,0,
2026|07,Leads-Search-1,22767146837,Brooklyn Center,Minnesota,United States,39,3,6.44,0.0769,0,
2026|07,Leads-Search-1,22767146837,Mendota Heights,Minnesota,United States,7,2,6.12,0.2857,0,
2026|07,Leads-Search-1,22767146837,Savage,Minnesota,United States,64,3,5.79,0.0469,0,
2026|07,Leads-Search-1,22767146837,South Saint Paul,Minnesota,United States,74,3,5.3591,0.0405,0,
2026|07,Leads-Search-1,22767146837,New Hope,Minnesota,United States,73,3,5.3,0.0411,1,5.3
2026|07,Leads-Search-1,22767146837,Shorewood,Minnesota,United States,42,4,5.1945,0.0952,0,
2026|07,Leads-Search-1,22767146837,Wayzata,Minnesota,United States,63,3,4.9699,0.0476,1,4.9699
2026|07,Leads-Search-1,22767146837,Corcoran,Minnesota,United States,27,2,4.89,0.0741,1,4.89
2026|07,Leads-Search-1,22767146837,Independence,Minnesota,United States,28,3,4.78,0.1071,0,
2026|07,Leads-Search-1,22767146837,Fridley,Minnesota,United States,23,2,4.68,0.087,0,
2026|07,Leads-Search-1,22767146837,Saint Michael,Minnesota,United States,24,2,4.14,0.0833,0,
2026|07,Leads-Search-1,22767146837,Vadnais Heights,Minnesota,United States,14,1,4.12,0.0714,0,
2026|07,Leads-Search-1,22767146837,Victoria,Minnesota,United States,41,3,3.8405,0.0732,0,
2026|07,Leads-Search-1,22767146837,Brooklyn Park,Minnesota,United States,74,4,3.8096,0.0541,2,1.9048
2026|07,Leads-Search-1,22767146837,Champlin,Minnesota,United States,19,1,3.43,0.0526,0,
2026|07,Leads-Search-1,22767146837,Robbinsdale,Minnesota,United States,59,2,3.318,0.0339,1,3.318
2026|07,Leads-Search-1,22767146837,Orono,Minnesota,United States,17,2,3.28,0.1176,0,
2026|07,Leads-Search-1,22767146837,Maple Grove,Minnesota,United States,136,2,3.27,0.0147,0,
2026|07,Leads-Search-1,22767146837,Ham Lake,Minnesota,United States,30,1,2.85,0.0333,0,
2026|07,Leads-Search-1,22767146837,Oak Grove,Minnesota,United States,33,4,2.8,0.1212,0,
2026|07,Leads-Search-1,22767146837,North Oaks,Minnesota,United States,46,1,2.31,0.0217,0,
2026|07,Leads-Search-1,22767146837,Golden Valley,Minnesota,United States,41,3,2.16,0.0732,0,
2026|07,Leads-Search-1,22767146837,Lakeville,Minnesota,United States,110,2,2.04,0.0182,0,
2026|07,Leads-Search-1,22767146837,Medina,Minnesota,United States,15,1,1.95,0.0667,1,1.95
2026|07,Leads-Search-1,22767146837,Cologne,Minnesota,United States,6,1,1.8,0.1667,0,
2026|07,Leads-Search-1,22767146837,Chaska,Minnesota,United States,68,2,1.78,0.0294,3,0.5933
2026|07,Leads-Search-1,22767146837,Otsego,Minnesota,United States,32,1,1.76,0.0313,0,
2026|07,Leads-Search-1,22767146837,Oakdale,Minnesota,United States,19,1,1.75,0.0526,0,
2026|07,Leads-Search-1,22767146837,Delano,Minnesota,United States,29,1,1.6892,0.0345,0,
2026|07,Leads-Search-1,22767146837,Credit River,Minnesota,United States,4,1,1.56,0.25,0,
2026|07,Leads-Search-1,22767146837,Waconia,Minnesota,United States,41,1,1.4603,0.0244,0.51,2.8633
2026|07,Leads-Search-1,22767146837,Blaine,Minnesota,United States,76,2,1.32,0.0263,1,1.32
2026|07,Leads-Search-1,22767146837,New Brighton,Minnesota,United States,71,1,1.27,0.0141,0,
2026|07,Leads-Search-1,22767146837,Maplewood,Minnesota,United States,55,1,1.08,0.0182,0,
2026|07,Leads-Search-1,22767146837,Falcon Heights,Minnesota,United States,29,1,0.95,0.0345,0,
2026|07,Leads-Search-1,22767146837,West Saint Paul,Minnesota,United States,35,2,0.7776,0.0571,0,
2026|07,Leads-Search-1,22767146837,Farmington,Minnesota,United States,29,2,0.7146,0.069,0,
2026|07,Leads-Search-1,22767146837,Richfield,Minnesota,United States,56,1,0.47,0.0179,0,
2026|07,Leads-Search-1,22767146837,Anoka,Minnesota,United States,1,0,0,0,0,
2026|07,Leads-Search-1,22767146837,Arden Hills,Minnesota,United States,11,0,0,0,0,
2026|07,Leads-Search-1,22767146837,Buffalo,Minnesota,United States,1,0,0,0,0,
2026|07,Leads-Search-1,22767146837,Centerville,Minnesota,United States,5,0,0,0,0,
2026|07,Leads-Search-1,22767146837,Columbia Heights,Minnesota,United States,1,0,0,0,0,
2026|07,Leads-Search-1,22767146837,Coon Rapids,Minnesota,United States,56,0,0,0,0,
2026|07,Leads-Search-1,22767146837,Cottage Grove,Minnesota,United States,4,0,0,0,0,
2026|07,Leads-Search-1,22767146837,Crystal,Minnesota,United States,33,0,0,0,0,
2026|07,Leads-Search-1,22767146837,Deephaven,Minnesota,United States,6,0,0,0,0,
2026|07,Leads-Search-1,22767146837,Greenfield,Minnesota,United States,13,0,0,0,0,
2026|07,Leads-Search-1,22767146837,Jordan,Minnesota,United States,27,0,0,0,0,
2026|07,Leads-Search-1,22767146837,Mayer,Minnesota,United States,1,0,0,0,0,
2026|07,Leads-Search-1,22767146837,Newport,Minnesota,United States,4,0,0,0,0,
2026|07,Leads-Search-1,22767146837,Norwood Young America,Minnesota,United States,1,0,0,0,0,
2026|07,Leads-Search-1,22767146837,Prior Lake,Minnesota,United States,32,0,0,0,0,
2026|07,Leads-Search-1,22767146837,Ramsey,Minnesota,United States,4,0,0,0,0,
2026|07,Leads-Search-1,22767146837,Rockford,Minnesota,United States,18,0,0,0,0,
2026|07,Leads-Search-1,22767146837,Rogers,Minnesota,United States,2,0,0,0,0,
2026|07,Leads-Search-1,22767146837,Saint Paul Park,Minnesota,United States,10,0,0,0,0,
2026|07,Leads-Search-1,22767146837,Shoreview,Minnesota,United States,4,0,0,0,0,
2026|07,Leads-Search-1,22767146837,Spring Lake Park,Minnesota,United States,15,0,0,0,0,
2026|07,Leads-Search-1,22767146837,White Bear Lake,Minnesota,United States,2,0,0,0,0,
2026|07,Leads-Search-1,22767146837,Woodbury,Minnesota,United States,29,0,0,0,0,
2026|07,PNHdefense-Website traffic-Search-2,23888858069,Minnetonka,Minnesota,United States,6,3,15.9,0.5,1,15.9
2026|07,PNHdefense-Website traffic-Search-2,23888858069,Minneapolis,Minnesota,United States,11,4,5.98,0.3636,1.2,4.9833
2026|07,PNHdefense-Website traffic-Search-2,23888858069,St. Louis Park,Minnesota,United States,4,2,4.71,0.5,0,
2026|07,PNHdefense-Website traffic-Search-2,23888858069,Prairie du Chien,Wisconsin,United States,2,1,4.66,0.5,0,
2026|07,PNHdefense-Website traffic-Search-2,23888858069,Maple Grove,Minnesota,United States,4,2,3.21,0.5,0,
2026|07,PNHdefense-Website traffic-Search-2,23888858069,Coon Rapids,Minnesota,United States,1,1,2.59,1,2.01,1.2886
2026|07,PNHdefense-Website traffic-Search-2,23888858069,Little Canada,Minnesota,United States,12,1,2.32,0.0833,0,
2026|07,PNHdefense-Website traffic-Search-2,23888858069,Hopkins,Minnesota,United States,16,4,2,0.25,1,2
2026|07,PNHdefense-Website traffic-Search-2,23888858069,Bloomington,Minnesota,United States,2,1,1.15,0.5,0,
2026|07,PNHdefense-Website traffic-Search-2,23888858069,Eden Prairie,Minnesota,United States,4,3,1.13,0.75,0,
2026|07,PNHdefense-Website traffic-Search-2,23888858069,Richfield,Minnesota,United States,6,1,1.02,0.1667,0,
2026|07,PNHdefense-Website traffic-Search-2,23888858069,Minnetrista,Minnesota,United States,2,1,0.86,0.5,0,
2026|07,PNHdefense-Website traffic-Search-2,23888858069,Edina,Minnesota,United States,1,1,0.61,1,0,
2026|07,PNHdefense-Website traffic-Search-2,23888858069,Saint Paul,Minnesota,United States,2,2,0.53,1,0,
2026|07,PNHdefense-Website traffic-Search-2,23888858069,Golden Valley,Minnesota,United States,2,1,0.35,0.5,0,
2026|07,PNHdefense-Website traffic-Search-2,23888858069,Duluth,Minnesota,United States,4,1,0.01,0.25,0,
2026|07,PNHdefense-Website traffic-Search-2,23888858069,Waconia,Minnesota,United States,3,1,0.01,0.3333,0,
2026|07,PNHdefense-Website traffic-Search-2,23888858069,Carver,Minnesota,United States,4,0,0,0,0,
2026|07,PNHdefense-Website traffic-Search-2,23888858069,Chaska,Minnesota,United States,2,0,0,0,0,
2026|07,PNHdefense-Website traffic-Search-2,23888858069,Rochester,Minnesota,United States,1,0,0,0,0,
2026|07,PNHdefense-Website traffic-Search-2,23888858069,Wauzeka,Wisconsin,United States,2,0,0,0,0,
2026|07,PNHdefense-Website traffic-Search-2,23888858069,Willmar,Minnesota,United States,2,0,0,0,0,
2026|07,PNHdefense-Website traffic-Search-2,23888858069,Woodbury,Minnesota,United States,2,0,0,0,0,
2026|08,Leads-Search-1,22767146837,Minneapolis,Minnesota,United States,1447,71,148.4902,0.0491,7,21.2129
2026|08,Leads-Search-1,22767146837,Saint Paul,Minnesota,United States,289,21,43.9801,0.0727,1,43.9801
2026|08,Leads-Search-1,22767146837,Little Canada,Minnesota,United States,214,21,37.8058,0.0981,0,
2026|08,Leads-Search-1,22767146837,Plymouth,Minnesota,United States,199,14,34.1586,0.0704,0,
2026|08,Leads-Search-1,22767146837,Maple Grove,Minnesota,United States,143,12,31.54,0.0839,0,
2026|08,Leads-Search-1,22767146837,St. Louis Park,Minnesota,United States,187,13,30.1574,0.0695,0,
2026|08,Leads-Search-1,22767146837,Minnetonka,Minnesota,United States,196,11,25.211,0.0561,2,12.6055
2026|08,Leads-Search-1,22767146837,Edina,Minnesota,United States,128,9,18.71,0.0703,1,18.71
2026|08,Leads-Search-1,22767146837,Eagan,Minnesota,United States,79,7,17.08,0.0886,0,
2026|08,Leads-Search-1,22767146837,Burnsville,Minnesota,United States,77,7,15.5238,0.0909,1,15.5238
2026|08,Leads-Search-1,22767146837,Coon Rapids,Minnesota,United States,95,7,15.2547,0.0737,1,15.2547
2026|08,Leads-Search-1,22767146837,Lakeville,Minnesota,United States,98,7,14.9638,0.0714,0,
2026|08,Leads-Search-1,22767146837,Blaine,Minnesota,United States,88,5,13.07,0.0568,0,
2026|08,Leads-Search-1,22767146837,Shakopee,Minnesota,United States,118,6,12.49,0.0508,0,
2026|08,Leads-Search-1,22767146837,Eden Prairie,Minnesota,United States,174,6,12.46,0.0345,1,12.46
2026|08,Leads-Search-1,22767146837,Otsego,Minnesota,United States,77,6,11.471,0.0779,0,
2026|08,Leads-Search-1,22767146837,Brooklyn Park,Minnesota,United States,80,6,9.89,0.075,2,4.945
2026|08,Leads-Search-1,22767146837,Deephaven,Minnesota,United States,6,4,9.12,0.6667,0,
2026|08,Leads-Search-1,22767146837,Golden Valley,Minnesota,United States,40,4,8.3,0.1,0,
2026|08,Leads-Search-1,22767146837,Bloomington,Minnesota,United States,221,4,8.2349,0.0181,0,
2026|08,Leads-Search-1,22767146837,Shorewood,Minnesota,United States,38,4,8.2011,0.1053,1,8.2011
2026|08,Leads-Search-1,22767146837,Waconia,Minnesota,United States,30,2,7.39,0.0667,0,
2026|08,Leads-Search-1,22767146837,Victoria,Minnesota,United States,25,3,7.19,0.12,1,7.19
2026|08,Leads-Search-1,22767146837,Minnetrista,Minnesota,United States,47,4,6.87,0.0851,1,6.87
2026|08,Leads-Search-1,22767146837,Richfield,Minnesota,United States,76,3,6.87,0.0395,0,
2026|08,Leads-Search-1,22767146837,Dayton,Minnesota,United States,17,2,5.82,0.1176,0,
2026|08,Leads-Search-1,22767146837,Chaska,Minnesota,United States,44,3,5.5981,0.0682,0,
2026|08,Leads-Search-1,22767146837,Oakdale,Minnesota,United States,13,4,5.5289,0.3077,0,
2026|08,Leads-Search-1,22767146837,North Oaks,Minnesota,United States,35,2,5.47,0.0571,0,
2026|08,Leads-Search-1,22767146837,Savage,Minnesota,United States,40,5,5.4,0.125,0,
2026|08,Leads-Search-1,22767146837,Saint Anthony,Minnesota,United States,100,2,5.21,0.02,0,
2026|08,Leads-Search-1,22767146837,Hopkins,Minnesota,United States,34,3,5.15,0.0882,0,
2026|08,Leads-Search-1,22767146837,Dellwood,Minnesota,United States,38,2,5.07,0.0526,0,
2026|08,Leads-Search-1,22767146837,Orono,Minnesota,United States,20,2,4.49,0.1,0,
2026|08,Leads-Search-1,22767146837,Saint Michael,Minnesota,United States,13,2,4.2864,0.1538,0,
2026|08,Leads-Search-1,22767146837,Oak Grove,Minnesota,United States,49,2,4.07,0.0408,0,
2026|08,Leads-Search-1,22767146837,Chanhassen,Minnesota,United States,63,2,3.42,0.0317,0,
2026|08,Leads-Search-1,22767146837,Prior Lake,Minnesota,United States,34,2,3.12,0.0588,1,3.12
2026|08,Leads-Search-1,22767146837,South Saint Paul,Minnesota,United States,59,3,3.11,0.0508,0,
2026|08,Leads-Search-1,22767146837,Delano,Minnesota,United States,20,2,2.92,0.1,0,
2026|08,Leads-Search-1,22767146837,Crystal,Minnesota,United States,25,1,2.88,0.04,0,
2026|08,Leads-Search-1,22767146837,Brooklyn Center,Minnesota,United States,37,2,2.445,0.0541,0,
2026|08,Leads-Search-1,22767146837,Lino Lakes,Minnesota,United States,31,1,2.32,0.0323,0,
2026|08,Leads-Search-1,22767146837,Maplewood,Minnesota,United States,56,1,2.2,0.0179,0,
2026|08,Leads-Search-1,22767146837,West Saint Paul,Minnesota,United States,30,1,2.19,0.0333,0,
2026|08,Leads-Search-1,22767146837,Corcoran,Minnesota,United States,32,1,2.17,0.0313,0,
2026|08,Leads-Search-1,22767146837,Mahtomedi,Minnesota,United States,1,1,2.17,1,0,
2026|08,Leads-Search-1,22767146837,Apple Valley,Minnesota,United States,54,1,2.16,0.0185,1,2.16
2026|08,Leads-Search-1,22767146837,Carver,Minnesota,United States,7,1,2.11,0.1429,0,
2026|08,Leads-Search-1,22767146837,Falcon Heights,Minnesota,United States,23,1,2.03,0.0435,1,2.03
2026|08,Leads-Search-1,22767146837,Belle Plaine,Minnesota,United States,2,2,1.4,1,0,
2026|08,Leads-Search-1,22767146837,New Brighton,Minnesota,United States,33,1,1.26,0.0303,0,
2026|08,Leads-Search-1,22767146837,Spring Lake Park,Minnesota,United States,16,2,0.99,0.125,0,
2026|08,Leads-Search-1,22767146837,Robbinsdale,Minnesota,United States,41,1,0.5474,0.0244,0,
2026|08,Leads-Search-1,22767146837,Fridley,Minnesota,United States,32,1,0.54,0.0313,0,
2026|08,Leads-Search-1,22767146837,Rosemount,Minnesota,United States,32,1,0.34,0.0313,0,
2026|08,Leads-Search-1,22767146837,Arden Hills,Minnesota,United States,14,0,0,0,0,
2026|08,Leads-Search-1,22767146837,Champlin,Minnesota,United States,42,0,0,0,0,
2026|08,Leads-Search-1,22767146837,Cologne,Minnesota,United States,2,0,0,0,0,
2026|08,Leads-Search-1,22767146837,Cottage Grove,Minnesota,United States,6,0,0,0,0,
2026|08,Leads-Search-1,22767146837,Elko New Market,Minnesota,United States,5,0,0,0,0,
2026|08,Leads-Search-1,22767146837,Farmington,Minnesota,United States,13,0,0,0,0,
2026|08,Leads-Search-1,22767146837,Greenfield,Minnesota,United States,5,0,0,0,0,
2026|08,Leads-Search-1,22767146837,Ham Lake,Minnesota,United States,37,0,0,0,0,
2026|08,Leads-Search-1,22767146837,Independence,Minnesota,United States,17,0,0,0,0,
2026|08,Leads-Search-1,22767146837,Jordan,Minnesota,United States,11,0,0,0,0,
2026|08,Leads-Search-1,22767146837,Mayer,Minnesota,United States,1,0,0,0,0,
2026|08,Leads-Search-1,22767146837,Medina,Minnesota,United States,9,0,0,0,0,
2026|08,Leads-Search-1,22767146837,Mendota Heights,Minnesota,United States,11,0,0,0,0,
2026|08,Leads-Search-1,22767146837,Mound,Minnesota,United States,1,0,0,0,0,
2026|08,Leads-Search-1,22767146837,New Hope,Minnesota,United States,41,0,0,0,0,
2026|08,Leads-Search-1,22767146837,Newport,Minnesota,United States,9,0,0,0,0,
2026|08,Leads-Search-1,22767146837,Rockford,Minnesota,United States,9,0,0,0,0,
2026|08,Leads-Search-1,22767146837,Saint Paul Park,Minnesota,United States,3,0,0,0,0,
2026|08,Leads-Search-1,22767146837,Vadnais Heights,Minnesota,United States,17,0,0,0,0,
2026|08,Leads-Search-1,22767146837,Wayzata,Minnesota,United States,14,0,0,0,0,
2026|08,Leads-Search-1,22767146837,Woodbury,Minnesota,United States,21,0,0,0,0,
2026|09,Leads-Search-1,22767146837,Minneapolis,Minnesota,United States,393,13,24.62,0.0331,0,
2026|09,Leads-Search-1,22767146837,St. Louis Park,Minnesota,United States,55,6,14.55,0.1091,0,
2026|09,Leads-Search-1,22767146837,Brooklyn Park,Minnesota,United States,30,4,9.21,0.1333,0,
2026|09,Leads-Search-1,22767146837,Champlin,Minnesota,United States,10,3,7.14,0.3,0,
2026|09,Leads-Search-1,22767146837,Savage,Minnesota,United States,21,3,6.99,0.1429,0,
2026|09,Leads-Search-1,22767146837,Coon Rapids,Minnesota,United States,25,3,6.93,0.12,0,
2026|09,Leads-Search-1,22767146837,Vadnais Heights,Minnesota,United States,9,2,4.88,0.2222,0,
2026|09,Leads-Search-1,22767146837,Ham Lake,Minnesota,United States,10,2,4.48,0.2,0,
2026|09,Leads-Search-1,22767146837,Minnetrista,Minnesota,United States,30,1,2.82,0.0333,0,
2026|09,Leads-Search-1,22767146837,Otsego,Minnesota,United States,45,1,2.8,0.0222,0,
2026|09,Leads-Search-1,22767146837,Edina,Minnesota,United States,48,1,2.32,0.0208,0,
2026|09,Leads-Search-1,22767146837,Maple Grove,Minnesota,United States,42,1,2.3,0.0238,0,
2026|09,Leads-Search-1,22767146837,Saint Anthony,Minnesota,United States,24,2,2.02,0.0833,0,
2026|09,Leads-Search-1,22767146837,Blaine,Minnesota,United States,37,1,1.7762,0.027,0,
2026|09,Leads-Search-1,22767146837,Minnetonka,Minnesota,United States,40,1,1.71,0.025,0,
2026|09,Leads-Search-1,22767146837,Saint Michael,Minnesota,United States,16,1,1.69,0.0625,1,1.69
2026|09,Leads-Search-1,22767146837,Medina,Minnesota,United States,7,1,1.67,0.1429,0,
2026|09,Leads-Search-1,22767146837,New Hope,Minnesota,United States,26,1,1.62,0.0385,0,
2026|09,Leads-Search-1,22767146837,Jordan,Minnesota,United States,10,1,1.6,0.1,0,
2026|09,Leads-Search-1,22767146837,Plymouth,Minnesota,United States,69,2,1.34,0.029,0,
2026|09,Leads-Search-1,22767146837,Arden Hills,Minnesota,United States,3,0,0,0,0,
2026|09,Leads-Search-1,22767146837,Bloomington,Minnesota,United States,42,0,0,0,0,
2026|09,Leads-Search-1,22767146837,Brooklyn Center,Minnesota,United States,9,0,0,0,0,
2026|09,Leads-Search-1,22767146837,Buffalo,Minnesota,United States,1,0,0,0,0,
2026|09,Leads-Search-1,22767146837,Burnsville,Minnesota,United States,1,0,0,0,0,
2026|09,Leads-Search-1,22767146837,Carver,Minnesota,United States,3,0,0,0,0,
2026|09,Leads-Search-1,22767146837,Chanhassen,Minnesota,United States,22,0,0,0,0,
2026|09,Leads-Search-1,22767146837,Chaska,Minnesota,United States,22,0,0,0,0,
2026|09,Leads-Search-1,22767146837,Cologne,Minnesota,United States,1,0,0,0,0,
2026|09,Leads-Search-1,22767146837,Corcoran,Minnesota,United States,1,0,0,0,0,
2026|09,Leads-Search-1,22767146837,Crystal,Minnesota,United States,8,0,0,0,0,
2026|09,Leads-Search-1,22767146837,Dayton,Minnesota,United States,7,0,0,0,0,
2026|09,Leads-Search-1,22767146837,Delano,Minnesota,United States,10,0,0,0,0,
2026|09,Leads-Search-1,22767146837,Eden Prairie,Minnesota,United States,53,0,0,0,0,
2026|09,Leads-Search-1,22767146837,Falcon Heights,Minnesota,United States,4,0,0,0,0,
2026|09,Leads-Search-1,22767146837,Golden Valley,Minnesota,United States,10,0,0,0,0,
2026|09,Leads-Search-1,22767146837,Greenfield,Minnesota,United States,11,0,0,0,0,
2026|09,Leads-Search-1,22767146837,Hopkins,Minnesota,United States,11,0,0,0,0,
2026|09,Leads-Search-1,22767146837,Independence,Minnesota,United States,5,0,0,0,0,
2026|09,Leads-Search-1,22767146837,Lino Lakes,Minnesota,United States,9,0,0,0,0,
2026|09,Leads-Search-1,22767146837,Little Canada,Minnesota,United States,6,0,0,0,0,
2026|09,Leads-Search-1,22767146837,Maplewood,Minnesota,United States,6,0,0,0,0,
2026|09,Leads-Search-1,22767146837,Mendota Heights,Minnesota,United States,4,0,0,0,0,
2026|09,Leads-Search-1,22767146837,Mound,Minnesota,United States,4,0,0,0,0,
2026|09,Leads-Search-1,22767146837,New Prague,Minnesota,United States,1,0,0,0,0,
2026|09,Leads-Search-1,22767146837,Oak Grove,Minnesota,United States,21,0,0,0,0,
2026|09,Leads-Search-1,22767146837,Orono,Minnesota,United States,4,0,0,0,0,
2026|09,Leads-Search-1,22767146837,Prior Lake,Minnesota,United States,7,0,0,0,0,
2026|09,Leads-Search-1,22767146837,Richfield,Minnesota,United States,16,0,0,0,0,
2026|09,Leads-Search-1,22767146837,Robbinsdale,Minnesota,United States,6,0,0,0,0,
2026|09,Leads-Search-1,22767146837,Rockford,Minnesota,United States,3,0,0,0,0,
2026|09,Leads-Search-1,22767146837,Shakopee,Minnesota,United States,30,0,0,0,0,
2026|09,Leads-Search-1,22767146837,Shorewood,Minnesota,United States,4,0,0,0,0,
2026|09,Leads-Search-1,22767146837,Spring Lake Park,Minnesota,United States,10,0,0,0,0,
2026|09,Leads-Search-1,22767146837,Victoria,Minnesota,United States,9,0,0,0,0,
2026|09,Leads-Search-1,22767146837,Waconia,Minnesota,United States,8,0,0,0,0,
2026|09,Leads-Search-1,22767146837,Wayzata,Minnesota,United States,4,0,0,0,0,
