Yearmonth,Campaignname,CampaignID,City,Region,Metroarea,PostalCode,LocationType,Impressions,Clicks,Cost,Ctr,Conversions,CostPerConversion
2025|06,Campaign #1,22625352639,Burnsville,Minnesota,"Minneapolis-St. Paul, MN",55337,LOCATION_OF_PRESENCE,61,6,15.1635,0.0984,0,
2025|06,Campaign #1,22625352639,Minnetonka,Minnesota,"Minneapolis-St. Paul, MN",55305,LOCATION_OF_PRESENCE,53,4,13.5361,0.0755,6,2.256
2025|06,Campaign #1,22625352639,Lakeville,Minnesota,"Minneapolis-St. Paul, MN",55044,LOCATION_OF_PRESENCE,93,4,13.0192,0.043,2,6.5096
2025|06,Campaign #1,22625352639,Fargo,North Dakota,"Fargo-Valley City, ND",58104,LOCATION_OF_PRESENCE,5,1,12.7872,0.2,0,
2025|06,Campaign #1,22625352639,Blaine,Minnesota,"Minneapolis-St. Paul, MN",55434,LOCATION_OF_PRESENCE,28,4,11.7612,0.1429,2,5.8806
2025|06,Campaign #1,22625352639,Blaine,Minnesota,"Minneapolis-St. Paul, MN",55449,LOCATION_OF_PRESENCE,51,3,8.5696,0.0588,5,1.7139
2025|06,Campaign #1,22625352639,Buffalo,Minnesota,"Minneapolis-St. Paul, MN",55313,LOCATION_OF_PRESENCE,14,1,7.8069,0.0714,0,
2025|06,Campaign #1,22625352639,Edina,Minnesota,"Minneapolis-St. Paul, MN",55410,LOCATION_OF_PRESENCE,44,4,6.8797,0.0909,0,
2025|06,Campaign #1,22625352639,North Oaks,Minnesota,"Minneapolis-St. Paul, MN",55127,LOCATION_OF_PRESENCE,22,2,6.7065,0.0909,3,2.2355
2025|06,Campaign #1,22625352639,Richfield,Minnesota,"Minneapolis-St. Paul, MN",55423,LOCATION_OF_PRESENCE,83,3,6.0644,0.0361,2,3.0322
2025|06,Campaign #1,22625352639,Little Canada,Minnesota,"Minneapolis-St. Paul, MN",55109,LOCATION_OF_PRESENCE,43,3,5.5016,0.0698,1,5.5016
2025|06,Campaign #1,22625352639,Howard Lake,Minnesota,"Minneapolis-St. Paul, MN",55349,LOCATION_OF_PRESENCE,3,2,5.2217,0.6667,3,1.7406
2025|06,Campaign #1,22625352639,Plymouth,Minnesota,"Minneapolis-St. Paul, MN",55442,LOCATION_OF_PRESENCE,12,1,4.9817,0.0833,0,
2025|06,Campaign #1,22625352639,Minnetonka,Minnesota,"Minneapolis-St. Paul, MN",55343,AREA_OF_INTEREST,188,4,4.89,0.0213,5,0.978
2025|06,Campaign #1,22625352639,Robbinsdale,Minnesota,"Minneapolis-St. Paul, MN",55422,LOCATION_OF_PRESENCE,53,2,4.5029,0.0377,4,1.1257
2025|06,Campaign #1,22625352639,New Prague,Minnesota,"Minneapolis-St. Paul, MN",56071,LOCATION_OF_PRESENCE,16,2,4.3832,0.125,1,4.3832
2025|06,Campaign #1,22625352639,Little Canada,Minnesota,"Minneapolis-St. Paul, MN",55113,LOCATION_OF_PRESENCE,390,14,4.3675,0.0359,8,0.5459
2025|06,Campaign #1,22625352639,Oak Grove,Minnesota,"Minneapolis-St. Paul, MN",55303,LOCATION_OF_PRESENCE,36,2,4.2751,0.0556,3,1.425
2025|06,Campaign #1,22625352639,Edina,Minnesota,"Minneapolis-St. Paul, MN",55435,LOCATION_OF_PRESENCE,26,1,4.2649,0.0385,0,
2025|06,Campaign #1,22625352639,Two Harbors,Minnesota,"Duluth, MN-Superior, WI",55616,LOCATION_OF_PRESENCE,3,1,4.0441,0.3333,0,
2025|06,Campaign #1,22625352639,Minneapolis,Minnesota,"Minneapolis-St. Paul, MN",55408,LOCATION_OF_PRESENCE,106,2,3.738,0.0189,3,1.246
2025|06,Campaign #1,22625352639,Chanhassen,Minnesota,"Minneapolis-St. Paul, MN",55317,LOCATION_OF_PRESENCE,22,2,3.6498,0.0909,1,3.6498
2025|06,Campaign #1,22625352639,Central City,Iowa,"Cedar Rapids-Waterloo-Iowa City & Dubuque, IA",52214,AREA_OF_INTEREST,5,1,3.08,0.2,1,3.08
2025|06,Campaign #1,22625352639,Mendota Heights,Minnesota,"Minneapolis-St. Paul, MN",55120,LOCATION_OF_PRESENCE,11,1,2.7284,0.0909,0,
2025|06,Campaign #1,22625352639,Apple Valley,Minnesota,"Minneapolis-St. Paul, MN",55124,LOCATION_OF_PRESENCE,55,4,2.691,0.0727,4,0.6728
2025|06,Campaign #1,22625352639,Belle Plaine,Minnesota,"Minneapolis-St. Paul, MN",56011,LOCATION_OF_PRESENCE,6,1,2.6902,0.1667,0,
2025|06,Campaign #1,22625352639,Verndale,Minnesota,"Minneapolis-St. Paul, MN",56481,LOCATION_OF_PRESENCE,2,2,2.58,1,0,
2025|06,Campaign #1,22625352639,Minneapolis,Minnesota,"Minneapolis-St. Paul, MN",55414,LOCATION_OF_PRESENCE,183,7,2.5094,0.0383,8,0.3137
2025|06,Campaign #1,22625352639,Marshfield,Wisconsin,"Wausau-Rhinelander, WI",54449,LOCATION_OF_PRESENCE,3,1,2.2148,0.3333,1,2.2148
2025|06,Campaign #1,22625352639,Le Center,Minnesota,"Minneapolis-St. Paul, MN",56057,LOCATION_OF_PRESENCE,2,2,2.197,1,1,2.197
2025|06,Campaign #1,22625352639,West Saint Paul,Minnesota,"Minneapolis-St. Paul, MN",55118,LOCATION_OF_PRESENCE,27,1,2.1839,0.037,0,
2025|06,Campaign #1,22625352639,Otsego,Minnesota,"Minneapolis-St. Paul, MN",55374,LOCATION_OF_PRESENCE,20,1,1.9899,0.05,0,
2025|06,Campaign #1,22625352639,Plymouth,Minnesota,"Minneapolis-St. Paul, MN",55441,LOCATION_OF_PRESENCE,29,3,1.9161,0.1034,0,
2025|06,Campaign #1,22625352639,Merrimac,Wisconsin,"Madison, WI",53561,AREA_OF_INTEREST,1,1,1.91,1,0,
2025|06,Campaign #1,22625352639,Ham Lake,Minnesota,"Minneapolis-St. Paul, MN",55304,LOCATION_OF_PRESENCE,50,2,1.8486,0.04,2,0.9243
2025|06,Campaign #1,22625352639,Minnetonka,Minnesota,"Minneapolis-St. Paul, MN",55345,LOCATION_OF_PRESENCE,25,2,1.8042,0.08,0,
2025|06,Campaign #1,22625352639,Brooklyn Park,Minnesota,"Minneapolis-St. Paul, MN",55443,LOCATION_OF_PRESENCE,64,2,1.7307,0.0313,0,
2025|06,Campaign #1,22625352639,Grove City,Minnesota,"Minneapolis-St. Paul, MN",56243,LOCATION_OF_PRESENCE,2,1,1.71,0.5,0,
2025|06,Campaign #1,22625352639,Rochester,Minnesota,"Rochester, MN-Mason City, IA-Austin, MN",55901,LOCATION_OF_PRESENCE,28,1,1.6344,0.0357,4,0.4086
2025|06,Campaign #1,22625352639,Cohasset,Minnesota,"Duluth, MN-Superior, WI",55721,LOCATION_OF_PRESENCE,1,1,1.46,1,0,
2025|06,Campaign #1,22625352639,Sparta,Wisconsin,"La Crosse-Eau Claire, WI",54656,LOCATION_OF_PRESENCE,3,1,1.4444,0.3333,0,
2025|06,Campaign #1,22625352639,Minneapolis,Minnesota,"Minneapolis-St. Paul, MN",55404,LOCATION_OF_PRESENCE,111,6,1.4371,0.0541,2,0.7186
2025|06,Campaign #1,22625352639,Decorah,Iowa,"Cedar Rapids-Waterloo-Iowa City & Dubuque, IA",52101,LOCATION_OF_PRESENCE,6,2,1.3616,0.3333,0,
2025|06,Campaign #1,22625352639,Rochester,Minnesota,"Rochester, MN-Mason City, IA-Austin, MN",55902,AREA_OF_INTEREST,4,1,1.36,0.25,0,
2025|06,Campaign #1,22625352639,Brooklyn Park,Minnesota,"Minneapolis-St. Paul, MN",55445,LOCATION_OF_PRESENCE,20,2,1.3302,0.1,0,
2025|06,Campaign #1,22625352639,Saint Paul,Minnesota,"Minneapolis-St. Paul, MN",55103,LOCATION_OF_PRESENCE,38,4,1.2946,0.1053,5,0.2589
2025|06,Campaign #1,22625352639,La Crescent,Minnesota,"La Crosse-Eau Claire, WI",55947,LOCATION_OF_PRESENCE,2,1,1.29,0.5,0,
2025|06,Campaign #1,22625352639,Albany,Minnesota,"Minneapolis-St. Paul, MN",56307,LOCATION_OF_PRESENCE,2,1,1.2783,0.5,0,
2025|06,Campaign #1,22625352639,Hastings,Minnesota,"Minneapolis-St. Paul, MN",55033,LOCATION_OF_PRESENCE,19,1,1.2727,0.0526,0,
2025|06,Campaign #1,22625352639,Dayton,Minnesota,"Minneapolis-St. Paul, MN",55327,LOCATION_OF_PRESENCE,11,1,1.1752,0.0909,0,
2025|06,Campaign #1,22625352639,Minnetonka,Minnesota,"Minneapolis-St. Paul, MN",55343,LOCATION_OF_PRESENCE,26,1,1.1718,0.0385,2,0.5859
2025|06,Campaign #1,22625352639,Sartell,Minnesota,"Minneapolis-St. Paul, MN",56377,LOCATION_OF_PRESENCE,4,1,1.1594,0.25,0,
2025|06,Campaign #1,22625352639,Garner,Iowa,"Rochester, MN-Mason City, IA-Austin, MN",50438,LOCATION_OF_PRESENCE,3,1,1.1426,0.3333,0,
2025|06,Campaign #1,22625352639,Shakopee,Minnesota,"Minneapolis-St. Paul, MN",55379,LOCATION_OF_PRESENCE,56,2,1.0708,0.0357,1,1.0708
2025|06,Campaign #1,22625352639,Litchfield,Minnesota,"Minneapolis-St. Paul, MN",55355,LOCATION_OF_PRESENCE,1,1,0.96,1,0,
2025|06,Campaign #1,22625352639,Mankato,Minnesota,"Mankato, MN",56001,LOCATION_OF_PRESENCE,12,1,0.9536,0.0833,0,
2025|06,Campaign #1,22625352639,Saint Anthony,Minnesota,"Minneapolis-St. Paul, MN",55421,LOCATION_OF_PRESENCE,44,2,0.935,0.0455,1,0.935
2025|06,Campaign #1,22625352639,Saint Paul,Minnesota,"Minneapolis-St. Paul, MN",55105,LOCATION_OF_PRESENCE,17,1,0.8765,0.0588,0,
2025|06,Campaign #1,22625352639,Wadena,Minnesota,"Minneapolis-St. Paul, MN",56482,LOCATION_OF_PRESENCE,2,1,0.8747,0.5,0,
2025|06,Campaign #1,22625352639,Onalaska,Wisconsin,"La Crosse-Eau Claire, WI",54650,LOCATION_OF_PRESENCE,2,1,0.8743,0.5,0,
2025|06,Campaign #1,22625352639,Eagan,Minnesota,"Minneapolis-St. Paul, MN",55121,LOCATION_OF_PRESENCE,19,2,0.8712,0.1053,0,
2025|06,Campaign #1,22625352639,Eden Prairie,Minnesota,"Minneapolis-St. Paul, MN",55346,LOCATION_OF_PRESENCE,16,3,0.8505,0.1875,2,0.4252
2025|06,Campaign #1,22625352639,New Hope,Minnesota,"Minneapolis-St. Paul, MN",55428,LOCATION_OF_PRESENCE,27,1,0.837,0.037,1,0.837
2025|06,Campaign #1,22625352639,Emily,Minnesota,"Minneapolis-St. Paul, MN",56447,LOCATION_OF_PRESENCE,1,1,0.83,1,0,
2025|06,Campaign #1,22625352639,East Gull Lake,Minnesota,"Minneapolis-St. Paul, MN",56401,LOCATION_OF_PRESENCE,12,1,0.82,0.0833,0,
2025|06,Campaign #1,22625352639,Grand Rapids,Minnesota,"Duluth, MN-Superior, WI",55744,LOCATION_OF_PRESENCE,5,1,0.6595,0.2,0,
2025|06,Campaign #1,22625352639,Plymouth,Minnesota,"Minneapolis-St. Paul, MN",55446,LOCATION_OF_PRESENCE,45,4,0.6342,0.0889,8,0.0793
2025|06,Campaign #1,22625352639,Dakota,Minnesota,"La Crosse-Eau Claire, WI",55925,LOCATION_OF_PRESENCE,2,1,0.61,0.5,0,
2025|06,Campaign #1,22625352639,Lake Park,Minnesota,"Fargo-Valley City, ND",56554,LOCATION_OF_PRESENCE,4,1,0.6,0.25,0,
2025|06,Campaign #1,22625352639,Eau Claire,Wisconsin,"La Crosse-Eau Claire, WI",54703,LOCATION_OF_PRESENCE,4,1,0.4974,0.25,0,
2025|06,Campaign #1,22625352639,Little Canada,Minnesota,"Minneapolis-St. Paul, MN",55117,LOCATION_OF_PRESENCE,80,2,0.4751,0.025,2,0.2376
2025|06,Campaign #1,22625352639,Saint Paul,Minnesota,"Minneapolis-St. Paul, MN",55106,LOCATION_OF_PRESENCE,104,3,0.4739,0.0288,2,0.237
2025|06,Campaign #1,22625352639,North Mankato,Minnesota,"Minneapolis-St. Paul, MN",56003,LOCATION_OF_PRESENCE,3,1,0.4509,0.3333,0,
2025|06,Campaign #1,22625352639,Warrens,Wisconsin,"La Crosse-Eau Claire, WI",54666,AREA_OF_INTEREST,3,1,0.43,0.3333,0,
2025|06,Campaign #1,22625352639,Saint Paul,Minnesota,"Minneapolis-St. Paul, MN",55104,LOCATION_OF_PRESENCE,75,2,0.4,0.0267,0,
2025|06,Campaign #1,22625352639,Minneapolis,Minnesota,"Minneapolis-St. Paul, MN",55406,LOCATION_OF_PRESENCE,82,0,0.3572,0,0,
2025|06,Campaign #1,22625352639,Minneapolis,Minnesota,"Minneapolis-St. Paul, MN",55411,LOCATION_OF_PRESENCE,85,1,0.3554,0.0118,2,0.1777
2025|06,Campaign #1,22625352639,Minneapolis,Minnesota,"Minneapolis-St. Paul, MN",55407,LOCATION_OF_PRESENCE,77,0,0.3419,0,0,
2025|06,Campaign #1,22625352639,Sherburn,Minnesota,"Mankato, MN",56171,LOCATION_OF_PRESENCE,1,1,0.34,1,0,
2025|06,Campaign #1,22625352639,Eagle Grove,Iowa,"Des Moines-Ames, IA",50533,LOCATION_OF_PRESENCE,1,1,0.3355,1,0,
2025|06,Campaign #1,22625352639,Minneapolis,Minnesota,"Minneapolis-St. Paul, MN",55403,LOCATION_OF_PRESENCE,94,1,0.332,0.0106,1,0.332
2025|06,Campaign #1,22625352639,Cold Spring,Minnesota,"Minneapolis-St. Paul, MN",56320,LOCATION_OF_PRESENCE,2,1,0.33,0.5,0,
2025|06,Campaign #1,22625352639,Le Mars,Iowa,"Sioux City, IA",51031,LOCATION_OF_PRESENCE,2,1,0.2965,0.5,0,
2025|06,Campaign #1,22625352639,St. Louis Park,Minnesota,"Minneapolis-St. Paul, MN",55416,LOCATION_OF_PRESENCE,66,2,0.2959,0.0303,1,0.2959
2025|06,Campaign #1,22625352639,Breckenridge,Minnesota,"Fargo-Valley City, ND",56520,LOCATION_OF_PRESENCE,1,1,0.29,1,0,
2025|06,Campaign #1,22625352639,Maplewood,Minnesota,"Minneapolis-St. Paul, MN",55119,LOCATION_OF_PRESENCE,57,2,0.2296,0.0351,2,0.1148
2025|06,Campaign #1,22625352639,Oakdale,Minnesota,"Minneapolis-St. Paul, MN",55128,LOCATION_OF_PRESENCE,40,3,0.2213,0.075,2,0.1106
2025|06,Campaign #1,22625352639,New Brighton,Minnesota,"Minneapolis-St. Paul, MN",55112,LOCATION_OF_PRESENCE,56,2,0.2189,0.0357,2,0.1094
2025|06,Campaign #1,22625352639,Bloomington,Minnesota,"Minneapolis-St. Paul, MN",55420,LOCATION_OF_PRESENCE,50,3,0.2182,0.06,4,0.0546
2025|06,Campaign #1,22625352639,Saint Anthony,Minnesota,"Minneapolis-St. Paul, MN",55418,LOCATION_OF_PRESENCE,52,0,0.197,0,0,
2025|06,Campaign #1,22625352639,Saint Paul,Minnesota,"Minneapolis-St. Paul, MN",55116,LOCATION_OF_PRESENCE,37,1,0.1785,0.027,0,
2025|06,Campaign #1,22625352639,Eagan,Minnesota,"Minneapolis-St. Paul, MN",55122,LOCATION_OF_PRESENCE,39,3,0.1764,0.0769,0,
2025|06,Campaign #1,22625352639,Maple Grove,Minnesota,"Minneapolis-St. Paul, MN",55369,LOCATION_OF_PRESENCE,40,3,0.1728,0.075,3,0.0576
2025|06,Campaign #1,22625352639,Bloomington,Minnesota,"Minneapolis-St. Paul, MN",55425,LOCATION_OF_PRESENCE,40,1,0.1666,0.025,0,
2025|06,Campaign #1,22625352639,Coon Rapids,Minnesota,"Minneapolis-St. Paul, MN",55433,LOCATION_OF_PRESENCE,38,0,0.1656,0,0,
2025|06,Campaign #1,22625352639,Brooklyn Park,Minnesota,"Minneapolis-St. Paul, MN",55444,LOCATION_OF_PRESENCE,27,1,0.1637,0.037,0,
2025|06,Campaign #1,22625352639,Dellwood,Minnesota,"Minneapolis-St. Paul, MN",55110,LOCATION_OF_PRESENCE,38,0,0.1567,0,0,
2025|06,Campaign #1,22625352639,Spring Lake Park,Minnesota,"Minneapolis-St. Paul, MN",55432,LOCATION_OF_PRESENCE,29,0,0.1513,0,0,
2025|06,Campaign #1,22625352639,Cottage Grove,Minnesota,"Minneapolis-St. Paul, MN",55016,LOCATION_OF_PRESENCE,38,0,0.1475,0,0,
2025|06,Campaign #1,22625352639,Woodbury,Minnesota,"Minneapolis-St. Paul, MN",55129,LOCATION_OF_PRESENCE,33,0,0.139,0,0,
2025|06,Campaign #1,22625352639,Saint Paul,Minnesota,"Minneapolis-St. Paul, MN",55130,LOCATION_OF_PRESENCE,30,2,0.1361,0.0667,1,0.1361
2025|06,Campaign #1,22625352639,Crystal,Minnesota,"Minneapolis-St. Paul, MN",55429,LOCATION_OF_PRESENCE,31,1,0.1332,0.0323,2,0.0666
2025|06,Campaign #1,22625352639,Coon Rapids,Minnesota,"Minneapolis-St. Paul, MN",55448,LOCATION_OF_PRESENCE,29,1,0.1323,0.0345,0,
2025|06,Campaign #1,22625352639,Eagan,Minnesota,"Minneapolis-St. Paul, MN",55123,LOCATION_OF_PRESENCE,28,0,0.1282,0,0,
2025|06,Campaign #1,22625352639,Woodbury,Minnesota,"Minneapolis-St. Paul, MN",55125,LOCATION_OF_PRESENCE,32,0,0.1194,0,0,
2025|06,Campaign #1,22625352639,St. Louis Park,Minnesota,"Minneapolis-St. Paul, MN",55426,LOCATION_OF_PRESENCE,38,0,0.1182,0,0,
2025|06,Campaign #1,22625352639,Minnetonka,Minnesota,"Minneapolis-St. Paul, MN",55345,AREA_OF_INTEREST,66,1,0.11,0.0152,0,
2025|06,Campaign #1,22625352639,Burnsville,Minnesota,"Minneapolis-St. Paul, MN",55306,LOCATION_OF_PRESENCE,20,0,0.1087,0,0,
2025|06,Campaign #1,22625352639,Minneapolis,Minnesota,"Minneapolis-St. Paul, MN",55412,LOCATION_OF_PRESENCE,26,0,0.1074,0,0,
2025|06,Campaign #1,22625352639,Eden Prairie,Minnesota,"Minneapolis-St. Paul, MN",55347,LOCATION_OF_PRESENCE,35,1,0.1065,0.0286,2,0.0533
2025|06,Campaign #1,22625352639,Eden Prairie,Minnesota,"Minneapolis-St. Paul, MN",55344,LOCATION_OF_PRESENCE,34,0,0.1025,0,0,
2025|06,Campaign #1,22625352639,Fargo,North Dakota,"Fargo-Valley City, ND",58103,LOCATION_OF_PRESENCE,12,1,0.1009,0.0833,0,
2025|06,Campaign #1,22625352639,Aitkin,Minnesota,"Minneapolis-St. Paul, MN",56431,LOCATION_OF_PRESENCE,4,1,0.0985,0.25,1,0.0985
2025|06,Campaign #1,22625352639,Chaska,Minnesota,"Minneapolis-St. Paul, MN",55318,LOCATION_OF_PRESENCE,30,1,0.0972,0.0333,0,
2025|06,Campaign #1,22625352639,Minneapolis,Minnesota,"Minneapolis-St. Paul, MN",55413,LOCATION_OF_PRESENCE,30,1,0.0939,0.0333,0,
2025|06,Campaign #1,22625352639,Minneapolis,Minnesota,"Minneapolis-St. Paul, MN",55419,LOCATION_OF_PRESENCE,21,0,0.0921,0,0,
2025|06,Campaign #1,22625352639,Saint Paul,Minnesota,"Minneapolis-St. Paul, MN",55102,LOCATION_OF_PRESENCE,23,2,0.0909,0.087,3,0.0303
2025|06,Campaign #1,22625352639,Plymouth,Minnesota,"Minneapolis-St. Paul, MN",55447,LOCATION_OF_PRESENCE,26,1,0.0902,0.0385,1,0.0902
2025|06,Campaign #1,22625352639,Minneapolis,Minnesota,"Minneapolis-St. Paul, MN",55417,LOCATION_OF_PRESENCE,27,1,0.0886,0.037,0,
2025|06,Campaign #1,22625352639,Marshall,Minnesota,"Minneapolis-St. Paul, MN",56258,LOCATION_OF_PRESENCE,8,0,0.0874,0,0,
2025|06,Campaign #1,22625352639,Shorewood,Minnesota,"Minneapolis-St. Paul, MN",55331,LOCATION_OF_PRESENCE,21,0,0.0865,0,0,
2025|06,Campaign #1,22625352639,Rosemount,Minnesota,"Minneapolis-St. Paul, MN",55068,LOCATION_OF_PRESENCE,30,1,0.086,0.0333,2,0.043
2025|06,Campaign #1,22625352639,Bloomington,Minnesota,"Minneapolis-St. Paul, MN",55431,LOCATION_OF_PRESENCE,25,1,0.0855,0.04,0,
2025|06,Campaign #1,22625352639,Lake Elmo,Minnesota,"Minneapolis-St. Paul, MN",55042,LOCATION_OF_PRESENCE,11,0,0.0824,0,0,
2025|06,Campaign #1,22625352639,South Saint Paul,Minnesota,"Minneapolis-St. Paul, MN",55076,LOCATION_OF_PRESENCE,12,0,0.0824,0,0,
2025|06,Campaign #1,22625352639,South Saint Paul,Minnesota,"Minneapolis-St. Paul, MN",55075,LOCATION_OF_PRESENCE,17,0,0.0818,0,0,
2025|06,Campaign #1,22625352639,Savage,Minnesota,"Minneapolis-St. Paul, MN",55378,LOCATION_OF_PRESENCE,23,1,0.0813,0.0435,0,
2025|06,Campaign #1,22625352639,Bloomington,Minnesota,"Minneapolis-St. Paul, MN",55438,LOCATION_OF_PRESENCE,23,0,0.0762,0,0,
2025|06,Campaign #1,22625352639,Otsego,Minnesota,"Minneapolis-St. Paul, MN",55330,LOCATION_OF_PRESENCE,17,0,0.0749,0,0,
2025|06,Campaign #1,22625352639,Saint Paul,Minnesota,"Minneapolis-St. Paul, MN",55111,LOCATION_OF_PRESENCE,20,3,0.0749,0.15,2,0.0375
2025|06,Campaign #1,22625352639,Saint Michael,Minnesota,"Minneapolis-St. Paul, MN",55376,LOCATION_OF_PRESENCE,17,0,0.0746,0,0,
2025|06,Campaign #1,22625352639,North Oaks,Minnesota,"Minneapolis-St. Paul, MN",55126,LOCATION_OF_PRESENCE,24,0,0.0704,0,0,
2025|06,Campaign #1,22625352639,Minnetonka,Minnesota,"Minneapolis-St. Paul, MN",55305,AREA_OF_INTEREST,314,1,0.07,0.0032,0,
2025|06,Campaign #1,22625352639,Marshalltown,Iowa,"Des Moines-Ames, IA",50158,LOCATION_OF_PRESENCE,6,0,0.0697,0,0,
2025|06,Campaign #1,22625352639,Brooklyn Center,Minnesota,"Minneapolis-St. Paul, MN",55430,LOCATION_OF_PRESENCE,17,0,0.0682,0,0,
2025|06,Campaign #1,22625352639,Oak Park Heights,Minnesota,"Minneapolis-St. Paul, MN",55082,LOCATION_OF_PRESENCE,19,0,0.0667,0,0,
2025|06,Campaign #1,22625352639,Bloomington,Minnesota,"Minneapolis-St. Paul, MN",55437,LOCATION_OF_PRESENCE,20,0,0.0639,0,0,
2025|06,Campaign #1,22625352639,Park Rapids,Minnesota,"Minneapolis-St. Paul, MN",56470,LOCATION_OF_PRESENCE,8,1,0.0632,0.125,0,
2025|06,Campaign #1,22625352639,Necedah,Wisconsin,"Madison, WI",54646,LOCATION_OF_PRESENCE,2,0,0.0602,0,0,
2025|06,Campaign #1,22625352639,Farmington,Minnesota,"Minneapolis-St. Paul, MN",55024,LOCATION_OF_PRESENCE,21,1,0.0585,0.0476,0,
2025|06,Campaign #1,22625352639,Lino Lakes,Minnesota,"Minneapolis-St. Paul, MN",55014,LOCATION_OF_PRESENCE,14,2,0.0582,0.1429,2,0.0291
2025|06,Campaign #1,22625352639,Saint Paul,Minnesota,"Minneapolis-St. Paul, MN",55117,LOCATION_OF_PRESENCE,11,1,0.0582,0.0909,0,
2025|06,Campaign #1,22625352639,Waterloo,Iowa,"Cedar Rapids-Waterloo-Iowa City & Dubuque, IA",50702,LOCATION_OF_PRESENCE,7,0,0.0573,0,0,
2025|06,Campaign #1,22625352639,West Salem,Wisconsin,"La Crosse-Eau Claire, WI",54669,LOCATION_OF_PRESENCE,4,0,0.0566,0,0,
2025|06,Campaign #1,22625352639,Minneapolis,Minnesota,"Minneapolis-St. Paul, MN",55405,LOCATION_OF_PRESENCE,19,0,0.0532,0,0,
2025|06,Campaign #1,22625352639,Corcoran,Minnesota,"Minneapolis-St. Paul, MN",55340,LOCATION_OF_PRESENCE,17,1,0.0523,0.0588,0,
2025|06,Campaign #1,22625352639,Champlin,Minnesota,"Minneapolis-St. Paul, MN",55316,LOCATION_OF_PRESENCE,19,0,0.0502,0,0,
2025|06,Campaign #1,22625352639,Worthington,Minnesota,"Sioux Falls(Mitchell), SD",56187,LOCATION_OF_PRESENCE,9,0,0.0491,0,0,
2025|06,Campaign #1,22625352639,Sioux Falls,South Dakota,"Sioux Falls(Mitchell), SD",57103,LOCATION_OF_PRESENCE,11,1,0.0487,0.0909,0,
2025|06,Campaign #1,22625352639,Wisconsin Rapids,Wisconsin,"Wausau-Rhinelander, WI",54494,LOCATION_OF_PRESENCE,7,0,0.0487,0,0,
2025|06,Campaign #1,22625352639,Hammond,Wisconsin,"Minneapolis-St. Paul, MN",54015,LOCATION_OF_PRESENCE,2,0,0.0469,0,0,
2025|06,Campaign #1,22625352639,Falcon Heights,Minnesota,"Minneapolis-St. Paul, MN",55108,LOCATION_OF_PRESENCE,14,0,0.0455,0,0,
2025|06,Campaign #1,22625352639,Wausau,Wisconsin,"Wausau-Rhinelander, WI",54401,LOCATION_OF_PRESENCE,8,0,0.0455,0,0,
2025|06,Campaign #1,22625352639,La Crosse,Wisconsin,"La Crosse-Eau Claire, WI",54601,LOCATION_OF_PRESENCE,7,0,0.0453,0,0,
2025|06,Campaign #1,22625352639,Owatonna,Minnesota,"Minneapolis-St. Paul, MN",55060,LOCATION_OF_PRESENCE,12,0,0.0442,0,0,
2025|06,Campaign #1,22625352639,Saint Paul,Minnesota,"Minneapolis-St. Paul, MN",55107,LOCATION_OF_PRESENCE,9,0,0.0432,0,0,
2025|06,Campaign #1,22625352639,New Hope,Minnesota,"Minneapolis-St. Paul, MN",55427,LOCATION_OF_PRESENCE,22,1,0.043,0.0455,1,0.043
2025|06,Campaign #1,22625352639,Austin,Minnesota,"Rochester, MN-Mason City, IA-Austin, MN",55912,LOCATION_OF_PRESENCE,11,3,0.0419,0.2727,1,0.0419
2025|06,Campaign #1,22625352639,Storm Lake,Iowa,"Sioux City, IA",50588,LOCATION_OF_PRESENCE,5,0,0.0419,0,0,
2025|06,Campaign #1,22625352639,Otsego,Minnesota,"Minneapolis-St. Paul, MN",55362,LOCATION_OF_PRESENCE,6,0,0.041,0,0,
2025|06,Campaign #1,22625352639,St. Louis Park,Minnesota,"Minneapolis-St. Paul, MN",55436,LOCATION_OF_PRESENCE,18,0,0.04,0,0,
2025|06,Campaign #1,22625352639,Sioux Falls,South Dakota,"Sioux Falls(Mitchell), SD",57110,LOCATION_OF_PRESENCE,7,0,0.0384,0,0,
2025|06,Campaign #1,22625352639,South Saint Paul,Minnesota,"Minneapolis-St. Paul, MN",55077,LOCATION_OF_PRESENCE,11,0,0.0384,0,0,
2025|06,Campaign #1,22625352639,Shakopee,Minnesota,"Minneapolis-St. Paul, MN",55372,LOCATION_OF_PRESENCE,11,0,0.0382,0,0,
2025|06,Campaign #1,22625352639,Saint Paul,Minnesota,"Minneapolis-St. Paul, MN",55114,LOCATION_OF_PRESENCE,8,0,0.0378,0,0,
2025|06,Campaign #1,22625352639,Willmar,Minnesota,"Minneapolis-St. Paul, MN",56201,LOCATION_OF_PRESENCE,9,0,0.0373,0,0,
2025|06,Campaign #1,22625352639,Northfield,Minnesota,"Minneapolis-St. Paul, MN",55057,LOCATION_OF_PRESENCE,15,0,0.037,0,0,
2025|06,Campaign #1,22625352639,Barron,Wisconsin,"Minneapolis-St. Paul, MN",54812,LOCATION_OF_PRESENCE,3,0,0.0355,0,0,
2025|06,Campaign #1,22625352639,St. Louis Park,Minnesota,"Minneapolis-St. Paul, MN",55424,LOCATION_OF_PRESENCE,14,1,0.0355,0.0714,1,0.0355
2025|06,Campaign #1,22625352639,Sioux Falls,South Dakota,"Sioux Falls(Mitchell), SD",57106,LOCATION_OF_PRESENCE,6,0,0.0354,0,0,
2025|06,Campaign #1,22625352639,Minneapolis,Minnesota,"Minneapolis-St. Paul, MN",55450,LOCATION_OF_PRESENCE,2,0,0.035,0,0,
2025|06,Campaign #1,22625352639,East Bethel,Minnesota,"Minneapolis-St. Paul, MN",55011,LOCATION_OF_PRESENCE,9,0,0.0347,0,0,
2025|06,Campaign #1,22625352639,Big Lake,Minnesota,"Minneapolis-St. Paul, MN",55309,LOCATION_OF_PRESENCE,10,1,0.0334,0.1,1,0.0334
2025|06,Campaign #1,22625352639,Abbotsford,Wisconsin,"Wausau-Rhinelander, WI",54405,LOCATION_OF_PRESENCE,1,0,0.033,0,0,
2025|06,Campaign #1,22625352639,Mason City,Iowa,"Rochester, MN-Mason City, IA-Austin, MN",50401,LOCATION_OF_PRESENCE,6,0,0.0328,0,0,
2025|06,Campaign #1,22625352639,Montrose,Minnesota,"Minneapolis-St. Paul, MN",55363,LOCATION_OF_PRESENCE,7,0,0.0318,0,0,
2025|06,Campaign #1,22625352639,Sioux Falls,South Dakota,"Sioux Falls(Mitchell), SD",57104,LOCATION_OF_PRESENCE,7,0,0.0313,0,0,
2025|06,Campaign #1,22625352639,Edina,Minnesota,"Minneapolis-St. Paul, MN",55439,LOCATION_OF_PRESENCE,11,0,0.0306,0,0,
2025|06,Campaign #1,22625352639,Princeton,Minnesota,"Minneapolis-St. Paul, MN",55371,LOCATION_OF_PRESENCE,4,0,0.0289,0,0,
2025|06,Campaign #1,22625352639,Delano,Minnesota,"Minneapolis-St. Paul, MN",55328,LOCATION_OF_PRESENCE,7,1,0.0284,0.1429,0,
2025|06,Campaign #1,22625352639,Saint Paul Park,Minnesota,"Minneapolis-St. Paul, MN",55071,LOCATION_OF_PRESENCE,6,0,0.0282,0,0,
2025|06,Campaign #1,22625352639,Crosby,Minnesota,"Minneapolis-St. Paul, MN",56441,LOCATION_OF_PRESENCE,2,0,0.0277,0,0,
2025|06,Campaign #1,22625352639,Hudson,Wisconsin,"Minneapolis-St. Paul, MN",54016,LOCATION_OF_PRESENCE,11,0,0.0266,0,0,
2025|06,Campaign #1,22625352639,Black River Falls,Wisconsin,"La Crosse-Eau Claire, WI",54615,LOCATION_OF_PRESENCE,1,0,0.0259,0,0,
2025|06,Campaign #1,22625352639,Sioux Falls,South Dakota,"Sioux Falls(Mitchell), SD",57108,LOCATION_OF_PRESENCE,9,0,0.0259,0,0,
2025|06,Campaign #1,22625352639,Bayport,Minnesota,"Minneapolis-St. Paul, MN",55003,LOCATION_OF_PRESENCE,5,0,0.0257,0,0,
2025|06,Campaign #1,22625352639,Otsego,Minnesota,"Minneapolis-St. Paul, MN",55301,LOCATION_OF_PRESENCE,4,0,0.0248,0,0,
2025|06,Campaign #1,22625352639,Brainerd,Minnesota,"Minneapolis-St. Paul, MN",56425,LOCATION_OF_PRESENCE,3,0,0.0243,0,0,
2025|06,Campaign #1,22625352639,Viroqua,Wisconsin,"La Crosse-Eau Claire, WI",54665,LOCATION_OF_PRESENCE,1,0,0.024,0,0,
2025|06,Campaign #1,22625352639,Jordan,Minnesota,"Minneapolis-St. Paul, MN",55352,LOCATION_OF_PRESENCE,10,0,0.0237,0,0,
2025|06,Campaign #1,22625352639,Holmen,Wisconsin,"La Crosse-Eau Claire, WI",54636,LOCATION_OF_PRESENCE,4,0,0.0234,0,0,
2025|06,Campaign #1,22625352639,Minneapolis,Minnesota,"Minneapolis-St. Paul, MN",55409,LOCATION_OF_PRESENCE,7,1,0.0228,0.1429,1,0.0228
2025|06,Campaign #1,22625352639,Afton,Minnesota,"Minneapolis-St. Paul, MN",55001,LOCATION_OF_PRESENCE,4,1,0.0223,0.25,1,0.0223
2025|06,Campaign #1,22625352639,Eau Claire,Wisconsin,"La Crosse-Eau Claire, WI",54701,LOCATION_OF_PRESENCE,8,0,0.022,0,0,
2025|06,Campaign #1,22625352639,St. Cloud,Minnesota,"Minneapolis-St. Paul, MN",56304,LOCATION_OF_PRESENCE,5,0,0.0218,0,0,
2025|06,Campaign #1,22625352639,Hibbing,Minnesota,"Duluth, MN-Superior, WI",55746,LOCATION_OF_PRESENCE,4,0,0.0212,0,0,
2025|06,Campaign #1,22625352639,Pine City,Minnesota,"Minneapolis-St. Paul, MN",55063,LOCATION_OF_PRESENCE,4,2,0.0212,0.5,0,
2025|06,Campaign #1,22625352639,Pipestone,South Dakota,"Sioux Falls(Mitchell), SD",56164,LOCATION_OF_PRESENCE,1,0,0.0212,0,0,
2025|06,Campaign #1,22625352639,Cedar Falls,Iowa,"Cedar Rapids-Waterloo-Iowa City & Dubuque, IA",50613,LOCATION_OF_PRESENCE,8,0,0.0205,0,0,
2025|06,Campaign #1,22625352639,Wahpeton,North Dakota,"Fargo-Valley City, ND",58075,LOCATION_OF_PRESENCE,1,0,0.0199,0,0,
2025|06,Campaign #1,22625352639,Waconia,Minnesota,"Minneapolis-St. Paul, MN",55387,LOCATION_OF_PRESENCE,9,1,0.0198,0.1111,2,0.0099
2025|06,Campaign #1,22625352639,Fort Dodge,Iowa,"Des Moines-Ames, IA",50501,LOCATION_OF_PRESENCE,5,1,0.0197,0.2,0,
2025|06,Campaign #1,22625352639,Hermantown,Minnesota,"Duluth, MN-Superior, WI",55811,LOCATION_OF_PRESENCE,4,0,0.0194,0,0,
2025|06,Campaign #1,22625352639,Waite Park,Minnesota,"Minneapolis-St. Paul, MN",56387,LOCATION_OF_PRESENCE,1,0,0.0194,0,0,
2025|06,Campaign #1,22625352639,Superior,Wisconsin,"Duluth, MN-Superior, WI",54880,LOCATION_OF_PRESENCE,2,0,0.0191,0,0,
2025|06,Campaign #1,22625352639,Jefferson,Iowa,"Des Moines-Ames, IA",50129,LOCATION_OF_PRESENCE,1,0,0.019,0,0,
2025|06,Campaign #1,22625352639,Sanborn,Iowa,"Sioux City, IA",51248,LOCATION_OF_PRESENCE,1,0,0.019,0,0,
2025|06,Campaign #1,22625352639,Wayzata,Minnesota,"Minneapolis-St. Paul, MN",55391,LOCATION_OF_PRESENCE,13,0,0.019,0,0,
2025|06,Campaign #1,22625352639,West Saint Paul,Minnesota,"Minneapolis-St. Paul, MN",55107,LOCATION_OF_PRESENCE,8,0,0.0187,0,0,
2025|06,Campaign #1,22625352639,Cherokee,Iowa,"Sioux City, IA",51012,LOCATION_OF_PRESENCE,2,0,0.0186,0,0,
2025|06,Campaign #1,22625352639,Fargo,North Dakota,"Fargo-Valley City, ND",58102,LOCATION_OF_PRESENCE,3,0,0.0186,0,0,
2025|06,Campaign #1,22625352639,Little Falls,Minnesota,"Minneapolis-St. Paul, MN",56345,LOCATION_OF_PRESENCE,4,0,0.0184,0,0,
2025|06,Campaign #1,22625352639,Waterloo,Iowa,"Cedar Rapids-Waterloo-Iowa City & Dubuque, IA",50703,LOCATION_OF_PRESENCE,2,0,0.0183,0,0,
2025|06,Campaign #1,22625352639,Nashua,Iowa,"Cedar Rapids-Waterloo-Iowa City & Dubuque, IA",50658,LOCATION_OF_PRESENCE,2,0,0.0179,0,0,
2025|06,Campaign #1,22625352639,Waverly,Iowa,"Cedar Rapids-Waterloo-Iowa City & Dubuque, IA",50677,LOCATION_OF_PRESENCE,1,0,0.0176,0,0,
2025|06,Campaign #1,22625352639,Zimmerman,Minnesota,"Minneapolis-St. Paul, MN",55398,LOCATION_OF_PRESENCE,9,0,0.0176,0,0,
2025|06,Campaign #1,22625352639,Albert Lea,Minnesota,"Rochester, MN-Mason City, IA-Austin, MN",56007,LOCATION_OF_PRESENCE,4,0,0.0175,0,0,
2025|06,Campaign #1,22625352639,Faribault,Minnesota,"Minneapolis-St. Paul, MN",55021,LOCATION_OF_PRESENCE,7,0,0.0172,0,0,
2025|06,Campaign #1,22625352639,Dorchester,Wisconsin,"La Crosse-Eau Claire, WI",54425,LOCATION_OF_PRESENCE,1,0,0.0169,0,0,
2025|06,Campaign #1,22625352639,Columbus,Minnesota,"Minneapolis-St. Paul, MN",55025,LOCATION_OF_PRESENCE,11,0,0.0167,0,0,
2025|06,Campaign #1,22625352639,Centerville,Minnesota,"Minneapolis-St. Paul, MN",55038,LOCATION_OF_PRESENCE,7,0,0.0165,0,0,
2025|06,Campaign #1,22625352639,Hampton,Minnesota,"Minneapolis-St. Paul, MN",55031,LOCATION_OF_PRESENCE,2,0,0.0165,0,0,
2025|06,Campaign #1,22625352639,Rochester,Minnesota,"Rochester, MN-Mason City, IA-Austin, MN",55902,LOCATION_OF_PRESENCE,6,0,0.0165,0,0,
2025|06,Campaign #1,22625352639,Independence,Minnesota,"Minneapolis-St. Paul, MN",55357,LOCATION_OF_PRESENCE,3,0,0.0162,0,0,
2025|06,Campaign #1,22625352639,Onamia,Minnesota,"Minneapolis-St. Paul, MN",56359,LOCATION_OF_PRESENCE,2,0,0.016,0,0,
2025|06,Campaign #1,22625352639,Cologne,Minnesota,"Minneapolis-St. Paul, MN",55322,LOCATION_OF_PRESENCE,3,0,0.0154,0,0,
2025|06,Campaign #1,22625352639,Spirit Lake,Iowa,"Sioux City, IA",51360,LOCATION_OF_PRESENCE,3,1,0.0154,0.3333,0,
2025|06,Campaign #1,22625352639,Colfax,Wisconsin,"Minneapolis-St. Paul, MN",54730,LOCATION_OF_PRESENCE,3,0,0.0152,0,0,
2025|06,Campaign #1,22625352639,Bemidji,Minnesota,"Minneapolis-St. Paul, MN",56601,LOCATION_OF_PRESENCE,4,0,0.0148,0,0,
2025|06,Campaign #1,22625352639,River Falls,Wisconsin,"Minneapolis-St. Paul, MN",54022,LOCATION_OF_PRESENCE,6,0,0.0144,0,0,
2025|06,Campaign #1,22625352639,Sleepy Eye,Minnesota,"Mankato, MN",56085,LOCATION_OF_PRESENCE,2,0,0.0142,0,0,
2025|06,Campaign #1,22625352639,Fairmont,Minnesota,"Mankato, MN",56031,LOCATION_OF_PRESENCE,4,0,0.014,0,0,
2025|06,Campaign #1,22625352639,Moorhead,Minnesota,"Fargo-Valley City, ND",56560,LOCATION_OF_PRESENCE,3,0,0.014,0,0,
2025|06,Campaign #1,22625352639,Cannon Falls,Minnesota,"Minneapolis-St. Paul, MN",55009,LOCATION_OF_PRESENCE,4,0,0.0139,0,0,
2025|06,Campaign #1,22625352639,Sisseton,South Dakota,"Sioux Falls(Mitchell), SD",57262,LOCATION_OF_PRESENCE,2,0,0.0139,0,0,
2025|06,Campaign #1,22625352639,Plainview,Minnesota,"Minneapolis-St. Paul, MN",55964,LOCATION_OF_PRESENCE,1,0,0.0133,0,0,
2025|06,Campaign #1,22625352639,Red Wing,Minnesota,"Minneapolis-St. Paul, MN",55066,LOCATION_OF_PRESENCE,2,0,0.0133,0,0,
2025|06,Campaign #1,22625352639,Lindstrom,Minnesota,"Minneapolis-St. Paul, MN",55045,LOCATION_OF_PRESENCE,6,0,0.013,0,0,
2025|06,Campaign #1,22625352639,Waterloo,Iowa,"Cedar Rapids-Waterloo-Iowa City & Dubuque, IA",50701,LOCATION_OF_PRESENCE,3,0,0.013,0,1,0.013
2025|06,Campaign #1,22625352639,Cass Lake,Minnesota,"Minneapolis-St. Paul, MN",56633,LOCATION_OF_PRESENCE,4,0,0.0129,0,0,
2025|06,Campaign #1,22625352639,Charles City,Iowa,"Rochester, MN-Mason City, IA-Austin, MN",50616,LOCATION_OF_PRESENCE,3,0,0.0129,0,0,
2025|06,Campaign #1,22625352639,Emmetsburg,Iowa,"Sioux City, IA",50536,LOCATION_OF_PRESENCE,2,0,0.0129,0,0,
2025|06,Campaign #1,22625352639,Wisconsin Dells,Wisconsin,"Madison, WI",53965,LOCATION_OF_PRESENCE,3,0,0.0125,0,0,
2025|06,Campaign #1,22625352639,Clear Lake,Iowa,"Rochester, MN-Mason City, IA-Austin, MN",50428,LOCATION_OF_PRESENCE,1,0,0.0121,0,0,
2025|06,Campaign #1,22625352639,Manchester,Iowa,"Cedar Rapids-Waterloo-Iowa City & Dubuque, IA",52057,LOCATION_OF_PRESENCE,2,0,0.0121,0,0,
2025|06,Campaign #1,22625352639,Kingsley,Iowa,"Sioux City, IA",51028,LOCATION_OF_PRESENCE,1,0,0.0117,0,0,
2025|06,Campaign #1,22625352639,Newport,Minnesota,"Minneapolis-St. Paul, MN",55055,LOCATION_OF_PRESENCE,4,0,0.0115,0,0,
2025|06,Campaign #1,22625352639,Waverly,South Dakota,"Sioux Falls(Mitchell), SD",57201,LOCATION_OF_PRESENCE,2,0,0.0114,0,0,
2025|06,Campaign #1,22625352639,Hutchinson,Minnesota,"Minneapolis-St. Paul, MN",55350,LOCATION_OF_PRESENCE,4,0,0.0113,0,0,
2025|06,Campaign #1,22625352639,Carver,Minnesota,"Minneapolis-St. Paul, MN",55315,LOCATION_OF_PRESENCE,3,0,0.0112,0,0,
2025|06,Campaign #1,22625352639,Medford,Minnesota,"Minneapolis-St. Paul, MN",55049,LOCATION_OF_PRESENCE,1,0,0.0109,0,0,
2025|06,Campaign #1,22625352639,Minnetrista,Minnesota,"Minneapolis-St. Paul, MN",55375,LOCATION_OF_PRESENCE,4,0,0.0109,0,0,
2025|06,Campaign #1,22625352639,Dumont,Iowa,"Cedar Rapids-Waterloo-Iowa City & Dubuque, IA",50625,LOCATION_OF_PRESENCE,2,0,0.0108,0,0,
2025|06,Campaign #1,22625352639,Norwood Young America,Minnesota,"Minneapolis-St. Paul, MN",55397,LOCATION_OF_PRESENCE,1,0,0.0108,0,0,
2025|06,Campaign #1,22625352639,Saint Augusta,Minnesota,"Minneapolis-St. Paul, MN",55353,LOCATION_OF_PRESENCE,4,0,0.0108,0,0,
2025|06,Campaign #1,22625352639,Victoria,Minnesota,"Minneapolis-St. Paul, MN",55386,LOCATION_OF_PRESENCE,3,0,0.0107,0,0,
2025|06,Campaign #1,22625352639,Chetek,Wisconsin,"Minneapolis-St. Paul, MN",54728,LOCATION_OF_PRESENCE,1,1,0.0105,1,0,
2025|06,Campaign #1,22625352639,Lansing,Iowa,"Cedar Rapids-Waterloo-Iowa City & Dubuque, IA",52151,LOCATION_OF_PRESENCE,1,0,0.0105,0,0,
2025|06,Campaign #1,22625352639,Prescott,Wisconsin,"Minneapolis-St. Paul, MN",54021,LOCATION_OF_PRESENCE,2,0,0.0105,0,0,
2025|06,Campaign #1,22625352639,Waseca,Minnesota,"Minneapolis-St. Paul, MN",56093,LOCATION_OF_PRESENCE,3,0,0.0105,0,0,
2025|06,Campaign #1,22625352639,Baraboo,Wisconsin,"Madison, WI",53913,LOCATION_OF_PRESENCE,2,0,0.0103,0,0,
2025|06,Campaign #1,22625352639,Ironwood,Michigan,"Duluth, MN-Superior, WI",49938,LOCATION_OF_PRESENCE,1,0,0.0103,0,0,
2025|06,Campaign #1,22625352639,Bessemer,Michigan,"Duluth, MN-Superior, WI",49911,LOCATION_OF_PRESENCE,1,0,0.0102,0,0,
2025|06,Campaign #1,22625352639,Inwood,Iowa,"Sioux Falls(Mitchell), SD",51240,LOCATION_OF_PRESENCE,1,0,0.0099,0,0,
2025|06,Campaign #1,22625352639,Ivanhoe,Minnesota,"Sioux Falls(Mitchell), SD",56142,LOCATION_OF_PRESENCE,1,0,0.0099,0,0,
2025|06,Campaign #1,22625352639,Spooner,Wisconsin,"Minneapolis-St. Paul, MN",54801,LOCATION_OF_PRESENCE,1,0,0.0098,0,0,
2025|06,Campaign #1,22625352639,Cadott,Wisconsin,"La Crosse-Eau Claire, WI",54727,LOCATION_OF_PRESENCE,2,0,0.0097,0,0,
2025|06,Campaign #1,22625352639,Oronoco,Minnesota,"Rochester, MN-Mason City, IA-Austin, MN",55960,LOCATION_OF_PRESENCE,2,1,0.0097,0.5,0,
2025|06,Campaign #1,22625352639,Harris,Minnesota,"Minneapolis-St. Paul, MN",55032,LOCATION_OF_PRESENCE,4,0,0.0095,0,0,
2025|06,Campaign #1,22625352639,Kasson,Minnesota,"Rochester, MN-Mason City, IA-Austin, MN",55944,LOCATION_OF_PRESENCE,1,0,0.0095,0,0,
2025|06,Campaign #1,22625352639,Plover,Wisconsin,"Wausau-Rhinelander, WI",54467,LOCATION_OF_PRESENCE,1,0,0.0095,0,0,
2025|06,Campaign #1,22625352639,Carlton,Minnesota,"Duluth, MN-Superior, WI",55718,LOCATION_OF_PRESENCE,1,0,0.0093,0,0,
2025|06,Campaign #1,22625352639,Rosholt,Wisconsin,"Wausau-Rhinelander, WI",54473,LOCATION_OF_PRESENCE,1,0,0.0093,0,0,
2025|06,Campaign #1,22625352639,Horace,North Dakota,"Fargo-Valley City, ND",58047,LOCATION_OF_PRESENCE,2,0,0.0091,0,0,
2025|06,Campaign #1,22625352639,North Branch,Minnesota,"Minneapolis-St. Paul, MN",55056,LOCATION_OF_PRESENCE,3,0,0.0091,0,0,
2025|06,Campaign #1,22625352639,Dyersville,Iowa,"Cedar Rapids-Waterloo-Iowa City & Dubuque, IA",52040,LOCATION_OF_PRESENCE,1,0,0.009,0,0,
2025|06,Campaign #1,22625352639,Forest City,Iowa,"Rochester, MN-Mason City, IA-Austin, MN",50436,LOCATION_OF_PRESENCE,1,0,0.0089,0,0,
2025|06,Campaign #1,22625352639,Osage,Iowa,"Rochester, MN-Mason City, IA-Austin, MN",50461,LOCATION_OF_PRESENCE,2,0,0.0088,0,0,
2025|06,Campaign #1,22625352639,Eagle Lake,Minnesota,"Mankato, MN",56024,LOCATION_OF_PRESENCE,2,1,0.0085,0.5,0,
2025|06,Campaign #1,22625352639,Eagle River,Wisconsin,"Wausau-Rhinelander, WI",54521,LOCATION_OF_PRESENCE,2,0,0.0084,0,0,
2025|06,Campaign #1,22625352639,Minnetrista,Minnesota,"Minneapolis-St. Paul, MN",55364,LOCATION_OF_PRESENCE,4,0,0.0084,0,0,
2025|06,Campaign #1,22625352639,Renner,South Dakota,"Sioux Falls(Mitchell), SD",57020,LOCATION_OF_PRESENCE,1,0,0.0084,0,0,
2025|06,Campaign #1,22625352639,Melbourne,Iowa,"Des Moines-Ames, IA",50162,LOCATION_OF_PRESENCE,1,0,0.0082,0,0,
2025|06,Campaign #1,22625352639,Sioux City,Iowa,"Sioux City, IA",51101,LOCATION_OF_PRESENCE,2,0,0.0082,0,0,
2025|06,Campaign #1,22625352639,Amherst,Wisconsin,"Wausau-Rhinelander, WI",54406,LOCATION_OF_PRESENCE,1,0,0.0081,0,0,
2025|06,Campaign #1,22625352639,Aurora,Minnesota,"Duluth, MN-Superior, WI",55705,LOCATION_OF_PRESENCE,2,0,0.0081,0,0,
2025|06,Campaign #1,22625352639,Weston,Wisconsin,"Wausau-Rhinelander, WI",54476,LOCATION_OF_PRESENCE,3,0,0.008,0,0,
2025|06,Campaign #1,22625352639,Garretson,South Dakota,"Sioux Falls(Mitchell), SD",57030,LOCATION_OF_PRESENCE,1,0,0.0079,0,0,
2025|06,Campaign #1,22625352639,Hayward,Wisconsin,"Duluth, MN-Superior, WI",54843,LOCATION_OF_PRESENCE,5,0,0.0079,0,0,
2025|06,Campaign #1,22625352639,Tomah,Wisconsin,"La Crosse-Eau Claire, WI",54660,LOCATION_OF_PRESENCE,2,0,0.0078,0,0,
2025|06,Campaign #1,22625352639,Brandon,South Dakota,"Sioux Falls(Mitchell), SD",57005,LOCATION_OF_PRESENCE,2,0,0.0077,0,0,
2025|06,Campaign #1,22625352639,Rochester,Minnesota,"Rochester, MN-Mason City, IA-Austin, MN",55904,LOCATION_OF_PRESENCE,5,0,0.0077,0,0,
2025|06,Campaign #1,22625352639,Amery,Wisconsin,"Minneapolis-St. Paul, MN",54001,LOCATION_OF_PRESENCE,1,0,0.0076,0,0,
2025|06,Campaign #1,22625352639,Boone,Iowa,"Des Moines-Ames, IA",50036,LOCATION_OF_PRESENCE,1,0,0.0076,0,0,
2025|06,Campaign #1,22625352639,Mayer,Minnesota,"Minneapolis-St. Paul, MN",55360,LOCATION_OF_PRESENCE,2,0,0.0075,0,0,
2025|06,Campaign #1,22625352639,Strawberry Point,Iowa,"Cedar Rapids-Waterloo-Iowa City & Dubuque, IA",52076,LOCATION_OF_PRESENCE,1,0,0.0075,0,0,
2025|06,Campaign #1,22625352639,Cokato,Minnesota,"Minneapolis-St. Paul, MN",55321,LOCATION_OF_PRESENCE,3,0,0.0072,0,0,
2025|06,Campaign #1,22625352639,Dunkerton,Iowa,"Cedar Rapids-Waterloo-Iowa City & Dubuque, IA",50626,LOCATION_OF_PRESENCE,1,0,0.0072,0,0,
2025|06,Campaign #1,22625352639,Prairie du Chien,Wisconsin,"La Crosse-Eau Claire, WI",53821,LOCATION_OF_PRESENCE,2,0,0.0072,0,0,
2025|06,Campaign #1,22625352639,Cambridge,Minnesota,"Minneapolis-St. Paul, MN",55008,LOCATION_OF_PRESENCE,9,0,0.0071,0,0,
2025|06,Campaign #1,22625352639,Nevada,Iowa,"Des Moines-Ames, IA",50201,LOCATION_OF_PRESENCE,2,0,0.0071,0,0,
2025|06,Campaign #1,22625352639,Silver Bay,Minnesota,"Duluth, MN-Superior, WI",55614,LOCATION_OF_PRESENCE,1,0,0.0071,0,0,
2025|06,Campaign #1,22625352639,Glencoe,Minnesota,"Minneapolis-St. Paul, MN",55336,LOCATION_OF_PRESENCE,1,0,0.007,0,0,
2025|06,Campaign #1,22625352639,East Grand Forks,Minnesota,"Fargo-Valley City, ND",56721,LOCATION_OF_PRESENCE,1,0,0.0069,0,0,
2025|06,Campaign #1,22625352639,Fergus Falls,Minnesota,"Fargo-Valley City, ND",56537,LOCATION_OF_PRESENCE,4,0,0.0069,0,0,
2025|06,Campaign #1,22625352639,Ames,Iowa,"Des Moines-Ames, IA",50010,LOCATION_OF_PRESENCE,1,0,0.0067,0,0,
2025|06,Campaign #1,22625352639,Colman,South Dakota,"Sioux Falls(Mitchell), SD",57017,LOCATION_OF_PRESENCE,1,0,0.0066,0,0,
2025|06,Campaign #1,22625352639,Park Falls,Wisconsin,"Wausau-Rhinelander, WI",54552,LOCATION_OF_PRESENCE,1,0,0.0066,0,0,
2025|06,Campaign #1,22625352639,Duluth,Minnesota,"Duluth, MN-Superior, WI",55806,LOCATION_OF_PRESENCE,3,0,0.0064,0,0,
2025|06,Campaign #1,22625352639,Kelliher,Minnesota,"Minneapolis-St. Paul, MN",56650,LOCATION_OF_PRESENCE,1,0,0.0064,0,0,
2025|06,Campaign #1,22625352639,Lake Mills,Iowa,"Rochester, MN-Mason City, IA-Austin, MN",50450,LOCATION_OF_PRESENCE,1,0,0.0063,0,0,
2025|06,Campaign #1,22625352639,Mora,Minnesota,"Minneapolis-St. Paul, MN",55051,LOCATION_OF_PRESENCE,2,0,0.0063,0,0,
2025|06,Campaign #1,22625352639,Foley,Minnesota,"Minneapolis-St. Paul, MN",56329,LOCATION_OF_PRESENCE,1,0,0.0061,0,0,
2025|06,Campaign #1,22625352639,North Hudson,Wisconsin,"Minneapolis-St. Paul, MN",54016,LOCATION_OF_PRESENCE,1,0,0.006,0,0,
2025|06,Campaign #1,22625352639,Lake Shore,Minnesota,"Minneapolis-St. Paul, MN",56468,LOCATION_OF_PRESENCE,1,0,0.0059,0,0,
2025|06,Campaign #1,22625352639,Saint Joseph,Minnesota,"Minneapolis-St. Paul, MN",56374,LOCATION_OF_PRESENCE,3,0,0.0059,0,0,
2025|06,Campaign #1,22625352639,Jenkins,Minnesota,"Minneapolis-St. Paul, MN",56474,LOCATION_OF_PRESENCE,1,0,0.0057,0,0,
2025|06,Campaign #1,22625352639,Postville,Iowa,"Cedar Rapids-Waterloo-Iowa City & Dubuque, IA",52162,LOCATION_OF_PRESENCE,1,0,0.0057,0,0,
2025|06,Campaign #1,22625352639,La Porte City,Iowa,"Cedar Rapids-Waterloo-Iowa City & Dubuque, IA",50651,LOCATION_OF_PRESENCE,1,0,0.0056,0,0,
2025|06,Campaign #1,22625352639,Medford,Wisconsin,"Wausau-Rhinelander, WI",54451,LOCATION_OF_PRESENCE,1,0,0.0055,0,0,
2025|06,Campaign #1,22625352639,Prentice,Wisconsin,"Wausau-Rhinelander, WI",54556,LOCATION_OF_PRESENCE,1,0,0.0054,0,0,
2025|06,Campaign #1,22625352639,Fall Creek,Wisconsin,"La Crosse-Eau Claire, WI",54742,LOCATION_OF_PRESENCE,1,1,0.0053,1,0,
2025|06,Campaign #1,22625352639,Minong,Wisconsin,"Minneapolis-St. Paul, MN",54859,LOCATION_OF_PRESENCE,1,0,0.0053,0,0,
2025|06,Campaign #1,22625352639,Waukon,Iowa,"Cedar Rapids-Waterloo-Iowa City & Dubuque, IA",52172,LOCATION_OF_PRESENCE,1,0,0.0053,0,0,
2025|06,Campaign #1,22625352639,Chatfield,Minnesota,"Rochester, MN-Mason City, IA-Austin, MN",55923,LOCATION_OF_PRESENCE,1,0,0.0052,0,0,
2025|06,Campaign #1,22625352639,Ashland,Wisconsin,"Duluth, MN-Superior, WI",54806,LOCATION_OF_PRESENCE,2,1,0.0051,0.5,0,
2025|06,Campaign #1,22625352639,Menomonie,Wisconsin,"Minneapolis-St. Paul, MN",54751,LOCATION_OF_PRESENCE,1,0,0.005,0,0,
2025|06,Campaign #1,22625352639,Merrill,Wisconsin,"Wausau-Rhinelander, WI",54452,LOCATION_OF_PRESENCE,1,0,0.005,0,0,
2025|06,Campaign #1,22625352639,Saint Charles,Minnesota,"La Crosse-Eau Claire, WI",55972,LOCATION_OF_PRESENCE,2,0,0.005,0,0,
2025|06,Campaign #1,22625352639,Saint Peter,Minnesota,"Minneapolis-St. Paul, MN",56082,LOCATION_OF_PRESENCE,2,0,0.005,0,0,
2025|06,Campaign #1,22625352639,Walnut Grove,Minnesota,"Minneapolis-St. Paul, MN",56180,LOCATION_OF_PRESENCE,2,0,0.005,0,0,
2025|06,Campaign #1,22625352639,Arlington,Minnesota,"Minneapolis-St. Paul, MN",55307,LOCATION_OF_PRESENCE,1,0,0.0048,0,0,
2025|06,Campaign #1,22625352639,Melrose,Minnesota,"Minneapolis-St. Paul, MN",56352,LOCATION_OF_PRESENCE,1,0,0.0048,0,0,
2025|06,Campaign #1,22625352639,Ottertail,Minnesota,"Fargo-Valley City, ND",56571,LOCATION_OF_PRESENCE,1,0,0.0048,0,0,
2025|06,Campaign #1,22625352639,Wausau,Wisconsin,"Wausau-Rhinelander, WI",54403,LOCATION_OF_PRESENCE,3,0,0.0048,0,0,
2025|06,Campaign #1,22625352639,White Bear Lake,Minnesota,"Minneapolis-St. Paul, MN",55115,LOCATION_OF_PRESENCE,2,0,0.0048,0,0,
2025|06,Campaign #1,22625352639,Eleva,Wisconsin,"La Crosse-Eau Claire, WI",54738,LOCATION_OF_PRESENCE,1,0,0.0047,0,0,
2025|06,Campaign #1,22625352639,Salem,South Dakota,"Sioux Falls(Mitchell), SD",57058,LOCATION_OF_PRESENCE,1,0,0.0047,0,0,
2025|06,Campaign #1,22625352639,Slayton,Minnesota,"Sioux Falls(Mitchell), SD",56172,LOCATION_OF_PRESENCE,1,0,0.0047,0,0,
2025|06,Campaign #1,22625352639,Augusta,Wisconsin,"La Crosse-Eau Claire, WI",54722,LOCATION_OF_PRESENCE,1,0,0.0046,0,0,
2025|06,Campaign #1,22625352639,Cumberland,Wisconsin,"Minneapolis-St. Paul, MN",54829,LOCATION_OF_PRESENCE,1,0,0.0045,0,0,
2025|06,Campaign #1,22625352639,Marine on Saint Croix,Minnesota,"Minneapolis-St. Paul, MN",55047,LOCATION_OF_PRESENCE,1,0,0.0045,0,0,
2025|06,Campaign #1,22625352639,Zearing,Iowa,"Des Moines-Ames, IA",50278,LOCATION_OF_PRESENCE,1,0,0.0045,0,0,
2025|06,Campaign #1,22625352639,Detroit Lakes,Minnesota,"Fargo-Valley City, ND",56501,LOCATION_OF_PRESENCE,2,0,0.0044,0,0,
2025|06,Campaign #1,22625352639,Woolstock,Iowa,"Des Moines-Ames, IA",50599,LOCATION_OF_PRESENCE,1,0,0.0043,0,0,
2025|06,Campaign #1,22625352639,Cloquet,Minnesota,"Duluth, MN-Superior, WI",55720,LOCATION_OF_PRESENCE,2,0,0.0042,0,0,
2025|06,Campaign #1,22625352639,Webster,Wisconsin,"Minneapolis-St. Paul, MN",54893,LOCATION_OF_PRESENCE,1,0,0.0042,0,0,
2025|06,Campaign #1,22625352639,Annandale,Minnesota,"Minneapolis-St. Paul, MN",55302,LOCATION_OF_PRESENCE,2,0,0.0041,0,0,
2025|06,Campaign #1,22625352639,Sauk Rapids,Minnesota,"Minneapolis-St. Paul, MN",56379,LOCATION_OF_PRESENCE,5,0,0.0041,0,0,
2025|06,Campaign #1,22625352639,Benson,Minnesota,"Minneapolis-St. Paul, MN",56215,LOCATION_OF_PRESENCE,2,0,0.004,0,0,
2025|06,Campaign #1,22625352639,Britt,Iowa,"Rochester, MN-Mason City, IA-Austin, MN",50423,LOCATION_OF_PRESENCE,1,0,0.004,0,0,
2025|06,Campaign #1,22625352639,Elko New Market,Minnesota,"Minneapolis-St. Paul, MN",55054,LOCATION_OF_PRESENCE,1,1,0.004,1,2,0.002
2025|06,Campaign #1,22625352639,La Crosse,Wisconsin,"La Crosse-Eau Claire, WI",54603,LOCATION_OF_PRESENCE,1,0,0.004,0,0,
2025|06,Campaign #1,22625352639,Camp Douglas,Wisconsin,"Madison, WI",54618,LOCATION_OF_PRESENCE,2,0,0.0039,0,0,
2025|06,Campaign #1,22625352639,Le Sueur,Minnesota,"Minneapolis-St. Paul, MN",56058,LOCATION_OF_PRESENCE,1,0,0.0039,0,0,
2025|06,Campaign #1,22625352639,New Ulm,Minnesota,"Mankato, MN",56073,LOCATION_OF_PRESENCE,4,0,0.0039,0,0,
2025|06,Campaign #1,22625352639,Nashwauk,Minnesota,"Duluth, MN-Superior, WI",55769,LOCATION_OF_PRESENCE,1,0,0.0038,0,0,
2025|06,Campaign #1,22625352639,Winter,Wisconsin,"Duluth, MN-Superior, WI",54896,LOCATION_OF_PRESENCE,2,0,0.0038,0,0,
2025|06,Campaign #1,22625352639,Mauston,Wisconsin,"Madison, WI",53948,LOCATION_OF_PRESENCE,1,0,0.0037,0,0,
2025|06,Campaign #1,22625352639,Reedsburg,Wisconsin,"Madison, WI",53959,LOCATION_OF_PRESENCE,1,0,0.0037,0,0,
2025|06,Campaign #1,22625352639,Walker,Minnesota,"Minneapolis-St. Paul, MN",56484,LOCATION_OF_PRESENCE,1,0,0.0037,0,0,
2025|06,Campaign #1,22625352639,Alexandria,Minnesota,"Minneapolis-St. Paul, MN",56308,LOCATION_OF_PRESENCE,4,0,0.0036,0,0,
2025|06,Campaign #1,22625352639,Humboldt,Iowa,"Des Moines-Ames, IA",50548,LOCATION_OF_PRESENCE,1,0,0.0036,0,0,
2025|06,Campaign #1,22625352639,Boulder Junction,Wisconsin,"Wausau-Rhinelander, WI",54512,LOCATION_OF_PRESENCE,1,0,0.0035,0,0,
2025|06,Campaign #1,22625352639,Casselton,North Dakota,"Fargo-Valley City, ND",58012,LOCATION_OF_PRESENCE,1,0,0.0035,0,0,
2025|06,Campaign #1,22625352639,Orono,Minnesota,"Minneapolis-St. Paul, MN",55356,LOCATION_OF_PRESENCE,1,0,0.0035,0,0,
2025|06,Campaign #1,22625352639,Randolph,Minnesota,"Minneapolis-St. Paul, MN",55065,LOCATION_OF_PRESENCE,1,0,0.0035,0,0,
2025|06,Campaign #1,22625352639,Long Prairie,Minnesota,"Minneapolis-St. Paul, MN",56347,LOCATION_OF_PRESENCE,2,0,0.0034,0,0,
2025|06,Campaign #1,22625352639,Rockford,Minnesota,"Minneapolis-St. Paul, MN",55373,LOCATION_OF_PRESENCE,5,0,0.0034,0,0,
2025|06,Campaign #1,22625352639,Frederic,Wisconsin,"Minneapolis-St. Paul, MN",54837,LOCATION_OF_PRESENCE,1,0,0.0031,0,0,
2025|06,Campaign #1,22625352639,French Island,Wisconsin,"La Crosse-Eau Claire, WI",54603,LOCATION_OF_PRESENCE,2,0,0.003,0,0,
2025|06,Campaign #1,22625352639,Lake Hallie,Wisconsin,"La Crosse-Eau Claire, WI",54729,LOCATION_OF_PRESENCE,5,0,0.003,0,0,
2025|06,Campaign #1,22625352639,Minnetrista,Minnesota,"Minneapolis-St. Paul, MN",55388,LOCATION_OF_PRESENCE,1,0,0.003,0,0,
2025|06,Campaign #1,22625352639,Moville,Iowa,"Sioux City, IA",51039,LOCATION_OF_PRESENCE,1,0,0.003,0,0,
2025|06,Campaign #1,22625352639,Harrisburg,South Dakota,"Sioux Falls(Mitchell), SD",57032,LOCATION_OF_PRESENCE,1,0,0.0029,0,0,
2025|06,Campaign #1,22625352639,West Fargo,North Dakota,"Fargo-Valley City, ND",58078,LOCATION_OF_PRESENCE,3,0,0.0029,0,0,
2025|06,Campaign #1,22625352639,Bricelyn,Minnesota,"Minneapolis-St. Paul, MN",56014,LOCATION_OF_PRESENCE,1,0,0.0028,0,0,
2025|06,Campaign #1,22625352639,Hancock,Wisconsin,"Green Bay-Appleton, WI",54943,LOCATION_OF_PRESENCE,1,0,0.0028,0,0,
2025|06,Campaign #1,22625352639,Montgomery,Minnesota,"Minneapolis-St. Paul, MN",56069,LOCATION_OF_PRESENCE,3,0,0.0028,0,0,
2025|06,Campaign #1,22625352639,Pierz,Minnesota,"Minneapolis-St. Paul, MN",56364,LOCATION_OF_PRESENCE,1,0,0.0028,0,0,
2025|06,Campaign #1,22625352639,Waverly,Minnesota,"Minneapolis-St. Paul, MN",55390,LOCATION_OF_PRESENCE,1,0,0.0028,0,0,
2025|06,Campaign #1,22625352639,Fertile,Minnesota,"Fargo-Valley City, ND",56540,LOCATION_OF_PRESENCE,1,0,0.0027,0,0,
2025|06,Campaign #1,22625352639,Independence,Minnesota,"Minneapolis-St. Paul, MN",55359,LOCATION_OF_PRESENCE,2,0,0.0027,0,0,
2025|06,Campaign #1,22625352639,Latimer,Iowa,"Des Moines-Ames, IA",50452,LOCATION_OF_PRESENCE,1,0,0.0027,0,0,
2025|06,Campaign #1,22625352639,Minneapolis,Minnesota,"Minneapolis-St. Paul, MN",55418,LOCATION_OF_PRESENCE,1,0,0.0027,0,0,
2025|06,Campaign #1,22625352639,Finlayson,Minnesota,"Minneapolis-St. Paul, MN",55735,LOCATION_OF_PRESENCE,5,0,0.0026,0,0,
2025|06,Campaign #1,22625352639,Rothsay,Minnesota,"Fargo-Valley City, ND",56579,LOCATION_OF_PRESENCE,1,0,0.0026,0,0,
2025|06,Campaign #1,22625352639,Sibley,Iowa,"Sioux Falls(Mitchell), SD",51249,LOCATION_OF_PRESENCE,1,0,0.0026,0,0,
2025|06,Campaign #1,22625352639,Stevens Point,Wisconsin,"Wausau-Rhinelander, WI",54481,LOCATION_OF_PRESENCE,1,0,0.0026,0,0,
2025|06,Campaign #1,22625352639,Dodge Center,Minnesota,"Rochester, MN-Mason City, IA-Austin, MN",55927,LOCATION_OF_PRESENCE,1,0,0.0025,0,0,
2025|06,Campaign #1,22625352639,Milford,Iowa,"Sioux City, IA",51351,LOCATION_OF_PRESENCE,2,0,0.0025,0,0,
2025|06,Campaign #1,22625352639,Readlyn,Iowa,"Cedar Rapids-Waterloo-Iowa City & Dubuque, IA",50668,LOCATION_OF_PRESENCE,1,0,0.0025,0,0,
2025|06,Campaign #1,22625352639,Algona,Iowa,"Des Moines-Ames, IA",50511,LOCATION_OF_PRESENCE,2,0,0.0024,0,0,
2025|06,Campaign #1,22625352639,Cameron,Wisconsin,"Minneapolis-St. Paul, MN",54822,LOCATION_OF_PRESENCE,2,0,0.0024,0,0,
2025|06,Campaign #1,22625352639,East Bethel,Minnesota,"Minneapolis-St. Paul, MN",55092,LOCATION_OF_PRESENCE,1,0,0.0024,0,0,
2025|06,Campaign #1,22625352639,Rice Lake,Wisconsin,"Minneapolis-St. Paul, MN",54868,LOCATION_OF_PRESENCE,3,0,0.0024,0,0,
2025|06,Campaign #1,22625352639,Pelican Rapids,Minnesota,"Fargo-Valley City, ND",56572,LOCATION_OF_PRESENCE,2,0,0.0023,0,0,
2025|06,Campaign #1,22625352639,Canton,South Dakota,"Sioux Falls(Mitchell), SD",57013,LOCATION_OF_PRESENCE,1,0,0.0021,0,0,
2025|06,Campaign #1,22625352639,Proctor,Minnesota,"Duluth, MN-Superior, WI",55810,LOCATION_OF_PRESENCE,1,0,0.002,0,0,
2025|06,Campaign #1,22625352639,Stacy,Minnesota,"Minneapolis-St. Paul, MN",55079,LOCATION_OF_PRESENCE,4,0,0.002,0,0,
2025|06,Campaign #1,22625352639,Lonsdale,Minnesota,"Minneapolis-St. Paul, MN",55046,LOCATION_OF_PRESENCE,1,0,0.0016,0,0,
2025|06,Campaign #1,22625352639,Maple Grove,Minnesota,"Minneapolis-St. Paul, MN",55311,LOCATION_OF_PRESENCE,10,0,0.0014,0,0,
2025|06,Campaign #1,22625352639,Adrian,Minnesota,"Sioux Falls(Mitchell), SD",56110,LOCATION_OF_PRESENCE,1,0,0,0,0,
2025|06,Campaign #1,22625352639,Alden,Iowa,"Des Moines-Ames, IA",50006,LOCATION_OF_PRESENCE,1,0,0,0,0,
2025|06,Campaign #1,22625352639,Altoona,Wisconsin,"La Crosse-Eau Claire, WI",54720,LOCATION_OF_PRESENCE,1,0,0,0,0,
2025|06,Campaign #1,22625352639,Ames,Iowa,"Des Moines-Ames, IA",50010,AREA_OF_INTEREST,2,0,0,0,0,
2025|06,Campaign #1,22625352639,Aplington,Iowa,"Cedar Rapids-Waterloo-Iowa City & Dubuque, IA",50604,LOCATION_OF_PRESENCE,2,0,0,0,0,
2025|06,Campaign #1,22625352639,Arcadia,Wisconsin,"La Crosse-Eau Claire, WI",54612,LOCATION_OF_PRESENCE,1,0,0,0,0,
2025|06,Campaign #1,22625352639,Audubon,Minnesota,"Fargo-Valley City, ND",56511,LOCATION_OF_PRESENCE,1,0,0,0,0,
2025|06,Campaign #1,22625352639,Avon,Minnesota,"Minneapolis-St. Paul, MN",56310,LOCATION_OF_PRESENCE,2,0,0,0,0,
2025|06,Campaign #1,22625352639,Bagley,Minnesota,"Fargo-Valley City, ND",56621,LOCATION_OF_PRESENCE,1,0,0,0,0,
2025|06,Campaign #1,22625352639,Baldwin,Wisconsin,"Minneapolis-St. Paul, MN",54002,LOCATION_OF_PRESENCE,1,0,0,0,0,
2025|06,Campaign #1,22625352639,Barnesville,Minnesota,"Fargo-Valley City, ND",56514,LOCATION_OF_PRESENCE,1,0,0,0,0,
2025|06,Campaign #1,22625352639,Becker,Minnesota,"Minneapolis-St. Paul, MN",55308,LOCATION_OF_PRESENCE,4,0,0,0,0,
2025|06,Campaign #1,22625352639,Bloomington,Minnesota,"Minneapolis-St. Paul, MN",55420,AREA_OF_INTEREST,2,0,0,0,0,
2025|06,Campaign #1,22625352639,Boyceville,Wisconsin,"Minneapolis-St. Paul, MN",54725,LOCATION_OF_PRESENCE,1,0,0,0,0,
2025|06,Campaign #1,22625352639,Brainerd,Minnesota,"Minneapolis-St. Paul, MN",56425,AREA_OF_INTEREST,1,0,0,0,0,
2025|06,Campaign #1,22625352639,Burnsville,Minnesota,"Minneapolis-St. Paul, MN",55337,AREA_OF_INTEREST,1,0,0,0,0,
2025|06,Campaign #1,22625352639,Caledonia,Minnesota,"La Crosse-Eau Claire, WI",55921,LOCATION_OF_PRESENCE,2,0,0,0,0,
2025|06,Campaign #1,22625352639,Center Point,Iowa,"Cedar Rapids-Waterloo-Iowa City & Dubuque, IA",52213,LOCATION_OF_PRESENCE,3,0,0,0,0,
2025|06,Campaign #1,22625352639,Champlin,Minnesota,"Minneapolis-St. Paul, MN",55316,AREA_OF_INTEREST,1,0,0,0,0,
2025|06,Campaign #1,22625352639,Chaska,Minnesota,"Minneapolis-St. Paul, MN",55318,AREA_OF_INTEREST,2,0,0,0,0,
2025|06,Campaign #1,22625352639,Clara City,Minnesota,"Minneapolis-St. Paul, MN",56222,LOCATION_OF_PRESENCE,1,0,0,0,0,
2025|06,Campaign #1,22625352639,Clear Lake,Minnesota,"Minneapolis-St. Paul, MN",55319,LOCATION_OF_PRESENCE,1,0,0,0,0,
2025|06,Campaign #1,22625352639,Cleveland,Minnesota,"Minneapolis-St. Paul, MN",56017,LOCATION_OF_PRESENCE,1,0,0,0,0,
2025|06,Campaign #1,22625352639,Colby,Wisconsin,"La Crosse-Eau Claire, WI",54421,AREA_OF_INTEREST,3,0,0,0,0,
2025|06,Campaign #1,22625352639,Coloma,Wisconsin,"Green Bay-Appleton, WI",54930,LOCATION_OF_PRESENCE,1,0,0,0,0,
2025|06,Campaign #1,22625352639,Coon Rapids,Minnesota,"Minneapolis-St. Paul, MN",55448,AREA_OF_INTEREST,1,0,0,0,0,
2025|06,Campaign #1,22625352639,Crookston,Minnesota,"Fargo-Valley City, ND",56716,AREA_OF_INTEREST,2,0,0,0,0,
2025|06,Campaign #1,22625352639,Cuba City,Wisconsin,"Madison, WI",53807,AREA_OF_INTEREST,2,0,0,0,0,
2025|06,Campaign #1,22625352639,Dassel,Minnesota,"Minneapolis-St. Paul, MN",55325,LOCATION_OF_PRESENCE,2,0,0,0,0,
2025|06,Campaign #1,22625352639,Denver,Iowa,"Cedar Rapids-Waterloo-Iowa City & Dubuque, IA",50622,LOCATION_OF_PRESENCE,1,0,0,0,0,
2025|06,Campaign #1,22625352639,Dresser,Wisconsin,"Minneapolis-St. Paul, MN",54009,LOCATION_OF_PRESENCE,1,0,0,0,0,
2025|06,Campaign #1,22625352639,Duluth,Minnesota,"Duluth, MN-Superior, WI",55803,LOCATION_OF_PRESENCE,4,0,0,0,0,
2025|06,Campaign #1,22625352639,Duluth,Minnesota,"Duluth, MN-Superior, WI",55804,LOCATION_OF_PRESENCE,1,0,0,0,0,
2025|06,Campaign #1,22625352639,Duluth,Minnesota,"Duluth, MN-Superior, WI",55805,LOCATION_OF_PRESENCE,1,0,0,0,0,
2025|06,Campaign #1,22625352639,Duluth,Minnesota,"Duluth, MN-Superior, WI",55807,LOCATION_OF_PRESENCE,1,0,0,0,0,
2025|06,Campaign #1,22625352639,Eden Prairie,Minnesota,"Minneapolis-St. Paul, MN",55344,AREA_OF_INTEREST,2,0,0,0,0,
2025|06,Campaign #1,22625352639,Eden Prairie,Minnesota,"Minneapolis-St. Paul, MN",55347,AREA_OF_INTEREST,3,0,0,0,0,
2025|06,Campaign #1,22625352639,Edina,Minnesota,"Minneapolis-St. Paul, MN",55410,AREA_OF_INTEREST,3,0,0,0,0,
2025|06,Campaign #1,22625352639,Edina,Minnesota,"Minneapolis-St. Paul, MN",55435,AREA_OF_INTEREST,3,0,0,0,0,
2025|06,Campaign #1,22625352639,Estelline,South Dakota,"Sioux Falls(Mitchell), SD",57234,LOCATION_OF_PRESENCE,2,0,0,0,0,
2025|06,Campaign #1,22625352639,Estherville,Iowa,"Sioux City, IA",51334,LOCATION_OF_PRESENCE,1,0,0,0,0,
2025|06,Campaign #1,22625352639,Evansville,Minnesota,"Minneapolis-St. Paul, MN",56326,LOCATION_OF_PRESENCE,1,0,0,0,0,
2025|06,Campaign #1,22625352639,Eveleth,Minnesota,"Duluth, MN-Superior, WI",55734,LOCATION_OF_PRESENCE,2,0,0,0,0,
2025|06,Campaign #1,22625352639,Fargo,North Dakota,"Fargo-Valley City, ND",58104,AREA_OF_INTEREST,1,0,0,0,0,
2025|06,Campaign #1,22625352639,Foreston,Minnesota,"Minneapolis-St. Paul, MN",56330,LOCATION_OF_PRESENCE,1,0,0,0,0,
2025|06,Campaign #1,22625352639,Fountain City,Wisconsin,"La Crosse-Eau Claire, WI",54629,LOCATION_OF_PRESENCE,1,0,0,0,0,
2025|06,Campaign #1,22625352639,Frazee,Minnesota,"Fargo-Valley City, ND",56544,LOCATION_OF_PRESENCE,2,0,0,0,0,
2025|06,Campaign #1,22625352639,Gays Mills,Wisconsin,"La Crosse-Eau Claire, WI",54631,LOCATION_OF_PRESENCE,2,0,0,0,0,
2025|06,Campaign #1,22625352639,Gilman,Wisconsin,"Wausau-Rhinelander, WI",54433,LOCATION_OF_PRESENCE,1,0,0,0,0,
2025|06,Campaign #1,22625352639,Glenwood City,Wisconsin,"Minneapolis-St. Paul, MN",54013,LOCATION_OF_PRESENCE,1,0,0,0,0,
2025|06,Campaign #1,22625352639,Glyndon,Minnesota,"Fargo-Valley City, ND",56547,AREA_OF_INTEREST,1,0,0,0,0,
2025|06,Campaign #1,22625352639,Goodview,Minnesota,"La Crosse-Eau Claire, WI",55987,AREA_OF_INTEREST,1,0,0,0,0,
2025|06,Campaign #1,22625352639,Greenbush,Minnesota,"Fargo-Valley City, ND",56726,AREA_OF_INTEREST,2,0,0,0,0,
2025|06,Campaign #1,22625352639,Hawley,Minnesota,"Fargo-Valley City, ND",56549,LOCATION_OF_PRESENCE,2,0,0,0,0,
2025|06,Campaign #1,22625352639,Hinckley,Minnesota,"Minneapolis-St. Paul, MN",55037,LOCATION_OF_PRESENCE,1,0,0,0,0,
2025|06,Campaign #1,22625352639,Hudson,Wisconsin,"Minneapolis-St. Paul, MN",54016,AREA_OF_INTEREST,1,0,0,0,0,
2025|06,Campaign #1,22625352639,Huxley,Iowa,"Des Moines-Ames, IA",50124,LOCATION_OF_PRESENCE,1,0,0,0,0,
2025|06,Campaign #1,22625352639,Ida Grove,Iowa,"Sioux City, IA",51445,AREA_OF_INTEREST,1,0,0,0,0,
2025|06,Campaign #1,22625352639,Independence,Minnesota,"Minneapolis-St. Paul, MN",55359,AREA_OF_INTEREST,1,0,0,0,0,
2025|06,Campaign #1,22625352639,International Falls,Minnesota,"Duluth, MN-Superior, WI",56649,AREA_OF_INTEREST,1,0,0,0,0,
2025|06,Campaign #1,22625352639,Isanti,Minnesota,"Minneapolis-St. Paul, MN",55040,LOCATION_OF_PRESENCE,1,0,0,0,0,
2025|06,Campaign #1,22625352639,Isle,Minnesota,"Minneapolis-St. Paul, MN",56342,LOCATION_OF_PRESENCE,2,0,0,0,0,
2025|06,Campaign #1,22625352639,Jenkins,Minnesota,"Minneapolis-St. Paul, MN",56472,LOCATION_OF_PRESENCE,3,0,0,0,0,
2025|06,Campaign #1,22625352639,Jesup,Iowa,"Cedar Rapids-Waterloo-Iowa City & Dubuque, IA",50648,LOCATION_OF_PRESENCE,2,0,0,0,0,
2025|06,Campaign #1,22625352639,Kronenwetter,Wisconsin,"Wausau-Rhinelander, WI",54455,LOCATION_OF_PRESENCE,2,0,0,0,0,
2025|06,Campaign #1,22625352639,Lake City,Minnesota,"Minneapolis-St. Paul, MN",55041,LOCATION_OF_PRESENCE,3,0,0,0,0,
2025|06,Campaign #1,22625352639,Latimer,Iowa,"Des Moines-Ames, IA",50452,AREA_OF_INTEREST,1,0,0,0,0,
2025|06,Campaign #1,22625352639,Lennox,South Dakota,"Sioux Falls(Mitchell), SD",57039,LOCATION_OF_PRESENCE,1,0,0,0,0,
2025|06,Campaign #1,22625352639,Loyal,Wisconsin,"La Crosse-Eau Claire, WI",54446,AREA_OF_INTEREST,1,0,0,0,0,
2025|06,Campaign #1,22625352639,Madison,South Dakota,"Sioux Falls(Mitchell), SD",57042,LOCATION_OF_PRESENCE,1,0,0,0,0,
2025|06,Campaign #1,22625352639,Madrid,Iowa,"Des Moines-Ames, IA",50156,AREA_OF_INTEREST,2,0,0,0,0,
2025|06,Campaign #1,22625352639,Manitowish Waters,Wisconsin,"Wausau-Rhinelander, WI",54545,LOCATION_OF_PRESENCE,1,0,0,0,0,
2025|06,Campaign #1,22625352639,Marshalltown,Iowa,"Des Moines-Ames, IA",50158,AREA_OF_INTEREST,1,0,0,0,0,
2025|06,Campaign #1,22625352639,McGregor,Minnesota,"Minneapolis-St. Paul, MN",55760,LOCATION_OF_PRESENCE,1,0,0,0,0,
2025|06,Campaign #1,22625352639,Milaca,Minnesota,"Minneapolis-St. Paul, MN",56353,LOCATION_OF_PRESENCE,1,0,0,0,0,
2025|06,Campaign #1,22625352639,Milford,Iowa,"Sioux City, IA",51351,AREA_OF_INTEREST,1,0,0,0,0,
2025|06,Campaign #1,22625352639,Minneapolis,Minnesota,"Minneapolis-St. Paul, MN",55402,AREA_OF_INTEREST,1,0,0,0,0,
2025|06,Campaign #1,22625352639,Minneapolis,Minnesota,"Minneapolis-St. Paul, MN",55455,AREA_OF_INTEREST,1,0,0,0,0,
2025|06,Campaign #1,22625352639,Minnesota Lake,Minnesota,"Minneapolis-St. Paul, MN",56068,LOCATION_OF_PRESENCE,1,0,0,0,0,
2025|06,Campaign #1,22625352639,Minocqua,Wisconsin,"Wausau-Rhinelander, WI",54548,LOCATION_OF_PRESENCE,2,0,0,0,0,
2025|06,Campaign #1,22625352639,Montello,Wisconsin,"Madison, WI",53949,LOCATION_OF_PRESENCE,1,0,0,0,0,
2025|06,Campaign #1,22625352639,Moose Lake,Minnesota,"Duluth, MN-Superior, WI",55767,LOCATION_OF_PRESENCE,2,0,0,0,0,
2025|06,Campaign #1,22625352639,Morris,Minnesota,"Minneapolis-St. Paul, MN",56267,LOCATION_OF_PRESENCE,6,0,0,0,0,
2025|06,Campaign #1,22625352639,New Brighton,Minnesota,"Minneapolis-St. Paul, MN",55112,AREA_OF_INTEREST,1,0,0,0,0,
2025|06,Campaign #1,22625352639,New London,Minnesota,"Minneapolis-St. Paul, MN",56273,LOCATION_OF_PRESENCE,1,0,0,0,0,
2025|06,Campaign #1,22625352639,New Richmond,Wisconsin,"Minneapolis-St. Paul, MN",54017,LOCATION_OF_PRESENCE,2,0,0,0,0,
2025|06,Campaign #1,22625352639,Nora Springs,Iowa,"Rochester, MN-Mason City, IA-Austin, MN",50458,LOCATION_OF_PRESENCE,2,0,0,0,0,
2025|06,Campaign #1,22625352639,Oakdale,Wisconsin,"La Crosse-Eau Claire, WI",54660,AREA_OF_INTEREST,6,0,0,0,0,
2025|06,Campaign #1,22625352639,Olivia,Minnesota,"Minneapolis-St. Paul, MN",56277,LOCATION_OF_PRESENCE,1,0,0,0,0,
2025|06,Campaign #1,22625352639,Onalaska,Wisconsin,"La Crosse-Eau Claire, WI",54650,AREA_OF_INTEREST,1,0,0,0,0,
2025|06,Campaign #1,22625352639,Ontonagon,Michigan,"Marquette, MI",49953,AREA_OF_INTEREST,1,0,0,0,0,
2025|06,Campaign #1,22625352639,Orange City,Iowa,"Sioux City, IA",51041,LOCATION_OF_PRESENCE,2,0,0,0,0,
2025|06,Campaign #1,22625352639,Osseo,Wisconsin,"La Crosse-Eau Claire, WI",54758,LOCATION_OF_PRESENCE,1,0,0,0,0,
2025|06,Campaign #1,22625352639,Otsego,Minnesota,"Minneapolis-St. Paul, MN",55330,AREA_OF_INTEREST,1,0,0,0,0,
2025|06,Campaign #1,22625352639,Oxford,Wisconsin,"Madison, WI",53952,LOCATION_OF_PRESENCE,1,0,0,0,0,
2025|06,Campaign #1,22625352639,Palo,Iowa,"Cedar Rapids-Waterloo-Iowa City & Dubuque, IA",52324,AREA_OF_INTEREST,1,0,0,0,0,
2025|06,Campaign #1,22625352639,Park Falls,Wisconsin,"Wausau-Rhinelander, WI",54552,AREA_OF_INTEREST,1,0,0,0,0,
2025|06,Campaign #1,22625352639,Park Rapids,Minnesota,"Minneapolis-St. Paul, MN",56470,AREA_OF_INTEREST,1,0,0,0,0,
2025|06,Campaign #1,22625352639,Paynesville,Minnesota,"Minneapolis-St. Paul, MN",56362,LOCATION_OF_PRESENCE,2,0,0,0,0,
2025|06,Campaign #1,22625352639,Perham,Minnesota,"Fargo-Valley City, ND",56573,LOCATION_OF_PRESENCE,3,0,0,0,0,
2025|06,Campaign #1,22625352639,Plymouth,Minnesota,"Minneapolis-St. Paul, MN",55441,AREA_OF_INTEREST,1,0,0,0,0,
2025|06,Campaign #1,22625352639,Prescott,Wisconsin,"Minneapolis-St. Paul, MN",54021,AREA_OF_INTEREST,1,0,0,0,0,
2025|06,Campaign #1,22625352639,Renville,Minnesota,"Minneapolis-St. Paul, MN",56284,LOCATION_OF_PRESENCE,1,0,0,0,0,
2025|06,Campaign #1,22625352639,Rhinelander,Wisconsin,"Wausau-Rhinelander, WI",54501,LOCATION_OF_PRESENCE,3,0,0,0,0,
2025|06,Campaign #1,22625352639,Rice,Minnesota,"Minneapolis-St. Paul, MN",56367,LOCATION_OF_PRESENCE,2,0,0,0,0,
2025|06,Campaign #1,22625352639,Richland Center,Wisconsin,"Madison, WI",53581,LOCATION_OF_PRESENCE,1,0,0,0,0,
2025|06,Campaign #1,22625352639,Roberts,Wisconsin,"Minneapolis-St. Paul, MN",54023,LOCATION_OF_PRESENCE,2,0,0,0,0,
2025|06,Campaign #1,22625352639,Rosholt,Wisconsin,"Wausau-Rhinelander, WI",54473,AREA_OF_INTEREST,1,0,0,0,0,
2025|06,Campaign #1,22625352639,Royalton,Minnesota,"Minneapolis-St. Paul, MN",56373,LOCATION_OF_PRESENCE,1,0,0,0,0,
2025|06,Campaign #1,22625352639,Saint Anthony,Minnesota,"Minneapolis-St. Paul, MN",55418,AREA_OF_INTEREST,1,0,0,0,0,
2025|06,Campaign #1,22625352639,Saint Augusta,Minnesota,"Minneapolis-St. Paul, MN",55320,LOCATION_OF_PRESENCE,1,0,0,0,0,
2025|06,Campaign #1,22625352639,Saint Paul,Minnesota,"Minneapolis-St. Paul, MN",55105,AREA_OF_INTEREST,1,0,0,0,0,
2025|06,Campaign #1,22625352639,Saint Paul,Minnesota,"Minneapolis-St. Paul, MN",55117,AREA_OF_INTEREST,1,0,0,0,0,
2025|06,Campaign #1,22625352639,Sandstone,Minnesota,"Minneapolis-St. Paul, MN",55072,LOCATION_OF_PRESENCE,2,0,0,0,0,
2025|06,Campaign #1,22625352639,Sauk Centre,Minnesota,"Minneapolis-St. Paul, MN",56378,LOCATION_OF_PRESENCE,2,0,0,0,0,
2025|06,Campaign #1,22625352639,Shakopee,Minnesota,"Minneapolis-St. Paul, MN",55379,AREA_OF_INTEREST,1,0,0,0,0,
2025|06,Campaign #1,22625352639,Shorewood,Minnesota,"Minneapolis-St. Paul, MN",55331,AREA_OF_INTEREST,4,0,0,0,0,
2025|06,Campaign #1,22625352639,Silver Creek,Minnesota,"Minneapolis-St. Paul, MN",55358,LOCATION_OF_PRESENCE,1,0,0,0,0,
2025|06,Campaign #1,22625352639,Sioux Falls,South Dakota,"Sioux Falls(Mitchell), SD",57105,LOCATION_OF_PRESENCE,1,0,0,0,0,
2025|06,Campaign #1,22625352639,Siren,Wisconsin,"Minneapolis-St. Paul, MN",54872,LOCATION_OF_PRESENCE,1,0,0,0,0,
2025|06,Campaign #1,22625352639,South Saint Paul,Minnesota,"Minneapolis-St. Paul, MN",55077,AREA_OF_INTEREST,2,0,0,0,0,
2025|06,Campaign #1,22625352639,St. Louis Park,Minnesota,"Minneapolis-St. Paul, MN",55426,AREA_OF_INTEREST,1,0,0,0,0,
2025|06,Campaign #1,22625352639,St. Louis Park,Minnesota,"Minneapolis-St. Paul, MN",55436,AREA_OF_INTEREST,22,0,0,0,0,
2025|06,Campaign #1,22625352639,Star Prairie,Wisconsin,"Minneapolis-St. Paul, MN",54026,LOCATION_OF_PRESENCE,1,0,0,0,0,
2025|06,Campaign #1,22625352639,Stewartville,Minnesota,"Rochester, MN-Mason City, IA-Austin, MN",55976,LOCATION_OF_PRESENCE,1,0,0,0,0,
2025|06,Campaign #1,22625352639,Stratford,Wisconsin,"Wausau-Rhinelander, WI",54484,LOCATION_OF_PRESENCE,1,0,0,0,0,
2025|06,Campaign #1,22625352639,Swanville,Minnesota,"Minneapolis-St. Paul, MN",56382,LOCATION_OF_PRESENCE,2,0,0,0,0,
2025|06,Campaign #1,22625352639,Tama,Iowa,"Cedar Rapids-Waterloo-Iowa City & Dubuque, IA",52339,LOCATION_OF_PRESENCE,1,0,0,0,0,
2025|06,Campaign #1,22625352639,Tea,South Dakota,"Sioux Falls(Mitchell), SD",57064,AREA_OF_INTEREST,2,0,0,0,0,
2025|06,Campaign #1,22625352639,Tomah,Wisconsin,"La Crosse-Eau Claire, WI",54660,AREA_OF_INTEREST,1,0,0,0,0,
2025|06,Campaign #1,22625352639,Tracy,Minnesota,"Minneapolis-St. Paul, MN",56175,LOCATION_OF_PRESENCE,2,0,0,0,0,
2025|06,Campaign #1,22625352639,Turtle Lake,Wisconsin,"Minneapolis-St. Paul, MN",54889,LOCATION_OF_PRESENCE,1,0,0,0,0,
2025|06,Campaign #1,22625352639,Wahpeton,North Dakota,"Fargo-Valley City, ND",58075,AREA_OF_INTEREST,1,0,0,0,0,
2025|06,Campaign #1,22625352639,Wahpeton,North Dakota,"Fargo-Valley City, ND",58076,AREA_OF_INTEREST,1,0,0,0,0,
2025|06,Campaign #1,22625352639,Waterville,Minnesota,"Minneapolis-St. Paul, MN",56096,LOCATION_OF_PRESENCE,1,0,0,0,0,
2025|06,Campaign #1,22625352639,Waverly,Iowa,"Cedar Rapids-Waterloo-Iowa City & Dubuque, IA",50677,AREA_OF_INTEREST,1,0,0,0,0,
2025|06,Campaign #1,22625352639,Wayzata,Minnesota,"Minneapolis-St. Paul, MN",55391,AREA_OF_INTEREST,6,0,0,0,0,
2025|06,Campaign #1,22625352639,Webster City,Iowa,"Des Moines-Ames, IA",50595,LOCATION_OF_PRESENCE,1,0,0,0,0,
2025|06,Campaign #1,22625352639,Welcome,Minnesota,"Mankato, MN",56181,LOCATION_OF_PRESENCE,1,0,0,0,0,
2025|06,Campaign #1,22625352639,West Baraboo,Wisconsin,"Madison, WI",53913,AREA_OF_INTEREST,3,0,0,0,0,
2025|06,Campaign #1,22625352639,West Union,Iowa,"Cedar Rapids-Waterloo-Iowa City & Dubuque, IA",52175,LOCATION_OF_PRESENCE,1,0,0,0,0,
2025|06,Campaign #1,22625352639,Woodward,Iowa,"Des Moines-Ames, IA",50276,AREA_OF_INTEREST,3,0,0,0,0,
2025|07,Campaign #1,22625352639,Little Canada,Minnesota,"Minneapolis-St. Paul, MN",55113,LOCATION_OF_PRESENCE,6894,210,34.5264,0.0305,106.05,0.3256
2025|07,Campaign #1,22625352639,Minneapolis,Minnesota,"Minneapolis-St. Paul, MN",55414,LOCATION_OF_PRESENCE,2831,91,15.0519,0.0321,50,0.301
2025|07,Campaign #1,22625352639,Saint Paul,Minnesota,"Minneapolis-St. Paul, MN",55106,LOCATION_OF_PRESENCE,1762,62,10.8172,0.0352,32.97,0.3281
2025|07,Campaign #1,22625352639,Minneapolis,Minnesota,"Minneapolis-St. Paul, MN",55403,LOCATION_OF_PRESENCE,1791,52,9.8145,0.029,24,0.4089
2025|07,Campaign #1,22625352639,Plymouth,Minnesota,"Minneapolis-St. Paul, MN",55441,LOCATION_OF_PRESENCE,506,19,9.7511,0.0375,14,0.6965
2025|07,Campaign #1,22625352639,Minneapolis,Minnesota,"Minneapolis-St. Paul, MN",55404,LOCATION_OF_PRESENCE,1729,54,9.0419,0.0312,20.97,0.4312
2025|07,Campaign #1,22625352639,Minneapolis,Minnesota,"Minneapolis-St. Paul, MN",55408,LOCATION_OF_PRESENCE,1608,56,9.0183,0.0348,25,0.3607
2025|07,Campaign #1,22625352639,Richfield,Minnesota,"Minneapolis-St. Paul, MN",55423,LOCATION_OF_PRESENCE,1591,48,9.0168,0.0302,22,0.4099
2025|07,Campaign #1,22625352639,Minneapolis,Minnesota,"Minneapolis-St. Paul, MN",55411,LOCATION_OF_PRESENCE,1315,52,8.2373,0.0395,18,0.4576
2025|07,Campaign #1,22625352639,Little Canada,Minnesota,"Minneapolis-St. Paul, MN",55117,LOCATION_OF_PRESENCE,1226,40,7.532,0.0326,28,0.269
2025|07,Campaign #1,22625352639,Lakeville,Minnesota,"Minneapolis-St. Paul, MN",55044,LOCATION_OF_PRESENCE,1300,36,7.4751,0.0277,23,0.325
2025|07,Campaign #1,22625352639,Maplewood,Minnesota,"Minneapolis-St. Paul, MN",55119,LOCATION_OF_PRESENCE,1249,35,7.4664,0.028,22,0.3394
2025|07,Campaign #1,22625352639,Minneapolis,Minnesota,"Minneapolis-St. Paul, MN",55407,LOCATION_OF_PRESENCE,1342,35,7.3258,0.0261,15,0.4884
2025|07,Campaign #1,22625352639,Saint Paul,Minnesota,"Minneapolis-St. Paul, MN",55104,LOCATION_OF_PRESENCE,1344,33,7.2541,0.0246,17,0.4267
2025|07,Campaign #1,22625352639,Shakopee,Minnesota,"Minneapolis-St. Paul, MN",55379,LOCATION_OF_PRESENCE,1075,35,6.9624,0.0326,20,0.3481
2025|07,Campaign #1,22625352639,New Brighton,Minnesota,"Minneapolis-St. Paul, MN",55112,LOCATION_OF_PRESENCE,1019,35,6.9344,0.0343,14,0.4953
2025|07,Campaign #1,22625352639,Brooklyn Park,Minnesota,"Minneapolis-St. Paul, MN",55443,LOCATION_OF_PRESENCE,1162,46,6.5708,0.0396,34,0.1933
2025|07,Campaign #1,22625352639,Apple Valley,Minnesota,"Minneapolis-St. Paul, MN",55124,LOCATION_OF_PRESENCE,1025,27,6.4049,0.0263,20,0.3202
2025|07,Campaign #1,22625352639,Minneapolis,Minnesota,"Minneapolis-St. Paul, MN",55406,LOCATION_OF_PRESENCE,1093,36,6.0762,0.0329,21,0.2893
2025|07,Campaign #1,22625352639,Maple Grove,Minnesota,"Minneapolis-St. Paul, MN",55369,LOCATION_OF_PRESENCE,975,25,5.8515,0.0256,21,0.2786
2025|07,Campaign #1,22625352639,Burnsville,Minnesota,"Minneapolis-St. Paul, MN",55337,LOCATION_OF_PRESENCE,926,33,5.5717,0.0356,19,0.2932
2025|07,Campaign #1,22625352639,St. Louis Park,Minnesota,"Minneapolis-St. Paul, MN",55416,LOCATION_OF_PRESENCE,987,38,5.4935,0.0385,22,0.2497
2025|07,Campaign #1,22625352639,Saint Anthony,Minnesota,"Minneapolis-St. Paul, MN",55421,LOCATION_OF_PRESENCE,953,31,5.3779,0.0325,16,0.3361
2025|07,Campaign #1,22625352639,Oak Grove,Minnesota,"Minneapolis-St. Paul, MN",55303,LOCATION_OF_PRESENCE,794,33,4.9972,0.0416,21,0.238
2025|07,Campaign #1,22625352639,Bloomington,Minnesota,"Minneapolis-St. Paul, MN",55420,LOCATION_OF_PRESENCE,780,31,4.9795,0.0397,11,0.4527
2025|07,Campaign #1,22625352639,Saint Augusta,Minnesota,"Minneapolis-St. Paul, MN",55382,AREA_OF_INTEREST,2,1,4.84,0.5,1,4.84
2025|07,Campaign #1,22625352639,Woodbury,Minnesota,"Minneapolis-St. Paul, MN",55125,LOCATION_OF_PRESENCE,745,26,4.6253,0.0349,15,0.3084
2025|07,Campaign #1,22625352639,Little Canada,Minnesota,"Minneapolis-St. Paul, MN",55109,LOCATION_OF_PRESENCE,795,32,4.6215,0.0403,22,0.2101
2025|07,Campaign #1,22625352639,Ham Lake,Minnesota,"Minneapolis-St. Paul, MN",55304,LOCATION_OF_PRESENCE,665,32,4.5908,0.0481,23,0.1996
2025|07,Campaign #1,22625352639,Oakdale,Minnesota,"Minneapolis-St. Paul, MN",55128,LOCATION_OF_PRESENCE,684,25,4.5837,0.0365,13,0.3526
2025|07,Campaign #1,22625352639,Blaine,Minnesota,"Minneapolis-St. Paul, MN",55449,LOCATION_OF_PRESENCE,750,24,4.3262,0.032,13,0.3328
2025|07,Campaign #1,22625352639,Saint Anthony,Minnesota,"Minneapolis-St. Paul, MN",55418,LOCATION_OF_PRESENCE,773,27,4.3064,0.0349,16,0.2691
2025|07,Campaign #1,22625352639,Spring Lake Park,Minnesota,"Minneapolis-St. Paul, MN",55432,LOCATION_OF_PRESENCE,714,15,4.1404,0.021,11,0.3764
2025|07,Campaign #1,22625352639,Blaine,Minnesota,"Minneapolis-St. Paul, MN",55434,LOCATION_OF_PRESENCE,681,28,4.0841,0.0411,15,0.2723
2025|07,Campaign #1,22625352639,New Hope,Minnesota,"Minneapolis-St. Paul, MN",55428,LOCATION_OF_PRESENCE,628,21,4.0014,0.0334,12,0.3334
2025|07,Campaign #1,22625352639,Rosemount,Minnesota,"Minneapolis-St. Paul, MN",55068,LOCATION_OF_PRESENCE,542,20,3.9944,0.0369,7,0.5706
2025|07,Campaign #1,22625352639,Eagan,Minnesota,"Minneapolis-St. Paul, MN",55122,LOCATION_OF_PRESENCE,666,18,3.9666,0.027,10,0.3967
2025|07,Campaign #1,22625352639,Robbinsdale,Minnesota,"Minneapolis-St. Paul, MN",55422,LOCATION_OF_PRESENCE,637,18,3.9385,0.0283,17,0.2317
2025|07,Campaign #1,22625352639,Woodbury,Minnesota,"Minneapolis-St. Paul, MN",55129,LOCATION_OF_PRESENCE,696,19,3.9229,0.0273,14,0.2802
2025|07,Campaign #1,22625352639,Crystal,Minnesota,"Minneapolis-St. Paul, MN",55429,LOCATION_OF_PRESENCE,656,18,3.888,0.0274,10,0.3888
2025|07,Campaign #1,22625352639,Coon Rapids,Minnesota,"Minneapolis-St. Paul, MN",55448,LOCATION_OF_PRESENCE,608,22,3.8335,0.0362,8,0.4792
2025|07,Campaign #1,22625352639,Coon Rapids,Minnesota,"Minneapolis-St. Paul, MN",55433,LOCATION_OF_PRESENCE,614,16,3.7592,0.0261,9,0.4177
2025|07,Campaign #1,22625352639,Saint Paul,Minnesota,"Minneapolis-St. Paul, MN",55130,LOCATION_OF_PRESENCE,602,23,3.649,0.0382,11,0.3317
2025|07,Campaign #1,22625352639,Plymouth,Minnesota,"Minneapolis-St. Paul, MN",55446,LOCATION_OF_PRESENCE,555,15,3.4401,0.027,9,0.3822
2025|07,Campaign #1,22625352639,Bloomington,Minnesota,"Minneapolis-St. Paul, MN",55425,LOCATION_OF_PRESENCE,599,24,3.3692,0.0401,10,0.3369
2025|07,Campaign #1,22625352639,Chaska,Minnesota,"Minneapolis-St. Paul, MN",55318,LOCATION_OF_PRESENCE,518,17,3.3408,0.0328,15,0.2227
2025|07,Campaign #1,22625352639,Minneapolis,Minnesota,"Minneapolis-St. Paul, MN",55412,LOCATION_OF_PRESENCE,558,17,3.3345,0.0305,7,0.4764
2025|07,Campaign #1,22625352639,Dellwood,Minnesota,"Minneapolis-St. Paul, MN",55110,LOCATION_OF_PRESENCE,486,25,3.3077,0.0514,9,0.3675
2025|07,Campaign #1,22625352639,Savage,Minnesota,"Minneapolis-St. Paul, MN",55378,LOCATION_OF_PRESENCE,518,18,3.2449,0.0347,10,0.3245
2025|07,Campaign #1,22625352639,Eden Prairie,Minnesota,"Minneapolis-St. Paul, MN",55347,LOCATION_OF_PRESENCE,506,46,3.2154,0.0909,11,0.2923
2025|07,Campaign #1,22625352639,Edina,Minnesota,"Minneapolis-St. Paul, MN",55410,LOCATION_OF_PRESENCE,442,17,3.0033,0.0385,7,0.429
2025|07,Campaign #1,22625352639,Saint Paul,Minnesota,"Minneapolis-St. Paul, MN",55116,LOCATION_OF_PRESENCE,519,17,2.9802,0.0328,5,0.596
2025|07,Campaign #1,22625352639,North Oaks,Minnesota,"Minneapolis-St. Paul, MN",55126,LOCATION_OF_PRESENCE,462,18,2.9571,0.039,12,0.2464
2025|07,Campaign #1,22625352639,Otsego,Minnesota,"Minneapolis-St. Paul, MN",55330,LOCATION_OF_PRESENCE,478,20,2.9379,0.0418,11,0.2671
2025|07,Campaign #1,22625352639,Cottage Grove,Minnesota,"Minneapolis-St. Paul, MN",55016,LOCATION_OF_PRESENCE,493,15,2.8451,0.0304,8,0.3556
2025|07,Campaign #1,22625352639,Brooklyn Park,Minnesota,"Minneapolis-St. Paul, MN",55445,LOCATION_OF_PRESENCE,525,13,2.8342,0.0248,9,0.3149
2025|07,Campaign #1,22625352639,Brooklyn Park,Minnesota,"Minneapolis-St. Paul, MN",55444,LOCATION_OF_PRESENCE,511,15,2.8156,0.0294,8,0.352
2025|07,Campaign #1,22625352639,Edina,Minnesota,"Minneapolis-St. Paul, MN",55435,LOCATION_OF_PRESENCE,405,8,2.7131,0.0198,1,2.7131
2025|07,Campaign #1,22625352639,Bloomington,Minnesota,"Minneapolis-St. Paul, MN",55438,LOCATION_OF_PRESENCE,419,17,2.6955,0.0406,11,0.245
2025|07,Campaign #1,22625352639,West Saint Paul,Minnesota,"Minneapolis-St. Paul, MN",55118,LOCATION_OF_PRESENCE,459,11,2.6877,0.024,8,0.336
2025|07,Campaign #1,22625352639,Eden Prairie,Minnesota,"Minneapolis-St. Paul, MN",55344,LOCATION_OF_PRESENCE,441,17,2.598,0.0385,8,0.3247
2025|07,Campaign #1,22625352639,Otsego,Minnesota,"Minneapolis-St. Paul, MN",55374,LOCATION_OF_PRESENCE,320,13,2.4493,0.0406,9,0.2721
2025|07,Campaign #1,22625352639,Minnetonka,Minnesota,"Minneapolis-St. Paul, MN",55343,LOCATION_OF_PRESENCE,407,18,2.4455,0.0442,9,0.2717
2025|07,Campaign #1,22625352639,Minneapolis,Minnesota,"Minneapolis-St. Paul, MN",55417,LOCATION_OF_PRESENCE,444,18,2.4137,0.0405,7,0.3448
2025|07,Campaign #1,22625352639,Eagan,Minnesota,"Minneapolis-St. Paul, MN",55123,LOCATION_OF_PRESENCE,439,17,2.4062,0.0387,14,0.1719
2025|07,Campaign #1,22625352639,Hastings,Minnesota,"Minneapolis-St. Paul, MN",55033,LOCATION_OF_PRESENCE,360,15,2.3979,0.0417,13,0.1845
2025|07,Campaign #1,22625352639,South Saint Paul,Minnesota,"Minneapolis-St. Paul, MN",55076,LOCATION_OF_PRESENCE,333,15,2.3883,0.045,4,0.5971
2025|07,Campaign #1,22625352639,Bloomington,Minnesota,"Minneapolis-St. Paul, MN",55431,LOCATION_OF_PRESENCE,359,9,2.3,0.0251,2,1.15
2025|07,Campaign #1,22625352639,St. Louis Park,Minnesota,"Minneapolis-St. Paul, MN",55426,LOCATION_OF_PRESENCE,392,17,2.234,0.0434,7,0.3191
2025|07,Campaign #1,22625352639,Brooklyn Center,Minnesota,"Minneapolis-St. Paul, MN",55430,LOCATION_OF_PRESENCE,404,7,2.2218,0.0173,3,0.7406
2025|07,Campaign #1,22625352639,Burnsville,Minnesota,"Minneapolis-St. Paul, MN",55306,LOCATION_OF_PRESENCE,289,9,2.1718,0.0311,5,0.4344
2025|07,Campaign #1,22625352639,Otsego,Minnesota,"Minneapolis-St. Paul, MN",55362,LOCATION_OF_PRESENCE,315,14,2.1544,0.0444,6,0.3591
2025|07,Campaign #1,22625352639,Champlin,Minnesota,"Minneapolis-St. Paul, MN",55316,LOCATION_OF_PRESENCE,334,12,2.1319,0.0359,9,0.2369
2025|07,Campaign #1,22625352639,Farmington,Minnesota,"Minneapolis-St. Paul, MN",55024,LOCATION_OF_PRESENCE,361,12,2.1136,0.0332,3,0.7045
2025|07,Campaign #1,22625352639,Minnetonka,Minnesota,"Minneapolis-St. Paul, MN",55305,LOCATION_OF_PRESENCE,339,12,2.0817,0.0354,9,0.2313
2025|07,Campaign #1,22625352639,Saint Michael,Minnesota,"Minneapolis-St. Paul, MN",55376,LOCATION_OF_PRESENCE,279,15,2.079,0.0538,7,0.297
2025|07,Campaign #1,22625352639,South Saint Paul,Minnesota,"Minneapolis-St. Paul, MN",55075,LOCATION_OF_PRESENCE,367,8,2.0617,0.0218,5,0.4123
2025|07,Campaign #1,22625352639,Plymouth,Minnesota,"Minneapolis-St. Paul, MN",55447,LOCATION_OF_PRESENCE,300,11,2.0557,0.0367,3.04,0.6762
2025|07,Campaign #1,22625352639,Minneapolis,Minnesota,"Minneapolis-St. Paul, MN",55405,LOCATION_OF_PRESENCE,311,11,2.0148,0.0354,3,0.6716
2025|07,Campaign #1,22625352639,Minnetonka,Minnesota,"Minneapolis-St. Paul, MN",55345,LOCATION_OF_PRESENCE,308,14,1.9968,0.0455,6,0.3328
2025|07,Campaign #1,22625352639,South Saint Paul,Minnesota,"Minneapolis-St. Paul, MN",55077,LOCATION_OF_PRESENCE,294,15,1.9943,0.051,6,0.3324
2025|07,Campaign #1,22625352639,Saint Paul,Minnesota,"Minneapolis-St. Paul, MN",55103,LOCATION_OF_PRESENCE,347,15,1.9556,0.0432,9,0.2173
2025|07,Campaign #1,22625352639,Saint Paul,Minnesota,"Minneapolis-St. Paul, MN",55105,LOCATION_OF_PRESENCE,332,13,1.8955,0.0392,12,0.158
2025|07,Campaign #1,22625352639,Eagan,Minnesota,"Minneapolis-St. Paul, MN",55121,LOCATION_OF_PRESENCE,280,6,1.8828,0.0214,3,0.6276
2025|07,Campaign #1,22625352639,Minneapolis,Minnesota,"Minneapolis-St. Paul, MN",55419,LOCATION_OF_PRESENCE,321,10,1.8395,0.0312,5,0.3679
2025|07,Campaign #1,22625352639,Shakopee,Minnesota,"Minneapolis-St. Paul, MN",55372,LOCATION_OF_PRESENCE,309,7,1.7919,0.0227,6,0.2987
2025|07,Campaign #1,22625352639,Minneapolis,Minnesota,"Minneapolis-St. Paul, MN",55413,LOCATION_OF_PRESENCE,364,7,1.7871,0.0192,5,0.3574
2025|07,Campaign #1,22625352639,Saint Paul,Minnesota,"Minneapolis-St. Paul, MN",55107,LOCATION_OF_PRESENCE,262,7,1.7537,0.0267,3,0.5846
2025|07,Campaign #1,22625352639,Eden Prairie,Minnesota,"Minneapolis-St. Paul, MN",55346,LOCATION_OF_PRESENCE,259,6,1.6841,0.0232,4,0.421
2025|07,Campaign #1,22625352639,Saint Paul,Minnesota,"Minneapolis-St. Paul, MN",55111,LOCATION_OF_PRESENCE,304,6,1.6189,0.0197,1,1.6189
2025|07,Campaign #1,22625352639,Centerville,Minnesota,"Minneapolis-St. Paul, MN",55038,LOCATION_OF_PRESENCE,225,16,1.5999,0.0711,12,0.1333
2025|07,Campaign #1,22625352639,Oak Park Heights,Minnesota,"Minneapolis-St. Paul, MN",55082,LOCATION_OF_PRESENCE,250,8,1.5013,0.032,4,0.3753
2025|07,Campaign #1,22625352639,Corcoran,Minnesota,"Minneapolis-St. Paul, MN",55340,LOCATION_OF_PRESENCE,283,9,1.4278,0.0318,10,0.1428
2025|07,Campaign #1,22625352639,Chanhassen,Minnesota,"Minneapolis-St. Paul, MN",55317,LOCATION_OF_PRESENCE,243,10,1.4151,0.0412,5,0.283
2025|07,Campaign #1,22625352639,New Hope,Minnesota,"Minneapolis-St. Paul, MN",55427,LOCATION_OF_PRESENCE,228,9,1.4023,0.0395,5,0.2805
2025|07,Campaign #1,22625352639,Bloomington,Minnesota,"Minneapolis-St. Paul, MN",55437,LOCATION_OF_PRESENCE,263,7,1.3771,0.0266,3,0.459
2025|07,Campaign #1,22625352639,Lake Elmo,Minnesota,"Minneapolis-St. Paul, MN",55042,LOCATION_OF_PRESENCE,160,12,1.3206,0.075,3,0.4402
2025|07,Campaign #1,22625352639,Lino Lakes,Minnesota,"Minneapolis-St. Paul, MN",55014,LOCATION_OF_PRESENCE,238,7,1.3175,0.0294,4,0.3294
2025|07,Campaign #1,22625352639,Buffalo,Minnesota,"Minneapolis-St. Paul, MN",55313,LOCATION_OF_PRESENCE,210,7,1.3128,0.0333,5,0.2626
2025|07,Campaign #1,22625352639,Saint Paul,Minnesota,"Minneapolis-St. Paul, MN",55117,LOCATION_OF_PRESENCE,209,7,1.3121,0.0335,7,0.1874
2025|07,Campaign #1,22625352639,North Oaks,Minnesota,"Minneapolis-St. Paul, MN",55127,LOCATION_OF_PRESENCE,200,9,1.2858,0.045,2,0.6429
2025|07,Campaign #1,22625352639,Northfield,Minnesota,"Minneapolis-St. Paul, MN",55057,LOCATION_OF_PRESENCE,219,6,1.2375,0.0274,2,0.6187
2025|07,Campaign #1,22625352639,Plymouth,Minnesota,"Minneapolis-St. Paul, MN",55442,LOCATION_OF_PRESENCE,207,9,1.222,0.0435,5.96,0.205
2025|07,Campaign #1,22625352639,Big Lake,Minnesota,"Minneapolis-St. Paul, MN",55309,LOCATION_OF_PRESENCE,198,8,1.2165,0.0404,9,0.1352
2025|07,Campaign #1,22625352639,Shorewood,Minnesota,"Minneapolis-St. Paul, MN",55331,LOCATION_OF_PRESENCE,182,6,1.1902,0.033,5,0.238
2025|07,Campaign #1,22625352639,Jordan,Minnesota,"Minneapolis-St. Paul, MN",55352,LOCATION_OF_PRESENCE,137,9,1.183,0.0657,6,0.1972
2025|07,Campaign #1,22625352639,West Saint Paul,Minnesota,"Minneapolis-St. Paul, MN",55107,LOCATION_OF_PRESENCE,185,5,1.1532,0.027,3,0.3844
2025|07,Campaign #1,22625352639,Falcon Heights,Minnesota,"Minneapolis-St. Paul, MN",55108,LOCATION_OF_PRESENCE,199,4,1.1457,0.0201,4,0.2864
2025|07,Campaign #1,22625352639,Waconia,Minnesota,"Minneapolis-St. Paul, MN",55387,LOCATION_OF_PRESENCE,181,8,1.1381,0.0442,5,0.2276
2025|07,Campaign #1,22625352639,Saint Paul,Minnesota,"Minneapolis-St. Paul, MN",55102,LOCATION_OF_PRESENCE,192,5,1.1135,0.026,4,0.2784
2025|07,Campaign #1,22625352639,Hudson,Wisconsin,"Minneapolis-St. Paul, MN",54016,LOCATION_OF_PRESENCE,152,8,1.0867,0.0526,5,0.2173
2025|07,Campaign #1,22625352639,Wayzata,Minnesota,"Minneapolis-St. Paul, MN",55391,LOCATION_OF_PRESENCE,131,4,0.9999,0.0305,4,0.25
2025|07,Campaign #1,22625352639,Columbus,Minnesota,"Minneapolis-St. Paul, MN",55025,LOCATION_OF_PRESENCE,164,5,0.9832,0.0305,3,0.3277
2025|07,Campaign #1,22625352639,Minneapolis,Minnesota,"Minneapolis-St. Paul, MN",55409,LOCATION_OF_PRESENCE,126,3,0.9597,0.0238,0,
2025|07,Campaign #1,22625352639,New Prague,Minnesota,"Minneapolis-St. Paul, MN",56071,LOCATION_OF_PRESENCE,143,6,0.9301,0.042,6,0.155
2025|07,Campaign #1,22625352639,Minnetrista,Minnesota,"Minneapolis-St. Paul, MN",55364,LOCATION_OF_PRESENCE,147,3,0.9197,0.0204,3,0.3066
2025|07,Campaign #1,22625352639,St. Louis Park,Minnesota,"Minneapolis-St. Paul, MN",55436,LOCATION_OF_PRESENCE,155,8,0.9018,0.0516,6,0.1503
2025|07,Campaign #1,22625352639,Saint Paul,Minnesota,"Minneapolis-St. Paul, MN",55114,LOCATION_OF_PRESENCE,163,5,0.8736,0.0307,1,0.8736
2025|07,Campaign #1,22625352639,Zimmerman,Minnesota,"Minneapolis-St. Paul, MN",55398,LOCATION_OF_PRESENCE,127,1,0.8183,0.0079,0,
2025|07,Campaign #1,22625352639,Edina,Minnesota,"Minneapolis-St. Paul, MN",55439,LOCATION_OF_PRESENCE,137,4,0.7474,0.0292,4,0.1869
2025|07,Campaign #1,22625352639,River Falls,Wisconsin,"Minneapolis-St. Paul, MN",54022,LOCATION_OF_PRESENCE,117,5,0.7435,0.0427,4,0.1859
2025|07,Campaign #1,22625352639,Belle Plaine,Minnesota,"Minneapolis-St. Paul, MN",56011,LOCATION_OF_PRESENCE,120,2,0.7358,0.0167,2,0.3679
2025|07,Campaign #1,22625352639,Otsego,Minnesota,"Minneapolis-St. Paul, MN",55301,LOCATION_OF_PRESENCE,125,1,0.7009,0.008,1,0.7009
2025|07,Campaign #1,22625352639,Dayton,Minnesota,"Minneapolis-St. Paul, MN",55327,LOCATION_OF_PRESENCE,116,4,0.6951,0.0345,4,0.1738
2025|07,Campaign #1,22625352639,St. Louis Park,Minnesota,"Minneapolis-St. Paul, MN",55424,LOCATION_OF_PRESENCE,82,1,0.5841,0.0122,0,
2025|07,Campaign #1,22625352639,Isanti,Minnesota,"Minneapolis-St. Paul, MN",55040,LOCATION_OF_PRESENCE,101,5,0.5636,0.0495,6,0.0939
2025|07,Campaign #1,22625352639,Delano,Minnesota,"Minneapolis-St. Paul, MN",55328,LOCATION_OF_PRESENCE,69,2,0.5111,0.029,1,0.5111
2025|07,Campaign #1,22625352639,Minnetrista,Minnesota,"Minneapolis-St. Paul, MN",55388,LOCATION_OF_PRESENCE,56,3,0.4597,0.0536,1,0.4597
2025|07,Campaign #1,22625352639,Maple Grove,Minnesota,"Minneapolis-St. Paul, MN",55311,LOCATION_OF_PRESENCE,52,2,0.4566,0.0385,2,0.2283
2025|07,Campaign #1,22625352639,Glencoe,Minnesota,"Minneapolis-St. Paul, MN",55336,LOCATION_OF_PRESENCE,74,1,0.407,0.0135,0,
2025|07,Campaign #1,22625352639,Mendota Heights,Minnesota,"Minneapolis-St. Paul, MN",55120,LOCATION_OF_PRESENCE,64,2,0.4065,0.0313,4,0.1016
2025|07,Campaign #1,22625352639,East Bethel,Minnesota,"Minneapolis-St. Paul, MN",55011,LOCATION_OF_PRESENCE,56,0,0.4026,0,0,
2025|07,Campaign #1,22625352639,Victoria,Minnesota,"Minneapolis-St. Paul, MN",55386,LOCATION_OF_PRESENCE,65,3,0.3616,0.0462,3,0.1205
2025|07,Campaign #1,22625352639,Saint Francis,Minnesota,"Minneapolis-St. Paul, MN",55070,LOCATION_OF_PRESENCE,69,1,0.3577,0.0145,1,0.3577
2025|07,Campaign #1,22625352639,Prescott,Wisconsin,"Minneapolis-St. Paul, MN",54021,LOCATION_OF_PRESENCE,64,4,0.3518,0.0625,5,0.0704
2025|07,Campaign #1,22625352639,White Bear Lake,Minnesota,"Minneapolis-St. Paul, MN",55115,LOCATION_OF_PRESENCE,53,2,0.3499,0.0377,2,0.175
2025|07,Campaign #1,22625352639,Newport,Minnesota,"Minneapolis-St. Paul, MN",55055,LOCATION_OF_PRESENCE,58,2,0.3359,0.0345,2,0.168
2025|07,Campaign #1,22625352639,Lonsdale,Minnesota,"Minneapolis-St. Paul, MN",55046,LOCATION_OF_PRESENCE,60,1,0.3353,0.0167,0,
2025|07,Campaign #1,22625352639,Montgomery,Minnesota,"Minneapolis-St. Paul, MN",56069,LOCATION_OF_PRESENCE,42,2,0.3277,0.0476,0,
2025|07,Campaign #1,22625352639,Carver,Minnesota,"Minneapolis-St. Paul, MN",55315,LOCATION_OF_PRESENCE,71,2,0.325,0.0282,2,0.1625
2025|07,Campaign #1,22625352639,Orono,Minnesota,"Minneapolis-St. Paul, MN",55356,LOCATION_OF_PRESENCE,48,2,0.3201,0.0417,2,0.1601
2025|07,Campaign #1,22625352639,Saint Paul Park,Minnesota,"Minneapolis-St. Paul, MN",55071,LOCATION_OF_PRESENCE,53,1,0.3054,0.0189,0,
2025|07,Campaign #1,22625352639,Montrose,Minnesota,"Minneapolis-St. Paul, MN",55363,LOCATION_OF_PRESENCE,55,1,0.2986,0.0182,1,0.2986
2025|07,Campaign #1,22625352639,Cannon Falls,Minnesota,"Minneapolis-St. Paul, MN",55009,LOCATION_OF_PRESENCE,50,0,0.2798,0,0,
2025|07,Campaign #1,22625352639,East Bethel,Minnesota,"Minneapolis-St. Paul, MN",55092,LOCATION_OF_PRESENCE,47,4,0.273,0.0851,3,0.091
2025|07,Campaign #1,22625352639,Howard Lake,Minnesota,"Minneapolis-St. Paul, MN",55349,LOCATION_OF_PRESENCE,49,3,0.2625,0.0612,3,0.0875
2025|07,Campaign #1,22625352639,Rockford,Minnesota,"Minneapolis-St. Paul, MN",55373,LOCATION_OF_PRESENCE,40,2,0.2587,0.05,2,0.1294
2025|07,Campaign #1,22625352639,Becker,Minnesota,"Minneapolis-St. Paul, MN",55308,LOCATION_OF_PRESENCE,51,0,0.2553,0,0,
2025|07,Campaign #1,22625352639,Independence,Minnesota,"Minneapolis-St. Paul, MN",55357,LOCATION_OF_PRESENCE,46,3,0.2374,0.0652,1,0.2374
2025|07,Campaign #1,22625352639,Stacy,Minnesota,"Minneapolis-St. Paul, MN",55079,LOCATION_OF_PRESENCE,52,1,0.2282,0.0192,1,0.2282
2025|07,Campaign #1,22625352639,Le Sueur,Minnesota,"Minneapolis-St. Paul, MN",56058,LOCATION_OF_PRESENCE,34,2,0.2226,0.0588,1,0.2226
2025|07,Campaign #1,22625352639,Cologne,Minnesota,"Minneapolis-St. Paul, MN",55322,LOCATION_OF_PRESENCE,38,0,0.2118,0,0,
2025|07,Campaign #1,22625352639,Somerset,Wisconsin,"Minneapolis-St. Paul, MN",54025,LOCATION_OF_PRESENCE,26,1,0.2085,0.0385,0,
2025|07,Campaign #1,22625352639,Silver Creek,Minnesota,"Minneapolis-St. Paul, MN",55358,LOCATION_OF_PRESENCE,33,1,0.1982,0.0303,2,0.0991
2025|07,Campaign #1,22625352639,Bayport,Minnesota,"Minneapolis-St. Paul, MN",55003,LOCATION_OF_PRESENCE,12,1,0.1953,0.0833,0,
2025|07,Campaign #1,22625352639,Elko New Market,Minnesota,"Minneapolis-St. Paul, MN",55020,LOCATION_OF_PRESENCE,35,3,0.1852,0.0857,3,0.0617
2025|07,Campaign #1,22625352639,Arlington,Minnesota,"Minneapolis-St. Paul, MN",55307,LOCATION_OF_PRESENCE,24,2,0.1776,0.0833,1,0.1776
2025|07,Campaign #1,22625352639,Cokato,Minnesota,"Minneapolis-St. Paul, MN",55321,LOCATION_OF_PRESENCE,38,0,0.1676,0,0,
2025|07,Campaign #1,22625352639,Independence,Minnesota,"Minneapolis-St. Paul, MN",55359,LOCATION_OF_PRESENCE,29,2,0.1619,0.069,1,0.1619
2025|07,Campaign #1,22625352639,Lakeland,Minnesota,"Minneapolis-St. Paul, MN",55043,LOCATION_OF_PRESENCE,20,0,0.1576,0,0,
2025|07,Campaign #1,22625352639,Le Center,Minnesota,"Minneapolis-St. Paul, MN",56057,LOCATION_OF_PRESENCE,22,0,0.1523,0,0,
2025|07,Campaign #1,22625352639,Lester Prairie,Minnesota,"Minneapolis-St. Paul, MN",55354,LOCATION_OF_PRESENCE,12,1,0.1384,0.0833,1,0.1384
2025|07,Campaign #1,22625352639,Henderson,Minnesota,"Minneapolis-St. Paul, MN",56044,LOCATION_OF_PRESENCE,23,0,0.1366,0,0,
2025|07,Campaign #1,22625352639,Marine on Saint Croix,Minnesota,"Minneapolis-St. Paul, MN",55047,LOCATION_OF_PRESENCE,19,1,0.1174,0.0526,1,0.1174
2025|07,Campaign #1,22625352639,Waverly,Minnesota,"Minneapolis-St. Paul, MN",55390,LOCATION_OF_PRESENCE,23,0,0.1161,0,0,
2025|07,Campaign #1,22625352639,Annandale,Minnesota,"Minneapolis-St. Paul, MN",55302,LOCATION_OF_PRESENCE,19,1,0.1132,0.0526,1,0.1132
2025|07,Campaign #1,22625352639,Elko New Market,Minnesota,"Minneapolis-St. Paul, MN",55054,LOCATION_OF_PRESENCE,16,3,0.1101,0.1875,2,0.0551
2025|07,Campaign #1,22625352639,Mayer,Minnesota,"Minneapolis-St. Paul, MN",55360,LOCATION_OF_PRESENCE,20,0,0.1027,0,0,
2025|07,Campaign #1,22625352639,East Bethel,Minnesota,"Minneapolis-St. Paul, MN",55005,LOCATION_OF_PRESENCE,25,2,0.0938,0.08,0,
2025|07,Campaign #1,22625352639,Afton,Minnesota,"Minneapolis-St. Paul, MN",55001,LOCATION_OF_PRESENCE,18,0,0.0894,0,0,
2025|07,Campaign #1,22625352639,Chisago City,Minnesota,"Minneapolis-St. Paul, MN",55013,LOCATION_OF_PRESENCE,10,1,0.0826,0.1,2,0.0413
2025|07,Campaign #1,22625352639,Cambridge,Minnesota,"Minneapolis-St. Paul, MN",55008,LOCATION_OF_PRESENCE,13,0,0.0785,0,0,
2025|07,Campaign #1,22625352639,Winsted,Minnesota,"Minneapolis-St. Paul, MN",55395,LOCATION_OF_PRESENCE,11,1,0.0759,0.0909,0,
2025|07,Campaign #1,22625352639,Randolph,Minnesota,"Minneapolis-St. Paul, MN",55065,LOCATION_OF_PRESENCE,12,1,0.0707,0.0833,2,0.0353
2025|07,Campaign #1,22625352639,Minneapolis,Minnesota,"Minneapolis-St. Paul, MN",55418,LOCATION_OF_PRESENCE,13,1,0.0706,0.0769,0,
2025|07,Campaign #1,22625352639,Faribault,Minnesota,"Minneapolis-St. Paul, MN",55021,LOCATION_OF_PRESENCE,9,0,0.064,0,0,
2025|07,Campaign #1,22625352639,Norwood Young America,Minnesota,"Minneapolis-St. Paul, MN",55397,LOCATION_OF_PRESENCE,12,1,0.0619,0.0833,1,0.0619
2025|07,Campaign #1,22625352639,New Richmond,Wisconsin,"Minneapolis-St. Paul, MN",54017,LOCATION_OF_PRESENCE,14,0,0.0596,0,0,
2025|07,Campaign #1,22625352639,Dundas,Minnesota,"Minneapolis-St. Paul, MN",55019,LOCATION_OF_PRESENCE,8,0,0.0558,0,0,
2025|07,Campaign #1,22625352639,Hampton,Minnesota,"Minneapolis-St. Paul, MN",55031,LOCATION_OF_PRESENCE,11,1,0.0541,0.0909,1,0.0541
2025|07,Campaign #1,22625352639,North Hudson,Wisconsin,"Minneapolis-St. Paul, MN",54016,LOCATION_OF_PRESENCE,11,0,0.0467,0,0,
2025|07,Campaign #1,22625352639,Silver Lake,Minnesota,"Minneapolis-St. Paul, MN",55381,LOCATION_OF_PRESENCE,7,0,0.0398,0,0,
2025|07,Campaign #1,22625352639,Princeton,Minnesota,"Minneapolis-St. Paul, MN",55371,LOCATION_OF_PRESENCE,6,1,0.037,0.1667,1,0.037
2025|07,Campaign #1,22625352639,Norwood Young America,Minnesota,"Minneapolis-St. Paul, MN",55368,LOCATION_OF_PRESENCE,8,2,0.0346,0.25,0,
2025|07,Campaign #1,22625352639,Minneapolis,Minnesota,"Minneapolis-St. Paul, MN",55450,LOCATION_OF_PRESENCE,7,0,0.0343,0,0,
2025|07,Campaign #1,22625352639,Minnetrista,Minnesota,"Minneapolis-St. Paul, MN",55375,LOCATION_OF_PRESENCE,7,0,0.026,0,0,
2025|07,Campaign #1,22625352639,Saint Augusta,Minnesota,"Minneapolis-St. Paul, MN",55320,LOCATION_OF_PRESENCE,4,0,0.0239,0,0,
2025|07,Campaign #1,22625352639,Lindstrom,Minnesota,"Minneapolis-St. Paul, MN",55045,LOCATION_OF_PRESENCE,3,0,0.0161,0,0,
2025|07,Campaign #1,22625352639,Osceola,Wisconsin,"Minneapolis-St. Paul, MN",54020,LOCATION_OF_PRESENCE,3,0,0.0133,0,0,
2025|07,Campaign #1,22625352639,North Branch,Minnesota,"Minneapolis-St. Paul, MN",55056,LOCATION_OF_PRESENCE,2,0,0.0085,0,0,
2025|07,Campaign #1,22625352639,Clear Lake,Minnesota,"Minneapolis-St. Paul, MN",55319,LOCATION_OF_PRESENCE,1,0,0.0051,0,0,
2025|07,Campaign #1,22625352639,Roberts,Wisconsin,"Minneapolis-St. Paul, MN",54023,LOCATION_OF_PRESENCE,1,0,0.0049,0,0,
2025|07,Campaign #1,22625352639,Saint Augusta,Minnesota,"Minneapolis-St. Paul, MN",55382,LOCATION_OF_PRESENCE,1,0,0.0024,0,0,
2025|07,Campaign #1,22625352639,Corcoran,Minnesota,"Minneapolis-St. Paul, MN",55340,AREA_OF_INTEREST,1,0,0,0,0,
2025|07,Campaign #1,22625352639,Eagan,Minnesota,"Minneapolis-St. Paul, MN",55122,AREA_OF_INTEREST,2,0,0,0,0,
2025|07,Campaign #1,22625352639,Eden Prairie,Minnesota,"Minneapolis-St. Paul, MN",55344,AREA_OF_INTEREST,2,0,0,0,0,
2025|07,Campaign #1,22625352639,Eden Prairie,Minnesota,"Minneapolis-St. Paul, MN",55347,AREA_OF_INTEREST,2,0,0,0,0,
2025|07,Campaign #1,22625352639,Independence,Minnesota,"Minneapolis-St. Paul, MN",55359,AREA_OF_INTEREST,1,0,0,0,0,
2025|07,Campaign #1,22625352639,Minneapolis,Minnesota,"Minneapolis-St. Paul, MN",55403,AREA_OF_INTEREST,1,0,0,0,0,
2025|07,Campaign #1,22625352639,Minneapolis,Minnesota,"Minneapolis-St. Paul, MN",55455,AREA_OF_INTEREST,2,0,0,0,0,
2025|07,Campaign #1,22625352639,Minnetonka,Minnesota,"Minneapolis-St. Paul, MN",55305,AREA_OF_INTEREST,56,0,0,0,0,
2025|07,Campaign #1,22625352639,Minnetonka,Minnesota,"Minneapolis-St. Paul, MN",55343,AREA_OF_INTEREST,16,0,0,0,0,
2025|07,Campaign #1,22625352639,Minnetonka,Minnesota,"Minneapolis-St. Paul, MN",55345,AREA_OF_INTEREST,24,0,0,0,0,
2025|07,Campaign #1,22625352639,Saint Anthony,Minnesota,"Minneapolis-St. Paul, MN",55418,AREA_OF_INTEREST,1,0,0,0,0,
2025|07,Campaign #1,22625352639,Saint Peter,Minnesota,"Minneapolis-St. Paul, MN",56082,AREA_OF_INTEREST,2,0,0,0,0,
2025|07,Campaign #1,22625352639,Shorewood,Minnesota,"Minneapolis-St. Paul, MN",55331,AREA_OF_INTEREST,1,0,0,0,0,
2025|07,Campaign #1,22625352639,St. Louis Park,Minnesota,"Minneapolis-St. Paul, MN",55426,AREA_OF_INTEREST,1,0,0,0,0,
2025|07,Campaign #1,22625352639,St. Louis Park,Minnesota,"Minneapolis-St. Paul, MN",55436,AREA_OF_INTEREST,9,0,0,0,0,
2025|07,Campaign #1,22625352639,Woodbury,Minnesota,"Minneapolis-St. Paul, MN",55125,AREA_OF_INTEREST,7,0,0,0,0,
2025|07,Leads-Search-1,22767146837,Minneapolis,Minnesota,"Minneapolis-St. Paul, MN",55403,LOCATION_OF_PRESENCE,249,20,59.4571,0.0803,13,4.5736
2025|07,Leads-Search-1,22767146837,Bloomington,Minnesota,"Minneapolis-St. Paul, MN",55420,LOCATION_OF_PRESENCE,109,13,41.1035,0.1193,6,6.8506
2025|07,Leads-Search-1,22767146837,Minnetonka,Minnesota,"Minneapolis-St. Paul, MN",55345,LOCATION_OF_PRESENCE,135,13,35.6467,0.0963,3,11.8822
2025|07,Leads-Search-1,22767146837,Eden Prairie,Minnesota,"Minneapolis-St. Paul, MN",55347,LOCATION_OF_PRESENCE,134,13,35.337,0.097,4,8.8343
2025|07,Leads-Search-1,22767146837,Minnetonka,Minnesota,"Minneapolis-St. Paul, MN",55305,LOCATION_OF_PRESENCE,116,10,32.4539,0.0862,3,10.818
2025|07,Leads-Search-1,22767146837,St. Louis Park,Minnesota,"Minneapolis-St. Paul, MN",55416,LOCATION_OF_PRESENCE,190,11,30.44,0.0579,1,30.44
2025|07,Leads-Search-1,22767146837,Plymouth,Minnesota,"Minneapolis-St. Paul, MN",55441,LOCATION_OF_PRESENCE,93,11,25.63,0.1183,2,12.815
2025|07,Leads-Search-1,22767146837,Minneapolis,Minnesota,"Minneapolis-St. Paul, MN",55414,LOCATION_OF_PRESENCE,181,10,20.8375,0.0552,0,
2025|07,Leads-Search-1,22767146837,Eden Prairie,Minnesota,"Minneapolis-St. Paul, MN",55346,LOCATION_OF_PRESENCE,76,6,20.8136,0.0789,1,20.8136
2025|07,Leads-Search-1,22767146837,Saint Anthony,Minnesota,"Minneapolis-St. Paul, MN",55418,LOCATION_OF_PRESENCE,121,8,20.197,0.0661,2,10.0985
2025|07,Leads-Search-1,22767146837,Bloomington,Minnesota,"Minneapolis-St. Paul, MN",55437,LOCATION_OF_PRESENCE,88,7,19.4025,0.0795,10,1.9402
2025|07,Leads-Search-1,22767146837,Minneapolis,Minnesota,"Minneapolis-St. Paul, MN",55407,LOCATION_OF_PRESENCE,85,7,19.2424,0.0824,0,
2025|07,Leads-Search-1,22767146837,Chanhassen,Minnesota,"Minneapolis-St. Paul, MN",55317,LOCATION_OF_PRESENCE,109,7,19.1647,0.0642,0,
2025|07,Leads-Search-1,22767146837,Edina,Minnesota,"Minneapolis-St. Paul, MN",55410,LOCATION_OF_PRESENCE,132,5,18.8044,0.0379,4,4.7011
2025|07,Leads-Search-1,22767146837,Blaine,Minnesota,"Minneapolis-St. Paul, MN",55434,LOCATION_OF_PRESENCE,88,8,18.7382,0.0909,2,9.3691
2025|07,Leads-Search-1,22767146837,Edina,Minnesota,"Minneapolis-St. Paul, MN",55439,LOCATION_OF_PRESENCE,42,5,18.4698,0.119,0,
2025|07,Leads-Search-1,22767146837,Minneapolis,Minnesota,"Minneapolis-St. Paul, MN",55404,LOCATION_OF_PRESENCE,85,6,17.4101,0.0706,2,8.705
2025|07,Leads-Search-1,22767146837,Plymouth,Minnesota,"Minneapolis-St. Paul, MN",55447,LOCATION_OF_PRESENCE,71,5,17.276,0.0704,0,
2025|07,Leads-Search-1,22767146837,Minneapolis,Minnesota,"Minneapolis-St. Paul, MN",55408,LOCATION_OF_PRESENCE,97,6,15.08,0.0619,1,15.08
2025|07,Leads-Search-1,22767146837,Minneapolis,Minnesota,"Minneapolis-St. Paul, MN",55411,LOCATION_OF_PRESENCE,66,5,14.24,0.0758,3,4.7467
2025|07,Leads-Search-1,22767146837,Plymouth,Minnesota,"Minneapolis-St. Paul, MN",55446,LOCATION_OF_PRESENCE,75,6,13.4562,0.08,1,13.4562
2025|07,Leads-Search-1,22767146837,Coon Rapids,Minnesota,"Minneapolis-St. Paul, MN",55433,LOCATION_OF_PRESENCE,76,4,13.23,0.0526,2,6.615
2025|07,Leads-Search-1,22767146837,St. Louis Park,Minnesota,"Minneapolis-St. Paul, MN",55426,LOCATION_OF_PRESENCE,77,5,13.09,0.0649,3,4.3633
2025|07,Leads-Search-1,22767146837,Robbinsdale,Minnesota,"Minneapolis-St. Paul, MN",55422,LOCATION_OF_PRESENCE,78,4,12.46,0.0513,2,6.23
2025|07,Leads-Search-1,22767146837,Bloomington,Minnesota,"Minneapolis-St. Paul, MN",55438,LOCATION_OF_PRESENCE,15,4,11.1785,0.2667,0,
2025|07,Leads-Search-1,22767146837,Plymouth,Minnesota,"Minneapolis-St. Paul, MN",55442,LOCATION_OF_PRESENCE,30,3,7.99,0.1,2,3.995
2025|07,Leads-Search-1,22767146837,Richfield,Minnesota,"Minneapolis-St. Paul, MN",55423,LOCATION_OF_PRESENCE,63,3,7.96,0.0476,1,7.96
2025|07,Leads-Search-1,22767146837,Minneapolis,Minnesota,"Minneapolis-St. Paul, MN",55405,LOCATION_OF_PRESENCE,35,2,7.69,0.0571,5,1.538
2025|07,Leads-Search-1,22767146837,St. Louis Park,Minnesota,"Minneapolis-St. Paul, MN",55436,LOCATION_OF_PRESENCE,40,2,7.5778,0.05,2,3.7889
2025|07,Leads-Search-1,22767146837,Minneapolis,Minnesota,"Minneapolis-St. Paul, MN",55406,LOCATION_OF_PRESENCE,98,3,7.3199,0.0306,0,
2025|07,Leads-Search-1,22767146837,St. Louis Park,Minnesota,"Minneapolis-St. Paul, MN",55424,LOCATION_OF_PRESENCE,34,2,6.4751,0.0588,1,6.4751
2025|07,Leads-Search-1,22767146837,Saint Anthony,Minnesota,"Minneapolis-St. Paul, MN",55421,LOCATION_OF_PRESENCE,53,4,6.41,0.0755,0,
2025|07,Leads-Search-1,22767146837,New Hope,Minnesota,"Minneapolis-St. Paul, MN",55427,LOCATION_OF_PRESENCE,34,2,6.09,0.0588,4,1.5225
2025|07,Leads-Search-1,22767146837,Minneapolis,Minnesota,"Minneapolis-St. Paul, MN",55419,LOCATION_OF_PRESENCE,53,2,5.3724,0.0377,1,5.3724
2025|07,Leads-Search-1,22767146837,Edina,Minnesota,"Minneapolis-St. Paul, MN",55435,LOCATION_OF_PRESENCE,88,2,5.2503,0.0227,0,
2025|07,Leads-Search-1,22767146837,Brooklyn Park,Minnesota,"Minneapolis-St. Paul, MN",55443,LOCATION_OF_PRESENCE,45,2,4.83,0.0444,0,
2025|07,Leads-Search-1,22767146837,Minneapolis,Minnesota,"Minneapolis-St. Paul, MN",55409,LOCATION_OF_PRESENCE,25,1,3.89,0.04,4,0.9725
2025|07,Leads-Search-1,22767146837,Eden Prairie,Minnesota,"Minneapolis-St. Paul, MN",55344,LOCATION_OF_PRESENCE,80,2,3.39,0.025,0,
2025|07,Leads-Search-1,22767146837,New Hope,Minnesota,"Minneapolis-St. Paul, MN",55428,LOCATION_OF_PRESENCE,33,2,3.35,0.0606,0,
2025|07,Leads-Search-1,22767146837,Spring Lake Park,Minnesota,"Minneapolis-St. Paul, MN",55432,LOCATION_OF_PRESENCE,26,1,3.14,0.0385,2,1.57
2025|07,Leads-Search-1,22767146837,Minneapolis,Minnesota,"Minneapolis-St. Paul, MN",55412,LOCATION_OF_PRESENCE,19,1,2.66,0.0526,0,
2025|07,Leads-Search-1,22767146837,Brooklyn Park,Minnesota,"Minneapolis-St. Paul, MN",55445,LOCATION_OF_PRESENCE,31,1,2.3831,0.0323,0,
2025|07,Leads-Search-1,22767146837,Bloomington,Minnesota,"Minneapolis-St. Paul, MN",55431,LOCATION_OF_PRESENCE,47,1,1.8397,0.0213,0,
2025|07,Leads-Search-1,22767146837,Minnetonka,Minnesota,"Minneapolis-St. Paul, MN",55343,LOCATION_OF_PRESENCE,39,1,1.5928,0.0256,1,1.5928
2025|07,Leads-Search-1,22767146837,Brooklyn Center,Minnesota,"Minneapolis-St. Paul, MN",55430,LOCATION_OF_PRESENCE,8,1,0.8,0.125,0,
2025|07,Leads-Search-1,22767146837,Coon Rapids,Minnesota,"Minneapolis-St. Paul, MN",55448,LOCATION_OF_PRESENCE,38,1,0.66,0.0263,0,
2025|07,Leads-Search-1,22767146837,Blaine,Minnesota,"Minneapolis-St. Paul, MN",55449,LOCATION_OF_PRESENCE,56,0,0,0,0,
2025|07,Leads-Search-1,22767146837,Brooklyn Park,Minnesota,"Minneapolis-St. Paul, MN",55444,LOCATION_OF_PRESENCE,22,0,0,0,0,
2025|07,Leads-Search-1,22767146837,Crystal,Minnesota,"Minneapolis-St. Paul, MN",55429,LOCATION_OF_PRESENCE,25,0,0,0,0,
2025|07,Leads-Search-1,22767146837,Minneapolis,Minnesota,"Minneapolis-St. Paul, MN",55413,LOCATION_OF_PRESENCE,46,0,0,0,0,
2025|07,Leads-Search-1,22767146837,Minneapolis,Minnesota,"Minneapolis-St. Paul, MN",55417,LOCATION_OF_PRESENCE,60,0,0,0,0,
2025|07,Leads-Search-1,22767146837,Minneapolis,Minnesota,"Minneapolis-St. Paul, MN",55450,LOCATION_OF_PRESENCE,1,0,0,0,0,
2025|08,Leads-Search-1,22767146837,Coon Rapids,Minnesota,"Minneapolis-St. Paul, MN",55433,LOCATION_OF_PRESENCE,50,12,34.2316,0.24,4,8.5579
2025|08,Leads-Search-1,22767146837,Chanhassen,Minnesota,"Minneapolis-St. Paul, MN",55317,LOCATION_OF_PRESENCE,79,8,29.5758,0.1013,3,9.8586
2025|08,Leads-Search-1,22767146837,Robbinsdale,Minnesota,"Minneapolis-St. Paul, MN",55422,LOCATION_OF_PRESENCE,77,11,26.3795,0.1429,1,26.3795
2025|08,Leads-Search-1,22767146837,Minnetonka,Minnesota,"Minneapolis-St. Paul, MN",55305,LOCATION_OF_PRESENCE,138,11,26.2127,0.0797,8,3.2766
2025|08,Leads-Search-1,22767146837,Minneapolis,Minnesota,"Minneapolis-St. Paul, MN",55404,LOCATION_OF_PRESENCE,111,8,25.4488,0.0721,4,6.3622
2025|08,Leads-Search-1,22767146837,Edina,Minnesota,"Minneapolis-St. Paul, MN",55410,LOCATION_OF_PRESENCE,103,7,23.0739,0.068,5,4.6148
2025|08,Leads-Search-1,22767146837,Minneapolis,Minnesota,"Minneapolis-St. Paul, MN",55403,LOCATION_OF_PRESENCE,200,9,22.4505,0.045,4,5.6126
2025|08,Leads-Search-1,22767146837,Eden Prairie,Minnesota,"Minneapolis-St. Paul, MN",55344,LOCATION_OF_PRESENCE,53,6,16.7312,0.1132,7,2.3902
2025|08,Leads-Search-1,22767146837,St. Louis Park,Minnesota,"Minneapolis-St. Paul, MN",55416,LOCATION_OF_PRESENCE,105,6,16.5307,0.0571,3,5.5102
2025|08,Leads-Search-1,22767146837,Minneapolis,Minnesota,"Minneapolis-St. Paul, MN",55414,LOCATION_OF_PRESENCE,111,7,16.19,0.0631,3,5.3967
2025|08,Leads-Search-1,22767146837,Edina,Minnesota,"Minneapolis-St. Paul, MN",55435,LOCATION_OF_PRESENCE,60,5,16.1409,0.0833,0,
2025|08,Leads-Search-1,22767146837,Plymouth,Minnesota,"Minneapolis-St. Paul, MN",55442,LOCATION_OF_PRESENCE,51,4,14.5858,0.0784,2,7.2929
2025|08,Leads-Search-1,22767146837,Minneapolis,Minnesota,"Minneapolis-St. Paul, MN",55408,LOCATION_OF_PRESENCE,67,6,14.27,0.0896,3,4.7567
2025|08,Leads-Search-1,22767146837,Plymouth,Minnesota,"Minneapolis-St. Paul, MN",55446,LOCATION_OF_PRESENCE,89,6,13.4362,0.0674,6,2.2394
2025|08,Leads-Search-1,22767146837,Richfield,Minnesota,"Minneapolis-St. Paul, MN",55423,LOCATION_OF_PRESENCE,87,4,13.2029,0.046,0,
2025|08,Leads-Search-1,22767146837,Eden Prairie,Minnesota,"Minneapolis-St. Paul, MN",55347,LOCATION_OF_PRESENCE,96,6,12.8346,0.0625,1,12.8346
2025|08,Leads-Search-1,22767146837,Plymouth,Minnesota,"Minneapolis-St. Paul, MN",55447,LOCATION_OF_PRESENCE,68,7,12.53,0.1029,1,12.53
2025|08,Leads-Search-1,22767146837,Eden Prairie,Minnesota,"Minneapolis-St. Paul, MN",55346,LOCATION_OF_PRESENCE,50,4,12.4709,0.08,3,4.157
2025|08,Leads-Search-1,22767146837,Coon Rapids,Minnesota,"Minneapolis-St. Paul, MN",55448,LOCATION_OF_PRESENCE,49,6,11.9419,0.1224,2,5.9709
2025|08,Leads-Search-1,22767146837,Minneapolis,Minnesota,"Minneapolis-St. Paul, MN",55411,LOCATION_OF_PRESENCE,32,3,11.55,0.0938,2,5.775
2025|08,Leads-Search-1,22767146837,Plymouth,Minnesota,"Minneapolis-St. Paul, MN",55441,LOCATION_OF_PRESENCE,81,5,11.0816,0.0617,1,11.0816
2025|08,Leads-Search-1,22767146837,Edina,Minnesota,"Minneapolis-St. Paul, MN",55439,LOCATION_OF_PRESENCE,35,4,10.8628,0.1143,0,
2025|08,Leads-Search-1,22767146837,Minneapolis,Minnesota,"Minneapolis-St. Paul, MN",55406,LOCATION_OF_PRESENCE,109,4,10.7043,0.0367,4,2.6761
2025|08,Leads-Search-1,22767146837,Minneapolis,Minnesota,"Minneapolis-St. Paul, MN",55409,LOCATION_OF_PRESENCE,15,3,10.45,0.2,1,10.45
2025|08,Leads-Search-1,22767146837,Minneapolis,Minnesota,"Minneapolis-St. Paul, MN",55417,LOCATION_OF_PRESENCE,62,3,10.28,0.0484,8,1.285
2025|08,Leads-Search-1,22767146837,Brooklyn Park,Minnesota,"Minneapolis-St. Paul, MN",55443,LOCATION_OF_PRESENCE,34,4,10.0078,0.1176,5,2.0016
2025|08,Leads-Search-1,22767146837,Minnetonka,Minnesota,"Minneapolis-St. Paul, MN",55345,LOCATION_OF_PRESENCE,80,5,9.86,0.0625,1,9.86
2025|08,Leads-Search-1,22767146837,Minneapolis,Minnesota,"Minneapolis-St. Paul, MN",55412,LOCATION_OF_PRESENCE,33,3,9.7326,0.0909,0,
2025|08,Leads-Search-1,22767146837,Bloomington,Minnesota,"Minneapolis-St. Paul, MN",55420,LOCATION_OF_PRESENCE,93,4,9.4618,0.043,0,
2025|08,Leads-Search-1,22767146837,Minnetonka,Minnesota,"Minneapolis-St. Paul, MN",55343,LOCATION_OF_PRESENCE,30,5,9.2858,0.1667,1,9.2858
2025|08,Leads-Search-1,22767146837,Minneapolis,Minnesota,"Minneapolis-St. Paul, MN",55419,LOCATION_OF_PRESENCE,47,4,8.58,0.0851,0,
2025|08,Leads-Search-1,22767146837,Blaine,Minnesota,"Minneapolis-St. Paul, MN",55434,LOCATION_OF_PRESENCE,33,3,8.5114,0.0909,1,8.5114
2025|08,Leads-Search-1,22767146837,Saint Anthony,Minnesota,"Minneapolis-St. Paul, MN",55418,LOCATION_OF_PRESENCE,62,3,8.4486,0.0484,0,
2025|08,Leads-Search-1,22767146837,Bloomington,Minnesota,"Minneapolis-St. Paul, MN",55438,LOCATION_OF_PRESENCE,30,2,6.96,0.0667,2,3.48
2025|08,Leads-Search-1,22767146837,St. Louis Park,Minnesota,"Minneapolis-St. Paul, MN",55426,LOCATION_OF_PRESENCE,51,3,6.56,0.0588,2,3.28
2025|08,Leads-Search-1,22767146837,Minneapolis,Minnesota,"Minneapolis-St. Paul, MN",55407,LOCATION_OF_PRESENCE,74,3,6.06,0.0405,1,6.06
2025|08,Leads-Search-1,22767146837,Blaine,Minnesota,"Minneapolis-St. Paul, MN",55449,LOCATION_OF_PRESENCE,43,3,5.56,0.0698,0,
2025|08,Leads-Search-1,22767146837,Bloomington,Minnesota,"Minneapolis-St. Paul, MN",55437,LOCATION_OF_PRESENCE,37,3,5.21,0.0811,0,
2025|08,Leads-Search-1,22767146837,Minneapolis,Minnesota,"Minneapolis-St. Paul, MN",55418,LOCATION_OF_PRESENCE,16,2,4.9351,0.125,0,
2025|08,Leads-Search-1,22767146837,Brooklyn Park,Minnesota,"Minneapolis-St. Paul, MN",55445,LOCATION_OF_PRESENCE,32,2,4.5,0.0625,0,
2025|08,Leads-Search-1,22767146837,Saint Anthony,Minnesota,"Minneapolis-St. Paul, MN",55421,LOCATION_OF_PRESENCE,24,1,3.16,0.0417,0,
2025|08,Leads-Search-1,22767146837,Minneapolis,Minnesota,"Minneapolis-St. Paul, MN",55405,LOCATION_OF_PRESENCE,27,1,3.09,0.037,0,
2025|08,Leads-Search-1,22767146837,Minneapolis,Minnesota,"Minneapolis-St. Paul, MN",55413,LOCATION_OF_PRESENCE,14,2,2.12,0.1429,0,
2025|08,Leads-Search-1,22767146837,Brooklyn Park,Minnesota,"Minneapolis-St. Paul, MN",55444,LOCATION_OF_PRESENCE,18,1,2.1012,0.0556,0,
2025|08,Leads-Search-1,22767146837,New Hope,Minnesota,"Minneapolis-St. Paul, MN",55427,LOCATION_OF_PRESENCE,13,1,1.35,0.0769,0,
2025|08,Leads-Search-1,22767146837,Spring Lake Park,Minnesota,"Minneapolis-St. Paul, MN",55432,LOCATION_OF_PRESENCE,26,1,1.27,0.0385,0,
2025|08,Leads-Search-1,22767146837,Brooklyn Center,Minnesota,"Minneapolis-St. Paul, MN",55430,LOCATION_OF_PRESENCE,10,1,1.2132,0.1,0,
2025|08,Leads-Search-1,22767146837,Crystal,Minnesota,"Minneapolis-St. Paul, MN",55429,LOCATION_OF_PRESENCE,20,1,0.6986,0.05,0,
2025|08,Leads-Search-1,22767146837,Bloomington,Minnesota,"Minneapolis-St. Paul, MN",55431,LOCATION_OF_PRESENCE,37,0,0,0,0,
2025|08,Leads-Search-1,22767146837,New Hope,Minnesota,"Minneapolis-St. Paul, MN",55428,LOCATION_OF_PRESENCE,28,0,0,0,0,
2025|08,Leads-Search-1,22767146837,St. Louis Park,Minnesota,"Minneapolis-St. Paul, MN",55424,LOCATION_OF_PRESENCE,24,0,0,0,0,
2025|08,Leads-Search-1,22767146837,St. Louis Park,Minnesota,"Minneapolis-St. Paul, MN",55436,LOCATION_OF_PRESENCE,29,0,0,0,0,
2026|04,Leads-Search-1,22767146837,Bloomington,Minnesota,"Minneapolis-St. Paul, MN",55431,LOCATION_OF_PRESENCE,24,3,10.8185,0.125,0,
2026|04,Leads-Search-1,22767146837,Minneapolis,Minnesota,"Minneapolis-St. Paul, MN",55408,LOCATION_OF_PRESENCE,20,4,9.16,0.2,0,
2026|04,Leads-Search-1,22767146837,Edina,Minnesota,"Minneapolis-St. Paul, MN",55435,LOCATION_OF_PRESENCE,39,2,8.53,0.0513,0,
2026|04,Leads-Search-1,22767146837,Eden Prairie,Minnesota,"Minneapolis-St. Paul, MN",55344,LOCATION_OF_PRESENCE,13,2,8.1,0.1538,0,
2026|04,Leads-Search-1,22767146837,Minnetonka,Minnesota,"Minneapolis-St. Paul, MN",55345,LOCATION_OF_PRESENCE,21,3,7.37,0.1429,1,7.37
2026|04,Leads-Search-1,22767146837,Minneapolis,Minnesota,"Minneapolis-St. Paul, MN",55417,LOCATION_OF_PRESENCE,23,3,7.15,0.1304,0,
2026|04,Leads-Search-1,22767146837,Blaine,Minnesota,"Minneapolis-St. Paul, MN",55434,LOCATION_OF_PRESENCE,20,3,6.92,0.15,0,
2026|04,Leads-Search-1,22767146837,Edina,Minnesota,"Minneapolis-St. Paul, MN",55410,LOCATION_OF_PRESENCE,21,2,4.67,0.0952,0,
2026|04,Leads-Search-1,22767146837,Chanhassen,Minnesota,"Minneapolis-St. Paul, MN",55317,LOCATION_OF_PRESENCE,19,2,4.42,0.1053,0,
2026|04,Leads-Search-1,22767146837,Brooklyn Park,Minnesota,"Minneapolis-St. Paul, MN",55443,LOCATION_OF_PRESENCE,17,2,4.4,0.1176,1,4.4
2026|04,Leads-Search-1,22767146837,Maple Grove,Minnesota,"Minneapolis-St. Paul, MN",55369,LOCATION_OF_PRESENCE,47,2,4.3,0.0426,0,
2026|04,Leads-Search-1,22767146837,Minneapolis,Minnesota,"Minneapolis-St. Paul, MN",55404,LOCATION_OF_PRESENCE,33,1,4.04,0.0303,0,
2026|04,Leads-Search-1,22767146837,St. Louis Park,Minnesota,"Minneapolis-St. Paul, MN",55426,LOCATION_OF_PRESENCE,11,1,3.94,0.0909,0,
2026|04,Leads-Search-1,22767146837,Minneapolis,Minnesota,"Minneapolis-St. Paul, MN",55407,LOCATION_OF_PRESENCE,21,1,3.9286,0.0476,1,3.9286
2026|04,Leads-Search-1,22767146837,Crystal,Minnesota,"Minneapolis-St. Paul, MN",55429,LOCATION_OF_PRESENCE,6,1,3.75,0.1667,8,0.4688
2026|04,Leads-Search-1,22767146837,Minneapolis,Minnesota,"Minneapolis-St. Paul, MN",55414,LOCATION_OF_PRESENCE,56,2,3.53,0.0357,0,
2026|04,Leads-Search-1,22767146837,Minneapolis,Minnesota,"Minneapolis-St. Paul, MN",55419,LOCATION_OF_PRESENCE,14,1,3.4424,0.0714,0,
2026|04,Leads-Search-1,22767146837,St. Louis Park,Minnesota,"Minneapolis-St. Paul, MN",55436,LOCATION_OF_PRESENCE,10,1,3.44,0.1,0,
2026|04,Leads-Search-1,22767146837,Minnetonka,Minnesota,"Minneapolis-St. Paul, MN",55305,LOCATION_OF_PRESENCE,25,1,3.4,0.04,0,
2026|04,Leads-Search-1,22767146837,Bloomington,Minnesota,"Minneapolis-St. Paul, MN",55420,LOCATION_OF_PRESENCE,22,1,3.13,0.0455,0,
2026|04,Leads-Search-1,22767146837,Minneapolis,Minnesota,"Minneapolis-St. Paul, MN",55411,LOCATION_OF_PRESENCE,22,1,3,0.0455,0,
2026|04,Leads-Search-1,22767146837,Richfield,Minnesota,"Minneapolis-St. Paul, MN",55423,LOCATION_OF_PRESENCE,47,1,2.85,0.0213,0,
2026|04,Leads-Search-1,22767146837,Minneapolis,Minnesota,"Minneapolis-St. Paul, MN",55406,LOCATION_OF_PRESENCE,23,1,2.58,0.0435,0,
2026|04,Leads-Search-1,22767146837,New Hope,Minnesota,"Minneapolis-St. Paul, MN",55427,LOCATION_OF_PRESENCE,9,1,2.56,0.1111,0,
2026|04,Leads-Search-1,22767146837,Minneapolis,Minnesota,"Minneapolis-St. Paul, MN",55403,LOCATION_OF_PRESENCE,53,1,2.4,0.0189,0,
2026|04,Leads-Search-1,22767146837,Eden Prairie,Minnesota,"Minneapolis-St. Paul, MN",55347,LOCATION_OF_PRESENCE,27,1,2.3,0.037,0,
2026|04,Leads-Search-1,22767146837,Plymouth,Minnesota,"Minneapolis-St. Paul, MN",55446,LOCATION_OF_PRESENCE,24,1,1.77,0.0417,0,
2026|04,Leads-Search-1,22767146837,St. Louis Park,Minnesota,"Minneapolis-St. Paul, MN",55416,LOCATION_OF_PRESENCE,27,1,1.6689,0.037,0,
2026|04,Leads-Search-1,22767146837,Blaine,Minnesota,"Minneapolis-St. Paul, MN",55449,LOCATION_OF_PRESENCE,11,0,0,0,0,
2026|04,Leads-Search-1,22767146837,Bloomington,Minnesota,"Minneapolis-St. Paul, MN",55437,LOCATION_OF_PRESENCE,7,0,0,0,0,
2026|04,Leads-Search-1,22767146837,Bloomington,Minnesota,"Minneapolis-St. Paul, MN",55438,LOCATION_OF_PRESENCE,5,0,0,0,0,
2026|04,Leads-Search-1,22767146837,Brooklyn Center,Minnesota,"Minneapolis-St. Paul, MN",55430,LOCATION_OF_PRESENCE,2,0,0,0,0,
2026|04,Leads-Search-1,22767146837,Brooklyn Park,Minnesota,"Minneapolis-St. Paul, MN",55444,LOCATION_OF_PRESENCE,7,0,0,0,0,
2026|04,Leads-Search-1,22767146837,Brooklyn Park,Minnesota,"Minneapolis-St. Paul, MN",55445,LOCATION_OF_PRESENCE,5,0,0,0,0,
2026|04,Leads-Search-1,22767146837,Coon Rapids,Minnesota,"Minneapolis-St. Paul, MN",55433,LOCATION_OF_PRESENCE,20,0,0,0,0,
2026|04,Leads-Search-1,22767146837,Coon Rapids,Minnesota,"Minneapolis-St. Paul, MN",55448,LOCATION_OF_PRESENCE,16,0,0,0,0,
2026|04,Leads-Search-1,22767146837,Eden Prairie,Minnesota,"Minneapolis-St. Paul, MN",55346,LOCATION_OF_PRESENCE,9,0,0,0,0,
2026|04,Leads-Search-1,22767146837,Edina,Minnesota,"Minneapolis-St. Paul, MN",55439,LOCATION_OF_PRESENCE,10,0,0,0,0,
2026|04,Leads-Search-1,22767146837,Maple Grove,Minnesota,"Minneapolis-St. Paul, MN",55311,LOCATION_OF_PRESENCE,6,0,0,0,0,
2026|04,Leads-Search-1,22767146837,Minneapolis,Minnesota,"Minneapolis-St. Paul, MN",55405,LOCATION_OF_PRESENCE,4,0,0,0,0,
2026|04,Leads-Search-1,22767146837,Minneapolis,Minnesota,"Minneapolis-St. Paul, MN",55409,LOCATION_OF_PRESENCE,8,0,0,0,0,
2026|04,Leads-Search-1,22767146837,Minneapolis,Minnesota,"Minneapolis-St. Paul, MN",55412,LOCATION_OF_PRESENCE,6,0,0,0,0,
2026|04,Leads-Search-1,22767146837,Minneapolis,Minnesota,"Minneapolis-St. Paul, MN",55413,LOCATION_OF_PRESENCE,19,0,0,0,0,
2026|04,Leads-Search-1,22767146837,Minnetonka,Minnesota,"Minneapolis-St. Paul, MN",55343,LOCATION_OF_PRESENCE,11,0,0,0,0,
2026|04,Leads-Search-1,22767146837,New Hope,Minnesota,"Minneapolis-St. Paul, MN",55428,LOCATION_OF_PRESENCE,6,0,0,0,0,
2026|04,Leads-Search-1,22767146837,Plymouth,Minnesota,"Minneapolis-St. Paul, MN",55441,LOCATION_OF_PRESENCE,10,0,0,0,0,
2026|04,Leads-Search-1,22767146837,Plymouth,Minnesota,"Minneapolis-St. Paul, MN",55442,LOCATION_OF_PRESENCE,6,0,0,0,0,
2026|04,Leads-Search-1,22767146837,Plymouth,Minnesota,"Minneapolis-St. Paul, MN",55447,LOCATION_OF_PRESENCE,13,0,0,0,0,
2026|04,Leads-Search-1,22767146837,Robbinsdale,Minnesota,"Minneapolis-St. Paul, MN",55422,LOCATION_OF_PRESENCE,6,0,0,0,0,
2026|04,Leads-Search-1,22767146837,Saint Anthony,Minnesota,"Minneapolis-St. Paul, MN",55418,LOCATION_OF_PRESENCE,13,0,0,0,0,
2026|04,Leads-Search-1,22767146837,Saint Anthony,Minnesota,"Minneapolis-St. Paul, MN",55421,LOCATION_OF_PRESENCE,5,0,0,0,0,
2026|04,Leads-Search-1,22767146837,Spring Lake Park,Minnesota,"Minneapolis-St. Paul, MN",55432,LOCATION_OF_PRESENCE,5,0,0,0,0,
2026|04,Leads-Search-1,22767146837,St. Louis Park,Minnesota,"Minneapolis-St. Paul, MN",55424,LOCATION_OF_PRESENCE,6,0,0,0,0,
2026|04,Leads-Search-1,22767146837,Wayzata,Minnesota,"Minneapolis-St. Paul, MN",55391,LOCATION_OF_PRESENCE,6,0,0,0,0,
2026|05,Leads-Search-1,22767146837,Minneapolis,Minnesota,"Minneapolis-St. Paul, MN",55403,LOCATION_OF_PRESENCE,31,5,22.77,0.1613,0,
2026|05,Leads-Search-1,22767146837,Minnetonka,Minnesota,"Minneapolis-St. Paul, MN",55305,LOCATION_OF_PRESENCE,48,5,13.1013,0.1042,8,1.6377
2026|05,Leads-Search-1,22767146837,Minneapolis,Minnesota,"Minneapolis-St. Paul, MN",55414,LOCATION_OF_PRESENCE,63,5,10.8656,0.0794,0,
2026|05,Leads-Search-1,22767146837,Maple Grove,Minnesota,"Minneapolis-St. Paul, MN",55369,LOCATION_OF_PRESENCE,29,5,9.198,0.1724,0,
2026|05,Leads-Search-1,22767146837,Minneapolis,Minnesota,"Minneapolis-St. Paul, MN",55404,LOCATION_OF_PRESENCE,44,3,8.36,0.0682,2,4.18
2026|05,Leads-Search-1,22767146837,Wayzata,Minnesota,"Minneapolis-St. Paul, MN",55391,LOCATION_OF_PRESENCE,13,2,7.34,0.1538,0,
2026|05,Leads-Search-1,22767146837,Plymouth,Minnesota,"Minneapolis-St. Paul, MN",55441,LOCATION_OF_PRESENCE,24,2,7.11,0.0833,2,3.555
2026|05,Leads-Search-1,22767146837,Coon Rapids,Minnesota,"Minneapolis-St. Paul, MN",55448,LOCATION_OF_PRESENCE,18,3,6.2708,0.1667,1,6.2708
2026|05,Leads-Search-1,22767146837,Bloomington,Minnesota,"Minneapolis-St. Paul, MN",55420,LOCATION_OF_PRESENCE,9,2,5.58,0.2222,1,5.58
2026|05,Leads-Search-1,22767146837,Minneapolis,Minnesota,"Minneapolis-St. Paul, MN",55412,LOCATION_OF_PRESENCE,12,3,5.1332,0.25,0,
2026|05,Leads-Search-1,22767146837,Edina,Minnesota,"Minneapolis-St. Paul, MN",55435,LOCATION_OF_PRESENCE,11,2,4.97,0.1818,1,4.97
2026|05,Leads-Search-1,22767146837,St. Louis Park,Minnesota,"Minneapolis-St. Paul, MN",55436,LOCATION_OF_PRESENCE,7,2,4.5782,0.2857,0,
2026|05,Leads-Search-1,22767146837,Edina,Minnesota,"Minneapolis-St. Paul, MN",55439,LOCATION_OF_PRESENCE,8,1,4.301,0.125,2,2.1505
2026|05,Leads-Search-1,22767146837,St. Louis Park,Minnesota,"Minneapolis-St. Paul, MN",55416,LOCATION_OF_PRESENCE,26,1,4.2,0.0385,0,
2026|05,Leads-Search-1,22767146837,Plymouth,Minnesota,"Minneapolis-St. Paul, MN",55442,LOCATION_OF_PRESENCE,13,2,4.12,0.1538,1,4.12
2026|05,Leads-Search-1,22767146837,Bloomington,Minnesota,"Minneapolis-St. Paul, MN",55431,LOCATION_OF_PRESENCE,13,2,3.82,0.1538,0,
2026|05,Leads-Search-1,22767146837,Minnetonka,Minnesota,"Minneapolis-St. Paul, MN",55345,LOCATION_OF_PRESENCE,44,1,3.5822,0.0227,0,
2026|05,Leads-Search-1,22767146837,St. Louis Park,Minnesota,"Minneapolis-St. Paul, MN",55426,LOCATION_OF_PRESENCE,20,2,3.03,0.1,0,
2026|05,Leads-Search-1,22767146837,Eden Prairie,Minnesota,"Minneapolis-St. Paul, MN",55347,LOCATION_OF_PRESENCE,20,1,3,0.05,0,
2026|05,Leads-Search-1,22767146837,Richfield,Minnesota,"Minneapolis-St. Paul, MN",55423,LOCATION_OF_PRESENCE,23,1,2.9271,0.0435,0,
2026|05,Leads-Search-1,22767146837,Minneapolis,Minnesota,"Minneapolis-St. Paul, MN",55407,LOCATION_OF_PRESENCE,26,1,2.29,0.0385,0,
2026|05,Leads-Search-1,22767146837,Chanhassen,Minnesota,"Minneapolis-St. Paul, MN",55317,LOCATION_OF_PRESENCE,27,1,2.05,0.037,0,
2026|05,Leads-Search-1,22767146837,New Hope,Minnesota,"Minneapolis-St. Paul, MN",55427,LOCATION_OF_PRESENCE,7,1,1.95,0.1429,1,1.95
2026|05,Leads-Search-1,22767146837,Blaine,Minnesota,"Minneapolis-St. Paul, MN",55449,LOCATION_OF_PRESENCE,20,1,1.9,0.05,0,
2026|05,Leads-Search-1,22767146837,Blaine,Minnesota,"Minneapolis-St. Paul, MN",55434,LOCATION_OF_PRESENCE,8,1,1.67,0.125,0,
2026|05,Leads-Search-1,22767146837,Coon Rapids,Minnesota,"Minneapolis-St. Paul, MN",55433,LOCATION_OF_PRESENCE,19,1,1.64,0.0526,0,
2026|05,Leads-Search-1,22767146837,Brooklyn Park,Minnesota,"Minneapolis-St. Paul, MN",55443,LOCATION_OF_PRESENCE,17,1,1.53,0.0588,0,
2026|05,Leads-Search-1,22767146837,Maple Grove,Minnesota,"Minneapolis-St. Paul, MN",55311,LOCATION_OF_PRESENCE,12,1,1.4,0.0833,0,
2026|05,Leads-Search-1,22767146837,Plymouth,Minnesota,"Minneapolis-St. Paul, MN",55446,LOCATION_OF_PRESENCE,14,1,1.27,0.0714,0,
2026|05,Leads-Search-1,22767146837,Bloomington,Minnesota,"Minneapolis-St. Paul, MN",55438,LOCATION_OF_PRESENCE,4,1,1.05,0.25,0,
2026|05,Leads-Search-1,22767146837,Minneapolis,Minnesota,"Minneapolis-St. Paul, MN",55411,LOCATION_OF_PRESENCE,9,1,0.43,0.1111,0,
2026|05,Leads-Search-1,22767146837,Bloomington,Minnesota,"Minneapolis-St. Paul, MN",55437,LOCATION_OF_PRESENCE,8,0,0,0,0,
2026|05,Leads-Search-1,22767146837,Brooklyn Center,Minnesota,"Minneapolis-St. Paul, MN",55430,LOCATION_OF_PRESENCE,4,0,0,0,0,
2026|05,Leads-Search-1,22767146837,Brooklyn Park,Minnesota,"Minneapolis-St. Paul, MN",55444,LOCATION_OF_PRESENCE,4,0,0,0,0,
2026|05,Leads-Search-1,22767146837,Brooklyn Park,Minnesota,"Minneapolis-St. Paul, MN",55445,LOCATION_OF_PRESENCE,8,0,0,0,0,
2026|05,Leads-Search-1,22767146837,Crystal,Minnesota,"Minneapolis-St. Paul, MN",55429,LOCATION_OF_PRESENCE,7,0,0,0,0,
2026|05,Leads-Search-1,22767146837,Eden Prairie,Minnesota,"Minneapolis-St. Paul, MN",55344,LOCATION_OF_PRESENCE,8,0,0,0,0,
2026|05,Leads-Search-1,22767146837,Eden Prairie,Minnesota,"Minneapolis-St. Paul, MN",55346,LOCATION_OF_PRESENCE,6,0,0,0,0,
2026|05,Leads-Search-1,22767146837,Edina,Minnesota,"Minneapolis-St. Paul, MN",55410,LOCATION_OF_PRESENCE,16,0,0,0,0,
2026|05,Leads-Search-1,22767146837,Minneapolis,Minnesota,"Minneapolis-St. Paul, MN",55405,LOCATION_OF_PRESENCE,17,0,0,0,0,
2026|05,Leads-Search-1,22767146837,Minneapolis,Minnesota,"Minneapolis-St. Paul, MN",55406,LOCATION_OF_PRESENCE,12,0,0,0,0,
2026|05,Leads-Search-1,22767146837,Minneapolis,Minnesota,"Minneapolis-St. Paul, MN",55408,LOCATION_OF_PRESENCE,22,0,0,0,0,
2026|05,Leads-Search-1,22767146837,Minneapolis,Minnesota,"Minneapolis-St. Paul, MN",55409,LOCATION_OF_PRESENCE,10,0,0,0,0,
2026|05,Leads-Search-1,22767146837,Minneapolis,Minnesota,"Minneapolis-St. Paul, MN",55413,LOCATION_OF_PRESENCE,10,0,0,0,0,
2026|05,Leads-Search-1,22767146837,Minneapolis,Minnesota,"Minneapolis-St. Paul, MN",55417,LOCATION_OF_PRESENCE,7,0,0,0,0,
2026|05,Leads-Search-1,22767146837,Minneapolis,Minnesota,"Minneapolis-St. Paul, MN",55419,LOCATION_OF_PRESENCE,13,0,0,0,0,
2026|05,Leads-Search-1,22767146837,Minnetonka,Minnesota,"Minneapolis-St. Paul, MN",55343,LOCATION_OF_PRESENCE,2,0,0,0,0,
2026|05,Leads-Search-1,22767146837,New Hope,Minnesota,"Minneapolis-St. Paul, MN",55428,LOCATION_OF_PRESENCE,4,0,0,0,0,
2026|05,Leads-Search-1,22767146837,Plymouth,Minnesota,"Minneapolis-St. Paul, MN",55447,LOCATION_OF_PRESENCE,26,0,0,0,0,
2026|05,Leads-Search-1,22767146837,Robbinsdale,Minnesota,"Minneapolis-St. Paul, MN",55422,LOCATION_OF_PRESENCE,10,0,0,0,0,
2026|05,Leads-Search-1,22767146837,Saint Anthony,Minnesota,"Minneapolis-St. Paul, MN",55418,LOCATION_OF_PRESENCE,11,0,0,0,0,
2026|05,Leads-Search-1,22767146837,Saint Anthony,Minnesota,"Minneapolis-St. Paul, MN",55421,LOCATION_OF_PRESENCE,16,0,0,0,0,
2026|05,Leads-Search-1,22767146837,Spring Lake Park,Minnesota,"Minneapolis-St. Paul, MN",55432,LOCATION_OF_PRESENCE,4,0,0,0,0,
2026|05,Leads-Search-1,22767146837,St. Louis Park,Minnesota,"Minneapolis-St. Paul, MN",55424,LOCATION_OF_PRESENCE,3,0,0,0,0,
2026|05,PNHdefense-Website traffic-Search-2,23888858069,Chaska,Minnesota,"Minneapolis-St. Paul, MN",55318,LOCATION_OF_PRESENCE,8,0,0,0,0,
2026|05,PNHdefense-Website traffic-Search-2,23888858069,Little Canada,Minnesota,"Minneapolis-St. Paul, MN",55113,LOCATION_OF_PRESENCE,4,0,0,0,0,
2026|05,PNHdefense-Website traffic-Search-2,23888858069,Shorewood,Minnesota,"Minneapolis-St. Paul, MN",55331,LOCATION_OF_PRESENCE,1,0,0,0,0,
2026|06,Leads-Search-1,22767146837,Minneapolis,Minnesota,"Minneapolis-St. Paul, MN",55408,LOCATION_OF_PRESENCE,13,2,14.9452,0.1538,0.02,747.2594
2026|06,Leads-Search-1,22767146837,Minneapolis,Minnesota,"Minneapolis-St. Paul, MN",55407,LOCATION_OF_PRESENCE,5,1,5.24,0.2,0,
2026|06,Leads-Search-1,22767146837,Minneapolis,Minnesota,"Minneapolis-St. Paul, MN",55405,LOCATION_OF_PRESENCE,5,1,3.874,0.2,0,
2026|06,Leads-Search-1,22767146837,Chanhassen,Minnesota,"Minneapolis-St. Paul, MN",55317,LOCATION_OF_PRESENCE,1,0,0,0,0,
2026|06,Leads-Search-1,22767146837,Eden Prairie,Minnesota,"Minneapolis-St. Paul, MN",55344,LOCATION_OF_PRESENCE,2,0,0,0,0,
2026|06,Leads-Search-1,22767146837,Maple Grove,Minnesota,"Minneapolis-St. Paul, MN",55311,LOCATION_OF_PRESENCE,14,0,0,0,0,
2026|06,Leads-Search-1,22767146837,Minneapolis,Minnesota,"Minneapolis-St. Paul, MN",55403,LOCATION_OF_PRESENCE,1,0,0,0,0,
2026|06,Leads-Search-1,22767146837,Minneapolis,Minnesota,"Minneapolis-St. Paul, MN",55406,LOCATION_OF_PRESENCE,1,0,0,0,0,
2026|06,Leads-Search-1,22767146837,Minneapolis,Minnesota,"Minneapolis-St. Paul, MN",55414,LOCATION_OF_PRESENCE,1,0,0,0,0,
2026|06,Leads-Search-1,22767146837,Minnetonka,Minnesota,"Minneapolis-St. Paul, MN",55305,LOCATION_OF_PRESENCE,1,0,0,0,0,
2026|06,Leads-Search-1,22767146837,New Hope,Minnesota,"Minneapolis-St. Paul, MN",55427,LOCATION_OF_PRESENCE,2,0,0,0,0,
2026|06,Leads-Search-1,22767146837,Plymouth,Minnesota,"Minneapolis-St. Paul, MN",55441,LOCATION_OF_PRESENCE,1,0,0,0,0,
2026|06,Leads-Search-1,22767146837,St. Louis Park,Minnesota,"Minneapolis-St. Paul, MN",55416,LOCATION_OF_PRESENCE,2,0,0,0,0,
2026|06,Leads-Search-1,22767146837,St. Louis Park,Minnesota,"Minneapolis-St. Paul, MN",55436,LOCATION_OF_PRESENCE,1,0,0,0,0,
2026|06,PNHdefense-Website traffic-Search-2,23888858069,Chanhassen,Minnesota,"Minneapolis-St. Paul, MN",55317,LOCATION_OF_PRESENCE,5,3,18.7789,0.6,4,4.6947
2026|06,PNHdefense-Website traffic-Search-2,23888858069,Minneapolis,Minnesota,"Minneapolis-St. Paul, MN",55407,LOCATION_OF_PRESENCE,9,3,12.4341,0.3333,0,
2026|06,PNHdefense-Website traffic-Search-2,23888858069,Bloomington,Minnesota,"Minneapolis-St. Paul, MN",55438,LOCATION_OF_PRESENCE,6,1,9.87,0.1667,0,
2026|06,PNHdefense-Website traffic-Search-2,23888858069,Coon Rapids,Minnesota,"Minneapolis-St. Paul, MN",55448,LOCATION_OF_PRESENCE,1,1,9.02,1,0,
2026|06,PNHdefense-Website traffic-Search-2,23888858069,Minneapolis,Minnesota,"Minneapolis-St. Paul, MN",55404,LOCATION_OF_PRESENCE,6,2,7.5155,0.3333,4,1.8789
2026|06,PNHdefense-Website traffic-Search-2,23888858069,Bloomington,Minnesota,"Minneapolis-St. Paul, MN",55420,LOCATION_OF_PRESENCE,6,3,6.82,0.5,3,2.2733
2026|06,PNHdefense-Website traffic-Search-2,23888858069,Little Falls,Minnesota,"Minneapolis-St. Paul, MN",56345,LOCATION_OF_PRESENCE,2,1,4.74,0.5,0,
2026|06,PNHdefense-Website traffic-Search-2,23888858069,Edina,Minnesota,"Minneapolis-St. Paul, MN",55435,LOCATION_OF_PRESENCE,2,1,3.44,0.5,0,
2026|06,PNHdefense-Website traffic-Search-2,23888858069,Minnetonka,Minnesota,"Minneapolis-St. Paul, MN",55305,LOCATION_OF_PRESENCE,4,1,2.69,0.25,0,
2026|06,PNHdefense-Website traffic-Search-2,23888858069,Eden Prairie,Minnesota,"Minneapolis-St. Paul, MN",55347,LOCATION_OF_PRESENCE,6,1,2.38,0.1667,0,
2026|06,PNHdefense-Website traffic-Search-2,23888858069,Eden Prairie,Minnesota,"Minneapolis-St. Paul, MN",55344,LOCATION_OF_PRESENCE,2,1,2.25,0.5,0,
2026|06,PNHdefense-Website traffic-Search-2,23888858069,Minnetonka,Minnesota,"Minneapolis-St. Paul, MN",55345,LOCATION_OF_PRESENCE,2,1,2.13,0.5,0,
2026|06,PNHdefense-Website traffic-Search-2,23888858069,White Bear Lake,Minnesota,"Minneapolis-St. Paul, MN",55115,LOCATION_OF_PRESENCE,2,1,1.62,0.5,1,1.62
2026|06,PNHdefense-Website traffic-Search-2,23888858069,Ulen,Minnesota,"Fargo-Valley City, ND",56585,LOCATION_OF_PRESENCE,4,1,1.1816,0.25,0,
2026|06,PNHdefense-Website traffic-Search-2,23888858069,Little Canada,Minnesota,"Minneapolis-St. Paul, MN",55113,LOCATION_OF_PRESENCE,12,1,0.77,0.0833,6,0.1283
2026|06,PNHdefense-Website traffic-Search-2,23888858069,Waconia,Minnesota,"Minneapolis-St. Paul, MN",55387,LOCATION_OF_PRESENCE,2,1,0.66,0.5,2,0.33
2026|06,PNHdefense-Website traffic-Search-2,23888858069,Burnsville,Minnesota,"Minneapolis-St. Paul, MN",55337,LOCATION_OF_PRESENCE,2,1,0.43,0.5,0,
2026|06,PNHdefense-Website traffic-Search-2,23888858069,Prairie du Chien,Wisconsin,"La Crosse-Eau Claire, WI",53821,LOCATION_OF_PRESENCE,2,1,0.01,0.5,0,
2026|06,PNHdefense-Website traffic-Search-2,23888858069,Chaska,Minnesota,"Minneapolis-St. Paul, MN",55318,LOCATION_OF_PRESENCE,38,0,0,0,0,
2026|06,PNHdefense-Website traffic-Search-2,23888858069,Fitchburg,Wisconsin,"Madison, WI",53711,LOCATION_OF_PRESENCE,4,0,0,0,0,
2026|06,PNHdefense-Website traffic-Search-2,23888858069,Hutchinson,Minnesota,"Minneapolis-St. Paul, MN",55350,LOCATION_OF_PRESENCE,2,0,0,0,0,
2026|06,PNHdefense-Website traffic-Search-2,23888858069,Minneapolis,Minnesota,"Minneapolis-St. Paul, MN",55403,LOCATION_OF_PRESENCE,4,0,0,0,0,
2026|06,PNHdefense-Website traffic-Search-2,23888858069,Minneapolis,Minnesota,"Minneapolis-St. Paul, MN",55408,LOCATION_OF_PRESENCE,6,0,0,0,0,
2026|06,PNHdefense-Website traffic-Search-2,23888858069,Minneapolis,Minnesota,"Minneapolis-St. Paul, MN",55409,LOCATION_OF_PRESENCE,8,0,0,0,0,
2026|06,PNHdefense-Website traffic-Search-2,23888858069,Minneapolis,Minnesota,"Minneapolis-St. Paul, MN",55414,LOCATION_OF_PRESENCE,18,0,0,0,0,
2026|06,PNHdefense-Website traffic-Search-2,23888858069,Minnetonka,Minnesota,"Minneapolis-St. Paul, MN",55343,LOCATION_OF_PRESENCE,2,0,0,0,0,
2026|06,PNHdefense-Website traffic-Search-2,23888858069,Minnetrista,Minnesota,"Minneapolis-St. Paul, MN",55364,LOCATION_OF_PRESENCE,2,0,0,0,0,
2026|06,PNHdefense-Website traffic-Search-2,23888858069,Plymouth,Minnesota,"Minneapolis-St. Paul, MN",55441,LOCATION_OF_PRESENCE,3,0,0,0,0,
2026|06,PNHdefense-Website traffic-Search-2,23888858069,Robbinsdale,Minnesota,"Minneapolis-St. Paul, MN",55422,LOCATION_OF_PRESENCE,4,0,0,0,0,
2026|06,PNHdefense-Website traffic-Search-2,23888858069,Saint Anthony,Minnesota,"Minneapolis-St. Paul, MN",55421,LOCATION_OF_PRESENCE,2,0,0,0,0,
2026|06,PNHdefense-Website traffic-Search-2,23888858069,Saint Paul,Minnesota,"Minneapolis-St. Paul, MN",55116,LOCATION_OF_PRESENCE,5,0,0,0,0,
2026|06,PNHdefense-Website traffic-Search-2,23888858069,St. Louis Park,Minnesota,"Minneapolis-St. Paul, MN",55426,LOCATION_OF_PRESENCE,2,0,0,0,0,
2026|06,PNHdefense-Website traffic-Search-2,23888858069,West Saint Paul,Minnesota,"Minneapolis-St. Paul, MN",55107,LOCATION_OF_PRESENCE,2,0,0,0,0,
2026|07,Leads-Search-1,22767146837,St. Louis Park,Minnesota,"Minneapolis-St. Paul, MN",55416,LOCATION_OF_PRESENCE,135,7,22.9097,0.0519,2,11.4549
2026|07,Leads-Search-1,22767146837,Chanhassen,Minnesota,"Minneapolis-St. Paul, MN",55317,LOCATION_OF_PRESENCE,82,8,20.215,0.0976,1,20.215
2026|07,Leads-Search-1,22767146837,Minneapolis,Minnesota,"Minneapolis-St. Paul, MN",55408,LOCATION_OF_PRESENCE,98,6,19.4083,0.0612,0.98,19.8044
2026|07,Leads-Search-1,22767146837,Shakopee,Minnesota,"Minneapolis-St. Paul, MN",55379,LOCATION_OF_PRESENCE,80,8,18.3199,0.1,0,
2026|07,Leads-Search-1,22767146837,Dellwood,Minnesota,"Minneapolis-St. Paul, MN",55110,LOCATION_OF_PRESENCE,28,3,18.22,0.1071,0,
2026|07,Leads-Search-1,22767146837,Minneapolis,Minnesota,"Minneapolis-St. Paul, MN",55419,LOCATION_OF_PRESENCE,78,6,16.6904,0.0769,0,
2026|07,Leads-Search-1,22767146837,Minneapolis,Minnesota,"Minneapolis-St. Paul, MN",55407,LOCATION_OF_PRESENCE,67,5,14.3497,0.0746,2,7.1748
2026|07,Leads-Search-1,22767146837,Minnetonka,Minnesota,"Minneapolis-St. Paul, MN",55305,LOCATION_OF_PRESENCE,103,6,13.7981,0.0583,0,
2026|07,Leads-Search-1,22767146837,Apple Valley,Minnesota,"Minneapolis-St. Paul, MN",55124,LOCATION_OF_PRESENCE,67,6,13.45,0.0896,0,
2026|07,Leads-Search-1,22767146837,Plymouth,Minnesota,"Minneapolis-St. Paul, MN",55447,LOCATION_OF_PRESENCE,63,5,12.02,0.0794,2,6.01
2026|07,Leads-Search-1,22767146837,Burnsville,Minnesota,"Minneapolis-St. Paul, MN",55337,LOCATION_OF_PRESENCE,60,5,11.2821,0.0833,1,11.2821
2026|07,Leads-Search-1,22767146837,St. Louis Park,Minnesota,"Minneapolis-St. Paul, MN",55426,LOCATION_OF_PRESENCE,66,5,11.09,0.0758,0,
2026|07,Leads-Search-1,22767146837,Edina,Minnesota,"Minneapolis-St. Paul, MN",55435,LOCATION_OF_PRESENCE,77,3,10.7629,0.039,0,
2026|07,Leads-Search-1,22767146837,Minneapolis,Minnesota,"Minneapolis-St. Paul, MN",55403,LOCATION_OF_PRESENCE,177,6,9.6188,0.0339,1,9.6188
2026|07,Leads-Search-1,22767146837,Eden Prairie,Minnesota,"Minneapolis-St. Paul, MN",55347,LOCATION_OF_PRESENCE,96,4,9.5,0.0417,2,4.75
2026|07,Leads-Search-1,22767146837,Bloomington,Minnesota,"Minneapolis-St. Paul, MN",55437,LOCATION_OF_PRESENCE,37,4,9.1729,0.1081,0,
2026|07,Leads-Search-1,22767146837,Minnetonka,Minnesota,"Minneapolis-St. Paul, MN",55345,LOCATION_OF_PRESENCE,106,5,8.5989,0.0472,1,8.5989
2026|07,Leads-Search-1,22767146837,St. Louis Park,Minnesota,"Minneapolis-St. Paul, MN",55436,LOCATION_OF_PRESENCE,40,4,8.5685,0.1,2,4.2842
2026|07,Leads-Search-1,22767146837,Saint Anthony,Minnesota,"Minneapolis-St. Paul, MN",55418,LOCATION_OF_PRESENCE,55,4,8.5377,0.0727,1,8.5377
2026|07,Leads-Search-1,22767146837,Minnetrista,Minnesota,"Minneapolis-St. Paul, MN",55364,LOCATION_OF_PRESENCE,46,4,8.15,0.087,0,
2026|07,Leads-Search-1,22767146837,Minneapolis,Minnesota,"Minneapolis-St. Paul, MN",55411,LOCATION_OF_PRESENCE,34,3,7.64,0.0882,1,7.64
2026|07,Leads-Search-1,22767146837,Lino Lakes,Minnesota,"Minneapolis-St. Paul, MN",55014,LOCATION_OF_PRESENCE,19,2,6.9735,0.1053,2,3.4867
2026|07,Leads-Search-1,22767146837,Rosemount,Minnesota,"Minneapolis-St. Paul, MN",55068,LOCATION_OF_PRESENCE,37,3,6.93,0.0811,0,
2026|07,Leads-Search-1,22767146837,Plymouth,Minnesota,"Minneapolis-St. Paul, MN",55446,LOCATION_OF_PRESENCE,67,3,6.8275,0.0448,0,
2026|07,Leads-Search-1,22767146837,Plymouth,Minnesota,"Minneapolis-St. Paul, MN",55442,LOCATION_OF_PRESENCE,37,4,6.7543,0.1081,2,3.3772
2026|07,Leads-Search-1,22767146837,Dayton,Minnesota,"Minneapolis-St. Paul, MN",55327,LOCATION_OF_PRESENCE,13,3,6.27,0.2308,0,
2026|07,Leads-Search-1,22767146837,Savage,Minnesota,"Minneapolis-St. Paul, MN",55378,LOCATION_OF_PRESENCE,57,3,5.79,0.0526,0,
2026|07,Leads-Search-1,22767146837,Saint Paul,Minnesota,"Minneapolis-St. Paul, MN",55111,LOCATION_OF_PRESENCE,16,2,5.623,0.125,0,
2026|07,Leads-Search-1,22767146837,Minneapolis,Minnesota,"Minneapolis-St. Paul, MN",55414,LOCATION_OF_PRESENCE,142,4,5.3436,0.0282,1,5.3436
2026|07,Leads-Search-1,22767146837,Eagan,Minnesota,"Minneapolis-St. Paul, MN",55122,LOCATION_OF_PRESENCE,64,3,5.3399,0.0469,0,
2026|07,Leads-Search-1,22767146837,Edina,Minnesota,"Minneapolis-St. Paul, MN",55410,LOCATION_OF_PRESENCE,72,2,5.33,0.0278,0,
2026|07,Leads-Search-1,22767146837,Shorewood,Minnesota,"Minneapolis-St. Paul, MN",55331,LOCATION_OF_PRESENCE,41,4,5.1945,0.0976,0,
2026|07,Leads-Search-1,22767146837,Minneapolis,Minnesota,"Minneapolis-St. Paul, MN",55417,LOCATION_OF_PRESENCE,52,3,5.12,0.0577,1,5.12
2026|07,Leads-Search-1,22767146837,Eden Prairie,Minnesota,"Minneapolis-St. Paul, MN",55344,LOCATION_OF_PRESENCE,73,2,4.95,0.0274,0,
2026|07,Leads-Search-1,22767146837,Minneapolis,Minnesota,"Minneapolis-St. Paul, MN",55404,LOCATION_OF_PRESENCE,116,3,4.91,0.0259,0,
2026|07,Leads-Search-1,22767146837,Corcoran,Minnesota,"Minneapolis-St. Paul, MN",55340,LOCATION_OF_PRESENCE,13,2,4.89,0.1538,1,4.89
2026|07,Leads-Search-1,22767146837,Saint Paul,Minnesota,"Minneapolis-St. Paul, MN",55104,LOCATION_OF_PRESENCE,21,3,4.89,0.1429,1,4.89
2026|07,Leads-Search-1,22767146837,Minneapolis,Minnesota,"Minneapolis-St. Paul, MN",55406,LOCATION_OF_PRESENCE,75,3,4.6698,0.04,0,
2026|07,Leads-Search-1,22767146837,Little Canada,Minnesota,"Minneapolis-St. Paul, MN",55117,LOCATION_OF_PRESENCE,17,1,4.46,0.0588,0,
2026|07,Leads-Search-1,22767146837,Edina,Minnesota,"Minneapolis-St. Paul, MN",55439,LOCATION_OF_PRESENCE,34,3,4.2596,0.0882,1,4.2596
2026|07,Leads-Search-1,22767146837,Saint Michael,Minnesota,"Minneapolis-St. Paul, MN",55376,LOCATION_OF_PRESENCE,24,2,4.14,0.0833,0,
2026|07,Leads-Search-1,22767146837,Bloomington,Minnesota,"Minneapolis-St. Paul, MN",55438,LOCATION_OF_PRESENCE,49,1,3.89,0.0204,0,
2026|07,Leads-Search-1,22767146837,Victoria,Minnesota,"Minneapolis-St. Paul, MN",55386,LOCATION_OF_PRESENCE,29,3,3.8405,0.1034,0,
2026|07,Leads-Search-1,22767146837,Brooklyn Center,Minnesota,"Minneapolis-St. Paul, MN",55430,LOCATION_OF_PRESENCE,10,1,3.67,0.1,0,
2026|07,Leads-Search-1,22767146837,Brooklyn Park,Minnesota,"Minneapolis-St. Paul, MN",55444,LOCATION_OF_PRESENCE,18,3,3.4596,0.1667,2,1.7298
2026|07,Leads-Search-1,22767146837,Champlin,Minnesota,"Minneapolis-St. Paul, MN",55316,LOCATION_OF_PRESENCE,19,1,3.43,0.0526,0,
2026|07,Leads-Search-1,22767146837,South Saint Paul,Minnesota,"Minneapolis-St. Paul, MN",55075,LOCATION_OF_PRESENCE,23,1,3.43,0.0435,0,
2026|07,Leads-Search-1,22767146837,Minnetonka,Minnesota,"Minneapolis-St. Paul, MN",55343,LOCATION_OF_PRESENCE,51,2,3.39,0.0392,0,
2026|07,Leads-Search-1,22767146837,Robbinsdale,Minnesota,"Minneapolis-St. Paul, MN",55422,LOCATION_OF_PRESENCE,57,2,3.318,0.0351,1,3.318
2026|07,Leads-Search-1,22767146837,Orono,Minnesota,"Minneapolis-St. Paul, MN",55356,LOCATION_OF_PRESENCE,7,2,3.28,0.2857,0,
2026|07,Leads-Search-1,22767146837,Maple Grove,Minnesota,"Minneapolis-St. Paul, MN",55369,LOCATION_OF_PRESENCE,114,2,3.27,0.0175,0,
2026|07,Leads-Search-1,22767146837,Bloomington,Minnesota,"Minneapolis-St. Paul, MN",55431,LOCATION_OF_PRESENCE,45,3,3.22,0.0667,0,
2026|07,Leads-Search-1,22767146837,Minneapolis,Minnesota,"Minneapolis-St. Paul, MN",55405,LOCATION_OF_PRESENCE,36,1,3.17,0.0278,0,
2026|07,Leads-Search-1,22767146837,Ham Lake,Minnesota,"Minneapolis-St. Paul, MN",55304,LOCATION_OF_PRESENCE,29,1,2.85,0.0345,0,
2026|07,Leads-Search-1,22767146837,Oak Grove,Minnesota,"Minneapolis-St. Paul, MN",55303,LOCATION_OF_PRESENCE,33,4,2.8,0.1212,0,
2026|07,Leads-Search-1,22767146837,Eden Prairie,Minnesota,"Minneapolis-St. Paul, MN",55346,LOCATION_OF_PRESENCE,40,2,2.53,0.05,0,
2026|07,Leads-Search-1,22767146837,Bloomington,Minnesota,"Minneapolis-St. Paul, MN",55420,LOCATION_OF_PRESENCE,55,2,2.52,0.0364,0,
2026|07,Leads-Search-1,22767146837,Little Canada,Minnesota,"Minneapolis-St. Paul, MN",55113,LOCATION_OF_PRESENCE,198,6,2.4998,0.0303,0,
2026|07,Leads-Search-1,22767146837,Carver,Minnesota,"Minneapolis-St. Paul, MN",55315,LOCATION_OF_PRESENCE,7,2,2.45,0.2857,0,
2026|07,Leads-Search-1,22767146837,New Hope,Minnesota,"Minneapolis-St. Paul, MN",55428,LOCATION_OF_PRESENCE,13,1,2.39,0.0769,1,2.39
2026|07,Leads-Search-1,22767146837,Saint Paul,Minnesota,"Minneapolis-St. Paul, MN",55130,LOCATION_OF_PRESENCE,8,1,2.3266,0.125,0,
2026|07,Leads-Search-1,22767146837,North Oaks,Minnesota,"Minneapolis-St. Paul, MN",55126,LOCATION_OF_PRESENCE,35,1,2.31,0.0286,0,
2026|07,Leads-Search-1,22767146837,Independence,Minnesota,"Minneapolis-St. Paul, MN",55357,LOCATION_OF_PRESENCE,9,1,2.16,0.1111,0,
2026|07,Leads-Search-1,22767146837,Lakeville,Minnesota,"Minneapolis-St. Paul, MN",55044,LOCATION_OF_PRESENCE,100,2,2.04,0.02,0,
2026|07,Leads-Search-1,22767146837,Eagan,Minnesota,"Minneapolis-St. Paul, MN",55121,LOCATION_OF_PRESENCE,35,2,1.9862,0.0571,0,
2026|07,Leads-Search-1,22767146837,South Saint Paul,Minnesota,"Minneapolis-St. Paul, MN",55077,LOCATION_OF_PRESENCE,30,2,1.9291,0.0667,0,
2026|07,Leads-Search-1,22767146837,Cologne,Minnesota,"Minneapolis-St. Paul, MN",55322,LOCATION_OF_PRESENCE,5,1,1.8,0.2,0,
2026|07,Leads-Search-1,22767146837,Otsego,Minnesota,"Minneapolis-St. Paul, MN",55374,LOCATION_OF_PRESENCE,32,1,1.76,0.0313,0,
2026|07,Leads-Search-1,22767146837,Oakdale,Minnesota,"Minneapolis-St. Paul, MN",55128,LOCATION_OF_PRESENCE,19,1,1.75,0.0526,0,
2026|07,Leads-Search-1,22767146837,Delano,Minnesota,"Minneapolis-St. Paul, MN",55328,LOCATION_OF_PRESENCE,28,1,1.6892,0.0357,0,
2026|07,Leads-Search-1,22767146837,Plymouth,Minnesota,"Minneapolis-St. Paul, MN",55441,LOCATION_OF_PRESENCE,55,2,1.6,0.0364,1,1.6
2026|07,Leads-Search-1,22767146837,Waconia,Minnesota,"Minneapolis-St. Paul, MN",55387,LOCATION_OF_PRESENCE,41,1,1.4603,0.0244,0.51,2.8633
2026|07,Leads-Search-1,22767146837,Blaine,Minnesota,"Minneapolis-St. Paul, MN",55449,LOCATION_OF_PRESENCE,44,2,1.32,0.0455,1,1.32
2026|07,Leads-Search-1,22767146837,New Brighton,Minnesota,"Minneapolis-St. Paul, MN",55112,LOCATION_OF_PRESENCE,65,1,1.27,0.0154,0,
2026|07,Leads-Search-1,22767146837,Minneapolis,Minnesota,"Minneapolis-St. Paul, MN",55450,LOCATION_OF_PRESENCE,6,2,1.12,0.3333,0,
2026|07,Leads-Search-1,22767146837,Maplewood,Minnesota,"Minneapolis-St. Paul, MN",55119,LOCATION_OF_PRESENCE,36,1,1.08,0.0278,0,
2026|07,Leads-Search-1,22767146837,Falcon Heights,Minnesota,"Minneapolis-St. Paul, MN",55108,LOCATION_OF_PRESENCE,19,1,0.95,0.0526,0,
2026|07,Leads-Search-1,22767146837,Eagan,Minnesota,"Minneapolis-St. Paul, MN",55123,LOCATION_OF_PRESENCE,30,1,0.83,0.0333,0,
2026|07,Leads-Search-1,22767146837,West Saint Paul,Minnesota,"Minneapolis-St. Paul, MN",55118,LOCATION_OF_PRESENCE,24,2,0.7776,0.0833,0,
2026|07,Leads-Search-1,22767146837,Minneapolis,Minnesota,"Minneapolis-St. Paul, MN",55413,LOCATION_OF_PRESENCE,30,1,0.74,0.0333,0,
2026|07,Leads-Search-1,22767146837,Farmington,Minnesota,"Minneapolis-St. Paul, MN",55024,LOCATION_OF_PRESENCE,28,2,0.7146,0.0714,0,
2026|07,Leads-Search-1,22767146837,New Hope,Minnesota,"Minneapolis-St. Paul, MN",55427,LOCATION_OF_PRESENCE,33,1,0.49,0.0303,0,
2026|07,Leads-Search-1,22767146837,Richfield,Minnesota,"Minneapolis-St. Paul, MN",55423,LOCATION_OF_PRESENCE,56,1,0.47,0.0179,0,
2026|07,Leads-Search-1,22767146837,Brooklyn Park,Minnesota,"Minneapolis-St. Paul, MN",55443,LOCATION_OF_PRESENCE,32,1,0.35,0.0313,0,
2026|07,Leads-Search-1,22767146837,Little Canada,Minnesota,"Minneapolis-St. Paul, MN",55109,LOCATION_OF_PRESENCE,10,1,0.3346,0.1,0,
2026|07,Leads-Search-1,22767146837,Saint Paul,Minnesota,"Minneapolis-St. Paul, MN",55116,LOCATION_OF_PRESENCE,29,1,0.3219,0.0345,0,
2026|07,Leads-Search-1,22767146837,Blaine,Minnesota,"Minneapolis-St. Paul, MN",55434,LOCATION_OF_PRESENCE,26,0,0,0,0,
2026|07,Leads-Search-1,22767146837,Bloomington,Minnesota,"Minneapolis-St. Paul, MN",55425,LOCATION_OF_PRESENCE,31,0,0,0,0,
2026|07,Leads-Search-1,22767146837,Brooklyn Park,Minnesota,"Minneapolis-St. Paul, MN",55445,LOCATION_OF_PRESENCE,10,0,0,0,0,
2026|07,Leads-Search-1,22767146837,Buffalo,Minnesota,"Minneapolis-St. Paul, MN",55313,LOCATION_OF_PRESENCE,1,0,0,0,0,
2026|07,Leads-Search-1,22767146837,Burnsville,Minnesota,"Minneapolis-St. Paul, MN",55306,LOCATION_OF_PRESENCE,22,0,0,0,0,
2026|07,Leads-Search-1,22767146837,Centerville,Minnesota,"Minneapolis-St. Paul, MN",55038,LOCATION_OF_PRESENCE,5,0,0,0,0,
2026|07,Leads-Search-1,22767146837,Chaska,Minnesota,"Minneapolis-St. Paul, MN",55318,LOCATION_OF_PRESENCE,61,0,0,0,0,
2026|07,Leads-Search-1,22767146837,Coon Rapids,Minnesota,"Minneapolis-St. Paul, MN",55433,LOCATION_OF_PRESENCE,33,0,0,0,0,
2026|07,Leads-Search-1,22767146837,Coon Rapids,Minnesota,"Minneapolis-St. Paul, MN",55448,LOCATION_OF_PRESENCE,23,0,0,0,0,
2026|07,Leads-Search-1,22767146837,Cottage Grove,Minnesota,"Minneapolis-St. Paul, MN",55016,LOCATION_OF_PRESENCE,4,0,0,0,0,
2026|07,Leads-Search-1,22767146837,Crystal,Minnesota,"Minneapolis-St. Paul, MN",55429,LOCATION_OF_PRESENCE,19,0,0,0,0,
2026|07,Leads-Search-1,22767146837,Independence,Minnesota,"Minneapolis-St. Paul, MN",55359,LOCATION_OF_PRESENCE,7,0,0,0,0,
2026|07,Leads-Search-1,22767146837,Jordan,Minnesota,"Minneapolis-St. Paul, MN",55352,LOCATION_OF_PRESENCE,13,0,0,0,0,
2026|07,Leads-Search-1,22767146837,Maple Grove,Minnesota,"Minneapolis-St. Paul, MN",55311,LOCATION_OF_PRESENCE,18,0,0,0,0,
2026|07,Leads-Search-1,22767146837,Mayer,Minnesota,"Minneapolis-St. Paul, MN",55360,LOCATION_OF_PRESENCE,1,0,0,0,0,
2026|07,Leads-Search-1,22767146837,Mendota Heights,Minnesota,"Minneapolis-St. Paul, MN",55120,LOCATION_OF_PRESENCE,2,0,0,0,0,
2026|07,Leads-Search-1,22767146837,Minneapolis,Minnesota,"Minneapolis-St. Paul, MN",55409,LOCATION_OF_PRESENCE,20,0,0,0,0,
2026|07,Leads-Search-1,22767146837,Minneapolis,Minnesota,"Minneapolis-St. Paul, MN",55412,LOCATION_OF_PRESENCE,22,0,0,0,0,
2026|07,Leads-Search-1,22767146837,Minneapolis,Minnesota,"Minneapolis-St. Paul, MN",55418,LOCATION_OF_PRESENCE,2,0,0,0,0,
2026|07,Leads-Search-1,22767146837,Minnetrista,Minnesota,"Minneapolis-St. Paul, MN",55375,LOCATION_OF_PRESENCE,6,0,0,0,0,
2026|07,Leads-Search-1,22767146837,Minnetrista,Minnesota,"Minneapolis-St. Paul, MN",55388,LOCATION_OF_PRESENCE,6,0,0,0,0,
2026|07,Leads-Search-1,22767146837,Newport,Minnesota,"Minneapolis-St. Paul, MN",55055,LOCATION_OF_PRESENCE,4,0,0,0,0,
2026|07,Leads-Search-1,22767146837,North Oaks,Minnesota,"Minneapolis-St. Paul, MN",55127,LOCATION_OF_PRESENCE,11,0,0,0,0,
2026|07,Leads-Search-1,22767146837,Norwood Young America,Minnesota,"Minneapolis-St. Paul, MN",55368,LOCATION_OF_PRESENCE,1,0,0,0,0,
2026|07,Leads-Search-1,22767146837,Rockford,Minnesota,"Minneapolis-St. Paul, MN",55373,LOCATION_OF_PRESENCE,12,0,0,0,0,
2026|07,Leads-Search-1,22767146837,Saint Anthony,Minnesota,"Minneapolis-St. Paul, MN",55421,LOCATION_OF_PRESENCE,12,0,0,0,0,
2026|07,Leads-Search-1,22767146837,Saint Paul,Minnesota,"Minneapolis-St. Paul, MN",55102,LOCATION_OF_PRESENCE,23,0,0,0,0,
2026|07,Leads-Search-1,22767146837,Saint Paul,Minnesota,"Minneapolis-St. Paul, MN",55103,LOCATION_OF_PRESENCE,12,0,0,0,0,
2026|07,Leads-Search-1,22767146837,Saint Paul,Minnesota,"Minneapolis-St. Paul, MN",55105,LOCATION_OF_PRESENCE,45,0,0,0,0,
2026|07,Leads-Search-1,22767146837,Saint Paul,Minnesota,"Minneapolis-St. Paul, MN",55106,LOCATION_OF_PRESENCE,10,0,0,0,0,
2026|07,Leads-Search-1,22767146837,Saint Paul,Minnesota,"Minneapolis-St. Paul, MN",55107,LOCATION_OF_PRESENCE,9,0,0,0,0,
2026|07,Leads-Search-1,22767146837,Saint Paul,Minnesota,"Minneapolis-St. Paul, MN",55114,LOCATION_OF_PRESENCE,7,0,0,0,0,
2026|07,Leads-Search-1,22767146837,Saint Paul,Minnesota,"Minneapolis-St. Paul, MN",55117,LOCATION_OF_PRESENCE,3,0,0,0,0,
2026|07,Leads-Search-1,22767146837,Saint Paul Park,Minnesota,"Minneapolis-St. Paul, MN",55071,LOCATION_OF_PRESENCE,8,0,0,0,0,
2026|07,Leads-Search-1,22767146837,Shakopee,Minnesota,"Minneapolis-St. Paul, MN",55372,LOCATION_OF_PRESENCE,30,0,0,0,0,
2026|07,Leads-Search-1,22767146837,South Saint Paul,Minnesota,"Minneapolis-St. Paul, MN",55076,LOCATION_OF_PRESENCE,21,0,0,0,0,
2026|07,Leads-Search-1,22767146837,Spring Lake Park,Minnesota,"Minneapolis-St. Paul, MN",55432,LOCATION_OF_PRESENCE,14,0,0,0,0,
2026|07,Leads-Search-1,22767146837,St. Louis Park,Minnesota,"Minneapolis-St. Paul, MN",55424,LOCATION_OF_PRESENCE,27,0,0,0,0,
2026|07,Leads-Search-1,22767146837,Wayzata,Minnesota,"Minneapolis-St. Paul, MN",55391,LOCATION_OF_PRESENCE,38,0,0,0,0,
2026|07,Leads-Search-1,22767146837,West Saint Paul,Minnesota,"Minneapolis-St. Paul, MN",55107,LOCATION_OF_PRESENCE,9,0,0,0,0,
2026|07,Leads-Search-1,22767146837,Woodbury,Minnesota,"Minneapolis-St. Paul, MN",55125,LOCATION_OF_PRESENCE,26,0,0,0,0,
2026|07,Leads-Search-1,22767146837,Woodbury,Minnesota,"Minneapolis-St. Paul, MN",55129,LOCATION_OF_PRESENCE,3,0,0,0,0,
2026|07,PNHdefense-Website traffic-Search-2,23888858069,Minnetonka,Minnesota,"Minneapolis-St. Paul, MN",55305,LOCATION_OF_PRESENCE,4,2,8.58,0.5,1,8.58
2026|07,PNHdefense-Website traffic-Search-2,23888858069,Minnetonka,Minnesota,"Minneapolis-St. Paul, MN",55345,LOCATION_OF_PRESENCE,2,1,7.32,0.5,0,
2026|07,PNHdefense-Website traffic-Search-2,23888858069,Prairie du Chien,Wisconsin,"La Crosse-Eau Claire, WI",53821,LOCATION_OF_PRESENCE,2,1,4.66,0.5,0,
2026|07,PNHdefense-Website traffic-Search-2,23888858069,Minneapolis,Minnesota,"Minneapolis-St. Paul, MN",55404,LOCATION_OF_PRESENCE,2,1,3.73,0.5,1.2,3.1083
2026|07,PNHdefense-Website traffic-Search-2,23888858069,Maple Grove,Minnesota,"Minneapolis-St. Paul, MN",55311,LOCATION_OF_PRESENCE,4,2,3.21,0.5,0,
2026|07,PNHdefense-Website traffic-Search-2,23888858069,Coon Rapids,Minnesota,"Minneapolis-St. Paul, MN",55433,LOCATION_OF_PRESENCE,1,1,2.59,1,2.01,1.2886
2026|07,PNHdefense-Website traffic-Search-2,23888858069,Little Canada,Minnesota,"Minneapolis-St. Paul, MN",55117,LOCATION_OF_PRESENCE,2,1,2.32,0.5,0,
2026|07,PNHdefense-Website traffic-Search-2,23888858069,Minneapolis,Minnesota,"Minneapolis-St. Paul, MN",55408,LOCATION_OF_PRESENCE,2,1,1.43,0.5,0,
2026|07,PNHdefense-Website traffic-Search-2,23888858069,Bloomington,Minnesota,"Minneapolis-St. Paul, MN",55420,LOCATION_OF_PRESENCE,2,1,1.15,0.5,0,
2026|07,PNHdefense-Website traffic-Search-2,23888858069,Richfield,Minnesota,"Minneapolis-St. Paul, MN",55423,LOCATION_OF_PRESENCE,6,1,1.02,0.1667,0,
2026|07,PNHdefense-Website traffic-Search-2,23888858069,Minnetrista,Minnesota,"Minneapolis-St. Paul, MN",55364,LOCATION_OF_PRESENCE,2,1,0.86,0.5,0,
2026|07,PNHdefense-Website traffic-Search-2,23888858069,St. Louis Park,Minnesota,"Minneapolis-St. Paul, MN",55416,LOCATION_OF_PRESENCE,2,1,0.86,0.5,0,
2026|07,PNHdefense-Website traffic-Search-2,23888858069,Minneapolis,Minnesota,"Minneapolis-St. Paul, MN",55403,LOCATION_OF_PRESENCE,5,2,0.82,0.4,0,
2026|07,PNHdefense-Website traffic-Search-2,23888858069,Edina,Minnesota,"Minneapolis-St. Paul, MN",55435,LOCATION_OF_PRESENCE,1,1,0.61,1,0,
2026|07,PNHdefense-Website traffic-Search-2,23888858069,Eden Prairie,Minnesota,"Minneapolis-St. Paul, MN",55344,LOCATION_OF_PRESENCE,1,1,0.59,1,0,
2026|07,PNHdefense-Website traffic-Search-2,23888858069,Eden Prairie,Minnesota,"Minneapolis-St. Paul, MN",55347,LOCATION_OF_PRESENCE,3,2,0.54,0.6667,0,
2026|07,PNHdefense-Website traffic-Search-2,23888858069,Saint Paul,Minnesota,"Minneapolis-St. Paul, MN",55111,LOCATION_OF_PRESENCE,2,2,0.53,1,0,
2026|07,PNHdefense-Website traffic-Search-2,23888858069,Waconia,Minnesota,"Minneapolis-St. Paul, MN",55387,LOCATION_OF_PRESENCE,3,1,0.01,0.3333,0,
2026|07,PNHdefense-Website traffic-Search-2,23888858069,Chaska,Minnesota,"Minneapolis-St. Paul, MN",55318,LOCATION_OF_PRESENCE,2,0,0,0,0,
2026|07,PNHdefense-Website traffic-Search-2,23888858069,Little Canada,Minnesota,"Minneapolis-St. Paul, MN",55113,LOCATION_OF_PRESENCE,10,0,0,0,0,
2026|07,PNHdefense-Website traffic-Search-2,23888858069,Rochester,Minnesota,"Rochester, MN-Mason City, IA-Austin, MN",55902,LOCATION_OF_PRESENCE,1,0,0,0,0,
2026|07,PNHdefense-Website traffic-Search-2,23888858069,Wauzeka,Wisconsin,"La Crosse-Eau Claire, WI",53826,LOCATION_OF_PRESENCE,2,0,0,0,0,
2026|07,PNHdefense-Website traffic-Search-2,23888858069,Willmar,Minnesota,"Minneapolis-St. Paul, MN",56201,LOCATION_OF_PRESENCE,2,0,0,0,0,
2026|07,PNHdefense-Website traffic-Search-2,23888858069,Woodbury,Minnesota,"Minneapolis-St. Paul, MN",55129,LOCATION_OF_PRESENCE,2,0,0,0,0,
2026|08,Leads-Search-1,22767146837,Little Canada,Minnesota,"Minneapolis-St. Paul, MN",55113,LOCATION_OF_PRESENCE,178,14,24.9162,0.0787,0,
2026|08,Leads-Search-1,22767146837,Minneapolis,Minnesota,"Minneapolis-St. Paul, MN",55403,LOCATION_OF_PRESENCE,171,12,24.3072,0.0702,0,
2026|08,Leads-Search-1,22767146837,St. Louis Park,Minnesota,"Minneapolis-St. Paul, MN",55416,LOCATION_OF_PRESENCE,81,9,21.3274,0.1111,0,
2026|08,Leads-Search-1,22767146837,Minneapolis,Minnesota,"Minneapolis-St. Paul, MN",55414,LOCATION_OF_PRESENCE,141,7,20.5869,0.0496,0,
2026|08,Leads-Search-1,22767146837,Maple Grove,Minnesota,"Minneapolis-St. Paul, MN",55369,LOCATION_OF_PRESENCE,104,8,19.98,0.0769,0,
2026|08,Leads-Search-1,22767146837,Lakeville,Minnesota,"Minneapolis-St. Paul, MN",55044,LOCATION_OF_PRESENCE,98,7,14.9638,0.0714,0,
2026|08,Leads-Search-1,22767146837,Burnsville,Minnesota,"Minneapolis-St. Paul, MN",55337,LOCATION_OF_PRESENCE,60,6,13.2338,0.1,1,13.2338
2026|08,Leads-Search-1,22767146837,Minnetonka,Minnesota,"Minneapolis-St. Paul, MN",55345,LOCATION_OF_PRESENCE,61,7,12.9267,0.1148,0,
2026|08,Leads-Search-1,22767146837,Shakopee,Minnesota,"Minneapolis-St. Paul, MN",55379,LOCATION_OF_PRESENCE,98,6,12.49,0.0612,0,
2026|08,Leads-Search-1,22767146837,Saint Paul,Minnesota,"Minneapolis-St. Paul, MN",55105,LOCATION_OF_PRESENCE,33,4,12.2978,0.1212,0,
2026|08,Leads-Search-1,22767146837,Eagan,Minnesota,"Minneapolis-St. Paul, MN",55123,LOCATION_OF_PRESENCE,34,5,11.87,0.1471,0,
2026|08,Leads-Search-1,22767146837,Plymouth,Minnesota,"Minneapolis-St. Paul, MN",55441,LOCATION_OF_PRESENCE,49,5,10.7186,0.102,0,
2026|08,Leads-Search-1,22767146837,Plymouth,Minnesota,"Minneapolis-St. Paul, MN",55447,LOCATION_OF_PRESENCE,54,4,10.36,0.0741,0,
2026|08,Leads-Search-1,22767146837,Edina,Minnesota,"Minneapolis-St. Paul, MN",55410,LOCATION_OF_PRESENCE,42,5,9.49,0.119,1,9.49
2026|08,Leads-Search-1,22767146837,Minneapolis,Minnesota,"Minneapolis-St. Paul, MN",55413,LOCATION_OF_PRESENCE,46,4,8.8274,0.087,1,8.8274
2026|08,Leads-Search-1,22767146837,Maple Grove,Minnesota,"Minneapolis-St. Paul, MN",55311,LOCATION_OF_PRESENCE,31,3,8.67,0.0968,0,
2026|08,Leads-Search-1,22767146837,Plymouth,Minnesota,"Minneapolis-St. Paul, MN",55446,LOCATION_OF_PRESENCE,55,3,8.58,0.0545,0,
2026|08,Leads-Search-1,22767146837,Otsego,Minnesota,"Minneapolis-St. Paul, MN",55374,LOCATION_OF_PRESENCE,31,4,8.575,0.129,0,
2026|08,Leads-Search-1,22767146837,Coon Rapids,Minnesota,"Minneapolis-St. Paul, MN",55448,LOCATION_OF_PRESENCE,43,4,8.4347,0.093,0,
2026|08,Leads-Search-1,22767146837,Minneapolis,Minnesota,"Minneapolis-St. Paul, MN",55404,LOCATION_OF_PRESENCE,91,5,8.2849,0.0549,0,
2026|08,Leads-Search-1,22767146837,Blaine,Minnesota,"Minneapolis-St. Paul, MN",55449,LOCATION_OF_PRESENCE,45,3,8.25,0.0667,0,
2026|08,Leads-Search-1,22767146837,Shorewood,Minnesota,"Minneapolis-St. Paul, MN",55331,LOCATION_OF_PRESENCE,38,4,8.2011,0.1053,1,8.2011
2026|08,Leads-Search-1,22767146837,Minneapolis,Minnesota,"Minneapolis-St. Paul, MN",55419,LOCATION_OF_PRESENCE,73,3,7.5405,0.0411,0,
2026|08,Leads-Search-1,22767146837,Waconia,Minnesota,"Minneapolis-St. Paul, MN",55387,LOCATION_OF_PRESENCE,30,2,7.39,0.0667,0,
2026|08,Leads-Search-1,22767146837,Little Canada,Minnesota,"Minneapolis-St. Paul, MN",55109,LOCATION_OF_PRESENCE,19,4,7.2997,0.2105,0,
2026|08,Leads-Search-1,22767146837,Victoria,Minnesota,"Minneapolis-St. Paul, MN",55386,LOCATION_OF_PRESENCE,20,3,7.19,0.15,1,7.19
2026|08,Leads-Search-1,22767146837,Brooklyn Park,Minnesota,"Minneapolis-St. Paul, MN",55443,LOCATION_OF_PRESENCE,34,4,7.12,0.1176,2,3.56
2026|08,Leads-Search-1,22767146837,Minnetonka,Minnesota,"Minneapolis-St. Paul, MN",55343,LOCATION_OF_PRESENCE,32,2,7.0342,0.0625,2,3.5171
2026|08,Leads-Search-1,22767146837,Edina,Minnesota,"Minneapolis-St. Paul, MN",55435,LOCATION_OF_PRESENCE,53,3,6.92,0.0566,0,
2026|08,Leads-Search-1,22767146837,Minnetrista,Minnesota,"Minneapolis-St. Paul, MN",55364,LOCATION_OF_PRESENCE,31,4,6.87,0.129,1,6.87
2026|08,Leads-Search-1,22767146837,Richfield,Minnesota,"Minneapolis-St. Paul, MN",55423,LOCATION_OF_PRESENCE,76,3,6.87,0.0395,0,
2026|08,Leads-Search-1,22767146837,Coon Rapids,Minnesota,"Minneapolis-St. Paul, MN",55433,LOCATION_OF_PRESENCE,52,3,6.82,0.0577,1,6.82
2026|08,Leads-Search-1,22767146837,Eden Prairie,Minnesota,"Minneapolis-St. Paul, MN",55347,LOCATION_OF_PRESENCE,73,2,6.32,0.0274,1,6.32
2026|08,Leads-Search-1,22767146837,Minneapolis,Minnesota,"Minneapolis-St. Paul, MN",55408,LOCATION_OF_PRESENCE,76,3,6.2633,0.0395,1,6.2633
2026|08,Leads-Search-1,22767146837,Saint Paul,Minnesota,"Minneapolis-St. Paul, MN",55116,LOCATION_OF_PRESENCE,44,3,6.09,0.0682,0,
2026|08,Leads-Search-1,22767146837,Dayton,Minnesota,"Minneapolis-St. Paul, MN",55327,LOCATION_OF_PRESENCE,11,2,5.82,0.1818,0,
2026|08,Leads-Search-1,22767146837,Minneapolis,Minnesota,"Minneapolis-St. Paul, MN",55406,LOCATION_OF_PRESENCE,84,2,5.7,0.0238,0,
2026|08,Leads-Search-1,22767146837,Chaska,Minnesota,"Minneapolis-St. Paul, MN",55318,LOCATION_OF_PRESENCE,44,3,5.5981,0.0682,0,
2026|08,Leads-Search-1,22767146837,Little Canada,Minnesota,"Minneapolis-St. Paul, MN",55117,LOCATION_OF_PRESENCE,11,3,5.59,0.2727,0,
2026|08,Leads-Search-1,22767146837,Oakdale,Minnesota,"Minneapolis-St. Paul, MN",55128,LOCATION_OF_PRESENCE,13,4,5.5289,0.3077,0,
2026|08,Leads-Search-1,22767146837,North Oaks,Minnesota,"Minneapolis-St. Paul, MN",55126,LOCATION_OF_PRESENCE,25,2,5.47,0.08,0,
2026|08,Leads-Search-1,22767146837,Savage,Minnesota,"Minneapolis-St. Paul, MN",55378,LOCATION_OF_PRESENCE,40,5,5.4,0.125,0,
2026|08,Leads-Search-1,22767146837,Eagan,Minnesota,"Minneapolis-St. Paul, MN",55122,LOCATION_OF_PRESENCE,32,2,5.21,0.0625,0,
2026|08,Leads-Search-1,22767146837,Minneapolis,Minnesota,"Minneapolis-St. Paul, MN",55417,LOCATION_OF_PRESENCE,52,2,5.09,0.0385,0,
2026|08,Leads-Search-1,22767146837,Dellwood,Minnesota,"Minneapolis-St. Paul, MN",55110,LOCATION_OF_PRESENCE,38,2,5.07,0.0526,0,
2026|08,Leads-Search-1,22767146837,Saint Paul,Minnesota,"Minneapolis-St. Paul, MN",55130,LOCATION_OF_PRESENCE,11,2,4.93,0.1818,0,
2026|08,Leads-Search-1,22767146837,Blaine,Minnesota,"Minneapolis-St. Paul, MN",55434,LOCATION_OF_PRESENCE,41,2,4.82,0.0488,0,
2026|08,Leads-Search-1,22767146837,Bloomington,Minnesota,"Minneapolis-St. Paul, MN",55420,LOCATION_OF_PRESENCE,74,2,4.76,0.027,0,
2026|08,Leads-Search-1,22767146837,St. Louis Park,Minnesota,"Minneapolis-St. Paul, MN",55426,LOCATION_OF_PRESENCE,37,2,4.53,0.0541,0,
2026|08,Leads-Search-1,22767146837,Plymouth,Minnesota,"Minneapolis-St. Paul, MN",55442,LOCATION_OF_PRESENCE,38,2,4.5,0.0526,0,
2026|08,Leads-Search-1,22767146837,Saint Michael,Minnesota,"Minneapolis-St. Paul, MN",55376,LOCATION_OF_PRESENCE,13,2,4.2864,0.1538,0,
2026|08,Leads-Search-1,22767146837,Oak Grove,Minnesota,"Minneapolis-St. Paul, MN",55303,LOCATION_OF_PRESENCE,49,2,4.07,0.0408,0,
2026|08,Leads-Search-1,22767146837,Minneapolis,Minnesota,"Minneapolis-St. Paul, MN",55409,LOCATION_OF_PRESENCE,17,2,3.93,0.1176,1,3.93
2026|08,Leads-Search-1,22767146837,Minneapolis,Minnesota,"Minneapolis-St. Paul, MN",55407,LOCATION_OF_PRESENCE,56,2,3.87,0.0357,0,
2026|08,Leads-Search-1,22767146837,Chanhassen,Minnesota,"Minneapolis-St. Paul, MN",55317,LOCATION_OF_PRESENCE,59,2,3.42,0.0339,0,
2026|08,Leads-Search-1,22767146837,Delano,Minnesota,"Minneapolis-St. Paul, MN",55328,LOCATION_OF_PRESENCE,20,2,2.92,0.1,0,
2026|08,Leads-Search-1,22767146837,Minnetonka,Minnesota,"Minneapolis-St. Paul, MN",55305,LOCATION_OF_PRESENCE,76,1,2.91,0.0132,0,
2026|08,Leads-Search-1,22767146837,Saint Anthony,Minnesota,"Minneapolis-St. Paul, MN",55418,LOCATION_OF_PRESENCE,57,1,2.91,0.0175,0,
2026|08,Leads-Search-1,22767146837,Otsego,Minnesota,"Minneapolis-St. Paul, MN",55330,LOCATION_OF_PRESENCE,20,2,2.896,0.1,0,
2026|08,Leads-Search-1,22767146837,Bloomington,Minnesota,"Minneapolis-St. Paul, MN",55437,LOCATION_OF_PRESENCE,28,1,2.82,0.0357,0,
2026|08,Leads-Search-1,22767146837,Brooklyn Park,Minnesota,"Minneapolis-St. Paul, MN",55445,LOCATION_OF_PRESENCE,19,2,2.77,0.1053,0,
2026|08,Leads-Search-1,22767146837,Saint Paul,Minnesota,"Minneapolis-St. Paul, MN",55117,LOCATION_OF_PRESENCE,10,1,2.39,0.1,0,
2026|08,Leads-Search-1,22767146837,Lino Lakes,Minnesota,"Minneapolis-St. Paul, MN",55014,LOCATION_OF_PRESENCE,21,1,2.32,0.0476,0,
2026|08,Leads-Search-1,22767146837,Saint Paul,Minnesota,"Minneapolis-St. Paul, MN",55111,LOCATION_OF_PRESENCE,24,1,2.32,0.0417,0,
2026|08,Leads-Search-1,22767146837,Edina,Minnesota,"Minneapolis-St. Paul, MN",55439,LOCATION_OF_PRESENCE,20,1,2.3,0.05,0,
2026|08,Leads-Search-1,22767146837,Saint Anthony,Minnesota,"Minneapolis-St. Paul, MN",55421,LOCATION_OF_PRESENCE,34,1,2.3,0.0294,0,
2026|08,Leads-Search-1,22767146837,Burnsville,Minnesota,"Minneapolis-St. Paul, MN",55306,LOCATION_OF_PRESENCE,15,1,2.29,0.0667,0,
2026|08,Leads-Search-1,22767146837,Orono,Minnesota,"Minneapolis-St. Paul, MN",55356,LOCATION_OF_PRESENCE,8,1,2.29,0.125,0,
2026|08,Leads-Search-1,22767146837,St. Louis Park,Minnesota,"Minneapolis-St. Paul, MN",55424,LOCATION_OF_PRESENCE,22,1,2.28,0.0455,0,
2026|08,Leads-Search-1,22767146837,West Saint Paul,Minnesota,"Minneapolis-St. Paul, MN",55118,LOCATION_OF_PRESENCE,20,1,2.19,0.05,0,
2026|08,Leads-Search-1,22767146837,Corcoran,Minnesota,"Minneapolis-St. Paul, MN",55340,LOCATION_OF_PRESENCE,23,1,2.17,0.0435,0,
2026|08,Leads-Search-1,22767146837,Apple Valley,Minnesota,"Minneapolis-St. Paul, MN",55124,LOCATION_OF_PRESENCE,54,1,2.16,0.0185,1,2.16
2026|08,Leads-Search-1,22767146837,South Saint Paul,Minnesota,"Minneapolis-St. Paul, MN",55076,LOCATION_OF_PRESENCE,20,1,2.16,0.05,0,
2026|08,Leads-Search-1,22767146837,Carver,Minnesota,"Minneapolis-St. Paul, MN",55315,LOCATION_OF_PRESENCE,3,1,2.11,0.3333,0,
2026|08,Leads-Search-1,22767146837,St. Louis Park,Minnesota,"Minneapolis-St. Paul, MN",55436,LOCATION_OF_PRESENCE,31,1,2.02,0.0323,0,
2026|08,Leads-Search-1,22767146837,Belle Plaine,Minnesota,"Minneapolis-St. Paul, MN",56011,LOCATION_OF_PRESENCE,2,2,1.4,1,0,
2026|08,Leads-Search-1,22767146837,New Brighton,Minnesota,"Minneapolis-St. Paul, MN",55112,LOCATION_OF_PRESENCE,33,1,1.26,0.0303,0,
2026|08,Leads-Search-1,22767146837,Spring Lake Park,Minnesota,"Minneapolis-St. Paul, MN",55432,LOCATION_OF_PRESENCE,16,2,0.99,0.125,0,
2026|08,Leads-Search-1,22767146837,Saint Paul,Minnesota,"Minneapolis-St. Paul, MN",55102,LOCATION_OF_PRESENCE,6,1,0.9641,0.1667,0,
2026|08,Leads-Search-1,22767146837,South Saint Paul,Minnesota,"Minneapolis-St. Paul, MN",55077,LOCATION_OF_PRESENCE,18,2,0.95,0.1111,0,
2026|08,Leads-Search-1,22767146837,Minneapolis,Minnesota,"Minneapolis-St. Paul, MN",55418,LOCATION_OF_PRESENCE,5,1,0.91,0.2,0,
2026|08,Leads-Search-1,22767146837,Eden Prairie,Minnesota,"Minneapolis-St. Paul, MN",55344,LOCATION_OF_PRESENCE,47,1,0.87,0.0213,0,
2026|08,Leads-Search-1,22767146837,Eden Prairie,Minnesota,"Minneapolis-St. Paul, MN",55346,LOCATION_OF_PRESENCE,30,1,0.72,0.0333,0,
2026|08,Leads-Search-1,22767146837,Bloomington,Minnesota,"Minneapolis-St. Paul, MN",55425,LOCATION_OF_PRESENCE,51,1,0.6549,0.0196,0,
2026|08,Leads-Search-1,22767146837,Robbinsdale,Minnesota,"Minneapolis-St. Paul, MN",55422,LOCATION_OF_PRESENCE,41,1,0.5474,0.0244,0,
2026|08,Leads-Search-1,22767146837,Rosemount,Minnesota,"Minneapolis-St. Paul, MN",55068,LOCATION_OF_PRESENCE,32,1,0.34,0.0313,0,
2026|08,Leads-Search-1,22767146837,Bloomington,Minnesota,"Minneapolis-St. Paul, MN",55431,LOCATION_OF_PRESENCE,41,0,0,0,0,
2026|08,Leads-Search-1,22767146837,Bloomington,Minnesota,"Minneapolis-St. Paul, MN",55438,LOCATION_OF_PRESENCE,23,0,0,0,0,
2026|08,Leads-Search-1,22767146837,Brooklyn Center,Minnesota,"Minneapolis-St. Paul, MN",55430,LOCATION_OF_PRESENCE,10,0,0,0,0,
2026|08,Leads-Search-1,22767146837,Brooklyn Park,Minnesota,"Minneapolis-St. Paul, MN",55444,LOCATION_OF_PRESENCE,15,0,0,0,0,
2026|08,Leads-Search-1,22767146837,Champlin,Minnesota,"Minneapolis-St. Paul, MN",55316,LOCATION_OF_PRESENCE,42,0,0,0,0,
2026|08,Leads-Search-1,22767146837,Cologne,Minnesota,"Minneapolis-St. Paul, MN",55322,LOCATION_OF_PRESENCE,2,0,0,0,0,
2026|08,Leads-Search-1,22767146837,Cottage Grove,Minnesota,"Minneapolis-St. Paul, MN",55016,LOCATION_OF_PRESENCE,6,0,0,0,0,
2026|08,Leads-Search-1,22767146837,Crystal,Minnesota,"Minneapolis-St. Paul, MN",55429,LOCATION_OF_PRESENCE,13,0,0,0,0,
2026|08,Leads-Search-1,22767146837,Eagan,Minnesota,"Minneapolis-St. Paul, MN",55121,LOCATION_OF_PRESENCE,13,0,0,0,0,
2026|08,Leads-Search-1,22767146837,Elko New Market,Minnesota,"Minneapolis-St. Paul, MN",55020,LOCATION_OF_PRESENCE,4,0,0,0,0,
2026|08,Leads-Search-1,22767146837,Falcon Heights,Minnesota,"Minneapolis-St. Paul, MN",55108,LOCATION_OF_PRESENCE,17,0,0,0,0,
2026|08,Leads-Search-1,22767146837,Farmington,Minnesota,"Minneapolis-St. Paul, MN",55024,LOCATION_OF_PRESENCE,13,0,0,0,0,
2026|08,Leads-Search-1,22767146837,Ham Lake,Minnesota,"Minneapolis-St. Paul, MN",55304,LOCATION_OF_PRESENCE,37,0,0,0,0,
2026|08,Leads-Search-1,22767146837,Independence,Minnesota,"Minneapolis-St. Paul, MN",55357,LOCATION_OF_PRESENCE,7,0,0,0,0,
2026|08,Leads-Search-1,22767146837,Independence,Minnesota,"Minneapolis-St. Paul, MN",55359,LOCATION_OF_PRESENCE,2,0,0,0,0,
2026|08,Leads-Search-1,22767146837,Jordan,Minnesota,"Minneapolis-St. Paul, MN",55352,LOCATION_OF_PRESENCE,11,0,0,0,0,
2026|08,Leads-Search-1,22767146837,Maplewood,Minnesota,"Minneapolis-St. Paul, MN",55119,LOCATION_OF_PRESENCE,22,0,0,0,0,
2026|08,Leads-Search-1,22767146837,Mayer,Minnesota,"Minneapolis-St. Paul, MN",55360,LOCATION_OF_PRESENCE,1,0,0,0,0,
2026|08,Leads-Search-1,22767146837,Mendota Heights,Minnesota,"Minneapolis-St. Paul, MN",55120,LOCATION_OF_PRESENCE,4,0,0,0,0,
2026|08,Leads-Search-1,22767146837,Minneapolis,Minnesota,"Minneapolis-St. Paul, MN",55405,LOCATION_OF_PRESENCE,22,0,0,0,0,
2026|08,Leads-Search-1,22767146837,Minneapolis,Minnesota,"Minneapolis-St. Paul, MN",55411,LOCATION_OF_PRESENCE,42,0,0,0,0,
2026|08,Leads-Search-1,22767146837,Minneapolis,Minnesota,"Minneapolis-St. Paul, MN",55412,LOCATION_OF_PRESENCE,35,0,0,0,0,
2026|08,Leads-Search-1,22767146837,Minneapolis,Minnesota,"Minneapolis-St. Paul, MN",55450,LOCATION_OF_PRESENCE,2,0,0,0,0,
2026|08,Leads-Search-1,22767146837,Minnetrista,Minnesota,"Minneapolis-St. Paul, MN",55375,LOCATION_OF_PRESENCE,1,0,0,0,0,
2026|08,Leads-Search-1,22767146837,Minnetrista,Minnesota,"Minneapolis-St. Paul, MN",55388,LOCATION_OF_PRESENCE,8,0,0,0,0,
2026|08,Leads-Search-1,22767146837,New Hope,Minnesota,"Minneapolis-St. Paul, MN",55427,LOCATION_OF_PRESENCE,17,0,0,0,0,
2026|08,Leads-Search-1,22767146837,New Hope,Minnesota,"Minneapolis-St. Paul, MN",55428,LOCATION_OF_PRESENCE,9,0,0,0,0,
2026|08,Leads-Search-1,22767146837,Newport,Minnesota,"Minneapolis-St. Paul, MN",55055,LOCATION_OF_PRESENCE,9,0,0,0,0,
2026|08,Leads-Search-1,22767146837,North Oaks,Minnesota,"Minneapolis-St. Paul, MN",55127,LOCATION_OF_PRESENCE,10,0,0,0,0,
2026|08,Leads-Search-1,22767146837,Otsego,Minnesota,"Minneapolis-St. Paul, MN",55301,LOCATION_OF_PRESENCE,4,0,0,0,0,
2026|08,Leads-Search-1,22767146837,Otsego,Minnesota,"Minneapolis-St. Paul, MN",55362,LOCATION_OF_PRESENCE,11,0,0,0,0,
2026|08,Leads-Search-1,22767146837,Rockford,Minnesota,"Minneapolis-St. Paul, MN",55373,LOCATION_OF_PRESENCE,9,0,0,0,0,
2026|08,Leads-Search-1,22767146837,Saint Paul,Minnesota,"Minneapolis-St. Paul, MN",55103,LOCATION_OF_PRESENCE,5,0,0,0,0,
2026|08,Leads-Search-1,22767146837,Saint Paul,Minnesota,"Minneapolis-St. Paul, MN",55104,LOCATION_OF_PRESENCE,13,0,0,0,0,
2026|08,Leads-Search-1,22767146837,Saint Paul,Minnesota,"Minneapolis-St. Paul, MN",55106,LOCATION_OF_PRESENCE,17,0,0,0,0,
2026|08,Leads-Search-1,22767146837,Saint Paul,Minnesota,"Minneapolis-St. Paul, MN",55107,LOCATION_OF_PRESENCE,10,0,0,0,0,
2026|08,Leads-Search-1,22767146837,Saint Paul,Minnesota,"Minneapolis-St. Paul, MN",55114,LOCATION_OF_PRESENCE,2,0,0,0,0,
2026|08,Leads-Search-1,22767146837,Saint Paul Park,Minnesota,"Minneapolis-St. Paul, MN",55071,LOCATION_OF_PRESENCE,3,0,0,0,0,
2026|08,Leads-Search-1,22767146837,Shakopee,Minnesota,"Minneapolis-St. Paul, MN",55372,LOCATION_OF_PRESENCE,20,0,0,0,0,
2026|08,Leads-Search-1,22767146837,South Saint Paul,Minnesota,"Minneapolis-St. Paul, MN",55075,LOCATION_OF_PRESENCE,21,0,0,0,0,
2026|08,Leads-Search-1,22767146837,Wayzata,Minnesota,"Minneapolis-St. Paul, MN",55391,LOCATION_OF_PRESENCE,7,0,0,0,0,
2026|08,Leads-Search-1,22767146837,West Saint Paul,Minnesota,"Minneapolis-St. Paul, MN",55107,LOCATION_OF_PRESENCE,10,0,0,0,0,
2026|08,Leads-Search-1,22767146837,Woodbury,Minnesota,"Minneapolis-St. Paul, MN",55125,LOCATION_OF_PRESENCE,20,0,0,0,0,
2026|08,Leads-Search-1,22767146837,Woodbury,Minnesota,"Minneapolis-St. Paul, MN",55129,LOCATION_OF_PRESENCE,1,0,0,0,0,
2026|09,Leads-Search-1,22767146837,St. Louis Park,Minnesota,"Minneapolis-St. Paul, MN",55426,LOCATION_OF_PRESENCE,13,4,9.95,0.3077,0,
2026|09,Leads-Search-1,22767146837,Champlin,Minnesota,"Minneapolis-St. Paul, MN",55316,LOCATION_OF_PRESENCE,10,3,7.14,0.3,0,
2026|09,Leads-Search-1,22767146837,Savage,Minnesota,"Minneapolis-St. Paul, MN",55378,LOCATION_OF_PRESENCE,18,3,6.99,0.1667,0,
2026|09,Leads-Search-1,22767146837,Brooklyn Park,Minnesota,"Minneapolis-St. Paul, MN",55443,LOCATION_OF_PRESENCE,16,2,5.46,0.125,0,
2026|09,Leads-Search-1,22767146837,Minneapolis,Minnesota,"Minneapolis-St. Paul, MN",55414,LOCATION_OF_PRESENCE,42,3,5.28,0.0714,0,
2026|09,Leads-Search-1,22767146837,Coon Rapids,Minnesota,"Minneapolis-St. Paul, MN",55433,LOCATION_OF_PRESENCE,15,2,4.62,0.1333,0,
2026|09,Leads-Search-1,22767146837,Ham Lake,Minnesota,"Minneapolis-St. Paul, MN",55304,LOCATION_OF_PRESENCE,10,2,4.48,0.2,0,
2026|09,Leads-Search-1,22767146837,Minneapolis,Minnesota,"Minneapolis-St. Paul, MN",55405,LOCATION_OF_PRESENCE,10,1,2.88,0.1,0,
2026|09,Leads-Search-1,22767146837,Minnetrista,Minnesota,"Minneapolis-St. Paul, MN",55388,LOCATION_OF_PRESENCE,7,1,2.82,0.1429,0,
2026|09,Leads-Search-1,22767146837,Otsego,Minnesota,"Minneapolis-St. Paul, MN",55374,LOCATION_OF_PRESENCE,15,1,2.8,0.0667,0,
2026|09,Leads-Search-1,22767146837,Minneapolis,Minnesota,"Minneapolis-St. Paul, MN",55413,LOCATION_OF_PRESENCE,20,2,2.77,0.1,0,
2026|09,Leads-Search-1,22767146837,St. Louis Park,Minnesota,"Minneapolis-St. Paul, MN",55436,LOCATION_OF_PRESENCE,7,1,2.53,0.1429,0,
2026|09,Leads-Search-1,22767146837,Edina,Minnesota,"Minneapolis-St. Paul, MN",55439,LOCATION_OF_PRESENCE,14,1,2.32,0.0714,0,
2026|09,Leads-Search-1,22767146837,Coon Rapids,Minnesota,"Minneapolis-St. Paul, MN",55448,LOCATION_OF_PRESENCE,10,1,2.31,0.1,0,
2026|09,Leads-Search-1,22767146837,Maple Grove,Minnesota,"Minneapolis-St. Paul, MN",55369,LOCATION_OF_PRESENCE,26,1,2.3,0.0385,0,
2026|09,Leads-Search-1,22767146837,Minneapolis,Minnesota,"Minneapolis-St. Paul, MN",55419,LOCATION_OF_PRESENCE,17,1,2.18,0.0588,0,
2026|09,Leads-Search-1,22767146837,Minneapolis,Minnesota,"Minneapolis-St. Paul, MN",55403,LOCATION_OF_PRESENCE,38,1,2.17,0.0263,0,
2026|09,Leads-Search-1,22767146837,Blaine,Minnesota,"Minneapolis-St. Paul, MN",55449,LOCATION_OF_PRESENCE,22,1,1.7762,0.0455,0,
2026|09,Leads-Search-1,22767146837,Saint Michael,Minnesota,"Minneapolis-St. Paul, MN",55376,LOCATION_OF_PRESENCE,12,1,1.69,0.0833,1,1.69
2026|09,Leads-Search-1,22767146837,Jordan,Minnesota,"Minneapolis-St. Paul, MN",55352,LOCATION_OF_PRESENCE,8,1,1.6,0.125,0,
2026|09,Leads-Search-1,22767146837,Minneapolis,Minnesota,"Minneapolis-St. Paul, MN",55411,LOCATION_OF_PRESENCE,10,1,1.57,0.1,0,
2026|09,Leads-Search-1,22767146837,Plymouth,Minnesota,"Minneapolis-St. Paul, MN",55441,LOCATION_OF_PRESENCE,18,2,1.34,0.1111,0,
2026|09,Leads-Search-1,22767146837,Saint Anthony,Minnesota,"Minneapolis-St. Paul, MN",55418,LOCATION_OF_PRESENCE,17,1,1.13,0.0588,0,
2026|09,Leads-Search-1,22767146837,Saint Anthony,Minnesota,"Minneapolis-St. Paul, MN",55421,LOCATION_OF_PRESENCE,7,1,0.89,0.1429,0,
2026|09,Leads-Search-1,22767146837,Brooklyn Park,Minnesota,"Minneapolis-St. Paul, MN",55444,LOCATION_OF_PRESENCE,6,1,0.87,0.1667,0,
2026|09,Leads-Search-1,22767146837,Blaine,Minnesota,"Minneapolis-St. Paul, MN",55434,LOCATION_OF_PRESENCE,14,0,0,0,0,
2026|09,Leads-Search-1,22767146837,Bloomington,Minnesota,"Minneapolis-St. Paul, MN",55420,LOCATION_OF_PRESENCE,10,0,0,0,0,
2026|09,Leads-Search-1,22767146837,Bloomington,Minnesota,"Minneapolis-St. Paul, MN",55425,LOCATION_OF_PRESENCE,5,0,0,0,0,
2026|09,Leads-Search-1,22767146837,Bloomington,Minnesota,"Minneapolis-St. Paul, MN",55431,LOCATION_OF_PRESENCE,8,0,0,0,0,
2026|09,Leads-Search-1,22767146837,Bloomington,Minnesota,"Minneapolis-St. Paul, MN",55437,LOCATION_OF_PRESENCE,11,0,0,0,0,
2026|09,Leads-Search-1,22767146837,Bloomington,Minnesota,"Minneapolis-St. Paul, MN",55438,LOCATION_OF_PRESENCE,8,0,0,0,0,
2026|09,Leads-Search-1,22767146837,Brooklyn Center,Minnesota,"Minneapolis-St. Paul, MN",55430,LOCATION_OF_PRESENCE,4,0,0,0,0,
2026|09,Leads-Search-1,22767146837,Brooklyn Park,Minnesota,"Minneapolis-St. Paul, MN",55445,LOCATION_OF_PRESENCE,3,0,0,0,0,
2026|09,Leads-Search-1,22767146837,Buffalo,Minnesota,"Minneapolis-St. Paul, MN",55313,LOCATION_OF_PRESENCE,1,0,0,0,0,
2026|09,Leads-Search-1,22767146837,Chanhassen,Minnesota,"Minneapolis-St. Paul, MN",55317,LOCATION_OF_PRESENCE,20,0,0,0,0,
2026|09,Leads-Search-1,22767146837,Chaska,Minnesota,"Minneapolis-St. Paul, MN",55318,LOCATION_OF_PRESENCE,22,0,0,0,0,
2026|09,Leads-Search-1,22767146837,Cologne,Minnesota,"Minneapolis-St. Paul, MN",55322,LOCATION_OF_PRESENCE,1,0,0,0,0,
2026|09,Leads-Search-1,22767146837,Dayton,Minnesota,"Minneapolis-St. Paul, MN",55327,LOCATION_OF_PRESENCE,6,0,0,0,0,
2026|09,Leads-Search-1,22767146837,Delano,Minnesota,"Minneapolis-St. Paul, MN",55328,LOCATION_OF_PRESENCE,10,0,0,0,0,
2026|09,Leads-Search-1,22767146837,Eden Prairie,Minnesota,"Minneapolis-St. Paul, MN",55344,LOCATION_OF_PRESENCE,13,0,0,0,0,
2026|09,Leads-Search-1,22767146837,Eden Prairie,Minnesota,"Minneapolis-St. Paul, MN",55346,LOCATION_OF_PRESENCE,8,0,0,0,0,
2026|09,Leads-Search-1,22767146837,Eden Prairie,Minnesota,"Minneapolis-St. Paul, MN",55347,LOCATION_OF_PRESENCE,16,0,0,0,0,
2026|09,Leads-Search-1,22767146837,Edina,Minnesota,"Minneapolis-St. Paul, MN",55410,LOCATION_OF_PRESENCE,13,0,0,0,0,
2026|09,Leads-Search-1,22767146837,Edina,Minnesota,"Minneapolis-St. Paul, MN",55435,LOCATION_OF_PRESENCE,18,0,0,0,0,
2026|09,Leads-Search-1,22767146837,Independence,Minnesota,"Minneapolis-St. Paul, MN",55359,LOCATION_OF_PRESENCE,1,0,0,0,0,
2026|09,Leads-Search-1,22767146837,Lino Lakes,Minnesota,"Minneapolis-St. Paul, MN",55014,LOCATION_OF_PRESENCE,5,0,0,0,0,
2026|09,Leads-Search-1,22767146837,Maple Grove,Minnesota,"Minneapolis-St. Paul, MN",55311,LOCATION_OF_PRESENCE,14,0,0,0,0,
2026|09,Leads-Search-1,22767146837,Minneapolis,Minnesota,"Minneapolis-St. Paul, MN",55404,LOCATION_OF_PRESENCE,33,0,0,0,0,
2026|09,Leads-Search-1,22767146837,Minneapolis,Minnesota,"Minneapolis-St. Paul, MN",55406,LOCATION_OF_PRESENCE,27,0,0,0,0,
2026|09,Leads-Search-1,22767146837,Minneapolis,Minnesota,"Minneapolis-St. Paul, MN",55407,LOCATION_OF_PRESENCE,17,0,0,0,0,
2026|09,Leads-Search-1,22767146837,Minneapolis,Minnesota,"Minneapolis-St. Paul, MN",55408,LOCATION_OF_PRESENCE,13,0,0,0,0,
2026|09,Leads-Search-1,22767146837,Minneapolis,Minnesota,"Minneapolis-St. Paul, MN",55409,LOCATION_OF_PRESENCE,6,0,0,0,0,
2026|09,Leads-Search-1,22767146837,Minneapolis,Minnesota,"Minneapolis-St. Paul, MN",55412,LOCATION_OF_PRESENCE,4,0,0,0,0,
2026|09,Leads-Search-1,22767146837,Minneapolis,Minnesota,"Minneapolis-St. Paul, MN",55417,LOCATION_OF_PRESENCE,12,0,0,0,0,
2026|09,Leads-Search-1,22767146837,Minneapolis,Minnesota,"Minneapolis-St. Paul, MN",55418,LOCATION_OF_PRESENCE,2,0,0,0,0,
2026|09,Leads-Search-1,22767146837,Minnetonka,Minnesota,"Minneapolis-St. Paul, MN",55305,LOCATION_OF_PRESENCE,18,0,0,0,0,
2026|09,Leads-Search-1,22767146837,Minnetonka,Minnesota,"Minneapolis-St. Paul, MN",55343,LOCATION_OF_PRESENCE,5,0,0,0,0,
2026|09,Leads-Search-1,22767146837,Minnetonka,Minnesota,"Minneapolis-St. Paul, MN",55345,LOCATION_OF_PRESENCE,11,0,0,0,0,
2026|09,Leads-Search-1,22767146837,Minnetrista,Minnesota,"Minneapolis-St. Paul, MN",55364,LOCATION_OF_PRESENCE,18,0,0,0,0,
2026|09,Leads-Search-1,22767146837,Minnetrista,Minnesota,"Minneapolis-St. Paul, MN",55375,LOCATION_OF_PRESENCE,1,0,0,0,0,
2026|09,Leads-Search-1,22767146837,New Hope,Minnesota,"Minneapolis-St. Paul, MN",55427,LOCATION_OF_PRESENCE,6,0,0,0,0,
2026|09,Leads-Search-1,22767146837,New Hope,Minnesota,"Minneapolis-St. Paul, MN",55428,LOCATION_OF_PRESENCE,7,0,0,0,0,
2026|09,Leads-Search-1,22767146837,New Prague,Minnesota,"Minneapolis-St. Paul, MN",56071,LOCATION_OF_PRESENCE,1,0,0,0,0,
2026|09,Leads-Search-1,22767146837,Oak Grove,Minnesota,"Minneapolis-St. Paul, MN",55303,LOCATION_OF_PRESENCE,21,0,0,0,0,
2026|09,Leads-Search-1,22767146837,Orono,Minnesota,"Minneapolis-St. Paul, MN",55356,LOCATION_OF_PRESENCE,2,0,0,0,0,
2026|09,Leads-Search-1,22767146837,Otsego,Minnesota,"Minneapolis-St. Paul, MN",55301,LOCATION_OF_PRESENCE,8,0,0,0,0,
2026|09,Leads-Search-1,22767146837,Otsego,Minnesota,"Minneapolis-St. Paul, MN",55330,LOCATION_OF_PRESENCE,9,0,0,0,0,
2026|09,Leads-Search-1,22767146837,Otsego,Minnesota,"Minneapolis-St. Paul, MN",55362,LOCATION_OF_PRESENCE,8,0,0,0,0,
2026|09,Leads-Search-1,22767146837,Plymouth,Minnesota,"Minneapolis-St. Paul, MN",55442,LOCATION_OF_PRESENCE,6,0,0,0,0,
2026|09,Leads-Search-1,22767146837,Plymouth,Minnesota,"Minneapolis-St. Paul, MN",55446,LOCATION_OF_PRESENCE,22,0,0,0,0,
2026|09,Leads-Search-1,22767146837,Plymouth,Minnesota,"Minneapolis-St. Paul, MN",55447,LOCATION_OF_PRESENCE,23,0,0,0,0,
2026|09,Leads-Search-1,22767146837,Richfield,Minnesota,"Minneapolis-St. Paul, MN",55423,LOCATION_OF_PRESENCE,16,0,0,0,0,
2026|09,Leads-Search-1,22767146837,Robbinsdale,Minnesota,"Minneapolis-St. Paul, MN",55422,LOCATION_OF_PRESENCE,6,0,0,0,0,
2026|09,Leads-Search-1,22767146837,Rockford,Minnesota,"Minneapolis-St. Paul, MN",55373,LOCATION_OF_PRESENCE,3,0,0,0,0,
2026|09,Leads-Search-1,22767146837,Shakopee,Minnesota,"Minneapolis-St. Paul, MN",55372,LOCATION_OF_PRESENCE,6,0,0,0,0,
2026|09,Leads-Search-1,22767146837,Shakopee,Minnesota,"Minneapolis-St. Paul, MN",55379,LOCATION_OF_PRESENCE,24,0,0,0,0,
2026|09,Leads-Search-1,22767146837,Shorewood,Minnesota,"Minneapolis-St. Paul, MN",55331,LOCATION_OF_PRESENCE,4,0,0,0,0,
2026|09,Leads-Search-1,22767146837,Spring Lake Park,Minnesota,"Minneapolis-St. Paul, MN",55432,LOCATION_OF_PRESENCE,10,0,0,0,0,
2026|09,Leads-Search-1,22767146837,St. Louis Park,Minnesota,"Minneapolis-St. Paul, MN",55416,LOCATION_OF_PRESENCE,20,0,0,0,0,
2026|09,Leads-Search-1,22767146837,St. Louis Park,Minnesota,"Minneapolis-St. Paul, MN",55424,LOCATION_OF_PRESENCE,5,0,0,0,0,
2026|09,Leads-Search-1,22767146837,Victoria,Minnesota,"Minneapolis-St. Paul, MN",55386,LOCATION_OF_PRESENCE,7,0,0,0,0,
2026|09,Leads-Search-1,22767146837,Waconia,Minnesota,"Minneapolis-St. Paul, MN",55387,LOCATION_OF_PRESENCE,8,0,0,0,0,
2026|09,Leads-Search-1,22767146837,Wayzata,Minnesota,"Minneapolis-St. Paul, MN",55391,LOCATION_OF_PRESENCE,3,0,0,0,0,
