Searchterm,Impressions,Clicks,Cost,Conversions,ConversionValue,CTR,CPC,CostPerConversion,Campaigns,AdGroups,MatchedKeywords,MatchTypes,QueryTargetingStatuses,NumRows
panka natural health,251,36,54.2071,18.0,242.0,0.1434,1.5058,3.0115,Leads-Search-1 | PNHdefense-Website traffic-Search-2,Ad group 1 | Pediatrics,holistic dr near me | panka natural health | pediatric naturopath near me,broad | exact,Added | None,3
holistic doctor near me,165,17,50.0713,7.0,7.0,0.103,2.9454,7.153,Leads-Search-1,Ad group 1 | Functional & Integrative Medicine | Geo-Qualified — Hopkins & West Metro | Naturopath Near Me — Core | Women's Health & Hormones,Hashimoto's naturopath | alternative medicine near me | female naturopath near me | functional holistic medicine | functional integrative medicine near me | functional medicine | functional medicine clinic near me | functional medicine doctor eden prairie | functional medicine doctors near me | functional medicine near me | functional medicine practitioner | holistic dr near me | hormone doctor near me | integrated doctor | integrative medicine doctors in my area | natural doctor near me | natural functional doctor | naturalist dr near me | naturopath for hormone imbalance | naturopath for women's health | naturopathic doctor near me | naturopathic practitioner near me | women's hormone specialist near me,broad | exact (close variant) | phrase (close variant),None,26
naturopathic doctor minneapolis,176,14,45.1719,8.5,8.5,0.0795,3.2266,5.3143,Leads-Search-1,Ad group 1 | Functional & Integrative Medicine | Geo-Qualified — Hopkins & West Metro | Women's Health & Hormones,female naturopath | functional medicine doctors near me | holistic dr near me | holistic medicine Minneapolis | naturopathic doctor Minneapolis,broad | exact | phrase (close variant),Added | None,6
functional medicine,283,11,40.4877,1.02,2.06,0.0389,3.6807,39.6938,Leads-Search-1,Ad group 1 | Functional & Integrative Medicine | Geo-Qualified — Hopkins & West Metro,functional doctor in my area | functional holistic medicine | functional integrative doctor | functional integrative medicine near me | functional medical clinic | functional medical doctors | functional medical physician | functional medicine | functional medicine doctor minnetonka | functional medicine doctors in my area | functional medicine doctors near me | functional medicine near me | holistic dr near me | holistic medicine Minneapolis | integrative doctor | integrative health near me | integrative medicine near me | men's health naturopath | natural pediatrician near me | naturopathic doctor Minneapolis | naturopathic doctor near me,broad | exact | phrase (close variant),Added | None,23
naturopathic doctor near me,178,19,40.0223,11.5,11.5,0.1067,2.1064,3.4802,Leads-Search-1,Ad group 1 | Functional & Integrative Medicine | Geo-Qualified — Hopkins & West Metro | Naturopath Near Me — Core | Women's Health & Hormones,functional medical physician | functional medicine near me | integrative medicine near me | natural doctor near me | natural healing doctors near me | naturopath for women's health | naturopathic doctor Minneapolis | naturopathic doctor near me | naturopathic dr near me,broad | exact | exact (close variant) | phrase (close variant),Added | None,10
functional medicine doctor,174,12,39.7064,7.0,7.0,0.069,3.3089,5.6723,Leads-Search-1,Ad group 1 | Functional & Integrative Medicine | Geo-Qualified — Hopkins & West Metro,alternative medicine doctors near me | functional doctor | functional doctor in my area | functional medical doctors | functional medicine | functional medicine doctor eden prairie | functional medicine doctor minnetonka | functional medicine doctors in my area | functional medicine doctors near me | functional medicine near me | holistic dr near me | holistic pediatricians near me | integrative health near me | integrative medicine doctors in my area | integrative medicine near me | natural functional doctor | natural pediatrician near me | naturopathic doctor Minneapolis | naturopathic doctor near me,broad | exact (close variant) | phrase,None,20
functional medicine doctor near me,200,12,28.4069,5.0,5.0,0.06,2.3672,5.6814,Leads-Search-1,Ad group 1 | Functional & Integrative Medicine | Geo-Qualified — Hopkins & West Metro | Naturopath Near Me — Core | Women's Health & Hormones,alternative medicine doctors near me | functional doctor in my area | functional integrative medicine near me | functional medical physician | functional medicine | functional medicine doctor eden prairie | functional medicine doctor edina | functional medicine doctor hopkins | functional medicine doctors in my area | functional medicine doctors near me | functional medicine for hormones | functional medicine near me | holistic dr near me | integrated doctor | integrative medicine near me | naturopathic doctor near me | naturopathic dr near me | naturopathic practitioner near me | naturopaths in my area,broad | exact (close variant) | phrase | phrase (close variant),None,21
integrative medicine,116,9,21.08,2.0,2.0,0.0776,2.3422,10.54,Leads-Search-1,Ad group 1 | Functional & Integrative Medicine | Geo-Qualified — Hopkins & West Metro | Women's Health & Hormones,functional doctor | functional doctor in my area | functional integrative doctor | functional integrative medicine near me | functional medical | functional medical clinic | functional medical doctors | functional medical physician | functional medicine | functional medicine doctor hopkins | functional medicine doctors in my area | functional medicine for hormones | functional medicine near me | functional medicines | holistic dr near me | holistic medicine Minneapolis | integrated and functional medicine | integrated doctor | integrative medicine doctors in my area | integrative medicine near me | men's health naturopath | natural functional doctor | natural medicine Minnesota | naturopathic doctor Minneapolis | naturopathic doctor near me,broad | phrase (close variant),None,28
functional medicine doctor minneapolis,117,7,20.576,8.0,8.0,0.0598,2.9394,2.572,Leads-Search-1,Ad group 1 | Functional & Integrative Medicine | Geo-Qualified — Hopkins & West Metro | Women's Health & Hormones,functional doctor | functional doctor in my area | functional medical clinic | functional medicine | functional medicine doctors in my area | functional medicine for hormones | functional medicine near me | functional medicine practitioner | holistic dr near me | holistic medicine Minneapolis | integrative medicine near me | men's health naturopath | natural pediatrician near me | naturopathic doctor Minneapolis | naturopathic doctor near me,broad | phrase | phrase (close variant),None,16
functional medicine near me,121,8,18.73,1.98,63.43,0.0661,2.3413,9.4596,Leads-Search-1,Ad group 1 | Functional & Integrative Medicine,functional integrative medicine near me | functional medicine clinic near me | functional medicine doctors in my area | functional medicine doctors near me | functional medicine near me | functional medicines | holistic dr near me | holistic medicine Minneapolis | integrative health near me | integrative medicine doctors in my area | integrative medicine near me | natural pediatrician near me | naturopathic doctor Minneapolis | naturopathic doctor near me,broad | exact | exact (close variant) | phrase (close variant),Added,16
women's health functional medicine near me,5,2,15.84,0.0,0.0,0.4,7.92,,Leads-Search-1,Ad group 1 | Women's Health & Hormones,holistic dr near me | women's health naturopath,broad | phrase (close variant),None,2
naturopathic doctor,228,9,14.922,1.5,1.5,0.0395,1.658,9.948,Leads-Search-1,Ad group 1 | Functional & Integrative Medicine | Geo-Qualified — Hopkins & West Metro | Naturopath Near Me — Core | Women's Health & Hormones,alternative medicine doctors near me | alternative medicine near me | best naturopath near me | female naturopath near me | fertility naturopath near me | functional doctor | functional doctor in my area | functional medicine | functional medicine doctor hopkins | functional medicine doctors near me | functional medicine for hormones | functional medicine near me | functional medicine practitioner | holistic dr near me | holistic medicine Minneapolis | hormone doctor near me | integrative doctor | integrative medicine near me | natural doctor near me | natural functional doctor | naturalist dr near me | naturopath for hormone imbalance | naturopath for hormones | naturopathic doctor Minneapolis | naturopathic doctor near me | naturopathic dr near me | naturopathic practitioner near me | naturopaths in my area | women's health naturopath | women's hormone specialist near me,broad | exact (close variant),None,33
holistic doctors near me,38,5,13.3403,1.0,1.0,0.1316,2.6681,13.3403,Leads-Search-1,Ad group 1 | Functional & Integrative Medicine | Geo-Qualified — Hopkins & West Metro | Naturopath Near Me — Core | Women's Health & Hormones,holistic dr near me | holistic medicine Minneapolis | integrative medicine near me | natural functional doctor | natural medicine Minnesota | naturopath for hormone imbalance | naturopathic doctor near me | naturopathic practitioner near me,broad | exact (close variant) | phrase (close variant),None,9
naturopath near me,31,4,13.21,1.0,1.0,0.129,3.3025,13.21,Leads-Search-1,Ad group 1 | Functional & Integrative Medicine | Naturopath Near Me — Core | Women's Health & Hormones,natural functional doctor | naturopathic doctor near me | naturopathic practitioner near me | women's health naturopath,broad | exact (close variant) | phrase (close variant),None,5
holistic doctor minneapolis,22,4,9.94,5.0,5.0,0.1818,2.485,1.988,Leads-Search-1,Ad group 1 | Functional & Integrative Medicine | Geo-Qualified — Hopkins & West Metro | Naturopath Near Me — Core,best functional doctor near me | functional medicine near me | holistic dr near me | holistic medicine Minneapolis | integrated doctor | natural functional doctor | naturalist dr near me | naturopathic doctor near me | naturopathic practitioner near me,broad | exact (close variant) | phrase (close variant),None,9
how to fix memory loss from depression,1,1,9.8429,0.0,0.0,1.0,9.8429,,Leads-Search-1,Functional & Integrative Medicine,functional holistic medicine,broad,None,1
functional medicine doctors near me,13,3,9.84,0.0,0.0,0.2308,3.28,,Leads-Search-1,Ad group 1 | Functional & Integrative Medicine,functional medicine | functional medicine doctors in my area | functional medicine doctors near me | holistic dr near me | integrative medicine near me | naturopathic doctor near me,broad | exact | exact (close variant) | phrase | phrase (close variant),Added,6
homeopathic doctors near me,57,3,8.73,0.0,0.0,0.0526,2.91,,Leads-Search-1,Ad group 1 | Functional & Integrative Medicine | Geo-Qualified — Hopkins & West Metro | Naturopath Near Me — Core,alternative medicine near me | holistic dr near me | integrative medicine doctors in my area | natural doctor near me | natural medicine Minnesota | natural pediatrician near me | naturopathic doctor near me,broad | phrase (close variant),None,9
integrative medicine near me,57,3,8.71,0.0,0.0,0.0526,2.9033,,Leads-Search-1,Ad group 1 | Functional & Integrative Medicine,integrative medicine near me | men's health naturopath | natural functional doctor | natural pediatrician near me,broad | exact,Added,5
holistic health minneapolis,7,4,8.67,0.0,0.0,0.5714,2.1675,,Leads-Search-1,Ad group 1 | Geo-Qualified — Hopkins & West Metro,holistic dr near me | holistic medicine Minneapolis | integrative medicine near me,broad | exact (close variant),None,4
hopkins clinic,4,1,8.52,0.0,0.0,0.25,8.52,,Leads-Search-1,Functional & Integrative Medicine,functional medical clinic,broad,None,1
functional medicine providers near me,11,2,8.4,2.0,2.0,0.1818,4.2,4.2,Leads-Search-1,Ad group 1,holistic dr near me | integrative medicine near me | natural pediatrician near me | naturopathic doctor near me,broad | phrase (close variant),None,5
chronic,1,1,8.1383,0.0,0.0,1.0,8.1383,,Leads-Search-1,Functional & Integrative Medicine,functional medicines,broad,None,1
healthpartners maple grove,2,2,7.97,0.0,0.0,1.0,3.985,,Leads-Search-1,Ad group 1,naturopathic doctor near me,broad,None,1
functional medicine minneapolis,87,2,7.96,0.0,0.0,0.023,3.98,,Leads-Search-1,Ad group 1 | Functional & Integrative Medicine | Geo-Qualified — Hopkins & West Metro | Pediatrics,functional doctor | functional doctor in my area | functional medical doctors | functional medical physician | functional medicine | functional medicine doctors in my area | functional medicine doctors near me | functional medicine near me | functional medicine practitioner | functional medicines | holistic dr near me | holistic medicine Minneapolis | integrative medicine near me | natural pediatrician near me | naturopathic doctor Minneapolis | naturopathic doctor near me | pediatric holistic doctor near me | pediatric naturopath near me,broad | phrase | phrase (close variant),None,22
functional medicine maple grove,22,3,7.07,1.0,1.0,0.1364,2.3567,7.07,Leads-Search-1,Ad group 1 | Functional & Integrative Medicine | Naturopath Near Me — Core,functional medical physician | functional medicine | holistic dr near me | integrative medicine near me | naturopathic doctor near me | naturopaths in my area,broad | phrase | phrase (close variant),None,6
menopause doctor near me,13,1,6.85,0.0,0.0,0.0769,6.85,,Leads-Search-1,Ad group 1 | Women's Health & Hormones,holistic dr near me | integrative medicine near me | naturopath for hormones | naturopathic doctor Minneapolis | naturopathic doctor near me | perimenopause doctor near me,broad | exact (close variant),None,6
naturopath minneapolis,12,2,6.73,3.0,3.0,0.1667,3.365,2.2433,Leads-Search-1,Ad group 1 | Geo-Qualified — Hopkins & West Metro,holistic dr near me | holistic medicine Minneapolis | integrative medicine near me | naturopathic doctor Minneapolis | naturopathic doctor near me,broad | exact (close variant) | phrase (close variant),None,6
fertility naturopath near me,3,2,6.7,0.0,0.0,0.6667,3.35,,Leads-Search-1,Ad group 1,naturopathic doctor near me,phrase (close variant),None,1
functional doctors near me,9,4,6.65,1.0,1.0,0.4444,1.6625,6.65,Leads-Search-1,Ad group 1 | Functional & Integrative Medicine,functional doctor in my area | holistic dr near me | naturopathic doctor near me,broad | exact (close variant),None,3
allergist near me,11,2,6.6167,1.0,1.0,0.1818,3.3083,6.6167,Leads-Search-1,Ad group 1 | Naturopath Near Me — Core | Pediatrics,holistic dr near me | natural doctor near me | natural pediatrician near me | pediatric naturopath near me,broad,None,4
low acth,1,2,6.42,0.0,0.0,2.0,3.21,,Leads-Search-1,Women's Health & Hormones,hormone doctor near me,broad,Excluded,1
cupping near me,3,2,6.3,0.0,0.0,0.6667,3.15,,Leads-Search-1,Ad group 1,alternative medicine doctors near me | holistic dr near me,broad,Excluded,2
holistic pediatrician near me,60,4,6.2429,0.0,0.0,0.0667,1.5607,,Leads-Search-1,Ad group 1 | Naturopath Near Me — Core | Pediatrics,holistic dr near me | holistic pediatricians near me | integrative medicine near me | natural pediatrician near me | naturopathic doctor near me | pediatric holistic doctor | pediatric naturopath near me,broad | exact (close variant) | phrase (close variant),None,9
endocrinologist plymouth mn,6,2,5.92,0.0,0.0,0.3333,2.96,,Leads-Search-1,Ad group 1 | Functional & Integrative Medicine | Women's Health & Hormones,functional medicine doctors in my area | functional medicine for hormones | holistic dr near me | naturopathic doctor Minneapolis,broad,None,4
functional health doctor near me,26,1,5.9,0.0,0.0,0.0385,5.9,,Leads-Search-1,Ad group 1 | Functional & Integrative Medicine | Naturopath Near Me — Core,alternative medicine doctors near me | functional doctor | functional medicine | functional medicine doctors near me | functional medicine near me | holistic dr near me | integrative medicine doctors in my area | integrative medicine near me | naturopathic doctor near me | naturopathic dr near me,broad | exact (close variant) | phrase (close variant),None,13
endometriosis specialist minnesota,3,2,5.8,0.0,0.0,0.6667,2.9,,Leads-Search-1,Women's Health & Hormones,women's health naturopath | women's hormone specialist near me,broad,None,2
pediatrician holistic near me,2,1,5.55,0.0,0.0,0.5,5.55,,Leads-Search-1,Pediatrics,holistic pediatricians near me,exact (close variant),None,1
craniosacral therapy near me,12,3,5.54,0.0,0.0,0.25,1.8467,,Leads-Search-1,Ad group 1 | Naturopath Near Me — Core,alternative medicine near me | holistic dr near me | integrative health near me | integrative medicine near me,broad | phrase (close variant),None,4
endometriosis specialist near me,7,2,5.51,0.0,0.0,0.2857,2.755,,Leads-Search-1,Women's Health & Hormones,endometriosis specialist near me | women's health naturopath | women's hormone specialist near me | women's naturopath near me,broad | exact,Added,4
naturalist pediatrician near me,2,1,5.42,0.0,0.0,0.5,5.42,,Leads-Search-1,Pediatrics,holistic pediatricians near me,exact (close variant),None,1
top rated functional medicine doctors near me,3,2,5.28,0.0,0.0,0.6667,2.64,,Leads-Search-1,Ad group 1 | Geo-Qualified — Hopkins & West Metro,holistic dr near me | holistic medicine Minneapolis,broad,None,2
natural path doctor near me,22,3,5.23,0.0,0.0,0.1364,1.7433,,Leads-Search-1,Ad group 1 | Functional & Integrative Medicine | Naturopath Near Me — Core,alternative medicine doctors near me | functional medical physician | functional medicine | integrative medicine near me | natural doctor near me | naturopathic doctor near me | naturopathic dr near me | naturopathic practitioner near me,broad | exact (close variant) | phrase (close variant),None,9
best integrative medicine doctors near me,5,1,5.2,0.0,0.0,0.2,5.2,,Leads-Search-1,Ad group 1 | Functional & Integrative Medicine,holistic dr near me | integrative medicine doctors in my area | integrative medicine near me,exact (close variant) | phrase (close variant),None,3
functional doctor near me,29,1,5.18,0.0,0.0,0.0345,5.18,,Leads-Search-1,Ad group 1 | Functional & Integrative Medicine | Geo-Qualified — Hopkins & West Metro | Naturopath Near Me — Core,functional doctor | functional doctor in my area | functional medicine doctor hopkins | holistic dr near me | integrative medicine near me | naturopathic doctor Minneapolis | naturopathic doctor near me,broad | exact (close variant) | phrase (close variant),None,9
functional medicine women's health near me,4,2,5.12,0.0,0.0,0.5,2.56,,Leads-Search-1,Ad group 1 | Women's Health & Hormones,holistic dr near me | integrative medicine near me | women's health naturopath,broad | phrase (close variant),None,3
dr panka,2,1,5.12,0.0,0.0,0.5,5.12,,PNHdefense-Website traffic-Search-2,Ad group 1,dr panka,exact,Added,1
energy healing near me,11,2,5.06,0.0,0.0,0.1818,2.53,,Leads-Search-1,Ad group 1 | Functional & Integrative Medicine,holistic dr near me | integrative health near me | integrative medicine near me | naturopathic doctor Minneapolis,broad,None,4
colonics minneapolis,4,1,5.04,0.0,0.0,0.25,5.04,,Leads-Search-1,Ad group 1,holistic dr near me,broad,None,1
hormone specialist minneapolis,15,2,5.02,0.0,0.0,0.1333,2.51,,Leads-Search-1,Ad group 1 | Women's Health & Hormones,fertility naturopath near me | functional medicine for hormones | holistic dr near me | hormone doctor near me | integrative medicine near me | natural medicine Minnesota | women's health naturopath | women's hormone specialist near me,broad,None,9
top rated functional medicine doctor near me,4,1,5.01,3.0,3.0,0.25,5.01,1.67,Leads-Search-1,Ad group 1 | Functional & Integrative Medicine,functional medicine doctors near me | integrative medicine near me,broad | exact (close variant),None,2
pediatricians that don t require vaccines,2,1,4.97,1.0,1.0,0.5,4.97,4.97,Leads-Search-1,Ad group 1,natural pediatrician near me,broad,None,1
erectile dysfunction uptodate,2,1,4.8662,0.0,0.0,0.5,4.8662,,Leads-Search-1,Men's Health,men's health naturopath | naturopath for men,broad,None,2
holistic chiropractors,2,1,4.8639,0.0,0.0,0.5,4.8639,,Leads-Search-1,Ad group 1,holistic dr near me,broad,None,1
holistic medicine minneapolis,29,2,4.84,0.0,0.0,0.069,2.42,,Leads-Search-1,Ad group 1 | Geo-Qualified — Hopkins & West Metro,holistic medicine Minneapolis,exact,Added,2
functional medical doctor near me,13,2,4.64,0.0,0.0,0.1538,2.32,,Leads-Search-1,Ad group 1 | Functional & Integrative Medicine,functional doctor in my area | functional medicine doctors near me | functional medicine near me | holistic dr near me | integrative medicine near me | natural pediatrician near me | naturopathic doctor near me,broad | exact (close variant),None,7
what is functional medicine,3,2,4.64,0.0,0.0,0.6667,2.32,,Leads-Search-1,Ad group 1 | Functional & Integrative Medicine,functional medicine,exact (close variant),None,2
first choice wellness near me,2,2,4.64,0.0,0.0,1.0,2.32,,Leads-Search-1,Functional & Integrative Medicine | Geo-Qualified — Hopkins & West Metro,functional medicine near me | natural medicine Minnesota,broad,None,2
testosterone test,4,1,4.62,0.0,0.0,0.25,4.62,,Leads-Search-1,Men's Health,male medical clinic near me | men's health naturopath | naturopath for low testosterone,broad,None,3
women's functional health near me,3,1,4.56,0.0,0.0,0.3333,4.56,,Leads-Search-1,Ad group 1 | Functional & Integrative Medicine,functional medicine near me | naturopathic doctor near me,broad | phrase (close variant),None,2
contraceptives for females,1,1,4.5142,1.0,65.0,1.0,4.5142,4.5142,Leads-Search-1,Women's Health & Hormones,hormone doctor near me,broad,None,1
holistic medicine,37,2,4.51,0.0,0.0,0.0541,2.255,,Leads-Search-1,Ad group 1 | Functional & Integrative Medicine | Geo-Qualified — Hopkins & West Metro | Naturopath Near Me — Core | Women's Health & Hormones,alternative medicine near me | female naturopath | functional medicine | functional medicine doctor hopkins | functional medicine doctors near me | holistic dr near me | holistic medicine Minneapolis | integrative medicine near me | natural doctor near me | natural medicine Minnesota | naturalist dr near me | naturopathic doctor near me | naturopaths in my area,broad,None,14
tcm minnesota,3,1,4.48,0.0,0.0,0.3333,4.48,,Leads-Search-1,Ad group 1,holistic dr near me,broad,None,1
acupuncture shakopee,1,1,4.476,0.0,0.0,1.0,4.476,,Leads-Search-1,Ad group 1,holistic dr near me,broad,None,1
fertility treatment options,1,1,4.4735,1.0,65.0,1.0,4.4735,4.4735,Leads-Search-1,Women's Health & Hormones,fertility naturopath near me,broad,None,1
holistic,7,3,4.4472,0.0,0.0,0.4286,1.4824,,Leads-Search-1,Ad group 1 | Naturopath Near Me — Core,alternative medicine doctors near me | alternative medicine near me | holistic dr near me | holistic medicine Minneapolis | integrative medicine near me,broad,Excluded,5
functional health providers near me,1,1,4.4367,2.0,2.0,1.0,4.4367,2.2184,Leads-Search-1,Ad group 1,holistic medicine Minneapolis,broad,None,1
naturopathic doctors twin cities,4,1,4.37,0.0,0.0,0.25,4.37,,Leads-Search-1,Ad group 1 | Functional & Integrative Medicine,functional medicine | holistic dr near me | naturopathic doctor near me,broad,None,3
naturopathic md,6,1,4.36,0.0,0.0,0.1667,4.36,,Leads-Search-1,Ad group 1,naturopathic doctor near me,exact (close variant),None,1
naturopathic doctors near me,12,1,4.301,2.0,2.0,0.0833,4.301,2.1505,Leads-Search-1,Ad group 1 | Naturopath Near Me — Core,alternative medicine doctors near me | natural doctor near me | naturalist dr near me | naturopathic doctor near me,exact (close variant),None,5
ibs doctor near me,4,1,4.29,0.0,0.0,0.25,4.29,,Leads-Search-1,Ad group 1,naturopathic doctor Minneapolis,broad,None,1
womens functional medicine near me,2,1,4.29,0.0,0.0,0.5,4.29,,Leads-Search-1,Functional & Integrative Medicine | Women's Health & Hormones,functional medicine for hormones | integrative medicine near me,broad | phrase (close variant),None,2
private practices near me,6,2,4.26,0.0,0.0,0.3333,2.13,,Leads-Search-1,Ad group 1,holistic dr near me | naturopathic doctor near me,broad,None,2
function health,10,1,4.2405,0.0,0.0,0.1,4.2405,,Leads-Search-1,Ad group 1 | Functional & Integrative Medicine,functional medicine | naturopathic doctor near me,broad | phrase (close variant),Excluded,2
homeopathic doctor mn,2,1,4.22,0.0,0.0,0.5,4.22,,Leads-Search-1,Ad group 1,naturopathic doctor near me,broad,None,1
functional medicine doctor near me takes insurance,2,1,4.196,0.0,0.0,0.5,4.196,,Leads-Search-1,Ad group 1,holistic dr near me,broad,None,1
perimenopause doctor near me,7,1,4.15,1.0,1.0,0.1429,4.15,4.15,Leads-Search-1,Ad group 1 | Women's Health & Hormones,holistic dr near me | hormone doctor near me | naturopathic doctor near me | perimenopause doctor near me | women's hormone specialist near me,broad | exact | phrase (close variant),Added | None,5
colon hydrotherapy minneapolis,9,2,4.14,0.0,0.0,0.2222,2.07,,Leads-Search-1,Ad group 1 | Functional & Integrative Medicine | Geo-Qualified — Hopkins & West Metro,functional integrative medicine near me | holistic dr near me | holistic medicine Minneapolis | naturopathic doctor near me,broad,None,4
doctor that specializes in diseases,18,3,4.0,0.0,0.0,0.1667,1.3333,,Leads-Search-1,Ad group 1,holistic dr near me | integrative medicine near me,broad,None,2
integrative health minneapolis,13,2,3.9825,5.0,5.0,0.1538,1.9912,0.7965,Leads-Search-1,Ad group 1 | Functional & Integrative Medicine | Naturopath Near Me — Core,holistic dr near me | integrative doctor | integrative medicine near me | natural pediatrician near me | naturalist dr near me | naturopathic doctor near me,broad,None,6
dr katie corazzo,5,1,3.97,0.0,0.0,0.2,3.97,,Leads-Search-1,Ad group 1,holistic dr near me | men's health naturopath | naturopathic doctor near me,broad,None,3
ayurvedic practitioner near me,11,1,3.95,0.0,0.0,0.0909,3.95,,Leads-Search-1,Ad group 1,holistic dr near me | holistic medicine Minneapolis | integrative medicine near me | naturopathic doctor near me,broad | phrase (close variant),None,4
functional health coach near me,5,1,3.93,0.0,0.0,0.2,3.93,,Leads-Search-1,Ad group 1,holistic dr near me,broad,None,1
kat hopkins,5,1,3.93,0.0,0.0,0.2,3.93,,Leads-Search-1,Ad group 1 | Functional & Integrative Medicine,functional medicine doctors near me | holistic dr near me | integrative medicine near me,broad,None,4
midi health reviews,1,1,3.93,0.0,0.0,1.0,3.93,,Leads-Search-1,Women's Health & Hormones,naturopath for women's health,broad,None,1
holistic gut doctor near me,3,2,3.93,0.0,0.0,0.6667,1.965,,Leads-Search-1,Ad group 1 | Functional & Integrative Medicine | Women's Health & Hormones,functional medical physician | natural pediatrician near me | naturopath for hormone imbalance,broad | phrase (close variant),None,3
where to go for acupuncture,3,1,3.9239,0.0,0.0,0.3333,3.9239,,Leads-Search-1,Ad group 1,holistic dr near me,broad,None,1
hormone testing near me women,2,1,3.89,0.0,0.0,0.5,3.89,,Leads-Search-1,Ad group 1,holistic dr near me,broad,None,1
naturalist doctor near me,2,1,3.89,0.0,0.0,0.5,3.89,,Leads-Search-1,Functional & Integrative Medicine | Naturopath Near Me — Core,holistic dr near me | integrative medicine near me,exact (close variant) | phrase (close variant),None,2
best chinese medicine doctor near me,5,1,3.8885,0.0,0.0,0.2,3.8885,,Leads-Search-1,Ad group 1,naturopathic doctor near me,broad,None,1
functional medicine doctors,21,1,3.88,0.0,0.0,0.0476,3.88,,Leads-Search-1,Ad group 1 | Functional & Integrative Medicine,functional doctor | functional medical doctors | functional medical physician | functional medicine doctors near me | holistic dr near me | integrative doctor | integrative medicine near me | naturopathic doctor near me,broad | exact (close variant) | phrase (close variant),None,8
function doctors,2,2,3.84,1.0,1.0,1.0,1.92,3.84,Leads-Search-1,Ad group 1,naturopathic doctor near me,broad,None,1
free gi doctor near me,1,2,3.8,0.0,0.0,2.0,1.9,,Leads-Search-1,Functional & Integrative Medicine,functional medicine doctors in my area,broad,None,1
natural medicine doctors near me,6,2,3.78,0.0,0.0,0.3333,1.89,,Leads-Search-1,Ad group 1,naturopathic doctor near me,exact (close variant),None,1
reiki minneapolis,10,1,3.74,0.0,0.0,0.1,3.74,,Leads-Search-1,Ad group 1 | Functional & Integrative Medicine,best functional doctors near me | holistic dr near me | holistic medicine Minneapolis | naturopathic doctor Minneapolis | naturopathic doctor near me,broad | phrase (close variant),None,5
holistic health ulcerative colitis,1,1,3.72,0.0,0.0,1.0,3.72,,Leads-Search-1,Naturopath Near Me — Core,naturopaths in my area,broad,None,1
wellness minneapolis,27,1,3.6665,0.0,0.0,0.037,3.6665,,Leads-Search-1,Ad group 1 | Functional & Integrative Medicine | Geo-Qualified — Hopkins & West Metro | Naturopath Near Me — Core | Women's Health & Hormones,functional doctor | functional doctor in my area | functional medicine | functional medicine for hormones | holistic dr near me | holistic medicine Minneapolis | integrative medicine near me | natural medicine Minnesota | naturalist dr near me | naturopathic doctor Minneapolis | naturopathic doctor near me | naturopaths in my area,broad | phrase (close variant),None,13
womens hormone specialist near me,1,1,3.63,1.0,65.0,1.0,3.63,3.63,Leads-Search-1,Women's Health & Hormones,women's hormone specialist near me,exact (close variant),None,1
integrative dermatology near me,2,2,3.61,0.0,0.0,1.0,1.805,,Leads-Search-1,Functional & Integrative Medicine,integrative medicine doctors in my area | integrative medicine near me,phrase (close variant),None,2
natural medication for adhd,1,1,3.61,0.0,0.0,1.0,3.61,,Leads-Search-1,Naturopath Near Me — Core,alternative medicine near me,broad,None,1
natural health doctors near me,5,1,3.59,0.0,0.0,0.2,3.59,,Leads-Search-1,Ad group 1 | Geo-Qualified — Hopkins & West Metro | Naturopath Near Me — Core,natural doctor near me | naturopathic doctor Minneapolis | naturopathic doctor near me | naturopathic practitioner near me,broad | exact (close variant),None,4
natural doctor,4,1,3.5822,0.0,0.0,0.25,3.5822,,Leads-Search-1,Ad group 1,naturopathic doctor near me,exact (close variant),None,1
female hormone therapy near me,1,1,3.5574,0.0,0.0,1.0,3.5574,,Leads-Search-1,Women's Health & Hormones,naturopath for hormones,broad,None,1
allina integrative medicine,5,1,3.53,0.0,0.0,0.2,3.53,,Leads-Search-1,Ad group 1,holistic dr near me | integrative medicine near me | naturopathic doctor near me,broad,None,3
hormone and gut health practitioner near me,2,1,3.53,0.0,0.0,0.5,3.53,,Leads-Search-1,Ad group 1,holistic dr near me,phrase (close variant),None,1
integrative health,36,1,3.52,0.0,0.0,0.0278,3.52,,Leads-Search-1,Ad group 1 | Functional & Integrative Medicine,functional doctor in my area | functional integrative doctor | functional medical | functional medicine | functional medicine clinic near me | functional medicine doctors in my area | functional medicine doctors near me | functional medicine near me | functional medicine practice near me | holistic dr near me | integrative medicine doctors in my area | integrative medicine near me | natural functional doctor | natural pediatrician near me | naturopathic doctor Minneapolis | naturopathic doctor near me,broad,None,16
women functional medicine,1,1,3.5,0.0,0.0,1.0,3.5,,Leads-Search-1,Women's Health & Hormones,hormone doctor near me,broad,None,1
best doctor for perimenopause near me,1,1,3.47,2.0,2.0,1.0,3.47,1.735,Leads-Search-1,Ad group 1,naturopathic doctor near me,broad,None,1
family medicine minneapolis,2,1,3.4424,0.0,0.0,0.5,3.4424,,Leads-Search-1,Ad group 1,naturopathic doctor near me,broad,None,1
holistic health practitioners near me,1,1,3.43,0.0,0.0,1.0,3.43,,Leads-Search-1,Naturopath Near Me — Core,natural doctor near me,exact (close variant),None,1
pediatrician allergist,1,1,3.43,0.0,0.0,1.0,3.43,,Leads-Search-1,Pediatrics,holistic pediatricians near me,broad,None,1
naturopathic pediatrician near me,7,3,3.4205,0.0,0.0,0.4286,1.1402,,Leads-Search-1,Ad group 1 | Pediatrics,holistic dr near me | holistic pediatricians near me | pediatric holistic doctor near me,exact (close variant) | phrase (close variant),None,3
homeopathic psychiatrist,1,1,3.3425,0.0,0.0,1.0,3.3425,,Leads-Search-1,Ad group 1,holistic dr near me,broad,None,1
family doctor minneapolis,3,1,3.3406,0.0,0.0,0.3333,3.3406,,Leads-Search-1,Ad group 1 | Functional & Integrative Medicine,functional medicine doctors near me | natural medicine Minnesota,broad,None,2
eastern medicine near me,3,1,3.26,0.0,0.0,0.3333,3.26,,Leads-Search-1,Ad group 1,naturopathic dr near me,broad,None,1
functional medicine nutritionist near me,4,1,3.26,0.0,0.0,0.25,3.26,,Leads-Search-1,Ad group 1,integrative medicine near me | naturopathic doctor Minneapolis | naturopathic doctor near me,broad | phrase (close variant),None,3
natural ob gyn near me,2,1,3.26,0.0,0.0,0.5,3.26,,Leads-Search-1,Ad group 1,integrative medicine near me,phrase (close variant),None,1
finding a doctor near me,1,2,3.2497,0.0,0.0,2.0,1.6248,,Leads-Search-1,Functional & Integrative Medicine,integrative medicine doctors in my area,broad,None,1
be well natural medicine,15,1,3.23,0.0,0.0,0.0667,3.23,,Leads-Search-1,Ad group 1 | Functional & Integrative Medicine | Naturopath Near Me — Core,holistic dr near me | integrative medicine near me | natural functional doctor | natural pediatrician near me | naturalist dr near me | naturopathic doctor near me,broad,Excluded,7
functional doctor,18,1,3.22,1.0,1.0,0.0556,3.22,3.22,Leads-Search-1,Ad group 1 | Functional & Integrative Medicine,functional doctor | functional medicine | functional medicine near me | holistic dr near me | integrative health near me | integrative medicine near me | natural functional doctor | natural medicine Minnesota | naturopathic doctor Minneapolis | naturopathic doctor near me,broad | exact | exact (close variant) | phrase (close variant),None,10
functional medicine doctor edina,9,1,3.21,1.0,1.0,0.1111,3.21,3.21,Leads-Search-1,Ad group 1 | Functional & Integrative Medicine | Geo-Qualified — Hopkins & West Metro,functional integrative medicine near me | functional medicine doctor edina | functional medicine doctors in my area | holistic dr near me | integrative medicine near me | natural pediatrician near me,broad | exact,Added | None,6
naturopathic doctor mn,7,1,3.2,0.0,0.0,0.1429,3.2,,Leads-Search-1,Ad group 1 | Naturopath Near Me — Core,alternative medicine near me | holistic dr near me | naturopathic doctor Minneapolis,broad | exact (close variant),None,3
holistic obgyn,3,1,3.2,2.0,2.0,0.3333,3.2,1.6,Leads-Search-1,Ad group 1 | Women's Health & Hormones,holistic dr near me | women's health naturopath,broad,None,2
natural healing near me,2,1,3.19,0.0,0.0,0.5,3.19,,Leads-Search-1,Ad group 1 | Functional & Integrative Medicine,functional medicine doctors near me | holistic dr near me,broad | exact (close variant),None,2
find a holistic doctor near me,2,1,3.18,0.0,0.0,0.5,3.18,,Leads-Search-1,Naturopath Near Me — Core,natural doctor near me,exact (close variant),None,1
costco fertility program,3,1,3.11,0.0,0.0,0.3333,3.11,,Leads-Search-1,Women's Health & Hormones,fertility naturopath near me | naturopath for fertility,broad,None,2
acupuncture treatment near me,1,1,3.09,0.0,0.0,1.0,3.09,,Leads-Search-1,Ad group 1,men's health naturopath,broad,None,1
dr dan mcdonald albertville mn,1,1,3.07,0.0,0.0,1.0,3.07,,Leads-Search-1,Ad group 1,holistic dr near me,broad,None,1
most effective ed treatment,2,1,3.06,0.0,0.0,0.5,3.06,,Leads-Search-1,Men's Health,naturopath for men,broad,None,1
acupuncture chaska,1,1,3.0489,0.0,0.0,1.0,3.0489,,Leads-Search-1,Ad group 1,holistic dr near me,broad,None,1
ayurveda near me,2,1,3.01,0.0,0.0,0.5,3.01,,Leads-Search-1,Ad group 1,holistic dr near me | naturopathic doctor near me,broad,None,2
brooklyn park health partners,1,1,3.0,0.0,0.0,1.0,3.0,,Leads-Search-1,Ad group 1,naturopathic doctor near me,broad,None,1
best functional medicine doctors near me,25,1,2.99,0.0,0.0,0.04,2.99,,Leads-Search-1,Ad group 1 | Functional & Integrative Medicine,functional doctor in my area | functional medicine | functional medicine doctors near me | functional medicine near me | holistic dr near me | integrative medicine near me | naturopathic doctor near me,broad | exact (close variant) | phrase,None,7
hashimotos specialists near me,2,1,2.9851,0.0,0.0,0.5,2.9851,,Leads-Search-1,Ad group 1,holistic dr near me | integrative medicine near me,broad,None,2
holistic endometriosis specialist near me,2,1,2.95,0.0,0.0,0.5,2.95,,Leads-Search-1,Ad group 1,holistic dr near me,phrase (close variant),None,1
severe daytime sleepiness,9,3,2.935,2.0,130.0,0.3333,0.9783,1.4675,Leads-Search-1,Men's Health,adrenal fatigue doctor near me,broad,None,1
naturopathic clinic near me,4,1,2.93,0.0,0.0,0.25,2.93,,Leads-Search-1,Ad group 1 | Functional & Integrative Medicine,integrative medicine near me | naturopathic doctor near me,exact (close variant) | phrase (close variant),None,2
obgyns near me,2,1,2.93,0.0,0.0,0.5,2.93,,Leads-Search-1,Women's Health & Hormones,women's health naturopath | women's hormone specialist near me,broad,None,2
alternative medicine near me,9,2,2.93,0.0,0.0,0.2222,1.465,,Leads-Search-1,Ad group 1 | Functional & Integrative Medicine | Naturopath Near Me — Core,alternative medicine doctors near me | alternative medicine near me | functional medicine doctors near me | holistic dr near me | integrative medicine near me | naturopathic doctor near me,broad | exact | exact (close variant),Added | None,7
perimenopause specialist near me,14,1,2.91,0.0,0.0,0.0714,2.91,,Leads-Search-1,Ad group 1 | Women's Health & Hormones,female naturopath | fertility naturopath near me | holistic dr near me | hormone doctor near me | integrative medicine near me | naturopath for hormone imbalance | naturopath for hormones | naturopathic doctor Minneapolis | perimenopause doctor near me | women's health naturopath | women's hormone specialist near me,broad | exact (close variant) | phrase (close variant),None,11
ago mom natural pregnancy stories,1,1,2.91,0.0,0.0,1.0,2.91,,Leads-Search-1,Women's Health & Hormones,women's health naturopath,broad,None,1
dr heather stone diet,1,1,2.91,0.0,0.0,1.0,2.91,,Leads-Search-1,Women's Health & Hormones,naturopath for hormone imbalance,broad,None,1
endometriosis doctor near me,2,1,2.91,0.0,0.0,0.5,2.91,,Leads-Search-1,Women's Health & Hormones,hormone doctor near me | women's health naturopath,broad,None,2
pcos doctors near me,3,1,2.91,0.0,0.0,0.3333,2.91,,Leads-Search-1,Women's Health & Hormones,naturopath for hormone imbalance | pcos specialist near me | women's health naturopath,broad | exact (close variant),None,3
weight gain and hormone replacement therapy,1,1,2.91,0.0,0.0,1.0,2.91,,Leads-Search-1,Women's Health & Hormones,functional medicine hormones,broad,None,1
dutch complete,1,1,2.9,0.0,0.0,1.0,2.9,,Leads-Search-1,Women's Health & Hormones,functional medicine for hormones,broad,None,1
menopause experts near me,1,1,2.9,0.0,0.0,1.0,2.9,,Leads-Search-1,Women's Health & Hormones,perimenopause doctor near me,exact (close variant),None,1
menopause specialist near me,36,1,2.89,0.0,0.0,0.0278,2.89,,Leads-Search-1,Ad group 1 | Naturopath Near Me — Core | Women's Health & Hormones,female naturopath | female naturopath near me | functional medicine for hormones | holistic dr near me | hormone doctor near me | integrative medicine near me | natural help for menopause | naturopath for fertility | naturopath for hormone imbalance | naturopath for hormones | naturopath for menopause | naturopathic doctor near me | naturopaths in my area | perimenopause doctor near me | women's health naturopath,broad | exact (close variant) | phrase (close variant),None,15
menopause symptoms,15,1,2.88,0.0,0.0,0.0667,2.88,,Leads-Search-1,Women's Health & Hormones,female naturopath | hormone doctor near me | natural help for menopause | women's health naturopath | women's hormone specialist near me,broad,None,5
hormonal doctor,3,1,2.88,0.0,0.0,0.3333,2.88,,Leads-Search-1,Women's Health & Hormones,hormone doctor near me,exact (close variant),None,1
women's clinic near me,8,1,2.88,1.0,0.0,0.125,2.88,2.88,Leads-Search-1,Women's Health & Hormones,female naturopath near me | fertility naturopath near me | hormone doctor near me | naturopath for hormones | women's health naturopath | women's hormone specialist near me,broad,None,6
fertility clinic minneapolis,2,1,2.88,0.0,0.0,0.5,2.88,,Leads-Search-1,Women's Health & Hormones,women's health naturopath | women's hormone specialist near me,broad,None,2
functional medicine doctors minneapolis,4,1,2.87,0.0,0.0,0.25,2.87,,Leads-Search-1,Ad group 1 | Functional & Integrative Medicine,functional integrative medicine near me | functional medicine | integrative medicine near me,broad | phrase,None,3
thyroid symptoms,4,1,2.87,0.0,0.0,0.25,2.87,,Leads-Search-1,Women's Health & Hormones,Hashimoto's naturopath | naturopath for hormone imbalance | naturopath for hormones,broad,None,3
hormone balance diet,1,1,2.86,0.0,0.0,1.0,2.86,,Leads-Search-1,Women's Health & Hormones,naturopath for hormone imbalance,broad,None,1
how do you treat perimenopause,1,1,2.85,0.0,0.0,1.0,2.85,,Leads-Search-1,Women's Health & Hormones,naturopath for hormone imbalance,broad,None,1
women clinic near me,2,1,2.85,0.0,0.0,0.5,2.85,,Leads-Search-1,Women's Health & Hormones,naturopath for hormone imbalance | women's hormone specialist near me,broad,None,2
homeopathic medicine near me,16,2,2.8462,0.0,0.0,0.125,1.4231,,Leads-Search-1,Ad group 1,holistic dr near me | integrative medicine near me,broad,None,2
functional health near me,4,1,2.84,0.0,0.0,0.25,2.84,,Leads-Search-1,Ad group 1 | Functional & Integrative Medicine | Naturopath Near Me — Core,integrative medicine near me | naturopathic doctor near me | naturopathic dr near me,broad | phrase (close variant),None,3
holistic women's health near me,10,1,2.83,0.0,0.0,0.1,2.83,,Leads-Search-1,Ad group 1 | Women's Health & Hormones,holistic dr near me | natural help for menopause | naturopathic doctor near me,broad | phrase (close variant),None,3
thyroid specialist minnesota,2,1,2.83,0.0,0.0,0.5,2.83,,Leads-Search-1,Ad group 1,holistic dr near me,broad,None,1
medicine for pcos,1,1,2.82,0.0,0.0,1.0,2.82,,Leads-Search-1,Women's Health & Hormones,female naturopath near me,broad,None,1
what do i take to balance my hormones,1,1,2.82,0.0,0.0,1.0,2.82,,Leads-Search-1,Women's Health & Hormones,naturopath for hormone imbalance,broad,None,1
naturopathic doctors in minnesota,5,2,2.81,1.0,1.0,0.4,1.405,2.81,Leads-Search-1,Ad group 1 | Functional & Integrative Medicine | Geo-Qualified — Hopkins & West Metro,functional medical physician | holistic dr near me | naturopathic doctor Minneapolis,broad | exact (close variant),None,4
symptoms of perimenopause and menopause,1,1,2.81,0.0,0.0,1.0,2.81,,Leads-Search-1,Women's Health & Hormones,women's health naturopath,broad,None,1
holistic nutritionist minneapolis,3,1,2.8024,0.0,0.0,0.3333,2.8024,,Leads-Search-1,Ad group 1,holistic dr near me,broad,None,1
hot flashes at night,2,1,2.8,0.0,0.0,0.5,2.8,,Leads-Search-1,Women's Health & Hormones,female naturopath | functional medicine for hormones,broad,None,2
m health women's clinic edina,1,1,2.8,0.0,0.0,1.0,2.8,,Leads-Search-1,Women's Health & Hormones,women's health naturopath,broad,None,1
health partners naturopath,4,1,2.79,0.0,0.0,0.25,2.79,,Leads-Search-1,Ad group 1,integrative medicine near me | naturopathic doctor near me,broad,None,2
holistic fertility doctor near me,9,1,2.78,1.0,1.0,0.1111,2.78,2.78,Leads-Search-1,Ad group 1,holistic dr near me,phrase (close variant),None,1
naturopaths minneapolis,6,1,2.78,0.0,0.0,0.1667,2.78,,Leads-Search-1,Ad group 1 | Geo-Qualified — Hopkins & West Metro,integrative medicine near me | naturopathic doctor Minneapolis,broad | exact (close variant),None,2
pcos specialist mn,3,1,2.78,0.0,0.0,0.3333,2.78,,Leads-Search-1,Women's Health & Hormones,functional medicine for hormones | women's health naturopath,broad,None,2
hashimoto's,2,1,2.78,0.0,0.0,0.5,2.78,,Leads-Search-1,Women's Health & Hormones,functional medicine for hormones | naturopath for hormone imbalance,broad,None,2
functional medicine doctor woodbury,5,1,2.7783,0.0,0.0,0.2,2.7783,,Leads-Search-1,Ad group 1,integrative medicine near me | naturopathic doctor near me,broad,None,2
functional medicine doctor st paul,4,2,2.7641,0.0,0.0,0.5,1.3821,,Leads-Search-1,Ad group 1 | Functional & Integrative Medicine,functional medicine | functional medicine practitioner | holistic dr near me | natural pediatrician near me,broad | phrase | phrase (close variant),None,4
homeopathy minneapolis,4,1,2.7577,0.0,0.0,0.25,2.7577,,Leads-Search-1,Ad group 1,integrative medicine near me | natural pediatrician near me,broad,None,2
lyme disease specialist minnesota,1,1,2.7484,0.0,0.0,1.0,2.7484,,Leads-Search-1,Ad group 1,holistic dr near me,broad,None,1
functional medicine clinic near me,16,1,2.73,0.0,0.0,0.0625,2.73,,Leads-Search-1,Ad group 1 | Functional & Integrative Medicine,functional medicine clinic near me | holistic dr near me,broad | exact,Added,3
pediatric direct primary care near me,1,1,2.73,0.0,0.0,1.0,2.73,,Leads-Search-1,Ad group 1,natural pediatrician near me,broad,None,1
pediatric naturopathic doctor,5,1,2.72,2.0,2.0,0.2,2.72,1.36,Leads-Search-1,Ad group 1 | Pediatrics,holistic dr near me | pediatric naturopath near me,broad | exact (close variant),None,2
holistic md near me,2,1,2.72,0.0,0.0,0.5,2.72,,Leads-Search-1,Ad group 1 | Functional & Integrative Medicine,holistic dr near me | integrative medicine doctors in my area,exact (close variant),None,2
mn acupuncture,1,1,2.72,0.0,0.0,1.0,2.72,,Leads-Search-1,Ad group 1,natural medicine Minnesota,phrase (close variant),None,1
holistic doctor,30,1,2.71,0.0,0.0,0.0333,2.71,,Leads-Search-1,Ad group 1 | Functional & Integrative Medicine | Naturopath Near Me — Core | Women's Health & Hormones,functional doctor | functional medicine near me | holistic dr near me | integrative doctor | natural pediatrician near me | naturalist dr near me | naturopath for hormone imbalance | naturopathic doctor near me | women's hormone specialist near me,broad | exact (close variant) | phrase (close variant),None,11
holistic health clinic,1,1,2.71,0.0,0.0,1.0,2.71,,Leads-Search-1,Ad group 1,holistic dr near me,broad,None,1
estrogen replacement options,1,1,2.7041,0.0,0.0,1.0,2.7041,,Leads-Search-1,Women's Health & Hormones,hormone doctor near me,broad,None,1
acupuncture pregnancy near me,2,1,2.6973,0.0,0.0,0.5,2.6973,,Leads-Search-1,Ad group 1,naturopathic doctor near me,broad,None,1
naturopathic doctor edina,20,1,2.69,0.0,0.0,0.05,2.69,,Leads-Search-1,Ad group 1 | Functional & Integrative Medicine | Geo-Qualified — Hopkins & West Metro | Women's Health & Hormones,female naturopath near me | functional medicine doctor edina | functional medicine doctor hopkins | functional medicine for hormones | holistic dr near me | holistic medicine Minneapolis | integrative doctor | integrative medicine near me | naturopath for women's health | naturopathic doctor near me | women's health naturopath,broad | phrase (close variant),None,11
fertility clinic maple grove mn,1,1,2.69,0.0,0.0,1.0,2.69,,Leads-Search-1,Women's Health & Hormones,women's health naturopath,broad,None,1
non traditional doctors near me,1,1,2.6811,0.0,0.0,1.0,2.6811,,Leads-Search-1,Functional & Integrative Medicine,functional medicine doctors near me,broad,None,1
chinese holistic doctor near me,2,1,2.68,2.0,2.0,0.5,2.68,1.34,Leads-Search-1,Ad group 1,naturopathic doctor near me,broad,None,1
black woman primary care doctor,1,1,2.68,0.0,0.0,1.0,2.68,,Leads-Search-1,Ad group 1,holistic dr near me,broad,None,1
bioidentical hormone replacement therapy near me,4,1,2.62,0.0,0.0,0.25,2.62,,Leads-Search-1,Ad group 1 | Women's Health & Hormones,holistic dr near me | hormone doctor near me | naturopathic doctor near me,broad | phrase (close variant),None,3
dr joanne conaway,2,1,2.62,0.0,0.0,0.5,2.62,,Leads-Search-1,Ad group 1,holistic dr near me,broad,None,1
hypothyroid specialist near me,2,1,2.62,0.0,0.0,0.5,2.62,,Leads-Search-1,Functional & Integrative Medicine | Women's Health & Hormones,functional medicine near me | hormone doctor near me,broad | phrase (close variant),Added | None,2
top rated holistic doctor near me,2,1,2.61,0.0,0.0,0.5,2.61,,Leads-Search-1,Ad group 1,naturopathic doctor near me,broad,None,1
holistic pediatrician,8,2,2.6073,0.0,0.0,0.25,1.3037,,Leads-Search-1,Ad group 1 | Pediatrics,holistic dr near me | holistic pediatricians near me | integrative medicine near me | naturopathic doctor Minneapolis | pediatric holistic doctor,broad | exact (close variant),None,5
holistic gynecologist near me,5,1,2.58,4.0,4.0,0.2,2.58,0.645,Leads-Search-1,Ad group 1,holistic dr near me | naturopathic doctor near me,broad | phrase (close variant),None,2
holistic health care near me,1,1,2.58,1.0,1.0,1.0,2.58,2.58,Leads-Search-1,Ad group 1,natural pediatrician near me,broad,None,1
holistic pediatrician vaccines,2,1,2.577,0.0,0.0,0.5,2.577,,Leads-Search-1,Ad group 1,holistic dr near me,broad,None,1
homeopathic health,2,1,2.57,0.0,0.0,0.5,2.57,,Leads-Search-1,Ad group 1,naturopathic doctor near me,broad,None,1
colonic,5,1,2.56,0.0,0.0,0.2,2.56,,Leads-Search-1,Ad group 1 | Functional & Integrative Medicine,functional integrative medicine near me | integrative doctor | integrative medicine near me,broad,Excluded,3
integrative doctors near me,2,1,2.56,0.0,0.0,0.5,2.56,,Leads-Search-1,Ad group 1,holistic dr near me,exact (close variant),None,1
acupuncture for endometriosis and fertility near me,1,1,2.56,0.0,0.0,1.0,2.56,,Leads-Search-1,Ad group 1,holistic dr near me,broad,None,1
one agora health bloomington,3,1,2.55,0.0,0.0,0.3333,2.55,,Leads-Search-1,Ad group 1,holistic dr near me,broad,None,1
lyme specialist near me,2,1,2.544,0.0,0.0,0.5,2.544,,Leads-Search-1,Ad group 1,holistic dr near me,broad,None,1
wellness doctors near me,7,2,2.54,0.0,0.0,0.2857,1.27,,Leads-Search-1,Ad group 1 | Geo-Qualified — Hopkins & West Metro | Naturopath Near Me — Core,holistic dr near me | integrative medicine near me | natural medicine Minnesota | naturopathic doctor near me,broad | exact (close variant) | phrase (close variant),None,5
holistic doctor for kids near me,1,2,2.54,0.0,0.0,2.0,1.27,,Leads-Search-1,Pediatrics,holistic pediatricians near me,exact (close variant),None,1
community health center minneapolis,2,1,2.52,1.0,0.0,0.5,2.52,2.52,Leads-Search-1,Functional & Integrative Medicine | Naturopath Near Me — Core,alternative medicine near me | functional medical physician,broad,None,2
acupuncture minnetonka,12,1,2.5,1.0,1.0,0.0833,2.5,2.5,Leads-Search-1,Ad group 1,holistic dr near me | men's health naturopath,broad,None,2
functional medicine doctor maple grove,12,1,2.5,0.0,0.0,0.0833,2.5,,Leads-Search-1,Ad group 1 | Functional & Integrative Medicine,functional doctor | functional medicine | holistic dr near me | integrative medicine near me | natural pediatrician near me,broad | phrase,None,5
serina aubrecht,5,1,2.49,0.0,0.0,0.2,2.49,,Leads-Search-1,Ad group 1,holistic dr near me | naturopathic doctor near me,broad,None,2
naturopaths in minnesota,4,1,2.47,0.0,0.0,0.25,2.47,,Leads-Search-1,Ad group 1,holistic dr near me,broad,None,1
integrative functional medicine near me,1,1,2.46,2.0,2.0,1.0,2.46,1.23,Leads-Search-1,Ad group 1,naturopathic doctor near me,broad,None,1
napro doctor near me,10,1,2.45,0.0,0.0,0.1,2.45,,Leads-Search-1,Ad group 1 | Women's Health & Hormones,fertility naturopath near me | functional medicine for hormones | holistic dr near me | hormone doctor near me | naturopath for hormone imbalance | naturopathic doctor near me | women's hormone specialist near me,broad,None,7
oak street health,5,1,2.41,0.0,0.0,0.2,2.41,,Leads-Search-1,Functional & Integrative Medicine | Geo-Qualified — Hopkins & West Metro,functional medicine doctor edina | functional medicine doctors near me | natural medicine Minnesota,broad,Excluded,3
best primary doctors near me,6,3,2.4049,0.0,0.0,0.5,0.8016,,Leads-Search-1,Ad group 1 | Functional & Integrative Medicine | Naturopath Near Me — Core,functional doctor | functional doctor in my area | functional integrative doctor | functional medicine doctors near me | naturalist dr near me | naturopathic doctor near me,broad,None,6
teen doctor near me,3,2,2.4,0.0,0.0,0.6667,1.2,,Leads-Search-1,Ad group 1,natural pediatrician near me,broad,None,1
biofeedback therapy near me,2,1,2.4,0.0,0.0,0.5,2.4,,Leads-Search-1,Ad group 1,naturopathic doctor near me,broad,None,1
iridologist near me,2,1,2.4,1.0,65.0,0.5,2.4,2.4,Leads-Search-1,Ad group 1 | Naturopath Near Me — Core,holistic dr near me | natural doctor near me,phrase (close variant),None,2
new kingdom healthcare,23,1,2.39,0.0,0.0,0.0435,2.39,,Leads-Search-1,Ad group 1 | Functional & Integrative Medicine | Geo-Qualified — Hopkins & West Metro | Naturopath Near Me — Core | Pediatrics,functional doctor in my area | functional medicine doctor eden prairie | functional medicine doctor edina | functional medicine doctors in my area | holistic pediatricians near me | natural medicine Minnesota | natural pediatrician near me | naturopathic doctor Minneapolis | naturopaths in my area | pediatric holistic doctor near me,broad,Excluded,10
rebecca doege,1,1,2.39,0.0,0.0,1.0,2.39,,Leads-Search-1,Pediatrics,pediatric holistic doctor,broad,Excluded,1
hydro colon cleanse near me,2,1,2.38,0.0,0.0,0.5,2.38,,Leads-Search-1,Ad group 1,naturopathic doctor near me | naturopathic dr near me,broad,None,2
endometriosis naturopath,1,1,2.38,0.0,0.0,1.0,2.38,,Leads-Search-1,Women's Health & Hormones,women's health naturopath,phrase (close variant),None,1
park nicollet,51,1,2.37,0.0,0.0,0.0196,2.37,,Leads-Search-1,Ad group 1 | Geo-Qualified — Hopkins & West Metro | Naturopath Near Me — Core,best naturopath near me | holistic medicine Minneapolis | natural medicine Minnesota | naturopathic doctor Minneapolis,broad,Excluded,4
acupuncture mn,9,1,2.37,0.0,0.0,0.1111,2.37,,Leads-Search-1,Ad group 1 | Naturopath Near Me — Core,holistic dr near me | integrative medicine near me | men's health naturopath | naturopathic dr near me,broad,None,4
holistic nurse practitioner near me,2,1,2.37,0.0,0.0,0.5,2.37,,Leads-Search-1,Ad group 1,integrative medicine near me,phrase (close variant),None,1
homeopathic doctor near me,3,1,2.37,0.0,0.0,0.3333,2.37,,Leads-Search-1,Ad group 1 | Women's Health & Hormones,female naturopath near me | holistic dr near me | natural pediatrician near me,broad | phrase (close variant),None,3
wellness hub,1,1,2.35,0.0,0.0,1.0,2.35,,Leads-Search-1,Ad group 1,naturopathic doctor near me,broad,None,1
natural doctors in my area,2,1,2.34,0.0,0.0,0.5,2.34,,Leads-Search-1,Ad group 1,naturopathic doctor near me,exact (close variant),None,1
micronutrients testing,2,1,2.34,0.0,0.0,0.5,2.34,,Leads-Search-1,Functional & Integrative Medicine | Men's Health,adrenal fatigue doctor near me | functional doctor,broad,None,2
free children clinic near me,1,1,2.34,0.0,0.0,1.0,2.34,,Leads-Search-1,Pediatrics,pediatric holistic doctor,broad,None,1
where to get hormones tested,1,1,2.3396,1.0,65.0,1.0,2.3396,2.3396,Leads-Search-1,Women's Health & Hormones,female naturopath near me,broad,None,1
dr bob zajac,2,1,2.33,0.0,0.0,0.5,2.33,,Leads-Search-1,Pediatrics,pediatric naturopath near me,broad,Excluded,1
bluestone physician services mn,1,1,2.33,0.0,0.0,1.0,2.33,,Leads-Search-1,Functional & Integrative Medicine,functional medicine clinic near me,broad,None,1
dr oppitz,1,1,2.33,0.0,0.0,1.0,2.33,,Leads-Search-1,Functional & Integrative Medicine,natural functional doctor,phrase (close variant),None,1
best thyroid medication for weight loss,2,1,2.33,0.0,0.0,0.5,2.33,,Leads-Search-1,Women's Health & Hormones,Hashimoto's naturopath | functional medicine for hormones,broad,None,2
holistic psychiatric nurse practitioner,2,1,2.3271,0.0,0.0,0.5,2.3271,,Leads-Search-1,Ad group 1,holistic dr near me,broad,None,1
functional medicine doctor mn,13,1,2.32,0.0,0.0,0.0769,2.32,,Leads-Search-1,Ad group 1 | Functional & Integrative Medicine,functional doctor | functional medicine | functional medicine clinic near me | holistic dr near me | integrative medicine near me | naturopathic doctor Minneapolis,broad | phrase,None,6
integrative doctor near me,5,1,2.32,0.0,0.0,0.2,2.32,,Leads-Search-1,Ad group 1,holistic dr near me | integrative medicine near me,broad | exact (close variant) | phrase (close variant),None,3
functional medicine doctor minneapolis mn,5,1,2.32,1.0,1.0,0.2,2.32,2.32,Leads-Search-1,Ad group 1 | Functional & Integrative Medicine,functional doctor in my area | functional medical physician | integrative medicine near me | naturopathic doctor near me,broad | phrase (close variant),None,4
internal medicine doctors near me,2,1,2.32,0.0,0.0,0.5,2.32,,Leads-Search-1,Ad group 1 | Functional & Integrative Medicine,functional medicine doctors near me | integrative medicine near me,broad,None,2
biocharger near me,1,1,2.32,0.0,0.0,1.0,2.32,,Leads-Search-1,Functional & Integrative Medicine,functional medicine near me,broad,None,1
holistic treatment for high blood pressure,1,1,2.32,0.0,0.0,1.0,2.32,,Leads-Search-1,Functional & Integrative Medicine,functional medicine,broad,None,1
integrative rheumatologist,1,1,2.32,0.0,0.0,1.0,2.32,,Leads-Search-1,Functional & Integrative Medicine,functional medicine doctors near me,broad,None,1
mngi minneapolis,1,1,2.32,0.0,0.0,1.0,2.32,,Leads-Search-1,Functional & Integrative Medicine,best functional doctors near me,broad,None,1
preventive care doctor near me,1,1,2.32,0.0,0.0,1.0,2.32,,Leads-Search-1,Functional & Integrative Medicine,functional medical physician,broad,None,1
what is holistic medicine,2,1,2.31,0.0,0.0,0.5,2.31,,Leads-Search-1,Ad group 1 | Functional & Integrative Medicine,functional medicine | integrative medicine near me,broad,None,2
natural cardiologist near me,1,1,2.31,0.0,0.0,1.0,2.31,,Leads-Search-1,Functional & Integrative Medicine,integrative medicine near me,phrase (close variant),None,1
ways to well,2,1,2.31,0.0,0.0,0.5,2.31,,Leads-Search-1,Functional & Integrative Medicine | Naturopath Near Me — Core,functional medicine near me | naturopathic practitioner near me,broad,Excluded,2
park nicollet clinic and specialty center burnsville 14050 building 14050 fairview dr burnsville mn 55337 5713,1,1,2.31,0.0,0.0,1.0,2.31,,Leads-Search-1,Geo-Qualified — Hopkins & West Metro,natural medicine Minnesota,broad,None,1
dr silvia hugec,2,1,2.3,0.0,0.0,0.5,2.3,,Leads-Search-1,Functional & Integrative Medicine,functional medicine doctors near me,broad,None,1
broadway clinic near me,1,1,2.3,0.0,0.0,1.0,2.3,,Leads-Search-1,Functional & Integrative Medicine,integrative medicine near me,broad,None,1
enema nurse near me,1,1,2.3,0.0,0.0,1.0,2.3,,Leads-Search-1,Functional & Integrative Medicine,functional medicine near me,broad,None,1
functional dr near me that takes insurance,1,1,2.3,0.0,0.0,1.0,2.3,,Leads-Search-1,Functional & Integrative Medicine,functional medicine near me,phrase (close variant),None,1
lakeville specialty center suite 250,1,1,2.3,0.0,0.0,1.0,2.3,,Leads-Search-1,Functional & Integrative Medicine,functional medicine doctors near me,broad,None,1
medical medium,1,1,2.3,0.0,0.0,1.0,2.3,,Leads-Search-1,Functional & Integrative Medicine,functional integrative medicine near me,broad,Excluded,1
fertility clinic near me near me,1,1,2.3,0.0,0.0,1.0,2.3,,Leads-Search-1,Women's Health & Hormones,hormone doctor near me,broad,None,1
naturopathic doctors minnesota,8,1,2.29,0.0,0.0,0.125,2.29,,Leads-Search-1,Ad group 1 | Geo-Qualified — Hopkins & West Metro,holistic dr near me | integrative medicine near me | naturopathic doctor Minneapolis,broad | exact (close variant),None,3
minneapolis wellness center,4,2,2.29,0.0,0.0,0.5,1.145,,Leads-Search-1,Ad group 1,holistic dr near me,broad,None,1
food sensitivity test,4,1,2.29,0.0,0.0,0.25,2.29,,Leads-Search-1,Functional & Integrative Medicine,functional medicine,broad,None,1
holistic psychiatrist near me,5,1,2.29,0.0,0.0,0.2,2.29,,Leads-Search-1,Ad group 1 | Functional & Integrative Medicine,holistic dr near me | integrative health near me | integrative medicine near me,phrase (close variant),None,4
fdn p near me,1,1,2.29,0.0,0.0,1.0,2.29,,Leads-Search-1,Ad group 1,naturopathic doctor near me,broad,None,1
local functional medicine doctor,2,1,2.29,0.0,0.0,0.5,2.29,,Leads-Search-1,Functional & Integrative Medicine,functional doctor | functional medicine near me,exact (close variant),None,2
naturopath dr near me,1,1,2.29,0.0,0.0,1.0,2.29,,Leads-Search-1,Functional & Integrative Medicine,integrative health near me,phrase (close variant),None,1
hcmc,4,1,2.28,0.0,0.0,0.25,2.28,,Leads-Search-1,Functional & Integrative Medicine,best functional doctors near me | functional medicine doctors near me | functional medicine near me,broad,Excluded,3
functional medicine practitioner near me,3,1,2.28,0.0,0.0,0.3333,2.28,,Leads-Search-1,Ad group 1 | Functional & Integrative Medicine,functional medicine near me | holistic medicine Minneapolis | men's health naturopath,broad | exact (close variant),None,3
best female geriatric doctors near me,1,1,2.2717,0.0,0.0,1.0,2.2717,,Leads-Search-1,Functional & Integrative Medicine,functional medicine doctors near me,broad,None,1
intuitive healer near me,4,1,2.27,0.0,0.0,0.25,2.27,,Leads-Search-1,Ad group 1,holistic dr near me,broad,None,1
natural treatment for inflammation,1,1,2.27,0.0,0.0,1.0,2.27,,Leads-Search-1,Functional & Integrative Medicine,functional medicine,broad,None,1
natural dermatologist near me,9,1,2.26,0.0,0.0,0.1111,2.26,,Leads-Search-1,Ad group 1 | Naturopath Near Me — Core,holistic dr near me | natural doctor near me | naturopathic dr near me,phrase (close variant),None,3
natural remedy for hypothyroidism,1,1,2.26,0.0,0.0,1.0,2.26,,Leads-Search-1,Ad group 1,holistic dr near me,broad,None,1
wellness centers near me,2,2,2.2469,0.0,0.0,1.0,1.1235,,Leads-Search-1,Ad group 1 | Functional & Integrative Medicine,functional medicine doctors near me | integrative medicine near me,broad,None,2
integrative medicine mn,9,1,2.2305,0.0,0.0,0.1111,2.2305,,Leads-Search-1,Ad group 1 | Functional & Integrative Medicine,functional medicine doctors in my area | integrated doctor | integrative health near me | integrative medicine near me | naturopathic doctor near me,broad | phrase (close variant),None,5
integrative medicine doctors near me,3,1,2.23,0.0,0.0,0.3333,2.23,,Leads-Search-1,Functional & Integrative Medicine,functional medicine doctors in my area | integrative medicine doctors in my area | integrative medicine near me,exact (close variant),None,3
functional medicine twin cities,16,1,2.22,0.0,0.0,0.0625,2.22,,Leads-Search-1,Ad group 1 | Functional & Integrative Medicine,functional integrative medicine near me | functional medical | functional medicine doctors near me | functional medicine near me | holistic dr near me | natural pediatrician near me | naturopathic doctor Minneapolis | naturopathic doctor near me,broad,None,8
holistic health,21,1,2.21,0.0,0.0,0.0476,2.21,,Leads-Search-1,Ad group 1 | Functional & Integrative Medicine | Geo-Qualified — Hopkins & West Metro | Naturopath Near Me — Core,functional doctor | functional medicine | functional medicine near me | holistic dr near me | holistic medicine Minneapolis | integrated and functional medicine | integrative medicine near me | natural medicine Minnesota | naturopathic doctor Minneapolis | naturopathic doctor near me | naturopaths in my area,broad,None,11
ramsey county public health center,1,1,2.21,0.0,0.0,1.0,2.21,,Leads-Search-1,Functional & Integrative Medicine,functional medicine near me,broad,None,1
best fibromyalgia doctor near me,3,1,2.2,0.0,0.0,0.3333,2.2,,Leads-Search-1,Functional & Integrative Medicine | Naturopath Near Me — Core,functional doctor in my area | integrative medicine doctors in my area | naturalist dr near me,broad,None,3
nrt testing near me,3,1,2.2,0.0,0.0,0.3333,2.2,,Leads-Search-1,Functional & Integrative Medicine,functional doctor in my area | functional medicine clinic near me | functional medicine near me,broad,None,3
natural health center near me,3,1,2.18,0.0,0.0,0.3333,2.18,,Leads-Search-1,Ad group 1,holistic dr near me,broad,None,1
hennepin clinic,3,1,2.18,0.0,0.0,0.3333,2.18,,Leads-Search-1,Ad group 1 | Functional & Integrative Medicine | Naturopath Near Me — Core,alternative medicine near me | functional medicine doctors near me | integrative medicine near me,broad,Excluded,3
erectile dysfunction ncbi,1,1,2.18,1.0,0.0,1.0,2.18,2.18,Leads-Search-1,Men's Health,naturopath for men,broad,None,1
pediatrician near me,22,1,2.17,0.0,0.0,0.0455,2.17,,Leads-Search-1,Ad group 1 | Pediatrics,holistic pediatricians near me | natural pediatrician near me | pediatric holistic doctor | pediatric holistic doctor near me | pediatric naturopath near me,broad,None,6
pppd natural treatment,1,1,2.16,0.0,0.0,1.0,2.16,,Leads-Search-1,Naturopath Near Me — Core,alternative medicine near me,broad,None,1
integrative and functional medicine near me,3,1,2.1588,0.0,0.0,0.3333,2.1588,,Leads-Search-1,Ad group 1,holistic dr near me,phrase (close variant),None,1
holistic health near me,15,2,2.14,1.0,1.0,0.1333,1.07,2.14,Leads-Search-1,Ad group 1 | Functional & Integrative Medicine,functional medicine near me | holistic dr near me | integrative medicine near me | natural pediatrician near me | naturopathic doctor near me,broad | exact (close variant) | phrase (close variant),None,6
allan warshowsky md,1,1,2.13,0.0,0.0,1.0,2.13,,Leads-Search-1,Functional & Integrative Medicine,functional holistic medicine,broad,None,1
menopause center of minnesota,1,1,2.12,0.0,0.0,1.0,2.12,,Leads-Search-1,Ad group 1,women's health naturopath,broad,None,1
how to cure ulcerative colitis permanently,1,1,2.11,0.0,0.0,1.0,2.11,,Leads-Search-1,Functional & Integrative Medicine,functional medicine near me,broad,None,1
pediatric clinic near me,2,1,2.1,0.0,0.0,0.5,2.1,,Leads-Search-1,Pediatrics,pediatric holistic doctor | pediatric naturopath near me,broad,Excluded,2
naturopathic doctors mn,12,1,2.09,2.0,2.0,0.0833,2.09,1.045,Leads-Search-1,Ad group 1 | Geo-Qualified — Hopkins & West Metro,holistic dr near me | integrative health near me | integrative medicine near me | natural pediatrician near me | naturopathic doctor Minneapolis,broad | exact (close variant),None,6
pediatric offices near me,1,1,2.09,0.0,0.0,1.0,2.09,,Leads-Search-1,Pediatrics,pediatric holistic doctor,broad,Excluded,1
functional medicine menopause near me,2,1,2.08,0.0,0.0,0.5,2.08,,Leads-Search-1,Ad group 1,integrative medicine near me,phrase (close variant),None,1
pediatric clinics near me,10,1,2.07,0.0,0.0,0.1,2.07,,Leads-Search-1,Pediatrics,holistic pediatricians near me | pediatric holistic doctor | pediatric naturopath near me,broad,Excluded,3
colon cleansing near me,8,1,2.07,0.0,0.0,0.125,2.07,,Leads-Search-1,Ad group 1 | Functional & Integrative Medicine,functional doctor in my area | holistic dr near me | integrative medicine near me | naturopathic doctor near me,broad,Excluded,4
holistic men's health near me,2,1,2.07,0.0,0.0,0.5,2.07,,Leads-Search-1,Ad group 1,naturopathic doctor near me,phrase (close variant),None,1
men's health doctors near me,1,1,2.06,1.0,65.0,1.0,2.06,2.06,Leads-Search-1,Men's Health,male doctor near me,phrase (close variant),None,1
gerd doctor near me,1,1,2.06,0.0,0.0,1.0,2.06,,Leads-Search-1,Naturopath Near Me — Core,alternative medicine doctors near me,broad,None,1
nd doctor,3,1,2.05,0.0,0.0,0.3333,2.05,,Leads-Search-1,Ad group 1 | Functional & Integrative Medicine | Naturopath Near Me — Core,functional medicine | natural doctor near me | naturopathic doctor near me,broad | exact (close variant),None,3
integrative health clinics near me,1,1,2.03,1.0,1.0,1.0,2.03,2.03,Leads-Search-1,Ad group 1,naturopathic doctor near me,broad,None,1
doctors for perimenopause,1,1,2.0218,5.0,5.0,1.0,2.0218,0.4044,Leads-Search-1,Ad group 1,holistic dr near me,broad,None,1
certified holistic nutritionist near me,6,2,2.02,0.0,0.0,0.3333,1.01,,Leads-Search-1,Ad group 1,holistic dr near me | natural pediatrician near me | naturopathic doctor near me,broad,None,3
how can i make my penis stronger,4,1,2.02,0.0,0.0,0.25,2.02,,Leads-Search-1,Men's Health,holistic doctor for men near me,broad,None,1
internal medicine doctors,1,1,1.99,0.0,0.0,1.0,1.99,,Leads-Search-1,Ad group 1,alternative medicine doctors near me,broad,None,1
where can i get estrogen patches,1,1,1.99,0.0,0.0,1.0,1.99,,Leads-Search-1,Women's Health & Hormones,hormone doctor near me,broad,None,1
holistic osteoporosis doctor near me,2,1,1.9664,0.0,0.0,0.5,1.9664,,Leads-Search-1,Naturopath Near Me — Core | Women's Health & Hormones,alternative medicine near me | female naturopath,broad | phrase (close variant),None,2
sibo testing near me,4,1,1.96,0.0,0.0,0.25,1.96,,Leads-Search-1,Ad group 1 | Naturopath Near Me — Core,natural doctor near me | naturopathic doctor near me | naturopathic practitioner near me | naturopaths in my area,broad,None,4
natural doctors near me,7,1,1.95,1.0,1.0,0.1429,1.95,1.95,Leads-Search-1,Ad group 1 | Geo-Qualified — Hopkins & West Metro | Naturopath Near Me — Core | Women's Health & Hormones,functional medicine doctor edina | natural doctor near me | naturopath for hormones | naturopathic doctor near me | naturopathic dr near me,broad | exact (close variant),None,5
holistic medicine near me,20,1,1.94,0.0,0.0,0.05,1.94,,Leads-Search-1,Ad group 1 | Functional & Integrative Medicine | Geo-Qualified — Hopkins & West Metro | Naturopath Near Me — Core | Women's Health & Hormones,alternative medicine doctors near me | alternative medicine near me | functional medicine | holistic dr near me | integrative health near me | integrative medicine near me | natural doctor near me | naturopathic doctor Minneapolis | naturopathic doctor near me | women's health naturopath,broad | exact (close variant) | phrase (close variant),None,12
chinese naturopathic doctor,4,1,1.9322,0.0,0.0,0.25,1.9322,,Leads-Search-1,Ad group 1,holistic dr near me,broad,None,1
microbiome specialist near me,1,1,1.93,0.0,0.0,1.0,1.93,,Leads-Search-1,Ad group 1,holistic dr near me,broad,None,1
medicine and doctors online,1,1,1.9274,0.0,0.0,1.0,1.9274,,Leads-Search-1,Naturopath Near Me — Core,alternative medicine near me,broad,None,1
menopause specialists near me,6,1,1.91,0.0,0.0,0.1667,1.91,,Leads-Search-1,Ad group 1 | Women's Health & Hormones,holistic dr near me | hormone doctor near me | naturopath for hormone imbalance | naturopath for hormones | naturopath for menopause | women's naturopath near me,broad | phrase (close variant),None,6
natural endocrinologist near me,7,1,1.9077,5.0,5.0,0.1429,1.9077,0.3815,Leads-Search-1,Ad group 1 | Functional & Integrative Medicine | Naturopath Near Me — Core,functional medicine | functional medicine doctors near me | holistic dr near me | natural doctor near me,phrase (close variant),None,4
naturopathic endocrinologist near me,3,1,1.9,0.0,0.0,0.3333,1.9,,Leads-Search-1,Ad group 1,holistic dr near me,phrase (close variant),None,1
homeopathic oncologist near me,2,1,1.9,0.0,0.0,0.5,1.9,,Leads-Search-1,Ad group 1,naturopathic doctor near me,phrase (close variant),None,1
independent pediatrician near me,3,1,1.88,0.0,0.0,0.3333,1.88,,Leads-Search-1,Pediatrics,holistic pediatricians near me | pediatric holistic doctor,broad,Excluded,2
estrogen and sex drive,1,1,1.88,0.0,0.0,1.0,1.88,,Leads-Search-1,Women's Health & Hormones,naturopath for hormones,broad,None,1
herbal healer near me,5,2,1.87,0.0,0.0,0.4,0.935,,Leads-Search-1,Ad group 1,holistic dr near me,broad,None,1
naturopathic doctor st paul,10,2,1.8628,0.0,0.0,0.2,0.9314,,Leads-Search-1,Ad group 1 | Functional & Integrative Medicine | Naturopath Near Me — Core,functional integrative medicine near me | functional medicine | holistic dr near me | integrative medicine near me | natural functional doctor | naturopathic doctor near me | naturopathic practitioner near me,broad | phrase (close variant),None,7
hormone expert near me,1,1,1.8484,0.0,0.0,1.0,1.8484,,Leads-Search-1,Women's Health & Hormones,hormone doctor near me,exact (close variant),None,1
colon cleanse near me,19,2,1.84,1.0,1.0,0.1053,0.92,1.84,Leads-Search-1,Ad group 1 | Geo-Qualified — Hopkins & West Metro,holistic dr near me | holistic medicine Minneapolis | integrative medicine near me | naturopathic doctor near me,broad,None,5
holistic cardiologist,2,1,1.84,0.0,0.0,0.5,1.84,,Leads-Search-1,Ad group 1,integrative medicine near me,broad,None,1
hocatt therapy near me,6,1,1.8397,0.0,0.0,0.1667,1.8397,,Leads-Search-1,Ad group 1,alternative medicine doctors near me | integrative medicine near me,broad,None,2
herbalist near me,44,2,1.83,0.0,0.0,0.0455,0.915,,Leads-Search-1,Ad group 1 | Functional & Integrative Medicine,alternative medicine doctors near me | functional doctor in my area | functional medicine | functional medicine near me | holistic dr near me | integrative medicine near me | men's health naturopath | naturopathic doctor Minneapolis | naturopathic doctor near me,broad,None,10
dr wei chieh young,1,1,1.83,0.0,0.0,1.0,1.83,,Leads-Search-1,Ad group 1,holistic dr near me,broad,None,1
top rated naturopathic doctor,1,1,1.83,0.0,0.0,1.0,1.83,,Leads-Search-1,Ad group 1,natural pediatrician near me,broad,None,1
where to get estrogen patches,1,1,1.826,0.0,0.0,1.0,1.826,,Leads-Search-1,Women's Health & Hormones,hormone doctor near me,broad,None,1
erectile dysfunction treatment,7,2,1.8,1.0,65.0,0.2857,0.9,1.8,Leads-Search-1,Men's Health,gents specialist doctor near me | holistic doctor for men near me | male medical clinic near me | men's clinic near me | men's health naturopath,broad,None,5
naprotechnology doctor near me,2,1,1.8,0.0,0.0,0.5,1.8,,Leads-Search-1,Women's Health & Hormones,fertility naturopath near me | women's health naturopath,broad,None,2
woodwinds clinic,1,1,1.7762,0.0,0.0,1.0,1.7762,,Leads-Search-1,Pediatrics,pediatric naturopath near me,broad,None,1
endocrinologist near me,32,1,1.77,0.0,0.0,0.0312,1.77,,Leads-Search-1,Ad group 1 | Functional & Integrative Medicine | Men's Health | Naturopath Near Me — Core | Women's Health & Hormones,adrenal fatigue doctor near me | alternative medicine doctors near me | functional integrative medicine near me | functional medicine doctors in my area | functional medicine near me | holistic dr near me | hormone doctor near me | integrative medicine near me | natural doctor near me | naturopath for hormone imbalance | naturopath for hormones | naturopathic doctor near me | women's naturopath near me,broad | exact (close variant) | phrase (close variant),None,14
hormone replacement therapy near me,6,1,1.77,0.0,0.0,0.1667,1.77,,Leads-Search-1,Ad group 1 | Women's Health & Hormones,alternative medicine doctors near me | functional medicine for hormones | holistic dr near me | hormone doctor near me,broad | phrase (close variant),None,4
tcm near me,4,2,1.77,0.0,0.0,0.5,0.885,,Leads-Search-1,Ad group 1,holistic dr near me | naturopathic doctor near me,broad | phrase (close variant),None,2
pcos specialist near me,6,1,1.76,0.0,0.0,0.1667,1.76,,Leads-Search-1,Ad group 1 | Women's Health & Hormones,female naturopath near me | holistic dr near me | naturopathic doctor near me | pcos specialist near me | women's health naturopath,broad | exact,Added | None,5
minnetonka acupuncture,1,1,1.76,1.0,1.0,1.0,1.76,1.76,Leads-Search-1,Ad group 1,holistic dr near me,broad,None,1
hormonal naturopath,1,1,1.74,0.0,0.0,1.0,1.74,,Leads-Search-1,Ad group 1,integrative medicine near me,broad,None,1
functional doctors in my area,2,1,1.73,0.0,0.0,0.5,1.73,,Leads-Search-1,Ad group 1,alternative medicine doctors near me | naturopathic doctor near me,broad | phrase (close variant),None,2
integrative pediatrician near me,7,1,1.71,0.0,0.0,0.1429,1.71,,Leads-Search-1,Ad group 1 | Pediatrics,holistic dr near me | holistic pediatricians near me | integrative medicine near me | natural pediatrician near me,exact (close variant) | phrase (close variant),None,4
hcmc south 8th street minneapolis mn,1,1,1.71,0.0,0.0,1.0,1.71,,Leads-Search-1,Functional & Integrative Medicine,functional medicine clinic near me,broad,None,1
testosterone treatment for prostate cancer,1,1,1.71,0.0,0.0,1.0,1.71,,Leads-Search-1,Men's Health,male medical clinic near me,broad,None,1
best pcos doctors near me,1,1,1.71,1.0,65.0,1.0,1.71,1.71,Leads-Search-1,Women's Health & Hormones,women's health naturopath,broad,None,1
regenerative medicine providers near me,2,1,1.69,0.0,0.0,0.5,1.69,,Leads-Search-1,Functional & Integrative Medicine | Naturopath Near Me — Core,alternative medicine near me | functional integrative medicine near me,broad,None,2
classical homeopath near me,1,1,1.68,0.0,0.0,1.0,1.68,,Leads-Search-1,Ad group 1,naturopathic doctor near me,broad,None,1
hormonal wellness center,1,2,1.68,0.0,0.0,2.0,0.84,,Leads-Search-1,Ad group 1,natural medicine Minnesota,broad,None,1
functional medicine endocrinology,2,1,1.67,0.0,0.0,0.5,1.67,,Leads-Search-1,Ad group 1,naturopathic doctor near me,broad,None,1
men's supplement,2,2,1.66,0.0,0.0,1.0,0.83,,Leads-Search-1,Men's Health,naturopath for men,broad,None,1
holistic family doctor near me,1,1,1.65,0.0,0.0,1.0,1.65,,Leads-Search-1,Ad group 1,holistic dr near me,exact (close variant),None,1
belief code practitioner near me,1,1,1.65,0.0,0.0,1.0,1.65,,Leads-Search-1,Naturopath Near Me — Core,alternative medicine near me,broad,None,1
naturopath doctor near me,9,1,1.64,0.0,0.0,0.1111,1.64,,Leads-Search-1,Functional & Integrative Medicine | Naturopath Near Me — Core | Women's Health & Hormones,integrative medicine doctors in my area | integrative medicine near me | naturalist dr near me | naturopath for women's health | naturopathic doctor near me | naturopathic dr near me | naturopathic practitioner near me,broad | exact (close variant) | phrase (close variant),None,7
gastroenterologist minneapolis,1,1,1.63,0.0,0.0,1.0,1.63,,Leads-Search-1,Ad group 1,holistic medicine Minneapolis,broad,None,1
naturopath,62,1,1.6093,0.0,0.0,0.0161,1.6093,,Leads-Search-1,Ad group 1 | Functional & Integrative Medicine | Geo-Qualified — Hopkins & West Metro | Naturopath Near Me — Core | Women's Health & Hormones,alternative medicine doctors near me | female naturopath | functional integrative medicine near me | functional medicine | functional medicine doctor hopkins | functional medicine doctors near me | functional medicine for hormones | holistic dr near me | holistic medicine Minneapolis | integrative health near me | integrative medicine doctors in my area | integrative medicine near me | men's health naturopath | natural doctor near me | natural healing doctors near me | naturalist dr near me | naturopath for hormones | naturopath for women's health | naturopathic doctor Minneapolis | naturopathic doctor near me | naturopathic dr near me | naturopaths in my area | women's health naturopath,broad | exact (close variant),None,25
black functional medicine doctor,3,1,1.6059,0.0,0.0,0.3333,1.6059,,Leads-Search-1,Ad group 1,holistic dr near me,broad,None,1
best primary care physician near me,4,1,1.6,0.0,0.0,0.25,1.6,,Leads-Search-1,Functional & Integrative Medicine | Pediatrics,functional medical doctors | pediatric holistic doctor near me,broad,None,2
holistic practice near me,3,1,1.58,0.0,0.0,0.3333,1.58,,Leads-Search-1,Ad group 1,integrative medicine near me,phrase (close variant),None,1
holistic obgyn near me,5,1,1.5743,0.0,0.0,0.2,1.5743,,Leads-Search-1,Ad group 1 | Functional & Integrative Medicine | Women's Health & Hormones,holistic dr near me | hormone doctor near me | integrative medicine near me | women's health naturopath,broad | phrase (close variant),None,4
doctor of osteopathic medicine near me,7,1,1.57,0.0,0.0,0.1429,1.57,,Leads-Search-1,Ad group 1,holistic dr near me | integrative medicine near me,broad,None,2
functional medicine doctor for children,1,1,1.56,0.0,0.0,1.0,1.56,,Leads-Search-1,Pediatrics,pediatric naturopath near me,broad,None,1
menopause treatment options,3,2,1.55,0.0,0.0,0.6667,0.775,,Leads-Search-1,Women's Health & Hormones,functional medicine for hormones | functional medicine hormones,broad,None,2
wholesome health,1,1,1.55,0.0,0.0,1.0,1.55,,Leads-Search-1,Functional & Integrative Medicine,functional integrative doctor,broad,Excluded,1
natural pediatricians near me,1,1,1.55,0.0,0.0,1.0,1.55,,Leads-Search-1,Pediatrics,pediatric holistic doctor,exact (close variant),None,1
natural gynecology,2,1,1.54,0.0,0.0,0.5,1.54,,Leads-Search-1,Ad group 1,integrative medicine near me,broad,None,1
dr amy myers,1,1,1.52,0.0,0.0,1.0,1.52,,Leads-Search-1,Ad group 1,naturopathic doctor near me,broad,None,1
medical treatments,1,1,1.4961,1.0,65.0,1.0,1.4961,1.4961,Leads-Search-1,Functional & Integrative Medicine,functional doctor in my area,broad,None,1
holistic obgyn doctor near me,1,1,1.49,0.0,0.0,1.0,1.49,,Leads-Search-1,Women's Health & Hormones,women's health naturopath,broad,None,1
dr hoque,1,1,1.48,0.0,0.0,1.0,1.48,,Leads-Search-1,Ad group 1,holistic dr near me,broad,None,1
allina acupuncture,2,1,1.47,0.0,0.0,0.5,1.47,,Leads-Search-1,Ad group 1,holistic dr near me | naturopathic doctor near me,broad,None,2
japanese herbalist near me,2,1,1.47,0.0,0.0,0.5,1.47,,Leads-Search-1,Ad group 1,holistic dr near me | naturopathic doctor near me,broad,None,2
perimenopause doctors,3,1,1.4603,0.51,0.51,0.3333,1.4603,2.8633,Leads-Search-1,Women's Health & Hormones,fertility naturopath near me | naturopath for women's health | women's naturopath near me,broad,None,3
gut doctor near me,2,1,1.45,0.0,0.0,0.5,1.45,,Leads-Search-1,Ad group 1,holistic dr near me | naturopathic doctor near me,broad,None,2
colon hydrotherapy,1,1,1.45,0.0,0.0,1.0,1.45,,Leads-Search-1,Functional & Integrative Medicine,functional integrative medicine near me,broad,Excluded,1
holistic doctors covered by insurance,1,1,1.4414,0.0,0.0,1.0,1.4414,,Leads-Search-1,Ad group 1,integrative medicine near me,broad,None,1
me cfs treatment centers,3,1,1.43,0.0,0.0,0.3333,1.43,,Leads-Search-1,Ad group 1,integrative medicine near me,broad,None,1
chronic fatigue syndrome specialist near me,2,1,1.43,0.0,0.0,0.5,1.43,,Leads-Search-1,Ad group 1,naturopathic doctor near me,broad,None,1
ayurvedic practitioners,1,1,1.43,0.0,0.0,1.0,1.43,,Leads-Search-1,Ad group 1,holistic dr near me,broad,None,1
how to lower cholesterol without taking statins,1,1,1.42,0.0,0.0,1.0,1.42,,Leads-Search-1,Ad group 1,integrative medicine near me,broad,None,1
ideal health and weight,1,1,1.42,0.0,0.0,1.0,1.42,,Leads-Search-1,Functional & Integrative Medicine,functional medicine,broad,None,1
medical examination,2,1,1.42,0.0,0.0,0.5,1.42,,Leads-Search-1,Functional & Integrative Medicine,functional doctor in my area | functional medicine doctors near me,broad,None,2
scared of getting pregnant first time,1,1,1.42,0.0,0.0,1.0,1.42,,Leads-Search-1,Women's Health & Hormones,fertility naturopath near me,broad,None,1
how to cure gout permanently,2,1,1.411,0.0,0.0,0.5,1.411,,Leads-Search-1,Functional & Integrative Medicine,functional integrative doctor | natural functional doctor,broad,None,2
mystic clinic,1,1,1.41,0.0,0.0,1.0,1.41,,Leads-Search-1,Functional & Integrative Medicine,functional integrative doctor,broad,Excluded,1
naturopathy doctor near me,5,1,1.39,1.0,65.0,0.2,1.39,1.39,Leads-Search-1,Ad group 1 | Naturopath Near Me — Core,alternative medicine doctors near me | naturopathic doctor near me | naturopathic dr near me | naturopathic practitioner near me,exact (close variant),None,4
holistic dermatologist,4,1,1.38,0.0,0.0,0.25,1.38,,Leads-Search-1,Ad group 1 | Naturopath Near Me — Core,alternative medicine doctors near me | naturopathic doctor near me | naturopathic dr near me,broad,None,3
functional medicine mankato mn,2,1,1.37,0.0,0.0,0.5,1.37,,Leads-Search-1,Ad group 1,naturopathic doctor near me,broad,None,1
best primary care physicians near me,1,1,1.37,0.0,0.0,1.0,1.37,,Leads-Search-1,Functional & Integrative Medicine,functional medicine near me,broad,None,1
what's best for gut health,1,1,1.3672,0.0,0.0,1.0,1.3672,,Leads-Search-1,Functional & Integrative Medicine,functional medicine,broad,None,1
preventive medicine doctors near me,1,1,1.3589,0.0,0.0,1.0,1.3589,,Leads-Search-1,Functional & Integrative Medicine,integrative medicine near me,broad,None,1
natural practitioner near me,2,1,1.35,0.0,0.0,0.5,1.35,,Leads-Search-1,Naturopath Near Me — Core,natural practitioner near me,exact,Added,1
healing touch near me,2,1,1.34,0.0,0.0,0.5,1.34,,Leads-Search-1,Ad group 1,holistic dr near me,broad,None,1
colonic hydrotherapy,1,1,1.32,0.0,0.0,1.0,1.32,,Leads-Search-1,Ad group 1,holistic dr near me,broad,None,1
chequeo médico general para mujeres,1,1,1.32,0.0,0.0,1.0,1.32,,Leads-Search-1,Women's Health & Hormones,women's health naturopath,broad,None,1
2855 campus drive ste 650suite 650plymouth mn 55441,3,1,1.29,0.0,0.0,0.3333,1.29,,Leads-Search-1,Geo-Qualified — Hopkins & West Metro,functional medicine doctor edina | natural medicine Minnesota,broad,None,2
best contraception for 40 year old,1,1,1.2833,1.0,65.0,1.0,1.2833,1.2833,Leads-Search-1,Women's Health & Hormones,women's hormone specialist near me,broad,None,1
diabetes specialist,3,1,1.28,0.0,0.0,0.3333,1.28,,Leads-Search-1,Functional & Integrative Medicine,functional doctor | functional integrative doctor | functional medicine doctors near me,broad,None,3
best for ed,1,1,1.28,0.0,0.0,1.0,1.28,,Leads-Search-1,Men's Health,holistic doctor for men near me,broad,None,1
primary care providers that accept medicaid near me,1,1,1.2723,0.0,0.0,1.0,1.2723,,Leads-Search-1,Ad group 1,alternative medicine doctors near me,broad,None,1
holistic dermatologist near me,10,1,1.27,0.0,0.0,0.1,1.27,,Leads-Search-1,Ad group 1 | Naturopath Near Me — Core,holistic dr near me | natural doctor near me | naturopathic doctor near me,phrase (close variant),None,3
natural pediatrician near me,2,1,1.27,6.0,6.0,0.5,1.27,0.2117,Leads-Search-1,Ad group 1,natural pediatrician near me,exact,Added,1
what vitamins to take for men,2,1,1.27,0.0,0.0,0.5,1.27,,Leads-Search-1,Men's Health,naturopath for men,broad,None,1
zyto practitioners near me,1,1,1.26,0.0,0.0,1.0,1.26,,Leads-Search-1,Ad group 1,integrative medicine near me,broad,None,1
pcos treatment,9,1,1.23,0.0,0.0,0.1111,1.23,,Leads-Search-1,Women's Health & Hormones,Hashimoto's naturopath | women's health naturopath,broad,None,2
wellness near me,13,1,1.23,0.0,0.0,0.0769,1.23,,Leads-Search-1,Ad group 1 | Functional & Integrative Medicine | Geo-Qualified — Hopkins & West Metro | Naturopath Near Me — Core,alternative medicine near me | functional medicine doctor eden prairie | functional medicine near me | holistic dr near me | integrative medicine near me | natural doctor near me | naturopathic doctor near me,broad,None,7
top rated doctors near me,2,2,1.22,0.0,0.0,1.0,0.61,,Leads-Search-1,Ad group 1 | Functional & Integrative Medicine,integrative doctor | naturopathic doctor near me,broad,None,2
hashimoto doctor near me,1,1,1.21,0.0,0.0,1.0,1.21,,Leads-Search-1,Functional & Integrative Medicine,functional medical,broad,None,1
ayurvedic medicine minneapolis,2,1,1.2,0.0,0.0,0.5,1.2,,Leads-Search-1,Ad group 1,holistic dr near me,broad,None,1
functional medicine pediatric,2,1,1.2,0.0,0.0,0.5,1.2,,Leads-Search-1,Pediatrics,holistic pediatricians near me | pediatric holistic doctor,broad | phrase (close variant),None,2
fertility specialists,1,1,1.18,0.0,0.0,1.0,1.18,,Leads-Search-1,Women's Health & Hormones,hormone doctor near me,broad,None,1
labcorp hormone panel,1,1,1.18,0.0,0.0,1.0,1.18,,Leads-Search-1,Women's Health & Hormones,naturopath for hormone imbalance,broad,None,1
herbalist mn,11,1,1.17,0.0,0.0,0.0909,1.17,,Leads-Search-1,Ad group 1 | Functional & Integrative Medicine | Naturopath Near Me — Core,functional integrative medicine near me | functional medicine near me | holistic dr near me | naturalist dr near me,broad,None,4
tired heart,2,1,1.15,0.0,0.0,0.5,1.15,,Leads-Search-1,Men's Health,adrenal fatigue doctor near me,broad,None,1
food sensitivity test near me,2,1,1.13,0.0,0.0,0.5,1.13,,Leads-Search-1,Ad group 1 | Functional & Integrative Medicine,functional medicine near me | holistic dr near me,broad,None,2
vacuum therapy for erectile dysfunction,1,1,1.13,0.0,0.0,1.0,1.13,,Leads-Search-1,Men's Health,men's health naturopath,broad,None,1
best sciatica treatment,1,1,1.13,0.0,0.0,1.0,1.13,,Leads-Search-1,Naturopath Near Me — Core,alternative medicine near me,broad,None,1
how to get tired easily,1,1,1.1,0.0,0.0,1.0,1.1,,Leads-Search-1,Men's Health,adrenal fatigue doctor near me,broad,None,1
hormone testing near me,6,2,1.08,0.0,0.0,0.3333,0.54,,Leads-Search-1,Women's Health & Hormones,female naturopath near me | functional medicine hormones | naturopath for hormone imbalance,broad,None,3
functional medicine st paul,11,1,1.0663,0.0,0.0,0.0909,1.0663,,Leads-Search-1,Ad group 1 | Functional & Integrative Medicine,functional medicine | functional medicine practitioner | naturopathic doctor near me,broad | phrase | phrase (close variant),None,3
hormone therapy,6,1,1.06,0.0,0.0,0.1667,1.06,,Leads-Search-1,Women's Health & Hormones,female naturopath | hormone doctor near me | natural help for menopause | naturopath for hormone imbalance | women's health naturopath,broad,Excluded,5
menopause treatment,1,1,1.0586,0.0,0.0,1.0,1.0586,,Leads-Search-1,Women's Health & Hormones,female naturopath,broad,None,1
fertility treatment near me,1,1,1.058,1.0,65.0,1.0,1.058,1.058,Leads-Search-1,Women's Health & Hormones,naturopath for hormone imbalance,broad,None,1
natural treatments for gad,2,1,1.05,0.0,0.0,0.5,1.05,,Leads-Search-1,Functional & Integrative Medicine,functional medicines,broad,None,1
developmental pediatrician,2,1,1.03,0.0,0.0,0.5,1.03,,Leads-Search-1,Ad group 1 | Pediatrics,holistic pediatricians near me | natural pediatrician near me,broad,None,2
naturopathic doctor specializing in mental health,2,1,1.02,0.0,0.0,0.5,1.02,,Leads-Search-1,Functional & Integrative Medicine,functional integrative medicine near me | functional medicine near me,broad,None,2
best prostate treatments,1,1,1.02,0.0,0.0,1.0,1.02,,Leads-Search-1,Men's Health,men's specialist doctor near me,broad,None,1
things to do for healthy pregnancy,1,1,1.02,0.0,0.0,1.0,1.02,,Leads-Search-1,Women's Health & Hormones,women's health naturopath,broad,None,1
preventive screenings for women,2,1,1.01,0.0,0.0,0.5,1.01,,Leads-Search-1,Women's Health & Hormones,hormone doctor near me,broad,None,1
functional medicine san diego,1,1,1.01,0.0,0.0,1.0,1.01,,Leads-Search-1,Ad group 1,integrative medicine near me,broad,None,1
physicians,5,1,1.008,2.0,2.0,0.2,1.008,0.504,Leads-Search-1,Functional & Integrative Medicine | Geo-Qualified — Hopkins & West Metro | Naturopath Near Me — Core,functional medicine doctors near me | holistic dr near me | holistic medicine Minneapolis,broad,None,3
health wellness,3,1,0.99,0.0,0.0,0.3333,0.99,,Leads-Search-1,Ad group 1 | Functional & Integrative Medicine | Naturopath Near Me — Core,functional medicine | holistic dr near me | naturopathic doctor Minneapolis,broad,None,3
men's health clinic minneapolis,4,1,0.98,0.0,0.0,0.25,0.98,,Leads-Search-1,Ad group 1 | Men's Health,holistic dr near me | male primary care doctors near me | men's specialist doctor near me | naturopath for low testosterone,broad,None,4
what to take for menopause,1,1,0.9718,0.0,0.0,1.0,0.9718,,Leads-Search-1,Women's Health & Hormones,female naturopath near me,broad,None,1
thyroid doctors near me,1,1,0.97,0.0,0.0,1.0,0.97,,Leads-Search-1,Women's Health & Hormones,hormone doctor near me,phrase (close variant),None,1
holistic physicians near me,3,1,0.96,0.0,0.0,0.3333,0.96,,Leads-Search-1,Functional & Integrative Medicine | Naturopath Near Me — Core | Women's Health & Hormones,integrative medicine doctors in my area | natural doctor near me | naturopath for hormone imbalance,broad | exact (close variant) | phrase (close variant),None,3
naturopathic doctor edina mn,2,1,0.95,1.5,1.5,0.5,0.95,0.6333,Leads-Search-1,Ad group 1 | Women's Health & Hormones,holistic dr near me | hormone doctor near me,broad,None,2
wellness clinics near me,4,2,0.95,0.0,0.0,0.5,0.475,,Leads-Search-1,Ad group 1 | Functional & Integrative Medicine | Naturopath Near Me — Core,functional medicine doctors near me | functional medicine near me | holistic dr near me,broad,None,4
routine check up,1,1,0.95,0.0,0.0,1.0,0.95,,Leads-Search-1,Men's Health,adrenal fatigue doctor near me,broad,Excluded,1
healthy lifestyle habits,1,1,0.9,0.0,0.0,1.0,0.9,,Leads-Search-1,Functional & Integrative Medicine,functional medicine,broad,None,1
health clinic,1,1,0.89,0.0,0.0,1.0,0.89,,Leads-Search-1,Ad group 1,holistic dr near me,broad,None,1
best hormone replacement therapy for women,1,1,0.89,0.0,0.0,1.0,0.89,,Leads-Search-1,Women's Health & Hormones,naturopath for hormone imbalance,broad,None,1
signs of early menopause,1,1,0.89,0.0,0.0,1.0,0.89,,Leads-Search-1,Women's Health & Hormones,women's hormone specialist near me,broad,None,1
highly rated doctors in my area,1,1,0.87,0.0,0.0,1.0,0.87,,Leads-Search-1,Ad group 1,holistic dr near me,broad,None,1
poop,2,1,0.87,0.0,0.0,0.5,0.87,,Leads-Search-1,Functional & Integrative Medicine | Naturopath Near Me — Core,alternative medicine near me | functional medicine,broad,Excluded,2
pediatricians near me that don t require vaccines,1,1,0.87,1.0,1.0,1.0,0.87,0.87,Leads-Search-1,Pediatrics,holistic pediatricians near me,broad,None,1
osteoporosis advice,1,1,0.86,0.0,0.0,1.0,0.86,,Leads-Search-1,Functional & Integrative Medicine,functional medicine,broad,None,1
inflammation treatment,1,1,0.83,0.0,0.0,1.0,0.83,,Leads-Search-1,Functional & Integrative Medicine,functional medicine,broad,None,1
anti vax pediatricians near me,1,1,0.83,0.0,0.0,1.0,0.83,,Leads-Search-1,Pediatrics,pediatric holistic doctor,broad,None,1
alternative healthcare providers,1,1,0.81,0.0,0.0,1.0,0.81,,Leads-Search-1,Ad group 1,natural medicine Minnesota,broad,None,1
dr yahki,4,1,0.79,0.0,0.0,0.25,0.79,,Leads-Search-1,Ad group 1 | Functional & Integrative Medicine,holistic dr near me | integrative medicine near me,broad,None,2
family practice physician near me,1,1,0.79,0.0,0.0,1.0,0.79,,Leads-Search-1,Functional & Integrative Medicine,functional medicine doctors near me,broad,None,1
primary care nurse practitioner near me,1,1,0.79,0.0,0.0,1.0,0.79,,Leads-Search-1,Functional & Integrative Medicine,integrated and functional medicine,broad,None,1
best multivitamin for erectile dysfunction,1,1,0.79,0.0,0.0,1.0,0.79,,Leads-Search-1,Men's Health,naturopath for men,broad,None,1
naturopathic physicians nd sioux falls sd,2,1,0.75,0.0,0.0,0.5,0.75,,Leads-Search-1,Ad group 1,holistic dr near me,broad,None,1
electrodermal screening near me,3,1,0.74,0.0,0.0,0.3333,0.74,,Leads-Search-1,Functional & Integrative Medicine | Naturopath Near Me — Core,integrative health near me | natural doctor near me,broad | phrase (close variant),None,2
lump in neck thyroid,1,1,0.7319,1.0,65.0,1.0,0.7319,0.7319,Leads-Search-1,Women's Health & Hormones,Hashimoto's naturopath,broad,None,1
rife frequency healing near me,1,1,0.73,0.0,0.0,1.0,0.73,,Leads-Search-1,Ad group 1,integrative medicine near me,broad,None,1
foods to increase erection,1,1,0.73,0.0,0.0,1.0,0.73,,Leads-Search-1,Men's Health,men's health naturopath,broad,None,1
fertility expert near me,3,1,0.73,1.0,65.0,0.3333,0.73,0.73,Leads-Search-1,Women's Health & Hormones,fertility naturopath near me | naturopath for fertility | women's health naturopath,broad,None,3
naturopath for weight loss near me,1,1,0.7234,0.0,0.0,1.0,0.7234,,Leads-Search-1,Functional & Integrative Medicine,integrative medicine near me,phrase (close variant),None,1
kegel exercises for frequent urination,1,1,0.71,0.0,0.0,1.0,0.71,,Leads-Search-1,Women's Health & Hormones,female naturopath near me,broad,None,1
holistic doctors near me that take medicare,1,1,0.6986,0.0,0.0,1.0,0.6986,,Leads-Search-1,Ad group 1,naturopathic doctor near me,phrase (close variant),None,1
estrogen after 65,1,1,0.69,0.0,0.0,1.0,0.69,,Leads-Search-1,Women's Health & Hormones,functional medicine hormones,broad,None,1
health and wellness,13,1,0.68,0.0,0.0,0.0769,0.68,,Leads-Search-1,Ad group 1 | Functional & Integrative Medicine,functional integrative doctor | functional medical clinic | functional medicine | functional medicine near me | holistic dr near me | integrative health near me | integrative medicine near me | naturopathic doctor near me,broad,None,8
ed fix for men,1,1,0.67,0.0,0.0,1.0,0.67,,Leads-Search-1,Men's Health,naturopath for low testosterone,broad,None,1
is it normal to have pcos,1,1,0.67,0.0,0.0,1.0,0.67,,Leads-Search-1,Women's Health & Hormones,fertility naturopath near me,broad,None,1
what helps menopause,1,1,0.67,0.0,0.0,1.0,0.67,,Leads-Search-1,Women's Health & Hormones,female naturopath near me,broad,None,1
preventive health and wellness,2,1,0.66,0.0,0.0,0.5,0.66,,Leads-Search-1,Ad group 1,holistic dr near me,broad,None,1
is it possible to enlarge pennis size,1,1,0.6549,0.0,0.0,1.0,0.6549,,Leads-Search-1,Men's Health,naturopath for men,broad,None,1
personal nutrition counseling,2,1,0.65,0.0,0.0,0.5,0.65,,Leads-Search-1,Functional & Integrative Medicine,functional medicine | integrative health near me,broad,None,2
pediatric allergist,1,1,0.65,0.0,0.0,1.0,0.65,,Leads-Search-1,Pediatrics,holistic pediatricians near me,broad,None,1
holistic pcos doctor near me,1,1,0.6385,2.0,2.0,1.0,0.6385,0.3192,Leads-Search-1,Naturopath Near Me — Core,holistic dr near me,phrase,None,1
doctors near me,8,1,0.6221,1.0,1.0,0.125,0.6221,0.6221,Leads-Search-1,Ad group 1 | Functional & Integrative Medicine | Naturopath Near Me — Core,alternative medicine doctors near me | functional integrative medicine near me | functional medicine | functional medicine doctors near me | functional medicine near me | holistic dr near me,broad,None,7
menopause health near me,1,1,0.61,0.0,0.0,1.0,0.61,,Leads-Search-1,Women's Health & Hormones,perimenopause doctor near me,phrase (close variant),None,1
holistic treatment,2,1,0.57,0.0,0.0,0.5,0.57,,Leads-Search-1,Ad group 1,naturopathic doctor Minneapolis | naturopathic doctor near me,broad,None,2
problem with keeping a hard on,3,2,0.5675,0.0,0.0,0.6667,0.2838,,Leads-Search-1,Men's Health,male health doctors near me | men's specialist doctor near me | naturopath for erectile dysfunction,broad,None,3
dutch test hormones,9,1,0.55,0.0,0.0,0.1111,0.55,,Leads-Search-1,Functional & Integrative Medicine | Men's Health | Women's Health & Hormones,adrenal fatigue doctor near me | functional doctor | functional medicine for hormones | hormone doctor near me | naturopath for women's health | women's health naturopath,broad,None,6
menopause symptoms relief,1,1,0.55,0.0,0.0,1.0,0.55,,Leads-Search-1,Women's Health & Hormones,women's hormone specialist near me,broad,None,1
dr casey means,2,1,0.5474,0.0,0.0,0.5,0.5474,,Leads-Search-1,Functional & Integrative Medicine,functional doctor in my area | natural functional doctor,broad | phrase (close variant),None,2
best glp 1 for menopause weight loss,1,1,0.54,0.0,0.0,1.0,0.54,,Leads-Search-1,Women's Health & Hormones,functional medicine for hormones,broad,None,1
que hacer con los bochornos de la menopausia,1,1,0.54,0.0,0.0,1.0,0.54,,Leads-Search-1,Women's Health & Hormones,female naturopath near me,broad,None,1
homeopathic treatments,2,1,0.5,0.0,0.0,0.5,0.5,,Leads-Search-1,Ad group 1,holistic dr near me,broad,None,1
best treatment for enlarged prostate,1,1,0.5,1.0,65.0,1.0,0.5,0.5,Leads-Search-1,Men's Health,gents specialist doctor near me,broad,None,1
dr william li,4,1,0.49,0.0,0.0,0.25,0.49,,Leads-Search-1,Functional & Integrative Medicine,functional medicine | natural functional doctor,broad,None,2
i want to go on the pill,1,1,0.49,0.0,0.0,1.0,0.49,,Leads-Search-1,Women's Health & Hormones,hormone doctor near me,broad,None,1
vitality for men,1,1,0.47,0.0,0.0,1.0,0.47,,Leads-Search-1,Men's Health,naturopath for men,broad,None,1
health partners near me,8,1,0.46,0.0,0.0,0.125,0.46,,Leads-Search-1,Functional & Integrative Medicine | Geo-Qualified — Hopkins & West Metro | Pediatrics,functional doctor | functional integrative medicine near me | functional medicine | functional medicine doctor hopkins | holistic medicine Minneapolis | holistic pediatricians near me | integrative doctor,broad,None,7
pennis problems and treatment,1,1,0.46,0.0,0.0,1.0,0.46,,Leads-Search-1,Men's Health,men's health naturopath,broad,None,1
how to get a prostate cancer test,1,1,0.4598,0.0,0.0,1.0,0.4598,,Leads-Search-1,Men's Health,male medical clinic near me,broad,None,1
birth control clinic,2,1,0.4536,0.0,0.0,0.5,0.4536,,Leads-Search-1,Women's Health & Hormones,women's health naturopath | women's naturopath near me,broad,None,2
best sexual supplements for men,1,1,0.45,0.0,0.0,1.0,0.45,,Leads-Search-1,Men's Health,gents specialist doctor near me,broad,None,1
best vitamins for erectile strength,1,1,0.4489,0.0,0.0,1.0,0.4489,,Leads-Search-1,Men's Health,men's health naturopath,broad,None,1
holistic pediatric doctor near me,4,1,0.44,0.0,0.0,0.25,0.44,,Leads-Search-1,Ad group 1 | Pediatrics,naturopathic doctor near me | pediatric holistic doctor,broad | exact (close variant),None,2
why am i having stomach pain,1,1,0.44,0.0,0.0,1.0,0.44,,Leads-Search-1,Functional & Integrative Medicine,functional medicine near me,broad,None,1
best prostate treatment,1,1,0.44,0.0,0.0,1.0,0.44,,Leads-Search-1,Men's Health,male medical clinic near me,broad,None,1
vagus nerve healing frequency,2,1,0.43,0.0,0.0,0.5,0.43,,Leads-Search-1,Ad group 1 | Functional & Integrative Medicine,functional medicine,broad,None,2
pituitary gland healing frequency,1,1,0.3981,0.0,0.0,1.0,0.3981,,Leads-Search-1,Functional & Integrative Medicine,functional medicine,broad,None,1
erectile dysfunction sign up,1,1,0.3971,0.0,0.0,1.0,0.3971,,Leads-Search-1,Men's Health,men's specialist doctor near me,broad,None,1
girth enlargement,1,1,0.38,0.0,0.0,1.0,0.38,,Leads-Search-1,Men's Health,men's specialist doctor near me,broad,None,1
get hard pills for men,1,1,0.37,0.0,0.0,1.0,0.37,,Leads-Search-1,Men's Health,men's health naturopath,broad,None,1
one simple trick to cure ed,4,2,0.37,0.0,0.0,0.5,0.185,,Leads-Search-1,Men's Health,gents specialist doctor near me | holistic doctor for men near me | men's health naturopath | naturopath for erectile dysfunction,broad,None,4
menopause renewal,1,1,0.35,0.0,0.0,1.0,0.35,,Leads-Search-1,Women's Health & Hormones,women's hormone specialist near me,broad,Excluded,1
longevity products,1,1,0.34,0.0,0.0,1.0,0.34,,Leads-Search-1,Functional & Integrative Medicine,functional medicine,broad,None,1
ed problems,1,1,0.34,0.0,0.0,1.0,0.34,,Leads-Search-1,Men's Health,naturopath for low testosterone,broad,None,1
erectile dysfunction products,2,1,0.3346,0.0,0.0,0.5,0.3346,,Leads-Search-1,Men's Health,naturopath for erectile dysfunction,broad,None,1
erectile dysfunction age 75,1,1,0.3314,0.0,0.0,1.0,0.3314,,Leads-Search-1,Men's Health,naturopath for erectile dysfunction,broad,None,1
chakra tune up,1,1,0.33,0.0,0.0,1.0,0.33,,Leads-Search-1,Naturopath Near Me — Core,alternative medicine near me,broad,None,1
instant ed cure,2,1,0.32,0.0,0.0,0.5,0.32,,Leads-Search-1,Men's Health,men's health doctor near me | men's health naturopath,broad,None,2
treatment for prostate,1,1,0.319,0.0,0.0,1.0,0.319,,Leads-Search-1,Men's Health,naturopath for prostate,broad,None,1
over the counter erectile dysfunction pills,1,1,0.3062,0.0,0.0,1.0,0.3062,,Leads-Search-1,Men's Health,naturopath for erectile dysfunction,broad,None,1
dissolve kidney stones,1,1,0.3,0.0,0.0,1.0,0.3,,Leads-Search-1,Functional & Integrative Medicine,functional medicine practitioner,broad,None,1
homeopathic migraine relief,1,1,0.3,0.0,0.0,1.0,0.3,,Leads-Search-1,Functional & Integrative Medicine,integrative doctor,broad,None,1
what is the most effective way of dealing with disease,1,1,0.3,0.0,0.0,1.0,0.3,,Leads-Search-1,Functional & Integrative Medicine,functional medicine,broad,None,1
premenopausal symptoms and treatment,1,1,0.3,0.0,0.0,1.0,0.3,,Leads-Search-1,Women's Health & Hormones,naturopath for hormones,broad,None,1
women's digestive health,1,1,0.3,0.0,0.0,1.0,0.3,,Leads-Search-1,Women's Health & Hormones,naturopath for hormone imbalance,broad,None,1
penile enhancement,1,1,0.29,0.0,0.0,1.0,0.29,,Leads-Search-1,Men's Health,naturopath for men,broad,None,1
best over the counter ed treatment,1,1,0.2865,0.0,0.0,1.0,0.2865,,Leads-Search-1,Men's Health,men health clinic near me,broad,None,1
acupuncture for men's health,3,1,0.2657,0.0,0.0,0.3333,0.2657,,Leads-Search-1,Men's Health,naturopath for men,broad,None,1
top rated primary care doctors near me,4,1,0.26,0.0,0.0,0.25,0.26,,Leads-Search-1,Ad group 1,integrative medicine near me | naturopathic doctor near me,broad,None,2
erection aids,1,1,0.2388,0.0,0.0,1.0,0.2388,,Leads-Search-1,Men's Health,men's health naturopath,broad,None,1
quick fix for erectile dysfunction,1,1,0.2376,0.0,0.0,1.0,0.2376,,Leads-Search-1,Men's Health,naturopath for men,broad,None,1
how to enlarge the male reproductive organ,2,1,0.22,0.0,0.0,0.5,0.22,,Leads-Search-1,Men's Health,men's health doctor near me | naturopath for men,broad,None,2
increase blood flow to pennis naturally,1,1,0.22,0.0,0.0,1.0,0.22,,Leads-Search-1,Men's Health,men's specialist doctor near me,broad,None,1
healthpartners physicians,1,1,0.1913,0.0,0.0,1.0,0.1913,,Leads-Search-1,Ad group 1,integrative health near me,broad,None,1
dr axe,1,1,0.19,0.0,0.0,1.0,0.19,,Leads-Search-1,Functional & Integrative Medicine,functional medicine near me,broad,Excluded,1
nurture fertility,1,1,0.1732,0.0,0.0,1.0,0.1732,,Leads-Search-1,Women's Health & Hormones,fertility naturopath near me,broad,Excluded,1
create fertility,1,1,0.17,0.0,0.0,1.0,0.17,,Leads-Search-1,Women's Health & Hormones,naturopath for fertility,broad,Excluded,1
janine bowring,1,1,0.16,0.0,0.0,1.0,0.16,,Leads-Search-1,Ad group 1,holistic dr near me,broad,None,1
men's health,55,1,0.15,0.0,0.0,0.0182,0.15,,Leads-Search-1,Ad group 1 | Men's Health,adrenal fatigue doctor near me | gents specialist doctor near me | holistic doctor for men near me | men health clinic near me | men's doctor near me | men's health doctor near me | men's health naturopath | men's specialist doctor near me | naturopath for low testosterone | naturopath for men,broad,None,11
sexual health,1,1,0.14,0.0,0.0,1.0,0.14,,Leads-Search-1,Ad group 1,men's health naturopath,broad,None,1
longer lasting erections,1,1,0.12,0.0,0.0,1.0,0.12,,Leads-Search-1,Men's Health,men's health naturopath,broad,None,1
health treatments,3,1,0.09,0.0,0.0,0.3333,0.09,,Leads-Search-1,Ad group 1 | Men's Health,adrenal fatigue doctor near me | integrative medicine near me,broad,None,2
bioresonance therapy,19,1,0.07,0.0,0.0,0.0526,0.07,,Leads-Search-1,Functional & Integrative Medicine | Geo-Qualified — Hopkins & West Metro | Naturopath Near Me — Core,functional doctor in my area | functional integrative medicine near me | functional medicine | functional medicine doctors in my area | functional medicine doctors near me | holistic dr near me | holistic medicine Minneapolis | natural doctor near me | natural healing doctors near me | naturopathic dr near me | naturopaths in my area,broad,None,11
games day men's health near me,1,1,0.01,0.0,0.0,1.0,0.01,,Leads-Search-1,Men's Health,naturopath for men,broad,None,1
tou vue,106,0,0.0,0.0,0.0,0.0,0,,Leads-Search-1,Ad group 1,holistic dr near me | naturopathic doctor near me | naturopathic dr near me | naturopathic family medicine,broad,None,4
perimenopause symptoms,48,0,0.0,0.0,0.0,0.0,0,,Leads-Search-1,Women's Health & Hormones,female naturopath | female naturopath near me | hormone doctor near me | natural help for menopause | naturopath for hormone imbalance | naturopath for women's health | women's health naturopath | women's hormone specialist near me,broad,None,8
acupuncture near me,20,0,0.0,0.0,0.0,0.0,0,,Leads-Search-1,Ad group 1 | Functional & Integrative Medicine,functional integrative medicine near me | integrative medicine near me | men's health naturopath,broad,None,3
herself health,30,0,0.0,0.0,0.0,0.0,0,,Leads-Search-1,Ad group 1 | Functional & Integrative Medicine | Geo-Qualified — Hopkins & West Metro | Women's Health & Hormones,functional medicine doctor eden prairie | functional medicine doctors near me | holistic dr near me | holistic medicine Minneapolis | integrative medicine doctors in my area | integrative medicine near me | natural medicine Minnesota | naturopath for hormones | naturopathic doctor near me | women's naturopath near me,broad,Excluded,10
perimenopause,52,0,0.0,0.0,0.0,0.0,0,,Leads-Search-1,Women's Health & Hormones,female naturopath | female naturopath near me | functional medicine for hormones | hormone doctor near me | natural help for menopause | naturopath for hormones | naturopath for women's health | women's health naturopath | women's hormone specialist near me | women's naturopath near me,broad,None,10
mngi digestive health,21,0,0.0,0.0,0.0,0.0,0,,Leads-Search-1,Ad group 1 | Functional & Integrative Medicine | Geo-Qualified — Hopkins & West Metro,best functional doctors near me | functional holistic medicine | holistic dr near me | holistic medicine Minneapolis | integrative medicine doctors in my area | integrative medicine near me | natural medicine Minnesota,broad,None,7
pcos,25,0,0.0,0.0,0.0,0.0,0,,Leads-Search-1,Women's Health & Hormones,female naturopath | female naturopath near me | functional medicine for hormones | hormone doctor near me | women's health naturopath | women's hormone specialist near me,broad,None,6
functional medicine mn,36,0,0.0,0.0,0.0,0.0,0,,Leads-Search-1,Ad group 1 | Functional & Integrative Medicine,alternative medicine doctors near me | functional medicine | holistic dr near me | integrative doctor | natural medicine Minnesota | naturopathic doctor near me,broad | phrase | phrase (close variant),None,7
metro peds,16,0,0.0,0.0,0.0,0.0,0,,Leads-Search-1,Pediatrics,pediatric holistic doctor | pediatric naturopath near me,broad,None,2
tcm practitioner near me,12,0,0.0,0.0,0.0,0.0,0,,Leads-Search-1,Ad group 1,holistic dr near me | naturopathic doctor near me,broad,None,2
clinics near me,20,0,0.0,0.0,0.0,0.0,0,,Leads-Search-1,Ad group 1 | Functional & Integrative Medicine | Pediatrics,alternative medicine doctors near me | functional doctor in my area | functional medical clinic | functional medicine clinic near me | functional medicine doctors near me | functional medicine near me | pediatric naturopath near me,broad,None,7
doctor,19,0,0.0,0.0,0.0,0.0,0,,Leads-Search-1,Functional & Integrative Medicine | Men's Health | Naturopath Near Me — Core,alternative medicine doctors near me | functional medicine doctors in my area | functional medicine doctors near me | integrated doctor | integrative medicine doctors in my area | male medical clinic near me | male primary care doctors near me,broad,None,7
pcos symptoms,16,0,0.0,0.0,0.0,0.0,0,,Leads-Search-1,Women's Health & Hormones,female naturopath | hormone doctor near me | women's health naturopath | women's hormone specialist near me,broad,None,4
acupuncture st louis park,9,0,0.0,0.0,0.0,0.0,0,,Leads-Search-1,Ad group 1,holistic dr near me,broad,None,1
colonics near me,11,0,0.0,0.0,0.0,0.0,0,,Leads-Search-1,Ad group 1 | Geo-Qualified — Hopkins & West Metro,holistic dr near me | holistic medicine Minneapolis,broad,None,2
holistic doctors,13,0,0.0,0.0,0.0,0.0,0,,Leads-Search-1,Ad group 1 | Naturopath Near Me — Core,holistic dr near me | integrative medicine near me,broad | exact (close variant),None,3
holistic practitioner near me,11,0,0.0,0.0,0.0,0.0,0,,Leads-Search-1,Ad group 1 | Functional & Integrative Medicine | Naturopath Near Me — Core,holistic dr near me | integrative health near me | natural doctor near me,exact (close variant) | phrase (close variant),None,3
hopkins health and wellness,27,0,0.0,0.0,0.0,0.0,0,,Leads-Search-1,Ad group 1 | Functional & Integrative Medicine | Geo-Qualified — Hopkins & West Metro,functional medicine doctor edina | holistic dr near me | integrative health near me | integrative medicine near me | men's health naturopath | natural pediatrician near me | naturopathic doctor Minneapolis,broad,Excluded,7
naturopathic doctors,12,0,0.0,0.0,0.0,0.0,0,,Leads-Search-1,Ad group 1 | Geo-Qualified — Hopkins & West Metro | Women's Health & Hormones,Hashimoto's naturopath | holistic medicine Minneapolis | naturopathic doctor near me,broad | exact (close variant),None,3
functional health,20,0,0.0,0.0,0.0,0.0,0,,Leads-Search-1,Ad group 1 | Functional & Integrative Medicine,functional doctor in my area | functional integrative doctor | functional integrative medicine near me | functional medical | functional medicine | integrative medicine near me | naturopathic doctor near me,broad | exact (close variant) | phrase (close variant),None,9
lakeview clinic,15,0,0.0,0.0,0.0,0.0,0,,Leads-Search-1,Ad group 1 | Functional & Integrative Medicine | Geo-Qualified — Hopkins & West Metro | Pediatrics,functional medical | functional medicine doctor eden prairie | holistic medicine Minneapolis | natural medicine Minnesota | natural pediatrician near me,broad,Excluded,5
endometriosis,15,0,0.0,0.0,0.0,0.0,0,,Leads-Search-1,Women's Health & Hormones,female naturopath | hormone doctor near me | naturopath for hormone imbalance | women's health naturopath,broad,None,4
menopause,18,0,0.0,0.0,0.0,0.0,0,,Leads-Search-1,Women's Health & Hormones,female naturopath | female naturopath near me | hormone doctor near me | natural help for menopause | naturopath for hormone imbalance | women's health naturopath,broad,None,6
acupuncture minneapolis,9,0,0.0,0.0,0.0,0.0,0,,Leads-Search-1,Ad group 1,holistic dr near me | men's health naturopath,broad,None,2
allina functional medicine,9,0,0.0,0.0,0.0,0.0,0,,Leads-Search-1,Ad group 1,holistic dr near me | integrative medicine near me,broad,None,2
dietician minnesota,8,0,0.0,0.0,0.0,0.0,0,,Leads-Search-1,Ad group 1,holistic dr near me,broad,None,1
functional medicine doctor twin cities,18,0,0.0,0.0,0.0,0.0,0,,Leads-Search-1,Ad group 1 | Functional & Integrative Medicine | Geo-Qualified — Hopkins & West Metro,functional medicine | holistic dr near me | holistic medicine Minneapolis | integrative medicine near me | natural pediatrician near me | naturopathic doctor Minneapolis | naturopathic doctor near me | naturopathic family medicine,broad | phrase | phrase (close variant),None,8
endocrinologist,58,0,0.0,0.0,0.0,0.0,0,,Leads-Search-1,Ad group 1 | Functional & Integrative Medicine | Geo-Qualified — Hopkins & West Metro | Men's Health | Naturopath Near Me — Core | Women's Health & Hormones,adrenal fatigue doctor near me | alternative medicine doctors near me | functional doctor | functional integrative medicine near me | functional medical | functional medical physician | functional medicine | functional medicine doctors in my area | functional medicine doctors near me | functional medicine for hormones | holistic dr near me | holistic medicine Minneapolis | hormone doctor near me | integrative doctor | integrative medicine near me | natural doctor near me | naturopath for hormone imbalance | naturopath for menopause | naturopathic doctor near me | women's health naturopath,broad,Excluded,20
grow pediatrics,17,0,0.0,0.0,0.0,0.0,0,,Leads-Search-1,Pediatrics,holistic pediatricians near me | natural pediatrician near me | pediatric holistic doctor | pediatric holistic doctor near me | pediatric naturopath near me,broad,Excluded,5
bioharmony health,8,0,0.0,0.0,0.0,0.0,0,,Leads-Search-1,Ad group 1,holistic dr near me | naturopathic doctor near me,broad,None,2
craniosacral therapy minneapolis,10,0,0.0,0.0,0.0,0.0,0,,Leads-Search-1,Ad group 1,holistic dr near me | holistic medicine Minneapolis | natural medicine Minnesota,broad | phrase (close variant),None,4
dr livingood,8,0,0.0,0.0,0.0,0.0,0,,Leads-Search-1,Ad group 1 | Functional & Integrative Medicine,functional holistic medicine | holistic dr near me,broad,None,2
dr sten ekberg,9,0,0.0,0.0,0.0,0.0,0,,Leads-Search-1,Ad group 1 | Functional & Integrative Medicine,functional integrative doctor | holistic dr near me | naturopathic doctor near me,broad,None,3
functional medicine minnesota,13,0,0.0,0.0,0.0,0.0,0,,Leads-Search-1,Ad group 1 | Functional & Integrative Medicine,functional medicine | holistic dr near me | naturopathic doctor Minneapolis | naturopathic doctor near me,broad | phrase,None,4
natural medicine doctor,12,0,0.0,0.0,0.0,0.0,0,,Leads-Search-1,Ad group 1 | Functional & Integrative Medicine | Naturopath Near Me — Core,integrative health near me | integrative medicine near me | natural doctor near me | naturalist dr near me | naturopathic doctor Minneapolis | naturopathic doctor near me,broad | exact (close variant),None,6
naturopathic doctor minnesota,23,0,0.0,0.0,0.0,0.0,0,,Leads-Search-1,Ad group 1 | Geo-Qualified — Hopkins & West Metro | Naturopath Near Me — Core,functional medicine | holistic dr near me | holistic medicine Minneapolis | integrative health near me | integrative medicine near me | natural doctor near me | natural healing doctors near me | naturopathic doctor Minneapolis | naturopathic doctor near me,broad | exact (close variant),None,9
game day mens health,19,0,0.0,0.0,0.0,0.0,0,,Leads-Search-1,Functional & Integrative Medicine | Men's Health,adrenal fatigue doctor near me | holistic doctor for men near me | integrative medicine near me | male primary care doctors near me | men's clinic near me | men's health naturopath | naturopath for men | naturopath for prostate,broad,None,8
pediatric services,7,0,0.0,0.0,0.0,0.0,0,,Leads-Search-1,Pediatrics,pediatric naturopath near me,broad,None,1
southlake pediatrics,20,0,0.0,0.0,0.0,0.0,0,,Leads-Search-1,Pediatrics,holistic pediatricians near me | natural pediatrician near me | pediatric holistic doctor | pediatric holistic doctor near me | pediatric naturopath near me,broad,None,5
hrt doctors near me,7,0,0.0,0.0,0.0,0.0,0,,Leads-Search-1,Women's Health & Hormones,hormone doctor near me,exact (close variant),None,1
barbara o neill,12,0,0.0,0.0,0.0,0.0,0,,Leads-Search-1,Ad group 1 | Functional & Integrative Medicine | Naturopath Near Me — Core,alternative medicine doctors near me | functional doctor in my area | functional integrative doctor | holistic dr near me | naturopathic doctor near me | naturopathic dr near me,broad,None,6
chiropractic neurologist near me,6,0,0.0,0.0,0.0,0.0,0,,Leads-Search-1,Ad group 1,holistic dr near me,broad,None,1
functional med doctor near me,7,0,0.0,0.0,0.0,0.0,0,,Leads-Search-1,Ad group 1 | Naturopath Near Me — Core,holistic dr near me,broad,None,2
holistic oncologist,6,0,0.0,0.0,0.0,0.0,0,,Leads-Search-1,Ad group 1,integrative medicine near me,broad,None,1
hormone specialist near me,12,0,0.0,0.0,0.0,0.0,0,,Leads-Search-1,Ad group 1 | Women's Health & Hormones,functional medicine for hormones | holistic dr near me | hormone doctor near me | integrative medicine near me | naturopath for menopause | naturopath for women's health,broad | exact (close variant),None,6
natural doctor near me,7,0,0.0,0.0,0.0,0.0,0,,Leads-Search-1,Ad group 1 | Functional & Integrative Medicine,functional medicine near me | natural doctor near me,broad | exact,Added | None,2
natural path doctor,8,0,0.0,0.0,0.0,0.0,0,,Leads-Search-1,Ad group 1 | Functional & Integrative Medicine,functional medicine | naturopathic doctor near me,broad | exact (close variant),None,2
naturopathic practitioner,7,0,0.0,0.0,0.0,0.0,0,,Leads-Search-1,Ad group 1,men's health naturopath | naturopathic doctor near me,broad | exact (close variant),None,2
naturopathy practitioner,8,0,0.0,0.0,0.0,0.0,0,,Leads-Search-1,Ad group 1 | Naturopath Near Me — Core,naturopathic doctor near me | naturopathic dr near me | naturopaths in my area,exact (close variant),None,3
reiki near me,11,0,0.0,0.0,0.0,0.0,0,,Leads-Search-1,Ad group 1 | Functional & Integrative Medicine | Geo-Qualified — Hopkins & West Metro,holistic dr near me | integrative health near me | integrative medicine near me | natural medicine Minnesota,broad,None,5
thyroid naturopath,6,0,0.0,0.0,0.0,0.0,0,,Leads-Search-1,Ad group 1,holistic dr near me,broad,None,1
restore hyper wellness,26,0,0.0,0.0,0.0,0.0,0,,Leads-Search-1,Functional & Integrative Medicine | Naturopath Near Me — Core,alternative medicine near me | functional doctor in my area | functional integrative doctor | functional integrative medicine near me | functional medicine | functional medicine clinic near me | functional medicine doctors near me | functional medicine near me | integrative medicine doctors in my area | integrative medicine near me | naturalist dr near me | naturopathic practitioner near me,broad,None,12
partners in pediatrics,21,0,0.0,0.0,0.0,0.0,0,,Leads-Search-1,Ad group 1 | Pediatrics,holistic pediatricians near me | natural pediatrician near me | pediatric holistic doctor | pediatric holistic doctor near me | pediatric naturopath near me,broad,Excluded,6
pediatric and young adult medicine,6,0,0.0,0.0,0.0,0.0,0,,Leads-Search-1,Pediatrics,pediatric naturopath near me,broad,None,1
wayzata children's clinic,6,0,0.0,0.0,0.0,0.0,0,,Leads-Search-1,Pediatrics,pediatric naturopath near me,broad,None,1
fertility clinic near me,12,0,0.0,0.0,0.0,0.0,0,,Leads-Search-1,Women's Health & Hormones,female naturopath | fertility naturopath near me | hormone doctor near me | naturopath for hormones | women's hormone specialist near me | women's naturopath near me,broad,None,6
women's health consultants,8,0,0.0,0.0,0.0,0.0,0,,Leads-Search-1,Women's Health & Hormones,functional medicine for hormones | hormone doctor near me | women's health naturopath,broad,None,3
womens health clinic,16,0,0.0,0.0,0.0,0.0,0,,Leads-Search-1,Women's Health & Hormones,Hashimoto's naturopath | female naturopath | female naturopath near me | functional medicine for hormones | hormone doctor near me | naturopath for hormone imbalance | naturopath for women's health | women's health naturopath,broad,None,8
acupuncture for menopause near me,5,0,0.0,0.0,0.0,0.0,0,,Leads-Search-1,Ad group 1,naturopathic doctor near me,broad,None,1
advanced allergy therapeutics near me,6,0,0.0,0.0,0.0,0.0,0,,Leads-Search-1,Ad group 1,holistic dr near me | naturopathic doctor near me,broad,None,2
ayurveda minneapolis,9,0,0.0,0.0,0.0,0.0,0,,Leads-Search-1,Ad group 1,holistic dr near me | integrative medicine near me | men's health naturopath | naturopathic doctor Minneapolis,broad,None,4
colon hydrotherapy near me,10,0,0.0,0.0,0.0,0.0,0,,Leads-Search-1,Ad group 1 | Functional & Integrative Medicine,functional integrative medicine near me | functional medicine near me | holistic dr near me | integrative medicine near me,broad,None,4
functional medicine chiropractor,6,0,0.0,0.0,0.0,0.0,0,,Leads-Search-1,Ad group 1 | Functional & Integrative Medicine,functional medicine near me | holistic dr near me,broad,None,2
functional medicine doctors that accept insurance near me,11,0,0.0,0.0,0.0,0.0,0,,Leads-Search-1,Ad group 1,holistic dr near me | integrative medicine near me | naturopathic doctor near me,broad | phrase (close variant),None,3
functional medicine gastroenterologist,6,0,0.0,0.0,0.0,0.0,0,,Leads-Search-1,Ad group 1 | Functional & Integrative Medicine,integrative medicine near me | naturopathic doctor Minneapolis,broad,None,2
herbal remedies near me,5,0,0.0,0.0,0.0,0.0,0,,Leads-Search-1,Ad group 1,naturopathic doctor near me,broad,None,1
herbalist minneapolis,14,0,0.0,0.0,0.0,0.0,0,,Leads-Search-1,Ad group 1 | Functional & Integrative Medicine | Naturopath Near Me — Core,alternative medicine doctors near me | functional medicine near me | holistic dr near me | integrative medicine near me | naturopathic doctor near me,broad,None,5
holistic dermatologist mn,8,0,0.0,0.0,0.0,0.0,0,,Leads-Search-1,Ad group 1 | Geo-Qualified — Hopkins & West Metro,holistic dr near me | holistic medicine Minneapolis | naturopathic doctor Minneapolis,broad | phrase (close variant),None,3
holistic doctors in minneapolis,7,0,0.0,0.0,0.0,0.0,0,,Leads-Search-1,Ad group 1 | Geo-Qualified — Hopkins & West Metro,holistic medicine Minneapolis | integrative medicine near me | naturopathic doctor Minneapolis,broad | exact (close variant),None,3
holistic doctors in minnesota,11,0,0.0,0.0,0.0,0.0,0,,Leads-Search-1,Ad group 1 | Functional & Integrative Medicine | Naturopath Near Me — Core,alternative medicine doctors near me | functional doctor | functional integrative medicine near me | holistic dr near me | integrative medicine near me | naturopathic doctor near me,broad,None,6
holistic primary care doctor near me,5,0,0.0,0.0,0.0,0.0,0,,Leads-Search-1,Ad group 1,holistic dr near me,exact (close variant),None,1
hormone doctor near me,12,0,0.0,0.0,0.0,0.0,0,,Leads-Search-1,Ad group 1 | Women's Health & Hormones,alternative medicine doctors near me | holistic dr near me | hormone doctor near me | integrative medicine near me | women's health naturopath,broad | exact,Added | None,5
mhealth fairview,10,0,0.0,0.0,0.0,0.0,0,,Leads-Search-1,Ad group 1 | Geo-Qualified — Hopkins & West Metro,holistic medicine Minneapolis | natural medicine Minnesota | naturopathic doctor Minneapolis,broad,None,3
nd doctor near me,5,0,0.0,0.0,0.0,0.0,0,,Leads-Search-1,Ad group 1,naturopathic doctor near me,exact (close variant),None,1
neighborhood naturopathic,13,0,0.0,0.0,0.0,0.0,0,,Leads-Search-1,Ad group 1 | Naturopath Near Me — Core | Pediatrics,holistic dr near me | naturalist dr near me | naturopathic doctor near me | naturopaths in my area | pediatric naturopath near me,broad,None,5
newbridge clinic,7,0,0.0,0.0,0.0,0.0,0,,Leads-Search-1,Ad group 1 | Functional & Integrative Medicine,functional medicine doctors near me | holistic dr near me | integrative medicine near me,broad,None,3
nutritionist near me,19,0,0.0,0.0,0.0,0.0,0,,Leads-Search-1,Ad group 1 | Functional & Integrative Medicine | Women's Health & Hormones,Hashimoto's naturopath | functional doctor in my area | functional medicine | functional medicine doctors near me | functional medicine hormones | functional medicine near me | holistic dr near me | holistic medicine Minneapolis | integrative medicine doctors in my area | naturopathic doctor near me | women's health naturopath,broad,None,11
pediatric functional medicine near me,10,0,0.0,0.0,0.0,0.0,0,,Leads-Search-1,Ad group 1 | Pediatrics,holistic pediatricians near me | integrative medicine near me | pediatric holistic doctor,broad | phrase (close variant),None,4
primary care doctors minneapolis,5,0,0.0,0.0,0.0,0.0,0,,Leads-Search-1,Ad group 1,holistic dr near me,broad,None,1
vitamin b12 shots clinic near me,5,0,0.0,0.0,0.0,0.0,0,,Leads-Search-1,Ad group 1,naturopathic doctor near me,broad,None,1
wellness center near me,12,0,0.0,0.0,0.0,0.0,0,,Leads-Search-1,Ad group 1 | Functional & Integrative Medicine,functional medicine doctors near me | functional medicine near me | holistic dr near me | integrative medicine near me | naturopathic doctor near me,broad,None,5
health,14,0,0.0,0.0,0.0,0.0,0,,Leads-Search-1,Functional & Integrative Medicine | Men's Health | Naturopath Near Me — Core,alternative medicine near me | functional integrative medicine near me | functional medical clinic | functional medicine | functional medicine near me | integrative health near me | integrative medicine near me | male health doctors near me,broad,None,8
vagus nerve reset,5,0,0.0,0.0,0.0,0.0,0,,Leads-Search-1,Functional & Integrative Medicine,functional medicine,broad,None,1
ed remedies,5,0,0.0,0.0,0.0,0.0,0,,Leads-Search-1,Men's Health,naturopath for men,broad,None,1
which erectile dysfunction drug is best,5,0,0.0,0.0,0.0,0.0,0,,Leads-Search-1,Men's Health,male medical clinic near me,broad,None,1
bioresonance therapy near me,21,0,0.0,0.0,0.0,0.0,0,,Leads-Search-1,Functional & Integrative Medicine | Geo-Qualified — Hopkins & West Metro | Naturopath Near Me — Core,alternative medicine doctors near me | functional doctor in my area | functional integrative medicine near me | functional medicine doctors in my area | functional medicine doctors near me | functional medicine near me | holistic dr near me | holistic medicine Minneapolis | integrative health near me | integrative medicine near me,broad | phrase (close variant),None,10
doctor near me,15,0,0.0,0.0,0.0,0.0,0,,Leads-Search-1,Ad group 1 | Functional & Integrative Medicine | Geo-Qualified — Hopkins & West Metro | Naturopath Near Me — Core,alternative medicine doctors near me | functional doctor in my area | holistic dr near me | holistic medicine Minneapolis | integrative medicine near me | natural doctor near me | natural medicine Minnesota | naturopathic doctor near me,broad,None,9
kidcrew,8,0,0.0,0.0,0.0,0.0,0,,Leads-Search-1,Pediatrics,holistic pediatricians near me | natural pediatrician near me | pediatric holistic doctor near me,broad,None,3
pediatricians near me,10,0,0.0,0.0,0.0,0.0,0,,Leads-Search-1,Pediatrics,holistic pediatricians near me | pediatric holistic doctor | pediatric naturopath near me,broad,None,3
acupuncture apple valley mn,4,0,0.0,0.0,0.0,0.0,0,,Leads-Search-1,Ad group 1,holistic dr near me,broad,None,1
acupuncture for fertility near me,5,0,0.0,0.0,0.0,0.0,0,,Leads-Search-1,Ad group 1,alternative medicine doctors near me | holistic dr near me,broad,None,2
acupuncture lakeville,5,0,0.0,0.0,0.0,0.0,0,,Leads-Search-1,Ad group 1 | Functional & Integrative Medicine,integrative medicine near me | naturopathic doctor near me,broad,None,2
acupuncture women's health near me,4,0,0.0,0.0,0.0,0.0,0,,Leads-Search-1,Ad group 1,naturopathic doctor near me,broad,None,1
alternative doctor near me,4,0,0.0,0.0,0.0,0.0,0,,Leads-Search-1,Ad group 1,naturopathic doctor near me,exact (close variant),None,1
carrie drinkwine,4,0,0.0,0.0,0.0,0.0,0,,Leads-Search-1,Ad group 1,holistic dr near me,broad,None,1
chelation therapy near me,5,0,0.0,0.0,0.0,0.0,0,,Leads-Search-1,Ad group 1 | Functional & Integrative Medicine,functional medicine near me | holistic dr near me,broad,None,2
colonic minneapolis,4,0,0.0,0.0,0.0,0.0,0,,Leads-Search-1,Ad group 1,holistic dr near me,broad,None,1
doctors for healthy living,4,0,0.0,0.0,0.0,0.0,0,,Leads-Search-1,Ad group 1,integrative medicine near me,broad,None,1
dr brooke goldner,5,0,0.0,0.0,0.0,0.0,0,,Leads-Search-1,Ad group 1,holistic dr near me | naturopathic doctor near me,broad,None,2
elevated integrative wellness,7,0,0.0,0.0,0.0,0.0,0,,Leads-Search-1,Ad group 1 | Functional & Integrative Medicine,functional holistic medicine | functional medicine doctors in my area | holistic dr near me | natural functional doctor,broad,Excluded,4
functional doctor mn,4,0,0.0,0.0,0.0,0.0,0,,Leads-Search-1,Ad group 1,naturopathic doctor near me,broad,None,1
functional med doctor,4,0,0.0,0.0,0.0,0.0,0,,Leads-Search-1,Ad group 1,holistic dr near me,broad,None,1
functional medicine doctor covered by insurance,4,0,0.0,0.0,0.0,0.0,0,,Leads-Search-1,Ad group 1,holistic dr near me,broad,None,1
functional medicine doctor minnesota,10,0,0.0,0.0,0.0,0.0,0,,Leads-Search-1,Ad group 1 | Functional & Integrative Medicine,functional medicine | holistic dr near me | natural pediatrician near me | naturopathic doctor Minneapolis,broad | phrase,None,4
functional medicine provider near me,6,0,0.0,0.0,0.0,0.0,0,,Leads-Search-1,Ad group 1,holistic medicine Minneapolis | naturopathic doctor Minneapolis,broad,None,2
functional nutritionist near me,6,0,0.0,0.0,0.0,0.0,0,,Leads-Search-1,Ad group 1,holistic dr near me | naturopathic doctor near me,broad,None,2
functional thyroid doctor near me,8,0,0.0,0.0,0.0,0.0,0,,Leads-Search-1,Ad group 1 | Women's Health & Hormones,Hashimoto's naturopath | holistic dr near me | hormone doctor near me | integrative medicine near me,broad | phrase (close variant),None,4
gut health clinic,4,0,0.0,0.0,0.0,0.0,0,,Leads-Search-1,Ad group 1,holistic dr near me,broad,None,1
hcmc integrative health clinic,4,0,0.0,0.0,0.0,0.0,0,,Leads-Search-1,Ad group 1,holistic dr near me,broad,None,1
healthpartners functional medicine,8,0,0.0,0.0,0.0,0.0,0,,Leads-Search-1,Ad group 1,holistic dr near me | integrative medicine near me,broad,None,2
holistic gi doctor near me,5,0,0.0,0.0,0.0,0.0,0,,Leads-Search-1,Ad group 1 | Functional & Integrative Medicine,functional medicine | integrative medicine near me,phrase (close variant),None,2
holistic medicine doctor,5,0,0.0,0.0,0.0,0.0,0,,Leads-Search-1,Ad group 1 | Naturopath Near Me — Core,holistic dr near me,exact (close variant),None,2
holistic neurologist,6,0,0.0,0.0,0.0,0.0,0,,Leads-Search-1,Ad group 1 | Functional & Integrative Medicine,functional medical | holistic dr near me | integrative medicine near me,broad | phrase (close variant),None,3
homeopathic doctor,7,0,0.0,0.0,0.0,0.0,0,,Leads-Search-1,Ad group 1,integrative medicine near me | naturopathic doctor near me,broad,None,2
hopkins wellness center,4,0,0.0,0.0,0.0,0.0,0,,Leads-Search-1,Ad group 1,holistic dr near me,broad,None,1
integrative cardiologist near me,4,0,0.0,0.0,0.0,0.0,0,,Leads-Search-1,Ad group 1,holistic dr near me,broad,None,1
jalashree pradhan,4,0,0.0,0.0,0.0,0.0,0,,Leads-Search-1,Ad group 1,holistic dr near me,broad,None,1
jill carnahan,5,0,0.0,0.0,0.0,0.0,0,,Leads-Search-1,Ad group 1,holistic dr near me | naturopathic doctor near me,broad,None,2
lyme specialists near me,4,0,0.0,0.0,0.0,0.0,0,,Leads-Search-1,Ad group 1,holistic dr near me,broad,None,1
lymphologist near me,4,0,0.0,0.0,0.0,0.0,0,,Leads-Search-1,Ad group 1,holistic dr near me,broad,None,1
mast cell activation doctor near me,4,0,0.0,0.0,0.0,0.0,0,,Leads-Search-1,Ad group 1,naturopathic doctor near me,broad,None,1
mn integrative medicine,8,0,0.0,0.0,0.0,0.0,0,,Leads-Search-1,Ad group 1 | Functional & Integrative Medicine | Geo-Qualified — Hopkins & West Metro,functional doctor in my area | functional medicine | holistic medicine Minneapolis | naturopathic doctor near me,broad,None,5
mthfr doctor near me,4,0,0.0,0.0,0.0,0.0,0,,Leads-Search-1,Ad group 1,naturopathic dr near me,broad,None,1
natural family medicine,4,0,0.0,0.0,0.0,0.0,0,,Leads-Search-1,Ad group 1,holistic dr near me,broad,None,1
natural medicine near me,5,0,0.0,0.0,0.0,0.0,0,,Leads-Search-1,Ad group 1 | Naturopath Near Me — Core,naturopathic doctor near me,exact (close variant),None,2
naturopathic,10,0,0.0,0.0,0.0,0.0,0,,Leads-Search-1,Ad group 1 | Functional & Integrative Medicine | Geo-Qualified — Hopkins & West Metro | Naturopath Near Me — Core,functional medicine | holistic dr near me | holistic medicine Minneapolis | natural pediatrician near me | naturalist dr near me | naturopaths in my area,broad,None,6
naturopathic doctor st cloud mn,4,0,0.0,0.0,0.0,0.0,0,,Leads-Search-1,Ad group 1,naturopathic doctor near me,broad,None,1
naturopathy practitioner near me,5,0,0.0,0.0,0.0,0.0,0,,Leads-Search-1,Ad group 1,naturopathic doctor Minneapolis | naturopathic doctor near me,broad | exact (close variant),None,2
osteopathic doctor near me,6,0,0.0,0.0,0.0,0.0,0,,Leads-Search-1,Ad group 1,holistic dr near me | naturopathic doctor near me,broad,None,2
penny george clinic,4,0,0.0,0.0,0.0,0.0,0,,Leads-Search-1,Ad group 1,holistic dr near me,broad,None,1
perimenopause providers near me,4,0,0.0,0.0,0.0,0.0,0,,Leads-Search-1,Ad group 1,holistic dr near me,broad,None,1
sten ekberg,4,0,0.0,0.0,0.0,0.0,0,,Leads-Search-1,Ad group 1,holistic dr near me,broad,None,1
tyna moore,5,0,0.0,0.0,0.0,0.0,0,,Leads-Search-1,Ad group 1,holistic dr near me | naturopathic doctor near me,broad,None,2
women health clinic near me,4,0,0.0,0.0,0.0,0.0,0,,Leads-Search-1,Ad group 1,women's health naturopath,broad,None,1
dexa scan near me,4,0,0.0,0.0,0.0,0.0,0,,Leads-Search-1,Functional & Integrative Medicine,functional medicine near me,broad,Excluded,1
fibromyalgia treatment,4,0,0.0,0.0,0.0,0.0,0,,Leads-Search-1,Functional & Integrative Medicine,functional medicine,broad,None,1
integrative medical doctor,4,0,0.0,0.0,0.0,0.0,0,,Leads-Search-1,Functional & Integrative Medicine,integrative doctor,exact (close variant),None,1
somali clinic minneapolis,4,0,0.0,0.0,0.0,0.0,0,,Leads-Search-1,Functional & Integrative Medicine,functional medicine near me,broad,None,1
naturopath minneapolis mn,6,0,0.0,0.0,0.0,0.0,0,,Leads-Search-1,Ad group 1 | Geo-Qualified — Hopkins & West Metro,functional medicine near me | holistic medicine Minneapolis | naturopathic doctor Minneapolis,broad | phrase (close variant),None,3
cupping therapy near me,8,0,0.0,0.0,0.0,0.0,0,,Leads-Search-1,Ad group 1 | Naturopath Near Me — Core,alternative medicine doctors near me | alternative medicine near me | holistic dr near me | integrative medicine near me,broad | phrase (close variant),None,4
holistic near me,7,0,0.0,0.0,0.0,0.0,0,,Leads-Search-1,Functional & Integrative Medicine | Naturopath Near Me — Core,functional medicine | functional medicine doctors near me | functional medicine near me | holistic dr near me,broad | exact (close variant),None,4
holistic physical therapy,8,0,0.0,0.0,0.0,0.0,0,,Leads-Search-1,Ad group 1 | Naturopath Near Me — Core,alternative medicine doctors near me | holistic dr near me | holistic medicine Minneapolis,broad,None,4
how to heal hashimoto's holistically,4,0,0.0,0.0,0.0,0.0,0,,Leads-Search-1,Naturopath Near Me — Core,natural doctor near me,broad,None,1
i need a doctor,5,0,0.0,0.0,0.0,0.0,0,,Leads-Search-1,Functional & Integrative Medicine | Naturopath Near Me — Core,alternative medicine doctors near me | functional medicine doctors near me,broad,None,2
natural health doctor,5,0,0.0,0.0,0.0,0.0,0,,Leads-Search-1,Functional & Integrative Medicine | Naturopath Near Me — Core,integrative doctor | natural doctor near me,exact (close variant) | phrase (close variant),None,2
child doctor check up,5,0,0.0,0.0,0.0,0.0,0,,Leads-Search-1,Pediatrics,holistic pediatricians near me | natural pediatrician near me,broad,None,2
entira family clinics,4,0,0.0,0.0,0.0,0.0,0,,Leads-Search-1,Pediatrics,pediatric naturopath near me,broad,None,1
functional pediatrician near me,5,0,0.0,0.0,0.0,0.0,0,,Leads-Search-1,Pediatrics,holistic pediatricians near me,exact (close variant) | phrase (close variant),None,2
kurt elting ballard md,4,0,0.0,0.0,0.0,0.0,0,,Leads-Search-1,Pediatrics,pediatric naturopath near me,broad,None,1
south lake pediatrics near me,5,0,0.0,0.0,0.0,0.0,0,,Leads-Search-1,Pediatrics,natural pediatrician near me | pediatric holistic doctor,broad,None,2
zarminali pediatrics,12,0,0.0,0.0,0.0,0.0,0,,Leads-Search-1,Pediatrics,holistic pediatricians near me | pediatric holistic doctor | pediatric holistic doctor near me | pediatric naturopath near me,broad,None,4
gynecologist,6,0,0.0,0.0,0.0,0.0,0,,Leads-Search-1,Women's Health & Hormones,fertility naturopath near me | hormone doctor near me | women's naturopath near me,broad,Excluded,3
premier women's health of minnesota,15,0,0.0,0.0,0.0,0.0,0,,Leads-Search-1,Women's Health & Hormones,Hashimoto's naturopath | functional medicine for hormones | hormone doctor near me | naturopath for fertility | naturopath for hormone imbalance | naturopath for menopause | women's health naturopath | women's naturopath near me,broad,None,8
acupuncture bloomington mn,5,0,0.0,0.0,0.0,0.0,0,,Leads-Search-1,Ad group 1,holistic dr near me | integrative medicine near me | men's health naturopath,broad,None,3
acupuncture minneapolis mn,3,0,0.0,0.0,0.0,0.0,0,,Leads-Search-1,Ad group 1,holistic dr near me,broad,None,1
acupuncture tcm,3,0,0.0,0.0,0.0,0.0,0,,Leads-Search-1,Ad group 1,holistic dr near me,broad,None,1
acupuncture that takes insurance near me,3,0,0.0,0.0,0.0,0.0,0,,Leads-Search-1,Ad group 1,integrative medicine near me,broad,None,1
acupuncturist,4,0,0.0,0.0,0.0,0.0,0,,Leads-Search-1,Ad group 1,holistic dr near me | naturopathic doctor near me,broad,Excluded,2
allina doctors,3,0,0.0,0.0,0.0,0.0,0,,Leads-Search-1,Ad group 1,naturopathic doctor near me,broad,None,1
alternative treatments,3,0,0.0,0.0,0.0,0.0,0,,Leads-Search-1,Ad group 1,holistic dr near me,broad,None,1
ayurvedic doctor near me,3,0,0.0,0.0,0.0,0.0,0,,Leads-Search-1,Ad group 1,naturopathic dr near me,broad,None,1
ayurvedic medicine,3,0,0.0,0.0,0.0,0.0,0,,Leads-Search-1,Ad group 1,naturopathic doctor near me,broad,None,1
ayurvedic medicine near me,6,0,0.0,0.0,0.0,0.0,0,,Leads-Search-1,Ad group 1,holistic dr near me | integrative medicine near me | natural medicine Minnesota,broad,None,3
best naturopathic doctor near me,3,0,0.0,0.0,0.0,0.0,0,,Leads-Search-1,Ad group 1,best naturopathic doctor near me,exact,Added,1
best primary care doctors minneapolis,3,0,0.0,0.0,0.0,0.0,0,,Leads-Search-1,Ad group 1,holistic dr near me,broad,None,1
bioidentical hormones minneapolis,3,0,0.0,0.0,0.0,0.0,0,,Leads-Search-1,Ad group 1,holistic medicine Minneapolis,phrase (close variant),None,1
catalyst medical clinic,10,0,0.0,0.0,0.0,0.0,0,,Leads-Search-1,Ad group 1 | Functional & Integrative Medicine | Geo-Qualified — Hopkins & West Metro,functional integrative doctor | functional integrative medicine near me | functional medicine doctors near me | holistic dr near me | integrative medicine near me | natural medicine Minnesota | naturopathic doctor Minneapolis,broad,None,7
chinese medicine doctor,3,0,0.0,0.0,0.0,0.0,0,,Leads-Search-1,Ad group 1,holistic dr near me,broad,None,1
chinese medicine minneapolis,3,0,0.0,0.0,0.0,0.0,0,,Leads-Search-1,Ad group 1,men's health naturopath,broad,None,1
chinese medicine st paul,3,0,0.0,0.0,0.0,0.0,0,,Leads-Search-1,Ad group 1,naturopathic doctor near me,broad,None,1
christian functional medicine near me,3,0,0.0,0.0,0.0,0.0,0,,Leads-Search-1,Ad group 1,integrative medicine near me,phrase (close variant),None,1
cleanse colon near me,3,0,0.0,0.0,0.0,0.0,0,,Leads-Search-1,Ad group 1,holistic dr near me,broad,None,1
dietitians near me,4,0,0.0,0.0,0.0,0.0,0,,Leads-Search-1,Ad group 1 | Functional & Integrative Medicine,functional doctor in my area | holistic dr near me,broad,None,2
do doctors near me,3,0,0.0,0.0,0.0,0.0,0,,Leads-Search-1,Ad group 1,naturopathic doctor Minneapolis,broad,None,1
dr barbara o neill,3,0,0.0,0.0,0.0,0.0,0,,Leads-Search-1,Ad group 1,holistic dr near me,broad,None,1
dr cassie wilder,10,0,0.0,0.0,0.0,0.0,0,,Leads-Search-1,Ad group 1 | Geo-Qualified — Hopkins & West Metro,holistic dr near me | holistic medicine Minneapolis | integrative medicine near me | men's health naturopath | natural pediatrician near me | naturopathic doctor near me,broad | phrase (close variant),None,6
dr eric berg,9,0,0.0,0.0,0.0,0.0,0,,Leads-Search-1,Ad group 1 | Functional & Integrative Medicine,functional doctor in my area | functional integrative doctor | functional integrative medicine near me | functional medicine practitioner | holistic dr near me | naturopathic doctor near me | naturopathic dr near me,broad,None,7
dr kevin reese,4,0,0.0,0.0,0.0,0.0,0,,Leads-Search-1,Ad group 1 | Functional & Integrative Medicine,functional integrative doctor | holistic dr near me,broad,None,2
dr plotnikoff,3,0,0.0,0.0,0.0,0.0,0,,Leads-Search-1,Ad group 1,holistic dr near me,broad,None,1
dr staci holweger,4,0,0.0,0.0,0.0,0.0,0,,Leads-Search-1,Ad group 1,holistic dr near me | naturopathic doctor near me,broad,None,2
dr tyna moore,6,0,0.0,0.0,0.0,0.0,0,,Leads-Search-1,Ad group 1,holistic dr near me | men's health naturopath | natural pediatrician near me | naturopathic doctor near me,broad,None,4
eastern medicine doctor,3,0,0.0,0.0,0.0,0.0,0,,Leads-Search-1,Ad group 1,holistic dr near me,broad,None,1
edina acupuncture,3,0,0.0,0.0,0.0,0.0,0,,Leads-Search-1,Ad group 1,holistic dr near me,broad,None,1
endocrinologist minneapolis,6,0,0.0,0.0,0.0,0.0,0,,Leads-Search-1,Ad group 1 | Geo-Qualified — Hopkins & West Metro,holistic medicine Minneapolis | integrative medicine near me | naturopathic dr near me,broad,None,3
energy medicine,4,0,0.0,0.0,0.0,0.0,0,,Leads-Search-1,Ad group 1 | Naturopath Near Me — Core,natural doctor near me | naturopathic doctor near me,broad,None,2
fairview clinics,3,0,0.0,0.0,0.0,0.0,0,,Leads-Search-1,Ad group 1,holistic medicine Minneapolis,broad,None,1
female hormone specialist near me,8,0,0.0,0.0,0.0,0.0,0,,Leads-Search-1,Ad group 1 | Women's Health & Hormones,holistic dr near me | hormone doctor near me | naturopath for menopause | naturopathic doctor near me | women's hormone specialist near me,broad | exact (close variant) | phrase (close variant),None,5
find naturopathic doctor,3,0,0.0,0.0,0.0,0.0,0,,Leads-Search-1,Ad group 1,naturopathic doctor near me,exact (close variant),None,1
function health doctors near me,3,0,0.0,0.0,0.0,0.0,0,,Leads-Search-1,Ad group 1,holistic dr near me,broad,None,1
functional doctor near me thyroid,3,0,0.0,0.0,0.0,0.0,0,,Leads-Search-1,Ad group 1,naturopathic doctor near me,broad,None,1
functional gi doctor near me,4,0,0.0,0.0,0.0,0.0,0,,Leads-Search-1,Ad group 1 | Functional & Integrative Medicine,functional medicine near me | holistic dr near me,broad | phrase (close variant),None,2
functional lab testing near me,4,0,0.0,0.0,0.0,0.0,0,,Leads-Search-1,Ad group 1 | Functional & Integrative Medicine,functional medicine near me | integrative medicine near me,broad | phrase (close variant),None,2
functional medicine doctor blue cross blue shield,3,0,0.0,0.0,0.0,0.0,0,,Leads-Search-1,Ad group 1,naturopathic doctor near me,broad,None,1
functional medicine doctor in minneapolis,3,0,0.0,0.0,0.0,0.0,0,,Leads-Search-1,Ad group 1,holistic medicine Minneapolis,phrase (close variant),None,1
functional medicine doctor plymouth mn,5,0,0.0,0.0,0.0,0.0,0,,Leads-Search-1,Ad group 1 | Functional & Integrative Medicine,functional doctor | functional medical physician | holistic dr near me,broad | phrase | phrase (close variant),None,3
functional medicine doctor that takes insurance near me,3,0,0.0,0.0,0.0,0.0,0,,Leads-Search-1,Ad group 1,naturopathic dr near me,broad,None,1
functional medicine dr,4,0,0.0,0.0,0.0,0.0,0,,Leads-Search-1,Ad group 1 | Functional & Integrative Medicine,functional medicine clinic near me | holistic dr near me,broad,None,2
functional medicine edina,9,0,0.0,0.0,0.0,0.0,0,,Leads-Search-1,Ad group 1 | Functional & Integrative Medicine | Geo-Qualified — Hopkins & West Metro,functional medicine | functional medicine doctor edina | holistic dr near me | naturopathic doctor near me,broad | exact (close variant) | phrase,None,5
functional medicine gi doctor,3,0,0.0,0.0,0.0,0.0,0,,Leads-Search-1,Ad group 1,men's health naturopath,broad,None,1
functional medicine pediatrician near me,6,0,0.0,0.0,0.0,0.0,0,,Leads-Search-1,Ad group 1 | Pediatrics,holistic dr near me | holistic pediatricians near me | integrative medicine near me,broad | phrase (close variant),None,3
good doctors near me,3,0,0.0,0.0,0.0,0.0,0,,Leads-Search-1,Ad group 1,holistic dr near me,broad,None,1
gut health functional medicine doctor,3,0,0.0,0.0,0.0,0.0,0,,Leads-Search-1,Ad group 1,integrative medicine near me,broad,None,1
gut health specialist near me,5,0,0.0,0.0,0.0,0.0,0,,Leads-Search-1,Ad group 1 | Functional & Integrative Medicine,functional medicine near me | holistic dr near me | integrative medicine near me,broad,None,3
hashimoto's doctors near me,3,0,0.0,0.0,0.0,0.0,0,,Leads-Search-1,Ad group 1,integrative medicine near me,broad,None,1
healing near me,4,0,0.0,0.0,0.0,0.0,0,,Leads-Search-1,Ad group 1 | Naturopath Near Me — Core,holistic dr near me | naturopaths in my area,broad,None,2
health clinics in minneapolis,3,0,0.0,0.0,0.0,0.0,0,,Leads-Search-1,Ad group 1,holistic dr near me,broad,None,1
herbalists near me,4,0,0.0,0.0,0.0,0.0,0,,Leads-Search-1,Ad group 1 | Functional & Integrative Medicine,integrative medicine near me | naturopathic doctor near me,broad,None,2
holistic acne doctor near me,3,0,0.0,0.0,0.0,0.0,0,,Leads-Search-1,Ad group 1,holistic dr near me,phrase (close variant),None,1
holistic care near me,5,0,0.0,0.0,0.0,0.0,0,,Leads-Search-1,Ad group 1 | Functional & Integrative Medicine | Geo-Qualified — Hopkins & West Metro,integrative doctor | natural medicine Minnesota | naturopathic doctor near me,broad | phrase (close variant),None,3
holistic chiropractor minneapolis,3,0,0.0,0.0,0.0,0.0,0,,Leads-Search-1,Ad group 1,holistic medicine Minneapolis,phrase (close variant),None,1
holistic clinics near me,4,0,0.0,0.0,0.0,0.0,0,,Leads-Search-1,Ad group 1,holistic dr near me | naturopathic doctor near me,broad | exact (close variant),None,2
holistic doctors minneapolis,5,0,0.0,0.0,0.0,0.0,0,,Leads-Search-1,Ad group 1,holistic dr near me | integrative medicine near me,broad,None,2
holistic healthcare near me,3,0,0.0,0.0,0.0,0.0,0,,Leads-Search-1,Ad group 1,holistic dr near me,exact (close variant),None,1
holistic hormone testing,3,0,0.0,0.0,0.0,0.0,0,,Leads-Search-1,Ad group 1,functional medicine,broad,None,1
holistic medicine practitioner,5,0,0.0,0.0,0.0,0.0,0,,Leads-Search-1,Ad group 1 | Functional & Integrative Medicine | Naturopath Near Me — Core,functional doctor in my area | holistic dr near me,broad | exact (close variant),None,3
holistic medicine stores near me,3,0,0.0,0.0,0.0,0.0,0,,Leads-Search-1,Ad group 1,holistic dr near me,broad,None,1
holistic menopause specialist near me,3,0,0.0,0.0,0.0,0.0,0,,Leads-Search-1,Ad group 1,holistic dr near me,phrase (close variant),None,1
holistic naturopathic doctor near me,3,0,0.0,0.0,0.0,0.0,0,,Leads-Search-1,Ad group 1,naturopathic doctor near me,exact (close variant),None,1
holistic nutritionist near me,9,0,0.0,0.0,0.0,0.0,0,,Leads-Search-1,Ad group 1,holistic dr near me | integrative medicine near me | natural pediatrician near me | naturopathic doctor near me,broad,None,4
holistic women's health,7,0,0.0,0.0,0.0,0.0,0,,Leads-Search-1,Ad group 1 | Women's Health & Hormones,holistic dr near me | naturopath for hormones | naturopath for women's health | naturopathic doctor near me,broad,None,4
homeopathic doctors in minneapolis,4,0,0.0,0.0,0.0,0.0,0,,Leads-Search-1,Ad group 1,natural pediatrician near me | naturopathic doctor Minneapolis,broad,None,2
homeopathic medicine minneapolis,3,0,0.0,0.0,0.0,0.0,0,,Leads-Search-1,Ad group 1,holistic dr near me,broad,None,1
homeopathic medicine practitioners,3,0,0.0,0.0,0.0,0.0,0,,Leads-Search-1,Ad group 1,integrative medicine near me,broad,None,1
homeopathic physicians near me,3,0,0.0,0.0,0.0,0.0,0,,Leads-Search-1,Ad group 1,holistic dr near me,phrase (close variant),None,1
homeopathic providers near me,3,0,0.0,0.0,0.0,0.0,0,,Leads-Search-1,Ad group 1,holistic dr near me,broad,None,1
homeopathic remedies near me,3,0,0.0,0.0,0.0,0.0,0,,Leads-Search-1,Ad group 1,naturopathic doctor near me,broad,None,1
homeopathy medicine near me,4,0,0.0,0.0,0.0,0.0,0,,Leads-Search-1,Ad group 1,holistic dr near me | integrative medicine near me,broad,None,2
homeoprophylaxis near me,3,0,0.0,0.0,0.0,0.0,0,,Leads-Search-1,Ad group 1,naturopathic dr near me,broad,None,1
hopkins wellness,4,0,0.0,0.0,0.0,0.0,0,,Leads-Search-1,Ad group 1,holistic dr near me | naturopathic doctor near me,broad,None,2
hrt specialist near me,3,0,0.0,0.0,0.0,0.0,0,,Leads-Search-1,Ad group 1,holistic dr near me,broad,None,1
immunologist near me,3,0,0.0,0.0,0.0,0.0,0,,Leads-Search-1,Ad group 1,holistic dr near me,broad,None,1
integrative health clinic minneapolis,4,0,0.0,0.0,0.0,0.0,0,,Leads-Search-1,Ad group 1,integrative medicine near me | naturopathic doctor Minneapolis,broad,None,2
integrative health clinics,4,0,0.0,0.0,0.0,0.0,0,,Leads-Search-1,Ad group 1 | Functional & Integrative Medicine,integrative health near me | integrative medicine near me,exact (close variant),None,2
integrative medicine near me that takes insurance,5,0,0.0,0.0,0.0,0.0,0,,Leads-Search-1,Ad group 1,integrative medicine near me | naturopathic doctor near me,broad | phrase,None,2
integrative wellness near me,3,0,0.0,0.0,0.0,0.0,0,,Leads-Search-1,Ad group 1,naturopathic doctor near me,broad,None,1
lifestyle medicine doctors,4,0,0.0,0.0,0.0,0.0,0,,Leads-Search-1,Ad group 1 | Functional & Integrative Medicine,holistic dr near me | integrated doctor,broad | phrase (close variant),None,2
male hormone doctor near me,3,0,0.0,0.0,0.0,0.0,0,,Leads-Search-1,Ad group 1,functional medicine near me,broad,None,1
minnesota acupuncture,4,0,0.0,0.0,0.0,0.0,0,,Leads-Search-1,Ad group 1 | Geo-Qualified — Hopkins & West Metro,natural medicine Minnesota | naturopathic doctor Minneapolis,broad | phrase (close variant),None,2
natural nutritionist near me,3,0,0.0,0.0,0.0,0.0,0,,Leads-Search-1,Ad group 1,naturopathic doctor near me,broad,None,1
naturopath clinics near me,4,0,0.0,0.0,0.0,0.0,0,,Leads-Search-1,Ad group 1,natural medicine Minnesota | naturopathic doctor near me,broad | exact (close variant),None,2
naturopath duluth mn,3,0,0.0,0.0,0.0,0.0,0,,Leads-Search-1,Ad group 1,holistic dr near me,broad,None,1
naturopath fertility treatment,3,0,0.0,0.0,0.0,0.0,0,,Leads-Search-1,Ad group 1,holistic dr near me,broad,None,1
naturopath mn,3,0,0.0,0.0,0.0,0.0,0,,Leads-Search-1,Ad group 1,holistic dr near me,broad,None,1
naturopathic clinics,3,0,0.0,0.0,0.0,0.0,0,,Leads-Search-1,Ad group 1,holistic dr near me,broad,None,1
naturopathic doctor in minnesota,4,0,0.0,0.0,0.0,0.0,0,,Leads-Search-1,Ad group 1 | Geo-Qualified — Hopkins & West Metro,holistic dr near me | naturopathic doctor Minneapolis,broad | exact (close variant),None,2
naturopathic doctor maple grove,12,0,0.0,0.0,0.0,0.0,0,,Leads-Search-1,Ad group 1 | Geo-Qualified — Hopkins & West Metro | Naturopath Near Me — Core | Women's Health & Hormones,holistic dr near me | holistic medicine Minneapolis | men's health naturopath | natural pediatrician near me | naturopath for hormones | naturopathic doctor near me | naturopaths in my area,broad | phrase (close variant),None,7
naturopathic doctor near me that takes insurance,3,0,0.0,0.0,0.0,0.0,0,,Leads-Search-1,Ad group 1,naturopathic doctor near me,phrase,None,1
naturopathic doctor st paul mn,3,0,0.0,0.0,0.0,0.0,0,,Leads-Search-1,Ad group 1,natural pediatrician near me,broad,None,1
naturopathic doctors in minneapolis,5,0,0.0,0.0,0.0,0.0,0,,Leads-Search-1,Ad group 1 | Geo-Qualified — Hopkins & West Metro,holistic dr near me | holistic medicine Minneapolis,broad | phrase (close variant),None,2
naturopathic dr,3,0,0.0,0.0,0.0,0.0,0,,Leads-Search-1,Ad group 1,naturopathic doctor near me,exact (close variant),None,1
naturopathic medicine,12,0,0.0,0.0,0.0,0.0,0,,Leads-Search-1,Ad group 1 | Functional & Integrative Medicine | Geo-Qualified — Hopkins & West Metro,functional medical physician | functional medicine doctor eden prairie | functional medicine doctor edina | holistic dr near me | integrative medicine near me | naturopathic doctor near me,broad,None,6
naturopathic thyroid specialist near me,3,0,0.0,0.0,0.0,0.0,0,,Leads-Search-1,Ad group 1,holistic dr near me,phrase (close variant),None,1
naturopathy,5,0,0.0,0.0,0.0,0.0,0,,Leads-Search-1,Ad group 1 | Functional & Integrative Medicine | Naturopath Near Me — Core,functional holistic medicine | holistic dr near me | naturopaths in my area,broad,None,3
nutritionist,8,0,0.0,0.0,0.0,0.0,0,,Leads-Search-1,Ad group 1 | Functional & Integrative Medicine | Naturopath Near Me — Core,functional doctor in my area | functional medicine doctors near me | functional medicine near me | holistic dr near me | naturopathic doctor near me,broad,None,6
osteopath near me,7,0,0.0,0.0,0.0,0.0,0,,Leads-Search-1,Ad group 1 | Functional & Integrative Medicine,holistic dr near me | integrative medicine near me | naturopathic doctor near me,broad,None,3
park nicollet clinic,5,0,0.0,0.0,0.0,0.0,0,,Leads-Search-1,Ad group 1 | Functional & Integrative Medicine,functional holistic medicine | holistic medicine Minneapolis | naturopathic doctor near me,broad,None,3
park nicollet functional medicine,3,0,0.0,0.0,0.0,0.0,0,,Leads-Search-1,Ad group 1,holistic dr near me,broad,None,1
primary care minneapolis,5,0,0.0,0.0,0.0,0.0,0,,Leads-Search-1,Ad group 1,naturopathic doctor Minneapolis | naturopathic doctor near me,broad,None,2
stacey degen,3,0,0.0,0.0,0.0,0.0,0,,Leads-Search-1,Ad group 1,holistic dr near me,broad,None,1
traditional chinese medicine near me,5,0,0.0,0.0,0.0,0.0,0,,Leads-Search-1,Ad group 1,holistic dr near me | naturopathic doctor near me,broad | phrase (close variant),None,2
wellness centers minneapolis,4,0,0.0,0.0,0.0,0.0,0,,Leads-Search-1,Ad group 1 | Functional & Integrative Medicine,functional medicine near me | holistic dr near me,broad,None,2
what is a naturopathic doctor,4,0,0.0,0.0,0.0,0.0,0,,Leads-Search-1,Ad group 1,holistic dr near me | integrative medicine near me,broad,None,2
whisperology,3,0,0.0,0.0,0.0,0.0,0,,Leads-Search-1,Ad group 1,integrative medicine near me,broad,None,1
women's health,21,0,0.0,0.0,0.0,0.0,0,,Leads-Search-1,Ad group 1 | Women's Health & Hormones,female naturopath | female naturopath near me | holistic dr near me | holistic medicine Minneapolis | hormone doctor near me | integrative medicine near me | naturopath for hormone imbalance | naturopath for hormones | naturopathic doctor near me,broad,None,9
clinics in coon rapids mn,4,0,0.0,0.0,0.0,0.0,0,,Leads-Search-1,Functional & Integrative Medicine | Naturopath Near Me — Core,integrative medicine doctors in my area | naturopaths in my area,broad,None,2
colonic cleanse near me,3,0,0.0,0.0,0.0,0.0,0,,Leads-Search-1,Functional & Integrative Medicine,integrative health near me,broad,None,1
functional and integrative medicine near me,6,0,0.0,0.0,0.0,0.0,0,,Leads-Search-1,Functional & Integrative Medicine | Naturopath Near Me — Core,alternative medicine near me | functional medicine | integrative medicine near me | naturopathic dr near me,broad | exact (close variant) | phrase | phrase (close variant),None,4
functional lab testing,6,0,0.0,0.0,0.0,0.0,0,,Leads-Search-1,Ad group 1 | Functional & Integrative Medicine,functional medical | functional medicine,phrase (close variant),None,3
functional medicine woodbury,4,0,0.0,0.0,0.0,0.0,0,,Leads-Search-1,Functional & Integrative Medicine,functional medicine | functional medicine doctors near me,broad | phrase,None,2
hcmc near me,7,0,0.0,0.0,0.0,0.0,0,,Leads-Search-1,Functional & Integrative Medicine | Naturopath Near Me — Core,alternative medicine near me | functional medicine doctors near me | functional medicine near me,broad,None,3
health and wellness clinics near me,3,0,0.0,0.0,0.0,0.0,0,,Leads-Search-1,Functional & Integrative Medicine,functional medicine near me,broad,None,1
healthy near me,10,0,0.0,0.0,0.0,0.0,0,,Leads-Search-1,Ad group 1 | Functional & Integrative Medicine | Geo-Qualified — Hopkins & West Metro | Naturopath Near Me — Core,functional integrative medicine near me | functional medicine | functional medicine doctor edina | functional medicine doctors near me | naturopathic doctor near me | naturopathic practitioner near me,broad,None,6
hennepin healthcare,11,0,0.0,0.0,0.0,0.0,0,,Leads-Search-1,Ad group 1 | Functional & Integrative Medicine,functional holistic medicine | functional integrative doctor | functional integrative medicine near me | integrative health near me | integrative medicine near me | natural functional doctor | naturopathic doctor Minneapolis,broad,Excluded,7
huberman lab,3,0,0.0,0.0,0.0,0.0,0,,Leads-Search-1,Functional & Integrative Medicine,functional medicine,broad,None,1
integrative health near me,7,0,0.0,0.0,0.0,0.0,0,,Leads-Search-1,Ad group 1 | Functional & Integrative Medicine,integrative health near me | integrative medicine near me | naturopathic doctor near me,broad | exact | exact (close variant),Added,5
integrative md,4,0,0.0,0.0,0.0,0.0,0,,Leads-Search-1,Functional & Integrative Medicine,integrated doctor | integrative medicine doctors in my area,broad | exact (close variant),None,2
north point clinic,3,0,0.0,0.0,0.0,0.0,0,,Leads-Search-1,Functional & Integrative Medicine,functional integrative medicine near me,broad,None,1
ridgeview medical center,9,0,0.0,0.0,0.0,0.0,0,,Leads-Search-1,Ad group 1 | Functional & Integrative Medicine | Geo-Qualified — Hopkins & West Metro,functional integrative doctor | functional medicine doctor eden prairie | functional medicine doctors near me | functional medicine near me | functional medicine practitioner | holistic medicine Minneapolis | natural medicine Minnesota,broad,None,7
roots wellness,5,0,0.0,0.0,0.0,0.0,0,,Leads-Search-1,Functional & Integrative Medicine,functional integrative medicine near me | functional medicine near me,broad,None,2
sibo test,3,0,0.0,0.0,0.0,0.0,0,,Leads-Search-1,Functional & Integrative Medicine,functional medicine,broad,None,1
valley medical and wellness,11,0,0.0,0.0,0.0,0.0,0,,Leads-Search-1,Ad group 1 | Functional & Integrative Medicine,functional doctor in my area | functional holistic medicine | functional integrative doctor | functional integrative medicine near me | functional medicine doctors in my area | functional medicine practitioner | natural functional doctor | naturopathic doctor near me,broad,None,8
acupuncture,7,0,0.0,0.0,0.0,0.0,0,,Leads-Search-1,Ad group 1 | Functional & Integrative Medicine | Geo-Qualified — Hopkins & West Metro,functional holistic medicine | integrative medicine near me | men's health naturopath | natural medicine Minnesota,broad,Excluded,4
clinic,4,0,0.0,0.0,0.0,0.0,0,,Leads-Search-1,Functional & Integrative Medicine | Geo-Qualified — Hopkins & West Metro,functional medicine doctor edina | functional medicine doctors near me,broad,None,2
natural hormone therapy minnetonka,3,0,0.0,0.0,0.0,0.0,0,,Leads-Search-1,Geo-Qualified — Hopkins & West Metro,holistic medicine Minneapolis,phrase (close variant),None,1
voyage healthcare,10,0,0.0,0.0,0.0,0.0,0,,Leads-Search-1,Ad group 1 | Geo-Qualified — Hopkins & West Metro | Naturopath Near Me — Core | Pediatrics,best naturopath near me | functional medicine doctor eden prairie | integrative medicine near me | natural medicine Minnesota | natural pediatrician near me,broad,Excluded,5
everest men's health,7,0,0.0,0.0,0.0,0.0,0,,Leads-Search-1,Functional & Integrative Medicine | Men's Health,functional integrative medicine near me | male health doctor near me | naturopath for men | naturopath for prostate,broad,None,4
game day mens clinic,3,0,0.0,0.0,0.0,0.0,0,,Leads-Search-1,Men's Health,naturopath for men,broad,None,1
male doctor appointment,5,0,0.0,0.0,0.0,0.0,0,,Leads-Search-1,Men's Health,male medical clinic near me | men health clinic near me | men's specialist doctor near me,broad,None,3
mens health clinic,6,0,0.0,0.0,0.0,0.0,0,,Leads-Search-1,Functional & Integrative Medicine | Men's Health,functional integrative doctor | men health clinic near me | men's health doctor near me | naturopath for men,broad | exact (close variant),None,4
clinic near me,12,0,0.0,0.0,0.0,0.0,0,,Leads-Search-1,Functional & Integrative Medicine | Geo-Qualified — Hopkins & West Metro | Men's Health | Naturopath Near Me — Core | Women's Health & Hormones,alternative medicine near me | functional medicine clinic near me | functional medicine doctor eden prairie | functional medicine near me | hormone doctor near me | integrative health near me | integrative medicine doctors in my area | male primary care doctors near me,broad,None,8
holistic treatment for diverticulitis,3,0,0.0,0.0,0.0,0.0,0,,Leads-Search-1,Naturopath Near Me — Core,naturopathic practitioner near me,broad,None,1
homeopathy,5,0,0.0,0.0,0.0,0.0,0,,Leads-Search-1,Functional & Integrative Medicine | Geo-Qualified — Hopkins & West Metro | Naturopath Near Me — Core,functional medicine doctor edina | functional medicines | holistic dr near me,broad,None,3
naturopathic healing,7,0,0.0,0.0,0.0,0.0,0,,Leads-Search-1,Naturopath Near Me — Core,holistic dr near me | natural doctor near me | naturopathic practitioner near me | naturopaths in my area,broad,None,4
which doctor,5,0,0.0,0.0,0.0,0.0,0,,Leads-Search-1,Functional & Integrative Medicine | Naturopath Near Me — Core,functional doctor in my area | integrative medicine doctors in my area | naturalist dr near me,broad,None,3
baby not feeling well,4,0,0.0,0.0,0.0,0.0,0,,Leads-Search-1,Pediatrics,natural pediatrician near me | pediatric naturopath near me,broad,None,2
black pediatrician,5,0,0.0,0.0,0.0,0.0,0,,Leads-Search-1,Pediatrics,pediatric holistic doctor | pediatric holistic doctor near me | pediatric naturopath near me,broad,None,3
central pediatrics,3,0,0.0,0.0,0.0,0.0,0,,Leads-Search-1,Pediatrics,pediatric holistic doctor,broad,None,1
magdalena kappelman,3,0,0.0,0.0,0.0,0.0,0,,Leads-Search-1,Pediatrics,holistic pediatricians near me,broad,None,1
partners in pediatrics near me,3,0,0.0,0.0,0.0,0.0,0,,Leads-Search-1,Pediatrics,pediatric holistic doctor near me,broad,None,1
pediatric clinics minneapolis,3,0,0.0,0.0,0.0,0.0,0,,Leads-Search-1,Pediatrics,pediatric naturopath near me,broad,None,1
pediatric functional medicine,3,0,0.0,0.0,0.0,0.0,0,,Leads-Search-1,Pediatrics,holistic pediatricians near me,broad,None,1
pediatrics near me,6,0,0.0,0.0,0.0,0.0,0,,Leads-Search-1,Pediatrics,holistic pediatricians near me | pediatric holistic doctor | pediatric naturopath near me,broad,None,3
south lake pediatrics,6,0,0.0,0.0,0.0,0.0,0,,Leads-Search-1,Pediatrics,holistic pediatricians near me | pediatric holistic doctor | pediatric holistic doctor near me | pediatric naturopath near me,broad,Excluded,4
zarminali pediatrics mn,10,0,0.0,0.0,0.0,0.0,0,,Leads-Search-1,Pediatrics,holistic pediatricians near me | natural pediatrician near me | pediatric holistic doctor | pediatric holistic doctor near me | pediatric naturopath near me,broad,None,5
affordable fertility treatment,3,0,0.0,0.0,0.0,0.0,0,,Leads-Search-1,Women's Health & Hormones,fertility naturopath near me,broad,None,1
associates in women's health,5,0,0.0,0.0,0.0,0.0,0,,Leads-Search-1,Women's Health & Hormones,hormone doctor near me | women's health naturopath | women's hormone specialist near me,broad,None,3
best menopause specialist near me,8,0,0.0,0.0,0.0,0.0,0,,Leads-Search-1,Ad group 1 | Women's Health & Hormones,hormone doctor near me | integrative medicine near me | naturopathic doctor near me | perimenopause doctor near me,broad | exact (close variant) | phrase (close variant),None,4
bhrt therapy,4,0,0.0,0.0,0.0,0.0,0,,Leads-Search-1,Women's Health & Hormones,female naturopath near me | functional medicine for hormones,broad,None,2
doctors specializing in pcos near me,3,0,0.0,0.0,0.0,0.0,0,,Leads-Search-1,Women's Health & Hormones,women's health naturopath,broad,None,1
hormone replacement therapy,11,0,0.0,0.0,0.0,0.0,0,,Leads-Search-1,Ad group 1 | Women's Health & Hormones,female naturopath near me | hormone doctor near me | integrative medicine near me | natural help for menopause | naturopath for hormone imbalance | naturopath for hormones | women's health naturopath | women's hormone specialist near me,broad,None,8
hormone testing for women,7,0,0.0,0.0,0.0,0.0,0,,Leads-Search-1,Women's Health & Hormones,functional medicine for hormones | hormone doctor near me | natural help for menopause | naturopath for hormone imbalance,broad,None,4
obgyn offices near me,3,0,0.0,0.0,0.0,0.0,0,,Leads-Search-1,Women's Health & Hormones,fertility naturopath near me,broad,None,1
obgyn west,6,0,0.0,0.0,0.0,0.0,0,,Leads-Search-1,Women's Health & Hormones,fertility naturopath near me | hormone doctor near me | women's health naturopath,broad,None,3
pcos doctor near me,7,0,0.0,0.0,0.0,0.0,0,,Leads-Search-1,Ad group 1 | Women's Health & Hormones,hormone doctor near me | naturopath for menopause | naturopathic doctor near me | women's health naturopath,broad | phrase (close variant),None,4
pcos symptoms and treatment,4,0,0.0,0.0,0.0,0.0,0,,Leads-Search-1,Women's Health & Hormones,hormone doctor near me | women's health naturopath,broad,None,2
pcos treatment options,4,0,0.0,0.0,0.0,0.0,0,,Leads-Search-1,Women's Health & Hormones,women's health naturopath | women's hormone specialist near me,broad,None,2
period,3,0,0.0,0.0,0.0,0.0,0,,Leads-Search-1,Women's Health & Hormones,women's hormone specialist near me,broad,None,1
women's hormone therapy,3,0,0.0,0.0,0.0,0.0,0,,Leads-Search-1,Women's Health & Hormones,functional medicine hormones,broad,None,1
activator chiropractor near me,2,0,0.0,0.0,0.0,0.0,0,,Leads-Search-1,Ad group 1,holistic dr near me,broad,None,1
active healing,2,0,0.0,0.0,0.0,0.0,0,,Leads-Search-1,Ad group 1,holistic dr near me,broad,None,1
acupuncture edina,2,0,0.0,0.0,0.0,0.0,0,,Leads-Search-1,Ad group 1,holistic dr near me,broad,None,1
acupuncture for joint pain,2,0,0.0,0.0,0.0,0.0,0,,Leads-Search-1,Ad group 1,alternative medicine doctors near me,broad,None,1
acupuncture for perimenopause,2,0,0.0,0.0,0.0,0.0,0,,Leads-Search-1,Ad group 1,naturopathic doctor near me,broad,None,1
acupuncture for tinnitus near me,2,0,0.0,0.0,0.0,0.0,0,,Leads-Search-1,Ad group 1,holistic dr near me,broad,None,1
acupuncture for trigeminal neuralgia near me,2,0,0.0,0.0,0.0,0.0,0,,Leads-Search-1,Ad group 1,holistic dr near me,broad,None,1
acupuncture hopkins mn,2,0,0.0,0.0,0.0,0.0,0,,Leads-Search-1,Ad group 1,holistic dr near me,broad,None,1
acupuncture maple grove,4,0,0.0,0.0,0.0,0.0,0,,Leads-Search-1,Ad group 1,holistic dr near me | men's health naturopath | naturopathic doctor near me,broad,None,3
acupuncture minnesota,2,0,0.0,0.0,0.0,0.0,0,,Leads-Search-1,Ad group 1,holistic dr near me,broad,None,1
acupuncture mpls,2,0,0.0,0.0,0.0,0.0,0,,Leads-Search-1,Ad group 1,naturopathic doctor near me,broad,Excluded,1
acupuncture places near me,2,0,0.0,0.0,0.0,0.0,0,,Leads-Search-1,Ad group 1,holistic dr near me,broad,None,1
acupuncture plymouth mn,2,0,0.0,0.0,0.0,0.0,0,,Leads-Search-1,Ad group 1,holistic dr near me,broad,None,1
acupuncture waconia,2,0,0.0,0.0,0.0,0.0,0,,Leads-Search-1,Ad group 1,holistic dr near me,broad,None,1
acupuncture waconia mn,2,0,0.0,0.0,0.0,0.0,0,,Leads-Search-1,Ad group 1,integrative medicine near me,broad,None,1
acupuncturist near me,3,0,0.0,0.0,0.0,0.0,0,,Leads-Search-1,Ad group 1 | Functional & Integrative Medicine,functional doctor in my area | holistic dr near me,broad,None,2
agada integrative health center,2,0,0.0,0.0,0.0,0.0,0,,Leads-Search-1,Ad group 1,holistic dr near me,broad,None,1
all natural dr,2,0,0.0,0.0,0.0,0.0,0,,Leads-Search-1,Ad group 1,holistic dr near me,exact (close variant),None,1
allergist minnetonka,2,0,0.0,0.0,0.0,0.0,0,,Leads-Search-1,Ad group 1,holistic medicine Minneapolis,broad,None,1
allergists minneapolis,2,0,0.0,0.0,0.0,0.0,0,,Leads-Search-1,Ad group 1,alternative medicine doctors near me,broad,None,1
allina health clinic,5,0,0.0,0.0,0.0,0.0,0,,Leads-Search-1,Ad group 1 | Geo-Qualified — Hopkins & West Metro,functional medicine doctor eden prairie | integrative medicine near me | naturopathic doctor Minneapolis | naturopathic doctor near me,broad,None,4
allina health clinic near me,4,0,0.0,0.0,0.0,0.0,0,,Leads-Search-1,Ad group 1,integrative medicine near me | naturopathic doctor Minneapolis | naturopathic doctor near me,broad,None,3
allina penny george institute,2,0,0.0,0.0,0.0,0.0,0,,Leads-Search-1,Ad group 1,holistic dr near me,broad,None,1
allopathic doctor near me,2,0,0.0,0.0,0.0,0.0,0,,Leads-Search-1,Ad group 1,naturopathic doctor near me,broad,None,1
alternative medicine clinic,2,0,0.0,0.0,0.0,0.0,0,,Leads-Search-1,Ad group 1,holistic dr near me,broad,None,1
alternative medicine doctor,2,0,0.0,0.0,0.0,0.0,0,,Leads-Search-1,Ad group 1,functional medicine,broad,None,1
alternative medicine doctors,2,0,0.0,0.0,0.0,0.0,0,,Leads-Search-1,Ad group 1,holistic dr near me,exact (close variant),None,1
anthroposophical doctor,2,0,0.0,0.0,0.0,0.0,0,,Leads-Search-1,Ad group 1,holistic dr near me,broad,None,1
arbora health,2,0,0.0,0.0,0.0,0.0,0,,Leads-Search-1,Ad group 1,holistic dr near me,broad,None,1
ayurveda dr near me,2,0,0.0,0.0,0.0,0.0,0,,Leads-Search-1,Ad group 1,holistic dr near me,broad,None,1
b17 cancer,2,0,0.0,0.0,0.0,0.0,0,,Leads-Search-1,Ad group 1,natural medicine Minnesota,broad,None,1
best acupuncture minneapolis,2,0,0.0,0.0,0.0,0.0,0,,Leads-Search-1,Ad group 1,holistic dr near me,broad,None,1
best acupuncture twin cities,4,0,0.0,0.0,0.0,0.0,0,,Leads-Search-1,Ad group 1,holistic dr near me | integrative medicine near me | naturopathic doctor Minneapolis,broad,None,3
best endocrinologists,2,0,0.0,0.0,0.0,0.0,0,,Leads-Search-1,Ad group 1,integrative medicine near me,broad,None,1
best fibromyalgia doctors near me,2,0,0.0,0.0,0.0,0.0,0,,Leads-Search-1,Ad group 1,naturopathic doctor near me,broad,None,1
best functional doctor near me,2,0,0.0,0.0,0.0,0.0,0,,Leads-Search-1,Ad group 1,integrative medicine near me,broad,Added,1
best pain clinic in minnesota,2,0,0.0,0.0,0.0,0.0,0,,Leads-Search-1,Ad group 1,naturopathic doctor Minneapolis,broad,None,1
bewell natural medicine,2,0,0.0,0.0,0.0,0.0,0,,Leads-Search-1,Ad group 1,naturopathic doctor near me,broad,None,1
bhrt minneapolis,3,0,0.0,0.0,0.0,0.0,0,,Leads-Search-1,Ad group 1,holistic medicine Minneapolis | naturopathic doctor near me,broad | phrase (close variant),None,2
bhrt near me,2,0,0.0,0.0,0.0,0.0,0,,Leads-Search-1,Ad group 1,holistic dr near me,broad,None,1
bio energetic synchronization technique near me,2,0,0.0,0.0,0.0,0.0,0,,Leads-Search-1,Ad group 1,naturopathic doctor near me,broad,None,1
bio tuning near me,2,0,0.0,0.0,0.0,0.0,0,,Leads-Search-1,Ad group 1,holistic dr near me,broad,None,1
bioharmony health and wellness,2,0,0.0,0.0,0.0,0.0,0,,Leads-Search-1,Ad group 1,holistic dr near me,broad,None,1
bioharmony health edina,3,0,0.0,0.0,0.0,0.0,0,,Leads-Search-1,Ad group 1,holistic dr near me | integrative medicine near me,broad,None,2
bioidentical hormone replacement therapy minneapolis,4,0,0.0,0.0,0.0,0.0,0,,Leads-Search-1,Ad group 1 | Functional & Integrative Medicine,holistic medicine Minneapolis | integrated and functional medicine | naturopathic doctor near me,broad | phrase (close variant),None,3
black female primary care physicians near me,2,0,0.0,0.0,0.0,0.0,0,,Leads-Search-1,Ad group 1,naturopathic dr near me,broad,None,1
body code practitioner near me,4,0,0.0,0.0,0.0,0.0,0,,Leads-Search-1,Ad group 1,integrative medicine near me | naturopathic doctor near me,broad,None,2
buffalo clinic buffalo mn,2,0,0.0,0.0,0.0,0.0,0,,Leads-Search-1,Ad group 1,holistic medicine Minneapolis,broad,None,1
chinese medicine near me,8,0,0.0,0.0,0.0,0.0,0,,Leads-Search-1,Ad group 1 | Geo-Qualified — Hopkins & West Metro,holistic dr near me | integrative medicine near me | natural medicine Minnesota | naturopathic doctor near me,broad,None,4
chiropractor functional medicine near me,2,0,0.0,0.0,0.0,0.0,0,,Leads-Search-1,Ad group 1,integrative medicine near me,phrase (close variant),None,1
christian functional medicine doctor,2,0,0.0,0.0,0.0,0.0,0,,Leads-Search-1,Ad group 1,holistic dr near me,broad,None,1
christian holistic nutritionist,2,0,0.0,0.0,0.0,0.0,0,,Leads-Search-1,Ad group 1,holistic dr near me,broad,None,1
chronic constipation specialist,3,0,0.0,0.0,0.0,0.0,0,,Leads-Search-1,Ad group 1,holistic dr near me | integrative medicine near me,broad,None,2
clinica hennepin minneapolis,2,0,0.0,0.0,0.0,0.0,0,,Leads-Search-1,Ad group 1,integrative medicine near me,broad,None,1
colon cleanse minneapolis,2,0,0.0,0.0,0.0,0.0,0,,Leads-Search-1,Ad group 1,holistic dr near me,broad,None,1
colonics hydrotherapy near me,2,0,0.0,0.0,0.0,0.0,0,,Leads-Search-1,Ad group 1,holistic dr near me,broad,None,1
community acupuncture,8,0,0.0,0.0,0.0,0.0,0,,Leads-Search-1,Ad group 1 | Functional & Integrative Medicine | Geo-Qualified — Hopkins & West Metro | Naturopath Near Me — Core,functional integrative medicine near me | holistic dr near me | natural healing doctors near me | natural medicine Minnesota | naturopathic doctor Minneapolis,broad,None,6
concierge doctors near me,2,0,0.0,0.0,0.0,0.0,0,,Leads-Search-1,Ad group 1,holistic dr near me,broad,None,1
crystalin montgomery,3,0,0.0,0.0,0.0,0.0,0,,Leads-Search-1,Ad group 1 | Geo-Qualified — Hopkins & West Metro,holistic medicine Minneapolis | natural pediatrician near me,broad | phrase (close variant),None,2
dietician minneapolis,3,0,0.0,0.0,0.0,0.0,0,,Leads-Search-1,Ad group 1,integrative medicine near me | naturopathic doctor near me,broad,None,2
dimple jangda,2,0,0.0,0.0,0.0,0.0,0,,Leads-Search-1,Ad group 1,holistic dr near me,broad,None,1
direct primary care minneapolis,3,0,0.0,0.0,0.0,0.0,0,,Leads-Search-1,Ad group 1,holistic dr near me | naturopathic doctor near me,broad,None,2
do near me,3,0,0.0,0.0,0.0,0.0,0,,Leads-Search-1,Ad group 1,holistic dr near me | naturopathic doctor near me,broad,None,2
doctor barbara o neill,2,0,0.0,0.0,0.0,0.0,0,,Leads-Search-1,Ad group 1,holistic dr near me,broad,None,1
doctor functional medicine,2,0,0.0,0.0,0.0,0.0,0,,Leads-Search-1,Ad group 1,functional medicine near me,exact (close variant),None,1
doctor jaramillo,2,0,0.0,0.0,0.0,0.0,0,,Leads-Search-1,Ad group 1,holistic dr near me,broad,None,1
doctor of osteopathy near me,3,0,0.0,0.0,0.0,0.0,0,,Leads-Search-1,Ad group 1 | Functional & Integrative Medicine,functional integrative medicine near me | holistic dr near me,broad,None,2
doctor office near me,2,0,0.0,0.0,0.0,0.0,0,,Leads-Search-1,Ad group 1,holistic dr near me,broad,None,1
doctores homeópatas cerca de mi,2,0,0.0,0.0,0.0,0.0,0,,Leads-Search-1,Ad group 1,holistic dr near me,broad,None,1
doctores naturales,2,0,0.0,0.0,0.0,0.0,0,,Leads-Search-1,Ad group 1,naturopathic doctor near me,broad,None,1
doctors who practice eastern and western medicine near me,2,0,0.0,0.0,0.0,0.0,0,,Leads-Search-1,Ad group 1,naturopathic doctor near me,broad,None,1
doctors who treat cirs near me,2,0,0.0,0.0,0.0,0.0,0,,Leads-Search-1,Ad group 1,holistic dr near me,broad,None,1
dr ales ulishchenko,2,0,0.0,0.0,0.0,0.0,0,,Leads-Search-1,Ad group 1,holistic dr near me,broad,None,1
dr austin lake functional medicine,2,0,0.0,0.0,0.0,0.0,0,,Leads-Search-1,Ad group 1,integrative medicine near me,broad,None,1
dr axe clinic,2,0,0.0,0.0,0.0,0.0,0,,Leads-Search-1,Ad group 1,holistic dr near me,broad,None,1
dr berg l reuteri,2,0,0.0,0.0,0.0,0.0,0,,Leads-Search-1,Ad group 1,naturopathic doctor near me,broad,None,1
dr bernarda zenker,2,0,0.0,0.0,0.0,0.0,0,,Leads-Search-1,Ad group 1,holistic dr near me,broad,None,1
dr chris foley minnesota natural medicine,2,0,0.0,0.0,0.0,0.0,0,,Leads-Search-1,Ad group 1,holistic dr near me,broad,None,1
dr darren schmidt,8,0,0.0,0.0,0.0,0.0,0,,Leads-Search-1,Ad group 1 | Functional & Integrative Medicine | Naturopath Near Me — Core,functional medicine | functional medicine doctors near me | holistic dr near me | naturalist dr near me | naturopathic doctor near me,broad,None,5
dr david brownstein,2,0,0.0,0.0,0.0,0.0,0,,Leads-Search-1,Ad group 1,naturopathic doctor near me,broad,None,1
dr ed group,3,0,0.0,0.0,0.0,0.0,0,,Leads-Search-1,Ad group 1,alternative medicine doctors near me | holistic dr near me,broad,None,2
dr ekberg,2,0,0.0,0.0,0.0,0.0,0,,Leads-Search-1,Ad group 1,holistic dr near me,broad,None,1
dr homeo,9,0,0.0,0.0,0.0,0.0,0,,Leads-Search-1,Ad group 1 | Functional & Integrative Medicine | Naturopath Near Me — Core,alternative medicine near me | functional doctor | functional medicine near me | holistic dr near me | integrative doctor | natural doctor near me | naturopathic practitioner near me,broad,None,7
dr ilyes baghli,2,0,0.0,0.0,0.0,0.0,0,,Leads-Search-1,Ad group 1,holistic dr near me,broad,None,1
dr irestone,2,0,0.0,0.0,0.0,0.0,0,,Leads-Search-1,Ad group 1,holistic dr near me,broad,None,1
dr jaban moore,2,0,0.0,0.0,0.0,0.0,0,,Leads-Search-1,Ad group 1,holistic dr near me,broad,None,1
dr josh axe,2,0,0.0,0.0,0.0,0.0,0,,Leads-Search-1,Ad group 1,naturopathic doctor near me,broad,None,1
dr joshua levitt,2,0,0.0,0.0,0.0,0.0,0,,Leads-Search-1,Ad group 1,natural pediatrician near me,broad,None,1
dr kathleen hopkins,2,0,0.0,0.0,0.0,0.0,0,,Leads-Search-1,Ad group 1,holistic dr near me,broad,None,1
dr khadar xasan axmed,2,0,0.0,0.0,0.0,0.0,0,,Leads-Search-1,Ad group 1,alternative medicine doctors near me,broad,None,1
dr lauren tessier,2,0,0.0,0.0,0.0,0.0,0,,Leads-Search-1,Ad group 1,holistic dr near me,broad,None,1
dr mike hyman,2,0,0.0,0.0,0.0,0.0,0,,Leads-Search-1,Ad group 1,holistic dr near me,broad,None,1
dr obaz,2,0,0.0,0.0,0.0,0.0,0,,Leads-Search-1,Ad group 1,holistic dr near me,broad,None,1
dr patrick,2,0,0.0,0.0,0.0,0.0,0,,Leads-Search-1,Ad group 1,holistic dr near me,broad,None,1
dr pedi natural health,2,0,0.0,0.0,0.0,0.0,0,,Leads-Search-1,Ad group 1,functional medicine,phrase (close variant),None,1
dr pompa,3,0,0.0,0.0,0.0,0.0,0,,Leads-Search-1,Ad group 1,holistic dr near me | integrative medicine near me,broad,None,2
dr rachel erickson nd and associates,2,0,0.0,0.0,0.0,0.0,0,,Leads-Search-1,Ad group 1,holistic dr near me,broad,None,1
dr shawn o mara,2,0,0.0,0.0,0.0,0.0,0,,Leads-Search-1,Ad group 1,holistic dr near me,broad,None,1
dr troy spurrill,6,0,0.0,0.0,0.0,0.0,0,,Leads-Search-1,Ad group 1 | Functional & Integrative Medicine | Naturopath Near Me — Core,alternative medicine near me | functional medical physician | holistic dr near me | integrative medicine near me | naturopathic doctor near me,broad | phrase (close variant),None,5
dr turner naturopath,2,0,0.0,0.0,0.0,0.0,0,,Leads-Search-1,Ad group 1,holistic dr near me,broad,None,1
dr wilson,3,0,0.0,0.0,0.0,0.0,0,,Leads-Search-1,Ad group 1,holistic dr near me | natural pediatrician near me,broad,None,2
dr zach bush,2,0,0.0,0.0,0.0,0.0,0,,Leads-Search-1,Ad group 1,holistic dr near me,broad,None,1
dutch test naturopath,2,0,0.0,0.0,0.0,0.0,0,,Leads-Search-1,Ad group 1,naturopathic doctor near me,broad,None,1
eastern medicine doctors near me,3,0,0.0,0.0,0.0,0.0,0,,Leads-Search-1,Ad group 1 | Functional & Integrative Medicine,holistic dr near me | integrative medicine near me,broad | phrase (close variant),None,2
eden prairie family medicine,2,0,0.0,0.0,0.0,0.0,0,,Leads-Search-1,Ad group 1,naturopathic doctor near me,broad,None,1
elina lipovskiy do,2,0,0.0,0.0,0.0,0.0,0,,Leads-Search-1,Ad group 1,holistic dr near me,broad,None,1
enema treatment near me,2,0,0.0,0.0,0.0,0.0,0,,Leads-Search-1,Ad group 1,naturopathic doctor near me,broad,None,1
environmental medicine doctor near me,2,0,0.0,0.0,0.0,0.0,0,,Leads-Search-1,Ad group 1,holistic dr near me,broad,None,1
fairview integrative medicine,2,0,0.0,0.0,0.0,0.0,0,,Leads-Search-1,Ad group 1,holistic dr near me,broad,None,1
fairview riverside hospital,2,0,0.0,0.0,0.0,0.0,0,,Leads-Search-1,Ad group 1,holistic medicine Minneapolis,broad,None,1
family medicine physician,2,0,0.0,0.0,0.0,0.0,0,,Leads-Search-1,Ad group 1,integrative medicine near me,broad,None,1
fertility doctors mn,2,0,0.0,0.0,0.0,0.0,0,,Leads-Search-1,Ad group 1,naturopathic doctor Minneapolis,broad,None,1
fibro specialist near me,2,0,0.0,0.0,0.0,0.0,0,,Leads-Search-1,Ad group 1,naturopathic doctor near me,broad,None,1
fibromyalgia doctor near me,2,0,0.0,0.0,0.0,0.0,0,,Leads-Search-1,Ad group 1,holistic dr near me,broad,None,1
find a do near me,2,0,0.0,0.0,0.0,0.0,0,,Leads-Search-1,Ad group 1,holistic dr near me,broad,None,1
food allergy doctors,2,0,0.0,0.0,0.0,0.0,0,,Leads-Search-1,Ad group 1,naturopathic doctor Minneapolis,broad,None,1
food allergy specialist,3,0,0.0,0.0,0.0,0.0,0,,Leads-Search-1,Ad group 1 | Naturopath Near Me — Core,holistic dr near me | naturopathic dr near me,broad,None,2
four gates acupuncture,3,0,0.0,0.0,0.0,0.0,0,,Leads-Search-1,Ad group 1,holistic dr near me | natural medicine Minnesota,broad,None,2
function medicine,2,0,0.0,0.0,0.0,0.0,0,,Leads-Search-1,Ad group 1,holistic dr near me,broad,None,1
functional family doctor,2,0,0.0,0.0,0.0,0.0,0,,Leads-Search-1,Ad group 1,holistic dr near me,broad,None,1
functional gastroenterologist near me,3,0,0.0,0.0,0.0,0.0,0,,Leads-Search-1,Ad group 1 | Functional & Integrative Medicine,functional medicine near me | holistic dr near me,broad | phrase (close variant),None,2
functional health doctors,3,0,0.0,0.0,0.0,0.0,0,,Leads-Search-1,Ad group 1,holistic dr near me | holistic pediatricians near me,broad,None,2
functional health o fallon,2,0,0.0,0.0,0.0,0.0,0,,Leads-Search-1,Ad group 1,holistic dr near me,broad,None,1
functional internal medicine,2,0,0.0,0.0,0.0,0.0,0,,Leads-Search-1,Ad group 1,holistic dr near me,broad,None,1
functional md near me,4,0,0.0,0.0,0.0,0.0,0,,Leads-Search-1,Ad group 1 | Functional & Integrative Medicine,functional doctor in my area | holistic dr near me,broad | exact (close variant),None,2
functional med near me,2,0,0.0,0.0,0.0,0.0,0,,Leads-Search-1,Ad group 1,alternative medicine doctors near me,phrase (close variant),None,1
functional medical doctor,3,0,0.0,0.0,0.0,0.0,0,,Leads-Search-1,Ad group 1,holistic dr near me | integrative medicine near me,broad,None,2
functional medicine approach to ulcerative colitis,2,0,0.0,0.0,0.0,0.0,0,,Leads-Search-1,Ad group 1,holistic dr near me,broad,None,1
functional medicine autism near me,2,0,0.0,0.0,0.0,0.0,0,,Leads-Search-1,Ad group 1,alternative medicine doctors near me,broad,None,1
functional medicine bioidentical hormones,2,0,0.0,0.0,0.0,0.0,0,,Leads-Search-1,Ad group 1,naturopathic doctor Minneapolis,broad,None,1
functional medicine buffalo mn,5,0,0.0,0.0,0.0,0.0,0,,Leads-Search-1,Ad group 1,integrative medicine near me | natural medicine Minnesota | naturopathic doctor near me,broad | phrase (close variant),None,3
functional medicine clinics,2,0,0.0,0.0,0.0,0.0,0,,Leads-Search-1,Ad group 1,holistic dr near me,broad,None,1
functional medicine dermatology,2,0,0.0,0.0,0.0,0.0,0,,Leads-Search-1,Ad group 1,integrative medicine near me,broad,None,1
functional medicine doctor minnetonka,3,0,0.0,0.0,0.0,0.0,0,,Leads-Search-1,Ad group 1,holistic dr near me | naturopathic family medicine,broad,Added,2
functional medicine doctor near me that takes insurance,2,0,0.0,0.0,0.0,0.0,0,,Leads-Search-1,Ad group 1,naturopathic doctor near me,broad,None,1
functional medicine family doctor near me,2,0,0.0,0.0,0.0,0.0,0,,Leads-Search-1,Ad group 1,naturopathic doctor near me,broad,None,1
functional medicine gi,2,0,0.0,0.0,0.0,0.0,0,,Leads-Search-1,Ad group 1,naturopathic doctor Minneapolis,broad,None,1
functional medicine neurologist,2,0,0.0,0.0,0.0,0.0,0,,Leads-Search-1,Ad group 1,functional medicine,phrase,None,1
functional medicine nurse practitioner,2,0,0.0,0.0,0.0,0.0,0,,Leads-Search-1,Ad group 1,holistic dr near me,broad,None,1
functional medicine primary care,2,0,0.0,0.0,0.0,0.0,0,,Leads-Search-1,Ad group 1,integrative medicine near me,broad,None,1
functional medicine st paul mn,2,0,0.0,0.0,0.0,0.0,0,,Leads-Search-1,Ad group 1,holistic dr near me,broad,None,1
functional naturopathic doctor near me,3,0,0.0,0.0,0.0,0.0,0,,Leads-Search-1,Ad group 1 | Naturopath Near Me — Core,naturopathic doctor near me,exact (close variant),None,2
functional psychiatrist near me,2,0,0.0,0.0,0.0,0.0,0,,Leads-Search-1,Ad group 1,integrative medicine near me,phrase (close variant),None,1
functional wellness minneapolis rolfing homeopathy & nutrition,2,0,0.0,0.0,0.0,0.0,0,,Leads-Search-1,Ad group 1,naturopathic doctor near me,broad,None,1
functioning medicine doctor,2,0,0.0,0.0,0.0,0.0,0,,Leads-Search-1,Ad group 1,holistic dr near me,broad,None,1
general practitioner near me,5,0,0.0,0.0,0.0,0.0,0,,Leads-Search-1,Ad group 1 | Functional & Integrative Medicine | Naturopath Near Me — Core,alternative medicine near me | functional medicine doctors near me | holistic dr near me | naturopathic doctor near me,broad,None,4
gut health doctor near me,5,0,0.0,0.0,0.0,0.0,0,,Leads-Search-1,Ad group 1 | Functional & Integrative Medicine,functional doctor in my area | holistic dr near me | naturopathic doctor near me,broad,None,3
gut health doctors near me,5,0,0.0,0.0,0.0,0.0,0,,Leads-Search-1,Ad group 1 | Functional & Integrative Medicine,functional medicine doctors in my area | functional medicine near me | integrative medicine near me | naturopathic doctor near me,broad,None,4
gut health naturopath near me,2,0,0.0,0.0,0.0,0.0,0,,Leads-Search-1,Ad group 1,men's health naturopath,broad,None,1
heal hypothyroidism naturally,2,0,0.0,0.0,0.0,0.0,0,,Leads-Search-1,Ad group 1,naturopathic doctor near me,broad,None,1
healing beyond,4,0,0.0,0.0,0.0,0.0,0,,Leads-Search-1,Ad group 1 | Functional & Integrative Medicine | Naturopath Near Me — Core,functional integrative medicine near me | holistic dr near me | naturopathic practitioner near me,broad,None,3
health and wellness clinic,2,0,0.0,0.0,0.0,0.0,0,,Leads-Search-1,Ad group 1,holistic dr near me,broad,None,1
health clinics near me,6,0,0.0,0.0,0.0,0.0,0,,Leads-Search-1,Ad group 1 | Functional & Integrative Medicine,functional doctor in my area | functional integrative doctor | functional medicine near me | holistic dr near me | integrative health near me,broad,None,5
health coach near me,2,0,0.0,0.0,0.0,0.0,0,,Leads-Search-1,Ad group 1,men's health naturopath,broad,None,1
health partners,2,0,0.0,0.0,0.0,0.0,0,,Leads-Search-1,Ad group 1,naturopathic doctor near me,broad,Excluded,1
heiner fruehauf,2,0,0.0,0.0,0.0,0.0,0,,Leads-Search-1,Ad group 1,integrative medicine near me,broad,None,1
her health clinic,2,0,0.0,0.0,0.0,0.0,0,,Leads-Search-1,Ad group 1,holistic dr near me,broad,None,1
herbal doctors,3,0,0.0,0.0,0.0,0.0,0,,Leads-Search-1,Ad group 1,integrative medicine near me | naturopathic doctor near me,broad,None,2
herbal medicine,7,0,0.0,0.0,0.0,0.0,0,,Leads-Search-1,Ad group 1 | Functional & Integrative Medicine | Geo-Qualified — Hopkins & West Metro | Naturopath Near Me — Core,functional medicine | functional medicine doctor edina | integrative medicine near me | natural doctor near me | naturopathic doctor near me,broad,None,5
herbal store minneapolis,3,0,0.0,0.0,0.0,0.0,0,,Leads-Search-1,Ad group 1 | Functional & Integrative Medicine,integrative health near me | naturopathic doctor near me,broad,None,2
herbal store near me,6,0,0.0,0.0,0.0,0.0,0,,Leads-Search-1,Ad group 1 | Functional & Integrative Medicine | Naturopath Near Me — Core,integrative health near me | integrative medicine near me | naturopathic doctor near me | naturopathic practitioner near me,broad,None,4
herbalist minnesota,3,0,0.0,0.0,0.0,0.0,0,,Leads-Search-1,Ad group 1 | Functional & Integrative Medicine,functional medical physician | holistic dr near me,broad,None,2
herself health minneapolis,5,0,0.0,0.0,0.0,0.0,0,,Leads-Search-1,Ad group 1,holistic dr near me | integrative medicine near me | naturopathic doctor near me,broad,None,3
herself health mn,3,0,0.0,0.0,0.0,0.0,0,,Leads-Search-1,Ad group 1,holistic dr near me | integrative medicine near me,broad,None,2
herself health roseville,2,0,0.0,0.0,0.0,0.0,0,,Leads-Search-1,Ad group 1,naturopathic family medicine,broad,None,1
hocatt near me,2,0,0.0,0.0,0.0,0.0,0,,Leads-Search-1,Ad group 1,alternative medicine doctors near me,broad,None,1
holistic approach,2,0,0.0,0.0,0.0,0.0,0,,Leads-Search-1,Ad group 1,naturopathic doctor Minneapolis,broad,None,1
holistic cancer treatments,2,0,0.0,0.0,0.0,0.0,0,,Leads-Search-1,Ad group 1,holistic dr near me,broad,None,1
holistic cardiologist near me,6,0,0.0,0.0,0.0,0.0,0,,Leads-Search-1,Ad group 1 | Functional & Integrative Medicine | Naturopath Near Me — Core,holistic dr near me | integrative medicine near me | natural doctor near me | naturopathic doctor near me | naturopathic dr near me,broad | phrase (close variant),None,5
holistic children's doctor,3,0,0.0,0.0,0.0,0.0,0,,Leads-Search-1,Ad group 1,holistic medicine Minneapolis | naturopathic family medicine,broad,None,2
holistic chiropractor,3,0,0.0,0.0,0.0,0.0,0,,Leads-Search-1,Ad group 1,holistic dr near me | naturopathic family medicine,broad,None,2
holistic diabetes doctor,2,0,0.0,0.0,0.0,0.0,0,,Leads-Search-1,Ad group 1,men's health naturopath,broad,None,1
holistic doc,2,0,0.0,0.0,0.0,0.0,0,,Leads-Search-1,Ad group 1,holistic dr near me,broad,None,1
holistic doctor near me near me,2,0,0.0,0.0,0.0,0.0,0,,Leads-Search-1,Ad group 1,holistic dr near me,exact (close variant),None,1
holistic endocrinologist,2,0,0.0,0.0,0.0,0.0,0,,Leads-Search-1,Ad group 1,integrative medicine near me,broad,None,1
holistic endocrinologist near me,4,0,0.0,0.0,0.0,0.0,0,,Leads-Search-1,Ad group 1,holistic dr near me | naturopathic doctor near me,broad | phrase (close variant),None,2
holistic eye doctor near me,2,0,0.0,0.0,0.0,0.0,0,,Leads-Search-1,Ad group 1,holistic dr near me,broad,None,1
holistic family,2,0,0.0,0.0,0.0,0.0,0,,Leads-Search-1,Ad group 1,holistic dr near me,broad,None,1
holistic fertility,3,0,0.0,0.0,0.0,0.0,0,,Leads-Search-1,Ad group 1 | Women's Health & Hormones,holistic dr near me | naturopath for hormones,broad,None,2
holistic harmony clear lake iowa,2,0,0.0,0.0,0.0,0.0,0,,Leads-Search-1,Ad group 1,holistic dr near me,broad,None,1
holistic healing near me,7,0,0.0,0.0,0.0,0.0,0,,Leads-Search-1,Ad group 1 | Functional & Integrative Medicine | Naturopath Near Me — Core,alternative medicine near me | functional medicine doctors near me | holistic dr near me | integrative medicine near me | naturopathic doctor near me,broad | exact (close variant),None,5
holistic health doctors near me,2,0,0.0,0.0,0.0,0.0,0,,Leads-Search-1,Ad group 1,naturopathic doctor near me,exact (close variant),None,1
holistic health minnesota,2,0,0.0,0.0,0.0,0.0,0,,Leads-Search-1,Ad group 1,holistic dr near me,broad,None,1
holistic health practitioner,9,0,0.0,0.0,0.0,0.0,0,,Leads-Search-1,Ad group 1 | Functional & Integrative Medicine,functional medical | holistic dr near me | holistic medicine Minneapolis | holistic pediatricians near me | integrative medicine near me | natural medicine Minnesota | natural pediatrician near me,broad,None,7
holistic health programs,2,0,0.0,0.0,0.0,0.0,0,,Leads-Search-1,Ad group 1,holistic dr near me,broad,None,1
holistic heart doctor near me,4,0,0.0,0.0,0.0,0.0,0,,Leads-Search-1,Ad group 1 | Functional & Integrative Medicine | Naturopath Near Me — Core,holistic dr near me | integrative medicine near me,phrase | phrase (close variant),None,3
holistic hospital,4,0,0.0,0.0,0.0,0.0,0,,Leads-Search-1,Ad group 1,holistic dr near me | men's health naturopath,broad,None,2
holistic medicine pa,2,0,0.0,0.0,0.0,0.0,0,,Leads-Search-1,Ad group 1,holistic dr near me,broad,None,1
holistic menopause doctors near me,2,0,0.0,0.0,0.0,0.0,0,,Leads-Search-1,Ad group 1,holistic dr near me,phrase (close variant),None,1
holistic mental health practitioner,2,0,0.0,0.0,0.0,0.0,0,,Leads-Search-1,Ad group 1,holistic dr near me,broad,None,1
holistic nutrition,2,0,0.0,0.0,0.0,0.0,0,,Leads-Search-1,Ad group 1,natural pediatrician near me,broad,None,1
holistic nutritionist,3,0,0.0,0.0,0.0,0.0,0,,Leads-Search-1,Ad group 1 | Functional & Integrative Medicine,integrative health near me | men's health naturopath,broad,None,2
holistic parasite doctor near me,2,0,0.0,0.0,0.0,0.0,0,,Leads-Search-1,Ad group 1,naturopathic doctor near me,phrase (close variant),None,1
holistic pediatrician mn,2,0,0.0,0.0,0.0,0.0,0,,Leads-Search-1,Ad group 1,holistic dr near me,broad,None,1
holistic perimenopause,2,0,0.0,0.0,0.0,0.0,0,,Leads-Search-1,Ad group 1,natural medicine Minnesota,broad,None,1
holistic periodontist near me,2,0,0.0,0.0,0.0,0.0,0,,Leads-Search-1,Ad group 1,holistic dr near me,broad,None,1
holistic pregnancy doctor near me,2,0,0.0,0.0,0.0,0.0,0,,Leads-Search-1,Ad group 1,naturopathic doctor near me,phrase (close variant),None,1
holistic primary care physicians near me,2,0,0.0,0.0,0.0,0.0,0,,Leads-Search-1,Ad group 1,integrative medicine near me,phrase (close variant),None,1
holistic providers near me,5,0,0.0,0.0,0.0,0.0,0,,Leads-Search-1,Ad group 1,holistic dr near me | naturopathic doctor near me,broad | exact (close variant),None,3
holistic psychiatric care,2,0,0.0,0.0,0.0,0.0,0,,Leads-Search-1,Ad group 1,holistic dr near me,broad,None,1
holistic therapist,3,0,0.0,0.0,0.0,0.0,0,,Leads-Search-1,Ad group 1 | Naturopath Near Me — Core,holistic dr near me | natural doctor near me,broad,None,2
holistic therapy,4,0,0.0,0.0,0.0,0.0,0,,Leads-Search-1,Ad group 1 | Functional & Integrative Medicine,functional medicine doctors near me | functional medicine near me | holistic dr near me,broad,None,3
holistic therapy minneapolis,2,0,0.0,0.0,0.0,0.0,0,,Leads-Search-1,Ad group 1,holistic medicine Minneapolis,phrase (close variant),None,1
holistic vet near me,2,0,0.0,0.0,0.0,0.0,0,,Leads-Search-1,Ad group 1,holistic dr near me,broad,None,1
homeopath chicago,2,0,0.0,0.0,0.0,0.0,0,,Leads-Search-1,Ad group 1,holistic dr near me,broad,None,1
homeopath mn,2,0,0.0,0.0,0.0,0.0,0,,Leads-Search-1,Ad group 1,holistic dr near me,broad,None,1
homeopathic doctors,2,0,0.0,0.0,0.0,0.0,0,,Leads-Search-1,Ad group 1,naturopathic doctor near me,broad,None,1
homeopathic doctors pune,2,0,0.0,0.0,0.0,0.0,0,,Leads-Search-1,Ad group 1,alternative medicine doctors near me,broad,None,1
homeopathic medicine,6,0,0.0,0.0,0.0,0.0,0,,Leads-Search-1,Ad group 1 | Functional & Integrative Medicine,functional medical | holistic dr near me | naturopathic doctor near me,broad,None,3
homeopathic oncologist,2,0,0.0,0.0,0.0,0.0,0,,Leads-Search-1,Ad group 1,functional medicine,broad,None,1
homeopathic remedies for anxiety and insomnia,2,0,0.0,0.0,0.0,0.0,0,,Leads-Search-1,Ad group 1,functional medicine,broad,None,1
homeopathy clinic near me,2,0,0.0,0.0,0.0,0.0,0,,Leads-Search-1,Ad group 1,naturopathic doctor near me,broad,None,1
homeopathy doctor near me,2,0,0.0,0.0,0.0,0.0,0,,Leads-Search-1,Ad group 1,holistic dr near me,phrase (close variant),None,1
homeopathy doctors near me,2,0,0.0,0.0,0.0,0.0,0,,Leads-Search-1,Ad group 1,naturopathic doctor near me,broad,None,1
homeopathy for anger and rage,2,0,0.0,0.0,0.0,0.0,0,,Leads-Search-1,Ad group 1,functional medicine,broad,None,1
homeopathy minnesota,2,0,0.0,0.0,0.0,0.0,0,,Leads-Search-1,Ad group 1,holistic dr near me,broad,None,1
hopkins doctor,2,0,0.0,0.0,0.0,0.0,0,,Leads-Search-1,Ad group 1,naturopathic doctor near me,broad,None,1
hopkins health,9,0,0.0,0.0,0.0,0.0,0,,Leads-Search-1,Ad group 1 | Functional & Integrative Medicine | Naturopath Near Me — Core,functional medical clinic | integrated and functional medicine | integrated doctor | integrative doctor | naturalist dr near me | naturopathic doctor near me | naturopaths in my area,broad,None,7
hopkins health & wellness center 8th avenue north 1 hopkins mn,2,0,0.0,0.0,0.0,0.0,0,,Leads-Search-1,Ad group 1,holistic dr near me,broad,None,1
hormone clinics near me,2,0,0.0,0.0,0.0,0.0,0,,Leads-Search-1,Ad group 1,naturopathic doctor near me,broad,None,1
hormone doctors,4,0,0.0,0.0,0.0,0.0,0,,Leads-Search-1,Ad group 1 | Women's Health & Hormones,holistic dr near me | hormone doctor near me | women's health naturopath,broad | exact (close variant),None,3
hormone therapist near me,3,0,0.0,0.0,0.0,0.0,0,,Leads-Search-1,Ad group 1 | Women's Health & Hormones,holistic dr near me | hormone doctor near me,broad | exact (close variant),None,2
hormone therapy doctors near me,2,0,0.0,0.0,0.0,0.0,0,,Leads-Search-1,Ad group 1,women's health naturopath,broad,None,1
hormone treatment near me,2,0,0.0,0.0,0.0,0.0,0,,Leads-Search-1,Ad group 1,women's health naturopath,broad,None,1
how to balance hormones,3,0,0.0,0.0,0.0,0.0,0,,Leads-Search-1,Ad group 1 | Women's Health & Hormones,holistic dr near me | natural help for menopause,broad,None,2
how to choose a naturopath,2,0,0.0,0.0,0.0,0.0,0,,Leads-Search-1,Ad group 1,holistic dr near me,broad,None,1
how to find a functional medicine doctor,3,0,0.0,0.0,0.0,0.0,0,,Leads-Search-1,Ad group 1,holistic dr near me | naturopathic doctor near me,broad,None,2
how to find a functional medicine doctor in my area,2,0,0.0,0.0,0.0,0.0,0,,Leads-Search-1,Ad group 1,naturopathic dr near me,broad,None,1
how to heal cellular inflammation,2,0,0.0,0.0,0.0,0.0,0,,Leads-Search-1,Ad group 1,alternative medicine doctors near me,broad,None,1
ibs doctors near me,2,0,0.0,0.0,0.0,0.0,0,,Leads-Search-1,Ad group 1,holistic dr near me,broad,None,1
indian health board minneapolis,4,0,0.0,0.0,0.0,0.0,0,,Leads-Search-1,Ad group 1 | Geo-Qualified — Hopkins & West Metro,integrative medicine near me | natural medicine Minnesota | naturopathic doctor near me,broad,None,3
infinite wellness natural healing center pma,2,0,0.0,0.0,0.0,0.0,0,,Leads-Search-1,Ad group 1,holistic dr near me,broad,None,1
institution of functional medicine,2,0,0.0,0.0,0.0,0.0,0,,Leads-Search-1,Ad group 1,natural medicine Minnesota,broad,None,1
integrated health,4,0,0.0,0.0,0.0,0.0,0,,Leads-Search-1,Ad group 1 | Functional & Integrative Medicine,integrative health near me | natural pediatrician near me,broad,None,2
integrated medicine,7,0,0.0,0.0,0.0,0.0,0,,Leads-Search-1,Ad group 1 | Functional & Integrative Medicine,alternative medicine doctors near me | functional integrative doctor | functional integrative medicine near me | integrated and functional medicine | integrative health near me | naturopathic doctor near me,broad | phrase (close variant),None,6
integrative gastroenterology,4,0,0.0,0.0,0.0,0.0,0,,Leads-Search-1,Ad group 1 | Functional & Integrative Medicine,functional medicine doctors in my area | functional medicines | naturopathic family medicine,broad,None,3
integrative health clinic near me,3,0,0.0,0.0,0.0,0.0,0,,Leads-Search-1,Ad group 1 | Naturopath Near Me — Core,alternative medicine doctors near me | integrative medicine near me,exact (close variant) | phrase (close variant),None,2
integrative medicine clinics near me,4,0,0.0,0.0,0.0,0.0,0,,Leads-Search-1,Ad group 1 | Functional & Integrative Medicine,functional integrative medicine near me | integrative medicine near me | naturopathic doctor near me,broad | exact (close variant),None,3
integrative medicine community health network,2,0,0.0,0.0,0.0,0.0,0,,Leads-Search-1,Ad group 1,holistic dr near me,broad,None,1
integrative medicine doctor near me,6,0,0.0,0.0,0.0,0.0,0,,Leads-Search-1,Ad group 1 | Functional & Integrative Medicine,functional integrative medicine near me | functional medical | holistic dr near me | integrative medicine near me,broad | exact (close variant),None,4
integrative medicine doctors,2,0,0.0,0.0,0.0,0.0,0,,Leads-Search-1,Ad group 1,holistic dr near me,broad,None,1
integrative medicine doctors minneapolis,2,0,0.0,0.0,0.0,0.0,0,,Leads-Search-1,Ad group 1,holistic dr near me,broad,None,1
integrative medicine for mental health,2,0,0.0,0.0,0.0,0.0,0,,Leads-Search-1,Ad group 1,integrative medicine near me,broad,None,1
integrative medicine maple grove,2,0,0.0,0.0,0.0,0.0,0,,Leads-Search-1,Ad group 1,holistic dr near me,broad,None,1
integrative medicine minneapolis,3,0,0.0,0.0,0.0,0.0,0,,Leads-Search-1,Ad group 1 | Functional & Integrative Medicine,functional medicine doctors near me | naturopathic doctor near me,broad,None,2
integrative medicine providers near me,2,0,0.0,0.0,0.0,0.0,0,,Leads-Search-1,Ad group 1,holistic dr near me,broad,None,1
integrative medicine specialist,2,0,0.0,0.0,0.0,0.0,0,,Leads-Search-1,Ad group 1,integrative medicine near me,exact (close variant),None,1
integrative oncologist near me,5,0,0.0,0.0,0.0,0.0,0,,Leads-Search-1,Ad group 1 | Functional & Integrative Medicine,functional integrative medicine near me | holistic dr near me | integrative medicine doctors in my area | integrative medicine near me,broad | phrase (close variant),None,4
integrative pediatrics,4,0,0.0,0.0,0.0,0.0,0,,Leads-Search-1,Ad group 1 | Pediatrics,holistic pediatricians near me | integrative medicine near me | pediatric holistic doctor near me,broad,None,3
internal doctors near me,2,0,0.0,0.0,0.0,0.0,0,,Leads-Search-1,Ad group 1,holistic dr near me,broad,None,1
internist near me,2,0,0.0,0.0,0.0,0.0,0,,Leads-Search-1,Ad group 1,integrative medicine near me,broad,None,1
kat hopkins do,6,0,0.0,0.0,0.0,0.0,0,,Leads-Search-1,Ad group 1 | Functional & Integrative Medicine,functional integrative medicine near me | holistic dr near me | integrative medicine near me | naturopathic doctor Minneapolis,broad,None,4
kidney yin deficiency,2,0,0.0,0.0,0.0,0.0,0,,Leads-Search-1,Ad group 1,naturopathic doctor near me,broad,None,1
laconia koerner,2,0,0.0,0.0,0.0,0.0,0,,Leads-Search-1,Ad group 1,men's health naturopath,broad,None,1
laura frontiero,2,0,0.0,0.0,0.0,0.0,0,,Leads-Search-1,Ad group 1,holistic dr near me,broad,None,1
lifespan center for integrative medicine,2,0,0.0,0.0,0.0,0.0,0,,Leads-Search-1,Ad group 1,holistic dr near me,broad,None,1
lifestyle medicine clinic,2,0,0.0,0.0,0.0,0.0,0,,Leads-Search-1,Ad group 1,holistic dr near me,broad,None,1
local health clinics near me,2,0,0.0,0.0,0.0,0.0,0,,Leads-Search-1,Ad group 1,integrative medicine near me,broad,None,1
local naturopath,2,0,0.0,0.0,0.0,0.0,0,,Leads-Search-1,Ad group 1,naturopathic doctor near me,exact (close variant),None,1
longevity clinic,4,0,0.0,0.0,0.0,0.0,0,,Leads-Search-1,Ad group 1 | Functional & Integrative Medicine,holistic dr near me | holistic medicine Minneapolis | integrated doctor,broad | phrase (close variant),None,3
longevity clinic near me,5,0,0.0,0.0,0.0,0.0,0,,Leads-Search-1,Ad group 1 | Men's Health,adrenal fatigue doctor near me | holistic doctor for men near me | holistic dr near me | men's health naturopath,broad,None,4
longevity doctors near me,2,0,0.0,0.0,0.0,0.0,0,,Leads-Search-1,Ad group 1,men's health naturopath,broad,None,1
longevity health and wellness,2,0,0.0,0.0,0.0,0.0,0,,Leads-Search-1,Ad group 1,holistic dr near me,broad,None,1
lyme disease doctor near me,2,0,0.0,0.0,0.0,0.0,0,,Leads-Search-1,Ad group 1,holistic dr near me,broad,None,1
lyme disease specialist near me,2,0,0.0,0.0,0.0,0.0,0,,Leads-Search-1,Ad group 1,holistic dr near me,broad,None,1
lyme literate doctors in minnesota,2,0,0.0,0.0,0.0,0.0,0,,Leads-Search-1,Ad group 1,holistic dr near me,broad,None,1
m health fairview,4,0,0.0,0.0,0.0,0.0,0,,Leads-Search-1,Ad group 1 | Geo-Qualified — Hopkins & West Metro,holistic medicine Minneapolis | integrative medicine near me | natural medicine Minnesota,broad,None,3
m health near me,2,0,0.0,0.0,0.0,0.0,0,,Leads-Search-1,Ad group 1,naturopathic doctor near me,broad,None,1
medical doctor nearby,2,0,0.0,0.0,0.0,0.0,0,,Leads-Search-1,Ad group 1,holistic dr near me,broad,None,1
medical healers,3,0,0.0,0.0,0.0,0.0,0,,Leads-Search-1,Ad group 1,holistic medicine Minneapolis | men's health naturopath,broad,None,2
medical intuitive minneapolis,2,0,0.0,0.0,0.0,0.0,0,,Leads-Search-1,Ad group 1,holistic dr near me,broad,None,1
men's health doctor near me,2,0,0.0,0.0,0.0,0.0,0,,Leads-Search-1,Ad group 1,men's health naturopath,broad,None,1
menopause care near me,2,0,0.0,0.0,0.0,0.0,0,,Leads-Search-1,Ad group 1,naturopathic doctor near me,broad,None,1
menopause clinic near me,5,0,0.0,0.0,0.0,0.0,0,,Leads-Search-1,Ad group 1 | Women's Health & Hormones,female naturopath near me | holistic dr near me | hormone doctor near me | naturopathic doctor near me,broad | phrase (close variant),None,4
menopause specialist minneapolis,4,0,0.0,0.0,0.0,0.0,0,,Leads-Search-1,Ad group 1 | Women's Health & Hormones,holistic dr near me | naturopath for hormone imbalance | naturopathic doctor near me,broad,None,3
metabolism endocrinologist,2,0,0.0,0.0,0.0,0.0,0,,Leads-Search-1,Ad group 1,naturopathic doctor near me,broad,None,1
mind body medicine minneapolis,2,0,0.0,0.0,0.0,0.0,0,,Leads-Search-1,Ad group 1,holistic dr near me,broad,None,1
minneapolis acupuncture,3,0,0.0,0.0,0.0,0.0,0,,Leads-Search-1,Ad group 1 | Geo-Qualified — Hopkins & West Metro,holistic medicine Minneapolis | natural medicine Minnesota,broad | phrase (close variant),None,2
minneapolis functional medicine,3,0,0.0,0.0,0.0,0.0,0,,Leads-Search-1,Ad group 1 | Functional & Integrative Medicine,functional medicine near me | holistic dr near me,broad,None,2
minneapolis integrative health,4,0,0.0,0.0,0.0,0.0,0,,Leads-Search-1,Ad group 1 | Functional & Integrative Medicine,holistic dr near me | integrative medicine near me,broad,None,2
minneapolis integrative medicine center reviews,2,0,0.0,0.0,0.0,0.0,0,,Leads-Search-1,Ad group 1,men's health naturopath,broad,None,1
minneapolis reiki,2,0,0.0,0.0,0.0,0.0,0,,Leads-Search-1,Ad group 1,holistic medicine Minneapolis,phrase (close variant),None,1
minnesota functional medicine,3,0,0.0,0.0,0.0,0.0,0,,Leads-Search-1,Ad group 1,holistic dr near me | integrative medicine near me,broad,None,2
minnesota gastroenterologist,2,0,0.0,0.0,0.0,0.0,0,,Leads-Search-1,Ad group 1,integrative medicine near me,broad,None,1
minnesota integrative medicine,6,0,0.0,0.0,0.0,0.0,0,,Leads-Search-1,Ad group 1 | Functional & Integrative Medicine,best functional doctors near me | functional integrative medicine near me | holistic dr near me | integrative medicine near me | naturopathic doctor near me,broad,None,5
minnesota natural medicine,2,0,0.0,0.0,0.0,0.0,0,,Leads-Search-1,Ad group 1,natural medicine Minnesota,exact (close variant),None,1
minnesota naturopathic physicians,2,0,0.0,0.0,0.0,0.0,0,,Leads-Search-1,Ad group 1,natural pediatrician near me,broad,None,1
mn community care,2,0,0.0,0.0,0.0,0.0,0,,Leads-Search-1,Ad group 1,naturopathic doctor Minneapolis,broad,None,1
mn functional medicine,3,0,0.0,0.0,0.0,0.0,0,,Leads-Search-1,Ad group 1,holistic dr near me | natural pediatrician near me,broad,None,2
mnanp org,2,0,0.0,0.0,0.0,0.0,0,,Leads-Search-1,Ad group 1,holistic dr near me,broad,None,1
motherwort,2,0,0.0,0.0,0.0,0.0,0,,Leads-Search-1,Ad group 1,natural medicine Minnesota,broad,None,1
mr holistic 888,2,0,0.0,0.0,0.0,0.0,0,,Leads-Search-1,Ad group 1,holistic dr near me,broad,None,1
ms naturopath,2,0,0.0,0.0,0.0,0.0,0,,Leads-Search-1,Ad group 1,naturopathic doctor near me,broad,None,1
mthfr testing near me,2,0,0.0,0.0,0.0,0.0,0,,Leads-Search-1,Ad group 1,naturopathic doctor near me,broad,None,1
natural clinic near me,2,0,0.0,0.0,0.0,0.0,0,,Leads-Search-1,Ad group 1,naturopathic doctor near me,exact (close variant),None,1
natural doctors,4,0,0.0,0.0,0.0,0.0,0,,Leads-Search-1,Ad group 1 | Naturopath Near Me — Core,natural doctor near me | naturopathic doctor near me,exact (close variant),None,3
natural family doctor,2,0,0.0,0.0,0.0,0.0,0,,Leads-Search-1,Ad group 1,functional medicine,broad,None,1
natural gynecologist,2,0,0.0,0.0,0.0,0.0,0,,Leads-Search-1,Ad group 1,naturopathic doctor near me,broad,None,1
natural health improvement center,3,0,0.0,0.0,0.0,0.0,0,,Leads-Search-1,Ad group 1 | Naturopath Near Me — Core,naturopathic doctor near me | naturopaths in my area,broad,None,2
natural health near me,4,0,0.0,0.0,0.0,0.0,0,,Leads-Search-1,Ad group 1 | Functional & Integrative Medicine | Geo-Qualified — Hopkins & West Metro,functional integrative medicine near me | natural medicine Minnesota | naturopathic doctor near me,broad | exact (close variant),None,3
natural health practitioner,2,0,0.0,0.0,0.0,0.0,0,,Leads-Search-1,Ad group 1,holistic medicine Minneapolis,broad,None,1
natural heart doctor,5,0,0.0,0.0,0.0,0.0,0,,Leads-Search-1,Ad group 1 | Functional & Integrative Medicine,functional integrative medicine near me | functional medical clinic | naturopathic doctor near me | naturopathic dr near me,broad,None,4
natural holistic doctor near me,2,0,0.0,0.0,0.0,0.0,0,,Leads-Search-1,Ad group 1,naturopathic doctor near me,exact (close variant),None,1
natural medicine center,2,0,0.0,0.0,0.0,0.0,0,,Leads-Search-1,Ad group 1,functional medicine,broad,None,1
natural medicines,6,0,0.0,0.0,0.0,0.0,0,,Leads-Search-1,Ad group 1 | Functional & Integrative Medicine,functional doctor | functional medicine | holistic dr near me | natural functional doctor,broad,None,4
natural path,8,0,0.0,0.0,0.0,0.0,0,,Leads-Search-1,Ad group 1 | Functional & Integrative Medicine | Naturopath Near Me — Core | Women's Health & Hormones,female naturopath near me | functional integrative medicine near me | functional medicine doctors in my area | holistic medicine Minneapolis | integrative doctor | naturopathic doctor near me | naturopaths in my area,broad,None,7
natural path doctors,2,0,0.0,0.0,0.0,0.0,0,,Leads-Search-1,Ad group 1,naturopathic doctor near me,exact (close variant),None,1
natural practitioner,2,0,0.0,0.0,0.0,0.0,0,,Leads-Search-1,Ad group 1,holistic dr near me,broad,None,1
natural specialist,2,0,0.0,0.0,0.0,0.0,0,,Leads-Search-1,Ad group 1,naturopathic dr near me,exact (close variant),None,1
natural treatment,2,0,0.0,0.0,0.0,0.0,0,,Leads-Search-1,Ad group 1,holistic dr near me,broad,None,1
naturalist near me,2,0,0.0,0.0,0.0,0.0,0,,Leads-Search-1,Ad group 1,naturopathic doctor near me,exact (close variant),None,1
nature healing near me,2,0,0.0,0.0,0.0,0.0,0,,Leads-Search-1,Ad group 1,holistic medicine Minneapolis,broad,None,1
natures wisdom healing center,2,0,0.0,0.0,0.0,0.0,0,,Leads-Search-1,Ad group 1,holistic dr near me,broad,None,1
naturopath dermatologist,3,0,0.0,0.0,0.0,0.0,0,,Leads-Search-1,Ad group 1,holistic dr near me | naturopathic doctor near me,broad,None,2
naturopath for acne,2,0,0.0,0.0,0.0,0.0,0,,Leads-Search-1,Ad group 1,naturopathic doctor Minneapolis,broad,None,1
naturopath for allergies,3,0,0.0,0.0,0.0,0.0,0,,Leads-Search-1,Ad group 1,integrative medicine near me | naturopathic doctor near me,broad,Added,2
naturopath for sleep,2,0,0.0,0.0,0.0,0.0,0,,Leads-Search-1,Ad group 1,holistic dr near me,broad,None,1
naturopath perimenopause,2,0,0.0,0.0,0.0,0.0,0,,Leads-Search-1,Ad group 1,integrative medicine near me,broad,None,1
naturopathic doctor definition,2,0,0.0,0.0,0.0,0.0,0,,Leads-Search-1,Ad group 1,naturopathic doctor near me,broad,None,1
naturopathic fertility doctor,2,0,0.0,0.0,0.0,0.0,0,,Leads-Search-1,Ad group 1,holistic dr near me,broad,None,1
naturopathic holistic,2,0,0.0,0.0,0.0,0.0,0,,Leads-Search-1,Ad group 1,holistic dr near me,broad,None,1
naturopathic medicine minneapolis,6,0,0.0,0.0,0.0,0.0,0,,Leads-Search-1,Ad group 1 | Geo-Qualified — Hopkins & West Metro,functional medicine doctor hopkins | holistic dr near me | holistic medicine Minneapolis | integrative medicine near me | naturopathic doctor Minneapolis,broad | exact (close variant) | phrase (close variant),None,5
naturopathic near me,2,0,0.0,0.0,0.0,0.0,0,,Leads-Search-1,Ad group 1,naturopathic doctor near me,exact (close variant),None,1
naturopathic obgyn,2,0,0.0,0.0,0.0,0.0,0,,Leads-Search-1,Ad group 1,naturopathic doctor near me,broad,None,1
naturopathic physician,3,0,0.0,0.0,0.0,0.0,0,,Leads-Search-1,Ad group 1 | Naturopath Near Me — Core,natural doctor near me | naturopathic doctor near me,exact (close variant),None,2
naturopathic physician near me,3,0,0.0,0.0,0.0,0.0,0,,Leads-Search-1,Ad group 1 | Women's Health & Hormones,hormone doctor near me | naturopathic doctor near me,broad | exact (close variant),None,2
naturopathic therapy,2,0,0.0,0.0,0.0,0.0,0,,Leads-Search-1,Ad group 1,holistic dr near me,broad,None,1
naturopathy near me,2,0,0.0,0.0,0.0,0.0,0,,Leads-Search-1,Ad group 1,naturopathic doctor near me,exact (close variant),None,1
neighborhood naturopathic edina,2,0,0.0,0.0,0.0,0.0,0,,Leads-Search-1,Ad group 1,holistic dr near me,broad,None,1
nervous system healing,2,0,0.0,0.0,0.0,0.0,0,,Leads-Search-1,Ad group 1,functional medicine,broad,None,1
neurogastroenterologist near me,2,0,0.0,0.0,0.0,0.0,0,,Leads-Search-1,Ad group 1,naturopathic doctor near me,broad,None,1
north memorial maple grove clinic doctors,2,0,0.0,0.0,0.0,0.0,0,,Leads-Search-1,Ad group 1,naturopathic doctor near me,broad,None,1
nura clinics,5,0,0.0,0.0,0.0,0.0,0,,Leads-Search-1,Ad group 1 | Functional & Integrative Medicine | Geo-Qualified — Hopkins & West Metro | Naturopath Near Me — Core,alternative medicine near me | integrative medicine doctors in my area | integrative medicine near me | natural medicine Minnesota,broad,None,4
nutritionist minneapolis,7,0,0.0,0.0,0.0,0.0,0,,Leads-Search-1,Ad group 1 | Functional & Integrative Medicine | Geo-Qualified — Hopkins & West Metro | Naturopath Near Me — Core,functional medicine doctor eden prairie | functional medicine doctors near me | holistic dr near me | holistic medicine Minneapolis | naturopathic practitioner near me,broad,None,5
optimum health inver grove heights,2,0,0.0,0.0,0.0,0.0,0,,Leads-Search-1,Ad group 1,holistic dr near me,broad,None,1
orthomolecular doctor,2,0,0.0,0.0,0.0,0.0,0,,Leads-Search-1,Ad group 1,integrative medicine near me,broad,None,1
osteopath mn,2,0,0.0,0.0,0.0,0.0,0,,Leads-Search-1,Ad group 1,naturopathic doctor near me,broad,None,1
osteopathic doctors,3,0,0.0,0.0,0.0,0.0,0,,Leads-Search-1,Ad group 1,holistic dr near me | natural pediatrician near me,broad,None,2
osteopathic manipulation near me,2,0,0.0,0.0,0.0,0.0,0,,Leads-Search-1,Ad group 1,holistic dr near me,broad,None,1
osteopathic manipulative treatment,2,0,0.0,0.0,0.0,0.0,0,,Leads-Search-1,Ad group 1,holistic dr near me,broad,None,1
osteopathic medicine near me,4,0,0.0,0.0,0.0,0.0,0,,Leads-Search-1,Ad group 1 | Functional & Integrative Medicine,holistic dr near me | integrative health near me,broad,None,2
paige powers acupuncture,2,0,0.0,0.0,0.0,0.0,0,,Leads-Search-1,Ad group 1,naturopathic doctor near me,broad,None,1
pain and brain healing center,2,0,0.0,0.0,0.0,0.0,0,,Leads-Search-1,Ad group 1,holistic dr near me,broad,None,1
pamela hartung,2,0,0.0,0.0,0.0,0.0,0,,Leads-Search-1,Ad group 1,holistic dr near me,broad,None,1
panchakarma,2,0,0.0,0.0,0.0,0.0,0,,Leads-Search-1,Ad group 1,holistic dr near me,broad,None,1
park nicollet clinic st louis park,2,0,0.0,0.0,0.0,0.0,0,,Leads-Search-1,Ad group 1,holistic medicine Minneapolis,broad,None,1
park nicollet family medicine st louis park,2,0,0.0,0.0,0.0,0.0,0,,Leads-Search-1,Ad group 1,holistic dr near me,broad,None,1
pcos functional medicine near me,2,0,0.0,0.0,0.0,0.0,0,,Leads-Search-1,Ad group 1,naturopathic doctor near me,broad,None,1
pediatric acupuncture,2,0,0.0,0.0,0.0,0.0,0,,Leads-Search-1,Ad group 1,holistic dr near me,broad,None,1
pediatric naturopath near me,2,0,0.0,0.0,0.0,0.0,0,,Leads-Search-1,Ad group 1,pediatric naturopath near me,exact,Added,1
pediatricians holistic,2,0,0.0,0.0,0.0,0.0,0,,Leads-Search-1,Ad group 1,naturopathic dr near me,broad,None,1
penny george institute plymouth,2,0,0.0,0.0,0.0,0.0,0,,Leads-Search-1,Ad group 1,holistic dr near me,broad,None,1
perimenopause care near me,2,0,0.0,0.0,0.0,0.0,0,,Leads-Search-1,Ad group 1,holistic dr near me,broad,None,1
physician,11,0,0.0,0.0,0.0,0.0,0,,Leads-Search-1,Ad group 1 | Functional & Integrative Medicine | Geo-Qualified — Hopkins & West Metro,functional medical physician | functional medicine doctors near me | holistic dr near me | holistic medicine Minneapolis | integrative medicine near me | men's health naturopath | natural functional doctor | naturopathic doctor Minneapolis | naturopathic doctor near me,broad,None,9
plant based doctors near me,3,0,0.0,0.0,0.0,0.0,0,,Leads-Search-1,Ad group 1 | Geo-Qualified — Hopkins & West Metro,functional medicine doctor minnetonka | integrative medicine near me,broad,None,2
prairie naturopathic doctors,2,0,0.0,0.0,0.0,0.0,0,,Leads-Search-1,Ad group 1,holistic dr near me,broad,None,1
primary care doctors near me,6,0,0.0,0.0,0.0,0.0,0,,Leads-Search-1,Ad group 1 | Functional & Integrative Medicine,functional medicine clinic near me | functional medicine near me | holistic dr near me | men's health naturopath,broad,None,4
private doctors,3,0,0.0,0.0,0.0,0.0,0,,Leads-Search-1,Ad group 1,holistic dr near me | integrative medicine near me,broad,None,2
private doctors near me,3,0,0.0,0.0,0.0,0.0,0,,Leads-Search-1,Ad group 1,alternative medicine doctors near me | naturopathic doctor near me,broad,None,2
private pediatric clinics near me,2,0,0.0,0.0,0.0,0.0,0,,Leads-Search-1,Ad group 1,natural pediatrician near me,broad,None,1
real health,2,0,0.0,0.0,0.0,0.0,0,,Leads-Search-1,Ad group 1,functional medicine,broad,None,1
regenerative medicine near me,3,0,0.0,0.0,0.0,0.0,0,,Leads-Search-1,Ad group 1 | Geo-Qualified — Hopkins & West Metro,holistic dr near me | natural medicine Minnesota,broad,None,2
reiki for self confidence,2,0,0.0,0.0,0.0,0.0,0,,Leads-Search-1,Ad group 1,integrative medicine near me,broad,None,1
remede naturopath,2,0,0.0,0.0,0.0,0.0,0,,Leads-Search-1,Ad group 1,naturopathic doctor near me,broad,None,1
renowned naturopath,2,0,0.0,0.0,0.0,0.0,0,,Leads-Search-1,Ad group 1,integrative medicine near me,broad,None,1
salus wellness,2,0,0.0,0.0,0.0,0.0,0,,Leads-Search-1,Ad group 1,integrative medicine near me,broad,None,1
sibo specialists near me,2,0,0.0,0.0,0.0,0.0,0,,Leads-Search-1,Ad group 1,holistic dr near me,broad,None,1
stephanie deppe,2,0,0.0,0.0,0.0,0.0,0,,Leads-Search-1,Ad group 1,integrative medicine near me,broad,None,1
stephanie deppe md,4,0,0.0,0.0,0.0,0.0,0,,Leads-Search-1,Ad group 1,holistic dr near me | naturopathic doctor near me,broad,None,2
tcm doctor,3,0,0.0,0.0,0.0,0.0,0,,Leads-Search-1,Ad group 1 | Functional & Integrative Medicine,functional doctor in my area | natural pediatrician near me,broad,None,2
tcm minneapolis,2,0,0.0,0.0,0.0,0.0,0,,Leads-Search-1,Ad group 1,holistic dr near me,broad,None,1
thyroid doctors in my area,2,0,0.0,0.0,0.0,0.0,0,,Leads-Search-1,Ad group 1,holistic dr near me,broad,None,1
thyroid specialist minneapolis,3,0,0.0,0.0,0.0,0.0,0,,Leads-Search-1,Ad group 1 | Women's Health & Hormones,Hashimoto's naturopath | integrative medicine near me,broad,None,2
thyroid specialist near me,3,0,0.0,0.0,0.0,0.0,0,,Leads-Search-1,Ad group 1,holistic dr near me | naturopathic doctor near me,broad,None,2
top family medicine doctors near me,2,0,0.0,0.0,0.0,0.0,0,,Leads-Search-1,Ad group 1,holistic dr near me,broad,None,1
twin cities functional medicine,4,0,0.0,0.0,0.0,0.0,0,,Leads-Search-1,Ad group 1 | Functional & Integrative Medicine,functional medicine | functional medicine doctors near me | holistic dr near me,broad | phrase,None,3
walk in acupuncture clinic,2,0,0.0,0.0,0.0,0.0,0,,Leads-Search-1,Ad group 1,holistic dr near me,broad,None,1
wellness center minneapolis,3,0,0.0,0.0,0.0,0.0,0,,Leads-Search-1,Ad group 1,holistic dr near me | holistic medicine Minneapolis,broad,None,2
women primary care near me,2,0,0.0,0.0,0.0,0.0,0,,Leads-Search-1,Ad group 1,holistic dr near me,broad,None,1
women's clinics,2,0,0.0,0.0,0.0,0.0,0,,Leads-Search-1,Ad group 1,women's health naturopath,broad,None,1
women's health edina mn,4,0,0.0,0.0,0.0,0.0,0,,Leads-Search-1,Ad group 1 | Women's Health & Hormones,female naturopath near me | naturopath for hormone imbalance | naturopathic doctor Minneapolis,broad,None,3
women's hormone clinic near me,2,0,0.0,0.0,0.0,0.0,0,,Leads-Search-1,Ad group 1,holistic dr near me,broad,None,1
women's menopause specialist near me,2,0,0.0,0.0,0.0,0.0,0,,Leads-Search-1,Ad group 1,holistic dr near me,broad,None,1
women's wellness clinic,2,0,0.0,0.0,0.0,0.0,0,,Leads-Search-1,Ad group 1,holistic dr near me,broad,None,1
womens clinics,2,0,0.0,0.0,0.0,0.0,0,,Leads-Search-1,Ad group 1,women's health naturopath,broad,None,1
womens health clinics,2,0,0.0,0.0,0.0,0.0,0,,Leads-Search-1,Ad group 1,women's health naturopath,broad,None,1
womens health providers near me,2,0,0.0,0.0,0.0,0.0,0,,Leads-Search-1,Ad group 1,holistic dr near me,broad,None,1
your doctor,2,0,0.0,0.0,0.0,0.0,0,,Leads-Search-1,Ad group 1,naturopathic family medicine,broad,None,1
accelerate wellness,2,0,0.0,0.0,0.0,0.0,0,,Leads-Search-1,Functional & Integrative Medicine,functional integrative medicine near me,broad,None,1
active health chiropractic,2,0,0.0,0.0,0.0,0.0,0,,Leads-Search-1,Functional & Integrative Medicine,functional doctor in my area,broad,None,1
amin do,2,0,0.0,0.0,0.0,0.0,0,,Leads-Search-1,Functional & Integrative Medicine,best functional doctors near me,broad,None,1
ayurveda minnesota,4,0,0.0,0.0,0.0,0.0,0,,Leads-Search-1,Functional & Integrative Medicine,integrative health near me | natural functional doctor,broad,None,2
bhatti gi edina,2,0,0.0,0.0,0.0,0.0,0,,Leads-Search-1,Functional & Integrative Medicine,functional medicine near me,broad,None,1
clinics in buffalo mn,2,0,0.0,0.0,0.0,0.0,0,,Leads-Search-1,Functional & Integrative Medicine,integrative health near me,broad,None,1
concierge medicine,12,0,0.0,0.0,0.0,0.0,0,,Leads-Search-1,Ad group 1 | Functional & Integrative Medicine | Geo-Qualified — Hopkins & West Metro | Naturopath Near Me — Core,functional integrative doctor | functional integrative medicine near me | functional medical physician | functional medicine doctor eden prairie | functional medicine doctors in my area | functional medicine doctors near me | holistic dr near me | holistic medicine Minneapolis | integrative health near me | naturalist dr near me,broad,None,10
concierge medicine minneapolis,3,0,0.0,0.0,0.0,0.0,0,,Leads-Search-1,Functional & Integrative Medicine,functional doctor in my area | functional medicine,broad,None,2
conquering your fibromyalgia,2,0,0.0,0.0,0.0,0.0,0,,Leads-Search-1,Functional & Integrative Medicine,functional medicine,broad,None,1
creekside clinic,3,0,0.0,0.0,0.0,0.0,0,,Leads-Search-1,Functional & Integrative Medicine,functional integrative doctor | functional medicine near me,broad,None,2
dietitian,6,0,0.0,0.0,0.0,0.0,0,,Leads-Search-1,Functional & Integrative Medicine | Naturopath Near Me — Core,best functional doctors near me | functional integrative doctor | naturopathic practitioner near me | naturopaths in my area,broad,None,4
do,4,0,0.0,0.0,0.0,0.0,0,,Leads-Search-1,Functional & Integrative Medicine | Naturopath Near Me — Core,alternative medicine near me | functional medicine doctors in my area | integrative medicine doctors in my area,broad,None,3
doctor's farmacy mark hyman,2,0,0.0,0.0,0.0,0.0,0,,Leads-Search-1,Functional & Integrative Medicine,functional integrative doctor,phrase (close variant),None,1
dr ballehr functional medicine,2,0,0.0,0.0,0.0,0.0,0,,Leads-Search-1,Functional & Integrative Medicine,functional doctor,phrase,None,1
dr boz,4,0,0.0,0.0,0.0,0.0,0,,Leads-Search-1,Functional & Integrative Medicine,functional doctor in my area | functional integrative doctor,broad,None,2
dr dale bredesen,2,0,0.0,0.0,0.0,0.0,0,,Leads-Search-1,Functional & Integrative Medicine,functional medicine,broad,None,1
dr jack kruse,5,0,0.0,0.0,0.0,0.0,0,,Leads-Search-1,Functional & Integrative Medicine,functional doctor | functional holistic medicine | integrated doctor | integrative doctor,broad,None,4
dr melissa sell,2,0,0.0,0.0,0.0,0.0,0,,Leads-Search-1,Functional & Integrative Medicine,integrative doctor,phrase (close variant),None,1
dr rahman,2,0,0.0,0.0,0.0,0.0,0,,Leads-Search-1,Functional & Integrative Medicine,functional integrative medicine near me,broad,None,1
dr stasha gominak,3,0,0.0,0.0,0.0,0.0,0,,Leads-Search-1,Functional & Integrative Medicine,functional medicine doctors near me | natural functional doctor,broad,None,2
dutch test near me,6,0,0.0,0.0,0.0,0.0,0,,Leads-Search-1,Functional & Integrative Medicine | Women's Health & Hormones,female naturopath near me | functional medicine hormones | functional medicine near me | hormone doctor near me,broad | phrase (close variant),None,4
eagan hospital,2,0,0.0,0.0,0.0,0.0,0,,Leads-Search-1,Functional & Integrative Medicine,functional medicine near me,broad,None,1
east side clinic,4,0,0.0,0.0,0.0,0.0,0,,Leads-Search-1,Functional & Integrative Medicine | Geo-Qualified — Hopkins & West Metro,functional integrative doctor | functional medicine doctors near me | natural medicine Minnesota,broad,None,3
eric c westman,2,0,0.0,0.0,0.0,0.0,0,,Leads-Search-1,Functional & Integrative Medicine,functional medicine practitioner,broad,None,1
fasting for autoimmune,2,0,0.0,0.0,0.0,0.0,0,,Leads-Search-1,Functional & Integrative Medicine,functional medicine,broad,None,1
full body evaluation,2,0,0.0,0.0,0.0,0.0,0,,Leads-Search-1,Functional & Integrative Medicine,functional integrative doctor,broad,None,1
functional diagnostic nutrition practitioner near me,2,0,0.0,0.0,0.0,0.0,0,,Leads-Search-1,Functional & Integrative Medicine,functional holistic medicine,phrase (close variant),None,1
functional doctors in minnesota,2,0,0.0,0.0,0.0,0.0,0,,Leads-Search-1,Functional & Integrative Medicine,functional medicine,phrase (close variant),None,1
functional dr near me,5,0,0.0,0.0,0.0,0.0,0,,Leads-Search-1,Ad group 1 | Functional & Integrative Medicine | Naturopath Near Me — Core,alternative medicine doctors near me | functional medicine doctors near me | functional medicine near me | integrative medicine near me,exact (close variant) | phrase (close variant),None,4
functional endocrinologist,4,0,0.0,0.0,0.0,0.0,0,,Leads-Search-1,Ad group 1 | Functional & Integrative Medicine,functional doctor | holistic dr near me | integrative doctor,broad | phrase (close variant),None,3
functional medicine dr near me,2,0,0.0,0.0,0.0,0.0,0,,Leads-Search-1,Functional & Integrative Medicine,functional medicine near me,exact (close variant),None,1
functional medicine dutch test,2,0,0.0,0.0,0.0,0.0,0,,Leads-Search-1,Functional & Integrative Medicine,functional medicine,phrase,None,1
functional medicine eagan,2,0,0.0,0.0,0.0,0.0,0,,Leads-Search-1,Functional & Integrative Medicine,functional medicine,phrase,None,1
functional medicine podcast,3,0,0.0,0.0,0.0,0.0,0,,Leads-Search-1,Functional & Integrative Medicine,functional medical | functional medicine,broad,None,2
gastroenterologist near me,3,0,0.0,0.0,0.0,0.0,0,,Leads-Search-1,Ad group 1 | Functional & Integrative Medicine,functional medicine near me | naturopathic doctor near me,broad,None,2
gut health practitioner,2,0,0.0,0.0,0.0,0.0,0,,Leads-Search-1,Functional & Integrative Medicine,functional medicine,broad,None,1
hashimotos functional medicine doctor,2,0,0.0,0.0,0.0,0.0,0,,Leads-Search-1,Functional & Integrative Medicine,integrative medicine near me,broad,None,1
health for life,2,0,0.0,0.0,0.0,0.0,0,,Leads-Search-1,Functional & Integrative Medicine,integrative medicine near me,broad,None,1
herbalist,5,0,0.0,0.0,0.0,0.0,0,,Leads-Search-1,Ad group 1 | Functional & Integrative Medicine | Naturopath Near Me — Core,alternative medicine near me | functional integrative medicine near me | holistic dr near me | integrative medicine near me,broad,None,4
holistic full body scan,2,0,0.0,0.0,0.0,0.0,0,,Leads-Search-1,Functional & Integrative Medicine,functional medicine near me,broad,None,1
holistic md,2,0,0.0,0.0,0.0,0.0,0,,Leads-Search-1,Functional & Integrative Medicine,functional medicine,broad,None,1
holistic medicine clinic near me,4,0,0.0,0.0,0.0,0.0,0,,Leads-Search-1,Functional & Integrative Medicine | Geo-Qualified — Hopkins & West Metro | Naturopath Near Me — Core,functional integrative medicine near me | natural medicine Minnesota | naturopathic dr near me,broad,None,3
holistic pharmacy near me,2,0,0.0,0.0,0.0,0.0,0,,Leads-Search-1,Functional & Integrative Medicine,integrative health near me,broad,None,1
homeopathy near me,5,0,0.0,0.0,0.0,0.0,0,,Leads-Search-1,Ad group 1 | Functional & Integrative Medicine | Naturopath Near Me — Core,functional medicine doctors near me | functional medicine near me | natural doctor near me | naturopathic doctor near me,broad | phrase (close variant),None,4
how to get tested for vitamin deficiencies,2,0,0.0,0.0,0.0,0.0,0,,Leads-Search-1,Functional & Integrative Medicine,functional doctor,broad,None,1
hydrocolonic,2,0,0.0,0.0,0.0,0.0,0,,Leads-Search-1,Functional & Integrative Medicine,functional medicine,broad,Excluded,1
hypercharge health,5,0,0.0,0.0,0.0,0.0,0,,Leads-Search-1,Functional & Integrative Medicine,functional medical | functional medical clinic | functional medicine near me,broad,None,3
ibs specialist near me,2,0,0.0,0.0,0.0,0.0,0,,Leads-Search-1,Functional & Integrative Medicine,functional medical,broad,None,1
innovative health edina,2,0,0.0,0.0,0.0,0.0,0,,Leads-Search-1,Functional & Integrative Medicine,functional medicine near me,broad,None,1
integrative care near me,2,0,0.0,0.0,0.0,0.0,0,,Leads-Search-1,Functional & Integrative Medicine,integrative medicine near me,exact (close variant),None,1
integrative medical practitioner,2,0,0.0,0.0,0.0,0.0,0,,Leads-Search-1,Functional & Integrative Medicine,integrative medicine near me,exact (close variant),None,1
integrative medicine clinic,2,0,0.0,0.0,0.0,0.0,0,,Leads-Search-1,Functional & Integrative Medicine,integrative medicine near me,exact (close variant),None,1
integrative medicine minneapolis mn,2,0,0.0,0.0,0.0,0.0,0,,Leads-Search-1,Functional & Integrative Medicine,functional integrative medicine near me,broad,None,1
iv therapy near me,2,0,0.0,0.0,0.0,0.0,0,,Leads-Search-1,Functional & Integrative Medicine,integrative health near me,broad,None,1
kale blossom doctors,2,0,0.0,0.0,0.0,0.0,0,,Leads-Search-1,Functional & Integrative Medicine,integrative medicine near me,broad,None,1
lite medical,7,0,0.0,0.0,0.0,0.0,0,,Leads-Search-1,Functional & Integrative Medicine | Naturopath Near Me — Core,functional doctor in my area | functional holistic medicine | functional integrative doctor | functional integrative medicine near me | integrative health near me | naturalist dr near me,broad,None,6
livea centers,2,0,0.0,0.0,0.0,0.0,0,,Leads-Search-1,Functional & Integrative Medicine,functional medical,broad,None,1
longevity doctor near me,3,0,0.0,0.0,0.0,0.0,0,,Leads-Search-1,Ad group 1 | Functional & Integrative Medicine,holistic dr near me | integrative medicine near me,broad | phrase (close variant),None,2
maple grove clinic,3,0,0.0,0.0,0.0,0.0,0,,Leads-Search-1,Functional & Integrative Medicine,functional integrative doctor | functional medicine near me,broad,None,2
marek health,2,0,0.0,0.0,0.0,0.0,0,,Leads-Search-1,Functional & Integrative Medicine,functional medicine near me,broad,None,1
mayo clinics near me,2,0,0.0,0.0,0.0,0.0,0,,Leads-Search-1,Functional & Integrative Medicine,functional medicine doctors near me,broad,None,1
medical specialists edina,4,0,0.0,0.0,0.0,0.0,0,,Leads-Search-1,Ad group 1 | Functional & Integrative Medicine | Naturopath Near Me — Core,integrative health near me | integrative medicine near me | naturopaths in my area,broad,None,3
mind body medical center,2,0,0.0,0.0,0.0,0.0,0,,Leads-Search-1,Functional & Integrative Medicine,functional medicine doctors near me,broad,None,1
mingi health,5,0,0.0,0.0,0.0,0.0,0,,Leads-Search-1,Functional & Integrative Medicine,functional medicine near me | integrative doctor | integrative medicine doctors in my area,broad,None,3
mn gi,2,0,0.0,0.0,0.0,0.0,0,,Leads-Search-1,Functional & Integrative Medicine,functional medicine near me,broad,None,1
mn health fairview,5,0,0.0,0.0,0.0,0.0,0,,Leads-Search-1,Functional & Integrative Medicine | Geo-Qualified — Hopkins & West Metro,best functional doctors near me | functional medicine doctors in my area | integrative medicine doctors in my area | natural medicine Minnesota,broad,None,4
natural cures for bipolar,3,0,0.0,0.0,0.0,0.0,0,,Leads-Search-1,Functional & Integrative Medicine,functional medical | functional medicine,broad,None,2
natural health store near me,4,0,0.0,0.0,0.0,0.0,0,,Leads-Search-1,Functional & Integrative Medicine | Geo-Qualified — Hopkins & West Metro | Naturopath Near Me — Core,functional integrative doctor | holistic medicine Minneapolis | naturopathic practitioner near me,broad,None,3
naturopathic doctors near me that take medicare,2,0,0.0,0.0,0.0,0.0,0,,Leads-Search-1,Functional & Integrative Medicine,integrative medicine near me,broad,None,1
north memorial health,9,0,0.0,0.0,0.0,0.0,0,,Leads-Search-1,Functional & Integrative Medicine,functional integrative medicine near me | functional medical physician | functional medicine doctors in my area | functional medicine doctors near me | functional medicine practitioner | integrative health near me | integrative medicine doctors in my area,broad,None,7
nutrition weight and wellness,2,0,0.0,0.0,0.0,0.0,0,,Leads-Search-1,Functional & Integrative Medicine,functional medicine,broad,None,1
optimum health,5,0,0.0,0.0,0.0,0.0,0,,Leads-Search-1,Functional & Integrative Medicine | Geo-Qualified — Hopkins & West Metro,functional integrative medicine near me | integrative medicine doctors in my area | natural functional doctor | natural medicine Minnesota,broad,Excluded,4
organic acid test for candida,2,0,0.0,0.0,0.0,0.0,0,,Leads-Search-1,Functional & Integrative Medicine,functional medicine,broad,None,1
osteo gains,2,0,0.0,0.0,0.0,0.0,0,,Leads-Search-1,Functional & Integrative Medicine,functional medicine,broad,None,1
physical exam,3,0,0.0,0.0,0.0,0.0,0,,Leads-Search-1,Functional & Integrative Medicine,functional medicine | functional medicine near me,broad,None,2
quest health,2,0,0.0,0.0,0.0,0.0,0,,Leads-Search-1,Functional & Integrative Medicine,functional medicine,broad,None,1
registered dieticians near me,2,0,0.0,0.0,0.0,0.0,0,,Leads-Search-1,Functional & Integrative Medicine,integrative medicine near me,broad,None,1
restore wellness,3,0,0.0,0.0,0.0,0.0,0,,Leads-Search-1,Functional & Integrative Medicine,functional doctor | integrative health near me,broad,Excluded,2
rife machine near me,2,0,0.0,0.0,0.0,0.0,0,,Leads-Search-1,Functional & Integrative Medicine,functional medicine near me,broad,None,1
sibo symptoms,2,0,0.0,0.0,0.0,0.0,0,,Leads-Search-1,Functional & Integrative Medicine,functional medicine,broad,None,1
somatic energy alignment practitioners,2,0,0.0,0.0,0.0,0.0,0,,Leads-Search-1,Functional & Integrative Medicine,functional holistic medicine,broad,None,1
stellis health,8,0,0.0,0.0,0.0,0.0,0,,Leads-Search-1,Functional & Integrative Medicine | Naturopath Near Me — Core,alternative medicine near me | functional integrative doctor | functional medicine clinic near me | integrative health near me | integrative medicine doctors in my area | integrative medicine near me,broad,None,6
sunu wellness,33,0,0.0,0.0,0.0,0.0,0,,Leads-Search-1,Ad group 1 | Functional & Integrative Medicine | Geo-Qualified — Hopkins & West Metro | Men's Health | Naturopath Near Me — Core | Pediatrics | Women's Health & Hormones,alternative medicine near me | female naturopath | functional doctor in my area | functional integrative doctor | functional integrative medicine near me | functional medicine | functional medicine clinic near me | functional medicine doctor edina | functional medicine doctor hopkins | functional medicine doctors in my area | functional medicine doctors near me | functional medicine near me | functional medicine practice near me | holistic doctor for men near me | holistic dr near me | holistic medicine Minneapolis | integrative doctor | integrative medicine doctors in my area | integrative medicine near me | natural functional doctor | natural medicine Minnesota | naturopathic practitioner near me | pediatric holistic doctor near me,broad,None,25
target clinic,3,0,0.0,0.0,0.0,0.0,0,,Leads-Search-1,Functional & Integrative Medicine,functional medicine doctors near me | integrative health near me,broad,Excluded,2
thrive wellness,2,0,0.0,0.0,0.0,0.0,0,,Leads-Search-1,Functional & Integrative Medicine,functional medicine doctors near me,broad,Excluded,1
vibrant wellness,2,0,0.0,0.0,0.0,0.0,0,,Leads-Search-1,Functional & Integrative Medicine,functional integrative medicine near me,broad,None,1
walk in clinic near me,2,0,0.0,0.0,0.0,0.0,0,,Leads-Search-1,Functional & Integrative Medicine,functional medicine near me,broad,None,1
ways to well mn,2,0,0.0,0.0,0.0,0.0,0,,Leads-Search-1,Functional & Integrative Medicine,functional medicine,broad,None,1
wellness center,4,0,0.0,0.0,0.0,0.0,0,,Leads-Search-1,Functional & Integrative Medicine | Geo-Qualified — Hopkins & West Metro,functional medical clinic | integrative health near me | natural medicine Minnesota,broad,Excluded,3
wellness coach,4,0,0.0,0.0,0.0,0.0,0,,Leads-Search-1,Ad group 1 | Functional & Integrative Medicine,functional medicine doctors in my area | functional medicine near me | holistic dr near me,broad,None,3
whittier clinic,3,0,0.0,0.0,0.0,0.0,0,,Leads-Search-1,Functional & Integrative Medicine | Geo-Qualified — Hopkins & West Metro,functional medicine clinic near me | natural medicine Minnesota,broad,None,2
womb healing near me,2,0,0.0,0.0,0.0,0.0,0,,Leads-Search-1,Functional & Integrative Medicine,integrative medicine near me,broad,None,1
allina clinic,2,0,0.0,0.0,0.0,0.0,0,,Leads-Search-1,Geo-Qualified — Hopkins & West Metro,natural medicine Minnesota,broad,None,1
crown medical center minneapolis,2,0,0.0,0.0,0.0,0.0,0,,Leads-Search-1,Geo-Qualified — Hopkins & West Metro,natural medicine Minnesota,broad,None,1
deborah mahoney md,2,0,0.0,0.0,0.0,0.0,0,,Leads-Search-1,Geo-Qualified — Hopkins & West Metro,holistic medicine Minneapolis,broad,None,1
doctor in minneapolis,2,0,0.0,0.0,0.0,0.0,0,,Leads-Search-1,Geo-Qualified — Hopkins & West Metro,natural medicine Minnesota,broad,None,1
elixir wellness,2,0,0.0,0.0,0.0,0.0,0,,Leads-Search-1,Geo-Qualified — Hopkins & West Metro,holistic medicine Minneapolis,broad,None,1
fairview clinic near me,4,0,0.0,0.0,0.0,0.0,0,,Leads-Search-1,Ad group 1 | Geo-Qualified — Hopkins & West Metro,holistic medicine Minneapolis | natural medicine Minnesota | naturopathic doctor Minneapolis,broad,None,3
gold ivy health co,2,0,0.0,0.0,0.0,0.0,0,,Leads-Search-1,Geo-Qualified — Hopkins & West Metro,holistic medicine Minneapolis,broad,None,1
health acupuncture center,2,0,0.0,0.0,0.0,0.0,0,,Leads-Search-1,Geo-Qualified — Hopkins & West Metro,natural medicine Minnesota,broad,None,1
herbs doctor near me,2,0,0.0,0.0,0.0,0.0,0,,Leads-Search-1,Geo-Qualified — Hopkins & West Metro,natural medicine Minnesota,broad,None,1
holistic doctors minnesota,5,0,0.0,0.0,0.0,0.0,0,,Leads-Search-1,Ad group 1 | Functional & Integrative Medicine | Geo-Qualified — Hopkins & West Metro,functional integrative medicine near me | functional medicine near me | holistic medicine Minneapolis | naturopathic doctor Minneapolis,broad | exact (close variant),None,4
holistic health dr near me,2,0,0.0,0.0,0.0,0.0,0,,Leads-Search-1,Geo-Qualified — Hopkins & West Metro,natural medicine Minnesota,broad,None,1
integrative medicine specialists,4,0,0.0,0.0,0.0,0.0,0,,Leads-Search-1,Functional & Integrative Medicine | Geo-Qualified — Hopkins & West Metro,functional integrative doctor | holistic medicine Minneapolis | integrated doctor,broad | exact (close variant),None,3
madison yount,2,0,0.0,0.0,0.0,0.0,0,,Leads-Search-1,Geo-Qualified — Hopkins & West Metro,natural medicine Minnesota,broad,None,1
modern acupuncture,4,0,0.0,0.0,0.0,0.0,0,,Leads-Search-1,Functional & Integrative Medicine | Geo-Qualified — Hopkins & West Metro | Naturopath Near Me — Core,alternative medicine doctors near me | functional integrative medicine near me | holistic medicine Minneapolis,broad,None,3
natural medicine,10,0,0.0,0.0,0.0,0.0,0,,Leads-Search-1,Ad group 1 | Functional & Integrative Medicine | Geo-Qualified — Hopkins & West Metro,functional doctor in my area | functional integrative medicine near me | functional medicine | functional medicine doctor edina | functional medicine near me | functional medicines | holistic dr near me | integrative medicine near me | naturopathic doctor near me,broad,None,9
naturopathic doctors minneapolis,4,0,0.0,0.0,0.0,0.0,0,,Leads-Search-1,Geo-Qualified — Hopkins & West Metro | Naturopath Near Me — Core,best naturopath near me | functional medicine doctor edina | holistic medicine Minneapolis,broad | phrase (close variant),None,3
oak street health near me,5,0,0.0,0.0,0.0,0.0,0,,Leads-Search-1,Functional & Integrative Medicine | Geo-Qualified — Hopkins & West Metro,functional medicine doctor edina | functional medicine doctors in my area | functional medicine doctors near me | integrated and functional medicine,broad,None,4
penny george institute providers,3,0,0.0,0.0,0.0,0.0,0,,Leads-Search-1,Functional & Integrative Medicine | Geo-Qualified — Hopkins & West Metro,functional medicine doctor edina | integrative medicine near me,broad,None,2
weight loss clinics minneapolis,2,0,0.0,0.0,0.0,0.0,0,,Leads-Search-1,Geo-Qualified — Hopkins & West Metro,naturopathic doctor Minneapolis,broad,None,1
best ed treatments,4,0,0.0,0.0,0.0,0.0,0,,Leads-Search-1,Men's Health,gents specialist doctor near me | naturopath for erectile dysfunction | naturopath for men,broad,None,3
does vinegar help ed,3,0,0.0,0.0,0.0,0.0,0,,Leads-Search-1,Men's Health,gents specialist doctor near me | naturopath for low testosterone,broad,None,2
everest mens health,9,0,0.0,0.0,0.0,0.0,0,,Leads-Search-1,Functional & Integrative Medicine | Men's Health,functional medicine doctors near me | male health doctors near me | men health clinic near me | men's health doctor near me | men's health naturopath | naturopath for erectile dysfunction | naturopath for men,broad,None,7
gameday men's health near me,5,0,0.0,0.0,0.0,0.0,0,,Leads-Search-1,Men's Health,holistic doctor for men near me | male doctor near me | men's specialist doctor near me | naturopath for prostate,broad | phrase (close variant),None,4
male medical exam,4,0,0.0,0.0,0.0,0.0,0,,Leads-Search-1,Men's Health,gents specialist doctor near me | men's specialist doctor near me,broad,None,2
men's mental health,2,0,0.0,0.0,0.0,0.0,0,,Leads-Search-1,Men's Health,male medical clinic near me,broad,None,1
pelvic floor exercises for men,2,0,0.0,0.0,0.0,0.0,0,,Leads-Search-1,Men's Health,naturopath for men,broad,None,1
soundwave therapy for erectile dysfunction,2,0,0.0,0.0,0.0,0.0,0,,Leads-Search-1,Men's Health,men's specialist doctor near me,broad,None,1
the baking soda trick for men,2,0,0.0,0.0,0.0,0.0,0,,Leads-Search-1,Men's Health,naturopath for erectile dysfunction,broad,None,1
trt clinic,5,0,0.0,0.0,0.0,0.0,0,,Leads-Search-1,Functional & Integrative Medicine | Men's Health,functional medicine near me | men's health naturopath | men's specialist doctor near me | naturopath for men,broad,None,4
true north medical care,4,0,0.0,0.0,0.0,0.0,0,,Leads-Search-1,Functional & Integrative Medicine | Men's Health,functional doctor in my area | functional medical | naturopath for low testosterone,broad,None,3
barbara o neill consultation,2,0,0.0,0.0,0.0,0.0,0,,Leads-Search-1,Naturopath Near Me — Core,naturopathic practitioner near me,broad,None,1
bio resonance therapy,2,0,0.0,0.0,0.0,0.0,0,,Leads-Search-1,Naturopath Near Me — Core,natural healing doctors near me,broad,None,1
body healing therapy,2,0,0.0,0.0,0.0,0.0,0,,Leads-Search-1,Naturopath Near Me — Core,holistic dr near me,broad,None,1
doctor of naturopathic medicine,3,0,0.0,0.0,0.0,0.0,0,,Leads-Search-1,Functional & Integrative Medicine | Naturopath Near Me — Core,functional medical clinic | naturopathic dr near me,broad | exact (close variant),None,2
dr calvin ng,2,0,0.0,0.0,0.0,0.0,0,,Leads-Search-1,Naturopath Near Me — Core,naturopathic practitioner near me,broad,None,1
dr janine bowring,2,0,0.0,0.0,0.0,0.0,0,,Leads-Search-1,Naturopath Near Me — Core,naturalist dr near me,broad,None,1
dr li,2,0,0.0,0.0,0.0,0.0,0,,Leads-Search-1,Naturopath Near Me — Core,alternative medicine near me,broad,None,1
dr saul shaye,2,0,0.0,0.0,0.0,0.0,0,,Leads-Search-1,Naturopath Near Me — Core,holistic dr near me,broad,None,1
find a naturopath near me,2,0,0.0,0.0,0.0,0.0,0,,Leads-Search-1,Naturopath Near Me — Core,naturopathic doctor near me,exact (close variant),None,1
food allergy testing near me,3,0,0.0,0.0,0.0,0.0,0,,Leads-Search-1,Naturopath Near Me — Core,natural doctor near me | naturopathic dr near me,broad,None,2
foundations natural health,4,0,0.0,0.0,0.0,0.0,0,,Leads-Search-1,Geo-Qualified — Hopkins & West Metro | Naturopath Near Me — Core | Pediatrics,functional medicine doctor eden prairie | naturopaths in my area | pediatric naturopath near me,broad,None,3
healers,2,0,0.0,0.0,0.0,0.0,0,,Leads-Search-1,Naturopath Near Me — Core,holistic dr near me,broad,None,1
healing,5,0,0.0,0.0,0.0,0.0,0,,Leads-Search-1,Ad group 1 | Geo-Qualified — Hopkins & West Metro | Naturopath Near Me — Core,alternative medicine near me | holistic dr near me | holistic medicine Minneapolis,broad,None,4
herbal stores near me,2,0,0.0,0.0,0.0,0.0,0,,Leads-Search-1,Naturopath Near Me — Core,naturopathic practitioner near me,broad,None,1
holistic healing,6,0,0.0,0.0,0.0,0.0,0,,Leads-Search-1,Ad group 1 | Functional & Integrative Medicine | Geo-Qualified — Hopkins & West Metro | Naturopath Near Me — Core,functional medical | functional medicine near me | holistic dr near me | natural medicine Minnesota,broad,None,5
holistic practitioner,3,0,0.0,0.0,0.0,0.0,0,,Leads-Search-1,Ad group 1 | Naturopath Near Me — Core,holistic dr near me | natural healing doctors near me,broad,None,2
holistic stores near me,3,0,0.0,0.0,0.0,0.0,0,,Leads-Search-1,Functional & Integrative Medicine | Naturopath Near Me — Core,alternative medicine near me | integrative health near me,broad,None,2
homeopaths near me,2,0,0.0,0.0,0.0,0.0,0,,Leads-Search-1,Naturopath Near Me — Core,alternative medicine near me,phrase (close variant),None,1
jacqueline olczak,2,0,0.0,0.0,0.0,0.0,0,,Leads-Search-1,Naturopath Near Me — Core,alternative medicine near me,broad,None,1
living a holistic lifestyle,2,0,0.0,0.0,0.0,0.0,0,,Leads-Search-1,Naturopath Near Me — Core,alternative medicine near me,broad,None,1
lyadova natalya,2,0,0.0,0.0,0.0,0.0,0,,Leads-Search-1,Naturopath Near Me — Core,naturopathic practitioner near me,broad,None,1
medicine,4,0,0.0,0.0,0.0,0.0,0,,Leads-Search-1,Functional & Integrative Medicine | Naturopath Near Me — Core,alternative medicine doctors near me | alternative medicine near me | integrative medicine doctors in my area,broad,None,3
natural pathologist near me,3,0,0.0,0.0,0.0,0.0,0,,Leads-Search-1,Functional & Integrative Medicine | Naturopath Near Me — Core,integrative doctor | natural doctor near me,exact (close variant) | phrase (close variant),None,2
naturopath minnesota,2,0,0.0,0.0,0.0,0.0,0,,Leads-Search-1,Naturopath Near Me — Core,naturopaths in my area,broad,None,1
naturopathic beauty,2,0,0.0,0.0,0.0,0.0,0,,Leads-Search-1,Naturopath Near Me — Core,holistic dr near me,broad,None,1
naturopathic dr near me,2,0,0.0,0.0,0.0,0.0,0,,Leads-Search-1,Naturopath Near Me — Core,naturopathic dr near me,exact,Added,1
naturopathic practitioner near me,3,0,0.0,0.0,0.0,0.0,0,,Leads-Search-1,Ad group 1 | Naturopath Near Me — Core,naturopathic practitioner near me,exact,Added,2
spiritual womb cleanse near me,2,0,0.0,0.0,0.0,0.0,0,,Leads-Search-1,Naturopath Near Me — Core,alternative medicine near me,phrase (close variant),None,1
yahki awakened,4,0,0.0,0.0,0.0,0.0,0,,Leads-Search-1,Functional & Integrative Medicine | Naturopath Near Me — Core,alternative medicine near me | natural functional doctor | naturopathic practitioner near me,broad,None,3
baby rashes on body,2,0,0.0,0.0,0.0,0.0,0,,Leads-Search-1,Pediatrics,pediatric naturopath near me,broad,None,1
blueberry pediatrics,2,0,0.0,0.0,0.0,0.0,0,,Leads-Search-1,Pediatrics,pediatric naturopath near me,broad,None,1
children's,2,0,0.0,0.0,0.0,0.0,0,,Leads-Search-1,Pediatrics,holistic pediatricians near me,broad,None,1
children's minnesota,2,0,0.0,0.0,0.0,0.0,0,,Leads-Search-1,Pediatrics,pediatric naturopath near me,broad,Excluded,1
childrens minnesota minnetonka,2,0,0.0,0.0,0.0,0.0,0,,Leads-Search-1,Pediatrics,pediatric naturopath near me,broad,None,1
childrens minnetonka,3,0,0.0,0.0,0.0,0.0,0,,Leads-Search-1,Pediatrics,holistic pediatricians near me | pediatric naturopath near me,broad,None,2
christian pediatrician near me,2,0,0.0,0.0,0.0,0.0,0,,Leads-Search-1,Pediatrics,pediatric holistic doctor,broad,None,1
doctor kids,2,0,0.0,0.0,0.0,0.0,0,,Leads-Search-1,Pediatrics,holistic pediatricians near me,broad,None,1
dr brian thornburg,2,0,0.0,0.0,0.0,0.0,0,,Leads-Search-1,Pediatrics,pediatric holistic doctor,phrase (close variant),None,1
holistic pediatric dermatologist,2,0,0.0,0.0,0.0,0.0,0,,Leads-Search-1,Pediatrics,holistic pediatricians near me,broad,None,1
local primary care doctors,2,0,0.0,0.0,0.0,0.0,0,,Leads-Search-1,Pediatrics,pediatric holistic doctor near me,broad,None,1
metropeds,3,0,0.0,0.0,0.0,0.0,0,,Leads-Search-1,Pediatrics,holistic pediatricians near me | pediatric holistic doctor near me,broad,None,2
metropolitan pediatric specialists,2,0,0.0,0.0,0.0,0.0,0,,Leads-Search-1,Pediatrics,pediatric naturopath near me,broad,None,1
naturopathic pediatrics,2,0,0.0,0.0,0.0,0.0,0,,Leads-Search-1,Pediatrics,pediatric naturopath near me,broad,None,1
northwest family clinics,2,0,0.0,0.0,0.0,0.0,0,,Leads-Search-1,Pediatrics,pediatric naturopath near me,broad,None,1
partner and pediatrics,2,0,0.0,0.0,0.0,0.0,0,,Leads-Search-1,Pediatrics,pediatric naturopath near me,broad,None,1
pediatric allergists near me,2,0,0.0,0.0,0.0,0.0,0,,Leads-Search-1,Pediatrics,pediatric naturopath near me,broad,None,1
pediatric clinics,2,0,0.0,0.0,0.0,0.0,0,,Leads-Search-1,Pediatrics,pediatric holistic doctor,broad,None,1
pediatric dietitian,2,0,0.0,0.0,0.0,0.0,0,,Leads-Search-1,Pediatrics,holistic pediatricians near me,broad,None,1
pediatric gastroenterologist,5,0,0.0,0.0,0.0,0.0,0,,Leads-Search-1,Ad group 1 | Pediatrics,natural pediatrician near me | pediatric holistic doctor | pediatric naturopath near me,broad,None,4
pediatric naturopath,2,0,0.0,0.0,0.0,0.0,0,,Leads-Search-1,Pediatrics,pediatric naturopath,exact,Added,1
pediatric near me,3,0,0.0,0.0,0.0,0.0,0,,Leads-Search-1,Pediatrics,pediatric holistic doctor | pediatric naturopath near me,broad,None,2
pediatrician,3,0,0.0,0.0,0.0,0.0,0,,Leads-Search-1,Pediatrics,holistic pediatricians near me | pediatric naturopath near me,broad,None,2
pediatricians,3,0,0.0,0.0,0.0,0.0,0,,Leads-Search-1,Pediatrics,holistic pediatricians near me | pediatric naturopath near me,broad,None,2
pediatricians who accept unvaccinated patients near me,2,0,0.0,0.0,0.0,0.0,0,,Leads-Search-1,Pediatrics,holistic pediatricians near me,broad,None,1
southdale pediatrics,4,0,0.0,0.0,0.0,0.0,0,,Leads-Search-1,Pediatrics,pediatric holistic doctor | pediatric naturopath near me,broad,Excluded,2
southdale peds,4,0,0.0,0.0,0.0,0.0,0,,Leads-Search-1,Pediatrics,holistic pediatricians near me | pediatric holistic doctor | pediatric holistic doctor near me,broad,None,3
southdale peds edina,2,0,0.0,0.0,0.0,0.0,0,,Leads-Search-1,Pediatrics,pediatric holistic doctor,broad,None,1
southlake pediatrics mn,3,0,0.0,0.0,0.0,0.0,0,,Leads-Search-1,Pediatrics,pediatric holistic doctor | pediatric holistic doctor near me,broad,None,2
vaccine friendly pediatrician near me,3,0,0.0,0.0,0.0,0.0,0,,Leads-Search-1,Pediatrics,holistic pediatricians near me | pediatric holistic doctor,broad,None,2
yana nagle,3,0,0.0,0.0,0.0,0.0,0,,Leads-Search-1,Pediatrics,pediatric holistic doctor | pediatric naturopath near me,broad,None,2
zarminali pediatrics edina,2,0,0.0,0.0,0.0,0.0,0,,Leads-Search-1,Pediatrics,pediatric naturopath near me,broad,None,1
barbara o neill hormones menopause,2,0,0.0,0.0,0.0,0.0,0,,Leads-Search-1,Women's Health & Hormones,natural help for menopause,phrase (close variant),None,1
bio identical hormone replacement therapy,2,0,0.0,0.0,0.0,0.0,0,,Leads-Search-1,Women's Health & Hormones,naturopath for women's health,broad,None,1
black gyn near me,2,0,0.0,0.0,0.0,0.0,0,,Leads-Search-1,Women's Health & Hormones,female naturopath near me,broad,None,1
doctors for women near me,2,0,0.0,0.0,0.0,0.0,0,,Leads-Search-1,Women's Health & Hormones,women's naturopath near me,broad,None,1
dr jolene brighten,2,0,0.0,0.0,0.0,0.0,0,,Leads-Search-1,Women's Health & Hormones,naturopath for hormone imbalance,phrase (close variant),None,1
dr louise newson,2,0,0.0,0.0,0.0,0.0,0,,Leads-Search-1,Women's Health & Hormones,women's health naturopath,broad,None,1
dr mary claire haver unpaused,2,0,0.0,0.0,0.0,0.0,0,,Leads-Search-1,Women's Health & Hormones,hormone doctor near me,broad,None,1
dutch hormone test,3,0,0.0,0.0,0.0,0.0,0,,Leads-Search-1,Women's Health & Hormones,female naturopath near me | women's hormone specialist near me,broad,None,2
endochronoligist,2,0,0.0,0.0,0.0,0.0,0,,Leads-Search-1,Women's Health & Hormones,hormone doctor near me,broad,None,1
endocrinology clinic near me,4,0,0.0,0.0,0.0,0.0,0,,Leads-Search-1,Functional & Integrative Medicine | Men's Health | Women's Health & Hormones,adrenal fatigue doctor near me | functional doctor in my area | hormone doctor near me,broad | phrase (close variant),None,3
endometriosis specialist,4,0,0.0,0.0,0.0,0.0,0,,Leads-Search-1,Women's Health & Hormones,female naturopath near me | naturopath for hormone imbalance | women's hormone specialist near me,broad,None,3
endometriosis symptoms,8,0,0.0,0.0,0.0,0.0,0,,Leads-Search-1,Women's Health & Hormones,female naturopath | female naturopath near me | hormone doctor near me | women's health naturopath,broad,None,4
female holistic doctors near me,2,0,0.0,0.0,0.0,0.0,0,,Leads-Search-1,Women's Health & Hormones,female naturopath near me,exact (close variant),None,1
female hormone specialist,2,0,0.0,0.0,0.0,0.0,0,,Leads-Search-1,Women's Health & Hormones,women's hormone specialist near me,exact (close variant),None,1
fertility acupuncture,2,0,0.0,0.0,0.0,0.0,0,,Leads-Search-1,Women's Health & Hormones,women's health naturopath,broad,None,1
functional medicine for women's health,2,0,0.0,0.0,0.0,0.0,0,,Leads-Search-1,Women's Health & Hormones,women's health naturopath,broad,None,1
ginecologo cerca de mi,4,0,0.0,0.0,0.0,0.0,0,,Leads-Search-1,Women's Health & Hormones,female naturopath near me | women's hormone specialist near me,broad,None,2
gynecology clinics,2,0,0.0,0.0,0.0,0.0,0,,Leads-Search-1,Women's Health & Hormones,women's health naturopath,broad,None,1
herbs to balance hormones in women,2,0,0.0,0.0,0.0,0.0,0,,Leads-Search-1,Women's Health & Hormones,hormone doctor near me,broad,None,1
holistic women's doctor near me,2,0,0.0,0.0,0.0,0.0,0,,Leads-Search-1,Women's Health & Hormones,female naturopath near me,exact (close variant),None,1
hormone and wellness center near me,2,0,0.0,0.0,0.0,0.0,0,,Leads-Search-1,Women's Health & Hormones,hormone doctor near me,phrase (close variant),None,1
hormone coach near me,3,0,0.0,0.0,0.0,0.0,0,,Leads-Search-1,Ad group 1 | Women's Health & Hormones,female naturopath near me | holistic dr near me,broad,None,2
hormone imbalance,2,0,0.0,0.0,0.0,0.0,0,,Leads-Search-1,Women's Health & Hormones,women's hormone specialist near me,broad,None,1
hormone replacement therapy for women,4,0,0.0,0.0,0.0,0.0,0,,Leads-Search-1,Women's Health & Hormones,female naturopath near me | hormone doctor near me | women's health naturopath,broad,None,3
hormone replacement therapy near me near me,2,0,0.0,0.0,0.0,0.0,0,,Leads-Search-1,Women's Health & Hormones,hormone doctor near me,exact (close variant),None,1
hormone testing for women near me,4,0,0.0,0.0,0.0,0.0,0,,Leads-Search-1,Naturopath Near Me — Core | Women's Health & Hormones,naturopaths in my area | women's health naturopath | women's hormone specialist near me,broad | phrase (close variant),None,3
hot flashes at 77 years old,2,0,0.0,0.0,0.0,0.0,0,,Leads-Search-1,Women's Health & Hormones,female naturopath near me,broad,None,1
how do i test my estrogen levels,2,0,0.0,0.0,0.0,0.0,0,,Leads-Search-1,Women's Health & Hormones,naturopath for women's health,broad,None,1
how to reduce parathyroid hormone naturally,2,0,0.0,0.0,0.0,0.0,0,,Leads-Search-1,Women's Health & Hormones,naturopath for hormone imbalance,broad,None,1
hrt,3,0,0.0,0.0,0.0,0.0,0,,Leads-Search-1,Women's Health & Hormones,hormone doctor near me | naturopath for hormone imbalance,broad,Excluded,2
losing weight with pcos,2,0,0.0,0.0,0.0,0.0,0,,Leads-Search-1,Women's Health & Hormones,hormone doctor near me,broad,None,1
menopause age,3,0,0.0,0.0,0.0,0.0,0,,Leads-Search-1,Women's Health & Hormones,natural help for menopause | women's hormone specialist near me,broad,None,2
menopause clinic mn,4,0,0.0,0.0,0.0,0.0,0,,Leads-Search-1,Women's Health & Hormones,functional medicine for hormones | naturopath for hormone imbalance | women's naturopath near me,broad,None,3
menopause clinician near me,2,0,0.0,0.0,0.0,0.0,0,,Leads-Search-1,Women's Health & Hormones,women's hormone specialist near me,phrase (close variant),None,1
menopause specialist,4,0,0.0,0.0,0.0,0.0,0,,Leads-Search-1,Women's Health & Hormones,naturopath for hormone imbalance | naturopath for menopause | women's health naturopath,broad,None,3
minnesota women's care,10,0,0.0,0.0,0.0,0.0,0,,Leads-Search-1,Women's Health & Hormones,female naturopath near me | functional medicine for hormones | naturopath for hormone imbalance | naturopath for hormones | naturopath for women's health | women's health naturopath,broad,Excluded,6
mn women's care,7,0,0.0,0.0,0.0,0.0,0,,Leads-Search-1,Ad group 1 | Women's Health & Hormones,fertility naturopath near me | functional medicine for hormones | hormone doctor near me | naturopath for hormone imbalance | naturopathic doctor Minneapolis | women's naturopath near me,broad,Excluded,6
modern thyroid clinic near me,2,0,0.0,0.0,0.0,0.0,0,,Leads-Search-1,Women's Health & Hormones,hormone doctor near me,broad,None,1
nad menopause,2,0,0.0,0.0,0.0,0.0,0,,Leads-Search-1,Women's Health & Hormones,natural help for menopause,broad,None,1
napro doctor,3,0,0.0,0.0,0.0,0.0,0,,Leads-Search-1,Women's Health & Hormones,women's health naturopath | women's hormone specialist near me,broad,None,2
naturopath specializing in women's hormones,2,0,0.0,0.0,0.0,0.0,0,,Leads-Search-1,Women's Health & Hormones,naturopath for hormone imbalance,exact (close variant),None,1
ob,2,0,0.0,0.0,0.0,0.0,0,,Leads-Search-1,Women's Health & Hormones,women's hormone specialist near me,broad,None,1
ob gyn near me,2,0,0.0,0.0,0.0,0.0,0,,Leads-Search-1,Women's Health & Hormones,women's naturopath near me,broad,None,1
obgyn clinics near me,2,0,0.0,0.0,0.0,0.0,0,,Leads-Search-1,Women's Health & Hormones,hormone doctor near me,broad,None,1
obstetrics gynecology & infertility near me,9,0,0.0,0.0,0.0,0.0,0,,Leads-Search-1,Women's Health & Hormones,Hashimoto's naturopath | female naturopath near me | hormone doctor near me | naturopath for fertility | naturopath for women's health | women's health naturopath | women's hormone specialist near me,broad,None,7
pap smears near me,3,0,0.0,0.0,0.0,0.0,0,,Leads-Search-1,Women's Health & Hormones,female naturopath | female naturopath near me,broad,None,2
pcos and infertility treatment,2,0,0.0,0.0,0.0,0.0,0,,Leads-Search-1,Women's Health & Hormones,naturopath for fertility,broad,None,1
pelvic floor therapy near me,4,0,0.0,0.0,0.0,0.0,0,,Leads-Search-1,Women's Health & Hormones,female naturopath near me | hormone doctor near me,broad,None,2
perimenopause doctor specialist,4,0,0.0,0.0,0.0,0.0,0,,Leads-Search-1,Women's Health & Hormones,hormone doctor near me | naturopath for women's health | women's health naturopath,broad,None,3
perimenopause naturopath,2,0,0.0,0.0,0.0,0.0,0,,Leads-Search-1,Women's Health & Hormones,perimenopause naturopath,exact,Added,1
pmos treatment,3,0,0.0,0.0,0.0,0.0,0,,Leads-Search-1,Women's Health & Hormones,functional medicine for hormones | women's hormone specialist near me,broad,None,2
pmos vs pcos,2,0,0.0,0.0,0.0,0.0,0,,Leads-Search-1,Women's Health & Hormones,women's health naturopath,broad,None,1
reproductive endocrinologist near me,4,0,0.0,0.0,0.0,0.0,0,,Leads-Search-1,Women's Health & Hormones,fertility naturopath near me | hormone doctor near me | women's health naturopath,broad | phrase (close variant),None,3
testing hormones in women,2,0,0.0,0.0,0.0,0.0,0,,Leads-Search-1,Women's Health & Hormones,naturopath for women's health,broad,None,1
themenopausedoctor,2,0,0.0,0.0,0.0,0.0,0,,Leads-Search-1,Women's Health & Hormones,functional medicine for hormones,broad,None,1
thyroid imbalance,2,0,0.0,0.0,0.0,0.0,0,,Leads-Search-1,Women's Health & Hormones,naturopath for hormone imbalance,broad,None,1
thyroid specialist,4,0,0.0,0.0,0.0,0.0,0,,Leads-Search-1,Women's Health & Hormones,Hashimoto's naturopath | hormone doctor near me | naturopath for hormone imbalance,broad,None,3
top endocrinologist near me,3,0,0.0,0.0,0.0,0.0,0,,Leads-Search-1,Ad group 1 | Women's Health & Hormones,integrative medicine near me | naturopath for hormones,broad,None,2
urogynecologist near me,2,0,0.0,0.0,0.0,0.0,0,,Leads-Search-1,Women's Health & Hormones,women's hormone specialist near me,broad,None,1
uterine massage near me,2,0,0.0,0.0,0.0,0.0,0,,Leads-Search-1,Women's Health & Hormones,female naturopath near me,broad,None,1
when does perimenopause usually start,2,0,0.0,0.0,0.0,0.0,0,,Leads-Search-1,Women's Health & Hormones,hormone doctor near me,broad,None,1
why am i always tired and have no energy female,2,0,0.0,0.0,0.0,0.0,0,,Leads-Search-1,Women's Health & Hormones,female naturopath near me,broad,None,1
women's health and wellness retreat,2,0,0.0,0.0,0.0,0.0,0,,Leads-Search-1,Women's Health & Hormones,female naturopath near me,broad,None,1
women's health clinic,5,0,0.0,0.0,0.0,0.0,0,,Leads-Search-1,Women's Health & Hormones,female naturopath | female naturopath near me | functional medicine hormones | women's health naturopath,broad,None,4
women's health near me,8,0,0.0,0.0,0.0,0.0,0,,Leads-Search-1,Women's Health & Hormones,Hashimoto's naturopath | female naturopath near me | functional medicine for hormones | hormone doctor near me | naturopath for women's health | women's health naturopath,broad,None,6
women's hormone health clinic,2,0,0.0,0.0,0.0,0.0,0,,Leads-Search-1,Women's Health & Hormones,female naturopath near me,broad,None,1
womens health clinic northfield,2,0,0.0,0.0,0.0,0.0,0,,Leads-Search-1,Women's Health & Hormones,women's health naturopath,broad,None,1
womens health clinics near me,3,0,0.0,0.0,0.0,0.0,0,,Leads-Search-1,Women's Health & Hormones,female naturopath near me | naturopath for hormone imbalance,broad,None,2
womens health near me,2,0,0.0,0.0,0.0,0.0,0,,Leads-Search-1,Women's Health & Hormones,women's health naturopath,broad,None,1
212 ridgeview medical center,1,0,0.0,0.0,0.0,0.0,0,,Leads-Search-1,Ad group 1,holistic medicine Minneapolis,broad,None,1
715 s 8th st minneapolis mn 55404,1,0,0.0,0.0,0.0,0.0,0,,Leads-Search-1,Ad group 1,naturopathic doctor near me,broad,None,1
aaaom roseville mn,1,0,0.0,0.0,0.0,0.0,0,,Leads-Search-1,Ad group 1,natural medicine Minnesota,phrase (close variant),None,1
abbott northwestern general medicine associates,3,0,0.0,0.0,0.0,0.0,0,,Leads-Search-1,Ad group 1 | Functional & Integrative Medicine,functional doctor | functional medicine | holistic dr near me,broad,None,3
accupuncture mn,1,0,0.0,0.0,0.0,0.0,0,,Leads-Search-1,Ad group 1,holistic dr near me,broad,None,1
acucare,1,0,0.0,0.0,0.0,0.0,0,,Leads-Search-1,Ad group 1,naturopathic doctor near me,broad,None,1
acupressure minneapolis,1,0,0.0,0.0,0.0,0.0,0,,Leads-Search-1,Ad group 1,holistic dr near me,broad,None,1
acupuncture bloomington,1,0,0.0,0.0,0.0,0.0,0,,Leads-Search-1,Ad group 1,holistic dr near me,broad,None,1
acupuncture central ave,1,0,0.0,0.0,0.0,0.0,0,,Leads-Search-1,Ad group 1,naturopathic doctor near me,broad,None,1
acupuncture clinic,1,0,0.0,0.0,0.0,0.0,0,,Leads-Search-1,Ad group 1,holistic dr near me,broad,None,1
acupuncture clinic near me,1,0,0.0,0.0,0.0,0.0,0,,Leads-Search-1,Ad group 1,holistic dr near me,broad,None,1
acupuncture coon rapids,2,0,0.0,0.0,0.0,0.0,0,,Leads-Search-1,Ad group 1,holistic dr near me | naturopathic doctor near me,broad,None,2
acupuncture doctors near me,1,0,0.0,0.0,0.0,0.0,0,,Leads-Search-1,Ad group 1,holistic dr near me,broad,None,1
acupuncture dr chen,1,0,0.0,0.0,0.0,0.0,0,,Leads-Search-1,Ad group 1,holistic medicine Minneapolis,broad,None,1
acupuncture eagan mn,1,0,0.0,0.0,0.0,0.0,0,,Leads-Search-1,Ad group 1,holistic dr near me,broad,None,1
acupuncture eden prairie,1,0,0.0,0.0,0.0,0.0,0,,Leads-Search-1,Ad group 1,holistic dr near me,broad,None,1
acupuncture for allergies,1,0,0.0,0.0,0.0,0.0,0,,Leads-Search-1,Ad group 1,holistic dr near me,broad,None,1
acupuncture for eyes near me,1,0,0.0,0.0,0.0,0.0,0,,Leads-Search-1,Ad group 1,holistic dr near me,broad,None,1
acupuncture for hypothyroidism near me,1,0,0.0,0.0,0.0,0.0,0,,Leads-Search-1,Ad group 1,naturopathic doctor Minneapolis,broad,None,1
acupuncture for pregnancy,1,0,0.0,0.0,0.0,0.0,0,,Leads-Search-1,Ad group 1,naturopathic doctor near me,broad,None,1
acupuncture for stress,1,0,0.0,0.0,0.0,0.0,0,,Leads-Search-1,Ad group 1,naturopathic doctor near me,broad,None,1
acupuncture for stress and anxiety near me,1,0,0.0,0.0,0.0,0.0,0,,Leads-Search-1,Ad group 1,naturopathic doctor near me,broad,None,1
acupuncture for vertigo near me,1,0,0.0,0.0,0.0,0.0,0,,Leads-Search-1,Ad group 1,holistic dr near me,broad,None,1
acupuncture forest lake,1,0,0.0,0.0,0.0,0.0,0,,Leads-Search-1,Ad group 1,holistic dr near me,broad,None,1
acupuncture in minneapolis,1,0,0.0,0.0,0.0,0.0,0,,Leads-Search-1,Ad group 1,holistic dr near me,broad,None,1
acupuncture insurance near me,1,0,0.0,0.0,0.0,0.0,0,,Leads-Search-1,Ad group 1,naturopathic doctor near me,broad,None,1
acupuncture md,1,0,0.0,0.0,0.0,0.0,0,,Leads-Search-1,Ad group 1,men's health naturopath,broad,None,1
acupuncture pricing,1,0,0.0,0.0,0.0,0.0,0,,Leads-Search-1,Ad group 1,holistic dr near me,broad,None,1
acupuncture roseville mn,1,0,0.0,0.0,0.0,0.0,0,,Leads-Search-1,Ad group 1,naturopathic doctor near me,broad,None,1
acupuncture south minneapolis,1,0,0.0,0.0,0.0,0.0,0,,Leads-Search-1,Ad group 1,men's health naturopath,broad,None,1
acupuncture st paul,2,0,0.0,0.0,0.0,0.0,0,,Leads-Search-1,Ad group 1,holistic dr near me | naturopathic doctor near me,broad,Excluded,2
acupuncture stillwater mn,1,0,0.0,0.0,0.0,0.0,0,,Leads-Search-1,Ad group 1,naturopathic doctor near me,broad,Excluded,1
acupuncture treatment,4,0,0.0,0.0,0.0,0.0,0,,Leads-Search-1,Ad group 1,holistic dr near me | integrative medicine near me | men's health naturopath | naturopathic doctor near me,broad,None,4
acupuncture twin cities,2,0,0.0,0.0,0.0,0.0,0,,Leads-Search-1,Ad group 1,holistic dr near me | integrative medicine near me,broad,None,2
acupuncture white bear lake mn,1,0,0.0,0.0,0.0,0.0,0,,Leads-Search-1,Ad group 1,alternative medicine doctors near me,broad,None,1
acupuncturist minneapolis,1,0,0.0,0.0,0.0,0.0,0,,Leads-Search-1,Ad group 1,men's health naturopath,broad,None,1
acupuntura,1,0,0.0,0.0,0.0,0.0,0,,Leads-Search-1,Ad group 1,naturopathic doctor near me,broad,None,1
aervita integrative medicine hyperbarics formerly statera health edina,1,0,0.0,0.0,0.0,0.0,0,,Leads-Search-1,Ad group 1,holistic dr near me,broad,None,1
alchemy healing,1,0,0.0,0.0,0.0,0.0,0,,Leads-Search-1,Ad group 1,holistic dr near me,broad,None,1
alex orton,2,0,0.0,0.0,0.0,0.0,0,,Leads-Search-1,Ad group 1,holistic dr near me | naturopathic doctor near me,broad,None,2
alicia harris naturopath,1,0,0.0,0.0,0.0,0.0,0,,Leads-Search-1,Ad group 1,holistic dr near me,broad,None,1
allergist doctors near me,1,0,0.0,0.0,0.0,0.0,0,,Leads-Search-1,Ad group 1,holistic dr near me,broad,None,1
allergist mn,1,0,0.0,0.0,0.0,0.0,0,,Leads-Search-1,Ad group 1,natural pediatrician near me,broad,None,1
allergists near me,1,0,0.0,0.0,0.0,0.0,0,,Leads-Search-1,Ad group 1,holistic dr near me,broad,None,1
allergy and asthma doctors near me,1,0,0.0,0.0,0.0,0.0,0,,Leads-Search-1,Ad group 1,holistic dr near me,broad,None,1
alliance clinic near me,1,0,0.0,0.0,0.0,0.0,0,,Leads-Search-1,Ad group 1,naturopathic doctor near me,broad,None,1
allina clinics st paul,1,0,0.0,0.0,0.0,0.0,0,,Leads-Search-1,Ad group 1,naturopathic doctor near me,broad,None,1
allina commons,2,0,0.0,0.0,0.0,0.0,0,,Leads-Search-1,Ad group 1 | Geo-Qualified — Hopkins & West Metro,functional medicine doctor edina | naturopathic doctor Minneapolis,broad,None,2
allina general medicine associates,2,0,0.0,0.0,0.0,0.0,0,,Leads-Search-1,Ad group 1,integrative medicine near me | naturopathic doctor Minneapolis,broad,None,2
allina health clinic minneapolis,1,0,0.0,0.0,0.0,0.0,0,,Leads-Search-1,Ad group 1,naturopathic doctor near me,broad,None,1
allina health doctors,1,0,0.0,0.0,0.0,0.0,0,,Leads-Search-1,Ad group 1,holistic dr near me,broad,None,1
allina health integrative medicine,1,0,0.0,0.0,0.0,0.0,0,,Leads-Search-1,Ad group 1,holistic medicine Minneapolis,broad,None,1
allina health minneapolis,1,0,0.0,0.0,0.0,0.0,0,,Leads-Search-1,Ad group 1,naturopathic doctor Minneapolis,broad,None,1
allina health minneapolis mn,1,0,0.0,0.0,0.0,0.0,0,,Leads-Search-1,Ad group 1,holistic dr near me,broad,None,1
allina near me,1,0,0.0,0.0,0.0,0.0,0,,Leads-Search-1,Ad group 1,natural medicine Minnesota,broad,None,1
allina penny george,1,0,0.0,0.0,0.0,0.0,0,,Leads-Search-1,Ad group 1,holistic dr near me,broad,None,1
allina west health,2,0,0.0,0.0,0.0,0.0,0,,Leads-Search-1,Ad group 1 | Geo-Qualified — Hopkins & West Metro,natural medicine Minnesota | naturopathic doctor Minneapolis,broad,None,2
allison mulcahy,1,0,0.0,0.0,0.0,0.0,0,,Leads-Search-1,Ad group 1,holistic dr near me,broad,None,1
aloe vera sibo,1,0,0.0,0.0,0.0,0.0,0,,Leads-Search-1,Ad group 1,functional medicine,broad,None,1
alternative health care,1,0,0.0,0.0,0.0,0.0,0,,Leads-Search-1,Ad group 1,holistic dr near me,broad,None,1
alternative health care providers,1,0,0.0,0.0,0.0,0.0,0,,Leads-Search-1,Ad group 1,naturopathic doctor near me,broad,None,1
alternative medical systems,1,0,0.0,0.0,0.0,0.0,0,,Leads-Search-1,Ad group 1,integrative medicine near me,broad,None,1
alternative medicine,7,0,0.0,0.0,0.0,0.0,0,,Leads-Search-1,Ad group 1 | Functional & Integrative Medicine | Geo-Qualified — Hopkins & West Metro | Naturopath Near Me — Core,functional medical clinic | functional medicine | functional medicines | holistic dr near me | integrative medicine near me | natural medicine Minnesota,broad,None,7
alternative medicine health practitioners minneapolis mn,1,0,0.0,0.0,0.0,0.0,0,,Leads-Search-1,Ad group 1,holistic dr near me,broad,None,1
alternative medicine md,1,0,0.0,0.0,0.0,0.0,0,,Leads-Search-1,Ad group 1,integrative medicine near me,broad,None,1
alternative medicine minnesota,1,0,0.0,0.0,0.0,0.0,0,,Leads-Search-1,Ad group 1,holistic dr near me,broad,None,1
alternative medicine practices,2,0,0.0,0.0,0.0,0.0,0,,Leads-Search-1,Ad group 1,holistic dr near me | naturopathic doctor near me,broad,None,2
alyse hamilton,1,0,0.0,0.0,0.0,0.0,0,,Leads-Search-1,Ad group 1,holistic dr near me,broad,None,1
amanda vignaroli,1,0,0.0,0.0,0.0,0.0,0,,Leads-Search-1,Ad group 1,holistic dr near me,broad,None,1
ancient medicinal herbs,1,0,0.0,0.0,0.0,0.0,0,,Leads-Search-1,Ad group 1,natural medicine Minnesota,broad,None,1
anne gair,1,0,0.0,0.0,0.0,0.0,0,,Leads-Search-1,Ad group 1,naturopathic doctor near me,broad,None,1
anshul gupta md,2,0,0.0,0.0,0.0,0.0,0,,Leads-Search-1,Ad group 1 | Naturopath Near Me — Core,alternative medicine near me | holistic dr near me,broad,None,2
apothecary near me,4,0,0.0,0.0,0.0,0.0,0,,Leads-Search-1,Ad group 1 | Functional & Integrative Medicine,functional integrative medicine near me | functional medicine near me | integrative medicine doctors in my area | integrative medicine near me,broad,None,4
april lind,1,0,0.0,0.0,0.0,0.0,0,,Leads-Search-1,Ad group 1,alternative medicine doctors near me,broad,None,1
are nds doctors,1,0,0.0,0.0,0.0,0.0,0,,Leads-Search-1,Ad group 1,naturopathic doctor near me,broad,None,1
aspen functional health,1,0,0.0,0.0,0.0,0.0,0,,Leads-Search-1,Ad group 1,integrative medicine near me,broad,None,1
asthma and allergy doctors near me,1,0,0.0,0.0,0.0,0.0,0,,Leads-Search-1,Ad group 1,holistic dr near me,broad,None,1
asuta health,1,0,0.0,0.0,0.0,0.0,0,,Leads-Search-1,Ad group 1,holistic dr near me,broad,None,1
aszani stoddard,1,0,0.0,0.0,0.0,0.0,0,,Leads-Search-1,Ad group 1,naturopathic doctor near me,broad,None,1
aurora holistic healing,1,0,0.0,0.0,0.0,0.0,0,,Leads-Search-1,Ad group 1,naturopathic doctor near me,broad,None,1
authentic wellness,1,0,0.0,0.0,0.0,0.0,0,,Leads-Search-1,Ad group 1,holistic dr near me,broad,None,1
autism functional medicine doctor,1,0,0.0,0.0,0.0,0.0,0,,Leads-Search-1,Ad group 1,integrative medicine near me,broad,None,1
autoimmune doctor near me,1,0,0.0,0.0,0.0,0.0,0,,Leads-Search-1,Ad group 1,holistic dr near me,broad,None,1
autoimmune specialist near me,2,0,0.0,0.0,0.0,0.0,0,,Leads-Search-1,Ad group 1 | Naturopath Near Me — Core,holistic dr near me | naturopaths in my area,broad,None,2
ayurveda clinic in usa,1,0,0.0,0.0,0.0,0.0,0,,Leads-Search-1,Ad group 1,holistic dr near me,broad,None,1
ayurveda mn,1,0,0.0,0.0,0.0,0.0,0,,Leads-Search-1,Ad group 1,holistic dr near me,broad,None,1
ayurveda treatment,1,0,0.0,0.0,0.0,0.0,0,,Leads-Search-1,Ad group 1,holistic dr near me,broad,None,1
ayurveda wellness counselor,1,0,0.0,0.0,0.0,0.0,0,,Leads-Search-1,Ad group 1,holistic dr near me,broad,None,1
ayurvedic,1,0,0.0,0.0,0.0,0.0,0,,Leads-Search-1,Ad group 1,holistic dr near me,broad,Excluded,1
ayurvedic massage minneapolis,1,0,0.0,0.0,0.0,0.0,0,,Leads-Search-1,Ad group 1,holistic dr near me,broad,None,1
ayurvedic near me,1,0,0.0,0.0,0.0,0.0,0,,Leads-Search-1,Ad group 1,holistic dr near me,broad,None,1
baby naturopath near me,1,0,0.0,0.0,0.0,0.0,0,,Leads-Search-1,Ad group 1,holistic dr near me,phrase (close variant),None,1
back to balance natural healing center,1,0,0.0,0.0,0.0,0.0,0,,Leads-Search-1,Ad group 1,holistic dr near me,broad,None,1
barbara o neill lectures,1,0,0.0,0.0,0.0,0.0,0,,Leads-Search-1,Ad group 1,holistic dr near me,broad,None,1
be well natural,1,0,0.0,0.0,0.0,0.0,0,,Leads-Search-1,Ad group 1,holistic dr near me,broad,None,1
be well natural medicine mill valley,1,0,0.0,0.0,0.0,0.0,0,,Leads-Search-1,Ad group 1,naturopathic doctor near me,broad,None,1
berg doctor,1,0,0.0,0.0,0.0,0.0,0,,Leads-Search-1,Ad group 1,natural medicine Minnesota,broad,None,1
best dietician near me,1,0,0.0,0.0,0.0,0.0,0,,Leads-Search-1,Ad group 1,holistic dr near me,broad,None,1
best doctor for fibromyalgia,1,0,0.0,0.0,0.0,0.0,0,,Leads-Search-1,Ad group 1,holistic dr near me,broad,None,1
best doctors for hashimoto's disease,1,0,0.0,0.0,0.0,0.0,0,,Leads-Search-1,Ad group 1,functional medicine near me,broad,None,1
best doctors minneapolis,2,0,0.0,0.0,0.0,0.0,0,,Leads-Search-1,Ad group 1 | Functional & Integrative Medicine,functional integrative doctor | holistic pediatricians near me,broad,None,2
best female family doctor near me,1,0,0.0,0.0,0.0,0.0,0,,Leads-Search-1,Ad group 1,holistic dr near me,broad,None,1
best health,1,0,0.0,0.0,0.0,0.0,0,,Leads-Search-1,Ad group 1,holistic medicine Minneapolis,broad,None,1
best holistic doctors near me,5,0,0.0,0.0,0.0,0.0,0,,Leads-Search-1,Ad group 1 | Functional & Integrative Medicine | Geo-Qualified — Hopkins & West Metro,integrative medicine near me | natural medicine Minnesota | natural pediatrician near me | naturopathic doctor Minneapolis | naturopathic doctor near me,broad | exact (close variant) | phrase (close variant),None,5
best homeopathy doctors near me,1,0,0.0,0.0,0.0,0.0,0,,Leads-Search-1,Ad group 1,holistic dr near me,phrase (close variant),None,1
best internist near me,1,0,0.0,0.0,0.0,0.0,0,,Leads-Search-1,Ad group 1,integrative medicine near me,broad,None,1
best migraine doctors near me,1,0,0.0,0.0,0.0,0.0,0,,Leads-Search-1,Ad group 1,naturopathic doctor near me,broad,None,1
best nurse practitioner near me,2,0,0.0,0.0,0.0,0.0,0,,Leads-Search-1,Ad group 1,integrative medicine near me | naturopathic doctor near me,broad,None,2
best nutritionist near me,2,0,0.0,0.0,0.0,0.0,0,,Leads-Search-1,Ad group 1,holistic dr near me | naturopathic doctor near me,broad,None,2
best pediatric chiropractor near me,1,0,0.0,0.0,0.0,0.0,0,,Leads-Search-1,Ad group 1,natural pediatrician near me,broad,None,1
best perimenopause doctors near me,1,0,0.0,0.0,0.0,0.0,0,,Leads-Search-1,Ad group 1,holistic dr near me,broad,None,1
best primary care doctors near me,1,0,0.0,0.0,0.0,0.0,0,,Leads-Search-1,Ad group 1,holistic dr near me,broad,None,1
bethesda natural,1,0,0.0,0.0,0.0,0.0,0,,Leads-Search-1,Ad group 1,naturopathic dr near me,broad,None,1
bio identical hormone therapy near me,1,0,0.0,0.0,0.0,0.0,0,,Leads-Search-1,Ad group 1,holistic dr near me,broad,None,1
bioenergetics therapy,1,0,0.0,0.0,0.0,0.0,0,,Leads-Search-1,Ad group 1,holistic dr near me,broad,None,1
bioidentical hormone replacement therapy mn,1,0,0.0,0.0,0.0,0.0,0,,Leads-Search-1,Ad group 1,integrative medicine near me,broad,None,1
bloomington natural care clinic,1,0,0.0,0.0,0.0,0.0,0,,Leads-Search-1,Ad group 1,naturopathic doctor near me,broad,None,1
board certified naturopath,1,0,0.0,0.0,0.0,0.0,0,,Leads-Search-1,Ad group 1,holistic dr near me,broad,None,1
bob zajac md,1,0,0.0,0.0,0.0,0.0,0,,Leads-Search-1,Ad group 1,natural pediatrician near me,broad,None,1
bobby price,2,0,0.0,0.0,0.0,0.0,0,,Leads-Search-1,Ad group 1 | Geo-Qualified — Hopkins & West Metro,naturopathic doctor Minneapolis | naturopathic doctor near me,broad,Excluded,2
body detoxification near me,1,0,0.0,0.0,0.0,0.0,0,,Leads-Search-1,Ad group 1,men's health naturopath,broad,None,1
brandon ng md,1,0,0.0,0.0,0.0,0.0,0,,Leads-Search-1,Ad group 1,natural pediatrician near me,broad,None,1
brooke goldner,2,0,0.0,0.0,0.0,0.0,0,,Leads-Search-1,Ad group 1 | Naturopath Near Me — Core,holistic dr near me,broad,None,2
burnsville clinic,1,0,0.0,0.0,0.0,0.0,0,,Leads-Search-1,Ad group 1,naturopathic doctor Minneapolis,broad,None,1
can acupuncture help with breech baby,1,0,0.0,0.0,0.0,0.0,0,,Leads-Search-1,Ad group 1,naturopathic doctor near me,broad,None,1
carnivore doctor,1,0,0.0,0.0,0.0,0.0,0,,Leads-Search-1,Ad group 1,holistic dr near me,broad,None,1
carnivore doctors near me,1,0,0.0,0.0,0.0,0.0,0,,Leads-Search-1,Ad group 1,holistic dr near me,broad,None,1
carrie b wellness,1,0,0.0,0.0,0.0,0.0,0,,Leads-Search-1,Ad group 1,holistic dr near me,broad,None,1
casey means,1,0,0.0,0.0,0.0,0.0,0,,Leads-Search-1,Ad group 1,integrative medicine near me,broad,Excluded,1
celiac specialist near me,1,0,0.0,0.0,0.0,0.0,0,,Leads-Search-1,Ad group 1,naturopathic doctor near me,broad,None,1
center for natural healthcare pllc,1,0,0.0,0.0,0.0,0.0,0,,Leads-Search-1,Ad group 1,integrative medicine near me,broad,None,1
certified functional doctor,1,0,0.0,0.0,0.0,0.0,0,,Leads-Search-1,Ad group 1,holistic dr near me,broad,None,1
certified menopause practitioner near me,3,0,0.0,0.0,0.0,0.0,0,,Leads-Search-1,Ad group 1 | Women's Health & Hormones,hormone doctor near me | integrative medicine near me | perimenopause doctor near me,broad | exact (close variant) | phrase (close variant),None,3
certified natural health practitioner,1,0,0.0,0.0,0.0,0.0,0,,Leads-Search-1,Ad group 1,integrative medicine near me,broad,None,1
chakra alignment near me,1,0,0.0,0.0,0.0,0.0,0,,Leads-Search-1,Ad group 1,holistic dr near me,broad,None,1
champion naturopathic,1,0,0.0,0.0,0.0,0.0,0,,Leads-Search-1,Ad group 1,naturopathic doctor Minneapolis,broad,None,1
chanchal cabrera,1,0,0.0,0.0,0.0,0.0,0,,Leads-Search-1,Ad group 1,holistic dr near me,broad,None,1
chanhassen family medicine,1,0,0.0,0.0,0.0,0.0,0,,Leads-Search-1,Ad group 1,integrative medicine near me,broad,None,1
cheap colon cleanse,1,0,0.0,0.0,0.0,0.0,0,,Leads-Search-1,Ad group 1,integrative medicine near me,broad,None,1
cheng wellness,1,0,0.0,0.0,0.0,0.0,0,,Leads-Search-1,Ad group 1,holistic dr near me,broad,None,1
children's hospital,1,0,0.0,0.0,0.0,0.0,0,,Leads-Search-1,Ad group 1,natural pediatrician near me,broad,None,1
china doctor near me,1,0,0.0,0.0,0.0,0.0,0,,Leads-Search-1,Ad group 1,naturopathic doctor near me,broad,None,1
chinese chiropractor near me,1,0,0.0,0.0,0.0,0.0,0,,Leads-Search-1,Ad group 1,holistic dr near me,broad,None,1
chinese doctor acupuncture,1,0,0.0,0.0,0.0,0.0,0,,Leads-Search-1,Ad group 1,holistic dr near me,broad,None,1
chinese herbal medicine doctor,1,0,0.0,0.0,0.0,0.0,0,,Leads-Search-1,Ad group 1,holistic dr near me,broad,None,1
chinese herbal medicine near me,3,0,0.0,0.0,0.0,0.0,0,,Leads-Search-1,Ad group 1 | Functional & Integrative Medicine | Women's Health & Hormones,holistic dr near me | natural functional doctor | women's naturopath near me,broad,None,3
chinese herbalist minneapolis,1,0,0.0,0.0,0.0,0.0,0,,Leads-Search-1,Ad group 1,holistic dr near me,broad,None,1
chinese herbs near me,2,0,0.0,0.0,0.0,0.0,0,,Leads-Search-1,Ad group 1,holistic medicine Minneapolis | naturopathic doctor near me,broad,None,2
chinese medicine minnesota,1,0,0.0,0.0,0.0,0.0,0,,Leads-Search-1,Ad group 1,holistic dr near me,broad,None,1
chinese medicine twin cities,1,0,0.0,0.0,0.0,0.0,0,,Leads-Search-1,Ad group 1,naturopathic doctor near me,broad,None,1
chinese therapy for knee pain,1,0,0.0,0.0,0.0,0.0,0,,Leads-Search-1,Ad group 1,holistic dr near me,broad,None,1
chinese traditional medicine near me,1,0,0.0,0.0,0.0,0.0,0,,Leads-Search-1,Ad group 1,naturopathic doctor near me,broad,None,1
chiropractor hopkins,1,0,0.0,0.0,0.0,0.0,0,,Leads-Search-1,Ad group 1,holistic medicine Minneapolis,broad,None,1
christian acupuncture,1,0,0.0,0.0,0.0,0.0,0,,Leads-Search-1,Ad group 1,alternative medicine doctors near me,broad,None,1
christian homeopathic doctors near me,1,0,0.0,0.0,0.0,0.0,0,,Leads-Search-1,Ad group 1,holistic dr near me,broad,None,1
christine arseneau,1,0,0.0,0.0,0.0,0.0,0,,Leads-Search-1,Ad group 1,holistic dr near me,broad,None,1
chronic fatigue specialist near me,1,0,0.0,0.0,0.0,0.0,0,,Leads-Search-1,Ad group 1,naturopathic doctor near me,broad,None,1
clinic for health and wellness,2,0,0.0,0.0,0.0,0.0,0,,Leads-Search-1,Ad group 1 | Functional & Integrative Medicine,functional doctor | naturopathic doctor near me,broad,None,2
clinic minneapolis,1,0,0.0,0.0,0.0,0.0,0,,Leads-Search-1,Ad group 1,integrative medicine near me,broad,None,1
clinica,1,0,0.0,0.0,0.0,0.0,0,,Leads-Search-1,Ad group 1,integrative medicine near me,broad,Excluded,1
clinical herbalist,1,0,0.0,0.0,0.0,0.0,0,,Leads-Search-1,Ad group 1,integrative medicine near me,broad,None,1
clinics in st paul,1,0,0.0,0.0,0.0,0.0,0,,Leads-Search-1,Ad group 1,naturopathic doctor near me,broad,None,1
clinics in the twin cities,1,0,0.0,0.0,0.0,0.0,0,,Leads-Search-1,Ad group 1,holistic dr near me,broad,None,1
clinics minneapolis,3,0,0.0,0.0,0.0,0.0,0,,Leads-Search-1,Ad group 1 | Functional & Integrative Medicine,functional medicine near me | holistic medicine Minneapolis | naturopathic doctor Minneapolis,broad,None,3
clinics minneapolis mn,2,0,0.0,0.0,0.0,0.0,0,,Leads-Search-1,Ad group 1 | Naturopath Near Me — Core,alternative medicine near me | integrative medicine near me,broad,None,2
colon cleanse,1,0,0.0,0.0,0.0,0.0,0,,Leads-Search-1,Ad group 1,integrative medicine near me,broad,Excluded,1
colon therapy near me,1,0,0.0,0.0,0.0,0.0,0,,Leads-Search-1,Ad group 1,integrative medicine near me,broad,None,1
colonic minnesota,1,0,0.0,0.0,0.0,0.0,0,,Leads-Search-1,Ad group 1,holistic dr near me,broad,None,1
colonic near me,1,0,0.0,0.0,0.0,0.0,0,,Leads-Search-1,Ad group 1,holistic dr near me,broad,None,1
colonic parasite cleanse near me,1,0,0.0,0.0,0.0,0.0,0,,Leads-Search-1,Ad group 1,holistic dr near me,broad,None,1
colonics mn,1,0,0.0,0.0,0.0,0.0,0,,Leads-Search-1,Ad group 1,naturopathic doctor Minneapolis,broad,None,1
colonics twin cities,1,0,0.0,0.0,0.0,0.0,0,,Leads-Search-1,Ad group 1,holistic dr near me,broad,None,1
community acupuncture near me,1,0,0.0,0.0,0.0,0.0,0,,Leads-Search-1,Ad group 1,men's health naturopath,broad,None,1
complementary and alternative,1,0,0.0,0.0,0.0,0.0,0,,Leads-Search-1,Ad group 1,integrative medicine near me,broad,None,1
complementary and integrative medicine in the management of headache,1,0,0.0,0.0,0.0,0.0,0,,Leads-Search-1,Ad group 1,integrative medicine near me,broad,None,1
concierge doctor minneapolis,1,0,0.0,0.0,0.0,0.0,0,,Leads-Search-1,Ad group 1,naturopathic doctor Minneapolis,broad,None,1
concierge doctors,2,0,0.0,0.0,0.0,0.0,0,,Leads-Search-1,Ad group 1,holistic dr near me | integrative medicine near me,broad,None,2
concierge medical services,1,0,0.0,0.0,0.0,0.0,0,,Leads-Search-1,Ad group 1,holistic dr near me,broad,None,1
concierge medicine minnesota,3,0,0.0,0.0,0.0,0.0,0,,Leads-Search-1,Ad group 1 | Functional & Integrative Medicine,integrative health near me | men's health naturopath | naturopathic doctor near me,broad,None,3
concierge medicine near me,3,0,0.0,0.0,0.0,0.0,0,,Leads-Search-1,Ad group 1 | Functional & Integrative Medicine,functional integrative medicine near me | functional medicine clinic near me | holistic dr near me,broad,None,3
coon rapids clinic,1,0,0.0,0.0,0.0,0.0,0,,Leads-Search-1,Ad group 1,naturopathic doctor Minneapolis,broad,None,1
cosmetic acupuncture minneapolis,1,0,0.0,0.0,0.0,0.0,0,,Leads-Search-1,Ad group 1,holistic dr near me,broad,None,1
crohn's disease and acupuncture,1,0,0.0,0.0,0.0,0.0,0,,Leads-Search-1,Ad group 1,functional medicine,broad,None,1
cryotherapy near me,1,0,0.0,0.0,0.0,0.0,0,,Leads-Search-1,Ad group 1,alternative medicine doctors near me,broad,None,1
cura integrative medicine,1,0,0.0,0.0,0.0,0.0,0,,Leads-Search-1,Ad group 1,holistic dr near me,broad,None,1
dana bjerke,1,0,0.0,0.0,0.0,0.0,0,,Leads-Search-1,Ad group 1,holistic dr near me,broad,None,1
dana flavin md,1,0,0.0,0.0,0.0,0.0,0,,Leads-Search-1,Ad group 1,integrative medicine near me,broad,None,1
david eide naturopath,1,0,0.0,0.0,0.0,0.0,0,,Leads-Search-1,Ad group 1,holistic dr near me,broad,None,1
dickson thom,1,0,0.0,0.0,0.0,0.0,0,,Leads-Search-1,Ad group 1,naturopathic doctor near me,broad,None,1
dietician near me,2,0,0.0,0.0,0.0,0.0,0,,Leads-Search-1,Ad group 1 | Naturopath Near Me — Core,holistic dr near me | naturopaths in my area,broad,None,2
do doctor near me,1,0,0.0,0.0,0.0,0.0,0,,Leads-Search-1,Ad group 1,holistic dr near me,broad,None,1
docteur aka felix,1,0,0.0,0.0,0.0,0.0,0,,Leads-Search-1,Ad group 1,holistic dr near me,broad,None,1
doctor barbara o neal,1,0,0.0,0.0,0.0,0.0,0,,Leads-Search-1,Ad group 1,holistic dr near me,broad,None,1
doctor barnes office,1,0,0.0,0.0,0.0,0.0,0,,Leads-Search-1,Ad group 1,naturopathic doctor Minneapolis,broad,None,1
doctor clinic nearby,1,0,0.0,0.0,0.0,0.0,0,,Leads-Search-1,Ad group 1,holistic dr near me,broad,None,1
doctor for chronic fatigue,1,0,0.0,0.0,0.0,0.0,0,,Leads-Search-1,Ad group 1,naturopathic doctor Minneapolis,broad,None,1
doctor healer,1,0,0.0,0.0,0.0,0.0,0,,Leads-Search-1,Ad group 1,alternative medicine doctors near me,broad,None,1
doctor hopkins,1,0,0.0,0.0,0.0,0.0,0,,Leads-Search-1,Ad group 1,holistic dr near me,broad,None,1
doctor ibrahim,1,0,0.0,0.0,0.0,0.0,0,,Leads-Search-1,Ad group 1,natural pediatrician near me,broad,None,1
doctor liver specialist,1,0,0.0,0.0,0.0,0.0,0,,Leads-Search-1,Ad group 1,integrative medicine near me,broad,None,1
doctor of holistic medicine,1,0,0.0,0.0,0.0,0.0,0,,Leads-Search-1,Ad group 1,naturopathic doctor near me,broad,None,1
doctor of oriental medicine,1,0,0.0,0.0,0.0,0.0,0,,Leads-Search-1,Ad group 1,naturopathic doctor near me,broad,None,1
doctor practices,1,0,0.0,0.0,0.0,0.0,0,,Leads-Search-1,Ad group 1,naturopathic doctor near me,broad,None,1
doctor tyna moore,1,0,0.0,0.0,0.0,0.0,0,,Leads-Search-1,Ad group 1,holistic dr near me,broad,None,1
doctor who specializes in hormones,1,0,0.0,0.0,0.0,0.0,0,,Leads-Search-1,Ad group 1,men's health naturopath,broad,None,1
doctors accepting new patients,1,0,0.0,0.0,0.0,0.0,0,,Leads-Search-1,Ad group 1,holistic dr near me,broad,None,1
doctors in anoka mn,1,0,0.0,0.0,0.0,0.0,0,,Leads-Search-1,Ad group 1,naturopathic doctor near me,broad,None,1
doctors minneapolis mn,1,0,0.0,0.0,0.0,0.0,0,,Leads-Search-1,Ad group 1,alternative medicine doctors near me,broad,None,1
doctors near,1,0,0.0,0.0,0.0,0.0,0,,Leads-Search-1,Ad group 1,naturopathic doctor near me,broad,None,1
doctors that specialize in gut health,1,0,0.0,0.0,0.0,0.0,0,,Leads-Search-1,Ad group 1,holistic medicine Minneapolis,broad,None,1
doctors that specialize in hashimoto's disease near me,1,0,0.0,0.0,0.0,0.0,0,,Leads-Search-1,Ad group 1,holistic medicine Minneapolis,broad,None,1
doctors who practice holistic medicine,1,0,0.0,0.0,0.0,0.0,0,,Leads-Search-1,Ad group 1,naturopathic doctor near me,broad,None,1
doctors who specialize in autoimmune disorders near me,1,0,0.0,0.0,0.0,0.0,0,,Leads-Search-1,Ad group 1,natural medicine Minnesota,broad,None,1
doctors who specialize in candida overgrowth near me,1,0,0.0,0.0,0.0,0.0,0,,Leads-Search-1,Ad group 1,holistic dr near me,broad,None,1
doctors who specialize in hormones,1,0,0.0,0.0,0.0,0.0,0,,Leads-Search-1,Ad group 1,holistic dr near me,broad,None,1
doctors who specialize in menopause near me,2,0,0.0,0.0,0.0,0.0,0,,Leads-Search-1,Ad group 1 | Women's Health & Hormones,holistic dr near me | hormone doctor near me,broad | phrase (close variant),None,2
doctors who treat chronic fatigue syndrome near me,1,0,0.0,0.0,0.0,0.0,0,,Leads-Search-1,Ad group 1,naturopathic doctor near me,broad,None,1
doctorsirka,1,0,0.0,0.0,0.0,0.0,0,,Leads-Search-1,Ad group 1,naturopathic doctor near me,broad,None,1
donna eden energy medicine,1,0,0.0,0.0,0.0,0.0,0,,Leads-Search-1,Ad group 1,holistic dr near me,broad,None,1
dr,1,0,0.0,0.0,0.0,0.0,0,,Leads-Search-1,Ad group 1,holistic dr near me,broad,None,1
dr adam rondepierre,1,0,0.0,0.0,0.0,0.0,0,,Leads-Search-1,Ad group 1,naturopathic doctor near me,broad,None,1
dr ales osteopath,1,0,0.0,0.0,0.0,0.0,0,,Leads-Search-1,Ad group 1,holistic dr near me,broad,None,1
dr alonso ashaika,1,0,0.0,0.0,0.0,0.0,0,,Leads-Search-1,Ad group 1,natural pediatrician near me,broad,None,1
dr alphonzo monzo,1,0,0.0,0.0,0.0,0.0,0,,Leads-Search-1,Ad group 1,naturopathic doctor near me,broad,None,1
dr amandha vollmer,1,0,0.0,0.0,0.0,0.0,0,,Leads-Search-1,Ad group 1,naturopathic doctor near me,broad,None,1
dr amy hornaman,1,0,0.0,0.0,0.0,0.0,0,,Leads-Search-1,Ad group 1,holistic dr near me,broad,None,1
dr andrea o connor,2,0,0.0,0.0,0.0,0.0,0,,Leads-Search-1,Ad group 1 | Functional & Integrative Medicine,functional doctor | holistic dr near me,broad | phrase (close variant),None,2
dr andrew heyman cirs,1,0,0.0,0.0,0.0,0.0,0,,Leads-Search-1,Ad group 1,holistic dr near me,broad,None,1
dr anshul gupta,1,0,0.0,0.0,0.0,0.0,0,,Leads-Search-1,Ad group 1,functional medicine,broad,None,1
dr b sirius,1,0,0.0,0.0,0.0,0.0,0,,Leads-Search-1,Ad group 1,holistic dr near me,broad,None,1
dr becky plotner,1,0,0.0,0.0,0.0,0.0,0,,Leads-Search-1,Ad group 1,natural pediatrician near me,broad,None,1
dr ben bikman,1,0,0.0,0.0,0.0,0.0,0,,Leads-Search-1,Ad group 1,holistic dr near me,broad,None,1
dr ben horning,1,0,0.0,0.0,0.0,0.0,0,,Leads-Search-1,Ad group 1,alternative medicine doctors near me,broad,None,1
dr bhaswati bhattacharya,1,0,0.0,0.0,0.0,0.0,0,,Leads-Search-1,Ad group 1,holistic dr near me,broad,None,1
dr bjork,1,0,0.0,0.0,0.0,0.0,0,,Leads-Search-1,Ad group 1,alternative medicine doctors near me,broad,None,1
dr bobby price,3,0,0.0,0.0,0.0,0.0,0,,Leads-Search-1,Ad group 1 | Naturopath Near Me — Core,holistic dr near me | natural doctor near me | naturopathic dr near me,broad,None,3
dr brian yeung,1,0,0.0,0.0,0.0,0.0,0,,Leads-Search-1,Ad group 1,naturopathic doctor near me,broad,None,1
dr brooks,1,0,0.0,0.0,0.0,0.0,0,,Leads-Search-1,Ad group 1,alternative medicine doctors near me,broad,None,1
dr brownstein,1,0,0.0,0.0,0.0,0.0,0,,Leads-Search-1,Ad group 1,integrative medicine near me,broad,None,1
dr catherine clinton,1,0,0.0,0.0,0.0,0.0,0,,Leads-Search-1,Ad group 1,holistic dr near me,broad,None,1
dr chris masterjohn,1,0,0.0,0.0,0.0,0.0,0,,Leads-Search-1,Ad group 1,integrative medicine near me,broad,None,1
dr claire lockridge,1,0,0.0,0.0,0.0,0.0,0,,Leads-Search-1,Ad group 1,naturopathic doctor near me,broad,None,1
dr clarke,1,0,0.0,0.0,0.0,0.0,0,,Leads-Search-1,Ad group 1,holistic dr near me,broad,None,1
dr cole center for healing,1,0,0.0,0.0,0.0,0.0,0,,Leads-Search-1,Ad group 1,holistic dr near me,broad,None,1
dr cure,1,0,0.0,0.0,0.0,0.0,0,,Leads-Search-1,Ad group 1,naturopathic doctor near me,broad,None,1
dr daniel pompa,1,0,0.0,0.0,0.0,0.0,0,,Leads-Search-1,Ad group 1,holistic dr near me,broad,None,1
dr david tapper,1,0,0.0,0.0,0.0,0.0,0,,Leads-Search-1,Ad group 1,natural pediatrician near me,broad,None,1
dr elizabeth bright,2,0,0.0,0.0,0.0,0.0,0,,Leads-Search-1,Ad group 1 | Women's Health & Hormones,holistic dr near me | women's health naturopath,broad,None,2
dr elizabeth bright cortisol,1,0,0.0,0.0,0.0,0.0,0,,Leads-Search-1,Ad group 1,naturopathic doctor near me,broad,None,1
dr eric berg dc,1,0,0.0,0.0,0.0,0.0,0,,Leads-Search-1,Ad group 1,holistic dr near me,broad,None,1
dr ethan skog,1,0,0.0,0.0,0.0,0.0,0,,Leads-Search-1,Ad group 1,natural pediatrician near me,broad,None,1
dr fay,1,0,0.0,0.0,0.0,0.0,0,,Leads-Search-1,Ad group 1,natural pediatrician near me,broad,None,1
dr feelgood wisconsin rapids,1,0,0.0,0.0,0.0,0.0,0,,Leads-Search-1,Ad group 1,holistic dr near me,broad,None,1
dr felice gersh,1,0,0.0,0.0,0.0,0.0,0,,Leads-Search-1,Ad group 1,women's health naturopath,broad,None,1
dr fuhrman,1,0,0.0,0.0,0.0,0.0,0,,Leads-Search-1,Ad group 1,holistic dr near me,broad,None,1
dr fuhrman anti inflammatory,1,0,0.0,0.0,0.0,0.0,0,,Leads-Search-1,Ad group 1,functional medicine,broad,None,1
dr giam,1,0,0.0,0.0,0.0,0.0,0,,Leads-Search-1,Ad group 1,natural pediatrician near me,broad,None,1
dr gina,1,0,0.0,0.0,0.0,0.0,0,,Leads-Search-1,Ad group 1,holistic dr near me,broad,None,1
dr gladys mcgarey,1,0,0.0,0.0,0.0,0.0,0,,Leads-Search-1,Ad group 1,naturopathic doctor near me,broad,None,1
dr goiz duran,1,0,0.0,0.0,0.0,0.0,0,,Leads-Search-1,Ad group 1,holistic dr near me,broad,None,1
dr goosen lopez,1,0,0.0,0.0,0.0,0.0,0,,Leads-Search-1,Ad group 1,naturopathic doctor near me,broad,None,1
dr greg health,1,0,0.0,0.0,0.0,0.0,0,,Leads-Search-1,Ad group 1,holistic dr near me,broad,None,1
dr greg plotnikoff,2,0,0.0,0.0,0.0,0.0,0,,Leads-Search-1,Ad group 1,integrative medicine near me | naturopathic doctor near me,broad,None,2
dr group,1,0,0.0,0.0,0.0,0.0,0,,Leads-Search-1,Ad group 1,naturopathic doctor near me,broad,None,1
dr hagen hudson wi,1,0,0.0,0.0,0.0,0.0,0,,Leads-Search-1,Ad group 1,holistic dr near me,broad,None,1
dr hakim,1,0,0.0,0.0,0.0,0.0,0,,Leads-Search-1,Ad group 1,alternative medicine doctors near me,broad,None,1
dr harper,1,0,0.0,0.0,0.0,0.0,0,,Leads-Search-1,Ad group 1,naturopathic family medicine,broad,None,1
dr holden stanfill,1,0,0.0,0.0,0.0,0.0,0,,Leads-Search-1,Ad group 1,holistic medicine Minneapolis,broad,None,1
dr hollowed,2,0,0.0,0.0,0.0,0.0,0,,Leads-Search-1,Ad group 1,alternative medicine doctors near me | natural pediatrician near me,broad,None,2
dr holly lucille,1,0,0.0,0.0,0.0,0.0,0,,Leads-Search-1,Ad group 1,holistic dr near me,broad,None,1
dr hopkins monroe,1,0,0.0,0.0,0.0,0.0,0,,Leads-Search-1,Ad group 1,naturopathic dr near me,broad,None,1
dr hutton,1,0,0.0,0.0,0.0,0.0,0,,Leads-Search-1,Ad group 1,holistic dr near me,broad,None,1
dr hyman clinic,1,0,0.0,0.0,0.0,0.0,0,,Leads-Search-1,Ad group 1,holistic dr near me,broad,None,1
dr jackson,1,0,0.0,0.0,0.0,0.0,0,,Leads-Search-1,Ad group 1,holistic dr near me,broad,None,1
dr jake,1,0,0.0,0.0,0.0,0.0,0,,Leads-Search-1,Ad group 1,holistic dr near me,broad,None,1
dr janine,1,0,0.0,0.0,0.0,0.0,0,,Leads-Search-1,Ad group 1,holistic dr near me,broad,None,1
dr jennifer arnold,1,0,0.0,0.0,0.0,0.0,0,,Leads-Search-1,Ad group 1,natural pediatrician near me,broad,None,1
dr jennifer stone,1,0,0.0,0.0,0.0,0.0,0,,Leads-Search-1,Ad group 1,women's health naturopath,broad,None,1
dr jessica knurick,1,0,0.0,0.0,0.0,0.0,0,,Leads-Search-1,Ad group 1,holistic dr near me,broad,None,1
dr joan waters,1,0,0.0,0.0,0.0,0.0,0,,Leads-Search-1,Ad group 1,holistic dr near me,broad,None,1
dr joel gator,1,0,0.0,0.0,0.0,0.0,0,,Leads-Search-1,Ad group 1,natural pediatrician near me,broad,None,1
dr john clark,1,0,0.0,0.0,0.0,0.0,0,,Leads-Search-1,Ad group 1,holistic dr near me,broad,None,1
dr josh axe clinic,1,0,0.0,0.0,0.0,0.0,0,,Leads-Search-1,Ad group 1,holistic dr near me,broad,None,1
dr karl goldkamp,1,0,0.0,0.0,0.0,0.0,0,,Leads-Search-1,Ad group 1,naturopathic doctor near me,broad,None,1
dr katie rose,1,0,0.0,0.0,0.0,0.0,0,,Leads-Search-1,Ad group 1,naturopathic family medicine,phrase (close variant),None,1
dr kelkar allergy,1,0,0.0,0.0,0.0,0.0,0,,Leads-Search-1,Ad group 1,naturopathic doctor near me,broad,None,1
dr kelsey leonardsmith,1,0,0.0,0.0,0.0,0.0,0,,Leads-Search-1,Ad group 1,natural pediatrician near me,broad,None,1
dr ken berry near me,1,0,0.0,0.0,0.0,0.0,0,,Leads-Search-1,Ad group 1,naturopathic dr near me,broad,None,1
dr laurie radovsky,1,0,0.0,0.0,0.0,0.0,0,,Leads-Search-1,Ad group 1,holistic dr near me,broad,None,1
dr lawrence wilson,1,0,0.0,0.0,0.0,0.0,0,,Leads-Search-1,Ad group 1,naturopathic doctor near me,broad,None,1
dr leonard coldwell,1,0,0.0,0.0,0.0,0.0,0,,Leads-Search-1,Ad group 1,integrative medicine near me,broad,None,1
dr loo,1,0,0.0,0.0,0.0,0.0,0,,Leads-Search-1,Ad group 1,holistic dr near me,broad,None,1
dr luis barillas,1,0,0.0,0.0,0.0,0.0,0,,Leads-Search-1,Ad group 1,natural medicine Minnesota,broad,None,1
dr mandel,1,0,0.0,0.0,0.0,0.0,0,,Leads-Search-1,Ad group 1,holistic dr near me,broad,None,1
dr marie claire,1,0,0.0,0.0,0.0,0.0,0,,Leads-Search-1,Ad group 1,holistic dr near me,broad,None,1
dr mary claire haver,5,0,0.0,0.0,0.0,0.0,0,,Leads-Search-1,Ad group 1 | Naturopath Near Me — Core | Women's Health & Hormones,holistic dr near me | hormone doctor near me | naturopathic practitioner near me | women's health naturopath | women's hormone specialist near me,broad,None,5
dr meg,1,0,0.0,0.0,0.0,0.0,0,,Leads-Search-1,Ad group 1,holistic dr near me,broad,None,1
dr megan dillman,1,0,0.0,0.0,0.0,0.0,0,,Leads-Search-1,Ad group 1,natural pediatrician near me,broad,None,1
dr melissa sonners,1,0,0.0,0.0,0.0,0.0,0,,Leads-Search-1,Ad group 1,holistic dr near me,broad,None,1
dr nam lee,1,0,0.0,0.0,0.0,0.0,0,,Leads-Search-1,Ad group 1,holistic dr near me,broad,None,1
dr nate champion,2,0,0.0,0.0,0.0,0.0,0,,Leads-Search-1,Ad group 1 | Functional & Integrative Medicine,holistic dr near me | integrative doctor,broad | phrase (close variant),None,2
dr of naturopathy,2,0,0.0,0.0,0.0,0.0,0,,Leads-Search-1,Ad group 1 | Naturopath Near Me — Core,natural doctor near me | naturopathic doctor near me,exact (close variant),None,2
dr office near me,2,0,0.0,0.0,0.0,0.0,0,,Leads-Search-1,Ad group 1 | Functional & Integrative Medicine,functional medicine doctors near me | naturopathic doctor near me,broad,None,2
dr pal,3,0,0.0,0.0,0.0,0.0,0,,Leads-Search-1,Ad group 1 | Naturopath Near Me — Core,holistic dr near me | naturopathic doctor Minneapolis | naturopathic practitioner near me,broad,None,3
dr pamela noll,1,0,0.0,0.0,0.0,0.0,0,,Leads-Search-1,Ad group 1,natural pediatrician near me,broad,None,1
dr pankaj naram,1,0,0.0,0.0,0.0,0.0,0,,Leads-Search-1,Ad group 1,holistic dr near me,broad,None,1
dr parker,1,0,0.0,0.0,0.0,0.0,0,,Leads-Search-1,Ad group 1,integrative medicine near me,broad,None,1
dr patrick flynn,1,0,0.0,0.0,0.0,0.0,0,,Leads-Search-1,Ad group 1,holistic dr near me,broad,None,1
dr paul deglmann,2,0,0.0,0.0,0.0,0.0,0,,Leads-Search-1,Ad group 1 | Functional & Integrative Medicine,functional integrative doctor | holistic dr near me,broad | phrase (close variant),None,2
dr pippert maple grove,3,0,0.0,0.0,0.0,0.0,0,,Leads-Search-1,Ad group 1 | Functional & Integrative Medicine,functional medicine doctors near me | holistic dr near me | integrative medicine near me,broad,None,3
dr plante,1,0,0.0,0.0,0.0,0.0,0,,Leads-Search-1,Ad group 1,holistic dr near me,broad,None,1
dr rahim,1,0,0.0,0.0,0.0,0.0,0,,Leads-Search-1,Ad group 1,holistic dr near me,broad,None,1
dr reinhart,1,0,0.0,0.0,0.0,0.0,0,,Leads-Search-1,Ad group 1,natural pediatrician near me,broad,None,1
dr rhonda patrick,5,0,0.0,0.0,0.0,0.0,0,,Leads-Search-1,Ad group 1 | Functional & Integrative Medicine | Naturopath Near Me — Core,functional integrative medicine near me | functional medicine practitioner | integrative medicine near me | naturalist dr near me | naturopathic practitioner near me,broad,None,5
dr richard sinda,1,0,0.0,0.0,0.0,0.0,0,,Leads-Search-1,Ad group 1,holistic dr near me,broad,None,1
dr richard sinda do,1,0,0.0,0.0,0.0,0.0,0,,Leads-Search-1,Ad group 1,holistic dr near me,broad,None,1
dr robert morse,1,0,0.0,0.0,0.0,0.0,0,,Leads-Search-1,Ad group 1,naturopathic doctor near me,broad,None,1
dr robert o young ph,1,0,0.0,0.0,0.0,0.0,0,,Leads-Search-1,Ad group 1,holistic dr near me,broad,None,1
dr ruth machin,1,0,0.0,0.0,0.0,0.0,0,,Leads-Search-1,Ad group 1,holistic dr near me,broad,None,1
dr sam watts,1,0,0.0,0.0,0.0,0.0,0,,Leads-Search-1,Ad group 1,integrative medicine near me,broad,None,1
dr sarah tillman,1,0,0.0,0.0,0.0,0.0,0,,Leads-Search-1,Ad group 1,women's health naturopath,broad,None,1
dr scott jensen,1,0,0.0,0.0,0.0,0.0,0,,Leads-Search-1,Ad group 1,natural pediatrician near me,broad,None,1
dr shaya michan,1,0,0.0,0.0,0.0,0.0,0,,Leads-Search-1,Ad group 1,holistic dr near me,broad,None,1
dr sinda edina,1,0,0.0,0.0,0.0,0.0,0,,Leads-Search-1,Ad group 1,naturopathic doctor near me,broad,None,1
dr sinda edina mn,1,0,0.0,0.0,0.0,0.0,0,,Leads-Search-1,Ad group 1,men's health naturopath,broad,None,1
dr staci,1,0,0.0,0.0,0.0,0.0,0,,Leads-Search-1,Ad group 1,integrative medicine near me,broad,None,1
dr stephanie estima,2,0,0.0,0.0,0.0,0.0,0,,Leads-Search-1,Ad group 1,holistic dr near me | naturopathic dr near me,broad,None,2
dr stephen irestone,1,0,0.0,0.0,0.0,0.0,0,,Leads-Search-1,Ad group 1,holistic dr near me,broad,None,1
dr sult,1,0,0.0,0.0,0.0,0.0,0,,Leads-Search-1,Ad group 1,holistic dr near me,broad,None,1
dr susan haddow,1,0,0.0,0.0,0.0,0.0,0,,Leads-Search-1,Ad group 1,holistic dr near me,broad,None,1
dr t acupuncture,1,0,0.0,0.0,0.0,0.0,0,,Leads-Search-1,Ad group 1,holistic dr near me,broad,None,1
dr tara rawana,1,0,0.0,0.0,0.0,0.0,0,,Leads-Search-1,Ad group 1,holistic dr near me,broad,None,1
dr theresa wollan,1,0,0.0,0.0,0.0,0.0,0,,Leads-Search-1,Ad group 1,integrative medicine near me,broad,None,1
dr thomas,1,0,0.0,0.0,0.0,0.0,0,,Leads-Search-1,Ad group 1,holistic dr near me,broad,None,1
dr thomas seyfried metabolic therapy,1,0,0.0,0.0,0.0,0.0,0,,Leads-Search-1,Ad group 1,functional medicine,broad,None,1
dr troy eagan mn,1,0,0.0,0.0,0.0,0.0,0,,Leads-Search-1,Ad group 1,holistic dr near me,broad,None,1
dr vasant lad,1,0,0.0,0.0,0.0,0.0,0,,Leads-Search-1,Ad group 1,holistic dr near me,broad,None,1
dr won suk choi,1,0,0.0,0.0,0.0,0.0,0,,Leads-Search-1,Ad group 1,integrative medicine near me,broad,None,1
dr wood near me,1,0,0.0,0.0,0.0,0.0,0,,Leads-Search-1,Ad group 1,naturopathic doctor near me,broad,None,1
dr wright natural medicine,1,0,0.0,0.0,0.0,0.0,0,,Leads-Search-1,Ad group 1,holistic dr near me,broad,None,1
dr yahki health clinic,1,0,0.0,0.0,0.0,0.0,0,,Leads-Search-1,Ad group 1,holistic dr near me,broad,None,1
dr yvonne,1,0,0.0,0.0,0.0,0.0,0,,Leads-Search-1,Ad group 1,holistic dr near me,broad,None,1
drekberg,1,0,0.0,0.0,0.0,0.0,0,,Leads-Search-1,Ad group 1,naturopathic dr near me,broad,None,1
drly,1,0,0.0,0.0,0.0,0.0,0,,Leads-Search-1,Ad group 1,holistic dr near me,broad,None,1
drtyna,2,0,0.0,0.0,0.0,0.0,0,,Leads-Search-1,Ad group 1,holistic dr near me | naturopathic doctor near me,broad,None,2
dynamic wellness,1,0,0.0,0.0,0.0,0.0,0,,Leads-Search-1,Ad group 1,integrative medicine near me,broad,None,1
dysbiosis dr berg,1,0,0.0,0.0,0.0,0.0,0,,Leads-Search-1,Ad group 1,holistic dr near me,broad,None,1
ebo2 near me,1,0,0.0,0.0,0.0,0.0,0,,Leads-Search-1,Ad group 1,alternative medicine doctors near me,broad,None,1
edina health,1,0,0.0,0.0,0.0,0.0,0,,Leads-Search-1,Ad group 1,holistic medicine Minneapolis,broad,None,1
edina health and wellness,1,0,0.0,0.0,0.0,0.0,0,,Leads-Search-1,Ad group 1,holistic dr near me,broad,None,1
electroacupuncture near me,1,0,0.0,0.0,0.0,0.0,0,,Leads-Search-1,Ad group 1,holistic dr near me,broad,None,1
elevated integrative wellness st michael,1,0,0.0,0.0,0.0,0.0,0,,Leads-Search-1,Ad group 1,naturopathic doctor near me,broad,None,1
elevated integrative wellness stillwater,1,0,0.0,0.0,0.0,0.0,0,,Leads-Search-1,Ad group 1,holistic dr near me,broad,None,1
eli huang,1,0,0.0,0.0,0.0,0.0,0,,Leads-Search-1,Ad group 1,holistic dr near me,broad,None,1
ellen mucha,1,0,0.0,0.0,0.0,0.0,0,,Leads-Search-1,Ad group 1,naturopathic dr near me,broad,None,1
emily wolbers,1,0,0.0,0.0,0.0,0.0,0,,Leads-Search-1,Ad group 1,holistic dr near me,broad,None,1
empirical grace,1,0,0.0,0.0,0.0,0.0,0,,Leads-Search-1,Ad group 1,alternative medicine doctors near me,broad,None,1
endocrine specialist near me,1,0,0.0,0.0,0.0,0.0,0,,Leads-Search-1,Ad group 1,holistic dr near me,broad,None,1
endocrinologist allina,1,0,0.0,0.0,0.0,0.0,0,,Leads-Search-1,Ad group 1,holistic medicine Minneapolis,broad,None,1
endocrinologist in minneapolis,1,0,0.0,0.0,0.0,0.0,0,,Leads-Search-1,Ad group 1,holistic medicine Minneapolis,broad,None,1
endocrinologist menopause,1,0,0.0,0.0,0.0,0.0,0,,Leads-Search-1,Ad group 1,naturopathic doctor near me,broad,None,1
endocrinologist menopause specialist near me,3,0,0.0,0.0,0.0,0.0,0,,Leads-Search-1,Ad group 1,holistic dr near me | integrative medicine near me | naturopathic doctor near me,broad,None,3
endocrinologist pcos,2,0,0.0,0.0,0.0,0.0,0,,Leads-Search-1,Ad group 1 | Women's Health & Hormones,holistic dr near me | naturopath for hormones,broad,None,2
endocrinologist thyroid specialist near me,1,0,0.0,0.0,0.0,0.0,0,,Leads-Search-1,Ad group 1,holistic dr near me,broad,None,1
endocrinologist twin cities,1,0,0.0,0.0,0.0,0.0,0,,Leads-Search-1,Ad group 1,natural medicine Minnesota,broad,None,1
endocrinology minnesota,1,0,0.0,0.0,0.0,0.0,0,,Leads-Search-1,Ad group 1,naturopathic doctor Minneapolis,broad,None,1
endocrinology near me,6,0,0.0,0.0,0.0,0.0,0,,Leads-Search-1,Ad group 1 | Functional & Integrative Medicine | Women's Health & Hormones,Hashimoto's naturopath | functional medicine doctors in my area | holistic dr near me | hormone doctor near me | naturopath for hormones,broad | phrase (close variant),None,6
endometriosis nutritionist near me,1,0,0.0,0.0,0.0,0.0,0,,Leads-Search-1,Ad group 1,naturopathic doctor near me,broad,None,1
energy healer near me,1,0,0.0,0.0,0.0,0.0,0,,Leads-Search-1,Ad group 1,holistic dr near me,broad,None,1
energy therapy,1,0,0.0,0.0,0.0,0.0,0,,Leads-Search-1,Ad group 1,holistic dr near me,broad,None,1
environmental doctors near me,1,0,0.0,0.0,0.0,0.0,0,,Leads-Search-1,Ad group 1,integrative medicine near me,broad,None,1
environmental medicine near me,1,0,0.0,0.0,0.0,0.0,0,,Leads-Search-1,Ad group 1,holistic dr near me,broad,None,1
eric bakker,1,0,0.0,0.0,0.0,0.0,0,,Leads-Search-1,Ad group 1,naturopathic doctor near me,broad,None,1
erica gathje,1,0,0.0,0.0,0.0,0.0,0,,Leads-Search-1,Ad group 1,integrative medicine near me,broad,None,1
ethan skog,1,0,0.0,0.0,0.0,0.0,0,,Leads-Search-1,Ad group 1,integrative medicine near me,broad,None,1
excellent health,2,0,0.0,0.0,0.0,0.0,0,,Leads-Search-1,Ad group 1 | Functional & Integrative Medicine,best functional doctors near me | integrative medicine near me,broad,None,2
fairview clinics near me,2,0,0.0,0.0,0.0,0.0,0,,Leads-Search-1,Ad group 1,holistic medicine Minneapolis | naturopathic doctor Minneapolis,broad,None,2
fairview health,2,0,0.0,0.0,0.0,0.0,0,,Leads-Search-1,Ad group 1,holistic medicine Minneapolis | naturopathic doctor Minneapolis,broad,None,2
fairview health clinics,1,0,0.0,0.0,0.0,0.0,0,,Leads-Search-1,Ad group 1,holistic medicine Minneapolis,broad,None,1
fairview health system minnesota,1,0,0.0,0.0,0.0,0.0,0,,Leads-Search-1,Ad group 1,holistic medicine Minneapolis,broad,None,1
fairview midway,1,0,0.0,0.0,0.0,0.0,0,,Leads-Search-1,Ad group 1,integrative medicine near me,broad,None,1
fairview primary care doctors,1,0,0.0,0.0,0.0,0.0,0,,Leads-Search-1,Ad group 1,integrative medicine near me,broad,None,1
family doctor near me,5,0,0.0,0.0,0.0,0.0,0,,Leads-Search-1,Ad group 1 | Functional & Integrative Medicine | Geo-Qualified — Hopkins & West Metro,alternative medicine doctors near me | functional doctor in my area | functional medicine doctor eden prairie | functional medicine near me | integrative medicine doctors in my area,broad,None,5
family physicians,1,0,0.0,0.0,0.0,0.0,0,,Leads-Search-1,Ad group 1,holistic medicine Minneapolis,broad,None,1
famous holistic doctors,1,0,0.0,0.0,0.0,0.0,0,,Leads-Search-1,Ad group 1,holistic dr near me,broad,None,1
felice gersh,1,0,0.0,0.0,0.0,0.0,0,,Leads-Search-1,Ad group 1,integrative medicine near me,broad,None,1
female primary care doctors near me,1,0,0.0,0.0,0.0,0.0,0,,Leads-Search-1,Ad group 1,holistic medicine Minneapolis,broad,None,1
fenske,1,0,0.0,0.0,0.0,0.0,0,,Leads-Search-1,Ad group 1,holistic dr near me,broad,None,1
fibroid specialist near me,1,0,0.0,0.0,0.0,0.0,0,,Leads-Search-1,Ad group 1,naturopathic doctor near me,broad,None,1
fibromyalgia doctors,1,0,0.0,0.0,0.0,0.0,0,,Leads-Search-1,Ad group 1,holistic dr near me,broad,None,1
fibromyalgia specialist near me,1,0,0.0,0.0,0.0,0.0,0,,Leads-Search-1,Ad group 1,holistic dr near me,broad,None,1
finally functional,1,0,0.0,0.0,0.0,0.0,0,,Leads-Search-1,Ad group 1,alternative medicine doctors near me,broad,None,1
find a naturopathic doctor,1,0,0.0,0.0,0.0,0.0,0,,Leads-Search-1,Ad group 1,naturopathic doctor near me,exact (close variant),None,1
find a thyroid specialist near me,1,0,0.0,0.0,0.0,0.0,0,,Leads-Search-1,Ad group 1,holistic dr near me,broad,None,1
folk medicine remedies,1,0,0.0,0.0,0.0,0.0,0,,Leads-Search-1,Ad group 1,alternative medicine doctors near me,broad,None,1
food allergy testing,2,0,0.0,0.0,0.0,0.0,0,,Leads-Search-1,Ad group 1 | Functional & Integrative Medicine,functional medicine | functional medicine doctors near me,broad,None,2
food allergy testing minneapolis,1,0,0.0,0.0,0.0,0.0,0,,Leads-Search-1,Ad group 1,integrative medicine near me,broad,None,1
food allergy treatment near me,1,0,0.0,0.0,0.0,0.0,0,,Leads-Search-1,Ad group 1,natural pediatrician near me,broad,None,1
function health near me,1,0,0.0,0.0,0.0,0.0,0,,Leads-Search-1,Ad group 1,naturopathic doctor near me,broad,None,1
function medical doctor,1,0,0.0,0.0,0.0,0.0,0,,Leads-Search-1,Ad group 1,holistic dr near me,broad,None,1
functional doctors near me that take insurance,1,0,0.0,0.0,0.0,0.0,0,,Leads-Search-1,Ad group 1,integrative medicine near me,phrase (close variant),None,1
functional endocrinologist near me,1,0,0.0,0.0,0.0,0.0,0,,Leads-Search-1,Ad group 1,integrative medicine near me,phrase (close variant),None,1
functional gynecologist,1,0,0.0,0.0,0.0,0.0,0,,Leads-Search-1,Ad group 1,naturopathic doctor near me,broad,None,1
functional gynecologist near me,2,0,0.0,0.0,0.0,0.0,0,,Leads-Search-1,Ad group 1 | Women's Health & Hormones,integrative medicine near me | women's health naturopath,broad | phrase (close variant),None,2
functional health coach,1,0,0.0,0.0,0.0,0.0,0,,Leads-Search-1,Ad group 1,holistic dr near me,broad,None,1
functional health doctor,2,0,0.0,0.0,0.0,0.0,0,,Leads-Search-1,Ad group 1 | Functional & Integrative Medicine,functional medicine | integrative medicine near me,broad | phrase (close variant),None,2
functional med dr near me,1,0,0.0,0.0,0.0,0.0,0,,Leads-Search-1,Ad group 1,holistic dr near me,broad,None,1
functional medical doctors near me,1,0,0.0,0.0,0.0,0.0,0,,Leads-Search-1,Ad group 1,naturopathic dr near me,broad,None,1
functional medical practitioner near me,1,0,0.0,0.0,0.0,0.0,0,,Leads-Search-1,Ad group 1,naturopathic doctor near me,broad,None,1
functional medicine allina,2,0,0.0,0.0,0.0,0.0,0,,Leads-Search-1,Ad group 1,functional medicine | holistic dr near me,broad | phrase,None,2
functional medicine ankeny iowa,1,0,0.0,0.0,0.0,0.0,0,,Leads-Search-1,Ad group 1,holistic dr near me,broad,None,1
functional medicine cardiologist near me,1,0,0.0,0.0,0.0,0.0,0,,Leads-Search-1,Ad group 1,integrative medicine near me,phrase (close variant),None,1
functional medicine cedar falls,1,0,0.0,0.0,0.0,0.0,0,,Leads-Search-1,Ad group 1,integrative medicine near me,broad,None,1
functional medicine center of minnesota,1,0,0.0,0.0,0.0,0.0,0,,Leads-Search-1,Ad group 1,holistic dr near me,broad,None,1
functional medicine center of mn,1,0,0.0,0.0,0.0,0.0,0,,Leads-Search-1,Ad group 1,holistic dr near me,broad,None,1
functional medicine charlotte,1,0,0.0,0.0,0.0,0.0,0,,Leads-Search-1,Ad group 1,holistic dr near me,broad,None,1
functional medicine covered by insurance near me,1,0,0.0,0.0,0.0,0.0,0,,Leads-Search-1,Ad group 1,holistic dr near me,broad,None,1
functional medicine doctor davenport iowa,1,0,0.0,0.0,0.0,0.0,0,,Leads-Search-1,Ad group 1,holistic dr near me,broad,None,1
functional medicine doctor for autism,1,0,0.0,0.0,0.0,0.0,0,,Leads-Search-1,Ad group 1,integrative medicine near me,broad,None,1
functional medicine doctors in minneapolis,1,0,0.0,0.0,0.0,0.0,0,,Leads-Search-1,Ad group 1,naturopathic doctor near me,broad,None,1
functional medicine doctors massachusetts,1,0,0.0,0.0,0.0,0.0,0,,Leads-Search-1,Ad group 1,integrative medicine near me,broad,None,1
functional medicine endocrinologist,1,0,0.0,0.0,0.0,0.0,0,,Leads-Search-1,Ad group 1,holistic dr near me,broad,None,1
functional medicine ent,1,0,0.0,0.0,0.0,0.0,0,,Leads-Search-1,Ad group 1,holistic dr near me,broad,None,1
functional medicine for men,2,0,0.0,0.0,0.0,0.0,0,,Leads-Search-1,Ad group 1 | Men's Health,holistic dr near me | male primary care doctors near me,broad,None,2
functional medicine hypothyroid,1,0,0.0,0.0,0.0,0.0,0,,Leads-Search-1,Ad group 1,holistic dr near me,broad,None,1
functional medicine labs,1,0,0.0,0.0,0.0,0.0,0,,Leads-Search-1,Ad group 1,integrative medicine near me,broad,None,1
functional medicine madison wi,1,0,0.0,0.0,0.0,0.0,0,,Leads-Search-1,Ad group 1,functional medicine,phrase,None,1
functional medicine md near me,2,0,0.0,0.0,0.0,0.0,0,,Leads-Search-1,Ad group 1 | Functional & Integrative Medicine,functional medicine practitioner | naturopathic dr near me,broad | exact (close variant),None,2
functional medicine naturopathic doctor near me,1,0,0.0,0.0,0.0,0.0,0,,Leads-Search-1,Ad group 1,naturopathic doctor near me,exact (close variant),None,1
functional medicine near me that takes insurance,1,0,0.0,0.0,0.0,0.0,0,,Leads-Search-1,Ad group 1,integrative medicine near me,phrase (close variant),None,1
functional medicine near ne,1,0,0.0,0.0,0.0,0.0,0,,Leads-Search-1,Ad group 1,integrative medicine near me,phrase (close variant),None,1
functional medicine nutritionist,1,0,0.0,0.0,0.0,0.0,0,,Leads-Search-1,Ad group 1,naturopathic doctor near me,broad,None,1
functional medicine obgyn,1,0,0.0,0.0,0.0,0.0,0,,Leads-Search-1,Ad group 1,holistic dr near me,broad,None,1
functional medicine oncologist,1,0,0.0,0.0,0.0,0.0,0,,Leads-Search-1,Ad group 1,holistic dr near me,broad,None,1
functional medicine practice near me,1,0,0.0,0.0,0.0,0.0,0,,Leads-Search-1,Ad group 1,integrative medicine near me,broad,Added,1
functional medicine practitioner,1,0,0.0,0.0,0.0,0.0,0,,Leads-Search-1,Ad group 1,holistic dr near me,broad,None,1
functional medicine practitioners,2,0,0.0,0.0,0.0,0.0,0,,Leads-Search-1,Ad group 1 | Functional & Integrative Medicine,functional medicine near me | natural medicine Minnesota,broad | exact (close variant),None,2
functional medicine provider,4,0,0.0,0.0,0.0,0.0,0,,Leads-Search-1,Ad group 1 | Functional & Integrative Medicine,functional integrative doctor | functional medicine | functional medicine practitioner | holistic dr near me,broad | exact (close variant) | phrase | phrase (close variant),None,4
functional medicine psychiatry,1,0,0.0,0.0,0.0,0.0,0,,Leads-Search-1,Ad group 1,holistic dr near me,broad,None,1
functional medicine psychiatry near me,1,0,0.0,0.0,0.0,0.0,0,,Leads-Search-1,Ad group 1,integrative medicine near me,phrase (close variant),None,1
functional medicine tree,1,0,0.0,0.0,0.0,0.0,0,,Leads-Search-1,Ad group 1,holistic dr near me,broad,None,1
functional medicine wausau,1,0,0.0,0.0,0.0,0.0,0,,Leads-Search-1,Ad group 1,holistic dr near me,broad,None,1
functional medicine woodbury mn,2,0,0.0,0.0,0.0,0.0,0,,Leads-Search-1,Ad group 1 | Functional & Integrative Medicine,functional medicine | naturopathic doctor near me,broad | phrase,None,2
functional naturopathic doctor,1,0,0.0,0.0,0.0,0.0,0,,Leads-Search-1,Ad group 1,integrative medicine near me,broad,None,1
functional neurology mn,1,0,0.0,0.0,0.0,0.0,0,,Leads-Search-1,Ad group 1,integrative medicine near me,broad,None,1
functional neurology near me,2,0,0.0,0.0,0.0,0.0,0,,Leads-Search-1,Ad group 1,holistic dr near me | integrative medicine near me,broad,None,2
functional physician near me,1,0,0.0,0.0,0.0,0.0,0,,Leads-Search-1,Ad group 1,holistic dr near me,broad,None,1
functional practitioner in my area,1,0,0.0,0.0,0.0,0.0,0,,Leads-Search-1,Ad group 1,holistic dr near me,phrase (close variant),None,1
functional practitioner near me,1,0,0.0,0.0,0.0,0.0,0,,Leads-Search-1,Ad group 1,naturopathic doctor near me,broad,None,1
functional wellness doctor near me,1,0,0.0,0.0,0.0,0.0,0,,Leads-Search-1,Ad group 1,holistic dr near me,phrase (close variant),None,1
fundamental doctor,1,0,0.0,0.0,0.0,0.0,0,,Leads-Search-1,Ad group 1,holistic dr near me,broad,None,1
general practitioners near me,2,0,0.0,0.0,0.0,0.0,0,,Leads-Search-1,Ad group 1 | Functional & Integrative Medicine,holistic dr near me | integrative medicine doctors in my area,broad,None,2
gi doctor near me,5,0,0.0,0.0,0.0,0.0,0,,Leads-Search-1,Ad group 1 | Functional & Integrative Medicine,functional integrative medicine near me | functional medicine doctors in my area | integrative medicine near me | natural functional doctor | naturopathic doctor near me,broad,None,5
good general practitioner,1,0,0.0,0.0,0.0,0.0,0,,Leads-Search-1,Ad group 1,holistic medicine Minneapolis,broad,None,1
gut check,1,0,0.0,0.0,0.0,0.0,0,,Leads-Search-1,Ad group 1,functional medicine,broad,None,1
gut health specialists,1,0,0.0,0.0,0.0,0.0,0,,Leads-Search-1,Ad group 1,holistic dr near me,broad,None,1
hale holistic,1,0,0.0,0.0,0.0,0.0,0,,Leads-Search-1,Ad group 1,holistic dr near me,broad,None,1
harmonic bliss wellness,1,0,0.0,0.0,0.0,0.0,0,,Leads-Search-1,Ad group 1,holistic dr near me,broad,None,1
hashimoto's doctor near me,1,0,0.0,0.0,0.0,0.0,0,,Leads-Search-1,Ad group 1,naturopathic doctor near me,broad,None,1
hashimoto's specialist near me,1,0,0.0,0.0,0.0,0.0,0,,Leads-Search-1,Ad group 1,integrative medicine near me,broad,None,1
hashimotos doctors,1,0,0.0,0.0,0.0,0.0,0,,Leads-Search-1,Ad group 1,functional medicine near me,broad,None,1
hcmc csc,1,0,0.0,0.0,0.0,0.0,0,,Leads-Search-1,Ad group 1,holistic medicine Minneapolis,broad,None,1
heal me,2,0,0.0,0.0,0.0,0.0,0,,Leads-Search-1,Ad group 1,holistic dr near me | integrative medicine near me,broad,None,2
heal near me,1,0,0.0,0.0,0.0,0.0,0,,Leads-Search-1,Ad group 1,naturopathic doctor near me,broad,None,1
heal while you sleep,1,0,0.0,0.0,0.0,0.0,0,,Leads-Search-1,Ad group 1,holistic dr near me,broad,None,1
healing affirmations for health,1,0,0.0,0.0,0.0,0.0,0,,Leads-Search-1,Ad group 1,functional medicine,broad,None,1
healing doctors,1,0,0.0,0.0,0.0,0.0,0,,Leads-Search-1,Ad group 1,functional medicine,broad,None,1
healing touch practitioners,1,0,0.0,0.0,0.0,0.0,0,,Leads-Search-1,Ad group 1,holistic dr near me,broad,None,1
healing within,1,0,0.0,0.0,0.0,0.0,0,,Leads-Search-1,Ad group 1,integrative medicine near me,broad,None,1
health & wellness,2,0,0.0,0.0,0.0,0.0,0,,Leads-Search-1,Ad group 1 | Functional & Integrative Medicine,functional medicine near me | naturopathic doctor near me,broad,None,2
health clinic near me,1,0,0.0,0.0,0.0,0.0,0,,Leads-Search-1,Ad group 1,naturopathic doctor near me,broad,None,1
health coach,1,0,0.0,0.0,0.0,0.0,0,,Leads-Search-1,Ad group 1,holistic dr near me,broad,Excluded,1
health life,1,0,0.0,0.0,0.0,0.0,0,,Leads-Search-1,Ad group 1,naturopathic doctor Minneapolis,broad,None,1
health near me,2,0,0.0,0.0,0.0,0.0,0,,Leads-Search-1,Ad group 1 | Functional & Integrative Medicine,functional doctor in my area | naturopathic doctor near me,broad,None,2
health partner near me,1,0,0.0,0.0,0.0,0.0,0,,Leads-Search-1,Ad group 1,holistic medicine Minneapolis,broad,None,1
health partners clinic near me,1,0,0.0,0.0,0.0,0.0,0,,Leads-Search-1,Ad group 1,holistic dr near me,broad,None,1
health partners dietitian,1,0,0.0,0.0,0.0,0.0,0,,Leads-Search-1,Ad group 1,naturopathic doctor Minneapolis,broad,None,1
health partners mn,1,0,0.0,0.0,0.0,0.0,0,,Leads-Search-1,Ad group 1,holistic medicine Minneapolis,broad,None,1
health partners st louis park mn,2,0,0.0,0.0,0.0,0.0,0,,Leads-Search-1,Ad group 1 | Functional & Integrative Medicine,functional medical physician | integrative medicine near me,broad,None,2
health partners st paul,1,0,0.0,0.0,0.0,0.0,0,,Leads-Search-1,Ad group 1,holistic medicine Minneapolis,broad,None,1
health systems in minnesota,1,0,0.0,0.0,0.0,0.0,0,,Leads-Search-1,Ad group 1,naturopathic doctor Minneapolis,broad,None,1
healtheast,1,0,0.0,0.0,0.0,0.0,0,,Leads-Search-1,Ad group 1,integrative medicine near me,broad,None,1
healthpartner,6,0,0.0,0.0,0.0,0.0,0,,Leads-Search-1,Ad group 1 | Functional & Integrative Medicine | Naturopath Near Me — Core,best functional doctors near me | functional holistic medicine | functional medicine | holistic dr near me | naturopathic doctor Minneapolis | naturopathic doctor near me,broad,None,6
healthpartners clinic near me,2,0,0.0,0.0,0.0,0.0,0,,Leads-Search-1,Ad group 1,holistic dr near me | naturopathic doctor Minneapolis,broad,None,2
healthpartners near me,1,0,0.0,0.0,0.0,0.0,0,,Leads-Search-1,Ad group 1,naturopathic doctor Minneapolis,broad,None,1
healthy immune doc,2,0,0.0,0.0,0.0,0.0,0,,Leads-Search-1,Ad group 1 | Functional & Integrative Medicine,functional medical | functional medicine,broad,None,2
heather hirsch md,1,0,0.0,0.0,0.0,0.0,0,,Leads-Search-1,Ad group 1,holistic dr near me,broad,None,1
helen healy nd,1,0,0.0,0.0,0.0,0.0,0,,Leads-Search-1,Ad group 1,holistic dr near me,broad,None,1
hennepin health clinic minneapolis,1,0,0.0,0.0,0.0,0.0,0,,Leads-Search-1,Ad group 1,naturopathic doctor near me,broad,None,1
hennepin medical center,2,0,0.0,0.0,0.0,0.0,0,,Leads-Search-1,Ad group 1 | Naturopath Near Me — Core,holistic medicine Minneapolis | naturalist dr near me,broad,None,2
herbal apothecary near me,2,0,0.0,0.0,0.0,0.0,0,,Leads-Search-1,Ad group 1 | Functional & Integrative Medicine,functional integrative doctor | integrative medicine near me,broad,None,2
herbal doctor near me,1,0,0.0,0.0,0.0,0.0,0,,Leads-Search-1,Ad group 1,naturopathic doctor near me,phrase (close variant),None,1
herbal health,1,0,0.0,0.0,0.0,0.0,0,,Leads-Search-1,Ad group 1,holistic dr near me,broad,None,1
herbal medicine doctor,1,0,0.0,0.0,0.0,0.0,0,,Leads-Search-1,Ad group 1,natural pediatrician near me,broad,None,1
herbal medicine practitioner,1,0,0.0,0.0,0.0,0.0,0,,Leads-Search-1,Ad group 1,holistic dr near me,broad,None,1
herbal specialist near me,1,0,0.0,0.0,0.0,0.0,0,,Leads-Search-1,Ad group 1,naturopathic doctor near me,broad,None,1
herbalism,2,0,0.0,0.0,0.0,0.0,0,,Leads-Search-1,Ad group 1 | Naturopath Near Me — Core,holistic dr near me | naturopathic doctor near me,broad,None,2
herbalist doctor,1,0,0.0,0.0,0.0,0.0,0,,Leads-Search-1,Ad group 1,holistic dr near me,broad,None,1
herbalist practitioner near me,1,0,0.0,0.0,0.0,0.0,0,,Leads-Search-1,Ad group 1,men's health naturopath,broad,None,1
herhealth mn,4,0,0.0,0.0,0.0,0.0,0,,Leads-Search-1,Ad group 1 | Functional & Integrative Medicine | Geo-Qualified — Hopkins & West Metro | Women's Health & Hormones,functional medicine doctor hopkins | holistic dr near me | integrative doctor | natural help for menopause,broad,None,4
herself health crystal,1,0,0.0,0.0,0.0,0.0,0,,Leads-Search-1,Ad group 1,holistic dr near me,broad,None,1
herself health eagan reviews,1,0,0.0,0.0,0.0,0.0,0,,Leads-Search-1,Ad group 1,women's health naturopath,broad,None,1
herself health edina,2,0,0.0,0.0,0.0,0.0,0,,Leads-Search-1,Ad group 1,holistic dr near me | integrative medicine near me,broad,None,2
herself health locations,2,0,0.0,0.0,0.0,0.0,0,,Leads-Search-1,Ad group 1 | Geo-Qualified — Hopkins & West Metro,holistic dr near me | natural medicine Minnesota,broad,None,2
herself health near me,1,0,0.0,0.0,0.0,0.0,0,,Leads-Search-1,Ad group 1,integrative medicine near me,broad,None,1
herself health providers,1,0,0.0,0.0,0.0,0.0,0,,Leads-Search-1,Ad group 1,naturopathic doctor near me,broad,None,1
herself health services,1,0,0.0,0.0,0.0,0.0,0,,Leads-Search-1,Ad group 1,holistic dr near me,broad,None,1
hirudotherapy near me,1,0,0.0,0.0,0.0,0.0,0,,Leads-Search-1,Ad group 1,naturopathic doctor near me,broad,None,1
holistic acne specialist near me,2,0,0.0,0.0,0.0,0.0,0,,Leads-Search-1,Ad group 1 | Naturopath Near Me — Core,natural doctor near me | naturopathic doctor near me,phrase (close variant),None,2
holistic acupuncture,1,0,0.0,0.0,0.0,0.0,0,,Leads-Search-1,Ad group 1,integrative medicine near me,broad,None,1
holistic allergist near me,2,0,0.0,0.0,0.0,0.0,0,,Leads-Search-1,Ad group 1,holistic dr near me | integrative medicine near me,broad | phrase (close variant),None,2
holistic cancer care,2,0,0.0,0.0,0.0,0.0,0,,Leads-Search-1,Ad group 1,holistic medicine Minneapolis | naturopathic family medicine,broad,None,2
holistic cancer doctors,1,0,0.0,0.0,0.0,0.0,0,,Leads-Search-1,Ad group 1,alternative medicine doctors near me,broad,None,1
holistic care,7,0,0.0,0.0,0.0,0.0,0,,Leads-Search-1,Ad group 1 | Geo-Qualified — Hopkins & West Metro | Naturopath Near Me — Core,alternative medicine doctors near me | alternative medicine near me | holistic dr near me | men's health naturopath | natural medicine Minnesota | naturalist dr near me | naturopaths in my area,broad,None,7
holistic centers near me,1,0,0.0,0.0,0.0,0.0,0,,Leads-Search-1,Ad group 1,holistic dr near me,broad,None,1
holistic children's doctor near me,1,0,0.0,0.0,0.0,0.0,0,,Leads-Search-1,Ad group 1,naturopathic doctor near me,broad,None,1
holistic chiropractic near me,1,0,0.0,0.0,0.0,0.0,0,,Leads-Search-1,Ad group 1,integrative medicine near me,broad,None,1
holistic christian doctor near me,1,0,0.0,0.0,0.0,0.0,0,,Leads-Search-1,Ad group 1,holistic dr near me,phrase (close variant),None,1
holistic clinic edina,1,0,0.0,0.0,0.0,0.0,0,,Leads-Search-1,Ad group 1,natural pediatrician near me,broad,None,1
holistic clinic near me,1,0,0.0,0.0,0.0,0.0,0,,Leads-Search-1,Ad group 1,holistic dr near me,exact (close variant),None,1
holistic counseling,1,0,0.0,0.0,0.0,0.0,0,,Leads-Search-1,Ad group 1,holistic dr near me,broad,None,1
holistic dentist near me,1,0,0.0,0.0,0.0,0.0,0,,Leads-Search-1,Ad group 1,holistic dr near me,broad,None,1
holistic dietician near me,1,0,0.0,0.0,0.0,0.0,0,,Leads-Search-1,Ad group 1,holistic dr near me,broad,None,1
holistic dietitian near me,1,0,0.0,0.0,0.0,0.0,0,,Leads-Search-1,Ad group 1,holistic dr near me,broad,None,1
holistic doctor edina,2,0,0.0,0.0,0.0,0.0,0,,Leads-Search-1,Ad group 1 | Geo-Qualified — Hopkins & West Metro,holistic dr near me | holistic medicine Minneapolis,broad | phrase (close variant),None,2
holistic doctor in walker mn,1,0,0.0,0.0,0.0,0.0,0,,Leads-Search-1,Ad group 1,naturopathic doctor near me,broad,None,1
holistic doctor mn,2,0,0.0,0.0,0.0,0.0,0,,Leads-Search-1,Ad group 1,natural pediatrician near me | naturopathic doctor near me,broad,None,2
holistic doctors in twin cities,1,0,0.0,0.0,0.0,0.0,0,,Leads-Search-1,Ad group 1,naturopathic doctor near me,broad,None,1
holistic doctors mn,2,0,0.0,0.0,0.0,0.0,0,,Leads-Search-1,Ad group 1 | Functional & Integrative Medicine,holistic dr near me | integrated doctor,broad | phrase (close variant),None,2
holistic dr in my area,1,0,0.0,0.0,0.0,0.0,0,,Leads-Search-1,Ad group 1,naturopathic doctor near me,exact (close variant),None,1
holistic eating disorder treatment,1,0,0.0,0.0,0.0,0.0,0,,Leads-Search-1,Ad group 1,holistic medicine Minneapolis,broad,None,1
holistic family medicine,3,0,0.0,0.0,0.0,0.0,0,,Leads-Search-1,Ad group 1 | Functional & Integrative Medicine,functional doctor | holistic dr near me | integrative medicine near me,broad,None,3
holistic gastroenterologist near me,1,0,0.0,0.0,0.0,0.0,0,,Leads-Search-1,Ad group 1,naturopathic doctor near me,broad,None,1
holistic gut health doctor near me,1,0,0.0,0.0,0.0,0.0,0,,Leads-Search-1,Ad group 1,naturopathic doctor near me,phrase (close variant),None,1
holistic healing arts,1,0,0.0,0.0,0.0,0.0,0,,Leads-Search-1,Ad group 1,integrative medicine near me,broad,None,1
holistic healing counseling,1,0,0.0,0.0,0.0,0.0,0,,Leads-Search-1,Ad group 1,holistic dr near me,broad,None,1
holistic healing minneapolis,1,0,0.0,0.0,0.0,0.0,0,,Leads-Search-1,Ad group 1,holistic dr near me,broad,None,1
holistic healing therapy,1,0,0.0,0.0,0.0,0.0,0,,Leads-Search-1,Ad group 1,holistic dr near me,broad,None,1
holistic health and wellness,1,0,0.0,0.0,0.0,0.0,0,,Leads-Search-1,Ad group 1,naturopathic doctor near me,broad,None,1
holistic health practitioner near me,3,0,0.0,0.0,0.0,0.0,0,,Leads-Search-1,Ad group 1,holistic dr near me | integrative medicine near me | naturopathic doctor near me,broad | exact (close variant),None,3
holistic health with harry,1,0,0.0,0.0,0.0,0.0,0,,Leads-Search-1,Ad group 1,holistic dr near me,broad,None,1
holistic hormone doctor,1,0,0.0,0.0,0.0,0.0,0,,Leads-Search-1,Ad group 1,holistic dr near me,broad,None,1
holistic integrated medicine,1,0,0.0,0.0,0.0,0.0,0,,Leads-Search-1,Ad group 1,holistic dr near me,broad,None,1
holistic medical clinic,1,0,0.0,0.0,0.0,0.0,0,,Leads-Search-1,Ad group 1,integrative medicine near me,broad,None,1
holistic medicine duluth mn,1,0,0.0,0.0,0.0,0.0,0,,Leads-Search-1,Ad group 1,integrative medicine near me,broad,None,1
holistic medicine therapy,1,0,0.0,0.0,0.0,0.0,0,,Leads-Search-1,Ad group 1,holistic dr near me,broad,None,1
holistic mental health,1,0,0.0,0.0,0.0,0.0,0,,Leads-Search-1,Ad group 1,holistic dr near me,broad,None,1
holistic nursing care,1,0,0.0,0.0,0.0,0.0,0,,Leads-Search-1,Ad group 1,holistic dr near me,broad,None,1
holistic nutrition near me,1,0,0.0,0.0,0.0,0.0,0,,Leads-Search-1,Ad group 1,holistic dr near me,broad,None,1
holistic practitioners,1,0,0.0,0.0,0.0,0.0,0,,Leads-Search-1,Ad group 1,holistic dr near me,broad,None,1
holistic provider,1,0,0.0,0.0,0.0,0.0,0,,Leads-Search-1,Ad group 1,holistic dr near me,exact (close variant),None,1
holistic rejuvenation,1,0,0.0,0.0,0.0,0.0,0,,Leads-Search-1,Ad group 1,holistic dr near me,broad,None,1
holistic rheumatologist near me,3,0,0.0,0.0,0.0,0.0,0,,Leads-Search-1,Ad group 1 | Functional & Integrative Medicine,functional integrative medicine near me | holistic dr near me | naturopathic doctor near me,phrase (close variant),None,3
holistic sarah,1,0,0.0,0.0,0.0,0.0,0,,Leads-Search-1,Ad group 1,naturopathic doctor near me,broad,None,1
holistic sarah medispa,1,0,0.0,0.0,0.0,0.0,0,,Leads-Search-1,Ad group 1,holistic dr near me,broad,None,1
holistic specialist near me,1,0,0.0,0.0,0.0,0.0,0,,Leads-Search-1,Ad group 1,naturopathic doctor near me,exact (close variant),None,1
holistic therapy for mental health,1,0,0.0,0.0,0.0,0.0,0,,Leads-Search-1,Ad group 1,alternative medicine doctors near me,broad,None,1
holistic treatment for gastroparesis,1,0,0.0,0.0,0.0,0.0,0,,Leads-Search-1,Ad group 1,holistic dr near me,broad,None,1
holistic treatment near me,1,0,0.0,0.0,0.0,0.0,0,,Leads-Search-1,Ad group 1,naturopathic doctor near me,broad,None,1
holistic urology,1,0,0.0,0.0,0.0,0.0,0,,Leads-Search-1,Ad group 1,holistic dr near me,broad,None,1
holistic wellness center,1,0,0.0,0.0,0.0,0.0,0,,Leads-Search-1,Ad group 1,holistic dr near me,broad,None,1
holistic wellness center services,1,0,0.0,0.0,0.0,0.0,0,,Leads-Search-1,Ad group 1,holistic dr near me,broad,None,1
holistic wellness services,1,0,0.0,0.0,0.0,0.0,0,,Leads-Search-1,Ad group 1,integrative medicine near me,broad,None,1
holistic western medicine,1,0,0.0,0.0,0.0,0.0,0,,Leads-Search-1,Ad group 1,holistic dr near me,broad,None,1
holm chiropractic,1,0,0.0,0.0,0.0,0.0,0,,Leads-Search-1,Ad group 1,natural medicine Minnesota,broad,None,1
homegrown herbalist,2,0,0.0,0.0,0.0,0.0,0,,Leads-Search-1,Ad group 1 | Naturopath Near Me — Core,holistic medicine Minneapolis | naturopathic practitioner near me,broad,None,2
homeopath near me,2,0,0.0,0.0,0.0,0.0,0,,Leads-Search-1,Ad group 1,holistic dr near me | naturopathic doctor near me,broad,None,2
homeopathic,1,0,0.0,0.0,0.0,0.0,0,,Leads-Search-1,Ad group 1,holistic dr near me,broad,None,1
homeopathic chiropractor near me,1,0,0.0,0.0,0.0,0.0,0,,Leads-Search-1,Ad group 1,holistic dr near me,broad,None,1
homeopathic cures for eczema,1,0,0.0,0.0,0.0,0.0,0,,Leads-Search-1,Ad group 1,functional medicine,broad,None,1
homeopathic doctor walker mn,1,0,0.0,0.0,0.0,0.0,0,,Leads-Search-1,Ad group 1,integrative medicine near me,broad,None,1
homeopathic dr near me,1,0,0.0,0.0,0.0,0.0,0,,Leads-Search-1,Ad group 1,holistic dr near me,phrase (close variant),None,1
homeopathic medicine mn,1,0,0.0,0.0,0.0,0.0,0,,Leads-Search-1,Ad group 1,holistic dr near me,broad,None,1
homeopathic near me,1,0,0.0,0.0,0.0,0.0,0,,Leads-Search-1,Ad group 1,holistic dr near me,broad,None,1
homeopathic pediatrician near me,1,0,0.0,0.0,0.0,0.0,0,,Leads-Search-1,Ad group 1,natural pediatrician near me,phrase (close variant),None,1
homeopathic pharmacy near me,1,0,0.0,0.0,0.0,0.0,0,,Leads-Search-1,Ad group 1,naturopathic doctor near me,broad,None,1
homeopathic physician,1,0,0.0,0.0,0.0,0.0,0,,Leads-Search-1,Ad group 1,holistic dr near me,broad,None,1
homeopathic remedies,2,0,0.0,0.0,0.0,0.0,0,,Leads-Search-1,Ad group 1,holistic dr near me | naturopathic doctor near me,broad,None,2
homeopathic therapy,1,0,0.0,0.0,0.0,0.0,0,,Leads-Search-1,Ad group 1,holistic dr near me,broad,None,1
hopkins health and wellness clinic,1,0,0.0,0.0,0.0,0.0,0,,Leads-Search-1,Ad group 1,naturopathic doctor Minneapolis,broad,None,1
hopkins health center,1,0,0.0,0.0,0.0,0.0,0,,Leads-Search-1,Ad group 1,natural pediatrician near me,broad,None,1
hormonal imbalance acupuncture,1,0,0.0,0.0,0.0,0.0,0,,Leads-Search-1,Ad group 1,holistic dr near me,broad,None,1
hormone balancing,1,0,0.0,0.0,0.0,0.0,0,,Leads-Search-1,Ad group 1,integrative medicine near me,broad,None,1
hormone clinic near me,3,0,0.0,0.0,0.0,0.0,0,,Leads-Search-1,Ad group 1 | Women's Health & Hormones,holistic dr near me | hormone doctor near me | integrative medicine near me,broad | exact (close variant),None,3
hormone doctor,4,0,0.0,0.0,0.0,0.0,0,,Leads-Search-1,Ad group 1 | Women's Health & Hormones,Hashimoto's naturopath | holistic dr near me | hormone doctor near me | integrative medicine near me,broad | exact (close variant),None,4
hormone doctor for women,2,0,0.0,0.0,0.0,0.0,0,,Leads-Search-1,Ad group 1 | Women's Health & Hormones,holistic dr near me | women's health naturopath,broad,None,2
hormone doctors minneapolis mn,1,0,0.0,0.0,0.0,0.0,0,,Leads-Search-1,Ad group 1,holistic dr near me,broad,None,1
hormone practitioner,1,0,0.0,0.0,0.0,0.0,0,,Leads-Search-1,Ad group 1,functional medicine,broad,None,1
hormone replacement therapy for women near me,1,0,0.0,0.0,0.0,0.0,0,,Leads-Search-1,Ad group 1,naturopathic doctor near me,broad,None,1
hormone specialist near me for women,2,0,0.0,0.0,0.0,0.0,0,,Leads-Search-1,Ad group 1,integrative health near me | naturopathic doctor near me,broad,None,2
hormone therapy near me,2,0,0.0,0.0,0.0,0.0,0,,Leads-Search-1,Ad group 1 | Women's Health & Hormones,naturopath for women's health | naturopathic dr near me,broad,None,2
how to eliminate depression naturally,1,0,0.0,0.0,0.0,0.0,0,,Leads-Search-1,Ad group 1,functional medicine,broad,None,1
how to regulate hormones naturally,1,0,0.0,0.0,0.0,0.0,0,,Leads-Search-1,Ad group 1,holistic dr near me,broad,None,1
how to regulate thyroid naturally,1,0,0.0,0.0,0.0,0.0,0,,Leads-Search-1,Ad group 1,naturopathic doctor near me,broad,None,1
how to shrink enlarged prostate without surgery,1,0,0.0,0.0,0.0,0.0,0,,Leads-Search-1,Ad group 1,men's health naturopath,broad,None,1
how to stop allergies immediately naturally,1,0,0.0,0.0,0.0,0.0,0,,Leads-Search-1,Ad group 1,functional medicine,broad,None,1
hydro colon cleanse,1,0,0.0,0.0,0.0,0.0,0,,Leads-Search-1,Ad group 1,integrative medicine near me,broad,None,1
hydro colon therapy near me,2,0,0.0,0.0,0.0,0.0,0,,Leads-Search-1,Ad group 1 | Functional & Integrative Medicine,functional medicine near me | integrative medicine near me,broad,None,2
hydrocolon therapy near me,1,0,0.0,0.0,0.0,0.0,0,,Leads-Search-1,Ad group 1,holistic medicine Minneapolis,broad,None,1
hypnotherapy for pain near me,2,0,0.0,0.0,0.0,0.0,0,,Leads-Search-1,Ad group 1,holistic medicine Minneapolis | integrative medicine near me,broad,None,2
hypnotherapy near me,1,0,0.0,0.0,0.0,0.0,0,,Leads-Search-1,Ad group 1,holistic medicine Minneapolis,broad,None,1
hypnotherapy weight loss near me,1,0,0.0,0.0,0.0,0.0,0,,Leads-Search-1,Ad group 1,integrative medicine near me,broad,None,1
ian lorang md,1,0,0.0,0.0,0.0,0.0,0,,Leads-Search-1,Ad group 1,holistic medicine Minneapolis,broad,None,1
immunologist mn,1,0,0.0,0.0,0.0,0.0,0,,Leads-Search-1,Ad group 1,holistic dr near me,broad,None,1
immunology doctor near me,1,0,0.0,0.0,0.0,0.0,0,,Leads-Search-1,Ad group 1,holistic dr near me,broad,None,1
improved health,1,0,0.0,0.0,0.0,0.0,0,,Leads-Search-1,Ad group 1,functional medicine,broad,None,1
indian herbal doctor,1,0,0.0,0.0,0.0,0.0,0,,Leads-Search-1,Ad group 1,naturopathic doctor near me,broad,None,1
infinite wellness natural healing center,1,0,0.0,0.0,0.0,0.0,0,,Leads-Search-1,Ad group 1,holistic dr near me,broad,None,1
inspired health,1,0,0.0,0.0,0.0,0.0,0,,Leads-Search-1,Ad group 1,naturopathic doctor Minneapolis,broad,None,1
institute for functional medicine,2,0,0.0,0.0,0.0,0.0,0,,Leads-Search-1,Ad group 1 | Functional & Integrative Medicine,functional medicine doctors near me | holistic dr near me,broad,None,2
institute for health and healing,1,0,0.0,0.0,0.0,0.0,0,,Leads-Search-1,Ad group 1,integrative medicine near me,broad,None,1
integrated functional medicine,1,0,0.0,0.0,0.0,0.0,0,,Leads-Search-1,Ad group 1,holistic dr near me,broad,None,1
integrated health clinic,2,0,0.0,0.0,0.0,0.0,0,,Leads-Search-1,Ad group 1 | Functional & Integrative Medicine,functional medical physician | naturopathic doctor near me,broad,None,2
integrated medicine near me,1,0,0.0,0.0,0.0,0.0,0,,Leads-Search-1,Ad group 1,integrative medicine near me,exact (close variant),None,1
integrative acupuncture,1,0,0.0,0.0,0.0,0.0,0,,Leads-Search-1,Ad group 1,integrative medicine near me,broad,None,1
integrative clinic,1,0,0.0,0.0,0.0,0.0,0,,Leads-Search-1,Ad group 1,naturopathic doctor near me,broad,None,1
integrative clinic of minnesota,3,0,0.0,0.0,0.0,0.0,0,,Leads-Search-1,Ad group 1 | Functional & Integrative Medicine,functional integrative doctor | functional medicine near me | integrative medicine near me,broad | phrase (close variant),None,3
integrative ent near me,2,0,0.0,0.0,0.0,0.0,0,,Leads-Search-1,Ad group 1,holistic dr near me | integrative medicine near me,phrase (close variant),None,2
integrative functional medicine doctor,1,0,0.0,0.0,0.0,0.0,0,,Leads-Search-1,Ad group 1,integrative medicine near me,broad,None,1
integrative health doctor,1,0,0.0,0.0,0.0,0.0,0,,Leads-Search-1,Ad group 1,integrative medicine near me,exact (close variant),None,1
integrative health medicine specialist,1,0,0.0,0.0,0.0,0.0,0,,Leads-Search-1,Ad group 1,integrative medicine near me,exact (close variant),None,1
integrative md near me,1,0,0.0,0.0,0.0,0.0,0,,Leads-Search-1,Ad group 1,integrative medicine near me,exact (close variant),None,1
integrative medicine doctor,1,0,0.0,0.0,0.0,0.0,0,,Leads-Search-1,Ad group 1,functional medicine,broad,None,1
integrative medicine edina,3,0,0.0,0.0,0.0,0.0,0,,Leads-Search-1,Ad group 1 | Functional & Integrative Medicine | Geo-Qualified — Hopkins & West Metro,functional integrative doctor | holistic dr near me | holistic medicine Minneapolis,broad | phrase (close variant),None,3
integrative near me,1,0,0.0,0.0,0.0,0.0,0,,Leads-Search-1,Ad group 1,integrative medicine near me,exact (close variant),None,1
integrative nutritionist,1,0,0.0,0.0,0.0,0.0,0,,Leads-Search-1,Ad group 1,naturopathic doctor near me,broad,None,1
integrative physicians near me,1,0,0.0,0.0,0.0,0.0,0,,Leads-Search-1,Ad group 1,integrative medicine near me,exact (close variant),None,1
integrative primary care physician near me,1,0,0.0,0.0,0.0,0.0,0,,Leads-Search-1,Ad group 1,naturopathic doctor near me,broad,None,1
integrative psychiatry near me,2,0,0.0,0.0,0.0,0.0,0,,Leads-Search-1,Ad group 1 | Functional & Integrative Medicine,holistic dr near me | integrative medicine near me,broad | phrase (close variant),None,2
internal medicine st paul mn,1,0,0.0,0.0,0.0,0.0,0,,Leads-Search-1,Ad group 1,naturopathic doctor near me,broad,None,1
internists near me,2,0,0.0,0.0,0.0,0.0,0,,Leads-Search-1,Ad group 1 | Naturopath Near Me — Core,alternative medicine near me | holistic dr near me,broad,None,2
iridology doctor near me,1,0,0.0,0.0,0.0,0.0,0,,Leads-Search-1,Ad group 1,holistic dr near me,phrase (close variant),None,1
iv therapy minnetonka,1,0,0.0,0.0,0.0,0.0,0,,Leads-Search-1,Ad group 1,integrative medicine near me,broad,None,1
ivan padilla medico naturista,1,0,0.0,0.0,0.0,0.0,0,,Leads-Search-1,Ad group 1,holistic dr near me,broad,None,1
jalashree,1,0,0.0,0.0,0.0,0.0,0,,Leads-Search-1,Ad group 1,naturopathic doctor near me,broad,None,1
janette macausland,1,0,0.0,0.0,0.0,0.0,0,,Leads-Search-1,Ad group 1,holistic dr near me,broad,None,1
janus_natureheals,1,0,0.0,0.0,0.0,0.0,0,,Leads-Search-1,Ad group 1,alternative medicine doctors near me,broad,None,1
jenna buth croes,1,0,0.0,0.0,0.0,0.0,0,,Leads-Search-1,Ad group 1,holistic dr near me,broad,None,1
jessica fashant peterson,1,0,0.0,0.0,0.0,0.0,0,,Leads-Search-1,Ad group 1,naturopathic doctor near me,broad,None,1
jude the acupuncturist,1,0,0.0,0.0,0.0,0.0,0,,Leads-Search-1,Ad group 1,alternative medicine doctors near me,broad,None,1
julie tebben,1,0,0.0,0.0,0.0,0.0,0,,Leads-Search-1,Ad group 1,holistic dr near me,broad,None,1
karen vrchota,2,0,0.0,0.0,0.0,0.0,0,,Leads-Search-1,Ad group 1,holistic dr near me | naturopathic doctor Minneapolis,broad,None,2
katherine willow,1,0,0.0,0.0,0.0,0.0,0,,Leads-Search-1,Ad group 1,integrative medicine near me,broad,None,1
kathleen farah,1,0,0.0,0.0,0.0,0.0,0,,Leads-Search-1,Ad group 1,holistic dr near me,broad,None,1
katie corazzo,3,0,0.0,0.0,0.0,0.0,0,,Leads-Search-1,Ad group 1,holistic dr near me | integrative medicine near me | naturopathic doctor near me,broad,None,3
katie effertz,1,0,0.0,0.0,0.0,0.0,0,,Leads-Search-1,Ad group 1,holistic dr near me,broad,None,1
kelsey lloyd,2,0,0.0,0.0,0.0,0.0,0,,Leads-Search-1,Ad group 1 | Naturopath Near Me — Core,naturalist dr near me | naturopathic doctor near me,broad,None,2
kim nistler,1,0,0.0,0.0,0.0,0.0,0,,Leads-Search-1,Ad group 1,integrative medicine near me,broad,None,1
kimia wellness,1,0,0.0,0.0,0.0,0.0,0,,Leads-Search-1,Ad group 1,holistic dr near me,broad,None,1
kinesiologist near me,2,0,0.0,0.0,0.0,0.0,0,,Leads-Search-1,Ad group 1 | Geo-Qualified — Hopkins & West Metro,holistic medicine Minneapolis | naturopathic doctor Minneapolis,broad,None,2
kinesiology near me,1,0,0.0,0.0,0.0,0.0,0,,Leads-Search-1,Ad group 1,holistic medicine Minneapolis,broad,None,1
kingdom doctor,1,0,0.0,0.0,0.0,0.0,0,,Leads-Search-1,Ad group 1,integrative medicine near me,broad,None,1
lake street clinic,1,0,0.0,0.0,0.0,0.0,0,,Leads-Search-1,Ad group 1,naturopathic doctor near me,broad,None,1
lake superior natural medicine,1,0,0.0,0.0,0.0,0.0,0,,Leads-Search-1,Ad group 1,holistic dr near me,broad,None,1
lake view clinic,1,0,0.0,0.0,0.0,0.0,0,,Leads-Search-1,Ad group 1,natural medicine Minnesota,broad,None,1
laleh talebian,1,0,0.0,0.0,0.0,0.0,0,,Leads-Search-1,Ad group 1,naturopathic doctor near me,broad,None,1
laura villa,1,0,0.0,0.0,0.0,0.0,0,,Leads-Search-1,Ad group 1,integrative medicine near me,broad,None,1
lea wetzell,1,0,0.0,0.0,0.0,0.0,0,,Leads-Search-1,Ad group 1,holistic dr near me,broad,None,1
leaky gut dr berg,1,0,0.0,0.0,0.0,0.0,0,,Leads-Search-1,Ad group 1,holistic dr near me,broad,None,1
leaves of life,1,0,0.0,0.0,0.0,0.0,0,,Leads-Search-1,Ad group 1,alternative medicine doctors near me,broad,None,1
lee aberle,1,0,0.0,0.0,0.0,0.0,0,,Leads-Search-1,Ad group 1,naturopathic doctor near me,broad,None,1
legacy wellness,3,0,0.0,0.0,0.0,0.0,0,,Leads-Search-1,Ad group 1 | Functional & Integrative Medicine | Naturopath Near Me — Core,functional medicine near me | holistic dr near me | naturalist dr near me,broad,None,3
licensed acupuncturist near me,1,0,0.0,0.0,0.0,0.0,0,,Leads-Search-1,Ad group 1,holistic dr near me,broad,None,1
life clinic mn,1,0,0.0,0.0,0.0,0.0,0,,Leads-Search-1,Ad group 1,naturopathic doctor Minneapolis,broad,None,1
life medical mn,2,0,0.0,0.0,0.0,0.0,0,,Leads-Search-1,Ad group 1 | Geo-Qualified — Hopkins & West Metro,functional medicine doctor hopkins | holistic dr near me,broad,None,2
lifeclinic,1,0,0.0,0.0,0.0,0.0,0,,Leads-Search-1,Ad group 1,holistic medicine Minneapolis,broad,None,1
liminal health and wellness,1,0,0.0,0.0,0.0,0.0,0,,Leads-Search-1,Ad group 1,integrative medicine near me,broad,None,1
linda easthouse,1,0,0.0,0.0,0.0,0.0,0,,Leads-Search-1,Ad group 1,alternative medicine doctors near me,broad,None,1
linda page naturopath,1,0,0.0,0.0,0.0,0.0,0,,Leads-Search-1,Ad group 1,holistic dr near me,broad,None,1
linden hills acupuncture,2,0,0.0,0.0,0.0,0.0,0,,Leads-Search-1,Ad group 1,holistic dr near me | integrative medicine near me,broad,None,2
living with lyme disease,1,0,0.0,0.0,0.0,0.0,0,,Leads-Search-1,Ad group 1,functional medicine,broad,None,1
liz orchard,1,0,0.0,0.0,0.0,0.0,0,,Leads-Search-1,Ad group 1,holistic dr near me,broad,None,1
local health stores,1,0,0.0,0.0,0.0,0.0,0,,Leads-Search-1,Ad group 1,integrative medicine near me,broad,None,1
local herbalist near me,1,0,0.0,0.0,0.0,0.0,0,,Leads-Search-1,Ad group 1,naturopathic doctor near me,broad,None,1
longevity medicine near me,1,0,0.0,0.0,0.0,0.0,0,,Leads-Search-1,Ad group 1,functional medicine near me,phrase (close variant),None,1
lori jokinen,1,0,0.0,0.0,0.0,0.0,0,,Leads-Search-1,Ad group 1,naturopathic doctor near me,broad,None,1
louise newson menopause doctor,1,0,0.0,0.0,0.0,0.0,0,,Leads-Search-1,Ad group 1,women's health naturopath,broad,None,1
lyme disease,1,0,0.0,0.0,0.0,0.0,0,,Leads-Search-1,Ad group 1,functional medicine,broad,None,1
lyme disease doctors near me,1,0,0.0,0.0,0.0,0.0,0,,Leads-Search-1,Ad group 1,naturopathic doctor near me,broad,None,1
m health fairview doctors,1,0,0.0,0.0,0.0,0.0,0,,Leads-Search-1,Ad group 1,naturopathic doctor near me,broad,None,1
m health fairview edina,1,0,0.0,0.0,0.0,0.0,0,,Leads-Search-1,Ad group 1,integrative medicine near me,broad,None,1
m health fairview near me,2,0,0.0,0.0,0.0,0.0,0,,Leads-Search-1,Ad group 1 | Geo-Qualified — Hopkins & West Metro,integrative medicine near me | natural medicine Minnesota,broad,None,2
maple grove doctors office,1,0,0.0,0.0,0.0,0.0,0,,Leads-Search-1,Ad group 1,holistic dr near me,broad,None,1
marcus ranney,1,0,0.0,0.0,0.0,0.0,0,,Leads-Search-1,Ad group 1,integrative medicine near me,broad,None,1
marma chikitsa near me,1,0,0.0,0.0,0.0,0.0,0,,Leads-Search-1,Ad group 1,holistic dr near me,broad,None,1
mary claire haver,8,0,0.0,0.0,0.0,0.0,0,,Leads-Search-1,Ad group 1 | Women's Health & Hormones,female naturopath near me | holistic dr near me | hormone doctor near me | natural help for menopause | naturopath for hormones | naturopathic doctor near me | women's health naturopath | women's naturopath near me,broad,None,8
mary haver,2,0,0.0,0.0,0.0,0.0,0,,Leads-Search-1,Ad group 1 | Women's Health & Hormones,naturopathic doctor near me | women's health naturopath,broad,None,2
mary ruddick,1,0,0.0,0.0,0.0,0.0,0,,Leads-Search-1,Ad group 1,naturopathic doctor near me,broad,None,1
mast cells autoimmune disease,1,0,0.0,0.0,0.0,0.0,0,,Leads-Search-1,Ad group 1,functional medicine,broad,None,1
matrix repatterning near me,1,0,0.0,0.0,0.0,0.0,0,,Leads-Search-1,Ad group 1,integrative medicine near me,phrase (close variant),None,1
matthew alfs,2,0,0.0,0.0,0.0,0.0,0,,Leads-Search-1,Ad group 1,holistic dr near me | natural medicine Minnesota,broad,None,2
matthew nagra,1,0,0.0,0.0,0.0,0.0,0,,Leads-Search-1,Ad group 1,holistic dr near me,broad,None,1
mcas doctors near me,1,0,0.0,0.0,0.0,0.0,0,,Leads-Search-1,Ad group 1,holistic dr near me,broad,None,1
mcas holistic treatment,1,0,0.0,0.0,0.0,0.0,0,,Leads-Search-1,Ad group 1,holistic dr near me,broad,None,1
md functional medicine,1,0,0.0,0.0,0.0,0.0,0,,Leads-Search-1,Ad group 1,naturopathic doctor near me,broad,None,1
me cfs specialist near me,2,0,0.0,0.0,0.0,0.0,0,,Leads-Search-1,Ad group 1,holistic dr near me | naturopathic doctor near me,broad,None,2
medical clinic near me,2,0,0.0,0.0,0.0,0.0,0,,Leads-Search-1,Ad group 1 | Naturopath Near Me — Core,alternative medicine near me | naturopathic doctor Minneapolis,broad,None,2
medical doctor near me,1,0,0.0,0.0,0.0,0.0,0,,Leads-Search-1,Ad group 1,holistic dr near me,broad,None,1
medical specialists,4,0,0.0,0.0,0.0,0.0,0,,Leads-Search-1,Ad group 1 | Functional & Integrative Medicine | Geo-Qualified — Hopkins & West Metro,alternative medicine doctors near me | holistic medicine Minneapolis | integrated and functional medicine | naturopathic doctor near me,broad,None,4
medicinal plants in minnesota,1,0,0.0,0.0,0.0,0.0,0,,Leads-Search-1,Ad group 1,natural medicine Minnesota,broad,None,1
medicine 3.0 doctors near me,1,0,0.0,0.0,0.0,0.0,0,,Leads-Search-1,Ad group 1,holistic dr near me,broad,None,1
medicine doctor,1,0,0.0,0.0,0.0,0.0,0,,Leads-Search-1,Ad group 1,holistic dr near me,broad,None,1
medstudio private medical clinics,1,0,0.0,0.0,0.0,0.0,0,,Leads-Search-1,Ad group 1,holistic dr near me,broad,None,1
melissa sell,1,0,0.0,0.0,0.0,0.0,0,,Leads-Search-1,Ad group 1,holistic dr near me,broad,None,1
melly sandford holistic health,1,0,0.0,0.0,0.0,0.0,0,,Leads-Search-1,Ad group 1,holistic dr near me,broad,None,1
men's hormone specialist,1,0,0.0,0.0,0.0,0.0,0,,Leads-Search-1,Ad group 1,holistic dr near me,broad,None,1
menopause dr near me,2,0,0.0,0.0,0.0,0.0,0,,Leads-Search-1,Ad group 1 | Women's Health & Hormones,hormone doctor near me | naturopathic doctor near me,broad | phrase (close variant),None,2
menopause expert,2,0,0.0,0.0,0.0,0.0,0,,Leads-Search-1,Ad group 1 | Women's Health & Hormones,naturopath for menopause | women's health naturopath,broad,None,2
menopause practitioner near me,1,0,0.0,0.0,0.0,0.0,0,,Leads-Search-1,Ad group 1,integrative medicine near me,broad,None,1
menopause services,1,0,0.0,0.0,0.0,0.0,0,,Leads-Search-1,Ad group 1,integrative medicine near me,broad,None,1
menopause society certified practitioner near me,1,0,0.0,0.0,0.0,0.0,0,,Leads-Search-1,Ad group 1,integrative medicine near me,broad,None,1
metabolic health practitioners near me,1,0,0.0,0.0,0.0,0.0,0,,Leads-Search-1,Ad group 1,holistic dr near me,broad,None,1
metabolic specialist,1,0,0.0,0.0,0.0,0.0,0,,Leads-Search-1,Ad group 1,holistic dr near me,broad,None,1
methylation issues,1,0,0.0,0.0,0.0,0.0,0,,Leads-Search-1,Ad group 1,functional medicine,broad,None,1
mfairview health,2,0,0.0,0.0,0.0,0.0,0,,Leads-Search-1,Ad group 1 | Functional & Integrative Medicine,functional doctor in my area | holistic medicine Minneapolis,broad,None,2
mhealth clinics near me,2,0,0.0,0.0,0.0,0.0,0,,Leads-Search-1,Ad group 1 | Functional & Integrative Medicine,functional medicine clinic near me | holistic dr near me,broad,None,2
michael macintire md,1,0,0.0,0.0,0.0,0.0,0,,Leads-Search-1,Ad group 1,integrative medicine near me,broad,None,1
michelle greenwell,1,0,0.0,0.0,0.0,0.0,0,,Leads-Search-1,Ad group 1,holistic dr near me,broad,None,1
minneapolis integrative,1,0,0.0,0.0,0.0,0.0,0,,Leads-Search-1,Ad group 1,naturopathic doctor near me,broad,None,1
minneapolis integrative medicine center,5,0,0.0,0.0,0.0,0.0,0,,Leads-Search-1,Ad group 1 | Functional & Integrative Medicine,functional medical physician | functional medicine doctors near me | functional medicine near me | holistic dr near me | integrative medicine near me,broad,None,5
minneapolis integrative medicine center wayzata,1,0,0.0,0.0,0.0,0.0,0,,Leads-Search-1,Ad group 1,holistic medicine Minneapolis,phrase (close variant),None,1
minneapolis naturopathic doctor,3,0,0.0,0.0,0.0,0.0,0,,Leads-Search-1,Ad group 1,holistic dr near me | integrative medicine near me | natural pediatrician near me,broad,None,3
minneapolis wellness,1,0,0.0,0.0,0.0,0.0,0,,Leads-Search-1,Ad group 1,holistic dr near me,broad,None,1
minnesota doctors for people,2,0,0.0,0.0,0.0,0.0,0,,Leads-Search-1,Ad group 1,holistic dr near me | naturopathic doctor Minneapolis,broad,None,2
minnesota holistic medicine group,3,0,0.0,0.0,0.0,0.0,0,,Leads-Search-1,Ad group 1 | Geo-Qualified — Hopkins & West Metro | Naturopath Near Me — Core,alternative medicine near me | holistic medicine Minneapolis | integrative medicine near me,broad | phrase (close variant),None,3
minnesota naturopathic doctors,5,0,0.0,0.0,0.0,0.0,0,,Leads-Search-1,Ad group 1 | Functional & Integrative Medicine | Naturopath Near Me — Core,functional medicine doctors in my area | functional medicine doctors near me | holistic dr near me | integrative medicine near me | naturopathic doctor Minneapolis,broad,None,5
minnesota pain clinic,1,0,0.0,0.0,0.0,0.0,0,,Leads-Search-1,Ad group 1,holistic medicine Minneapolis,broad,None,1
minnesota vitality and anti aging center,1,0,0.0,0.0,0.0,0.0,0,,Leads-Search-1,Ad group 1,holistic dr near me,broad,None,1
minute clinic st louis park,1,0,0.0,0.0,0.0,0.0,0,,Leads-Search-1,Ad group 1,holistic medicine Minneapolis,broad,None,1
mn endocrinology clinic,4,0,0.0,0.0,0.0,0.0,0,,Leads-Search-1,Ad group 1 | Functional & Integrative Medicine,functional medicine doctors in my area | holistic medicine Minneapolis | integrative medicine doctors in my area | naturopathic doctor Minneapolis,broad,None,4
mn fairview health,1,0,0.0,0.0,0.0,0.0,0,,Leads-Search-1,Ad group 1,holistic medicine Minneapolis,broad,None,1
mngi clinic,1,0,0.0,0.0,0.0,0.0,0,,Leads-Search-1,Ad group 1,naturopathic doctor Minneapolis,broad,None,1
mngi health,1,0,0.0,0.0,0.0,0.0,0,,Leads-Search-1,Ad group 1,holistic medicine Minneapolis,broad,None,1
molly forsythe,1,0,0.0,0.0,0.0,0.0,0,,Leads-Search-1,Ad group 1,holistic dr near me,broad,None,1
momentum health elk river,1,0,0.0,0.0,0.0,0.0,0,,Leads-Search-1,Ad group 1,holistic dr near me,broad,None,1
motherwort herb benefits,1,0,0.0,0.0,0.0,0.0,0,,Leads-Search-1,Ad group 1,natural medicine Minnesota,broad,None,1
moxa therapy,1,0,0.0,0.0,0.0,0.0,0,,Leads-Search-1,Ad group 1,naturopathic doctor near me,broad,None,1
mpls integrative medicine,1,0,0.0,0.0,0.0,0.0,0,,Leads-Search-1,Ad group 1,naturopathic doctor Minneapolis,broad,None,1
muscle testing functional medicine,1,0,0.0,0.0,0.0,0.0,0,,Leads-Search-1,Ad group 1,functional medicine,phrase,None,1
myalgic encephalomyelitis doctors near me,1,0,0.0,0.0,0.0,0.0,0,,Leads-Search-1,Ad group 1,naturopathic doctor near me,broad,None,1
mysalveo,1,0,0.0,0.0,0.0,0.0,0,,Leads-Search-1,Ad group 1,holistic dr near me,broad,None,1
nams certified menopause practitioner near me,2,0,0.0,0.0,0.0,0.0,0,,Leads-Search-1,Ad group 1 | Women's Health & Hormones,naturopathic doctor near me | women's hormone specialist near me,broad | phrase (close variant),None,2
nancy schrauth,1,0,0.0,0.0,0.0,0.0,0,,Leads-Search-1,Ad group 1,holistic dr near me,broad,None,1
nancy sudak duluth mn,1,0,0.0,0.0,0.0,0.0,0,,Leads-Search-1,Ad group 1,holistic dr near me,broad,None,1
napro doctor minnesota,3,0,0.0,0.0,0.0,0.0,0,,Leads-Search-1,Ad group 1 | Women's Health & Hormones,holistic medicine Minneapolis | naturopathic doctor near me | women's health naturopath,broad,None,3
naprotechnology near me,1,0,0.0,0.0,0.0,0.0,0,,Leads-Search-1,Ad group 1,holistic dr near me,broad,None,1
native american clinics near me,1,0,0.0,0.0,0.0,0.0,0,,Leads-Search-1,Ad group 1,holistic dr near me,broad,None,1
natural antiinflammatories,1,0,0.0,0.0,0.0,0.0,0,,Leads-Search-1,Ad group 1,functional medicine,broad,None,1
natural awakenings twin cities,1,0,0.0,0.0,0.0,0.0,0,,Leads-Search-1,Ad group 1,holistic dr near me,broad,None,1
natural balance for life,1,0,0.0,0.0,0.0,0.0,0,,Leads-Search-1,Ad group 1,integrative medicine near me,broad,None,1
natural chiropractor near me,1,0,0.0,0.0,0.0,0.0,0,,Leads-Search-1,Ad group 1,holistic dr near me,broad,None,1
natural dermatologist,1,0,0.0,0.0,0.0,0.0,0,,Leads-Search-1,Ad group 1,holistic dr near me,broad,None,1
natural doctors mn,1,0,0.0,0.0,0.0,0.0,0,,Leads-Search-1,Ad group 1,holistic dr near me,broad,None,1
natural healing,2,0,0.0,0.0,0.0,0.0,0,,Leads-Search-1,Ad group 1,holistic dr near me | natural pediatrician near me,broad,None,2
natural healing for stomach pain,1,0,0.0,0.0,0.0,0.0,0,,Leads-Search-1,Ad group 1,integrative medicine near me,broad,None,1
natural health,4,0,0.0,0.0,0.0,0.0,0,,Leads-Search-1,Ad group 1 | Functional & Integrative Medicine | Geo-Qualified — Hopkins & West Metro,functional medicine doctor hopkins | functional medicine near me | integrative medicine near me | naturopathic doctor near me,broad,None,4
natural health doctor near me,1,0,0.0,0.0,0.0,0.0,0,,Leads-Search-1,Ad group 1,naturopathic doctor near me,exact (close variant),None,1
natural herbalist near me,1,0,0.0,0.0,0.0,0.0,0,,Leads-Search-1,Ad group 1,holistic dr near me,broad,None,1
natural homeopathic doctor,1,0,0.0,0.0,0.0,0.0,0,,Leads-Search-1,Ad group 1,holistic pediatricians near me,broad,None,1
natural integrated medicine florham park,1,0,0.0,0.0,0.0,0.0,0,,Leads-Search-1,Ad group 1,naturopathic doctor near me,broad,None,1
natural medicine clinic near me,1,0,0.0,0.0,0.0,0.0,0,,Leads-Search-1,Ad group 1,naturopathic doctor near me,exact (close variant),None,1
natural medicine doctor near me,1,0,0.0,0.0,0.0,0.0,0,,Leads-Search-1,Ad group 1,holistic dr near me,exact (close variant),None,1
natural path near me,1,0,0.0,0.0,0.0,0.0,0,,Leads-Search-1,Ad group 1,naturopathic doctor near me,exact (close variant),None,1
natural physician,1,0,0.0,0.0,0.0,0.0,0,,Leads-Search-1,Ad group 1,naturopathic doctor near me,exact (close variant),None,1
natural relief for endometriosis,1,0,0.0,0.0,0.0,0.0,0,,Leads-Search-1,Ad group 1,women's health naturopath,broad,None,1
natural remedies,1,0,0.0,0.0,0.0,0.0,0,,Leads-Search-1,Ad group 1,integrative health near me,broad,None,1
natural remedies for als,1,0,0.0,0.0,0.0,0.0,0,,Leads-Search-1,Ad group 1,holistic dr near me,broad,None,1
natural remedies to adhd,1,0,0.0,0.0,0.0,0.0,0,,Leads-Search-1,Ad group 1,functional medicine,broad,None,1
natural remedy,1,0,0.0,0.0,0.0,0.0,0,,Leads-Search-1,Ad group 1,holistic dr near me,broad,None,1
natural treatment for nerve pain,1,0,0.0,0.0,0.0,0.0,0,,Leads-Search-1,Ad group 1,alternative medicine doctors near me,broad,None,1
natural treatments for chronic fatigue syndrome,1,0,0.0,0.0,0.0,0.0,0,,Leads-Search-1,Ad group 1,holistic dr near me,broad,None,1
natural weight loss near me,1,0,0.0,0.0,0.0,0.0,0,,Leads-Search-1,Ad group 1,holistic dr near me,broad,None,1
natural wellness clinic,1,0,0.0,0.0,0.0,0.0,0,,Leads-Search-1,Ad group 1,naturopathic doctor near me,broad,None,1
naturally aligned,2,0,0.0,0.0,0.0,0.0,0,,Leads-Search-1,Ad group 1 | Functional & Integrative Medicine,functional medicine near me | naturopathic doctor near me,broad,None,2
naturopath doctor,1,0,0.0,0.0,0.0,0.0,0,,Leads-Search-1,Ad group 1,naturopathic doctor near me,exact (close variant),None,1
naturopath doctors near me,1,0,0.0,0.0,0.0,0.0,0,,Leads-Search-1,Ad group 1,men's health naturopath,broad,None,1
naturopath near me near me,1,0,0.0,0.0,0.0,0.0,0,,Leads-Search-1,Ad group 1,naturopathic doctor near me,exact (close variant),None,1
naturopathic allergist,2,0,0.0,0.0,0.0,0.0,0,,Leads-Search-1,Ad group 1,holistic medicine Minneapolis | naturopathic doctor near me,broad,None,2
naturopathic anti anxiety,1,0,0.0,0.0,0.0,0.0,0,,Leads-Search-1,Ad group 1,holistic dr near me,broad,None,1
naturopathic dentist,1,0,0.0,0.0,0.0,0.0,0,,Leads-Search-1,Ad group 1,holistic dr near me,broad,None,1
naturopathic doctor bismarck nd,1,0,0.0,0.0,0.0,0.0,0,,Leads-Search-1,Ad group 1,holistic dr near me,broad,None,1
naturopathic doctor duluth mn,2,0,0.0,0.0,0.0,0.0,0,,Leads-Search-1,Ad group 1,holistic dr near me | naturopathic doctor near me,broad,None,2
naturopathic doctor woodbury,1,0,0.0,0.0,0.0,0.0,0,,Leads-Search-1,Ad group 1,holistic dr near me,broad,None,1
naturopathic doctors in indiana,1,0,0.0,0.0,0.0,0.0,0,,Leads-Search-1,Ad group 1,holistic dr near me,broad,None,1
naturopathic doctors that take insurance,1,0,0.0,0.0,0.0,0.0,0,,Leads-Search-1,Ad group 1,naturopathic family medicine,broad,None,1
naturopathic gastroenterologist near me,2,0,0.0,0.0,0.0,0.0,0,,Leads-Search-1,Ad group 1 | Women's Health & Hormones,female naturopath near me | naturopathic doctor near me,broad | phrase (close variant),None,2
naturopathic hormone replacement therapy,1,0,0.0,0.0,0.0,0.0,0,,Leads-Search-1,Ad group 1,holistic dr near me,broad,None,1
naturopathic md near me,2,0,0.0,0.0,0.0,0.0,0,,Leads-Search-1,Ad group 1 | Functional & Integrative Medicine,integrative medicine near me | naturopathic doctor near me,exact (close variant) | phrase (close variant),None,2
naturopathic medical,1,0,0.0,0.0,0.0,0.0,0,,Leads-Search-1,Ad group 1,natural pediatrician near me,broad,None,1
naturopathic nutritionist near me,1,0,0.0,0.0,0.0,0.0,0,,Leads-Search-1,Ad group 1,integrative medicine near me,broad,None,1
naturopathic obgyn near me,1,0,0.0,0.0,0.0,0.0,0,,Leads-Search-1,Ad group 1,naturopathic doctor near me,phrase (close variant),None,1
naturopathic pediatrician,1,0,0.0,0.0,0.0,0.0,0,,Leads-Search-1,Ad group 1,natural pediatrician near me,exact (close variant),None,1
naturopathic physicians,1,0,0.0,0.0,0.0,0.0,0,,Leads-Search-1,Ad group 1,naturopathic doctor near me,exact (close variant),None,1
naturopathic practitioners,1,0,0.0,0.0,0.0,0.0,0,,Leads-Search-1,Ad group 1,naturopathic doctor near me,exact (close variant),None,1
naturopathic store near me,1,0,0.0,0.0,0.0,0.0,0,,Leads-Search-1,Ad group 1,naturopathic doctor near me,broad,None,1
naturopathic treatment for high blood pressure,1,0,0.0,0.0,0.0,0.0,0,,Leads-Search-1,Ad group 1,holistic dr near me,broad,None,1
naturopathie,1,0,0.0,0.0,0.0,0.0,0,,Leads-Search-1,Ad group 1,holistic dr near me,broad,None,1
naturopaths near me,2,0,0.0,0.0,0.0,0.0,0,,Leads-Search-1,Ad group 1 | Naturopath Near Me — Core,naturopathic doctor near me,exact (close variant),None,2
naturopathy centre near me,1,0,0.0,0.0,0.0,0.0,0,,Leads-Search-1,Ad group 1,naturopathic doctor near me,exact (close variant),None,1
naturopathy near me near me,1,0,0.0,0.0,0.0,0.0,0,,Leads-Search-1,Ad group 1,naturopathic doctor near me,exact (close variant),None,1
naturopathy treatment,1,0,0.0,0.0,0.0,0.0,0,,Leads-Search-1,Ad group 1,holistic dr near me,broad,None,1
nearby clinic near me,1,0,0.0,0.0,0.0,0.0,0,,Leads-Search-1,Ad group 1,alternative medicine doctors near me,broad,None,1
neighborhood naturopathic reviews,1,0,0.0,0.0,0.0,0.0,0,,Leads-Search-1,Ad group 1,holistic dr near me,broad,None,1
neonatologist near me,1,0,0.0,0.0,0.0,0.0,0,,Leads-Search-1,Ad group 1,natural pediatrician near me,broad,None,1
nervous system healing near me,1,0,0.0,0.0,0.0,0.0,0,,Leads-Search-1,Ad group 1,integrative medicine near me,broad,None,1
neuropathy treatment near me,2,0,0.0,0.0,0.0,0.0,0,,Leads-Search-1,Ad group 1 | Naturopath Near Me — Core,alternative medicine doctors near me | holistic dr near me,broad,None,2
new hope healing and resource center,1,0,0.0,0.0,0.0,0.0,0,,Leads-Search-1,Ad group 1,integrative medicine near me,broad,None,1
non traditional doctors,1,0,0.0,0.0,0.0,0.0,0,,Leads-Search-1,Ad group 1,naturopathic doctor Minneapolis,broad,None,1
north memorial maple grove,1,0,0.0,0.0,0.0,0.0,0,,Leads-Search-1,Ad group 1,naturopathic doctor Minneapolis,broad,None,1
north memorial specialty clinic robbinsdale,1,0,0.0,0.0,0.0,0.0,0,,Leads-Search-1,Ad group 1,integrative medicine near me,broad,None,1
np naturopathic practitioner,1,0,0.0,0.0,0.0,0.0,0,,Leads-Search-1,Ad group 1,functional medicine,broad,None,1
nucca chiropractic near me,1,0,0.0,0.0,0.0,0.0,0,,Leads-Search-1,Ad group 1,naturopathic doctor near me,broad,None,1
nutripath doctor,1,0,0.0,0.0,0.0,0.0,0,,Leads-Search-1,Ad group 1,integrative medicine near me,broad,None,1
nutrition response testing,4,0,0.0,0.0,0.0,0.0,0,,Leads-Search-1,Ad group 1 | Functional & Integrative Medicine,functional doctor in my area | functional integrative doctor | functional medicine,broad,None,4
nutrition specialist,1,0,0.0,0.0,0.0,0.0,0,,Leads-Search-1,Ad group 1,holistic medicine Minneapolis,broad,None,1
nutritional psychiatrist near me,1,0,0.0,0.0,0.0,0.0,0,,Leads-Search-1,Ad group 1,holistic dr near me,broad,None,1
nutritional psychiatry near me,1,0,0.0,0.0,0.0,0.0,0,,Leads-Search-1,Ad group 1,holistic dr near me,broad,None,1
nutritional weight and wellness locations,1,0,0.0,0.0,0.0,0.0,0,,Leads-Search-1,Ad group 1,integrative medicine near me,broad,None,1
nutritionist specialist,1,0,0.0,0.0,0.0,0.0,0,,Leads-Search-1,Ad group 1,integrative health near me,broad,None,1
o keefe matz,1,0,0.0,0.0,0.0,0.0,0,,Leads-Search-1,Ad group 1,holistic dr near me,broad,None,1
obgyn associates edina,1,0,0.0,0.0,0.0,0.0,0,,Leads-Search-1,Ad group 1,women's health naturopath,broad,None,1
obgyn specialists almara women's health edina france ave france avenue south ste 200 edina mn,1,0,0.0,0.0,0.0,0.0,0,,Leads-Search-1,Ad group 1,naturopathic doctor Minneapolis,broad,None,1
one agora bloomington,1,0,0.0,0.0,0.0,0.0,0,,Leads-Search-1,Ad group 1,holistic medicine Minneapolis,phrase (close variant),None,1
one agora health clinic,1,0,0.0,0.0,0.0,0.0,0,,Leads-Search-1,Ad group 1,holistic dr near me,broad,None,1
optimal health lab,1,0,0.0,0.0,0.0,0.0,0,,Leads-Search-1,Ad group 1,integrative medicine near me,broad,None,1
orthomolecular doctors,1,0,0.0,0.0,0.0,0.0,0,,Leads-Search-1,Ad group 1,holistic dr near me,broad,None,1
orthomolecular medicine near me,1,0,0.0,0.0,0.0,0.0,0,,Leads-Search-1,Ad group 1,integrative medicine near me,broad,None,1
osteopath doctor near me,1,0,0.0,0.0,0.0,0.0,0,,Leads-Search-1,Ad group 1,naturopathic doctor near me,broad,None,1
osteopathic,1,0,0.0,0.0,0.0,0.0,0,,Leads-Search-1,Ad group 1,holistic dr near me,broad,Excluded,1
osteopathic doctor,2,0,0.0,0.0,0.0,0.0,0,,Leads-Search-1,Ad group 1 | Functional & Integrative Medicine,functional holistic medicine | functional medicine,broad,None,2
osteopathic doctors near me,1,0,0.0,0.0,0.0,0.0,0,,Leads-Search-1,Ad group 1,holistic dr near me,broad,None,1
osteopathic family physician,1,0,0.0,0.0,0.0,0.0,0,,Leads-Search-1,Ad group 1,holistic dr near me,broad,None,1
osteopathic manual medicine,1,0,0.0,0.0,0.0,0.0,0,,Leads-Search-1,Ad group 1,functional medicine,broad,None,1
osteopathy near me,3,0,0.0,0.0,0.0,0.0,0,,Leads-Search-1,Ad group 1 | Functional & Integrative Medicine | Naturopath Near Me — Core,alternative medicine near me | integrative medicine doctors in my area | integrative medicine near me,broad | phrase (close variant),None,3
ozone minnesota dr cassie,1,0,0.0,0.0,0.0,0.0,0,,Leads-Search-1,Ad group 1,naturopathic doctor near me,broad,None,1
ozone therapy minneapolis,1,0,0.0,0.0,0.0,0.0,0,,Leads-Search-1,Ad group 1,naturopathic doctor Minneapolis,broad,None,1
ozone therapy near me,4,0,0.0,0.0,0.0,0.0,0,,Leads-Search-1,Ad group 1 | Functional & Integrative Medicine | Naturopath Near Me — Core,alternative medicine doctors near me | functional medicine doctors in my area | functional medicine doctors near me | naturopathic doctor near me,broad,None,4
pam hartung,1,0,0.0,0.0,0.0,0.0,0,,Leads-Search-1,Ad group 1,holistic dr near me,broad,None,1
parasite cleanse holistic doctor,1,0,0.0,0.0,0.0,0.0,0,,Leads-Search-1,Ad group 1,integrative medicine near me,broad,None,1
parasite specialist doctor near me,1,0,0.0,0.0,0.0,0.0,0,,Leads-Search-1,Ad group 1,holistic dr near me,broad,None,1
park nicollet chanhassen,1,0,0.0,0.0,0.0,0.0,0,,Leads-Search-1,Ad group 1,naturopathic doctor near me,broad,None,1
park nicollet healthpartners,1,0,0.0,0.0,0.0,0.0,0,,Leads-Search-1,Ad group 1,holistic medicine Minneapolis,broad,None,1
park nicollet in burnsville mn,1,0,0.0,0.0,0.0,0.0,0,,Leads-Search-1,Ad group 1,integrative medicine near me,broad,None,1
park nicollet integrative medicine,1,0,0.0,0.0,0.0,0.0,0,,Leads-Search-1,Ad group 1,natural pediatrician near me,broad,None,1
park nicollet slp,1,0,0.0,0.0,0.0,0.0,0,,Leads-Search-1,Ad group 1,naturopathic doctor Minneapolis,broad,None,1
parsley health,1,0,0.0,0.0,0.0,0.0,0,,Leads-Search-1,Ad group 1,holistic dr near me,broad,None,1
pcos dietician near me,1,0,0.0,0.0,0.0,0.0,0,,Leads-Search-1,Ad group 1,holistic dr near me,broad,None,1
pcos nutritionist,1,0,0.0,0.0,0.0,0.0,0,,Leads-Search-1,Ad group 1,functional medicine,broad,None,1
peak wellness,3,0,0.0,0.0,0.0,0.0,0,,Leads-Search-1,Ad group 1 | Functional & Integrative Medicine | Naturopath Near Me — Core,alternative medicine near me | functional medicine doctors in my area | naturopathic doctor near me,broad,None,3
pediatric and young adult,1,0,0.0,0.0,0.0,0.0,0,,Leads-Search-1,Ad group 1,natural pediatrician near me,broad,None,1
pediatric integrative medicine,1,0,0.0,0.0,0.0,0.0,0,,Leads-Search-1,Ad group 1,natural medicine Minnesota,broad,None,1
pediatric nutritionist near me,1,0,0.0,0.0,0.0,0.0,0,,Leads-Search-1,Ad group 1,holistic dr near me,broad,None,1
penny george acupuncture,1,0,0.0,0.0,0.0,0.0,0,,Leads-Search-1,Ad group 1,holistic dr near me,broad,None,1
penny george allina,1,0,0.0,0.0,0.0,0.0,0,,Leads-Search-1,Ad group 1,integrative medicine near me,broad,None,1
penny george institute for health,1,0,0.0,0.0,0.0,0.0,0,,Leads-Search-1,Ad group 1,naturopathic doctor near me,broad,None,1
penny george minneapolis,1,0,0.0,0.0,0.0,0.0,0,,Leads-Search-1,Ad group 1,holistic dr near me,broad,None,1
perimenopause clinic,1,0,0.0,0.0,0.0,0.0,0,,Leads-Search-1,Ad group 1,integrative medicine near me,broad,None,1
perimenopause clinic near me,3,0,0.0,0.0,0.0,0.0,0,,Leads-Search-1,Ad group 1 | Women's Health & Hormones,holistic dr near me | hormone doctor near me | perimenopause doctor near me,broad | exact (close variant) | phrase (close variant),None,3
plotnikoff,1,0,0.0,0.0,0.0,0.0,0,,Leads-Search-1,Ad group 1,integrative medicine near me,broad,None,1
plymouth clinic near me,2,0,0.0,0.0,0.0,0.0,0,,Leads-Search-1,Ad group 1 | Naturopath Near Me — Core,holistic dr near me | integrative medicine near me,broad,None,2
plymouth clinic westhealth building 2805 campus drive suite 105 plymouth minnesota 55441,1,0,0.0,0.0,0.0,0.0,0,,Leads-Search-1,Ad group 1,naturopathic doctor Minneapolis,broad,None,1
pots doctors near me,1,0,0.0,0.0,0.0,0.0,0,,Leads-Search-1,Ad group 1,alternative medicine doctors near me,broad,None,1
prana health,1,0,0.0,0.0,0.0,0.0,0,,Leads-Search-1,Ad group 1,natural medicine Minnesota,broad,None,1
primary care clinic minneapolis,1,0,0.0,0.0,0.0,0.0,0,,Leads-Search-1,Ad group 1,holistic dr near me,broad,None,1
primary care doctors nearby,1,0,0.0,0.0,0.0,0.0,0,,Leads-Search-1,Ad group 1,holistic dr near me,broad,None,1
primary care physician minneapolis,1,0,0.0,0.0,0.0,0.0,0,,Leads-Search-1,Ad group 1,naturopathic doctor near me,broad,None,1
primary care provider near me,1,0,0.0,0.0,0.0,0.0,0,,Leads-Search-1,Ad group 1,integrative medicine near me,broad,None,1
primary doctors near me,2,0,0.0,0.0,0.0,0.0,0,,Leads-Search-1,Ad group 1 | Pediatrics,integrative medicine near me | pediatric naturopath near me,broad,None,2
primary doctors near me accepting new patients,2,0,0.0,0.0,0.0,0.0,0,,Leads-Search-1,Ad group 1 | Functional & Integrative Medicine,functional medicine doctors near me | integrative medicine near me,broad,None,2
private clinic near me,1,0,0.0,0.0,0.0,0.0,0,,Leads-Search-1,Ad group 1,holistic dr near me,broad,None,1
private rheumatologist near me,1,0,0.0,0.0,0.0,0.0,0,,Leads-Search-1,Ad group 1,holistic dr near me,broad,None,1
privia health near me,1,0,0.0,0.0,0.0,0.0,0,,Leads-Search-1,Ad group 1,naturopathic doctor near me,broad,None,1
professional acupuncture,1,0,0.0,0.0,0.0,0.0,0,,Leads-Search-1,Ad group 1,holistic dr near me,broad,None,1
psv natural health,1,0,0.0,0.0,0.0,0.0,0,,Leads-Search-1,Ad group 1,natural pediatrician near me,broad,None,1
qigong doctor,1,0,0.0,0.0,0.0,0.0,0,,Leads-Search-1,Ad group 1,holistic dr near me,broad,None,1
qigong healer near me,1,0,0.0,0.0,0.0,0.0,0,,Leads-Search-1,Ad group 1,holistic dr near me,broad,None,1
que es minnesota care,1,0,0.0,0.0,0.0,0.0,0,,Leads-Search-1,Ad group 1,holistic medicine Minneapolis,broad,None,1
rachel oppitz,1,0,0.0,0.0,0.0,0.0,0,,Leads-Search-1,Ad group 1,holistic dr near me,broad,None,1
randi shannon,1,0,0.0,0.0,0.0,0.0,0,,Leads-Search-1,Ad group 1,holistic dr near me,broad,None,1
rebecca gieseker,1,0,0.0,0.0,0.0,0.0,0,,Leads-Search-1,Ad group 1,naturopathic doctor near me,broad,None,1
reclaim wellness,1,0,0.0,0.0,0.0,0.0,0,,Leads-Search-1,Ad group 1,naturopathic doctor Minneapolis,broad,None,1
redbird wellness,2,0,0.0,0.0,0.0,0.0,0,,Leads-Search-1,Ad group 1,holistic dr near me | naturopathic doctor near me,broad,None,2
reflexology minneapolis,1,0,0.0,0.0,0.0,0.0,0,,Leads-Search-1,Ad group 1,holistic dr near me,broad,None,1
regenerative medicine minnesota,1,0,0.0,0.0,0.0,0.0,0,,Leads-Search-1,Ad group 1,holistic dr near me,broad,None,1
regenerative therapy near me,1,0,0.0,0.0,0.0,0.0,0,,Leads-Search-1,Ad group 1,holistic dr near me,broad,None,1
regenerative treatment near me,1,0,0.0,0.0,0.0,0.0,0,,Leads-Search-1,Ad group 1,holistic dr near me,broad,None,1
registered naturopathic doctor,1,0,0.0,0.0,0.0,0.0,0,,Leads-Search-1,Ad group 1,holistic dr near me,broad,None,1
reiki healing minneapolis,1,0,0.0,0.0,0.0,0.0,0,,Leads-Search-1,Ad group 1,integrative medicine near me,broad,None,1
reiki healing near me,1,0,0.0,0.0,0.0,0.0,0,,Leads-Search-1,Ad group 1,naturopathic doctor Minneapolis,broad,None,1
reiki healing session,1,0,0.0,0.0,0.0,0.0,0,,Leads-Search-1,Ad group 1,naturopathic doctor near me,broad,None,1
reiki in minnesota,1,0,0.0,0.0,0.0,0.0,0,,Leads-Search-1,Ad group 1,holistic medicine Minneapolis,broad,None,1
reiki migraine,1,0,0.0,0.0,0.0,0.0,0,,Leads-Search-1,Ad group 1,naturopathic doctor near me,broad,None,1
reiki sleep,1,0,0.0,0.0,0.0,0.0,0,,Leads-Search-1,Ad group 1,holistic dr near me,broad,None,1
reiki treatment near me,1,0,0.0,0.0,0.0,0.0,0,,Leads-Search-1,Ad group 1,holistic dr near me,broad,None,1
relive health minnetonka,1,0,0.0,0.0,0.0,0.0,0,,Leads-Search-1,Ad group 1,holistic dr near me,broad,None,1
relive minnetonka,4,0,0.0,0.0,0.0,0.0,0,,Leads-Search-1,Ad group 1 | Functional & Integrative Medicine | Naturopath Near Me — Core,functional medicine clinic near me | functional medicine near me | holistic dr near me | naturopaths in my area,broad,None,4
restorative health,1,0,0.0,0.0,0.0,0.0,0,,Leads-Search-1,Ad group 1,holistic dr near me,broad,None,1
restorative wellness practitioner,1,0,0.0,0.0,0.0,0.0,0,,Leads-Search-1,Ad group 1,holistic medicine Minneapolis,broad,None,1
restore hyper wellness near me,1,0,0.0,0.0,0.0,0.0,0,,Leads-Search-1,Ad group 1,integrative medicine near me,broad,None,1
rheumatologist near me,1,0,0.0,0.0,0.0,0.0,0,,Leads-Search-1,Ad group 1,holistic dr near me,broad,None,1
ridgeview medical,1,0,0.0,0.0,0.0,0.0,0,,Leads-Search-1,Ad group 1,holistic medicine Minneapolis,broad,None,1
riverway clinic,1,0,0.0,0.0,0.0,0.0,0,,Leads-Search-1,Ad group 1,naturopathic doctor Minneapolis,broad,None,1
robert bruley md,1,0,0.0,0.0,0.0,0.0,0,,Leads-Search-1,Ad group 1,functional medicine,phrase (close variant),None,1
root wellness center,1,0,0.0,0.0,0.0,0.0,0,,Leads-Search-1,Ad group 1,integrative medicine near me,broad,None,1
ror2 naturopath,1,0,0.0,0.0,0.0,0.0,0,,Leads-Search-1,Ad group 1,naturopathic dr near me,broad,None,1
saat treatment near me,1,0,0.0,0.0,0.0,0.0,0,,Leads-Search-1,Ad group 1,holistic dr near me,broad,None,1
sacred root,1,0,0.0,0.0,0.0,0.0,0,,Leads-Search-1,Ad group 1,alternative medicine doctors near me,broad,None,1
sage and sol,1,0,0.0,0.0,0.0,0.0,0,,Leads-Search-1,Ad group 1,naturopathic doctor near me,broad,None,1
sarah mazig,1,0,0.0,0.0,0.0,0.0,0,,Leads-Search-1,Ad group 1,integrative medicine near me,broad,None,1
sarulatha kuppa,1,0,0.0,0.0,0.0,0.0,0,,Leads-Search-1,Ad group 1,naturopathic doctor near me,broad,None,1
sean omara md,1,0,0.0,0.0,0.0,0.0,0,,Leads-Search-1,Ad group 1,functional medicine,broad,None,1
secoya health woodbury,2,0,0.0,0.0,0.0,0.0,0,,Leads-Search-1,Ad group 1 | Women's Health & Hormones,female naturopath | holistic dr near me,broad,None,2
selene silva,1,0,0.0,0.0,0.0,0.0,0,,Leads-Search-1,Ad group 1,holistic dr near me,broad,None,1
senior women's health,1,0,0.0,0.0,0.0,0.0,0,,Leads-Search-1,Ad group 1,holistic dr near me,broad,None,1
services offered by one agora,1,0,0.0,0.0,0.0,0.0,0,,Leads-Search-1,Ad group 1,holistic dr near me,broad,None,1
shayla anderson md,1,0,0.0,0.0,0.0,0.0,0,,Leads-Search-1,Ad group 1,natural pediatrician near me,broad,None,1
skip hart,1,0,0.0,0.0,0.0,0.0,0,,Leads-Search-1,Ad group 1,holistic dr near me,broad,None,1
snow holistic health,1,0,0.0,0.0,0.0,0.0,0,,Leads-Search-1,Ad group 1,natural pediatrician near me,broad,None,1
somatic healing near me,1,0,0.0,0.0,0.0,0.0,0,,Leads-Search-1,Ad group 1,integrative medicine near me,broad,None,1
somatic therapy minneapolis,1,0,0.0,0.0,0.0,0.0,0,,Leads-Search-1,Ad group 1,holistic dr near me,broad,None,1
southwest integrative medicine,1,0,0.0,0.0,0.0,0.0,0,,Leads-Search-1,Ad group 1,holistic dr near me,broad,None,1
spiritual treatment near me,1,0,0.0,0.0,0.0,0.0,0,,Leads-Search-1,Ad group 1,holistic dr near me,broad,None,1
st louis park health partners clinic,1,0,0.0,0.0,0.0,0.0,0,,Leads-Search-1,Ad group 1,holistic dr near me,broad,None,1
st michael clinic near me,1,0,0.0,0.0,0.0,0.0,0,,Leads-Search-1,Ad group 1,naturopathic doctor Minneapolis,broad,None,1
staci holweger,1,0,0.0,0.0,0.0,0.0,0,,Leads-Search-1,Ad group 1,holistic dr near me,broad,None,1
sunu wellness center minnetonka,1,0,0.0,0.0,0.0,0.0,0,,Leads-Search-1,Ad group 1,naturopathic doctor near me,broad,None,1
sunuwellness,2,0,0.0,0.0,0.0,0.0,0,,Leads-Search-1,Ad group 1 | Naturopath Near Me — Core,integrative medicine near me | naturalist dr near me,broad,None,2
symmetry wellness,1,0,0.0,0.0,0.0,0.0,0,,Leads-Search-1,Ad group 1,holistic dr near me,broad,None,1
synapse eagan,1,0,0.0,0.0,0.0,0.0,0,,Leads-Search-1,Ad group 1,naturopathic doctor near me,broad,None,1
synergy clinic,1,0,0.0,0.0,0.0,0.0,0,,Leads-Search-1,Ad group 1,holistic dr near me,broad,None,1
synergy clinic white bear lake,1,0,0.0,0.0,0.0,0.0,0,,Leads-Search-1,Ad group 1,holistic dr near me,broad,None,1
tania khazaal,1,0,0.0,0.0,0.0,0.0,0,,Leads-Search-1,Ad group 1,naturopathic doctor near me,broad,None,1
tara nelson md,1,0,0.0,0.0,0.0,0.0,0,,Leads-Search-1,Ad group 1,holistic dr near me,broad,None,1
tatum fjerstad,1,0,0.0,0.0,0.0,0.0,0,,Leads-Search-1,Ad group 1,naturopathic doctor near me,broad,None,1
tcm acupuncture,2,0,0.0,0.0,0.0,0.0,0,,Leads-Search-1,Ad group 1,holistic dr near me | natural medicine Minnesota,broad,None,2
tcm doctor near me,1,0,0.0,0.0,0.0,0.0,0,,Leads-Search-1,Ad group 1,natural pediatrician near me,broad,None,1
tcm health center,3,0,0.0,0.0,0.0,0.0,0,,Leads-Search-1,Ad group 1 | Naturopath Near Me — Core,holistic dr near me | naturopathic doctor near me,broad,None,3
tcm yeast infection,1,0,0.0,0.0,0.0,0.0,0,,Leads-Search-1,Ad group 1,holistic dr near me,broad,None,1
terry wahls,2,0,0.0,0.0,0.0,0.0,0,,Leads-Search-1,Ad group 1 | Functional & Integrative Medicine,functional medicine doctors near me | holistic dr near me,broad,None,2
the james clinic,1,0,0.0,0.0,0.0,0.0,0,,Leads-Search-1,Ad group 1,holistic dr near me,broad,None,1
the perrin technique,1,0,0.0,0.0,0.0,0.0,0,,Leads-Search-1,Ad group 1,integrative medicine near me,broad,None,1
thermography clinic near me,1,0,0.0,0.0,0.0,0.0,0,,Leads-Search-1,Ad group 1,integrative medicine near me,broad,None,1
thyroid check near me,1,0,0.0,0.0,0.0,0.0,0,,Leads-Search-1,Ad group 1,functional medicine near me,broad,None,1
thyroidologist near me,1,0,0.0,0.0,0.0,0.0,0,,Leads-Search-1,Ad group 1,holistic dr near me,broad,None,1
tibetan medicine near me,1,0,0.0,0.0,0.0,0.0,0,,Leads-Search-1,Ad group 1,naturopathic doctor near me,broad,None,1
tina ozbeki,1,0,0.0,0.0,0.0,0.0,0,,Leads-Search-1,Ad group 1,holistic dr near me,broad,None,1
top functional medicine doctors in the us,1,0,0.0,0.0,0.0,0.0,0,,Leads-Search-1,Ad group 1,natural medicine Minnesota,broad,None,1
top rated functional medicine near me,1,0,0.0,0.0,0.0,0.0,0,,Leads-Search-1,Ad group 1,holistic dr near me,broad,None,1
traditional chinese medicine doctor near me,2,0,0.0,0.0,0.0,0.0,0,,Leads-Search-1,Ad group 1,naturopathic doctor Minneapolis | naturopathic doctor near me,broad,None,2
traditional chinese medicine practitioner near me,1,0,0.0,0.0,0.0,0.0,0,,Leads-Search-1,Ad group 1,holistic dr near me,phrase (close variant),None,1
treatments medical,1,0,0.0,0.0,0.0,0.0,0,,Leads-Search-1,Ad group 1,integrative medicine near me,broad,None,1
tria orthopedic center bloomington,1,0,0.0,0.0,0.0,0.0,0,,Leads-Search-1,Ad group 1,holistic medicine Minneapolis,broad,None,1
troy spurrill,1,0,0.0,0.0,0.0,0.0,0,,Leads-Search-1,Ad group 1,holistic dr near me,broad,None,1
true health naturopathic,1,0,0.0,0.0,0.0,0.0,0,,Leads-Search-1,Ad group 1,holistic dr near me,broad,None,1
trusted acupuncture,1,0,0.0,0.0,0.0,0.0,0,,Leads-Search-1,Ad group 1,men's health naturopath,broad,None,1
ultimate wellness center,1,0,0.0,0.0,0.0,0.0,0,,Leads-Search-1,Ad group 1,holistic dr near me,broad,None,1
upstream functional medicine,1,0,0.0,0.0,0.0,0.0,0,,Leads-Search-1,Ad group 1,integrative medicine near me,broad,None,1
vaginal health dietitian,1,0,0.0,0.0,0.0,0.0,0,,Leads-Search-1,Ad group 1,holistic dr near me,broad,None,1
valley health and wellness,3,0,0.0,0.0,0.0,0.0,0,,Leads-Search-1,Ad group 1,holistic dr near me | holistic medicine Minneapolis | naturopathic doctor Minneapolis,broad,None,3
vegan doctors near me,1,0,0.0,0.0,0.0,0.0,0,,Leads-Search-1,Ad group 1,integrative medicine near me,broad,None,1
vegan nutritionist near me,1,0,0.0,0.0,0.0,0.0,0,,Leads-Search-1,Ad group 1,naturopathic doctor near me,broad,None,1
vibe integrative health,1,0,0.0,0.0,0.0,0.0,0,,Leads-Search-1,Ad group 1,holistic dr near me,broad,None,1
vintage health,1,0,0.0,0.0,0.0,0.0,0,,Leads-Search-1,Ad group 1,integrative medicine near me,broad,None,1
waconia womens health,1,0,0.0,0.0,0.0,0.0,0,,Leads-Search-1,Ad group 1,holistic dr near me,broad,None,1
walsh protocol practitioners near me,1,0,0.0,0.0,0.0,0.0,0,,Leads-Search-1,Ad group 1,naturopathic doctor near me,broad,None,1
warren king mn,1,0,0.0,0.0,0.0,0.0,0,,Leads-Search-1,Ad group 1,holistic dr near me,broad,None,1
webster technique chiropractor near me,1,0,0.0,0.0,0.0,0.0,0,,Leads-Search-1,Ad group 1,holistic dr near me,broad,None,1
well woman services,1,0,0.0,0.0,0.0,0.0,0,,Leads-Search-1,Ad group 1,naturopathic doctor Minneapolis,broad,None,1
wellness center hopkins,1,0,0.0,0.0,0.0,0.0,0,,Leads-Search-1,Ad group 1,holistic dr near me,broad,None,1
wellness center minnetonka,2,0,0.0,0.0,0.0,0.0,0,,Leads-Search-1,Ad group 1,holistic dr near me | integrative medicine near me,broad,None,2
wellness clinics,1,0,0.0,0.0,0.0,0.0,0,,Leads-Search-1,Ad group 1,naturopathic doctor Minneapolis,broad,None,1
wellness doctor near me,2,0,0.0,0.0,0.0,0.0,0,,Leads-Search-1,Ad group 1 | Functional & Integrative Medicine,integrative medicine near me | naturopathic doctor near me,broad | phrase (close variant),None,2
wellness doctors,1,0,0.0,0.0,0.0,0.0,0,,Leads-Search-1,Ad group 1,holistic dr near me,broad,None,1
wellness health,1,0,0.0,0.0,0.0,0.0,0,,Leads-Search-1,Ad group 1,holistic dr near me,broad,None,1
wellness holistic,1,0,0.0,0.0,0.0,0.0,0,,Leads-Search-1,Ad group 1,integrative medicine near me,broad,None,1
wellness medicine,1,0,0.0,0.0,0.0,0.0,0,,Leads-Search-1,Ad group 1,naturopathic doctor near me,broad,None,1
wellness medicine near me,1,0,0.0,0.0,0.0,0.0,0,,Leads-Search-1,Ad group 1,holistic dr near me,broad,None,1
wellness within,1,0,0.0,0.0,0.0,0.0,0,,Leads-Search-1,Ad group 1,holistic medicine Minneapolis,broad,None,1
what doctor for hormonal imbalance,1,0,0.0,0.0,0.0,0.0,0,,Leads-Search-1,Ad group 1,naturopathic doctor near me,broad,None,1
what is a holistic doctor,2,0,0.0,0.0,0.0,0.0,0,,Leads-Search-1,Ad group 1,holistic dr near me | natural pediatrician near me,broad,None,2
what is functional medicine doctor,2,0,0.0,0.0,0.0,0.0,0,,Leads-Search-1,Ad group 1,functional medicine | naturopathic doctor near me,broad | phrase,None,2
what is holistic approach,1,0,0.0,0.0,0.0,0.0,0,,Leads-Search-1,Ad group 1,holistic dr near me,broad,None,1
what is naturopathic medicine,1,0,0.0,0.0,0.0,0.0,0,,Leads-Search-1,Ad group 1,natural pediatrician near me,broad,None,1
what kind of doctor uses natural remedies,1,0,0.0,0.0,0.0,0.0,0,,Leads-Search-1,Ad group 1,integrative medicine near me,broad,None,1
where to get an enema done professionally,1,0,0.0,0.0,0.0,0.0,0,,Leads-Search-1,Ad group 1,integrative medicine near me,broad,None,1
who do i see for hormone imbalance,1,0,0.0,0.0,0.0,0.0,0,,Leads-Search-1,Ad group 1,holistic dr near me,broad,None,1
whole body wellness,1,0,0.0,0.0,0.0,0.0,0,,Leads-Search-1,Ad group 1,holistic medicine Minneapolis,broad,None,1
whole life clinic rosemount,1,0,0.0,0.0,0.0,0.0,0,,Leads-Search-1,Ad group 1,naturopathic doctor near me,broad,None,1
wholistic health care near me,1,0,0.0,0.0,0.0,0.0,0,,Leads-Search-1,Ad group 1,natural pediatrician near me,broad,None,1
wholistic wellness way,1,0,0.0,0.0,0.0,0.0,0,,Leads-Search-1,Ad group 1,integrative medicine near me,broad,None,1
wild acupuncture,1,0,0.0,0.0,0.0,0.0,0,,Leads-Search-1,Ad group 1,integrative medicine near me,broad,None,1
wildwood wellness,2,0,0.0,0.0,0.0,0.0,0,,Leads-Search-1,Ad group 1 | Functional & Integrative Medicine,functional integrative medicine near me | naturopathic doctor near me,broad,None,2
wisdom wellness,1,0,0.0,0.0,0.0,0.0,0,,Leads-Search-1,Ad group 1,holistic medicine Minneapolis,broad,None,1
women's functional medicine near me,1,0,0.0,0.0,0.0,0.0,0,,Leads-Search-1,Ad group 1,integrative medicine near me,phrase (close variant),None,1
women's health doctor,1,0,0.0,0.0,0.0,0.0,0,,Leads-Search-1,Ad group 1,integrative medicine near me,broad,None,1
women's health initiative,1,0,0.0,0.0,0.0,0.0,0,,Leads-Search-1,Ad group 1,women's health naturopath,broad,None,1
women's health menopause clinic near me,1,0,0.0,0.0,0.0,0.0,0,,Leads-Search-1,Ad group 1,integrative medicine near me,broad,None,1
women's naturopath near me,1,0,0.0,0.0,0.0,0.0,0,,Leads-Search-1,Ad group 1,naturopathic doctor near me,phrase (close variant),None,1
women's primary care near me,1,0,0.0,0.0,0.0,0.0,0,,Leads-Search-1,Ad group 1,holistic dr near me,broad,None,1
womens health clinic minneapolis,3,0,0.0,0.0,0.0,0.0,0,,Leads-Search-1,Ad group 1 | Functional & Integrative Medicine | Women's Health & Hormones,functional medicine for hormones | integrative health near me | naturopathic doctor Minneapolis,broad,None,3
womens health doctors near me,1,0,0.0,0.0,0.0,0.0,0,,Leads-Search-1,Ad group 1,holistic dr near me,broad,None,1
womens health edina,2,0,0.0,0.0,0.0,0.0,0,,Leads-Search-1,Ad group 1 | Women's Health & Hormones,hormone doctor near me | women's health naturopath,broad,None,2
womens wellness,2,0,0.0,0.0,0.0,0.0,0,,Leads-Search-1,Ad group 1 | Women's Health & Hormones,integrative medicine near me | women's naturopath near me,broad,None,2
womens wellness near me,1,0,0.0,0.0,0.0,0.0,0,,Leads-Search-1,Ad group 1,holistic dr near me,broad,None,1
1 health dr eden prairie mn 55344,1,0,0.0,0.0,0.0,0.0,0,,Leads-Search-1,Functional & Integrative Medicine,functional medicine doctors in my area,broad,None,1
4 pillars functional medicine,1,0,0.0,0.0,0.0,0.0,0,,Leads-Search-1,Functional & Integrative Medicine,integrative health near me,broad,None,1
42percenthealth,1,0,0.0,0.0,0.0,0.0,0,,Leads-Search-1,Functional & Integrative Medicine,functional doctor in my area,broad,None,1
7 second liver reset dr sam,1,0,0.0,0.0,0.0,0.0,0,,Leads-Search-1,Functional & Integrative Medicine,functional medicine,broad,None,1
a diet for leaky gut,1,0,0.0,0.0,0.0,0.0,0,,Leads-Search-1,Functional & Integrative Medicine,functional medicine,broad,None,1
a doctor,1,0,0.0,0.0,0.0,0.0,0,,Leads-Search-1,Functional & Integrative Medicine,integrative medicine doctors in my area,broad,None,1
a midwestern doctor,1,0,0.0,0.0,0.0,0.0,0,,Leads-Search-1,Functional & Integrative Medicine,integrated doctor,broad,None,1
aa physicians,1,0,0.0,0.0,0.0,0.0,0,,Leads-Search-1,Functional & Integrative Medicine,functional integrative medicine near me,broad,None,1
abbott northwestern general medicine,1,0,0.0,0.0,0.0,0.0,0,,Leads-Search-1,Functional & Integrative Medicine,functional holistic medicine,broad,None,1
abbott nw general medicine associates,2,0,0.0,0.0,0.0,0.0,0,,Leads-Search-1,Functional & Integrative Medicine | Geo-Qualified — Hopkins & West Metro,functional doctor in my area | natural medicine Minnesota,broad,None,2
accupressure for liver health,1,0,0.0,0.0,0.0,0.0,0,,Leads-Search-1,Functional & Integrative Medicine,functional medical,broad,None,1
activemed,1,0,0.0,0.0,0.0,0.0,0,,Leads-Search-1,Functional & Integrative Medicine,functional medicine doctors in my area,broad,None,1
acupuncture chanhassen mn,2,0,0.0,0.0,0.0,0.0,0,,Leads-Search-1,Functional & Integrative Medicine,functional integrative medicine near me | functional medicine near me,broad,None,2
acupuncture doctor,2,0,0.0,0.0,0.0,0.0,0,,Leads-Search-1,Functional & Integrative Medicine,functional integrative medicine near me | functional medicine doctors in my area,broad,None,2
acupuncture fertility near me,2,0,0.0,0.0,0.0,0.0,0,,Leads-Search-1,Functional & Integrative Medicine,functional medicine near me | integrative health near me,broad,None,2
acupuncture health center,1,0,0.0,0.0,0.0,0.0,0,,Leads-Search-1,Functional & Integrative Medicine,functional medicine,broad,None,1
acupuncture neuropathy near me,1,0,0.0,0.0,0.0,0.0,0,,Leads-Search-1,Functional & Integrative Medicine,functional medicine doctors near me,broad,None,1
acupuntura near me,1,0,0.0,0.0,0.0,0.0,0,,Leads-Search-1,Functional & Integrative Medicine,functional integrative medicine near me,broad,None,1
adult health checkup,1,0,0.0,0.0,0.0,0.0,0,,Leads-Search-1,Functional & Integrative Medicine,functional medical,broad,None,1
adult medicine,1,0,0.0,0.0,0.0,0.0,0,,Leads-Search-1,Functional & Integrative Medicine,functional doctor in my area,broad,None,1
adult preventive care,1,0,0.0,0.0,0.0,0.0,0,,Leads-Search-1,Functional & Integrative Medicine,integrative medicine doctors in my area,broad,None,1
adventhealth near me,1,0,0.0,0.0,0.0,0.0,0,,Leads-Search-1,Functional & Integrative Medicine,functional medicine doctors in my area,broad,None,1
affinity health care,1,0,0.0,0.0,0.0,0.0,0,,Leads-Search-1,Functional & Integrative Medicine,integrative medicine doctors in my area,broad,None,1
alfonzo monzo,1,0,0.0,0.0,0.0,0.0,0,,Leads-Search-1,Functional & Integrative Medicine,natural functional doctor,phrase (close variant),None,1
alina clinics,2,0,0.0,0.0,0.0,0.0,0,,Leads-Search-1,Functional & Integrative Medicine | Naturopath Near Me — Core,functional medicine near me | naturalist dr near me,broad,None,2
alina healthcare,6,0,0.0,0.0,0.0,0.0,0,,Leads-Search-1,Functional & Integrative Medicine,functional doctor | functional integrative doctor | functional medical | functional medical clinic | functional medicine doctors near me | integrative medicine near me,broad,Excluded,6
alive and well,1,0,0.0,0.0,0.0,0.0,0,,Leads-Search-1,Functional & Integrative Medicine,functional medicine near me,broad,None,1
all care,1,0,0.0,0.0,0.0,0.0,0,,Leads-Search-1,Functional & Integrative Medicine,functional integrative medicine near me,broad,None,1
almara women's health,5,0,0.0,0.0,0.0,0.0,0,,Leads-Search-1,Functional & Integrative Medicine | Women's Health & Hormones,integrative doctor | integrative health near me | naturopath for women's health | women's health naturopath | women's naturopath near me,broad,None,5
alpha clinic,1,0,0.0,0.0,0.0,0.0,0,,Leads-Search-1,Functional & Integrative Medicine,functional medicine near me,broad,None,1
alpha health,1,0,0.0,0.0,0.0,0.0,0,,Leads-Search-1,Functional & Integrative Medicine,functional integrative doctor,broad,None,1
alternative health medicine,1,0,0.0,0.0,0.0,0.0,0,,Leads-Search-1,Functional & Integrative Medicine,functional medicine doctors in my area,broad,None,1
alternative medicine clinics,1,0,0.0,0.0,0.0,0.0,0,,Leads-Search-1,Functional & Integrative Medicine,functional medical,broad,None,1
alternative medicine for back pain,1,0,0.0,0.0,0.0,0.0,0,,Leads-Search-1,Functional & Integrative Medicine,functional medicine,broad,None,1
alternative medicine practitioner near me,1,0,0.0,0.0,0.0,0.0,0,,Leads-Search-1,Functional & Integrative Medicine,functional medicine near me,broad,None,1
alternative medicines,1,0,0.0,0.0,0.0,0.0,0,,Leads-Search-1,Functional & Integrative Medicine,functional medicine,broad,None,1
alternative therapy clinic,1,0,0.0,0.0,0.0,0.0,0,,Leads-Search-1,Functional & Integrative Medicine,functional medical physician,broad,None,1
alternative treatments for arthritis,1,0,0.0,0.0,0.0,0.0,0,,Leads-Search-1,Functional & Integrative Medicine,functional integrative doctor,broad,None,1
amara health,1,0,0.0,0.0,0.0,0.0,0,,Leads-Search-1,Functional & Integrative Medicine,functional doctor in my area,broad,None,1
amazing health care,1,0,0.0,0.0,0.0,0.0,0,,Leads-Search-1,Functional & Integrative Medicine,integrative medicine near me,broad,None,1
amber bates nutritionist,1,0,0.0,0.0,0.0,0.0,0,,Leads-Search-1,Functional & Integrative Medicine,functional medicine practitioner,broad,None,1
ambulatory clinics,1,0,0.0,0.0,0.0,0.0,0,,Leads-Search-1,Functional & Integrative Medicine,best functional doctors near me,broad,None,1
american specialty health,1,0,0.0,0.0,0.0,0.0,0,,Leads-Search-1,Functional & Integrative Medicine,integrative medicine doctors in my area,broad,None,1
angma medicine clinic,1,0,0.0,0.0,0.0,0.0,0,,Leads-Search-1,Functional & Integrative Medicine,functional medicine practitioner,broad,None,1
annual physical exam for adults,1,0,0.0,0.0,0.0,0.0,0,,Leads-Search-1,Functional & Integrative Medicine,functional medicine clinic near me,broad,None,1
anthroposophic doctors near me,1,0,0.0,0.0,0.0,0.0,0,,Leads-Search-1,Functional & Integrative Medicine,functional doctor in my area,broad,None,1
anw general medicine associates,1,0,0.0,0.0,0.0,0.0,0,,Leads-Search-1,Functional & Integrative Medicine,functional integrative doctor,broad,None,1
apollo health bredesen,1,0,0.0,0.0,0.0,0.0,0,,Leads-Search-1,Functional & Integrative Medicine,functional medicine,broad,None,1
arnold ehret,1,0,0.0,0.0,0.0,0.0,0,,Leads-Search-1,Functional & Integrative Medicine,functional medicine practitioner,broad,None,1
arthritis treatment,1,0,0.0,0.0,0.0,0.0,0,,Leads-Search-1,Functional & Integrative Medicine,functional medicine,broad,None,1
ask dr hoffman,1,0,0.0,0.0,0.0,0.0,0,,Leads-Search-1,Functional & Integrative Medicine,functional medicine,broad,None,1
aspire health,1,0,0.0,0.0,0.0,0.0,0,,Leads-Search-1,Functional & Integrative Medicine,functional medicine doctors in my area,broad,None,1
aspire health care,1,0,0.0,0.0,0.0,0.0,0,,Leads-Search-1,Functional & Integrative Medicine,functional integrative doctor,broad,None,1
aspirehealth,1,0,0.0,0.0,0.0,0.0,0,,Leads-Search-1,Functional & Integrative Medicine,functional medical,broad,None,1
aurora internal medicine,1,0,0.0,0.0,0.0,0.0,0,,Leads-Search-1,Functional & Integrative Medicine,best functional doctors near me,broad,None,1
autoimmune dietitian,1,0,0.0,0.0,0.0,0.0,0,,Leads-Search-1,Functional & Integrative Medicine,functional integrative doctor,broad,None,1
autoimmune disease,1,0,0.0,0.0,0.0,0.0,0,,Leads-Search-1,Functional & Integrative Medicine,functional integrative doctor,broad,None,1
autoimmune disorders awareness,1,0,0.0,0.0,0.0,0.0,0,,Leads-Search-1,Functional & Integrative Medicine,functional medicine,broad,None,1
autoimmune protocol for hashimoto's,1,0,0.0,0.0,0.0,0.0,0,,Leads-Search-1,Functional & Integrative Medicine,functional medicine,broad,None,1
autoimmune testing,1,0,0.0,0.0,0.0,0.0,0,,Leads-Search-1,Functional & Integrative Medicine,functional medicine,broad,None,1
axis healthcare,1,0,0.0,0.0,0.0,0.0,0,,Leads-Search-1,Functional & Integrative Medicine,functional medicine near me,broad,None,1
b12 methylation,1,0,0.0,0.0,0.0,0.0,0,,Leads-Search-1,Functional & Integrative Medicine,functional medicine,broad,None,1
back to health richfield,1,0,0.0,0.0,0.0,0.0,0,,Leads-Search-1,Functional & Integrative Medicine,integrative medicine doctors in my area,broad,None,1
balance wellness,1,0,0.0,0.0,0.0,0.0,0,,Leads-Search-1,Functional & Integrative Medicine,functional holistic medicine,broad,None,1
balanced health and wellness,1,0,0.0,0.0,0.0,0.0,0,,Leads-Search-1,Functional & Integrative Medicine,functional doctor,broad,None,1
bandana square,1,0,0.0,0.0,0.0,0.0,0,,Leads-Search-1,Functional & Integrative Medicine,functional integrative medicine near me,broad,None,1
best clinics near me,1,0,0.0,0.0,0.0,0.0,0,,Leads-Search-1,Functional & Integrative Medicine,functional medicine doctors near me,broad,None,1
best doctors for headaches,1,0,0.0,0.0,0.0,0.0,0,,Leads-Search-1,Functional & Integrative Medicine,integrated doctor,broad,None,1
best doctors near me,3,0,0.0,0.0,0.0,0.0,0,,Leads-Search-1,Functional & Integrative Medicine,functional doctor in my area | functional medicine doctors near me | integrative doctor,broad,None,3
best general practice doctors near me,1,0,0.0,0.0,0.0,0.0,0,,Leads-Search-1,Functional & Integrative Medicine,functional medicine near me,broad,None,1
best gi doctors in mn,1,0,0.0,0.0,0.0,0.0,0,,Leads-Search-1,Functional & Integrative Medicine,integrative health near me,broad,None,1
best ibd doctors near me,1,0,0.0,0.0,0.0,0.0,0,,Leads-Search-1,Functional & Integrative Medicine,integrative medicine near me,broad,None,1
best internal medicine doctors in twin cities,1,0,0.0,0.0,0.0,0.0,0,,Leads-Search-1,Functional & Integrative Medicine,functional medicine doctors near me,broad,None,1
best internal medicine doctors minneapolis,1,0,0.0,0.0,0.0,0.0,0,,Leads-Search-1,Functional & Integrative Medicine,functional integrative doctor,broad,None,1
best natural path doctor near me,2,0,0.0,0.0,0.0,0.0,0,,Leads-Search-1,Functional & Integrative Medicine | Naturopath Near Me — Core,alternative medicine doctors near me | integrative medicine near me,broad | phrase (close variant),None,2
best sibo doctor,2,0,0.0,0.0,0.0,0.0,0,,Leads-Search-1,Functional & Integrative Medicine,best functional doctors near me | functional integrative medicine near me,broad,None,2
beth wodrich,1,0,0.0,0.0,0.0,0.0,0,,Leads-Search-1,Functional & Integrative Medicine,integrative medicine near me,broad,None,1
bethesda clinic,1,0,0.0,0.0,0.0,0.0,0,,Leads-Search-1,Functional & Integrative Medicine,best functional doctors near me,broad,None,1
better choices better health,1,0,0.0,0.0,0.0,0.0,0,,Leads-Search-1,Functional & Integrative Medicine,functional integrative medicine near me,broad,None,1
better health,4,0,0.0,0.0,0.0,0.0,0,,Leads-Search-1,Functional & Integrative Medicine,functional integrative medicine near me | functional medicine | functional medicines | integrative medicine doctors in my area,broad,None,4
beyond wellness,1,0,0.0,0.0,0.0,0.0,0,,Leads-Search-1,Functional & Integrative Medicine,functional integrative medicine near me,broad,None,1
bhatti gi,2,0,0.0,0.0,0.0,0.0,0,,Leads-Search-1,Functional & Integrative Medicine,functional medicine near me | integrative medicine doctors in my area,broad,None,2
bhrt,1,0,0.0,0.0,0.0,0.0,0,,Leads-Search-1,Functional & Integrative Medicine,functional medicine,broad,None,1
bio identical hormone replacement therapy near me,1,0,0.0,0.0,0.0,0.0,0,,Leads-Search-1,Functional & Integrative Medicine,functional medicine near me,broad,None,1
bioenergetic healing,1,0,0.0,0.0,0.0,0.0,0,,Leads-Search-1,Functional & Integrative Medicine,functional medical,broad,None,1
bioenergetic testing near me,1,0,0.0,0.0,0.0,0.0,0,,Leads-Search-1,Functional & Integrative Medicine,functional medicine near me,broad,None,1
biofeedback therapy for dyssynergic defecation,1,0,0.0,0.0,0.0,0.0,0,,Leads-Search-1,Functional & Integrative Medicine,functional medicine,broad,None,1
black dr,1,0,0.0,0.0,0.0,0.0,0,,Leads-Search-1,Functional & Integrative Medicine,functional doctor,broad,None,1
blood pressure frequency healing,1,0,0.0,0.0,0.0,0.0,0,,Leads-Search-1,Functional & Integrative Medicine,functional medicine,broad,None,1
blood test for deficiency of vitamin,1,0,0.0,0.0,0.0,0.0,0,,Leads-Search-1,Functional & Integrative Medicine,functional medicine near me,broad,None,1
blood work,2,0,0.0,0.0,0.0,0.0,0,,Leads-Search-1,Functional & Integrative Medicine,functional medicine near me | functional medicine practitioner,broad,None,2
blood work done,2,0,0.0,0.0,0.0,0.0,0,,Leads-Search-1,Functional & Integrative Medicine,functional doctor in my area | functional medicine near me,broad,None,2
bloomington health and wellness center,1,0,0.0,0.0,0.0,0.0,0,,Leads-Search-1,Functional & Integrative Medicine,natural functional doctor,broad,None,1
bmr test near me,1,0,0.0,0.0,0.0,0.0,0,,Leads-Search-1,Functional & Integrative Medicine,functional medicine near me,broad,None,1
body and health care,1,0,0.0,0.0,0.0,0.0,0,,Leads-Search-1,Functional & Integrative Medicine,functional doctor in my area,broad,None,1
body composition scan near me,1,0,0.0,0.0,0.0,0.0,0,,Leads-Search-1,Functional & Integrative Medicine,integrative health near me,broad,None,1
body fat scanner near me,1,0,0.0,0.0,0.0,0.0,0,,Leads-Search-1,Functional & Integrative Medicine,functional medicine near me,broad,None,1
brain fog,1,0,0.0,0.0,0.0,0.0,0,,Leads-Search-1,Functional & Integrative Medicine,functional medicine,broad,None,1
brain fog treatment,1,0,0.0,0.0,0.0,0.0,0,,Leads-Search-1,Functional & Integrative Medicine,functional medicine,broad,None,1
bredesen,1,0,0.0,0.0,0.0,0.0,0,,Leads-Search-1,Functional & Integrative Medicine,functional medicine,broad,None,1
bredesen protocol practitioners near me,1,0,0.0,0.0,0.0,0.0,0,,Leads-Search-1,Functional & Integrative Medicine,integrative medicine near me,broad,None,1
bruce fife,1,0,0.0,0.0,0.0,0.0,0,,Leads-Search-1,Functional & Integrative Medicine,natural functional doctor,broad,None,1
bryophyllum homeopathic medicine,1,0,0.0,0.0,0.0,0.0,0,,Leads-Search-1,Functional & Integrative Medicine,functional medicine,broad,None,1
camden clinic,2,0,0.0,0.0,0.0,0.0,0,,Leads-Search-1,Functional & Integrative Medicine | Pediatrics,integrative health near me | pediatric naturopath near me,broad,None,2
can amla lower cholesterol,1,0,0.0,0.0,0.0,0.0,0,,Leads-Search-1,Functional & Integrative Medicine,functional medicine,broad,None,1
can parasites cause autoimmune disease,1,0,0.0,0.0,0.0,0.0,0,,Leads-Search-1,Functional & Integrative Medicine,functional medicine,broad,None,1
candida and gut health,1,0,0.0,0.0,0.0,0.0,0,,Leads-Search-1,Functional & Integrative Medicine,functional medicine,broad,None,1
carolina health,1,0,0.0,0.0,0.0,0.0,0,,Leads-Search-1,Functional & Integrative Medicine,integrative medicine doctors in my area,broad,None,1
cash based doctors near me,1,0,0.0,0.0,0.0,0.0,0,,Leads-Search-1,Functional & Integrative Medicine,functional medicine doctors near me,broad,None,1
catalyst clinic chaska,1,0,0.0,0.0,0.0,0.0,0,,Leads-Search-1,Functional & Integrative Medicine,integrative medicine near me,broad,None,1
catalyst medical clinic watertown mn,1,0,0.0,0.0,0.0,0.0,0,,Leads-Search-1,Functional & Integrative Medicine,integrative health near me,broad,None,1
catholic doctors near me,1,0,0.0,0.0,0.0,0.0,0,,Leads-Search-1,Functional & Integrative Medicine,integrative medicine near me,broad,None,1
cenegenics,1,0,0.0,0.0,0.0,0.0,0,,Leads-Search-1,Functional & Integrative Medicine,functional medical clinic,broad,None,1
center for integrative medicine,3,0,0.0,0.0,0.0,0.0,0,,Leads-Search-1,Functional & Integrative Medicine,functional doctor | functional medicine doctors in my area | integrative health near me,broad,None,3
center for longevity,1,0,0.0,0.0,0.0,0.0,0,,Leads-Search-1,Functional & Integrative Medicine,integrative medicine near me,broad,None,1
center for well being,1,0,0.0,0.0,0.0,0.0,0,,Leads-Search-1,Functional & Integrative Medicine,functional medicine near me,broad,None,1
chang her,2,0,0.0,0.0,0.0,0.0,0,,Leads-Search-1,Functional & Integrative Medicine | Naturopath Near Me — Core,alternative medicine near me | functional medicine practitioner,broad,None,2
chaska medical center,1,0,0.0,0.0,0.0,0.0,0,,Leads-Search-1,Functional & Integrative Medicine,functional medicine doctors near me,broad,None,1
check up whole body,1,0,0.0,0.0,0.0,0.0,0,,Leads-Search-1,Functional & Integrative Medicine,functional medicine near me,broad,None,1
cheng her,1,0,0.0,0.0,0.0,0.0,0,,Leads-Search-1,Functional & Integrative Medicine,integrative medicine near me,broad,None,1
chinatown herbal doctor,1,0,0.0,0.0,0.0,0.0,0,,Leads-Search-1,Functional & Integrative Medicine,integrative medicine doctors in my area,broad,None,1
chinese doctor near me,1,0,0.0,0.0,0.0,0.0,0,,Leads-Search-1,Functional & Integrative Medicine,integrative medicine near me,broad,None,1
chinese herbal medicine store near me,1,0,0.0,0.0,0.0,0.0,0,,Leads-Search-1,Functional & Integrative Medicine,functional integrative medicine near me,broad,None,1
chinese herbalist near me,2,0,0.0,0.0,0.0,0.0,0,,Leads-Search-1,Functional & Integrative Medicine,functional doctor in my area | functional integrative medicine near me,broad,None,2
chinese medicine doctor near me,1,0,0.0,0.0,0.0,0.0,0,,Leads-Search-1,Functional & Integrative Medicine,functional medicine doctors near me,broad,None,1
chinese pharmacy near me,1,0,0.0,0.0,0.0,0.0,0,,Leads-Search-1,Functional & Integrative Medicine,integrative medicine doctors in my area,broad,None,1
chiropractors in minnetonka,1,0,0.0,0.0,0.0,0.0,0,,Leads-Search-1,Functional & Integrative Medicine,integrative medicine near me,broad,None,1
christian naturopathic doctor,3,0,0.0,0.0,0.0,0.0,0,,Leads-Search-1,Functional & Integrative Medicine | Women's Health & Hormones,female naturopath near me | functional medicine | functional medicine doctors in my area,broad,None,3
chronic fatigue clinic near me,1,0,0.0,0.0,0.0,0.0,0,,Leads-Search-1,Functional & Integrative Medicine,functional medicine near me,broad,None,1
chronic fatigue doctor,1,0,0.0,0.0,0.0,0.0,0,,Leads-Search-1,Functional & Integrative Medicine,functional integrative doctor,broad,None,1
chronic fatigue syndrome symptoms,1,0,0.0,0.0,0.0,0.0,0,,Leads-Search-1,Functional & Integrative Medicine,functional medicine,broad,None,1
chronic fatigue syndrome treatments,1,0,0.0,0.0,0.0,0.0,0,,Leads-Search-1,Functional & Integrative Medicine,functional medicine near me,broad,None,1
chronic rhinitis treatment,1,0,0.0,0.0,0.0,0.0,0,,Leads-Search-1,Functional & Integrative Medicine,functional medicine,broad,None,1
clinic a,1,0,0.0,0.0,0.0,0.0,0,,Leads-Search-1,Functional & Integrative Medicine,functional integrative doctor,broad,None,1
clinic in maple grove,1,0,0.0,0.0,0.0,0.0,0,,Leads-Search-1,Functional & Integrative Medicine,functional doctor in my area,broad,None,1
clinic wellness,1,0,0.0,0.0,0.0,0.0,0,,Leads-Search-1,Functional & Integrative Medicine,functional medicine doctors near me,broad,None,1
clinic white bear lake,1,0,0.0,0.0,0.0,0.0,0,,Leads-Search-1,Functional & Integrative Medicine,functional medicine practitioner,broad,None,1
clinical nutrition centers,1,0,0.0,0.0,0.0,0.0,0,,Leads-Search-1,Functional & Integrative Medicine,functional medicine near me,broad,None,1
clinics,1,0,0.0,0.0,0.0,0.0,0,,Leads-Search-1,Functional & Integrative Medicine,functional medicine near me,broad,None,1
clinics downtown minneapolis,1,0,0.0,0.0,0.0,0.0,0,,Leads-Search-1,Functional & Integrative Medicine,functional medicine near me,broad,None,1
clinics in bloomington mn,1,0,0.0,0.0,0.0,0.0,0,,Leads-Search-1,Functional & Integrative Medicine,functional medicine near me,broad,None,1
clinics in eagan mn,2,0,0.0,0.0,0.0,0.0,0,,Leads-Search-1,Functional & Integrative Medicine,functional medicine near me | integrative health near me,broad,None,2
clinics in fridley mn,1,0,0.0,0.0,0.0,0.0,0,,Leads-Search-1,Functional & Integrative Medicine,functional doctor in my area,broad,None,1
clinics in maple grove mn,1,0,0.0,0.0,0.0,0.0,0,,Leads-Search-1,Functional & Integrative Medicine,functional medicine near me,broad,None,1
clinics in minnesota,2,0,0.0,0.0,0.0,0.0,0,,Leads-Search-1,Functional & Integrative Medicine,best functional doctors near me | functional medicine doctors near me,broad,None,2
clinics in mn,1,0,0.0,0.0,0.0,0.0,0,,Leads-Search-1,Functional & Integrative Medicine,functional medicine practitioner,broad,None,1
clinics in prior lake mn,1,0,0.0,0.0,0.0,0.0,0,,Leads-Search-1,Functional & Integrative Medicine,functional medicine doctors near me,broad,None,1
clinics st paul,1,0,0.0,0.0,0.0,0.0,0,,Leads-Search-1,Functional & Integrative Medicine,functional medicine doctors near me,broad,None,1
colon cleansing clinic near me,1,0,0.0,0.0,0.0,0.0,0,,Leads-Search-1,Functional & Integrative Medicine,functional medicine,broad,None,1
colonic clinic near me,1,0,0.0,0.0,0.0,0.0,0,,Leads-Search-1,Functional & Integrative Medicine,integrative health near me,broad,None,1
community based acupuncture,1,0,0.0,0.0,0.0,0.0,0,,Leads-Search-1,Functional & Integrative Medicine,integrative health near me,broad,None,1
community care st paul,1,0,0.0,0.0,0.0,0.0,0,,Leads-Search-1,Functional & Integrative Medicine,functional medicine near me,broad,None,1
community clinic near me,1,0,0.0,0.0,0.0,0.0,0,,Leads-Search-1,Functional & Integrative Medicine,functional medicine near me,broad,None,1
community health center,3,0,0.0,0.0,0.0,0.0,0,,Leads-Search-1,Functional & Integrative Medicine | Geo-Qualified — Hopkins & West Metro | Naturopath Near Me — Core,alternative medicine near me | functional medicine doctor edina | functional medicine near me,broad,Excluded,3
community health centers cerca de mi,1,0,0.0,0.0,0.0,0.0,0,,Leads-Search-1,Functional & Integrative Medicine,functional medicine near me,broad,None,1
community health clinic near me,1,0,0.0,0.0,0.0,0.0,0,,Leads-Search-1,Functional & Integrative Medicine,functional medicine practice near me,broad,None,1
community health clinics near me,1,0,0.0,0.0,0.0,0.0,0,,Leads-Search-1,Functional & Integrative Medicine,functional medicine near me,broad,None,1
community health family medicine near me,1,0,0.0,0.0,0.0,0.0,0,,Leads-Search-1,Functional & Integrative Medicine,functional medicine near me,broad,None,1
community university health care center,2,0,0.0,0.0,0.0,0.0,0,,Leads-Search-1,Functional & Integrative Medicine | Geo-Qualified — Hopkins & West Metro,functional integrative medicine near me | natural medicine Minnesota,broad,None,2
comprehensive health,1,0,0.0,0.0,0.0,0.0,0,,Leads-Search-1,Functional & Integrative Medicine,functional medicine,broad,None,1
concierge care,1,0,0.0,0.0,0.0,0.0,0,,Leads-Search-1,Functional & Integrative Medicine,functional medicine doctors near me,broad,None,1
concierge care near me,1,0,0.0,0.0,0.0,0.0,0,,Leads-Search-1,Functional & Integrative Medicine,integrative medicine near me,broad,None,1
concierge doctor,2,0,0.0,0.0,0.0,0.0,0,,Leads-Search-1,Functional & Integrative Medicine,functional medical physician | functional medicine doctors near me,broad,None,2
concierge healthcare,1,0,0.0,0.0,0.0,0.0,0,,Leads-Search-1,Functional & Integrative Medicine,functional medical physician,broad,None,1
concierge medical practices near me,1,0,0.0,0.0,0.0,0.0,0,,Leads-Search-1,Functional & Integrative Medicine,integrative medicine doctors in my area,broad,None,1
concierge medicine mn,3,0,0.0,0.0,0.0,0.0,0,,Leads-Search-1,Functional & Integrative Medicine | Geo-Qualified — Hopkins & West Metro,functional medicine | functional medicine doctor hopkins | integrative doctor,broad,None,3
concierge medicine twin cities,1,0,0.0,0.0,0.0,0.0,0,,Leads-Search-1,Functional & Integrative Medicine,functional medicine,broad,None,1
core clinic,1,0,0.0,0.0,0.0,0.0,0,,Leads-Search-1,Functional & Integrative Medicine,functional medicine doctors near me,broad,None,1
creekside clinic near me,2,0,0.0,0.0,0.0,0.0,0,,Leads-Search-1,Functional & Integrative Medicine | Naturopath Near Me — Core,functional medicine doctors near me | naturopathic practitioner near me,broad,None,2
curis functional health,1,0,0.0,0.0,0.0,0.0,0,,Leads-Search-1,Functional & Integrative Medicine,best functional doctors near me,broad,None,1
curve crest clinic,1,0,0.0,0.0,0.0,0.0,0,,Leads-Search-1,Functional & Integrative Medicine,functional medicine doctors near me,broad,None,1
curve crest clinic stillwater mn,1,0,0.0,0.0,0.0,0.0,0,,Leads-Search-1,Functional & Integrative Medicine,functional medical physician,broad,None,1
cvs health clinic near me,1,0,0.0,0.0,0.0,0.0,0,,Leads-Search-1,Functional & Integrative Medicine,functional medicine doctors in my area,broad,None,1
cvs minute clinic near me,1,0,0.0,0.0,0.0,0.0,0,,Leads-Search-1,Functional & Integrative Medicine,functional medicine doctors near me,broad,None,1
cynthia frane md,1,0,0.0,0.0,0.0,0.0,0,,Leads-Search-1,Functional & Integrative Medicine,integrative medicine near me,broad,None,1
danette may,1,0,0.0,0.0,0.0,0.0,0,,Leads-Search-1,Functional & Integrative Medicine,functional medicine,broad,None,1
depression nutrient deficiency panel,1,0,0.0,0.0,0.0,0.0,0,,Leads-Search-1,Functional & Integrative Medicine,functional medicine,broad,None,1
dermatologist naturopath,2,0,0.0,0.0,0.0,0.0,0,,Leads-Search-1,Functional & Integrative Medicine | Naturopath Near Me — Core,functional medicine doctors near me | naturopaths in my area,broad,None,2
diabetes specialist near me,1,0,0.0,0.0,0.0,0.0,0,,Leads-Search-1,Functional & Integrative Medicine,integrative medicine near me,broad,None,1
diet for autoimmune disease,1,0,0.0,0.0,0.0,0.0,0,,Leads-Search-1,Functional & Integrative Medicine,functional medicine,broad,None,1
dieticians in my area,2,0,0.0,0.0,0.0,0.0,0,,Leads-Search-1,Functional & Integrative Medicine,functional medicine | functional medicine near me,broad,None,2
dietitian minneapolis,1,0,0.0,0.0,0.0,0.0,0,,Leads-Search-1,Functional & Integrative Medicine,integrative health near me,broad,None,1
digestive disease specialist,1,0,0.0,0.0,0.0,0.0,0,,Leads-Search-1,Functional & Integrative Medicine,functional medicine near me,broad,None,1
digestive health,2,0,0.0,0.0,0.0,0.0,0,,Leads-Search-1,Functional & Integrative Medicine,functional medical | functional medicine,broad,None,2
digestive health clinic,1,0,0.0,0.0,0.0,0.0,0,,Leads-Search-1,Functional & Integrative Medicine,best functional doctors near me,broad,None,1
digestive health specialists,1,0,0.0,0.0,0.0,0.0,0,,Leads-Search-1,Functional & Integrative Medicine,integrative health near me,broad,None,1
digestive specialist doctor,1,0,0.0,0.0,0.0,0.0,0,,Leads-Search-1,Functional & Integrative Medicine,functional medicine doctors near me,broad,None,1
direct care physicians near me,1,0,0.0,0.0,0.0,0.0,0,,Leads-Search-1,Functional & Integrative Medicine,functional medicine near me,broad,None,1
direct pay clinics near me,1,0,0.0,0.0,0.0,0.0,0,,Leads-Search-1,Functional & Integrative Medicine,integrative health near me,broad,None,1
direct primary care near me,1,0,0.0,0.0,0.0,0.0,0,,Leads-Search-1,Functional & Integrative Medicine,functional medical clinic,broad,None,1
diverticulitis dr berg,1,0,0.0,0.0,0.0,0.0,0,,Leads-Search-1,Functional & Integrative Medicine,functional integrative doctor,broad,None,1
docrob holistic,1,0,0.0,0.0,0.0,0.0,0,,Leads-Search-1,Functional & Integrative Medicine,functional medicine practice near me,broad,None,1
doctor berg,1,0,0.0,0.0,0.0,0.0,0,,Leads-Search-1,Functional & Integrative Medicine,functional medicine practitioner,broad,None,1
doctor consultation,1,0,0.0,0.0,0.0,0.0,0,,Leads-Search-1,Functional & Integrative Medicine,functional medicine doctors near me,broad,None,1
doctor eric berg,1,0,0.0,0.0,0.0,0.0,0,,Leads-Search-1,Functional & Integrative Medicine,functional medicine near me,broad,None,1
doctor goosen,1,0,0.0,0.0,0.0,0.0,0,,Leads-Search-1,Functional & Integrative Medicine,functional medicine practitioner,broad,None,1
doctor medicina,1,0,0.0,0.0,0.0,0.0,0,,Leads-Search-1,Functional & Integrative Medicine,functional medicine doctors near me,broad,None,1
doctor of functional medicine,1,0,0.0,0.0,0.0,0.0,0,,Leads-Search-1,Functional & Integrative Medicine,functional medicine doctors in my area,exact (close variant),None,1
doctor of natural health,2,0,0.0,0.0,0.0,0.0,0,,Leads-Search-1,Functional & Integrative Medicine | Naturopath Near Me — Core,functional doctor | natural doctor near me,broad | exact (close variant),None,2
doctor of osteopathic,1,0,0.0,0.0,0.0,0.0,0,,Leads-Search-1,Functional & Integrative Medicine,functional medicine doctors in my area,broad,None,1
doctor of osteopathy,1,0,0.0,0.0,0.0,0.0,0,,Leads-Search-1,Functional & Integrative Medicine,integrated doctor,broad,None,1
doctor private practice,1,0,0.0,0.0,0.0,0.0,0,,Leads-Search-1,Functional & Integrative Medicine,functional medicine practitioner,broad,None,1
doctor reviews near me,1,0,0.0,0.0,0.0,0.0,0,,Leads-Search-1,Functional & Integrative Medicine,integrated doctor,broad,None,1
doctor who uses natural remedies,1,0,0.0,0.0,0.0,0.0,0,,Leads-Search-1,Functional & Integrative Medicine,functional medicine doctors in my area,broad,None,1
doctors,3,0,0.0,0.0,0.0,0.0,0,,Leads-Search-1,Functional & Integrative Medicine | Naturopath Near Me — Core,alternative medicine doctors near me | functional medicine doctors near me | functional medicine near me,broad,None,3
doctors office,1,0,0.0,0.0,0.0,0.0,0,,Leads-Search-1,Functional & Integrative Medicine,functional medicine near me,broad,None,1
doctors who specialize in sibo near me,1,0,0.0,0.0,0.0,0.0,0,,Leads-Search-1,Functional & Integrative Medicine,functional medical physician,broad,None,1
doctors who treat chronic pain near me,1,0,0.0,0.0,0.0,0.0,0,,Leads-Search-1,Functional & Integrative Medicine,functional doctor in my area,broad,None,1
doing well,1,0,0.0,0.0,0.0,0.0,0,,Leads-Search-1,Functional & Integrative Medicine,integrative health near me,broad,None,1
dos near me,1,0,0.0,0.0,0.0,0.0,0,,Leads-Search-1,Functional & Integrative Medicine,functional medicine clinic near me,broad,None,1
dpc clinics,1,0,0.0,0.0,0.0,0.0,0,,Leads-Search-1,Functional & Integrative Medicine,functional medicine doctors near me,broad,None,1
dr andrea furlan,1,0,0.0,0.0,0.0,0.0,0,,Leads-Search-1,Functional & Integrative Medicine,functional integrative doctor,phrase (close variant),None,1
dr andrew hamp,2,0,0.0,0.0,0.0,0.0,0,,Leads-Search-1,Functional & Integrative Medicine | Naturopath Near Me — Core,functional doctor in my area | naturalist dr near me,broad,None,2
dr ardis bryan,2,0,0.0,0.0,0.0,0.0,0,,Leads-Search-1,Functional & Integrative Medicine,functional medicine | functional medicine doctors near me,broad,None,2
dr arnason,1,0,0.0,0.0,0.0,0.0,0,,Leads-Search-1,Functional & Integrative Medicine,best functional doctors near me,broad,None,1
dr arvin vocal,1,0,0.0,0.0,0.0,0.0,0,,Leads-Search-1,Functional & Integrative Medicine,functional medicine doctors near me,broad,None,1
dr austin lake,1,0,0.0,0.0,0.0,0.0,0,,Leads-Search-1,Functional & Integrative Medicine,natural functional doctor,phrase (close variant),None,1
dr berg feet and liver,1,0,0.0,0.0,0.0,0.0,0,,Leads-Search-1,Functional & Integrative Medicine,functional doctor,broad,None,1
dr berg h pylori,1,0,0.0,0.0,0.0,0.0,0,,Leads-Search-1,Functional & Integrative Medicine,natural functional doctor,broad,None,1
dr berg ketogenic diet beginners,1,0,0.0,0.0,0.0,0.0,0,,Leads-Search-1,Functional & Integrative Medicine,functional medicine,broad,None,1
dr berry dubiso,2,0,0.0,0.0,0.0,0.0,0,,Leads-Search-1,Functional & Integrative Medicine | Naturopath Near Me — Core,functional medicine doctors near me | natural doctor near me,broad,None,2
dr bikman,1,0,0.0,0.0,0.0,0.0,0,,Leads-Search-1,Functional & Integrative Medicine,functional medicine practitioner,broad,None,1
dr brownstein iodine,1,0,0.0,0.0,0.0,0.0,0,,Leads-Search-1,Functional & Integrative Medicine,functional integrative doctor,broad,None,1
dr chaudhry,1,0,0.0,0.0,0.0,0.0,0,,Leads-Search-1,Functional & Integrative Medicine,functional medicine doctors near me,broad,None,1
dr christina rahm root,1,0,0.0,0.0,0.0,0.0,0,,Leads-Search-1,Functional & Integrative Medicine,integrative medicine near me,broad,None,1
dr darrell wolfe,1,0,0.0,0.0,0.0,0.0,0,,Leads-Search-1,Functional & Integrative Medicine,functional medicine clinic near me,broad,None,1
dr david furman,1,0,0.0,0.0,0.0,0.0,0,,Leads-Search-1,Functional & Integrative Medicine,integrated doctor,broad,None,1
dr dietrich klinghardt,1,0,0.0,0.0,0.0,0.0,0,,Leads-Search-1,Functional & Integrative Medicine,functional medicine doctors near me,broad,None,1
dr dsouza,1,0,0.0,0.0,0.0,0.0,0,,Leads-Search-1,Functional & Integrative Medicine,functional medicine doctors in my area,broad,None,1
dr eric berg parasites,1,0,0.0,0.0,0.0,0.0,0,,Leads-Search-1,Functional & Integrative Medicine,natural functional doctor,broad,None,1
dr fekadu,1,0,0.0,0.0,0.0,0.0,0,,Leads-Search-1,Functional & Integrative Medicine,functional medicine doctors near me,broad,None,1
dr frank shallenberger,1,0,0.0,0.0,0.0,0.0,0,,Leads-Search-1,Functional & Integrative Medicine,functional medicine near me,broad,None,1
dr gadela,1,0,0.0,0.0,0.0,0.0,0,,Leads-Search-1,Functional & Integrative Medicine,functional medicine near me,broad,None,1
dr gary brecka,1,0,0.0,0.0,0.0,0.0,0,,Leads-Search-1,Functional & Integrative Medicine,functional integrative medicine near me,broad,None,1
dr gastroenterologist,1,0,0.0,0.0,0.0,0.0,0,,Leads-Search-1,Functional & Integrative Medicine,functional medicine doctors near me,broad,None,1
dr gerry tan,1,0,0.0,0.0,0.0,0.0,0,,Leads-Search-1,Functional & Integrative Medicine,functional medicine doctors near me,broad,None,1
dr gina sam,1,0,0.0,0.0,0.0,0.0,0,,Leads-Search-1,Functional & Integrative Medicine,functional holistic medicine,broad,None,1
dr gominak,1,0,0.0,0.0,0.0,0.0,0,,Leads-Search-1,Functional & Integrative Medicine,functional medical physician,broad,None,1
dr heather stone,1,0,0.0,0.0,0.0,0.0,0,,Leads-Search-1,Functional & Integrative Medicine,natural functional doctor,phrase (close variant),None,1
dr heather stone thyroid,1,0,0.0,0.0,0.0,0.0,0,,Leads-Search-1,Functional & Integrative Medicine,natural functional doctor,broad,None,1
dr hyman,1,0,0.0,0.0,0.0,0.0,0,,Leads-Search-1,Functional & Integrative Medicine,functional medicine,phrase (close variant),None,1
dr hyman blood tests,1,0,0.0,0.0,0.0,0.0,0,,Leads-Search-1,Functional & Integrative Medicine,best functional doctors near me,broad,None,1
dr idz,2,0,0.0,0.0,0.0,0.0,0,,Leads-Search-1,Functional & Integrative Medicine | Naturopath Near Me — Core,functional integrative doctor | naturopathic practitioner near me,broad,None,2
dr jade teta,1,0,0.0,0.0,0.0,0.0,0,,Leads-Search-1,Functional & Integrative Medicine,functional medicine practitioner,broad,None,1
dr jamie koufman,1,0,0.0,0.0,0.0,0.0,0,,Leads-Search-1,Functional & Integrative Medicine,functional integrative doctor,broad,None,1
dr jason fung intermittent fasting,1,0,0.0,0.0,0.0,0.0,0,,Leads-Search-1,Functional & Integrative Medicine,functional medicine,broad,None,1
dr jenelle kim,1,0,0.0,0.0,0.0,0.0,0,,Leads-Search-1,Functional & Integrative Medicine,natural functional doctor,broad,None,1
dr jessi grajczyk do,2,0,0.0,0.0,0.0,0.0,0,,Leads-Search-1,Functional & Integrative Medicine | Women's Health & Hormones,natural functional doctor | women's health naturopath,broad | phrase (close variant),None,2
dr jockers,2,0,0.0,0.0,0.0,0.0,0,,Leads-Search-1,Functional & Integrative Medicine | Naturopath Near Me — Core,alternative medicine near me | functional medicine near me,broad,None,2
dr jorge flechas boron,1,0,0.0,0.0,0.0,0.0,0,,Leads-Search-1,Functional & Integrative Medicine,functional holistic medicine,broad,None,1
dr josh axe gut health,1,0,0.0,0.0,0.0,0.0,0,,Leads-Search-1,Functional & Integrative Medicine,functional medicine,broad,None,1
dr kate ld,1,0,0.0,0.0,0.0,0.0,0,,Leads-Search-1,Functional & Integrative Medicine,functional doctor,phrase (close variant),None,1
dr ken berry,3,0,0.0,0.0,0.0,0.0,0,,Leads-Search-1,Functional & Integrative Medicine,functional doctor | functional medicine doctors near me | functional medicine practitioner,broad,None,3
dr livingood youtube,1,0,0.0,0.0,0.0,0.0,0,,Leads-Search-1,Functional & Integrative Medicine,functional medicine doctors near me,broad,None,1
dr ma acupuncture,1,0,0.0,0.0,0.0,0.0,0,,Leads-Search-1,Functional & Integrative Medicine,natural functional doctor,broad,None,1
dr maggie yu,1,0,0.0,0.0,0.0,0.0,0,,Leads-Search-1,Functional & Integrative Medicine,functional medicine,broad,None,1
dr mark edmond,1,0,0.0,0.0,0.0,0.0,0,,Leads-Search-1,Functional & Integrative Medicine,functional medicine doctors near me,broad,None,1
dr mark human,1,0,0.0,0.0,0.0,0.0,0,,Leads-Search-1,Functional & Integrative Medicine,functional medicine doctors near me,broad,None,1
dr mark hyman rheumatoid arthritis,1,0,0.0,0.0,0.0,0.0,0,,Leads-Search-1,Functional & Integrative Medicine,functional integrative medicine near me,broad,None,1
dr mercola,1,0,0.0,0.0,0.0,0.0,0,,Leads-Search-1,Functional & Integrative Medicine,functional medicine practitioner,broad,None,1
dr michael bozivich,3,0,0.0,0.0,0.0,0.0,0,,Leads-Search-1,Functional & Integrative Medicine | Geo-Qualified — Hopkins & West Metro | Women's Health & Hormones,functional integrative medicine near me | functional medicine doctor eden prairie | hormone doctor near me,broad,None,3
dr mindy pelz,3,0,0.0,0.0,0.0,0.0,0,,Leads-Search-1,Functional & Integrative Medicine | Naturopath Near Me — Core,functional medicine | holistic dr near me | natural functional doctor,broad | phrase (close variant),None,3
dr minneapolis,1,0,0.0,0.0,0.0,0.0,0,,Leads-Search-1,Functional & Integrative Medicine,functional integrative doctor,broad,None,1
dr mitch,1,0,0.0,0.0,0.0,0.0,0,,Leads-Search-1,Functional & Integrative Medicine,functional integrative medicine near me,broad,None,1
dr mohamed hassan,1,0,0.0,0.0,0.0,0.0,0,,Leads-Search-1,Functional & Integrative Medicine,integrative health near me,broad,None,1
dr nasha winters,1,0,0.0,0.0,0.0,0.0,0,,Leads-Search-1,Functional & Integrative Medicine,functional medicine doctors near me,broad,None,1
dr natalya lyadova,2,0,0.0,0.0,0.0,0.0,0,,Leads-Search-1,Functional & Integrative Medicine | Naturopath Near Me — Core,functional medicine doctors near me | naturopaths in my area,broad,None,2
dr navaz habib,1,0,0.0,0.0,0.0,0.0,0,,Leads-Search-1,Functional & Integrative Medicine,natural functional doctor,phrase (close variant),None,1
dr neal barnard diabetes,1,0,0.0,0.0,0.0,0.0,0,,Leads-Search-1,Functional & Integrative Medicine,natural functional doctor,broad,None,1
dr of lifestyle medicine,1,0,0.0,0.0,0.0,0.0,0,,Leads-Search-1,Functional & Integrative Medicine,functional medicine,broad,None,1
dr olori,1,0,0.0,0.0,0.0,0.0,0,,Leads-Search-1,Functional & Integrative Medicine,functional medicine doctors in my area,broad,None,1
dr peter osborne,2,0,0.0,0.0,0.0,0.0,0,,Leads-Search-1,Functional & Integrative Medicine | Geo-Qualified — Hopkins & West Metro,functional medicine doctors near me | holistic medicine Minneapolis,broad,None,2
dr pompa cellular inflammation test kit,1,0,0.0,0.0,0.0,0.0,0,,Leads-Search-1,Functional & Integrative Medicine,functional medicine near me,broad,None,1
dr rob debease,1,0,0.0,0.0,0.0,0.0,0,,Leads-Search-1,Functional & Integrative Medicine,functional integrative doctor,phrase (close variant),None,1
dr robert g debease nd dc,1,0,0.0,0.0,0.0,0.0,0,,Leads-Search-1,Functional & Integrative Medicine,functional medicine doctors near me,broad,None,1
dr robert lustig metabolic syndrome,1,0,0.0,0.0,0.0,0.0,0,,Leads-Search-1,Functional & Integrative Medicine,functional medicine,broad,None,1
dr rose md,1,0,0.0,0.0,0.0,0.0,0,,Leads-Search-1,Functional & Integrative Medicine,functional integrative doctor,broad,None,1
dr sam 7 second poop method,1,0,0.0,0.0,0.0,0.0,0,,Leads-Search-1,Functional & Integrative Medicine,integrative medicine doctors in my area,broad,None,1
dr sean o mara,3,0,0.0,0.0,0.0,0.0,0,,Leads-Search-1,Functional & Integrative Medicine | Geo-Qualified — Hopkins & West Metro | Naturopath Near Me — Core,alternative medicine near me | functional integrative doctor | natural medicine Minnesota,broad,None,3
dr sebi,1,0,0.0,0.0,0.0,0.0,0,,Leads-Search-1,Functional & Integrative Medicine,integrative medicine near me,broad,None,1
dr sebi fasting,1,0,0.0,0.0,0.0,0.0,0,,Leads-Search-1,Functional & Integrative Medicine,natural functional doctor,broad,None,1
dr semakula,1,0,0.0,0.0,0.0,0.0,0,,Leads-Search-1,Functional & Integrative Medicine,functional medicine doctors in my area,broad,None,1
dr specializing in autoimmune disease,1,0,0.0,0.0,0.0,0.0,0,,Leads-Search-1,Functional & Integrative Medicine,functional medicine doctors near me,broad,None,1
dr terry wahls,1,0,0.0,0.0,0.0,0.0,0,,Leads-Search-1,Functional & Integrative Medicine,functional medicine,broad,None,1
dr toll,1,0,0.0,0.0,0.0,0.0,0,,Leads-Search-1,Functional & Integrative Medicine,integrative health near me,broad,None,1
dr tschida,1,0,0.0,0.0,0.0,0.0,0,,Leads-Search-1,Functional & Integrative Medicine,functional integrative medicine near me,broad,None,1
dr varghese md,1,0,0.0,0.0,0.0,0.0,0,,Leads-Search-1,Functional & Integrative Medicine,functional medicine near me,broad,None,1
dr weil anti inflammatory diet,1,0,0.0,0.0,0.0,0.0,0,,Leads-Search-1,Functional & Integrative Medicine,functional doctor in my area,broad,None,1
dr william davis,1,0,0.0,0.0,0.0,0.0,0,,Leads-Search-1,Functional & Integrative Medicine,functional integrative medicine near me,broad,None,1
dr william lee,1,0,0.0,0.0,0.0,0.0,0,,Leads-Search-1,Functional & Integrative Medicine,functional integrative doctor,broad,None,1
dr yohannes gebre,1,0,0.0,0.0,0.0,0.0,0,,Leads-Search-1,Functional & Integrative Medicine,functional medicine doctors near me,broad,None,1
dragon acupuncture,1,0,0.0,0.0,0.0,0.0,0,,Leads-Search-1,Functional & Integrative Medicine,integrative medicine near me,broad,None,1
dxa body composition scan near me,1,0,0.0,0.0,0.0,0.0,0,,Leads-Search-1,Functional & Integrative Medicine,functional medicine near me,broad,None,1
e michael health,1,0,0.0,0.0,0.0,0.0,0,,Leads-Search-1,Functional & Integrative Medicine,functional doctor,broad,None,1
eagan clinic,1,0,0.0,0.0,0.0,0.0,0,,Leads-Search-1,Functional & Integrative Medicine,functional medicine near me,broad,None,1
eastern holistic medicine,2,0,0.0,0.0,0.0,0.0,0,,Leads-Search-1,Functional & Integrative Medicine | Naturopath Near Me — Core,functional medical | naturopaths in my area,broad,None,2
eastside family clinic near me,1,0,0.0,0.0,0.0,0.0,0,,Leads-Search-1,Functional & Integrative Medicine,functional medicine near me,broad,None,1
eboo blood treatment near me,1,0,0.0,0.0,0.0,0.0,0,,Leads-Search-1,Functional & Integrative Medicine,functional medicine near me,broad,None,1
eboo therapy near me,2,0,0.0,0.0,0.0,0.0,0,,Leads-Search-1,Functional & Integrative Medicine,functional medicine near me | integrative medicine near me,broad,None,2
eden health,1,0,0.0,0.0,0.0,0.0,0,,Leads-Search-1,Functional & Integrative Medicine,functional integrative doctor,broad,None,1
eden prairie clinic,1,0,0.0,0.0,0.0,0.0,0,,Leads-Search-1,Functional & Integrative Medicine,functional integrative doctor,broad,None,1
edina family medicine,1,0,0.0,0.0,0.0,0.0,0,,Leads-Search-1,Functional & Integrative Medicine,best functional doctors near me,broad,None,1
edina wellness center,2,0,0.0,0.0,0.0,0.0,0,,Leads-Search-1,Functional & Integrative Medicine | Geo-Qualified — Hopkins & West Metro,best functional doctors near me | holistic medicine Minneapolis,broad,None,2
ehlers danlos specialist minnesota,1,0,0.0,0.0,0.0,0.0,0,,Leads-Search-1,Functional & Integrative Medicine,functional doctor,broad,None,1
electrodermal testing,1,0,0.0,0.0,0.0,0.0,0,,Leads-Search-1,Functional & Integrative Medicine,functional medicine,broad,None,1
elements health,1,0,0.0,0.0,0.0,0.0,0,,Leads-Search-1,Functional & Integrative Medicine,functional holistic medicine,broad,None,1
elevated wellness,1,0,0.0,0.0,0.0,0.0,0,,Leads-Search-1,Functional & Integrative Medicine,functional medicine doctors near me,broad,None,1
elite fitness and nutrition,1,0,0.0,0.0,0.0,0.0,0,,Leads-Search-1,Functional & Integrative Medicine,functional integrative medicine near me,broad,None,1
ellie md,1,0,0.0,0.0,0.0,0.0,0,,Leads-Search-1,Functional & Integrative Medicine,functional integrative doctor,broad,None,1
empower wellness,1,0,0.0,0.0,0.0,0.0,0,,Leads-Search-1,Functional & Integrative Medicine,functional medicine,broad,None,1
endocrinologist edina,1,0,0.0,0.0,0.0,0.0,0,,Leads-Search-1,Functional & Integrative Medicine,functional medical,broad,None,1
endocrinologist in mn,1,0,0.0,0.0,0.0,0.0,0,,Leads-Search-1,Functional & Integrative Medicine,functional medicine near me,broad,None,1
endocrinologist mn,2,0,0.0,0.0,0.0,0.0,0,,Leads-Search-1,Functional & Integrative Medicine | Geo-Qualified — Hopkins & West Metro,functional medicine doctor edina | integrative doctor,broad,None,2
endocrinology clinic,3,0,0.0,0.0,0.0,0.0,0,,Leads-Search-1,Functional & Integrative Medicine | Men's Health | Women's Health & Hormones,adrenal fatigue doctor near me | functional medicine doctors in my area | functional medicine hormones,broad,None,3
endocrinology clinic mn,1,0,0.0,0.0,0.0,0.0,0,,Leads-Search-1,Functional & Integrative Medicine,integrative health near me,broad,None,1
energy healer,1,0,0.0,0.0,0.0,0.0,0,,Leads-Search-1,Functional & Integrative Medicine,integrative medicine near me,broad,None,1
energy healing mn,1,0,0.0,0.0,0.0,0.0,0,,Leads-Search-1,Functional & Integrative Medicine,integrative medicine doctors in my area,broad,None,1
entira family,1,0,0.0,0.0,0.0,0.0,0,,Leads-Search-1,Functional & Integrative Medicine,functional integrative medicine near me,broad,None,1
entira family clinic,4,0,0.0,0.0,0.0,0.0,0,,Leads-Search-1,Functional & Integrative Medicine | Pediatrics,functional doctor in my area | functional medicine doctors in my area | holistic pediatricians near me | integrative medicine doctors in my area,broad,None,4
entire family clinic,1,0,0.0,0.0,0.0,0.0,0,,Leads-Search-1,Functional & Integrative Medicine,functional medicine near me,broad,None,1
eric berg,1,0,0.0,0.0,0.0,0.0,0,,Leads-Search-1,Functional & Integrative Medicine,functional doctor in my area,broad,None,1
everyouth wellness clinic,1,0,0.0,0.0,0.0,0.0,0,,Leads-Search-1,Functional & Integrative Medicine,functional medicine,broad,None,1
evexia metabolic health & longevity clinic,1,0,0.0,0.0,0.0,0.0,0,,Leads-Search-1,Functional & Integrative Medicine,functional medicine near me,broad,None,1
executive health care,1,0,0.0,0.0,0.0,0.0,0,,Leads-Search-1,Functional & Integrative Medicine,functional integrative doctor,broad,None,1
ez health near me,1,0,0.0,0.0,0.0,0.0,0,,Leads-Search-1,Functional & Integrative Medicine,functional integrative doctor,broad,None,1
fairview clinic,2,0,0.0,0.0,0.0,0.0,0,,Leads-Search-1,Functional & Integrative Medicine | Geo-Qualified — Hopkins & West Metro,best functional doctors near me | natural medicine Minnesota,broad,None,2
fairview health system,1,0,0.0,0.0,0.0,0.0,0,,Leads-Search-1,Functional & Integrative Medicine,integrative medicine doctors in my area,broad,None,1
family care provider,1,0,0.0,0.0,0.0,0.0,0,,Leads-Search-1,Functional & Integrative Medicine,integrative medicine doctors in my area,broad,None,1
family doctors near me,1,0,0.0,0.0,0.0,0.0,0,,Leads-Search-1,Functional & Integrative Medicine,integrative health near me,broad,None,1
family health centers near me,1,0,0.0,0.0,0.0,0.0,0,,Leads-Search-1,Functional & Integrative Medicine,functional medicine near me,broad,None,1
family medicine,1,0,0.0,0.0,0.0,0.0,0,,Leads-Search-1,Functional & Integrative Medicine,functional medicine doctors near me,broad,None,1
family medicine doctors near me,2,0,0.0,0.0,0.0,0.0,0,,Leads-Search-1,Functional & Integrative Medicine,functional doctor in my area | functional medicine near me,broad,None,2
family practice maple grove mn,1,0,0.0,0.0,0.0,0.0,0,,Leads-Search-1,Functional & Integrative Medicine,integrated and functional medicine,broad,None,1
family wellness,1,0,0.0,0.0,0.0,0.0,0,,Leads-Search-1,Functional & Integrative Medicine,functional integrative medicine near me,broad,None,1
fasting for allergies,1,0,0.0,0.0,0.0,0.0,0,,Leads-Search-1,Functional & Integrative Medicine,functional medicine,broad,None,1
fasting psoriasis,1,0,0.0,0.0,0.0,0.0,0,,Leads-Search-1,Functional & Integrative Medicine,functional doctor,broad,None,1
fasting with cancer,1,0,0.0,0.0,0.0,0.0,0,,Leads-Search-1,Functional & Integrative Medicine,functional medicine,broad,None,1
fibromyalgia chest pain,1,0,0.0,0.0,0.0,0.0,0,,Leads-Search-1,Functional & Integrative Medicine,functional medicine,broad,None,1
fibromyalgia clinic near me,1,0,0.0,0.0,0.0,0.0,0,,Leads-Search-1,Functional & Integrative Medicine,functional medicine near me,broad,None,1
fibromyalgia symptoms,1,0,0.0,0.0,0.0,0.0,0,,Leads-Search-1,Functional & Integrative Medicine,functional medicine,broad,None,1
fibrosis scan,1,0,0.0,0.0,0.0,0.0,0,,Leads-Search-1,Functional & Integrative Medicine,integrative medicine doctors in my area,broad,None,1
fighting edema,1,0,0.0,0.0,0.0,0.0,0,,Leads-Search-1,Functional & Integrative Medicine,functional medicine,broad,None,1
find a homeopath near me,1,0,0.0,0.0,0.0,0.0,0,,Leads-Search-1,Functional & Integrative Medicine,functional medicine near me,broad,None,1
finding a nutritionist,1,0,0.0,0.0,0.0,0.0,0,,Leads-Search-1,Functional & Integrative Medicine,functional medicine,broad,None,1
flourish prior lake,1,0,0.0,0.0,0.0,0.0,0,,Leads-Search-1,Functional & Integrative Medicine,functional medicine practice near me,broad,None,1
food intolerance test,1,0,0.0,0.0,0.0,0.0,0,,Leads-Search-1,Functional & Integrative Medicine,functional medicine,broad,None,1
food sensitivity testing near me,1,0,0.0,0.0,0.0,0.0,0,,Leads-Search-1,Functional & Integrative Medicine,functional medicine near me,broad,None,1
form health,1,0,0.0,0.0,0.0,0.0,0,,Leads-Search-1,Functional & Integrative Medicine,integrative medicine near me,broad,None,1
foundational health,2,0,0.0,0.0,0.0,0.0,0,,Leads-Search-1,Functional & Integrative Medicine | Men's Health,adrenal fatigue doctor near me | functional medicine near me,broad,None,2
foundational wellness,1,0,0.0,0.0,0.0,0.0,0,,Leads-Search-1,Functional & Integrative Medicine,functional medicine,broad,None,1
fqhc near me,1,0,0.0,0.0,0.0,0.0,0,,Leads-Search-1,Functional & Integrative Medicine,integrative medicine near me,broad,None,1
france avenue family physicians,1,0,0.0,0.0,0.0,0.0,0,,Leads-Search-1,Functional & Integrative Medicine,functional integrative doctor,broad,None,1
free health check up near me,1,0,0.0,0.0,0.0,0.0,0,,Leads-Search-1,Functional & Integrative Medicine,functional medical clinic,broad,None,1
function blood work,1,0,0.0,0.0,0.0,0.0,0,,Leads-Search-1,Functional & Integrative Medicine,functional medical,phrase (close variant),None,1
function health pricing,1,0,0.0,0.0,0.0,0.0,0,,Leads-Search-1,Functional & Integrative Medicine,best functional doctors near me,broad,None,1
function health tests,1,0,0.0,0.0,0.0,0.0,0,,Leads-Search-1,Functional & Integrative Medicine,functional medicine,phrase (close variant),None,1
function lab testing,1,0,0.0,0.0,0.0,0.0,0,,Leads-Search-1,Functional & Integrative Medicine,functional medicine,phrase (close variant),None,1
function labs,1,0,0.0,0.0,0.0,0.0,0,,Leads-Search-1,Functional & Integrative Medicine,functional medicine doctors near me,broad,None,1
functional blood chemistry analysis,1,0,0.0,0.0,0.0,0.0,0,,Leads-Search-1,Functional & Integrative Medicine,functional medicine near me,broad,None,1
functional diagnostic nutrition practitioner,1,0,0.0,0.0,0.0,0.0,0,,Leads-Search-1,Functional & Integrative Medicine,functional medicine practitioner,phrase (close variant),None,1
functional dr,4,0,0.0,0.0,0.0,0.0,0,,Leads-Search-1,Functional & Integrative Medicine,functional doctor in my area | functional integrative medicine near me | functional medical | functional medical physician,broad | exact (close variant) | phrase (close variant),None,4
functional fertility specialist,3,0,0.0,0.0,0.0,0.0,0,,Leads-Search-1,Functional & Integrative Medicine | Women's Health & Hormones,female naturopath near me | integrative doctor | women's health naturopath,broad | phrase (close variant),None,3
functional gut clinic,1,0,0.0,0.0,0.0,0.0,0,,Leads-Search-1,Functional & Integrative Medicine,functional medicine clinic near me,broad,None,1
functional gut testing,1,0,0.0,0.0,0.0,0.0,0,,Leads-Search-1,Functional & Integrative Medicine,functional medicine,phrase (close variant),None,1
functional health consulting,1,0,0.0,0.0,0.0,0.0,0,,Leads-Search-1,Functional & Integrative Medicine,natural functional doctor,broad,None,1
functional health lab testing,1,0,0.0,0.0,0.0,0.0,0,,Leads-Search-1,Functional & Integrative Medicine,functional medicine,phrase (close variant),None,1
functional health labs,1,0,0.0,0.0,0.0,0.0,0,,Leads-Search-1,Functional & Integrative Medicine,functional medicine near me,broad,None,1
functional health practitioner,1,0,0.0,0.0,0.0,0.0,0,,Leads-Search-1,Functional & Integrative Medicine,functional medicine near me,exact (close variant),None,1
functional health test,1,0,0.0,0.0,0.0,0.0,0,,Leads-Search-1,Functional & Integrative Medicine,functional medicine,phrase (close variant),None,1
functional health testing,1,0,0.0,0.0,0.0,0.0,0,,Leads-Search-1,Functional & Integrative Medicine,functional medical,phrase (close variant),None,1
functional integrative medicine doctor,1,0,0.0,0.0,0.0,0.0,0,,Leads-Search-1,Functional & Integrative Medicine,functional medical doctors,exact (close variant),None,1
functional integrative medicine near me,1,0,0.0,0.0,0.0,0.0,0,,Leads-Search-1,Functional & Integrative Medicine,functional integrative medicine near me,exact,Added,1
functional longevity,1,0,0.0,0.0,0.0,0.0,0,,Leads-Search-1,Functional & Integrative Medicine,functional medicine,phrase (close variant),None,1
functional md doctor near me,1,0,0.0,0.0,0.0,0.0,0,,Leads-Search-1,Functional & Integrative Medicine,functional medicine near me,exact (close variant),None,1
functional med,1,0,0.0,0.0,0.0,0.0,0,,Leads-Search-1,Functional & Integrative Medicine,integrative medicine doctors in my area,broad,None,1
functional medical,2,0,0.0,0.0,0.0,0.0,0,,Leads-Search-1,Functional & Integrative Medicine,functional integrative doctor | functional medical,broad | exact,None,2
functional medical practitioner,1,0,0.0,0.0,0.0,0.0,0,,Leads-Search-1,Functional & Integrative Medicine,functional doctor in my area,exact (close variant),None,1
functional medicine approach to gerd,1,0,0.0,0.0,0.0,0.0,0,,Leads-Search-1,Functional & Integrative Medicine,functional medicine,phrase,None,1
functional medicine certification for non medical professionals,1,0,0.0,0.0,0.0,0.0,0,,Leads-Search-1,Functional & Integrative Medicine,functional medicine,broad,None,1
functional medicine clinic,1,0,0.0,0.0,0.0,0.0,0,,Leads-Search-1,Functional & Integrative Medicine,functional medicine,exact (close variant),None,1
functional medicine clinics near me,2,0,0.0,0.0,0.0,0.0,0,,Leads-Search-1,Functional & Integrative Medicine,functional integrative medicine near me | functional medicine near me,exact (close variant),None,2
functional medicine dietitian,2,0,0.0,0.0,0.0,0.0,0,,Leads-Search-1,Functional & Integrative Medicine,functional medicine doctors near me | functional medicine practitioner,broad | phrase (close variant),None,2
functional medicine diverticulitis,1,0,0.0,0.0,0.0,0.0,0,,Leads-Search-1,Functional & Integrative Medicine,functional medical physician,broad,None,1
functional medicine doctor for gut health,1,0,0.0,0.0,0.0,0.0,0,,Leads-Search-1,Functional & Integrative Medicine,functional medicine,phrase,None,1
functional medicine doctors in my area,1,0,0.0,0.0,0.0,0.0,0,,Leads-Search-1,Functional & Integrative Medicine,functional medicine doctors in my area,exact,Added,1
functional medicine dr mark hyman,1,0,0.0,0.0,0.0,0.0,0,,Leads-Search-1,Functional & Integrative Medicine,functional doctor,phrase,None,1
functional medicine edina mn,2,0,0.0,0.0,0.0,0.0,0,,Leads-Search-1,Functional & Integrative Medicine | Geo-Qualified — Hopkins & West Metro,functional medicine | holistic medicine Minneapolis,broad | phrase,None,2
functional medicine fibromyalgia,1,0,0.0,0.0,0.0,0.0,0,,Leads-Search-1,Functional & Integrative Medicine,functional medicine,phrase,None,1
functional medicine for rheumatoid arthritis,1,0,0.0,0.0,0.0,0.0,0,,Leads-Search-1,Functional & Integrative Medicine,functional medicine,phrase,None,1
functional medicine gi doctor near me,1,0,0.0,0.0,0.0,0.0,0,,Leads-Search-1,Functional & Integrative Medicine,functional medicine near me,phrase,None,1
functional medicine hudson wi,2,0,0.0,0.0,0.0,0.0,0,,Leads-Search-1,Functional & Integrative Medicine | Women's Health & Hormones,functional medicine | functional medicine for hormones,broad | phrase,None,2
functional medicine mark hyman,1,0,0.0,0.0,0.0,0.0,0,,Leads-Search-1,Functional & Integrative Medicine,functional medicine,phrase,None,1
functional medicine medicare,1,0,0.0,0.0,0.0,0.0,0,,Leads-Search-1,Functional & Integrative Medicine,functional medicine,phrase,None,1
functional medicine minneapolis mn,2,0,0.0,0.0,0.0,0.0,0,,Leads-Search-1,Functional & Integrative Medicine,functional doctor | functional medicine,phrase | phrase (close variant),None,2
functional medicine nurse,1,0,0.0,0.0,0.0,0.0,0,,Leads-Search-1,Functional & Integrative Medicine,functional medicine,phrase,None,1
functional medicine nurse practitioners,1,0,0.0,0.0,0.0,0.0,0,,Leads-Search-1,Functional & Integrative Medicine,functional medical,phrase (close variant),None,1
functional medicine pa,1,0,0.0,0.0,0.0,0.0,0,,Leads-Search-1,Functional & Integrative Medicine,functional medicine,phrase,None,1
functional medicine physician,2,0,0.0,0.0,0.0,0.0,0,,Leads-Search-1,Functional & Integrative Medicine,functional medical physician | functional medicine,exact (close variant) | phrase,None,2
functional medicine providers,2,0,0.0,0.0,0.0,0.0,0,,Leads-Search-1,Functional & Integrative Medicine,functional medicine doctors in my area | functional medicine near me,exact (close variant),None,2
functional medicine rn,1,0,0.0,0.0,0.0,0.0,0,,Leads-Search-1,Functional & Integrative Medicine,functional medicine,phrase,None,1
functional medicine specialist,1,0,0.0,0.0,0.0,0.0,0,,Leads-Search-1,Functional & Integrative Medicine,functional medical physician,exact (close variant),None,1
functional medicine st cloud,1,0,0.0,0.0,0.0,0.0,0,,Leads-Search-1,Functional & Integrative Medicine,functional doctor,phrase (close variant),None,1
functional medicine st cloud mn,1,0,0.0,0.0,0.0,0.0,0,,Leads-Search-1,Functional & Integrative Medicine,functional medicine,phrase,None,1
functional medicine test,1,0,0.0,0.0,0.0,0.0,0,,Leads-Search-1,Functional & Integrative Medicine,functional medicine,phrase,None,1
functional medicine testing,2,0,0.0,0.0,0.0,0.0,0,,Leads-Search-1,Functional & Integrative Medicine,functional medicine | functional medicine doctors in my area,broad | phrase,None,2
functional medicine testing near me,1,0,0.0,0.0,0.0,0.0,0,,Leads-Search-1,Functional & Integrative Medicine,functional medical physician,phrase (close variant),None,1
functional medicine tests,1,0,0.0,0.0,0.0,0.0,0,,Leads-Search-1,Functional & Integrative Medicine,functional medicine doctors in my area,broad,None,1
functional neurology center near me,1,0,0.0,0.0,0.0,0.0,0,,Leads-Search-1,Functional & Integrative Medicine,functional medicine doctors near me,phrase (close variant),None,1
functional nutrition,2,0,0.0,0.0,0.0,0.0,0,,Leads-Search-1,Functional & Integrative Medicine,functional medicine doctors near me | functional medicine practitioner,broad,None,2
functional provider,1,0,0.0,0.0,0.0,0.0,0,,Leads-Search-1,Functional & Integrative Medicine,functional medical doctors,phrase (close variant),None,1
functional testing near me,1,0,0.0,0.0,0.0,0.0,0,,Leads-Search-1,Functional & Integrative Medicine,functional doctor in my area,phrase (close variant),None,1
fundamental medicine doctor,1,0,0.0,0.0,0.0,0.0,0,,Leads-Search-1,Functional & Integrative Medicine,functional medicine doctors in my area,exact (close variant),None,1
gabrielle lyon,1,0,0.0,0.0,0.0,0.0,0,,Leads-Search-1,Functional & Integrative Medicine,functional medicine doctors in my area,broad,None,1
game day mens health clinic,1,0,0.0,0.0,0.0,0.0,0,,Leads-Search-1,Functional & Integrative Medicine,functional doctor in my area,broad,None,1
gary brecka,5,0,0.0,0.0,0.0,0.0,0,,Leads-Search-1,Functional & Integrative Medicine | Men's Health | Naturopath Near Me — Core,adrenal fatigue doctor near me | functional integrative doctor | natural functional doctor | naturopath for men | naturopathic practitioner near me,broad,None,5
gastro health,1,0,0.0,0.0,0.0,0.0,0,,Leads-Search-1,Functional & Integrative Medicine,integrated and functional medicine,broad,None,1
gastroenterologist,3,0,0.0,0.0,0.0,0.0,0,,Leads-Search-1,Functional & Integrative Medicine,functional doctor in my area | functional integrative doctor | functional medicine near me,broad,None,3
gastroenterologists near me,1,0,0.0,0.0,0.0,0.0,0,,Leads-Search-1,Functional & Integrative Medicine,functional medicine doctors near me,broad,None,1
gatherwell mn,2,0,0.0,0.0,0.0,0.0,0,,Leads-Search-1,Functional & Integrative Medicine,functional medical physician | integrative medicine doctors in my area,broad,None,2
general doctors,1,0,0.0,0.0,0.0,0.0,0,,Leads-Search-1,Functional & Integrative Medicine,functional medical physician,broad,None,1
gentle health,1,0,0.0,0.0,0.0,0.0,0,,Leads-Search-1,Functional & Integrative Medicine,functional doctor in my area,broad,None,1
geriatric medical doctors,1,0,0.0,0.0,0.0,0.0,0,,Leads-Search-1,Functional & Integrative Medicine,functional integrative medicine near me,broad,None,1
geriatrician doctor near me,1,0,0.0,0.0,0.0,0.0,0,,Leads-Search-1,Functional & Integrative Medicine,functional integrative doctor,broad,None,1
get vitamin levels checked,1,0,0.0,0.0,0.0,0.0,0,,Leads-Search-1,Functional & Integrative Medicine,functional medicine doctors near me,broad,None,1
getting healthy,1,0,0.0,0.0,0.0,0.0,0,,Leads-Search-1,Functional & Integrative Medicine,functional medicine,broad,None,1
gi clinic near me,2,0,0.0,0.0,0.0,0.0,0,,Leads-Search-1,Functional & Integrative Medicine,functional medicine doctors in my area | integrative health near me,broad,None,2
gi doctor,2,0,0.0,0.0,0.0,0.0,0,,Leads-Search-1,Functional & Integrative Medicine | Naturopath Near Me — Core,alternative medicine near me | functional integrative doctor,broad,None,2
gi doctors minneapolis,2,0,0.0,0.0,0.0,0.0,0,,Leads-Search-1,Functional & Integrative Medicine,functional integrative medicine near me | functional medical doctors,broad,None,2
gi doctors near me,2,0,0.0,0.0,0.0,0.0,0,,Leads-Search-1,Functional & Integrative Medicine,functional medical doctors | functional medicine doctors near me,broad,None,2
gi map test,1,0,0.0,0.0,0.0,0.0,0,,Leads-Search-1,Functional & Integrative Medicine,functional medical,broad,None,1
gi map test near me,2,0,0.0,0.0,0.0,0.0,0,,Leads-Search-1,Functional & Integrative Medicine,functional doctor | functional integrative medicine near me,broad,None,2
gi map test reviews,1,0,0.0,0.0,0.0,0.0,0,,Leads-Search-1,Functional & Integrative Medicine,functional medical,broad,None,1
gi physician,1,0,0.0,0.0,0.0,0.0,0,,Leads-Search-1,Functional & Integrative Medicine,integrative medicine doctors in my area,broad,None,1
glandular therapy,1,0,0.0,0.0,0.0,0.0,0,,Leads-Search-1,Functional & Integrative Medicine,functional medicine,broad,None,1
glp1 doctor near me,1,0,0.0,0.0,0.0,0.0,0,,Leads-Search-1,Functional & Integrative Medicine,functional medicine,broad,None,1
go geviti,1,0,0.0,0.0,0.0,0.0,0,,Leads-Search-1,Functional & Integrative Medicine,functional medical physician,broad,None,1
good living with harold,1,0,0.0,0.0,0.0,0.0,0,,Leads-Search-1,Functional & Integrative Medicine,natural functional doctor,broad,None,1
green central community clinic,1,0,0.0,0.0,0.0,0.0,0,,Leads-Search-1,Functional & Integrative Medicine,functional integrative medicine near me,broad,None,1
green tree family medical clinic,1,0,0.0,0.0,0.0,0.0,0,,Leads-Search-1,Functional & Integrative Medicine,functional doctor in my area,broad,None,1
greers health,1,0,0.0,0.0,0.0,0.0,0,,Leads-Search-1,Functional & Integrative Medicine,functional medicine near me,broad,None,1
greg mongeon,1,0,0.0,0.0,0.0,0.0,0,,Leads-Search-1,Functional & Integrative Medicine,functional medicine,phrase (close variant),None,1
gretchen rasmusson md,1,0,0.0,0.0,0.0,0.0,0,,Leads-Search-1,Functional & Integrative Medicine,functional medicine,broad,None,1
group health mn,1,0,0.0,0.0,0.0,0.0,0,,Leads-Search-1,Functional & Integrative Medicine,functional integrative medicine near me,broad,None,1
gut brain connection,1,0,0.0,0.0,0.0,0.0,0,,Leads-Search-1,Functional & Integrative Medicine,natural functional doctor,broad,None,1
gut check near me,1,0,0.0,0.0,0.0,0.0,0,,Leads-Search-1,Functional & Integrative Medicine,functional doctor in my area,broad,None,1
gut healing journey,1,0,0.0,0.0,0.0,0.0,0,,Leads-Search-1,Functional & Integrative Medicine,functional medicine,broad,None,1
gut health and psoriasis,2,0,0.0,0.0,0.0,0.0,0,,Leads-Search-1,Functional & Integrative Medicine,functional integrative doctor | functional medicine,broad,None,2
gut health near me,2,0,0.0,0.0,0.0,0.0,0,,Leads-Search-1,Functional & Integrative Medicine,functional doctor | functional medicine near me,broad,None,2
gut health video,1,0,0.0,0.0,0.0,0.0,0,,Leads-Search-1,Functional & Integrative Medicine,functional medicine,broad,None,1
gut microbiome test,1,0,0.0,0.0,0.0,0.0,0,,Leads-Search-1,Functional & Integrative Medicine,functional medicine,broad,None,1
gynecology and integrative women's care,1,0,0.0,0.0,0.0,0.0,0,,Leads-Search-1,Functional & Integrative Medicine,integrated doctor,phrase (close variant),None,1
happy health,1,0,0.0,0.0,0.0,0.0,0,,Leads-Search-1,Functional & Integrative Medicine,functional medicine,broad,None,1
harmonic egg near me,1,0,0.0,0.0,0.0,0.0,0,,Leads-Search-1,Functional & Integrative Medicine,integrative medicine near me,broad,None,1
hashimoto disease,1,0,0.0,0.0,0.0,0.0,0,,Leads-Search-1,Functional & Integrative Medicine,functional doctor in my area,broad,None,1
hashimoto expert near me,2,0,0.0,0.0,0.0,0.0,0,,Leads-Search-1,Functional & Integrative Medicine | Women's Health & Hormones,hormone doctor near me | integrative health near me,broad | phrase (close variant),None,2
hashimoto's thyroiditis doctor,1,0,0.0,0.0,0.0,0.0,0,,Leads-Search-1,Functional & Integrative Medicine,functional doctor in my area,broad,None,1
hcmc clinic,2,0,0.0,0.0,0.0,0.0,0,,Leads-Search-1,Functional & Integrative Medicine,functional doctor in my area | functional medicine near me,broad,None,2
hcmc richfield clinic,1,0,0.0,0.0,0.0,0.0,0,,Leads-Search-1,Functional & Integrative Medicine,best functional doctors near me,broad,None,1
headache constipation fatigue,1,0,0.0,0.0,0.0,0.0,0,,Leads-Search-1,Functional & Integrative Medicine,functional integrative doctor,broad,None,1
headache relief frequency,1,0,0.0,0.0,0.0,0.0,0,,Leads-Search-1,Functional & Integrative Medicine,functional medicine,broad,None,1
heal all diseases frequency,1,0,0.0,0.0,0.0,0.0,0,,Leads-Search-1,Functional & Integrative Medicine,functional medicine,broad,None,1
healing chronic fatigue syndrome,1,0,0.0,0.0,0.0,0.0,0,,Leads-Search-1,Functional & Integrative Medicine,functional medical,broad,None,1
healing pelvic pain,1,0,0.0,0.0,0.0,0.0,0,,Leads-Search-1,Functional & Integrative Medicine,functional medicine,broad,None,1
healing psoriasis diet,1,0,0.0,0.0,0.0,0.0,0,,Leads-Search-1,Functional & Integrative Medicine,functional medical,broad,None,1
healing the body,1,0,0.0,0.0,0.0,0.0,0,,Leads-Search-1,Functional & Integrative Medicine,functional integrative medicine near me,broad,None,1
health & wellness products saint paul mn,1,0,0.0,0.0,0.0,0.0,0,,Leads-Search-1,Functional & Integrative Medicine,functional holistic medicine,broad,None,1
health after 60,1,0,0.0,0.0,0.0,0.0,0,,Leads-Search-1,Functional & Integrative Medicine,functional medicine near me,broad,None,1
health and healing,1,0,0.0,0.0,0.0,0.0,0,,Leads-Search-1,Functional & Integrative Medicine,functional medicine,broad,None,1
health and longevity clinic,1,0,0.0,0.0,0.0,0.0,0,,Leads-Search-1,Functional & Integrative Medicine,natural functional doctor,broad,None,1
health and wellness center,1,0,0.0,0.0,0.0,0.0,0,,Leads-Search-1,Functional & Integrative Medicine,functional doctor in my area,broad,None,1
health and wellness coach,1,0,0.0,0.0,0.0,0.0,0,,Leads-Search-1,Functional & Integrative Medicine,functional medicine doctors near me,broad,None,1
health and wellness companies,1,0,0.0,0.0,0.0,0.0,0,,Leads-Search-1,Functional & Integrative Medicine,functional medicine,broad,None,1
health and wellness near me,2,0,0.0,0.0,0.0,0.0,0,,Leads-Search-1,Functional & Integrative Medicine | Naturopath Near Me — Core,best naturopath near me | functional integrative medicine near me,broad,None,2
health bloomington,1,0,0.0,0.0,0.0,0.0,0,,Leads-Search-1,Functional & Integrative Medicine,functional medicine near me,broad,None,1
health care concierge,1,0,0.0,0.0,0.0,0.0,0,,Leads-Search-1,Functional & Integrative Medicine,functional medicine doctors in my area,broad,None,1
health care minnesota,1,0,0.0,0.0,0.0,0.0,0,,Leads-Search-1,Functional & Integrative Medicine,functional medicine practice near me,broad,None,1
health care providers near me,2,0,0.0,0.0,0.0,0.0,0,,Leads-Search-1,Functional & Integrative Medicine,functional medicine doctors near me | functional medicine near me,broad,None,2
health care systems in mn,1,0,0.0,0.0,0.0,0.0,0,,Leads-Search-1,Functional & Integrative Medicine,functional medicine clinic near me,broad,None,1
health center,1,0,0.0,0.0,0.0,0.0,0,,Leads-Search-1,Functional & Integrative Medicine,functional medicine near me,broad,None,1
health check up,1,0,0.0,0.0,0.0,0.0,0,,Leads-Search-1,Functional & Integrative Medicine,functional medicine doctors near me,broad,None,1
health clinic minneapolis,1,0,0.0,0.0,0.0,0.0,0,,Leads-Search-1,Functional & Integrative Medicine,integrative medicine near me,broad,None,1
health coach mn,1,0,0.0,0.0,0.0,0.0,0,,Leads-Search-1,Functional & Integrative Medicine,functional doctor in my area,broad,None,1
health coaches near me,2,0,0.0,0.0,0.0,0.0,0,,Leads-Search-1,Functional & Integrative Medicine,functional holistic medicine | functional medicine doctors near me,broad,None,2
health com,1,0,0.0,0.0,0.0,0.0,0,,Leads-Search-1,Functional & Integrative Medicine,functional medicine near me,broad,None,1
health concierge,1,0,0.0,0.0,0.0,0.0,0,,Leads-Search-1,Functional & Integrative Medicine,functional integrative doctor,broad,None,1
health e wellness,1,0,0.0,0.0,0.0,0.0,0,,Leads-Search-1,Functional & Integrative Medicine,functional doctor in my area,broad,None,1
health journey,1,0,0.0,0.0,0.0,0.0,0,,Leads-Search-1,Functional & Integrative Medicine,functional doctor in my area,broad,None,1
health partner,1,0,0.0,0.0,0.0,0.0,0,,Leads-Search-1,Functional & Integrative Medicine,functional integrative doctor,broad,None,1
health partner hospitals,2,0,0.0,0.0,0.0,0.0,0,,Leads-Search-1,Functional & Integrative Medicine | Naturopath Near Me — Core,functional doctor in my area | naturalist dr near me,broad,None,2
health partners clinics,1,0,0.0,0.0,0.0,0.0,0,,Leads-Search-1,Functional & Integrative Medicine,functional medical physician,broad,None,1
health partners doctors,2,0,0.0,0.0,0.0,0.0,0,,Leads-Search-1,Functional & Integrative Medicine,functional doctor | integrative health near me,broad,None,2
health partners integrative medicine,1,0,0.0,0.0,0.0,0.0,0,,Leads-Search-1,Functional & Integrative Medicine,integrated doctor,phrase (close variant),None,1
health partners lab near me,1,0,0.0,0.0,0.0,0.0,0,,Leads-Search-1,Functional & Integrative Medicine,integrative health near me,broad,None,1
health partners minnesota,2,0,0.0,0.0,0.0,0.0,0,,Leads-Search-1,Functional & Integrative Medicine | Pediatrics,holistic pediatricians near me | integrative doctor,broad,None,2
health screening services,1,0,0.0,0.0,0.0,0.0,0,,Leads-Search-1,Functional & Integrative Medicine,functional doctor in my area,broad,None,1
health services,1,0,0.0,0.0,0.0,0.0,0,,Leads-Search-1,Functional & Integrative Medicine,functional medicine near me,broad,None,1
health services near me,1,0,0.0,0.0,0.0,0.0,0,,Leads-Search-1,Functional & Integrative Medicine,integrative health near me,broad,None,1
health source,3,0,0.0,0.0,0.0,0.0,0,,Leads-Search-1,Functional & Integrative Medicine | Naturopath Near Me — Core,functional medicine clinic near me | integrative medicine doctors in my area | naturalist dr near me,broad,None,3
health source chiro,1,0,0.0,0.0,0.0,0.0,0,,Leads-Search-1,Functional & Integrative Medicine,integrative medicine doctors in my area,broad,None,1
health systems,1,0,0.0,0.0,0.0,0.0,0,,Leads-Search-1,Functional & Integrative Medicine,functional medicine,broad,None,1
health systems mn,2,0,0.0,0.0,0.0,0.0,0,,Leads-Search-1,Functional & Integrative Medicine | Geo-Qualified — Hopkins & West Metro,functional doctor in my area | functional medicine doctor edina,broad,None,2
healthcare companies in minnesota,2,0,0.0,0.0,0.0,0.0,0,,Leads-Search-1,Functional & Integrative Medicine,best functional doctors near me | functional medicine near me,broad,None,2
healthcare companies in mn,1,0,0.0,0.0,0.0,0.0,0,,Leads-Search-1,Functional & Integrative Medicine,functional medicine doctors in my area,broad,None,1
healthcare companies mn,1,0,0.0,0.0,0.0,0.0,0,,Leads-Search-1,Functional & Integrative Medicine,functional medicine doctors in my area,broad,None,1
healthcare minnesota,1,0,0.0,0.0,0.0,0.0,0,,Leads-Search-1,Functional & Integrative Medicine,functional medicine doctors near me,broad,None,1
healthcare provider,3,0,0.0,0.0,0.0,0.0,0,,Leads-Search-1,Functional & Integrative Medicine | Naturopath Near Me — Core,functional medicine practitioner | functional medicines | holistic dr near me,broad,None,3
healtheast maplewood,1,0,0.0,0.0,0.0,0.0,0,,Leads-Search-1,Functional & Integrative Medicine,integrative health near me,broad,None,1
healthline,1,0,0.0,0.0,0.0,0.0,0,,Leads-Search-1,Functional & Integrative Medicine,functional medicine,broad,None,1
healthsource,3,0,0.0,0.0,0.0,0.0,0,,Leads-Search-1,Functional & Integrative Medicine,functional integrative medicine near me | functional medicines | integrative health near me,broad,None,3
healthsource clinic,1,0,0.0,0.0,0.0,0.0,0,,Leads-Search-1,Functional & Integrative Medicine,functional integrative doctor,broad,None,1
healthwise,2,0,0.0,0.0,0.0,0.0,0,,Leads-Search-1,Functional & Integrative Medicine,functional integrative doctor | integrative medicine near me,broad,None,2
healthwise near me,1,0,0.0,0.0,0.0,0.0,0,,Leads-Search-1,Functional & Integrative Medicine,functional integrative medicine near me,broad,None,1
healthy for life,1,0,0.0,0.0,0.0,0.0,0,,Leads-Search-1,Functional & Integrative Medicine,functional medicine,broad,None,1
hearth partners,1,0,0.0,0.0,0.0,0.0,0,,Leads-Search-1,Functional & Integrative Medicine,functional medicine doctors near me,broad,None,1
heath care near me,1,0,0.0,0.0,0.0,0.0,0,,Leads-Search-1,Functional & Integrative Medicine,functional medicine near me,broad,None,1
hennepin county medical,1,0,0.0,0.0,0.0,0.0,0,,Leads-Search-1,Functional & Integrative Medicine,integrative health near me,broad,None,1
herb doctor,1,0,0.0,0.0,0.0,0.0,0,,Leads-Search-1,Functional & Integrative Medicine,integrative medicine near me,broad,None,1
herb shop,1,0,0.0,0.0,0.0,0.0,0,,Leads-Search-1,Functional & Integrative Medicine,integrative medicine near me,broad,None,1
herb store minneapolis,1,0,0.0,0.0,0.0,0.0,0,,Leads-Search-1,Functional & Integrative Medicine,functional integrative medicine near me,broad,None,1
herbal shop near me,1,0,0.0,0.0,0.0,0.0,0,,Leads-Search-1,Functional & Integrative Medicine,integrative medicine near me,broad,None,1
herbal shops near me,3,0,0.0,0.0,0.0,0.0,0,,Leads-Search-1,Functional & Integrative Medicine | Naturopath Near Me — Core,functional medicine doctors in my area | functional medicine doctors near me | naturopaths in my area,broad,None,3
herbal stores in mn,1,0,0.0,0.0,0.0,0.0,0,,Leads-Search-1,Functional & Integrative Medicine,functional integrative medicine near me,broad,None,1
hers medical clinic,1,0,0.0,0.0,0.0,0.0,0,,Leads-Search-1,Functional & Integrative Medicine,functional medicine,broad,None,1
hiatal hernia weak diaphragm,1,0,0.0,0.0,0.0,0.0,0,,Leads-Search-1,Functional & Integrative Medicine,functional integrative doctor,broad,None,1
highland park clinic,1,0,0.0,0.0,0.0,0.0,0,,Leads-Search-1,Functional & Integrative Medicine,functional medicine doctors near me,broad,None,1
hijama in minneapolis,1,0,0.0,0.0,0.0,0.0,0,,Leads-Search-1,Functional & Integrative Medicine,integrative medicine doctors in my area,broad,None,1
histamine issues,1,0,0.0,0.0,0.0,0.0,0,,Leads-Search-1,Functional & Integrative Medicine,functional medicine,broad,None,1
histamine specialist near me,2,0,0.0,0.0,0.0,0.0,0,,Leads-Search-1,Functional & Integrative Medicine | Naturopath Near Me — Core,alternative medicine near me | integrative medicine doctors in my area,broad,None,2
holistic approach to eczema,1,0,0.0,0.0,0.0,0.0,0,,Leads-Search-1,Functional & Integrative Medicine,functional medical,broad,None,1
holistic approach to gut health,1,0,0.0,0.0,0.0,0.0,0,,Leads-Search-1,Functional & Integrative Medicine,functional integrative medicine near me,broad,None,1
holistic approach to thyroid issues,1,0,0.0,0.0,0.0,0.0,0,,Leads-Search-1,Functional & Integrative Medicine,functional medicine,broad,None,1
holistic clinic,3,0,0.0,0.0,0.0,0.0,0,,Leads-Search-1,Functional & Integrative Medicine | Geo-Qualified — Hopkins & West Metro,functional holistic medicine | functional medicine doctors near me | holistic medicine Minneapolis,broad,None,3
holistic doctor ulcerative colitis,2,0,0.0,0.0,0.0,0.0,0,,Leads-Search-1,Functional & Integrative Medicine,functional integrative doctor | functional medicine,broad | phrase (close variant),None,2
holistic dr,4,0,0.0,0.0,0.0,0.0,0,,Leads-Search-1,Functional & Integrative Medicine | Geo-Qualified — Hopkins & West Metro | Naturopath Near Me — Core,alternative medicine near me | functional medicine doctor edina | integrative medicine doctors in my area | natural functional doctor,broad | exact (close variant),None,4
holistic gi doctor,3,0,0.0,0.0,0.0,0.0,0,,Leads-Search-1,Functional & Integrative Medicine | Geo-Qualified — Hopkins & West Metro | Naturopath Near Me — Core,functional doctor | naturopathic doctor Minneapolis | naturopaths in my area,broad | phrase (close variant),None,3
holistic gi doctors,1,0,0.0,0.0,0.0,0.0,0,,Leads-Search-1,Functional & Integrative Medicine,functional medicine doctors near me,broad,None,1
holistic healing for thyroid,1,0,0.0,0.0,0.0,0.0,0,,Leads-Search-1,Functional & Integrative Medicine,functional medicine,broad,None,1
holistic health care,2,0,0.0,0.0,0.0,0.0,0,,Leads-Search-1,Functional & Integrative Medicine | Naturopath Near Me — Core,functional medicine | naturalist dr near me,broad,None,2
holistic health coach,1,0,0.0,0.0,0.0,0.0,0,,Leads-Search-1,Functional & Integrative Medicine,functional holistic medicine,broad,None,1
holistic health fair near me,1,0,0.0,0.0,0.0,0.0,0,,Leads-Search-1,Functional & Integrative Medicine,functional medicine near me,broad,None,1
holistic intuitive practitioner,1,0,0.0,0.0,0.0,0.0,0,,Leads-Search-1,Functional & Integrative Medicine,functional doctor in my area,broad,None,1
holistic kinesiology near me,3,0,0.0,0.0,0.0,0.0,0,,Leads-Search-1,Functional & Integrative Medicine | Geo-Qualified — Hopkins & West Metro,functional holistic medicine | functional medicine doctor eden prairie | functional medicine doctor edina,broad | phrase (close variant),None,3
holistic lab testing,2,0,0.0,0.0,0.0,0.0,0,,Leads-Search-1,Functional & Integrative Medicine,functional holistic medicine | natural functional doctor,broad | phrase (close variant),None,2
holistic medicine for cancer,1,0,0.0,0.0,0.0,0.0,0,,Leads-Search-1,Functional & Integrative Medicine,functional medicine,broad,None,1
holistic medicine retreat,1,0,0.0,0.0,0.0,0.0,0,,Leads-Search-1,Functional & Integrative Medicine,functional medicine doctors near me,broad,None,1
holistic medicine website,1,0,0.0,0.0,0.0,0.0,0,,Leads-Search-1,Functional & Integrative Medicine,functional medicine clinic near me,broad,None,1
holistic neurology,1,0,0.0,0.0,0.0,0.0,0,,Leads-Search-1,Functional & Integrative Medicine,integrative health near me,broad,None,1
holistic nurse,2,0,0.0,0.0,0.0,0.0,0,,Leads-Search-1,Functional & Integrative Medicine,functional doctor | integrative doctor,broad,None,2
holistic pain management,1,0,0.0,0.0,0.0,0.0,0,,Leads-Search-1,Functional & Integrative Medicine,integrative medicine doctors in my area,broad,None,1
holistic pharmacies near me,1,0,0.0,0.0,0.0,0.0,0,,Leads-Search-1,Functional & Integrative Medicine,functional holistic medicine,broad,None,1
holistic remedies for restless leg syndrome,1,0,0.0,0.0,0.0,0.0,0,,Leads-Search-1,Functional & Integrative Medicine,functional medicine,broad,None,1
holistic rheumatologist,1,0,0.0,0.0,0.0,0.0,0,,Leads-Search-1,Functional & Integrative Medicine,functional medicine clinic near me,broad,None,1
holistic roots,1,0,0.0,0.0,0.0,0.0,0,,Leads-Search-1,Functional & Integrative Medicine,functional holistic medicine,broad,None,1
holistic store near me,1,0,0.0,0.0,0.0,0.0,0,,Leads-Search-1,Functional & Integrative Medicine,integrative health near me,broad,None,1
holistic stores,1,0,0.0,0.0,0.0,0.0,0,,Leads-Search-1,Functional & Integrative Medicine,integrative medicine near me,broad,None,1
holistic therapies,1,0,0.0,0.0,0.0,0.0,0,,Leads-Search-1,Functional & Integrative Medicine,natural functional doctor,broad,None,1
holistic tmj treatment,1,0,0.0,0.0,0.0,0.0,0,,Leads-Search-1,Functional & Integrative Medicine,functional holistic medicine,broad,None,1
holistic ways to manage adhd,1,0,0.0,0.0,0.0,0.0,0,,Leads-Search-1,Functional & Integrative Medicine,functional medicine,broad,None,1
holistic ways to treat headaches,1,0,0.0,0.0,0.0,0.0,0,,Leads-Search-1,Functional & Integrative Medicine,functional medicine,broad,None,1
holistic wellness,2,0,0.0,0.0,0.0,0.0,0,,Leads-Search-1,Functional & Integrative Medicine | Naturopath Near Me — Core,functional doctor in my area | naturopathic practitioner near me,broad,None,2
holistic wellness near me,1,0,0.0,0.0,0.0,0.0,0,,Leads-Search-1,Functional & Integrative Medicine,functional integrative medicine near me,broad,None,1
hollistic near me,1,0,0.0,0.0,0.0,0.0,0,,Leads-Search-1,Functional & Integrative Medicine,integrative health near me,broad,None,1
homeopath,5,0,0.0,0.0,0.0,0.0,0,,Leads-Search-1,Functional & Integrative Medicine | Naturopath Near Me — Core,functional medical | holistic dr near me | integrative medicine doctors in my area | natural healing doctors near me | naturalist dr near me,broad,None,5
homeopath nearby,1,0,0.0,0.0,0.0,0.0,0,,Leads-Search-1,Functional & Integrative Medicine,functional medicine doctors near me,broad,None,1
homeopathe albertville,1,0,0.0,0.0,0.0,0.0,0,,Leads-Search-1,Functional & Integrative Medicine,integrative medicine doctors in my area,broad,None,1
homeopathy explained,1,0,0.0,0.0,0.0,0.0,0,,Leads-Search-1,Functional & Integrative Medicine,functional medicine,broad,None,1
homeopathy for constipation,1,0,0.0,0.0,0.0,0.0,0,,Leads-Search-1,Functional & Integrative Medicine,functional medicine,broad,None,1
homeopathy for eczema,1,0,0.0,0.0,0.0,0.0,0,,Leads-Search-1,Functional & Integrative Medicine,functional medicine,broad,None,1
homeopathy kidney failure,1,0,0.0,0.0,0.0,0.0,0,,Leads-Search-1,Functional & Integrative Medicine,functional medicine,broad,None,1
homeopathy twin cities,2,0,0.0,0.0,0.0,0.0,0,,Leads-Search-1,Functional & Integrative Medicine | Geo-Qualified — Hopkins & West Metro,holistic medicine Minneapolis | integrative medicine near me,broad | phrase (close variant),None,2
hopkins health & wellness,1,0,0.0,0.0,0.0,0.0,0,,Leads-Search-1,Functional & Integrative Medicine,functional medicine near me,broad,None,1
hopkins primary care physicians,1,0,0.0,0.0,0.0,0.0,0,,Leads-Search-1,Functional & Integrative Medicine,best functional doctors near me,broad,None,1
hormonal blood test near me,1,0,0.0,0.0,0.0,0.0,0,,Leads-Search-1,Functional & Integrative Medicine,functional medicine doctors in my area,broad,None,1
hormone levels test near me,1,0,0.0,0.0,0.0,0.0,0,,Leads-Search-1,Functional & Integrative Medicine,functional medicine doctors in my area,broad,None,1
how can i heal leaky gut,1,0,0.0,0.0,0.0,0.0,0,,Leads-Search-1,Functional & Integrative Medicine,functional doctor,broad,None,1
how much does a nutritionist cost,1,0,0.0,0.0,0.0,0.0,0,,Leads-Search-1,Functional & Integrative Medicine,functional integrative doctor,broad,None,1
how to achieve healthy aging,1,0,0.0,0.0,0.0,0.0,0,,Leads-Search-1,Functional & Integrative Medicine,functional medicine,broad,None,1
how to check for candida overgrowth in gut,1,0,0.0,0.0,0.0,0.0,0,,Leads-Search-1,Functional & Integrative Medicine,functional doctor,broad,None,1
how to cure chronic constipation,1,0,0.0,0.0,0.0,0.0,0,,Leads-Search-1,Functional & Integrative Medicine,integrative medicine near me,broad,None,1
how to cure sibo naturally,2,0,0.0,0.0,0.0,0.0,0,,Leads-Search-1,Functional & Integrative Medicine,functional doctor | functional medicine,broad,None,2
how to find a good functional medicine doctor,1,0,0.0,0.0,0.0,0.0,0,,Leads-Search-1,Functional & Integrative Medicine,functional medicine doctors near me,exact (close variant),None,1
how to find a keto doctor,1,0,0.0,0.0,0.0,0.0,0,,Leads-Search-1,Functional & Integrative Medicine,functional medicine near me,broad,None,1
how to get a gi map,1,0,0.0,0.0,0.0,0.0,0,,Leads-Search-1,Functional & Integrative Medicine,functional medical,broad,None,1
how to heal leaky gut,1,0,0.0,0.0,0.0,0.0,0,,Leads-Search-1,Functional & Integrative Medicine,functional medicine near me,broad,None,1
how to heal nervous system naturally,1,0,0.0,0.0,0.0,0.0,0,,Leads-Search-1,Functional & Integrative Medicine,functional medicine,broad,None,1
how to heal your gut naturally,1,0,0.0,0.0,0.0,0.0,0,,Leads-Search-1,Functional & Integrative Medicine,functional medicine,broad,None,1
how to heal your immune system naturally,1,0,0.0,0.0,0.0,0.0,0,,Leads-Search-1,Functional & Integrative Medicine,functional integrative doctor,broad,None,1
how to lower stomach acid naturally,1,0,0.0,0.0,0.0,0.0,0,,Leads-Search-1,Functional & Integrative Medicine,functional medical,broad,None,1
how to unclog arteries naturally,1,0,0.0,0.0,0.0,0.0,0,,Leads-Search-1,Functional & Integrative Medicine,functional medicine,broad,None,1
hrt near me perimenopause,1,0,0.0,0.0,0.0,0.0,0,,Leads-Search-1,Functional & Integrative Medicine,functional medical physician,broad,None,1
htma test,1,0,0.0,0.0,0.0,0.0,0,,Leads-Search-1,Functional & Integrative Medicine,functional medicine,broad,None,1
htma test near me,1,0,0.0,0.0,0.0,0.0,0,,Leads-Search-1,Functional & Integrative Medicine,functional medicine near me,broad,None,1
htma testing near me,1,0,0.0,0.0,0.0,0.0,0,,Leads-Search-1,Functional & Integrative Medicine,functional doctor in my area,broad,None,1
huberman dr,1,0,0.0,0.0,0.0,0.0,0,,Leads-Search-1,Functional & Integrative Medicine,functional medicine,broad,None,1
hudson medical clinic,1,0,0.0,0.0,0.0,0.0,0,,Leads-Search-1,Functional & Integrative Medicine,integrative medicine doctors in my area,broad,None,1
hyman health,1,0,0.0,0.0,0.0,0.0,0,,Leads-Search-1,Functional & Integrative Medicine,functional medicine doctors near me,broad,None,1
hyper restore wellness,1,0,0.0,0.0,0.0,0.0,0,,Leads-Search-1,Functional & Integrative Medicine,functional integrative medicine near me,broad,None,1
hyper wellness restore,1,0,0.0,0.0,0.0,0.0,0,,Leads-Search-1,Functional & Integrative Medicine,functional medicine clinic near me,broad,None,1
hyperthyroidism treatments,1,0,0.0,0.0,0.0,0.0,0,,Leads-Search-1,Functional & Integrative Medicine,functional integrative doctor,broad,None,1
hypothyroidism and toenails,1,0,0.0,0.0,0.0,0.0,0,,Leads-Search-1,Functional & Integrative Medicine,functional medicine,broad,None,1
ifm org,1,0,0.0,0.0,0.0,0.0,0,,Leads-Search-1,Functional & Integrative Medicine,integrated doctor,phrase (close variant),None,1
ifm org find a practitioner,2,0,0.0,0.0,0.0,0.0,0,,Leads-Search-1,Functional & Integrative Medicine | Naturopath Near Me — Core,functional medical physician | naturopathic practitioner near me,broad | phrase (close variant),None,2
ifmcp,1,0,0.0,0.0,0.0,0.0,0,,Leads-Search-1,Functional & Integrative Medicine,functional medicine near me,broad,None,1
immune doc,1,0,0.0,0.0,0.0,0.0,0,,Leads-Search-1,Functional & Integrative Medicine,integrative doctor,broad,None,1
immune doctor,1,0,0.0,0.0,0.0,0.0,0,,Leads-Search-1,Functional & Integrative Medicine,integrative medicine doctors in my area,broad,None,1
immune system meditation,1,0,0.0,0.0,0.0,0.0,0,,Leads-Search-1,Functional & Integrative Medicine,functional medicine,broad,None,1
immunologist,1,0,0.0,0.0,0.0,0.0,0,,Leads-Search-1,Functional & Integrative Medicine,functional medicine doctors near me,broad,None,1
imo intestinal methanogen overgrowth,1,0,0.0,0.0,0.0,0.0,0,,Leads-Search-1,Functional & Integrative Medicine,functional medicine,broad,None,1
independent clinics near me,2,0,0.0,0.0,0.0,0.0,0,,Leads-Search-1,Functional & Integrative Medicine | Geo-Qualified — Hopkins & West Metro,functional medicine doctor edina | functional medicine near me,broad,None,2
indian health board,1,0,0.0,0.0,0.0,0.0,0,,Leads-Search-1,Functional & Integrative Medicine,integrative medicine doctors in my area,broad,Excluded,1
indian health board clinic,1,0,0.0,0.0,0.0,0.0,0,,Leads-Search-1,Functional & Integrative Medicine,functional integrative medicine near me,broad,None,1
indian health board of minneapolis,1,0,0.0,0.0,0.0,0.0,0,,Leads-Search-1,Functional & Integrative Medicine,functional integrative medicine near me,broad,None,1
indian health services mn,1,0,0.0,0.0,0.0,0.0,0,,Leads-Search-1,Functional & Integrative Medicine,best functional doctors near me,broad,None,1
infinite health collaborative mn,1,0,0.0,0.0,0.0,0.0,0,,Leads-Search-1,Functional & Integrative Medicine,functional doctor in my area,broad,None,1
inflammation healing frequency,1,0,0.0,0.0,0.0,0.0,0,,Leads-Search-1,Functional & Integrative Medicine,functional medicine,broad,None,1
inflammation healing frequency sleep,1,0,0.0,0.0,0.0,0.0,0,,Leads-Search-1,Functional & Integrative Medicine,functional medicine,broad,None,1
inflammatory diseases list,1,0,0.0,0.0,0.0,0.0,0,,Leads-Search-1,Functional & Integrative Medicine,functional medicine,broad,None,1
inshapemd clinic,1,0,0.0,0.0,0.0,0.0,0,,Leads-Search-1,Functional & Integrative Medicine,functional medicine near me,broad,None,1
institute for health & healing,1,0,0.0,0.0,0.0,0.0,0,,Leads-Search-1,Functional & Integrative Medicine,functional integrative medicine near me,broad,None,1
institute health,1,0,0.0,0.0,0.0,0.0,0,,Leads-Search-1,Functional & Integrative Medicine,functional medicine,broad,None,1
integrated doctor,1,0,0.0,0.0,0.0,0.0,0,,Leads-Search-1,Functional & Integrative Medicine,functional integrative doctor,exact (close variant),None,1
integrated health and wellness,1,0,0.0,0.0,0.0,0.0,0,,Leads-Search-1,Functional & Integrative Medicine,functional integrative medicine near me,broad,None,1
integrated health mn,3,0,0.0,0.0,0.0,0.0,0,,Leads-Search-1,Functional & Integrative Medicine,functional holistic medicine | functional medicine near me | integrative health near me,broad,None,3
integrated health services,1,0,0.0,0.0,0.0,0.0,0,,Leads-Search-1,Functional & Integrative Medicine,functional integrative medicine near me,broad,None,1
integrated provider group of mn,1,0,0.0,0.0,0.0,0.0,0,,Leads-Search-1,Functional & Integrative Medicine,functional medicine practice near me,broad,None,1
integrated wellness,1,0,0.0,0.0,0.0,0.0,0,,Leads-Search-1,Functional & Integrative Medicine,functional medicine,broad,None,1
integrative,6,0,0.0,0.0,0.0,0.0,0,,Leads-Search-1,Functional & Integrative Medicine | Naturopath Near Me — Core,functional integrative medicine near me | functional medicine near me | integrative medicine near me | natural doctor near me | naturopathic practitioner near me | naturopaths in my area,broad,None,6
integrative and alternative medicine,1,0,0.0,0.0,0.0,0.0,0,,Leads-Search-1,Functional & Integrative Medicine,functional medical physician,broad,None,1
integrative and functional medicine doctors near me,1,0,0.0,0.0,0.0,0.0,0,,Leads-Search-1,Functional & Integrative Medicine,functional medicine doctors near me,exact (close variant),None,1
integrative cancer specialist,1,0,0.0,0.0,0.0,0.0,0,,Leads-Search-1,Functional & Integrative Medicine,functional integrative doctor,phrase (close variant),None,1
integrative cardiology near me,1,0,0.0,0.0,0.0,0.0,0,,Leads-Search-1,Functional & Integrative Medicine,integrative health near me,phrase (close variant),None,1
integrative endocrinologist,1,0,0.0,0.0,0.0,0.0,0,,Leads-Search-1,Functional & Integrative Medicine,integrative health near me,broad,None,1
integrative endocrinologist near me,1,0,0.0,0.0,0.0,0.0,0,,Leads-Search-1,Functional & Integrative Medicine,integrative medicine near me,phrase (close variant),None,1
integrative functional medicine,2,0,0.0,0.0,0.0,0.0,0,,Leads-Search-1,Functional & Integrative Medicine,functional medicine near me | integrative medicine near me,broad,None,2
integrative gastroenterologist,1,0,0.0,0.0,0.0,0.0,0,,Leads-Search-1,Functional & Integrative Medicine,functional holistic medicine,phrase (close variant),None,1
integrative health clinic,2,0,0.0,0.0,0.0,0.0,0,,Leads-Search-1,Functional & Integrative Medicine,functional medicine | integrative health near me,broad | exact (close variant),None,2
integrative health medicine,1,0,0.0,0.0,0.0,0.0,0,,Leads-Search-1,Functional & Integrative Medicine,functional medicine,broad,None,1
integrative health mn,2,0,0.0,0.0,0.0,0.0,0,,Leads-Search-1,Functional & Integrative Medicine,functional medical clinic | functional medicine doctors near me,broad,None,2
integrative med,1,0,0.0,0.0,0.0,0.0,0,,Leads-Search-1,Functional & Integrative Medicine,functional doctor in my area,broad,None,1
integrative medical doctor near me,1,0,0.0,0.0,0.0,0.0,0,,Leads-Search-1,Functional & Integrative Medicine,integrative medicine near me,exact (close variant),None,1
integrative medicine for cancer patients,1,0,0.0,0.0,0.0,0.0,0,,Leads-Search-1,Functional & Integrative Medicine,integrated doctor,phrase (close variant),None,1
integrative medicine minnesota,3,0,0.0,0.0,0.0,0.0,0,,Leads-Search-1,Functional & Integrative Medicine,best functional doctors near me | functional medical | functional medicine,broad,None,3
integrative neurologist,1,0,0.0,0.0,0.0,0.0,0,,Leads-Search-1,Functional & Integrative Medicine,functional integrative doctor,phrase (close variant),None,1
integrative nutrition near me,1,0,0.0,0.0,0.0,0.0,0,,Leads-Search-1,Functional & Integrative Medicine,integrative medicine doctors in my area,exact (close variant),None,1
integrative oncology near me,2,0,0.0,0.0,0.0,0.0,0,,Leads-Search-1,Functional & Integrative Medicine,functional integrative medicine near me | integrative health near me,phrase (close variant),None,2
integrative pain medicine,1,0,0.0,0.0,0.0,0.0,0,,Leads-Search-1,Functional & Integrative Medicine,functional medicine doctors in my area,broad,None,1
integrative therapeutics,1,0,0.0,0.0,0.0,0.0,0,,Leads-Search-1,Functional & Integrative Medicine,functional integrative doctor,broad,None,1
integrative wellness,2,0,0.0,0.0,0.0,0.0,0,,Leads-Search-1,Functional & Integrative Medicine,functional medicines | integrative health near me,broad,None,2
intellectual medicine,1,0,0.0,0.0,0.0,0.0,0,,Leads-Search-1,Functional & Integrative Medicine,functional medical,broad,None,1
interactive health,1,0,0.0,0.0,0.0,0.0,0,,Leads-Search-1,Functional & Integrative Medicine,functional medicine,broad,None,1
internal medicine,1,0,0.0,0.0,0.0,0.0,0,,Leads-Search-1,Functional & Integrative Medicine,functional integrative doctor,broad,None,1
internal medicine doctor,1,0,0.0,0.0,0.0,0.0,0,,Leads-Search-1,Functional & Integrative Medicine,integrated and functional medicine,broad,None,1
iron infusion minneapolis,2,0,0.0,0.0,0.0,0.0,0,,Leads-Search-1,Functional & Integrative Medicine | Geo-Qualified — Hopkins & West Metro,functional medical clinic | holistic medicine Minneapolis,broad,None,2
iron infusion near me,2,0,0.0,0.0,0.0,0.0,0,,Leads-Search-1,Functional & Integrative Medicine,functional medicine clinic near me | functional medicine near me,broad,None,2
is there a test for leaky gut,1,0,0.0,0.0,0.0,0.0,0,,Leads-Search-1,Functional & Integrative Medicine,functional medical,broad,None,1
iv nutrient therapy,1,0,0.0,0.0,0.0,0.0,0,,Leads-Search-1,Functional & Integrative Medicine,functional medicines,broad,None,1
iv nutrition,1,0,0.0,0.0,0.0,0.0,0,,Leads-Search-1,Functional & Integrative Medicine,functional medicine near me,broad,None,1
iv therapy,1,0,0.0,0.0,0.0,0.0,0,,Leads-Search-1,Functional & Integrative Medicine,functional medicine near me,broad,Excluded,1
jack kruse,1,0,0.0,0.0,0.0,0.0,0,,Leads-Search-1,Functional & Integrative Medicine,functional medicine,broad,None,1
jarred younger,2,0,0.0,0.0,0.0,0.0,0,,Leads-Search-1,Functional & Integrative Medicine,functional medical doctors | functional medicine doctors near me,broad,None,2
jason fung,1,0,0.0,0.0,0.0,0.0,0,,Leads-Search-1,Functional & Integrative Medicine,functional doctor,broad,None,1
jason seib,1,0,0.0,0.0,0.0,0.0,0,,Leads-Search-1,Functional & Integrative Medicine,functional integrative doctor,broad,None,1
jeffrey bland,1,0,0.0,0.0,0.0,0.0,0,,Leads-Search-1,Functional & Integrative Medicine,functional holistic medicine,phrase (close variant),None,1
jenelle kim,1,0,0.0,0.0,0.0,0.0,0,,Leads-Search-1,Functional & Integrative Medicine,functional integrative doctor,broad,None,1
jennika tomashek,1,0,0.0,0.0,0.0,0.0,0,,Leads-Search-1,Functional & Integrative Medicine,functional medicine practitioner,phrase (close variant),None,1
joel fuhrman,2,0,0.0,0.0,0.0,0.0,0,,Leads-Search-1,Functional & Integrative Medicine,functional medical physician | functional medicine doctors near me,broad,None,2
john nasseff medical center,1,0,0.0,0.0,0.0,0.0,0,,Leads-Search-1,Functional & Integrative Medicine,functional integrative medicine near me,broad,None,1
jordan clinic,1,0,0.0,0.0,0.0,0.0,0,,Leads-Search-1,Functional & Integrative Medicine,integrative medicine doctors in my area,broad,None,1
kampo medicine,1,0,0.0,0.0,0.0,0.0,0,,Leads-Search-1,Functional & Integrative Medicine,functional medical physician,broad,None,1
ken d berry md,1,0,0.0,0.0,0.0,0.0,0,,Leads-Search-1,Functional & Integrative Medicine,functional integrative doctor,broad,None,1
keto doctor near me,1,0,0.0,0.0,0.0,0.0,0,,Leads-Search-1,Functional & Integrative Medicine,functional doctor,broad,None,1
kim foster md coach,2,0,0.0,0.0,0.0,0.0,0,,Leads-Search-1,Functional & Integrative Medicine,functional doctor in my area | functional medical physician,broad,None,2
kinesiology food testing,1,0,0.0,0.0,0.0,0.0,0,,Leads-Search-1,Functional & Integrative Medicine,functional doctor,broad,None,1
kingdom healthcare,2,0,0.0,0.0,0.0,0.0,0,,Leads-Search-1,Functional & Integrative Medicine,functional doctor in my area | integrative medicine doctors in my area,broad,None,2
laborers clinic hugo mn,1,0,0.0,0.0,0.0,0.0,0,,Leads-Search-1,Functional & Integrative Medicine,functional integrative doctor,broad,None,1
lakeview clinic schedule appointment,1,0,0.0,0.0,0.0,0.0,0,,Leads-Search-1,Functional & Integrative Medicine,integrative medicine doctors in my area,broad,None,1
lakeview clinic watertown mn,1,0,0.0,0.0,0.0,0.0,0,,Leads-Search-1,Functional & Integrative Medicine,integrated and functional medicine,broad,None,1
lakeville clinic,1,0,0.0,0.0,0.0,0.0,0,,Leads-Search-1,Functional & Integrative Medicine,integrative health near me,broad,None,1
laura padhye md,1,0,0.0,0.0,0.0,0.0,0,,Leads-Search-1,Functional & Integrative Medicine,functional integrative medicine near me,broad,None,1
leah clark md,1,0,0.0,0.0,0.0,0.0,0,,Leads-Search-1,Functional & Integrative Medicine,functional medicine doctors near me,broad,None,1
leaky gut symptoms,1,0,0.0,0.0,0.0,0.0,0,,Leads-Search-1,Functional & Integrative Medicine,functional medicine,broad,None,1
learn natural medicine,1,0,0.0,0.0,0.0,0.0,0,,Leads-Search-1,Functional & Integrative Medicine,functional medicine near me,broad,None,1
leonid kim,1,0,0.0,0.0,0.0,0.0,0,,Leads-Search-1,Functional & Integrative Medicine,functional medicine doctors near me,broad,None,1
life medical,1,0,0.0,0.0,0.0,0.0,0,,Leads-Search-1,Functional & Integrative Medicine,functional integrative doctor,broad,None,1
life medical clinic st louis park,1,0,0.0,0.0,0.0,0.0,0,,Leads-Search-1,Functional & Integrative Medicine,functional integrative medicine near me,broad,None,1
lifeforce vs function health,1,0,0.0,0.0,0.0,0.0,0,,Leads-Search-1,Functional & Integrative Medicine,functional medicine,broad,None,1
lifespan health mn,3,0,0.0,0.0,0.0,0.0,0,,Leads-Search-1,Functional & Integrative Medicine | Naturopath Near Me — Core,best functional doctors near me | functional medical clinic | naturalist dr near me,broad | phrase (close variant),None,3
lifestyle medicine physician,1,0,0.0,0.0,0.0,0.0,0,,Leads-Search-1,Functional & Integrative Medicine,functional medicine near me,broad,None,1
lifewave doctors panel,1,0,0.0,0.0,0.0,0.0,0,,Leads-Search-1,Functional & Integrative Medicine,functional integrative doctor,broad,None,1
lighthouse health,1,0,0.0,0.0,0.0,0.0,0,,Leads-Search-1,Functional & Integrative Medicine,functional medicine near me,broad,None,1
lipid clinic,1,0,0.0,0.0,0.0,0.0,0,,Leads-Search-1,Functional & Integrative Medicine,functional medical physician,broad,None,1
lipidologist near me,1,0,0.0,0.0,0.0,0.0,0,,Leads-Search-1,Functional & Integrative Medicine,functional medical,broad,None,1
lipidologist specialist,1,0,0.0,0.0,0.0,0.0,0,,Leads-Search-1,Functional & Integrative Medicine,functional doctor in my area,broad,None,1
lisa ganora,1,0,0.0,0.0,0.0,0.0,0,,Leads-Search-1,Functional & Integrative Medicine,functional holistic medicine,broad,None,1
list of functional medicine doctors,1,0,0.0,0.0,0.0,0.0,0,,Leads-Search-1,Functional & Integrative Medicine,functional medicine practitioner,phrase (close variant),None,1
lite medical clinic,5,0,0.0,0.0,0.0,0.0,0,,Leads-Search-1,Functional & Integrative Medicine | Men's Health | Naturopath Near Me — Core | Women's Health & Hormones,functional medicine clinic near me | functional medicine doctors in my area | hormone doctor near me | men's health doctor near me | naturalist dr near me,broad,None,5
lite medical pllc,2,0,0.0,0.0,0.0,0.0,0,,Leads-Search-1,Functional & Integrative Medicine | Geo-Qualified — Hopkins & West Metro,functional integrative medicine near me | functional medicine doctor hopkins,broad,None,2
live well chanhassen,1,0,0.0,0.0,0.0,0.0,0,,Leads-Search-1,Functional & Integrative Medicine,functional integrative doctor,broad,None,1
live well functional medicine,3,0,0.0,0.0,0.0,0.0,0,,Leads-Search-1,Functional & Integrative Medicine,functional medicine clinic near me | functional medicine doctors in my area | integrative medicine near me,broad,None,3
livea medical,1,0,0.0,0.0,0.0,0.0,0,,Leads-Search-1,Functional & Integrative Medicine,functional medicine,broad,None,1
livewell,1,0,0.0,0.0,0.0,0.0,0,,Leads-Search-1,Functional & Integrative Medicine,functional integrative medicine near me,broad,None,1
living with chronic illness,1,0,0.0,0.0,0.0,0.0,0,,Leads-Search-1,Functional & Integrative Medicine,functional medicine,broad,None,1
longevity clinics,1,0,0.0,0.0,0.0,0.0,0,,Leads-Search-1,Functional & Integrative Medicine,integrative medicine near me,broad,None,1
longevity clinics near me,1,0,0.0,0.0,0.0,0.0,0,,Leads-Search-1,Functional & Integrative Medicine,functional medicine near me,broad,None,1
longevity doctor,8,0,0.0,0.0,0.0,0.0,0,,Leads-Search-1,Functional & Integrative Medicine,functional doctor | functional integrative medicine near me | functional medical clinic | functional medicine | functional medicine doctors in my area | functional medicine near me | functional medicines | natural functional doctor,broad,None,8
longevity dr,1,0,0.0,0.0,0.0,0.0,0,,Leads-Search-1,Functional & Integrative Medicine,integrative health near me,broad,None,1
longevity dr near me,1,0,0.0,0.0,0.0,0.0,0,,Leads-Search-1,Functional & Integrative Medicine,integrative health near me,broad,None,1
longevity institute,1,0,0.0,0.0,0.0,0.0,0,,Leads-Search-1,Functional & Integrative Medicine,functional medicine,broad,None,1
longevity medicine,1,0,0.0,0.0,0.0,0.0,0,,Leads-Search-1,Functional & Integrative Medicine,functional medicine,broad,None,1
longevity specialist,1,0,0.0,0.0,0.0,0.0,0,,Leads-Search-1,Functional & Integrative Medicine,functional doctor,broad,None,1
longevity treatments,1,0,0.0,0.0,0.0,0.0,0,,Leads-Search-1,Functional & Integrative Medicine,functional doctor,broad,None,1
lori finlay,2,0,0.0,0.0,0.0,0.0,0,,Leads-Search-1,Functional & Integrative Medicine | Naturopath Near Me — Core,functional medical clinic | holistic dr near me,broad,None,2
lower cholesterol naturally,1,0,0.0,0.0,0.0,0.0,0,,Leads-Search-1,Functional & Integrative Medicine,functional medicine,broad,None,1
lumae functional health,1,0,0.0,0.0,0.0,0.0,0,,Leads-Search-1,Functional & Integrative Medicine,functional medicine near me,broad,None,1
m health,2,0,0.0,0.0,0.0,0.0,0,,Leads-Search-1,Functional & Integrative Medicine | Geo-Qualified — Hopkins & West Metro,functional medicine near me | natural medicine Minnesota,broad,Excluded,2
m health appointments,1,0,0.0,0.0,0.0,0.0,0,,Leads-Search-1,Functional & Integrative Medicine,integrative health near me,broad,None,1
m health clinic near me,1,0,0.0,0.0,0.0,0.0,0,,Leads-Search-1,Functional & Integrative Medicine,integrative health near me,broad,None,1
m health clinics near me,1,0,0.0,0.0,0.0,0.0,0,,Leads-Search-1,Functional & Integrative Medicine,functional doctor in my area,broad,None,1
m health specialty clinic,1,0,0.0,0.0,0.0,0.0,0,,Leads-Search-1,Functional & Integrative Medicine,functional integrative doctor,broad,None,1
maple grove north memorial,2,0,0.0,0.0,0.0,0.0,0,,Leads-Search-1,Functional & Integrative Medicine,functional medicine doctors near me | functional medicine near me,broad,None,2
maple health clinic near me,1,0,0.0,0.0,0.0,0.0,0,,Leads-Search-1,Functional & Integrative Medicine,functional medicine doctors near me,broad,None,1
marathon health,1,0,0.0,0.0,0.0,0.0,0,,Leads-Search-1,Functional & Integrative Medicine,integrative medicine doctors in my area,broad,None,1
marathon health and wellness center,1,0,0.0,0.0,0.0,0.0,0,,Leads-Search-1,Functional & Integrative Medicine,functional holistic medicine,broad,None,1
mark hyman,4,0,0.0,0.0,0.0,0.0,0,,Leads-Search-1,Functional & Integrative Medicine,functional doctor in my area | functional integrative doctor | functional medicine | functional medicine doctors near me,broad | phrase (close variant),None,4
mayo clinic health,1,0,0.0,0.0,0.0,0.0,0,,Leads-Search-1,Functional & Integrative Medicine,integrative doctor,broad,None,1
mayo clinic minnesota,4,0,0.0,0.0,0.0,0.0,0,,Leads-Search-1,Functional & Integrative Medicine | Geo-Qualified — Hopkins & West Metro,functional integrative doctor | functional medical physician | functional medicine doctors near me | natural medicine Minnesota,broad,None,4
mayo clinic mn,1,0,0.0,0.0,0.0,0.0,0,,Leads-Search-1,Functional & Integrative Medicine,functional integrative medicine near me,broad,None,1
mayo clinic near me,2,0,0.0,0.0,0.0,0.0,0,,Leads-Search-1,Functional & Integrative Medicine,functional medicine doctors near me | functional medicine near me,broad,None,2
mccall mcpherson,1,0,0.0,0.0,0.0,0.0,0,,Leads-Search-1,Functional & Integrative Medicine,functional medical clinic,broad,None,1
md care minnetonka,1,0,0.0,0.0,0.0,0.0,0,,Leads-Search-1,Functional & Integrative Medicine,functional doctor in my area,broad,None,1
medi health,1,0,0.0,0.0,0.0,0.0,0,,Leads-Search-1,Functional & Integrative Medicine,functional doctor in my area,broad,None,1
medical center near me,1,0,0.0,0.0,0.0,0.0,0,,Leads-Search-1,Functional & Integrative Medicine,integrative health near me,broad,None,1
medical clinic,2,0,0.0,0.0,0.0,0.0,0,,Leads-Search-1,Functional & Integrative Medicine | Naturopath Near Me — Core,functional medicine doctors near me | naturopaths in my area,broad,None,2
medical diagnostics,1,0,0.0,0.0,0.0,0.0,0,,Leads-Search-1,Functional & Integrative Medicine,functional medicine doctors near me,broad,None,1
medical health center,1,0,0.0,0.0,0.0,0.0,0,,Leads-Search-1,Functional & Integrative Medicine,functional doctor in my area,broad,None,1
medicinal herbs near me,1,0,0.0,0.0,0.0,0.0,0,,Leads-Search-1,Functional & Integrative Medicine,functional integrative medicine near me,broad,None,1
medicine herbs near me,1,0,0.0,0.0,0.0,0.0,0,,Leads-Search-1,Functional & Integrative Medicine,functional medicine doctors near me,broad,None,1
meditation for migraine relief,1,0,0.0,0.0,0.0,0.0,0,,Leads-Search-1,Functional & Integrative Medicine,functional medicine,broad,None,1
meghan livingstone,1,0,0.0,0.0,0.0,0.0,0,,Leads-Search-1,Functional & Integrative Medicine,functional integrative doctor,broad,None,1
meridian testing,1,0,0.0,0.0,0.0,0.0,0,,Leads-Search-1,Functional & Integrative Medicine,functional medicine near me,broad,None,1
metabolic assessment test,1,0,0.0,0.0,0.0,0.0,0,,Leads-Search-1,Functional & Integrative Medicine,functional medical,broad,None,1
metabolic doctors,1,0,0.0,0.0,0.0,0.0,0,,Leads-Search-1,Functional & Integrative Medicine,functional medicine,broad,None,1
metabolic wellness,1,0,0.0,0.0,0.0,0.0,0,,Leads-Search-1,Functional & Integrative Medicine,functional medicine near me,broad,None,1
metropolitan medical center,1,0,0.0,0.0,0.0,0.0,0,,Leads-Search-1,Functional & Integrative Medicine,functional integrative doctor,broad,None,1
mhealth,2,0,0.0,0.0,0.0,0.0,0,,Leads-Search-1,Functional & Integrative Medicine,functional medicine near me | integrative health near me,broad,None,2
mhealth clinic,1,0,0.0,0.0,0.0,0.0,0,,Leads-Search-1,Functional & Integrative Medicine,functional medicine clinic near me,broad,None,1
michael ruscio,1,0,0.0,0.0,0.0,0.0,0,,Leads-Search-1,Functional & Integrative Medicine,functional medical physician,broad,None,1
microbiome test,1,0,0.0,0.0,0.0,0.0,0,,Leads-Search-1,Functional & Integrative Medicine,functional medicine,broad,None,1
microbiome testing,1,0,0.0,0.0,0.0,0.0,0,,Leads-Search-1,Functional & Integrative Medicine,functional medicine near me,broad,None,1
microbiome testing near me,1,0,0.0,0.0,0.0,0.0,0,,Leads-Search-1,Functional & Integrative Medicine,functional medicine,broad,None,1
micronutrient testing,1,0,0.0,0.0,0.0,0.0,0,,Leads-Search-1,Functional & Integrative Medicine,functional medicine near me,broad,None,1
mid america medical associates,1,0,0.0,0.0,0.0,0.0,0,,Leads-Search-1,Functional & Integrative Medicine,functional medicine near me,broad,None,1
midwest integrated health clinic,2,0,0.0,0.0,0.0,0.0,0,,Leads-Search-1,Functional & Integrative Medicine,functional medicine near me | integrative medicine near me,broad,None,2
migraine doctor near me,1,0,0.0,0.0,0.0,0.0,0,,Leads-Search-1,Functional & Integrative Medicine,integrative medicine doctors in my area,broad,None,1
migrane,1,0,0.0,0.0,0.0,0.0,0,,Leads-Search-1,Functional & Integrative Medicine,functional medicine near me,broad,None,1
mimc,1,0,0.0,0.0,0.0,0.0,0,,Leads-Search-1,Functional & Integrative Medicine,integrative medicine near me,broad,None,1
mindy pelz,2,0,0.0,0.0,0.0,0.0,0,,Leads-Search-1,Functional & Integrative Medicine | Women's Health & Hormones,functional integrative doctor | women's health naturopath,broad,None,2
mineral blood test,1,0,0.0,0.0,0.0,0.0,0,,Leads-Search-1,Functional & Integrative Medicine,functional medicine,broad,None,1
minji digestive health,1,0,0.0,0.0,0.0,0.0,0,,Leads-Search-1,Functional & Integrative Medicine,functional doctor in my area,broad,None,1
minneapolis dexa scan,1,0,0.0,0.0,0.0,0.0,0,,Leads-Search-1,Functional & Integrative Medicine,functional medicine near me,broad,None,1
minneapolis health center,1,0,0.0,0.0,0.0,0.0,0,,Leads-Search-1,Functional & Integrative Medicine,functional medicine near me,broad,None,1
minneapolis integrative medicine,1,0,0.0,0.0,0.0,0.0,0,,Leads-Search-1,Functional & Integrative Medicine,functional medicine near me,broad,None,1
minneapolis weight loss clinic,1,0,0.0,0.0,0.0,0.0,0,,Leads-Search-1,Functional & Integrative Medicine,functional medicine clinic near me,broad,None,1
minnesota care st paul mn,1,0,0.0,0.0,0.0,0.0,0,,Leads-Search-1,Functional & Integrative Medicine,functional medicine near me,broad,None,1
minnesota center for homeopathy,1,0,0.0,0.0,0.0,0.0,0,,Leads-Search-1,Functional & Integrative Medicine,functional integrative medicine near me,broad,None,1
minnesota department of health,1,0,0.0,0.0,0.0,0.0,0,,Leads-Search-1,Functional & Integrative Medicine,functional medicine doctors near me,broad,None,1
minnesota digestive health,2,0,0.0,0.0,0.0,0.0,0,,Leads-Search-1,Functional & Integrative Medicine | Geo-Qualified — Hopkins & West Metro,functional medicine doctor eden prairie | integrative medicine near me,broad,None,2
minnesota endocrinology,1,0,0.0,0.0,0.0,0.0,0,,Leads-Search-1,Functional & Integrative Medicine,functional doctor in my area,broad,None,1
minnesota endocrinology clinic,1,0,0.0,0.0,0.0,0.0,0,,Leads-Search-1,Functional & Integrative Medicine,integrative medicine doctors in my area,broad,None,1
minnesota gastroenterology,1,0,0.0,0.0,0.0,0.0,0,,Leads-Search-1,Functional & Integrative Medicine,functional medicine near me,broad,None,1
minnesota health,2,0,0.0,0.0,0.0,0.0,0,,Leads-Search-1,Functional & Integrative Medicine | Naturopath Near Me — Core,alternative medicine near me | functional doctor in my area,broad,None,2
minnesota health care,1,0,0.0,0.0,0.0,0.0,0,,Leads-Search-1,Functional & Integrative Medicine,integrative medicine doctors in my area,broad,None,1
minnesota healthcare,2,0,0.0,0.0,0.0,0.0,0,,Leads-Search-1,Functional & Integrative Medicine,functional doctor in my area | integrative health near me,broad,None,2
minnesota integrative health studio,1,0,0.0,0.0,0.0,0.0,0,,Leads-Search-1,Functional & Integrative Medicine,functional medicine near me,broad,None,1
minnesota medical,1,0,0.0,0.0,0.0,0.0,0,,Leads-Search-1,Functional & Integrative Medicine,functional medicine doctors near me,broad,None,1
minnesota wellness center,1,0,0.0,0.0,0.0,0.0,0,,Leads-Search-1,Functional & Integrative Medicine,functional medical clinic,broad,None,1
minnetonka clinic,1,0,0.0,0.0,0.0,0.0,0,,Leads-Search-1,Functional & Integrative Medicine,functional medicine doctors near me,broad,None,1
minnetonka clinics,1,0,0.0,0.0,0.0,0.0,0,,Leads-Search-1,Functional & Integrative Medicine,functional medicine near me,broad,None,1
minnetonka mn walk in clinic,1,0,0.0,0.0,0.0,0.0,0,,Leads-Search-1,Functional & Integrative Medicine,functional doctor in my area,broad,None,1
minute clinic near me,3,0,0.0,0.0,0.0,0.0,0,,Leads-Search-1,Functional & Integrative Medicine | Geo-Qualified — Hopkins & West Metro,functional medicine doctor hopkins | functional medicine practice near me | integrative medicine doctors in my area,broad,None,3
minute clinics,1,0,0.0,0.0,0.0,0.0,0,,Leads-Search-1,Functional & Integrative Medicine,functional medicine clinic near me,broad,None,1
minuteclinic near me,3,0,0.0,0.0,0.0,0.0,0,,Leads-Search-1,Functional & Integrative Medicine | Naturopath Near Me — Core,functional integrative medicine near me | functional medicine practice near me | naturopaths in my area,broad,None,3
miracle cure for osteoporosis,1,0,0.0,0.0,0.0,0.0,0,,Leads-Search-1,Functional & Integrative Medicine,functional medicine,broad,None,1
mn dept of health,1,0,0.0,0.0,0.0,0.0,0,,Leads-Search-1,Functional & Integrative Medicine,integrative health near me,broad,None,1
mn dr,1,0,0.0,0.0,0.0,0.0,0,,Leads-Search-1,Functional & Integrative Medicine,integrative doctor,broad,None,1
mn gi doctors,1,0,0.0,0.0,0.0,0.0,0,,Leads-Search-1,Functional & Integrative Medicine,functional doctor in my area,broad,None,1
mn health clinics,1,0,0.0,0.0,0.0,0.0,0,,Leads-Search-1,Functional & Integrative Medicine,functional medicine clinic near me,broad,None,1
mn health services,2,0,0.0,0.0,0.0,0.0,0,,Leads-Search-1,Functional & Integrative Medicine | Pediatrics,functional medicine practitioner | natural pediatrician near me,broad,None,2
mn integrative,1,0,0.0,0.0,0.0,0.0,0,,Leads-Search-1,Functional & Integrative Medicine,functional medicine,broad,None,1
mn integrative health,1,0,0.0,0.0,0.0,0.0,0,,Leads-Search-1,Functional & Integrative Medicine,functional medicine near me,broad,None,1
mn women's health,1,0,0.0,0.0,0.0,0.0,0,,Leads-Search-1,Functional & Integrative Medicine,integrative health near me,broad,None,1
mngi doctors,1,0,0.0,0.0,0.0,0.0,0,,Leads-Search-1,Functional & Integrative Medicine,functional holistic medicine,broad,None,1
mngi physicians,1,0,0.0,0.0,0.0,0.0,0,,Leads-Search-1,Functional & Integrative Medicine,natural functional doctor,broad,None,1
mnhealth,2,0,0.0,0.0,0.0,0.0,0,,Leads-Search-1,Functional & Integrative Medicine,functional medical clinic | functional medicine,broad,None,2
modern family medicine,1,0,0.0,0.0,0.0,0.0,0,,Leads-Search-1,Functional & Integrative Medicine,functional doctor,broad,None,1
modern thyroid clinic,1,0,0.0,0.0,0.0,0.0,0,,Leads-Search-1,Functional & Integrative Medicine,functional medicine doctors near me,broad,None,1
mold toxicity treatment,1,0,0.0,0.0,0.0,0.0,0,,Leads-Search-1,Functional & Integrative Medicine,functional medicine,broad,None,1
monumentum health,1,0,0.0,0.0,0.0,0.0,0,,Leads-Search-1,Functional & Integrative Medicine,functional doctor,broad,None,1
moore integrative health,1,0,0.0,0.0,0.0,0.0,0,,Leads-Search-1,Functional & Integrative Medicine,functional medicine doctors in my area,broad,None,1
morley robbins,1,0,0.0,0.0,0.0,0.0,0,,Leads-Search-1,Functional & Integrative Medicine,natural functional doctor,broad,None,1
moxibustion near me,1,0,0.0,0.0,0.0,0.0,0,,Leads-Search-1,Functional & Integrative Medicine,functional medicine near me,broad,Excluded,1
muscle testing near me,2,0,0.0,0.0,0.0,0.0,0,,Leads-Search-1,Functional & Integrative Medicine,functional integrative medicine near me | functional medicine near me,broad,None,2
my functional health,2,0,0.0,0.0,0.0,0.0,0,,Leads-Search-1,Functional & Integrative Medicine,best functional doctors near me | functional medical clinic,broad,None,2
my medical clinic,3,0,0.0,0.0,0.0,0.0,0,,Leads-Search-1,Functional & Integrative Medicine | Geo-Qualified — Hopkins & West Metro | Naturopath Near Me — Core,alternative medicine near me | functional integrative medicine near me | natural medicine Minnesota,broad,None,3
my medical clinic pllc,2,0,0.0,0.0,0.0,0.0,0,,Leads-Search-1,Functional & Integrative Medicine,functional integrative doctor | integrative medicine doctors in my area,broad,None,2
my medical clinic pllc eagan,2,0,0.0,0.0,0.0,0.0,0,,Leads-Search-1,Functional & Integrative Medicine | Naturopath Near Me — Core,alternative medicine near me | functional medicine near me,broad,None,2
mychart hcmc,1,0,0.0,0.0,0.0,0.0,0,,Leads-Search-1,Functional & Integrative Medicine,functional medicine doctors near me,broad,None,1
nad therapy near me,1,0,0.0,0.0,0.0,0.0,0,,Leads-Search-1,Functional & Integrative Medicine,integrative health near me,broad,None,1
natalya lyadova,1,0,0.0,0.0,0.0,0.0,0,,Leads-Search-1,Functional & Integrative Medicine,functional integrative medicine near me,broad,None,1
natural & healthy,1,0,0.0,0.0,0.0,0.0,0,,Leads-Search-1,Functional & Integrative Medicine,natural functional doctor,broad,None,1
natural cure for acid stomach,1,0,0.0,0.0,0.0,0.0,0,,Leads-Search-1,Functional & Integrative Medicine,functional medicine,broad,None,1
natural gerd treatment,1,0,0.0,0.0,0.0,0.0,0,,Leads-Search-1,Functional & Integrative Medicine,functional medicine,broad,None,1
natural glp 1 activation,1,0,0.0,0.0,0.0,0.0,0,,Leads-Search-1,Functional & Integrative Medicine,functional medicines,broad,None,1
natural health stores near me,1,0,0.0,0.0,0.0,0.0,0,,Leads-Search-1,Functional & Integrative Medicine,integrative medicine near me,broad,None,1
natural herb store near me,2,0,0.0,0.0,0.0,0.0,0,,Leads-Search-1,Functional & Integrative Medicine | Geo-Qualified — Hopkins & West Metro,functional medicine doctor eden prairie | functional medicine near me,broad,None,2
natural hormone therapy,1,0,0.0,0.0,0.0,0.0,0,,Leads-Search-1,Functional & Integrative Medicine,functional medicine,broad,None,1
natural hygiene,1,0,0.0,0.0,0.0,0.0,0,,Leads-Search-1,Functional & Integrative Medicine,functional medicine,broad,None,1
natural medicine stores near me,1,0,0.0,0.0,0.0,0.0,0,,Leads-Search-1,Functional & Integrative Medicine,functional medicine near me,broad,None,1
natural paths,1,0,0.0,0.0,0.0,0.0,0,,Leads-Search-1,Functional & Integrative Medicine,integrative health near me,broad,None,1
natural remedies for fatigue and tiredness,1,0,0.0,0.0,0.0,0.0,0,,Leads-Search-1,Functional & Integrative Medicine,functional medicine,broad,None,1
natural ways to lower inflammation in the body,1,0,0.0,0.0,0.0,0.0,0,,Leads-Search-1,Functional & Integrative Medicine,functional medicine,broad,None,1
naturalistic doctors near me,2,0,0.0,0.0,0.0,0.0,0,,Leads-Search-1,Functional & Integrative Medicine,functional medicine doctors near me | integrative health near me,broad | phrase (close variant),None,2
nature heals,3,0,0.0,0.0,0.0,0.0,0,,Leads-Search-1,Functional & Integrative Medicine | Naturopath Near Me — Core,alternative medicine doctors near me | functional integrative medicine near me | natural functional doctor,broad,None,3
natures health,1,0,0.0,0.0,0.0,0.0,0,,Leads-Search-1,Functional & Integrative Medicine,natural functional doctor,broad,None,1
naturopath hair analysis,1,0,0.0,0.0,0.0,0.0,0,,Leads-Search-1,Functional & Integrative Medicine,functional medicines,broad,None,1
naturopathic breast cancer treatment,1,0,0.0,0.0,0.0,0.0,0,,Leads-Search-1,Functional & Integrative Medicine,functional doctor,broad,None,1
naturopathic doctor roseville,1,0,0.0,0.0,0.0,0.0,0,,Leads-Search-1,Functional & Integrative Medicine,functional medicine,broad,None,1
naturopathic longevity,2,0,0.0,0.0,0.0,0.0,0,,Leads-Search-1,Functional & Integrative Medicine | Women's Health & Hormones,integrative doctor | naturopath for hormones,broad | phrase (close variant),None,2
naturopathic medical doctor,2,0,0.0,0.0,0.0,0.0,0,,Leads-Search-1,Functional & Integrative Medicine,functional medicine doctors near me | natural functional doctor,broad,None,2
naturopathic pain relief,1,0,0.0,0.0,0.0,0.0,0,,Leads-Search-1,Functional & Integrative Medicine,functional medicine,broad,None,1
naturopaths,1,0,0.0,0.0,0.0,0.0,0,,Leads-Search-1,Functional & Integrative Medicine,integrated and functional medicine,broad,None,1
nearby clinic,1,0,0.0,0.0,0.0,0.0,0,,Leads-Search-1,Functional & Integrative Medicine,functional medicine near me,broad,None,1
new bridge clinic,1,0,0.0,0.0,0.0,0.0,0,,Leads-Search-1,Functional & Integrative Medicine,integrated doctor,phrase (close variant),None,1
newbridge clinic edina mn,2,0,0.0,0.0,0.0,0.0,0,,Leads-Search-1,Functional & Integrative Medicine | Women's Health & Hormones,female naturopath | functional medicine near me,broad,None,2
newellnessmpls,1,0,0.0,0.0,0.0,0.0,0,,Leads-Search-1,Functional & Integrative Medicine,functional medicine near me,broad,None,1
nicollet clinic,1,0,0.0,0.0,0.0,0.0,0,,Leads-Search-1,Functional & Integrative Medicine,functional medicine doctors near me,broad,None,1
north memorial and sanford,1,0,0.0,0.0,0.0,0.0,0,,Leads-Search-1,Functional & Integrative Medicine,functional integrative doctor,broad,None,1
north memorial clinic,1,0,0.0,0.0,0.0,0.0,0,,Leads-Search-1,Functional & Integrative Medicine,integrative medicine doctors in my area,broad,None,1
north memorial clinic blaine minnesota,1,0,0.0,0.0,0.0,0.0,0,,Leads-Search-1,Functional & Integrative Medicine,functional medicine near me,broad,None,1
north memorial clinic plymouth mn,1,0,0.0,0.0,0.0,0.0,0,,Leads-Search-1,Functional & Integrative Medicine,functional medicine near me,broad,None,1
north memorial clinics,4,0,0.0,0.0,0.0,0.0,0,,Leads-Search-1,Functional & Integrative Medicine | Geo-Qualified — Hopkins & West Metro | Naturopath Near Me — Core,alternative medicine near me | functional medicine doctor eden prairie | integrative health near me | naturalist dr near me,broad,None,4
north memorial health clinic near me,1,0,0.0,0.0,0.0,0.0,0,,Leads-Search-1,Functional & Integrative Medicine,functional medicine near me,broad,None,1
north memorial health clinics,1,0,0.0,0.0,0.0,0.0,0,,Leads-Search-1,Functional & Integrative Medicine,integrative doctor,broad,None,1
north memorial health maple grove,1,0,0.0,0.0,0.0,0.0,0,,Leads-Search-1,Functional & Integrative Medicine,functional medicine doctors near me,broad,None,1
north memorial health near me,1,0,0.0,0.0,0.0,0.0,0,,Leads-Search-1,Functional & Integrative Medicine,functional medicine doctors in my area,broad,None,1
north memorial health specialty center,1,0,0.0,0.0,0.0,0.0,0,,Leads-Search-1,Functional & Integrative Medicine,functional medicine near me,broad,None,1
northeast community acupuncture,1,0,0.0,0.0,0.0,0.0,0,,Leads-Search-1,Functional & Integrative Medicine,natural functional doctor,broad,None,1
northern medical,1,0,0.0,0.0,0.0,0.0,0,,Leads-Search-1,Functional & Integrative Medicine,functional doctor in my area,broad,None,1
northpoint,1,0,0.0,0.0,0.0,0.0,0,,Leads-Search-1,Functional & Integrative Medicine,functional medicine practitioner,broad,None,1
northshore medical,1,0,0.0,0.0,0.0,0.0,0,,Leads-Search-1,Functional & Integrative Medicine,integrative medicine doctors in my area,broad,None,1
northshore near me,1,0,0.0,0.0,0.0,0.0,0,,Leads-Search-1,Functional & Integrative Medicine,functional medicine clinic near me,broad,None,1
northwestern clinic,1,0,0.0,0.0,0.0,0.0,0,,Leads-Search-1,Functional & Integrative Medicine,functional medical,broad,None,1
northwestern functional medicine,1,0,0.0,0.0,0.0,0.0,0,,Leads-Search-1,Functional & Integrative Medicine,functional integrative doctor,phrase (close variant),None,1
northwestern health,1,0,0.0,0.0,0.0,0.0,0,,Leads-Search-1,Functional & Integrative Medicine,functional integrative doctor,broad,None,1
nourish dietician,1,0,0.0,0.0,0.0,0.0,0,,Leads-Search-1,Functional & Integrative Medicine,functional medicine,broad,None,1
nova health,1,0,0.0,0.0,0.0,0.0,0,,Leads-Search-1,Functional & Integrative Medicine,integrative health near me,broad,None,1
nutrient blood test,1,0,0.0,0.0,0.0,0.0,0,,Leads-Search-1,Functional & Integrative Medicine,functional medicine doctors in my area,broad,None,1
nutrition clinic near me,3,0,0.0,0.0,0.0,0.0,0,,Leads-Search-1,Functional & Integrative Medicine,functional medicine doctors in my area | functional medicine doctors near me | integrative health near me,broad,None,3
nutrition coach,1,0,0.0,0.0,0.0,0.0,0,,Leads-Search-1,Functional & Integrative Medicine,natural functional doctor,broad,None,1
nutrition counseling minneapolis,1,0,0.0,0.0,0.0,0.0,0,,Leads-Search-1,Functional & Integrative Medicine,functional medical physician,broad,None,1
nutrition health coach,1,0,0.0,0.0,0.0,0.0,0,,Leads-Search-1,Functional & Integrative Medicine,functional medicine doctors near me,broad,None,1
nutrition near me,2,0,0.0,0.0,0.0,0.0,0,,Leads-Search-1,Functional & Integrative Medicine,functional medicine doctors near me | functional medicine near me,broad,None,2
nutrition response testing near me,1,0,0.0,0.0,0.0,0.0,0,,Leads-Search-1,Functional & Integrative Medicine,functional medicine near me,broad,None,1
nutrition specialist near me,1,0,0.0,0.0,0.0,0.0,0,,Leads-Search-1,Functional & Integrative Medicine,functional medicine doctors near me,broad,None,1
nutrition workshop,1,0,0.0,0.0,0.0,0.0,0,,Leads-Search-1,Functional & Integrative Medicine,functional integrative doctor,broad,None,1
nutritional deficiency test,1,0,0.0,0.0,0.0,0.0,0,,Leads-Search-1,Functional & Integrative Medicine,functional medicine,broad,None,1
nutritional testing near me,1,0,0.0,0.0,0.0,0.0,0,,Leads-Search-1,Functional & Integrative Medicine,functional integrative medicine near me,broad,None,1
nutritional therapy,1,0,0.0,0.0,0.0,0.0,0,,Leads-Search-1,Functional & Integrative Medicine,functional integrative doctor,broad,None,1
nutritional therapy practitioner,2,0,0.0,0.0,0.0,0.0,0,,Leads-Search-1,Functional & Integrative Medicine | Women's Health & Hormones,female naturopath near me | integrative medicine doctors in my area,broad,None,2
nuwell,1,0,0.0,0.0,0.0,0.0,0,,Leads-Search-1,Functional & Integrative Medicine,functional medicine,broad,None,1
oak street health care,1,0,0.0,0.0,0.0,0.0,0,,Leads-Search-1,Functional & Integrative Medicine,functional medicine doctors in my area,broad,None,1
oak street health locations,1,0,0.0,0.0,0.0,0.0,0,,Leads-Search-1,Functional & Integrative Medicine,functional medicine near me,broad,None,1
oak street health minneapolis,2,0,0.0,0.0,0.0,0.0,0,,Leads-Search-1,Functional & Integrative Medicine,functional medicine doctors near me | functional medicine practitioner,broad,None,2
oakhealth,1,0,0.0,0.0,0.0,0.0,0,,Leads-Search-1,Functional & Integrative Medicine,functional medicine near me,broad,None,1
odam medical,1,0,0.0,0.0,0.0,0.0,0,,Leads-Search-1,Functional & Integrative Medicine,functional medicine clinic near me,broad,None,1
oksana shirokova,1,0,0.0,0.0,0.0,0.0,0,,Leads-Search-1,Functional & Integrative Medicine,functional holistic medicine,phrase (close variant),None,1
oncology naturopath near me,1,0,0.0,0.0,0.0,0.0,0,,Leads-Search-1,Functional & Integrative Medicine,integrative medicine doctors in my area,phrase (close variant),None,1
optum eden prairie,1,0,0.0,0.0,0.0,0.0,0,,Leads-Search-1,Functional & Integrative Medicine,functional doctor in my area,broad,None,1
osteopath minneapolis,1,0,0.0,0.0,0.0,0.0,0,,Leads-Search-1,Functional & Integrative Medicine,integrative medicine doctors in my area,broad,None,1
osteopathic medicine,1,0,0.0,0.0,0.0,0.0,0,,Leads-Search-1,Functional & Integrative Medicine,functional holistic medicine,broad,None,1
osteopaths in my area,2,0,0.0,0.0,0.0,0.0,0,,Leads-Search-1,Functional & Integrative Medicine | Naturopath Near Me — Core,alternative medicine near me | integrative medicine doctors in my area,broad | phrase (close variant),None,2
osteoporosis treatment near me,1,0,0.0,0.0,0.0,0.0,0,,Leads-Search-1,Functional & Integrative Medicine,functional medicine doctors near me,broad,None,1
over 40 health check,1,0,0.0,0.0,0.0,0.0,0,,Leads-Search-1,Functional & Integrative Medicine,integrative health near me,broad,None,1
panchakarma therapy,1,0,0.0,0.0,0.0,0.0,0,,Leads-Search-1,Functional & Integrative Medicine,functional holistic medicine,broad,None,1
panchkarma,1,0,0.0,0.0,0.0,0.0,0,,Leads-Search-1,Functional & Integrative Medicine,functional medicines,broad,None,1
parasite cleanse near me,1,0,0.0,0.0,0.0,0.0,0,,Leads-Search-1,Functional & Integrative Medicine,integrative medicine doctors in my area,broad,None,1
parasite clinic near me,1,0,0.0,0.0,0.0,0.0,0,,Leads-Search-1,Functional & Integrative Medicine,functional medicine doctors near me,broad,None,1
park and nicollet clinic,1,0,0.0,0.0,0.0,0.0,0,,Leads-Search-1,Functional & Integrative Medicine,integrative medicine doctors in my area,broad,None,1
park nicollet find a doctor,2,0,0.0,0.0,0.0,0.0,0,,Leads-Search-1,Functional & Integrative Medicine | Naturopath Near Me — Core,best naturopath near me | natural functional doctor,broad,None,2
park nicollet physicians,1,0,0.0,0.0,0.0,0.0,0,,Leads-Search-1,Functional & Integrative Medicine,functional medicine doctors near me,broad,None,1
park nicollet st louis park phone number,2,0,0.0,0.0,0.0,0.0,0,,Leads-Search-1,Functional & Integrative Medicine | Geo-Qualified — Hopkins & West Metro,best functional doctors near me | functional medicine doctor eden prairie,broad,None,2
parkinson homeopathy,1,0,0.0,0.0,0.0,0.0,0,,Leads-Search-1,Functional & Integrative Medicine,functional medicine,broad,None,1
parsley functional medicine,1,0,0.0,0.0,0.0,0.0,0,,Leads-Search-1,Functional & Integrative Medicine,functional medicine,phrase,None,1
patients,1,0,0.0,0.0,0.0,0.0,0,,Leads-Search-1,Functional & Integrative Medicine,functional integrative medicine near me,broad,None,1
penny george institute locations,1,0,0.0,0.0,0.0,0.0,0,,Leads-Search-1,Functional & Integrative Medicine,integrative medicine near me,broad,None,1
peoples clinic,2,0,0.0,0.0,0.0,0.0,0,,Leads-Search-1,Functional & Integrative Medicine | Geo-Qualified — Hopkins & West Metro,functional medicine doctor edina | functional medicine doctors near me,broad,None,2
peripheral neuropathy,1,0,0.0,0.0,0.0,0.0,0,,Leads-Search-1,Functional & Integrative Medicine,functional medicine near me,broad,None,1
perrin technique near me,2,0,0.0,0.0,0.0,0.0,0,,Leads-Search-1,Functional & Integrative Medicine | Naturopath Near Me — Core,alternative medicine near me | functional medicine near me,broad | phrase (close variant),None,2
peter osborne,1,0,0.0,0.0,0.0,0.0,0,,Leads-Search-1,Functional & Integrative Medicine,functional medicine doctors near me,broad,None,1
phenomenal healing,1,0,0.0,0.0,0.0,0.0,0,,Leads-Search-1,Functional & Integrative Medicine,natural functional doctor,broad,None,1
physician near me,1,0,0.0,0.0,0.0,0.0,0,,Leads-Search-1,Functional & Integrative Medicine,functional integrative medicine near me,broad,None,1
physicians & surgeons family medicine & general practice minneapolis mn,1,0,0.0,0.0,0.0,0.0,0,,Leads-Search-1,Functional & Integrative Medicine,functional medicine,broad,None,1
pipe trades family health & wellness center,1,0,0.0,0.0,0.0,0.0,0,,Leads-Search-1,Functional & Integrative Medicine,functional doctor,broad,None,1
plant based doctor,1,0,0.0,0.0,0.0,0.0,0,,Leads-Search-1,Functional & Integrative Medicine,functional medicine doctors in my area,broad,None,1
plymouth doctors office,1,0,0.0,0.0,0.0,0.0,0,,Leads-Search-1,Functional & Integrative Medicine,integrative health near me,broad,None,1
pots functional medicine,1,0,0.0,0.0,0.0,0.0,0,,Leads-Search-1,Functional & Integrative Medicine,functional medicine,phrase,None,1
poweroflife,1,0,0.0,0.0,0.0,0.0,0,,Leads-Search-1,Functional & Integrative Medicine,functional medicine doctors near me,broad,None,1
pranic healing near me,1,0,0.0,0.0,0.0,0.0,0,,Leads-Search-1,Functional & Integrative Medicine,functional holistic medicine,broad,None,1
precision health care,2,0,0.0,0.0,0.0,0.0,0,,Leads-Search-1,Functional & Integrative Medicine,functional integrative medicine near me | functional medical physician,broad,None,2
premier health,1,0,0.0,0.0,0.0,0.0,0,,Leads-Search-1,Functional & Integrative Medicine,functional integrative medicine near me,broad,None,1
pressure points to relieve migraine headaches,1,0,0.0,0.0,0.0,0.0,0,,Leads-Search-1,Functional & Integrative Medicine,functional integrative doctor,broad,None,1
preventive care,1,0,0.0,0.0,0.0,0.0,0,,Leads-Search-1,Functional & Integrative Medicine,functional medicine near me,broad,None,1
preventive care specialist,1,0,0.0,0.0,0.0,0.0,0,,Leads-Search-1,Functional & Integrative Medicine,functional medicine,broad,None,1
primary care doctor,2,0,0.0,0.0,0.0,0.0,0,,Leads-Search-1,Functional & Integrative Medicine | Pediatrics,functional medicine near me | pediatric holistic doctor near me,broad,None,2
primary care holistic,1,0,0.0,0.0,0.0,0.0,0,,Leads-Search-1,Functional & Integrative Medicine,integrated doctor,phrase (close variant),None,1
primary care holistic near me,1,0,0.0,0.0,0.0,0.0,0,,Leads-Search-1,Functional & Integrative Medicine,integrative medicine near me,phrase (close variant),None,1
primary care near me accepting new patients,1,0,0.0,0.0,0.0,0.0,0,,Leads-Search-1,Functional & Integrative Medicine,functional medicine doctors near me,broad,None,1
primary care physicians near me,2,0,0.0,0.0,0.0,0.0,0,,Leads-Search-1,Functional & Integrative Medicine | Naturopath Near Me — Core,alternative medicine doctors near me | functional doctor in my area,broad,None,2
primary clinics near me,1,0,0.0,0.0,0.0,0.0,0,,Leads-Search-1,Functional & Integrative Medicine,functional medical clinic,broad,None,1
primary health,1,0,0.0,0.0,0.0,0.0,0,,Leads-Search-1,Functional & Integrative Medicine,integrative medicine doctors in my area,broad,None,1
primary health provider,1,0,0.0,0.0,0.0,0.0,0,,Leads-Search-1,Functional & Integrative Medicine,integrative medicine doctors in my area,broad,None,1
pritikin longevity center,1,0,0.0,0.0,0.0,0.0,0,,Leads-Search-1,Functional & Integrative Medicine,functional medicine near me,broad,None,1
private diagnostic clinic,1,0,0.0,0.0,0.0,0.0,0,,Leads-Search-1,Functional & Integrative Medicine,functional medicine near me,broad,None,1
private healthcare clinics near me,1,0,0.0,0.0,0.0,0.0,0,,Leads-Search-1,Functional & Integrative Medicine,functional medicine doctors near me,broad,None,1
private medicine near me,2,0,0.0,0.0,0.0,0.0,0,,Leads-Search-1,Functional & Integrative Medicine,functional medical clinic | functional medicine doctors near me,broad,None,2
private physicians near me,1,0,0.0,0.0,0.0,0.0,0,,Leads-Search-1,Functional & Integrative Medicine,integrative medicine near me,broad,None,1
private practice doctors near me,2,0,0.0,0.0,0.0,0.0,0,,Leads-Search-1,Functional & Integrative Medicine,functional integrative medicine near me | integrative medicine near me,broad,None,2
professor thomas seyfried metabolic therapy,1,0,0.0,0.0,0.0,0.0,0,,Leads-Search-1,Functional & Integrative Medicine,functional doctor,broad,None,1
psinergy natural health & holistic wellness psinergy health,1,0,0.0,0.0,0.0,0.0,0,,Leads-Search-1,Functional & Integrative Medicine,integrative medicine doctors in my area,broad,None,1
pure health,1,0,0.0,0.0,0.0,0.0,0,,Leads-Search-1,Functional & Integrative Medicine,integrative health near me,broad,None,1
pure health chiropractic,1,0,0.0,0.0,0.0,0.0,0,,Leads-Search-1,Functional & Integrative Medicine,functional medicine doctors near me,broad,None,1
qigong minneapolis,3,0,0.0,0.0,0.0,0.0,0,,Leads-Search-1,Functional & Integrative Medicine | Geo-Qualified — Hopkins & West Metro,functional medicine near me | holistic medicine Minneapolis | integrative medicine near me,broad,None,3
qnrt therapy near me,1,0,0.0,0.0,0.0,0.0,0,,Leads-Search-1,Functional & Integrative Medicine,integrative medicine near me,broad,None,1
quantum healing,1,0,0.0,0.0,0.0,0.0,0,,Leads-Search-1,Functional & Integrative Medicine,integrative medicine near me,broad,None,1
quantum reflex analysis near me,1,0,0.0,0.0,0.0,0.0,0,,Leads-Search-1,Functional & Integrative Medicine,functional medicine near me,broad,None,1
quantum wellness,1,0,0.0,0.0,0.0,0.0,0,,Leads-Search-1,Functional & Integrative Medicine,functional integrative doctor,broad,None,1
queen afua,1,0,0.0,0.0,0.0,0.0,0,,Leads-Search-1,Functional & Integrative Medicine,natural functional doctor,broad,None,1
quest health near me,1,0,0.0,0.0,0.0,0.0,0,,Leads-Search-1,Functional & Integrative Medicine,best functional doctors near me,broad,None,1
ray himmelman,1,0,0.0,0.0,0.0,0.0,0,,Leads-Search-1,Functional & Integrative Medicine,functional medicine,broad,None,1
re clinic near me,1,0,0.0,0.0,0.0,0.0,0,,Leads-Search-1,Functional & Integrative Medicine,functional medicine doctors near me,broad,None,1
real health clinic,1,0,0.0,0.0,0.0,0.0,0,,Leads-Search-1,Functional & Integrative Medicine,functional medicine doctors near me,broad,None,1
recode practitioners near me,1,0,0.0,0.0,0.0,0.0,0,,Leads-Search-1,Functional & Integrative Medicine,functional medicine doctors in my area,phrase (close variant),None,1
red light therapy blaine mn,1,0,0.0,0.0,0.0,0.0,0,,Leads-Search-1,Functional & Integrative Medicine,functional medicine near me,broad,None,1
reduce acid reflux naturally,1,0,0.0,0.0,0.0,0.0,0,,Leads-Search-1,Functional & Integrative Medicine,functional doctor,broad,None,1
regencen,1,0,0.0,0.0,0.0,0.0,0,,Leads-Search-1,Functional & Integrative Medicine,functional medicine,broad,None,1
regenerative medical,1,0,0.0,0.0,0.0,0.0,0,,Leads-Search-1,Functional & Integrative Medicine,integrated and functional medicine,broad,None,1
regenerative medicine clinic,1,0,0.0,0.0,0.0,0.0,0,,Leads-Search-1,Functional & Integrative Medicine,functional integrative medicine near me,broad,None,1
regenerative medicine clinic near me,1,0,0.0,0.0,0.0,0.0,0,,Leads-Search-1,Functional & Integrative Medicine,integrative medicine doctors in my area,broad,None,1
reiki,1,0,0.0,0.0,0.0,0.0,0,,Leads-Search-1,Functional & Integrative Medicine,natural functional doctor,broad,Excluded,1
reiki healing,2,0,0.0,0.0,0.0,0.0,0,,Leads-Search-1,Functional & Integrative Medicine | Naturopath Near Me — Core,natural functional doctor | naturopaths in my area,broad,None,2
reiki inflammation,1,0,0.0,0.0,0.0,0.0,0,,Leads-Search-1,Functional & Integrative Medicine,natural functional doctor,broad,None,1
reiki practitioners near me,1,0,0.0,0.0,0.0,0.0,0,,Leads-Search-1,Functional & Integrative Medicine,integrative medicine near me,broad,None,1
rejuv medical,1,0,0.0,0.0,0.0,0.0,0,,Leads-Search-1,Functional & Integrative Medicine,functional medicine near me,broad,None,1
relive health,2,0,0.0,0.0,0.0,0.0,0,,Leads-Search-1,Functional & Integrative Medicine | Women's Health & Hormones,hormone doctor near me | natural functional doctor,broad,None,2
remove fat from stomach,1,0,0.0,0.0,0.0,0.0,0,,Leads-Search-1,Functional & Integrative Medicine,functional integrative medicine near me,broad,None,1
renew health and wellness,1,0,0.0,0.0,0.0,0.0,0,,Leads-Search-1,Functional & Integrative Medicine,functional holistic medicine,broad,None,1
renue healthcare,1,0,0.0,0.0,0.0,0.0,0,,Leads-Search-1,Functional & Integrative Medicine,integrative medicine near me,broad,None,1
restless leg syndrome treatment,1,0,0.0,0.0,0.0,0.0,0,,Leads-Search-1,Functional & Integrative Medicine,functional medical,broad,None,1
restoration wellness,2,0,0.0,0.0,0.0,0.0,0,,Leads-Search-1,Functional & Integrative Medicine,functional holistic medicine | functional medicine doctors near me,broad,None,2
restore hyper wellness minneapolis,1,0,0.0,0.0,0.0,0.0,0,,Leads-Search-1,Functional & Integrative Medicine,integrative health near me,broad,None,1
restore iv,1,0,0.0,0.0,0.0,0.0,0,,Leads-Search-1,Functional & Integrative Medicine,functional medicine clinic near me,broad,None,1
restore iv near me,1,0,0.0,0.0,0.0,0.0,0,,Leads-Search-1,Functional & Integrative Medicine,integrative health near me,broad,None,1
restored nutrition,1,0,0.0,0.0,0.0,0.0,0,,Leads-Search-1,Functional & Integrative Medicine,functional medical physician,broad,None,1
revive wellness,1,0,0.0,0.0,0.0,0.0,0,,Leads-Search-1,Functional & Integrative Medicine,functional integrative doctor,broad,None,1
revolution medical,1,0,0.0,0.0,0.0,0.0,0,,Leads-Search-1,Functional & Integrative Medicine,integrative medicine doctors in my area,broad,None,1
rheumatology and,1,0,0.0,0.0,0.0,0.0,0,,Leads-Search-1,Functional & Integrative Medicine,integrative medicine doctors in my area,broad,None,1
rhonda patrick,1,0,0.0,0.0,0.0,0.0,0,,Leads-Search-1,Functional & Integrative Medicine,natural functional doctor,broad,None,1
richfield clinic,3,0,0.0,0.0,0.0,0.0,0,,Leads-Search-1,Functional & Integrative Medicine,functional integrative medicine near me | functional medicine doctors in my area | functional medicine near me,broad,None,3
ridge view clinic,1,0,0.0,0.0,0.0,0.0,0,,Leads-Search-1,Functional & Integrative Medicine,functional doctor in my area,broad,None,1
ridgeview clinic,1,0,0.0,0.0,0.0,0.0,0,,Leads-Search-1,Functional & Integrative Medicine,functional integrative doctor,broad,None,1
ridgeview clinic waconia mn,1,0,0.0,0.0,0.0,0.0,0,,Leads-Search-1,Functional & Integrative Medicine,functional integrative medicine near me,broad,None,1
ridgeview clinics,1,0,0.0,0.0,0.0,0.0,0,,Leads-Search-1,Functional & Integrative Medicine,functional medicine doctors near me,broad,None,1
root wellness,1,0,0.0,0.0,0.0,0.0,0,,Leads-Search-1,Functional & Integrative Medicine,functional medicine doctors in my area,broad,None,1
rooted in wellness,1,0,0.0,0.0,0.0,0.0,0,,Leads-Search-1,Functional & Integrative Medicine,functional medicine near me,broad,None,1
rooted wellness,2,0,0.0,0.0,0.0,0.0,0,,Leads-Search-1,Functional & Integrative Medicine,functional integrative medicine near me | functional medicine doctors in my area,broad,None,2
rupa health sibo,1,0,0.0,0.0,0.0,0.0,0,,Leads-Search-1,Functional & Integrative Medicine,functional medicine,phrase (close variant),None,1
saint paul clinic,1,0,0.0,0.0,0.0,0.0,0,,Leads-Search-1,Functional & Integrative Medicine,functional integrative medicine near me,broad,None,1
sanford health,1,0,0.0,0.0,0.0,0.0,0,,Leads-Search-1,Functional & Integrative Medicine,integrative health near me,broad,None,1
sanford health clinic,1,0,0.0,0.0,0.0,0.0,0,,Leads-Search-1,Functional & Integrative Medicine,integrative medicine doctors in my area,broad,None,1
sanford health minneapolis,1,0,0.0,0.0,0.0,0.0,0,,Leads-Search-1,Functional & Integrative Medicine,functional doctor in my area,broad,None,1
sanford health mn,1,0,0.0,0.0,0.0,0.0,0,,Leads-Search-1,Functional & Integrative Medicine,functional medicine doctors in my area,broad,None,1
sanford health providers,1,0,0.0,0.0,0.0,0.0,0,,Leads-Search-1,Functional & Integrative Medicine,best functional doctors near me,broad,None,1
sara jean barrett,1,0,0.0,0.0,0.0,0.0,0,,Leads-Search-1,Functional & Integrative Medicine,natural functional doctor,phrase (close variant),None,1
sarah mapes osteoporosis,1,0,0.0,0.0,0.0,0.0,0,,Leads-Search-1,Functional & Integrative Medicine,functional medicine,broad,None,1
sean o mara,2,0,0.0,0.0,0.0,0.0,0,,Leads-Search-1,Functional & Integrative Medicine,functional holistic medicine | functional medicine doctors near me,broad,None,2
senobi breathing,1,0,0.0,0.0,0.0,0.0,0,,Leads-Search-1,Functional & Integrative Medicine,functional medicine,broad,None,1
shabana siddiqui md,1,0,0.0,0.0,0.0,0.0,0,,Leads-Search-1,Functional & Integrative Medicine,functional medicine doctors near me,broad,None,1
shoemaker protocol doctor near me,1,0,0.0,0.0,0.0,0.0,0,,Leads-Search-1,Functional & Integrative Medicine,functional medical physician,broad,None,1
sibo,1,0,0.0,0.0,0.0,0.0,0,,Leads-Search-1,Functional & Integrative Medicine,functional medicine,broad,None,1
sibo breath test near me,2,0,0.0,0.0,0.0,0.0,0,,Leads-Search-1,Functional & Integrative Medicine,functional doctor in my area | functional medicine near me,broad,None,2
sibo natural treatment protocol,1,0,0.0,0.0,0.0,0.0,0,,Leads-Search-1,Functional & Integrative Medicine,functional doctor,broad,None,1
sibo specialist near me,3,0,0.0,0.0,0.0,0.0,0,,Leads-Search-1,Functional & Integrative Medicine | Naturopath Near Me — Core,functional medicine doctors in my area | functional medicine near me | naturopathic practitioner near me,broad,None,3
sibo treatment,3,0,0.0,0.0,0.0,0.0,0,,Leads-Search-1,Functional & Integrative Medicine | Naturopath Near Me — Core,functional integrative medicine near me | holistic dr near me | naturopaths in my area,broad,None,3
silvia hugec,1,0,0.0,0.0,0.0,0.0,0,,Leads-Search-1,Functional & Integrative Medicine,functional medicine doctors near me,broad,Excluded,1
small doctors offices near me,1,0,0.0,0.0,0.0,0.0,0,,Leads-Search-1,Functional & Integrative Medicine,functional medicine near me,broad,None,1
soma chiro & functional medicine,1,0,0.0,0.0,0.0,0.0,0,,Leads-Search-1,Functional & Integrative Medicine,integrative medicine doctors in my area,broad,None,1
soma integrative wellness,3,0,0.0,0.0,0.0,0.0,0,,Leads-Search-1,Functional & Integrative Medicine,best functional doctors near me | functional integrative medicine near me | functional medicine clinic near me,broad,None,3
south medical center,1,0,0.0,0.0,0.0,0.0,0,,Leads-Search-1,Functional & Integrative Medicine,functional integrative doctor,broad,None,1
southside community health services,6,0,0.0,0.0,0.0,0.0,0,,Leads-Search-1,Functional & Integrative Medicine | Geo-Qualified — Hopkins & West Metro,functional integrative medicine near me | functional medicine doctor eden prairie | functional medicine doctors near me | integrative health near me | integrative medicine doctors in my area | natural medicine Minnesota,broad,None,6
southside community health services 4th avenue south minneapolis mn,1,0,0.0,0.0,0.0,0.0,0,,Leads-Search-1,Functional & Integrative Medicine,functional integrative doctor,broad,None,1
specialist for autoimmune disease,1,0,0.0,0.0,0.0,0.0,0,,Leads-Search-1,Functional & Integrative Medicine,functional medicine clinic near me,broad,None,1
specialists,1,0,0.0,0.0,0.0,0.0,0,,Leads-Search-1,Functional & Integrative Medicine,integrative medicine doctors in my area,broad,None,1
specialists in internal medicine,1,0,0.0,0.0,0.0,0.0,0,,Leads-Search-1,Functional & Integrative Medicine,functional integrative doctor,broad,None,1
specialty center,1,0,0.0,0.0,0.0,0.0,0,,Leads-Search-1,Functional & Integrative Medicine,functional integrative medicine near me,broad,Excluded,1
spirit health,1,0,0.0,0.0,0.0,0.0,0,,Leads-Search-1,Functional & Integrative Medicine,functional integrative medicine near me,broad,None,1
st paul wellness clinic,1,0,0.0,0.0,0.0,0.0,0,,Leads-Search-1,Functional & Integrative Medicine,functional medicine near me,broad,None,1
stasha gominak,1,0,0.0,0.0,0.0,0.0,0,,Leads-Search-1,Functional & Integrative Medicine,natural functional doctor,broad,None,1
stella's health,2,0,0.0,0.0,0.0,0.0,0,,Leads-Search-1,Functional & Integrative Medicine,functional integrative medicine near me | integrative health near me,broad,None,2
stellis,1,0,0.0,0.0,0.0,0.0,0,,Leads-Search-1,Functional & Integrative Medicine,integrative health near me,broad,None,1
stellis health monticello,1,0,0.0,0.0,0.0,0.0,0,,Leads-Search-1,Functional & Integrative Medicine,functional integrative doctor,broad,None,1
steven gundry,1,0,0.0,0.0,0.0,0.0,0,,Leads-Search-1,Functional & Integrative Medicine,functional medicine,broad,None,1
stomach doctor,1,0,0.0,0.0,0.0,0.0,0,,Leads-Search-1,Functional & Integrative Medicine,functional medicine,broad,None,1
stomach specialist near me,1,0,0.0,0.0,0.0,0.0,0,,Leads-Search-1,Functional & Integrative Medicine,integrative health near me,broad,None,1
stool test for candida overgrowth,1,0,0.0,0.0,0.0,0.0,0,,Leads-Search-1,Functional & Integrative Medicine,functional medicine,broad,None,1
stool test for gut health,1,0,0.0,0.0,0.0,0.0,0,,Leads-Search-1,Functional & Integrative Medicine,functional medicine,broad,None,1
sue morter,1,0,0.0,0.0,0.0,0.0,0,,Leads-Search-1,Functional & Integrative Medicine,functional integrative medicine near me,broad,None,1
summit health,1,0,0.0,0.0,0.0,0.0,0,,Leads-Search-1,Functional & Integrative Medicine,integrative health near me,broad,None,1
sunu wellness center,1,0,0.0,0.0,0.0,0.0,0,,Leads-Search-1,Functional & Integrative Medicine,functional medicine doctors near me,broad,None,1
suzanne espenson md,1,0,0.0,0.0,0.0,0.0,0,,Leads-Search-1,Functional & Integrative Medicine,functional medicine doctors near me,broad,None,1
swollen ankles causes,1,0,0.0,0.0,0.0,0.0,0,,Leads-Search-1,Functional & Integrative Medicine,functional medicine near me,broad,None,1
synergy wellness,1,0,0.0,0.0,0.0,0.0,0,,Leads-Search-1,Functional & Integrative Medicine,functional integrative medicine near me,broad,None,1
tcm clinic,3,0,0.0,0.0,0.0,0.0,0,,Leads-Search-1,Functional & Integrative Medicine | Naturopath Near Me — Core,alternative medicine near me | functional medicine | naturopathic practitioner near me,broad,None,3
tcm therapy center,1,0,0.0,0.0,0.0,0.0,0,,Leads-Search-1,Functional & Integrative Medicine,functional integrative medicine near me,broad,None,1
the bodhi clinic,1,0,0.0,0.0,0.0,0.0,0,,Leads-Search-1,Functional & Integrative Medicine,functional doctor in my area,broad,None,1
the doctor's house adepero okulaja md edina,1,0,0.0,0.0,0.0,0.0,0,,Leads-Search-1,Functional & Integrative Medicine,functional medicine near me,broad,None,1
the haven holistic healthcare,1,0,0.0,0.0,0.0,0.0,0,,Leads-Search-1,Functional & Integrative Medicine,functional medicines,broad,None,1
the health guide,1,0,0.0,0.0,0.0,0.0,0,,Leads-Search-1,Functional & Integrative Medicine,functional medicine,broad,None,1
the mayo clinic,2,0,0.0,0.0,0.0,0.0,0,,Leads-Search-1,Functional & Integrative Medicine,integrative doctor | integrative health near me,broad,None,2
the truth about gut health,1,0,0.0,0.0,0.0,0.0,0,,Leads-Search-1,Functional & Integrative Medicine,functional medicine,broad,None,1
the ultimate human gary brecka,1,0,0.0,0.0,0.0,0.0,0,,Leads-Search-1,Functional & Integrative Medicine,functional medicine,broad,None,1
the wellness doc,1,0,0.0,0.0,0.0,0.0,0,,Leads-Search-1,Functional & Integrative Medicine,functional medicine,broad,None,1
the wellness way near me,1,0,0.0,0.0,0.0,0.0,0,,Leads-Search-1,Functional & Integrative Medicine,functional medicine doctors near me,broad,None,1
thewellnesscenter,1,0,0.0,0.0,0.0,0.0,0,,Leads-Search-1,Functional & Integrative Medicine,functional medicine near me,broad,None,1
thyroid dr,1,0,0.0,0.0,0.0,0.0,0,,Leads-Search-1,Functional & Integrative Medicine,integrative medicine near me,broad,None,1
thyroid institute,1,0,0.0,0.0,0.0,0.0,0,,Leads-Search-1,Functional & Integrative Medicine,integrative medicine doctors in my area,broad,None,1
thyroid issues,3,0,0.0,0.0,0.0,0.0,0,,Leads-Search-1,Functional & Integrative Medicine | Women's Health & Hormones,Hashimoto's naturopath | functional medicine | functional medicine for hormones,broad,None,3
tiny health,1,0,0.0,0.0,0.0,0.0,0,,Leads-Search-1,Functional & Integrative Medicine,natural functional doctor,broad,None,1
top doctors near me,2,0,0.0,0.0,0.0,0.0,0,,Leads-Search-1,Functional & Integrative Medicine,functional doctor in my area | integrative health near me,broad,None,2
top gastroenterologists near me,1,0,0.0,0.0,0.0,0.0,0,,Leads-Search-1,Functional & Integrative Medicine,integrative doctor,broad,None,1
top gi doctors near me,1,0,0.0,0.0,0.0,0.0,0,,Leads-Search-1,Functional & Integrative Medicine,integrative health near me,broad,None,1
top integrative medicine doctors,1,0,0.0,0.0,0.0,0.0,0,,Leads-Search-1,Functional & Integrative Medicine,integrated doctor,phrase (close variant),None,1
top rated clinic near me,2,0,0.0,0.0,0.0,0.0,0,,Leads-Search-1,Functional & Integrative Medicine,functional doctor in my area | functional medicine near me,broad,None,2
top rated endocrinologist thyroid specialist near me,1,0,0.0,0.0,0.0,0.0,0,,Leads-Search-1,Functional & Integrative Medicine,functional medical physician,broad,None,1
total health,3,0,0.0,0.0,0.0,0.0,0,,Leads-Search-1,Functional & Integrative Medicine | Naturopath Near Me — Core,alternative medicine near me | functional doctor in my area | functional integrative medicine near me,broad,None,3
traditional naturopath,1,0,0.0,0.0,0.0,0.0,0,,Leads-Search-1,Functional & Integrative Medicine,functional medicine,broad,None,1
treatment for chronic fatigue syndrome,1,0,0.0,0.0,0.0,0.0,0,,Leads-Search-1,Functional & Integrative Medicine,functional medicine,broad,None,1
treatments for colitis,1,0,0.0,0.0,0.0,0.0,0,,Leads-Search-1,Functional & Integrative Medicine,functional medicine,broad,None,1
trinity natural health,1,0,0.0,0.0,0.0,0.0,0,,Leads-Search-1,Functional & Integrative Medicine,functional medicine near me,broad,None,1
truecare,1,0,0.0,0.0,0.0,0.0,0,,Leads-Search-1,Functional & Integrative Medicine,best functional doctors near me,broad,None,1
trunorth vitality clinic,1,0,0.0,0.0,0.0,0.0,0,,Leads-Search-1,Functional & Integrative Medicine,best functional doctors near me,broad,None,1
twin cities acupuncture,1,0,0.0,0.0,0.0,0.0,0,,Leads-Search-1,Functional & Integrative Medicine,functional doctor,broad,None,1
twin cities acupuncture center,1,0,0.0,0.0,0.0,0.0,0,,Leads-Search-1,Functional & Integrative Medicine,functional medical physician,broad,None,1
twin city acupuncture,2,0,0.0,0.0,0.0,0.0,0,,Leads-Search-1,Functional & Integrative Medicine,functional doctor in my area | integrative doctor,broad,None,2
ulcerative colitis treatment near me,1,0,0.0,0.0,0.0,0.0,0,,Leads-Search-1,Functional & Integrative Medicine,integrative health near me,broad,None,1
ultimate health solutions,1,0,0.0,0.0,0.0,0.0,0,,Leads-Search-1,Functional & Integrative Medicine,integrative medicine near me,broad,None,1
umn health,1,0,0.0,0.0,0.0,0.0,0,,Leads-Search-1,Functional & Integrative Medicine,functional holistic medicine,broad,None,1
united family medicine,3,0,0.0,0.0,0.0,0.0,0,,Leads-Search-1,Functional & Integrative Medicine | Naturopath Near Me — Core,functional integrative medicine near me | functional medicine near me | naturalist dr near me,broad,None,3
unity health,1,0,0.0,0.0,0.0,0.0,0,,Leads-Search-1,Functional & Integrative Medicine,functional integrative medicine near me,broad,None,1
university of minnesota clinic minneapolis,1,0,0.0,0.0,0.0,0.0,0,,Leads-Search-1,Functional & Integrative Medicine,functional medicine near me,broad,None,1
university of minnesota physicians near me,1,0,0.0,0.0,0.0,0.0,0,,Leads-Search-1,Functional & Integrative Medicine,functional medicine near me,broad,None,1
university of mn medical center,1,0,0.0,0.0,0.0,0.0,0,,Leads-Search-1,Functional & Integrative Medicine,functional medicine near me,broad,None,1
uptown clinic,1,0,0.0,0.0,0.0,0.0,0,,Leads-Search-1,Functional & Integrative Medicine,functional medicine doctors near me,broad,None,1
vadnais heights clinic,2,0,0.0,0.0,0.0,0.0,0,,Leads-Search-1,Functional & Integrative Medicine | Geo-Qualified — Hopkins & West Metro,functional medicine near me | natural medicine Minnesota,broad,None,2
vagus nerve and constipation,1,0,0.0,0.0,0.0,0.0,0,,Leads-Search-1,Functional & Integrative Medicine,functional medicine,broad,None,1
valley medical & wellness,1,0,0.0,0.0,0.0,0.0,0,,Leads-Search-1,Functional & Integrative Medicine,functional doctor in my area,broad,None,1
vb health,1,0,0.0,0.0,0.0,0.0,0,,Leads-Search-1,Functional & Integrative Medicine,integrative medicine near me,broad,None,1
vida naturopathics,1,0,0.0,0.0,0.0,0.0,0,,Leads-Search-1,Functional & Integrative Medicine,functional medicine near me,broad,None,1
vine integrative healthcare,3,0,0.0,0.0,0.0,0.0,0,,Leads-Search-1,Functional & Integrative Medicine,functional medical clinic | integrated doctor | integrative medicine near me,broad | phrase (close variant),None,3
vital wellness,1,0,0.0,0.0,0.0,0.0,0,,Leads-Search-1,Functional & Integrative Medicine,integrative medicine near me,broad,None,1
vitamin assessment,1,0,0.0,0.0,0.0,0.0,0,,Leads-Search-1,Functional & Integrative Medicine,functional medical,broad,None,1
vitamin injections near me,3,0,0.0,0.0,0.0,0.0,0,,Leads-Search-1,Functional & Integrative Medicine,functional doctor in my area | functional medicine near me | integrative health near me,broad,None,3
vitamin panel test,1,0,0.0,0.0,0.0,0.0,0,,Leads-Search-1,Functional & Integrative Medicine,functional medical,broad,None,1
voyage clinic,1,0,0.0,0.0,0.0,0.0,0,,Leads-Search-1,Functional & Integrative Medicine,integrative medicine doctors in my area,broad,None,1
voyage health,1,0,0.0,0.0,0.0,0.0,0,,Leads-Search-1,Functional & Integrative Medicine,functional medicine,broad,None,1
voyage health care maple grove,1,0,0.0,0.0,0.0,0.0,0,,Leads-Search-1,Functional & Integrative Medicine,integrative medicine doctors in my area,broad,None,1
waconia medical center,1,0,0.0,0.0,0.0,0.0,0,,Leads-Search-1,Functional & Integrative Medicine,integrative health near me,broad,None,1
walk in clinic shakopee,1,0,0.0,0.0,0.0,0.0,0,,Leads-Search-1,Functional & Integrative Medicine,functional medicine doctors near me,broad,None,1
walk in gastroenterologist near me,1,0,0.0,0.0,0.0,0.0,0,,Leads-Search-1,Functional & Integrative Medicine,integrative medicine doctors in my area,broad,None,1
water fasting,1,0,0.0,0.0,0.0,0.0,0,,Leads-Search-1,Functional & Integrative Medicine,functional medicine,broad,None,1
way 2 well,1,0,0.0,0.0,0.0,0.0,0,,Leads-Search-1,Functional & Integrative Medicine,functional medicine near me,broad,None,1
weight and wellness,3,0,0.0,0.0,0.0,0.0,0,,Leads-Search-1,Functional & Integrative Medicine,functional medicine | functional medicine practitioner | integrative health near me,broad,None,3
weight loss clinic minneapolis,1,0,0.0,0.0,0.0,0.0,0,,Leads-Search-1,Functional & Integrative Medicine,functional integrative doctor,broad,None,1
weight loss clinic near me,2,0,0.0,0.0,0.0,0.0,0,,Leads-Search-1,Functional & Integrative Medicine | Naturopath Near Me — Core,alternative medicine near me | integrative medicine near me,broad,None,2
weight loss clinics near me,1,0,0.0,0.0,0.0,0.0,0,,Leads-Search-1,Functional & Integrative Medicine,integrative health near me,broad,None,1
weight loss experts,1,0,0.0,0.0,0.0,0.0,0,,Leads-Search-1,Functional & Integrative Medicine,functional medicine,broad,None,1
well balanced,1,0,0.0,0.0,0.0,0.0,0,,Leads-Search-1,Functional & Integrative Medicine,functional integrative medicine near me,broad,None,1
well ess near me,1,0,0.0,0.0,0.0,0.0,0,,Leads-Search-1,Functional & Integrative Medicine,functional medicine near me,broad,None,1
wellmed dr,1,0,0.0,0.0,0.0,0.0,0,,Leads-Search-1,Functional & Integrative Medicine,functional medicine near me,broad,None,1
wellness,7,0,0.0,0.0,0.0,0.0,0,,Leads-Search-1,Functional & Integrative Medicine | Geo-Qualified — Hopkins & West Metro | Naturopath Near Me — Core,alternative medicine near me | functional integrative doctor | functional medicine | functional medicine doctor edina | functional medicines | holistic dr near me | natural functional doctor,broad,None,7
wellness clinic,2,0,0.0,0.0,0.0,0.0,0,,Leads-Search-1,Functional & Integrative Medicine | Women's Health & Hormones,functional medicine doctors near me | hormone doctor near me,broad,None,2
wellness clinic near me,1,0,0.0,0.0,0.0,0.0,0,,Leads-Search-1,Functional & Integrative Medicine,functional medical clinic,broad,None,1
wellness clinic st paul,1,0,0.0,0.0,0.0,0.0,0,,Leads-Search-1,Functional & Integrative Medicine,functional medicine near me,broad,None,1
wellness coaches,1,0,0.0,0.0,0.0,0.0,0,,Leads-Search-1,Functional & Integrative Medicine,functional doctor,broad,None,1
wellness collective,1,0,0.0,0.0,0.0,0.0,0,,Leads-Search-1,Functional & Integrative Medicine,functional medicine,broad,None,1
wellness iv infusion,1,0,0.0,0.0,0.0,0.0,0,,Leads-Search-1,Functional & Integrative Medicine,functional medicine near me,broad,None,1
wellness mn,1,0,0.0,0.0,0.0,0.0,0,,Leads-Search-1,Functional & Integrative Medicine,functional medicine doctors near me,broad,None,1
wellness stores near me,1,0,0.0,0.0,0.0,0.0,0,,Leads-Search-1,Functional & Integrative Medicine,functional integrative medicine near me,broad,None,1
wellness way,4,0,0.0,0.0,0.0,0.0,0,,Leads-Search-1,Functional & Integrative Medicine,functional integrative medicine near me | functional medicine clinic near me | integrative doctor | integrative medicine near me,broad,None,4
western medicine,1,0,0.0,0.0,0.0,0.0,0,,Leads-Search-1,Functional & Integrative Medicine,best functional doctor near me,broad,None,1
what are the most effective natural antidepressants,1,0,0.0,0.0,0.0,0.0,0,,Leads-Search-1,Functional & Integrative Medicine,functional medicine,broad,None,1
what blood tests do functional medicine doctors do,1,0,0.0,0.0,0.0,0.0,0,,Leads-Search-1,Functional & Integrative Medicine,functional medicine,phrase,None,1
what causes excessive sleeping,1,0,0.0,0.0,0.0,0.0,0,,Leads-Search-1,Functional & Integrative Medicine,functional integrative doctor,broad,None,1
what doctor to see for gut health,1,0,0.0,0.0,0.0,0.0,0,,Leads-Search-1,Functional & Integrative Medicine,functional medical,broad,None,1
what is a functional medical doctor,1,0,0.0,0.0,0.0,0.0,0,,Leads-Search-1,Functional & Integrative Medicine,functional medicine,phrase,None,1
what is ashwagandha,1,0,0.0,0.0,0.0,0.0,0,,Leads-Search-1,Functional & Integrative Medicine,functional medicine,broad,None,1
what vegetables are good for autoimmune disease,1,0,0.0,0.0,0.0,0.0,0,,Leads-Search-1,Functional & Integrative Medicine,functional integrative doctor,broad,None,1
what's good for osteoporosis,1,0,0.0,0.0,0.0,0.0,0,,Leads-Search-1,Functional & Integrative Medicine,functional integrative doctor,broad,None,1
where can i get a dutch test,2,0,0.0,0.0,0.0,0.0,0,,Leads-Search-1,Functional & Integrative Medicine | Women's Health & Hormones,functional medical | women's hormone specialist near me,broad,None,2
where can i get a sibo test,1,0,0.0,0.0,0.0,0.0,0,,Leads-Search-1,Functional & Integrative Medicine,functional medicine,broad,None,1
where to get a sibo test,1,0,0.0,0.0,0.0,0.0,0,,Leads-Search-1,Functional & Integrative Medicine,functional doctor,broad,None,1
where to go for food allergy testing,1,0,0.0,0.0,0.0,0.0,0,,Leads-Search-1,Functional & Integrative Medicine,functional doctor,broad,None,1
wholistic near me,1,0,0.0,0.0,0.0,0.0,0,,Leads-Search-1,Functional & Integrative Medicine,functional medicine near me,broad,None,1
wholistic roots,1,0,0.0,0.0,0.0,0.0,0,,Leads-Search-1,Functional & Integrative Medicine,functional integrative doctor,phrase (close variant),None,1
women wellness clinic,1,0,0.0,0.0,0.0,0.0,0,,Leads-Search-1,Functional & Integrative Medicine,functional integrative doctor,broad,None,1
womens functional health near me,1,0,0.0,0.0,0.0,0.0,0,,Leads-Search-1,Functional & Integrative Medicine,integrative medicine near me,phrase (close variant),None,1
womens perimenopause clinic,2,0,0.0,0.0,0.0,0.0,0,,Leads-Search-1,Functional & Integrative Medicine | Women's Health & Hormones,functional doctor | hormone doctor near me,broad,None,2
woodbury specialty center,1,0,0.0,0.0,0.0,0.0,0,,Leads-Search-1,Functional & Integrative Medicine,integrative medicine near me,broad,None,1
woodwinds health campus,1,0,0.0,0.0,0.0,0.0,0,,Leads-Search-1,Functional & Integrative Medicine,integrative health near me,broad,None,1
x39 patch,1,0,0.0,0.0,0.0,0.0,0,,Leads-Search-1,Functional & Integrative Medicine,functional medicine,broad,None,1
xmd wellness,1,0,0.0,0.0,0.0,0.0,0,,Leads-Search-1,Functional & Integrative Medicine,functional medicine near me,broad,None,1
yasmine dakhama,1,0,0.0,0.0,0.0,0.0,0,,Leads-Search-1,Functional & Integrative Medicine,integrative health near me,broad,None,1
your health,1,0,0.0,0.0,0.0,0.0,0,,Leads-Search-1,Functional & Integrative Medicine,functional doctor in my area,broad,None,1
zach bush md,1,0,0.0,0.0,0.0,0.0,0,,Leads-Search-1,Functional & Integrative Medicine,functional medicine near me,broad,None,1
zachbushmd,1,0,0.0,0.0,0.0,0.0,0,,Leads-Search-1,Functional & Integrative Medicine,integrative doctor,phrase (close variant),None,1
1855 fairview,1,0,0.0,0.0,0.0,0.0,0,,Leads-Search-1,Geo-Qualified — Hopkins & West Metro,natural medicine Minnesota,broad,None,1
303 nicollet boulevard suite 200 burnsville mn 55337 4834,1,0,0.0,0.0,0.0,0.0,0,,Leads-Search-1,Geo-Qualified — Hopkins & West Metro,functional medicine doctor eden prairie,broad,None,1
abbott northwestern hospital,1,0,0.0,0.0,0.0,0.0,0,,Leads-Search-1,Geo-Qualified — Hopkins & West Metro,naturopathic doctor Minneapolis,broad,None,1
abbott northwestern internal medicine,1,0,0.0,0.0,0.0,0.0,0,,Leads-Search-1,Geo-Qualified — Hopkins & West Metro,functional medicine doctor edina,broad,None,1
acupuncture community,1,0,0.0,0.0,0.0,0.0,0,,Leads-Search-1,Geo-Qualified — Hopkins & West Metro,holistic medicine Minneapolis,broad,None,1
acupuncture for fertility,2,0,0.0,0.0,0.0,0.0,0,,Leads-Search-1,Geo-Qualified — Hopkins & West Metro | Naturopath Near Me — Core,natural doctor near me | naturopathic doctor Minneapolis,broad,None,2
acupuncture for headaches,1,0,0.0,0.0,0.0,0.0,0,,Leads-Search-1,Geo-Qualified — Hopkins & West Metro,holistic medicine Minneapolis,broad,None,1
acupuncture prior lake mn,1,0,0.0,0.0,0.0,0.0,0,,Leads-Search-1,Geo-Qualified — Hopkins & West Metro,natural medicine Minnesota,broad,None,1
adrianne westmoreland,1,0,0.0,0.0,0.0,0.0,0,,Leads-Search-1,Geo-Qualified — Hopkins & West Metro,natural medicine Minnesota,broad,None,1
all natural doctor,1,0,0.0,0.0,0.0,0.0,0,,Leads-Search-1,Geo-Qualified — Hopkins & West Metro,holistic medicine Minneapolis,broad,None,1
allina health bandana square clinic 1021 bandana blvd e suite 100 st paul mn 55108,1,0,0.0,0.0,0.0,0.0,0,,Leads-Search-1,Geo-Qualified — Hopkins & West Metro,naturopathic doctor Minneapolis,broad,None,1
allina st paul mn,1,0,0.0,0.0,0.0,0.0,0,,Leads-Search-1,Geo-Qualified — Hopkins & West Metro,natural medicine Minnesota,broad,None,1
allinahealth org,1,0,0.0,0.0,0.0,0.0,0,,Leads-Search-1,Geo-Qualified — Hopkins & West Metro,natural medicine Minnesota,broad,None,1
andrew weil,1,0,0.0,0.0,0.0,0.0,0,,Leads-Search-1,Geo-Qualified — Hopkins & West Metro,functional medicine doctor edina,broad,None,1
best acupuncture for pregnancy,1,0,0.0,0.0,0.0,0.0,0,,Leads-Search-1,Geo-Qualified — Hopkins & West Metro,holistic medicine Minneapolis,broad,None,1
best family physician doctor near me,1,0,0.0,0.0,0.0,0.0,0,,Leads-Search-1,Geo-Qualified — Hopkins & West Metro,functional medicine doctor edina,broad,None,1
bloomington lake clinic bloomington mn,1,0,0.0,0.0,0.0,0.0,0,,Leads-Search-1,Geo-Qualified — Hopkins & West Metro,natural medicine Minnesota,broad,None,1
burnsville specialty clinic,1,0,0.0,0.0,0.0,0.0,0,,Leads-Search-1,Geo-Qualified — Hopkins & West Metro,natural medicine Minnesota,broad,None,1
can anyone go to the mayo clinic,1,0,0.0,0.0,0.0,0.0,0,,Leads-Search-1,Geo-Qualified — Hopkins & West Metro,functional medicine doctor edina,broad,None,1
chinese acupuncture,1,0,0.0,0.0,0.0,0.0,0,,Leads-Search-1,Geo-Qualified — Hopkins & West Metro,holistic medicine Minneapolis,broad,None,1
clear holistic therapies minneapolis,1,0,0.0,0.0,0.0,0.0,0,,Leads-Search-1,Geo-Qualified — Hopkins & West Metro,holistic medicine Minneapolis,phrase (close variant),None,1
clinic coon rapids mn,1,0,0.0,0.0,0.0,0.0,0,,Leads-Search-1,Geo-Qualified — Hopkins & West Metro,natural medicine Minnesota,broad,None,1
clinic on 4th street,1,0,0.0,0.0,0.0,0.0,0,,Leads-Search-1,Geo-Qualified — Hopkins & West Metro,natural medicine Minnesota,broad,None,1
clinics in minneapolis,2,0,0.0,0.0,0.0,0.0,0,,Leads-Search-1,Geo-Qualified — Hopkins & West Metro | Pediatrics,natural medicine Minnesota | pediatric holistic doctor near me,broad,None,2
clínica north point,1,0,0.0,0.0,0.0,0.0,0,,Leads-Search-1,Geo-Qualified — Hopkins & West Metro,natural medicine Minnesota,broad,None,1
concierge medicine minneapolis mn,1,0,0.0,0.0,0.0,0.0,0,,Leads-Search-1,Geo-Qualified — Hopkins & West Metro,functional medicine doctor edina,broad,None,1
crown medical center,1,0,0.0,0.0,0.0,0.0,0,,Leads-Search-1,Geo-Qualified — Hopkins & West Metro,natural medicine Minnesota,broad,None,1
derusha clinic,1,0,0.0,0.0,0.0,0.0,0,,Leads-Search-1,Geo-Qualified — Hopkins & West Metro,functional medicine doctor eden prairie,broad,None,1
dr berg sibo,1,0,0.0,0.0,0.0,0.0,0,,Leads-Search-1,Geo-Qualified — Hopkins & West Metro,naturopathic doctor Minneapolis,broad,None,1
dr gustafson,1,0,0.0,0.0,0.0,0.0,0,,Leads-Search-1,Geo-Qualified — Hopkins & West Metro,functional medicine doctor minnetonka,broad,None,1
dr leslie vilensky,1,0,0.0,0.0,0.0,0.0,0,,Leads-Search-1,Geo-Qualified — Hopkins & West Metro,holistic medicine Minneapolis,phrase (close variant),None,1
dr manoj johnson constipation,1,0,0.0,0.0,0.0,0.0,0,,Leads-Search-1,Geo-Qualified — Hopkins & West Metro,functional medicine doctor edina,broad,None,1
dr vaidya,2,0,0.0,0.0,0.0,0.0,0,,Leads-Search-1,Geo-Qualified — Hopkins & West Metro | Naturopath Near Me — Core,functional medicine doctor edina | natural healing doctors near me,broad,None,2
edina medical clinic,1,0,0.0,0.0,0.0,0.0,0,,Leads-Search-1,Geo-Qualified — Hopkins & West Metro,functional medicine doctor minnetonka,broad,None,1
edina mn doctors,1,0,0.0,0.0,0.0,0.0,0,,Leads-Search-1,Geo-Qualified — Hopkins & West Metro,functional medicine doctor eden prairie,broad,None,1
energy healer minneapolis,1,0,0.0,0.0,0.0,0.0,0,,Leads-Search-1,Geo-Qualified — Hopkins & West Metro,holistic medicine Minneapolis,phrase (close variant),None,1
entira clinic,1,0,0.0,0.0,0.0,0.0,0,,Leads-Search-1,Geo-Qualified — Hopkins & West Metro,natural medicine Minnesota,broad,None,1
entira family clinics st paul,1,0,0.0,0.0,0.0,0.0,0,,Leads-Search-1,Geo-Qualified — Hopkins & West Metro,natural medicine Minnesota,broad,None,1
everwell health,1,0,0.0,0.0,0.0,0.0,0,,Leads-Search-1,Geo-Qualified — Hopkins & West Metro,holistic medicine Minneapolis,broad,None,1
fairview health services,1,0,0.0,0.0,0.0,0.0,0,,Leads-Search-1,Geo-Qualified — Hopkins & West Metro,functional medicine doctor eden prairie,broad,None,1
fairview specialty services,1,0,0.0,0.0,0.0,0.0,0,,Leads-Search-1,Geo-Qualified — Hopkins & West Metro,natural medicine Minnesota,broad,None,1
family health service,1,0,0.0,0.0,0.0,0.0,0,,Leads-Search-1,Geo-Qualified — Hopkins & West Metro,functional medicine doctor edina,broad,None,1
family medicine near me,1,0,0.0,0.0,0.0,0.0,0,,Leads-Search-1,Geo-Qualified — Hopkins & West Metro,holistic medicine Minneapolis,broad,None,1
family physician edina,2,0,0.0,0.0,0.0,0.0,0,,Leads-Search-1,Geo-Qualified — Hopkins & West Metro | Naturopath Near Me — Core,alternative medicine near me | functional medicine doctor eden prairie,broad,None,2
fqhc in minnesota,1,0,0.0,0.0,0.0,0.0,0,,Leads-Search-1,Geo-Qualified — Hopkins & West Metro,functional medicine doctor eden prairie,broad,None,1
functional medicine chiropractors near me,1,0,0.0,0.0,0.0,0.0,0,,Leads-Search-1,Geo-Qualified — Hopkins & West Metro,functional medicine doctor edina,broad,None,1
functional medicine naturopathic,1,0,0.0,0.0,0.0,0.0,0,,Leads-Search-1,Geo-Qualified — Hopkins & West Metro,holistic medicine Minneapolis,broad,None,1
general doctor,1,0,0.0,0.0,0.0,0.0,0,,Leads-Search-1,Geo-Qualified — Hopkins & West Metro,functional medicine doctor eden prairie,broad,None,1
gp provider,1,0,0.0,0.0,0.0,0.0,0,,Leads-Search-1,Geo-Qualified — Hopkins & West Metro,functional medicine doctor eden prairie,broad,None,1
greene mountain medical,1,0,0.0,0.0,0.0,0.0,0,,Leads-Search-1,Geo-Qualified — Hopkins & West Metro,functional medicine doctor minnetonka,broad,None,1
harmony health and wellness,1,0,0.0,0.0,0.0,0.0,0,,Leads-Search-1,Geo-Qualified — Hopkins & West Metro,natural medicine Minnesota,broad,None,1
healthpro,1,0,0.0,0.0,0.0,0.0,0,,Leads-Search-1,Geo-Qualified — Hopkins & West Metro,holistic medicine Minneapolis,broad,None,1
hennepin health,1,0,0.0,0.0,0.0,0.0,0,,Leads-Search-1,Geo-Qualified — Hopkins & West Metro,natural medicine Minnesota,broad,Excluded,1
hillside clinic,1,0,0.0,0.0,0.0,0.0,0,,Leads-Search-1,Geo-Qualified — Hopkins & West Metro,natural medicine Minnesota,broad,None,1
holistic medicine practitioner near me,1,0,0.0,0.0,0.0,0.0,0,,Leads-Search-1,Geo-Qualified — Hopkins & West Metro,holistic medicine Minneapolis,broad,None,1
holistic nutrition and wellness,1,0,0.0,0.0,0.0,0.0,0,,Leads-Search-1,Geo-Qualified — Hopkins & West Metro,holistic medicine Minneapolis,broad,None,1
hope clinic,1,0,0.0,0.0,0.0,0.0,0,,Leads-Search-1,Geo-Qualified — Hopkins & West Metro,naturopathic doctor Minneapolis,broad,None,1
hydrocolonic therapy,1,0,0.0,0.0,0.0,0.0,0,,Leads-Search-1,Geo-Qualified — Hopkins & West Metro,functional medicine doctor edina,broad,None,1
indian clinic near me,1,0,0.0,0.0,0.0,0.0,0,,Leads-Search-1,Geo-Qualified — Hopkins & West Metro,functional medicine doctor minnetonka,broad,None,1
indian health clinic,1,0,0.0,0.0,0.0,0.0,0,,Leads-Search-1,Geo-Qualified — Hopkins & West Metro,natural medicine Minnesota,broad,None,1
integrated medical practice,1,0,0.0,0.0,0.0,0.0,0,,Leads-Search-1,Geo-Qualified — Hopkins & West Metro,natural medicine Minnesota,broad,None,1
jennifer bottem,1,0,0.0,0.0,0.0,0.0,0,,Leads-Search-1,Geo-Qualified — Hopkins & West Metro,functional medicine doctor edina,broad,None,1
jordan davey,1,0,0.0,0.0,0.0,0.0,0,,Leads-Search-1,Geo-Qualified — Hopkins & West Metro,functional medicine doctor minnetonka,broad,None,1
la clinica east side st paul,1,0,0.0,0.0,0.0,0.0,0,,Leads-Search-1,Geo-Qualified — Hopkins & West Metro,natural medicine Minnesota,broad,None,1
laborers clinic hugo,1,0,0.0,0.0,0.0,0.0,0,,Leads-Search-1,Geo-Qualified — Hopkins & West Metro,functional medicine doctor edina,broad,None,1
lawrence clinic near me,1,0,0.0,0.0,0.0,0.0,0,,Leads-Search-1,Geo-Qualified — Hopkins & West Metro,holistic medicine Minneapolis,broad,None,1
lifespan clinic,1,0,0.0,0.0,0.0,0.0,0,,Leads-Search-1,Geo-Qualified — Hopkins & West Metro,holistic medicine Minneapolis,broad,None,1
lily ward md,1,0,0.0,0.0,0.0,0.0,0,,Leads-Search-1,Geo-Qualified — Hopkins & West Metro,functional medicine doctor minnetonka,broad,None,1
long covid treatment,1,0,0.0,0.0,0.0,0.0,0,,Leads-Search-1,Geo-Qualified — Hopkins & West Metro,functional medicine doctor eden prairie,broad,None,1
longevity lab,1,0,0.0,0.0,0.0,0.0,0,,Leads-Search-1,Geo-Qualified — Hopkins & West Metro,holistic medicine Minneapolis,broad,None,1
m health fairview locations,1,0,0.0,0.0,0.0,0.0,0,,Leads-Search-1,Geo-Qualified — Hopkins & West Metro,natural medicine Minnesota,broad,None,1
may clinic,1,0,0.0,0.0,0.0,0.0,0,,Leads-Search-1,Geo-Qualified — Hopkins & West Metro,functional medicine doctor eden prairie,broad,None,1
mayo clinics in minnesota,1,0,0.0,0.0,0.0,0.0,0,,Leads-Search-1,Geo-Qualified — Hopkins & West Metro,natural medicine Minnesota,broad,None,1
medical group,1,0,0.0,0.0,0.0,0.0,0,,Leads-Search-1,Geo-Qualified — Hopkins & West Metro,functional medicine doctor hopkins,broad,None,1
metabolic clinic,1,0,0.0,0.0,0.0,0.0,0,,Leads-Search-1,Geo-Qualified — Hopkins & West Metro,functional medicine doctor edina,broad,None,1
methodist hospital clinic near me,1,0,0.0,0.0,0.0,0.0,0,,Leads-Search-1,Geo-Qualified — Hopkins & West Metro,functional medicine doctor eden prairie,broad,None,1
mhealth fairview clinics,1,0,0.0,0.0,0.0,0.0,0,,Leads-Search-1,Geo-Qualified — Hopkins & West Metro,natural medicine Minnesota,broad,None,1
minnesota community care east side,1,0,0.0,0.0,0.0,0.0,0,,Leads-Search-1,Geo-Qualified — Hopkins & West Metro,natural medicine Minnesota,broad,None,1
minnesota medical center,1,0,0.0,0.0,0.0,0.0,0,,Leads-Search-1,Geo-Qualified — Hopkins & West Metro,functional medicine doctor edina,broad,None,1
mn digestive health,1,0,0.0,0.0,0.0,0.0,0,,Leads-Search-1,Geo-Qualified — Hopkins & West Metro,natural medicine Minnesota,broad,None,1
moda wellness clinic,1,0,0.0,0.0,0.0,0.0,0,,Leads-Search-1,Geo-Qualified — Hopkins & West Metro,holistic medicine Minneapolis,broad,None,1
naet mn,1,0,0.0,0.0,0.0,0.0,0,,Leads-Search-1,Geo-Qualified — Hopkins & West Metro,functional medicine doctor minnetonka,broad,None,1
naturalpath,1,0,0.0,0.0,0.0,0.0,0,,Leads-Search-1,Geo-Qualified — Hopkins & West Metro,naturopathic doctor Minneapolis,broad,None,1
naturopathic chiropractor near me,1,0,0.0,0.0,0.0,0.0,0,,Leads-Search-1,Geo-Qualified — Hopkins & West Metro,naturopathic doctor Minneapolis,broad,None,1
need a primary doctor near me,1,0,0.0,0.0,0.0,0.0,0,,Leads-Search-1,Geo-Qualified — Hopkins & West Metro,functional medicine doctor edina,broad,None,1
neuro emotional technique near me,1,0,0.0,0.0,0.0,0.0,0,,Leads-Search-1,Geo-Qualified — Hopkins & West Metro,holistic medicine Minneapolis,broad,None,1
new kingdom clinic,1,0,0.0,0.0,0.0,0.0,0,,Leads-Search-1,Geo-Qualified — Hopkins & West Metro,natural medicine Minnesota,broad,None,1
north memorial medical center,1,0,0.0,0.0,0.0,0.0,0,,Leads-Search-1,Geo-Qualified — Hopkins & West Metro,functional medicine doctor eden prairie,broad,None,1
northpoint clinic minneapolis,1,0,0.0,0.0,0.0,0.0,0,,Leads-Search-1,Geo-Qualified — Hopkins & West Metro,natural medicine Minnesota,broad,None,1
nura pain clinic,1,0,0.0,0.0,0.0,0.0,0,,Leads-Search-1,Geo-Qualified — Hopkins & West Metro,holistic medicine Minneapolis,broad,None,1
open cities health center,1,0,0.0,0.0,0.0,0.0,0,,Leads-Search-1,Geo-Qualified — Hopkins & West Metro,functional medicine doctor edina,broad,None,1
orchard family medicine,1,0,0.0,0.0,0.0,0.0,0,,Leads-Search-1,Geo-Qualified — Hopkins & West Metro,functional medicine doctor edina,broad,None,1
osteopaths near me,1,0,0.0,0.0,0.0,0.0,0,,Leads-Search-1,Geo-Qualified — Hopkins & West Metro,holistic medicine Minneapolis,broad,None,1
park ni,1,0,0.0,0.0,0.0,0.0,0,,Leads-Search-1,Geo-Qualified — Hopkins & West Metro,natural medicine Minnesota,broad,None,1
park nicollet health services,1,0,0.0,0.0,0.0,0.0,0,,Leads-Search-1,Geo-Qualified — Hopkins & West Metro,natural medicine Minnesota,broad,None,1
park nicollet near me,1,0,0.0,0.0,0.0,0.0,0,,Leads-Search-1,Geo-Qualified — Hopkins & West Metro,natural medicine Minnesota,broad,None,1
park nicollet specialty center,1,0,0.0,0.0,0.0,0.0,0,,Leads-Search-1,Geo-Qualified — Hopkins & West Metro,natural medicine Minnesota,broad,None,1
park nicollet specialty clinic,1,0,0.0,0.0,0.0,0.0,0,,Leads-Search-1,Geo-Qualified — Hopkins & West Metro,functional medicine doctor eden prairie,broad,None,1
park nicollet st louis park family medicine,1,0,0.0,0.0,0.0,0.0,0,,Leads-Search-1,Geo-Qualified — Hopkins & West Metro,functional medicine doctor eden prairie,broad,None,1
park nicollet st louis park family medicine phone number,1,0,0.0,0.0,0.0,0.0,0,,Leads-Search-1,Geo-Qualified — Hopkins & West Metro,natural medicine Minnesota,broad,None,1
pedi mirdamadi,1,0,0.0,0.0,0.0,0.0,0,,Leads-Search-1,Geo-Qualified — Hopkins & West Metro,functional medicine doctor edina,broad,None,1
people clinic,1,0,0.0,0.0,0.0,0.0,0,,Leads-Search-1,Geo-Qualified — Hopkins & West Metro,functional medicine doctor edina,broad,None,1
physical check up,1,0,0.0,0.0,0.0,0.0,0,,Leads-Search-1,Geo-Qualified — Hopkins & West Metro,functional medicine doctor hopkins,broad,None,1
practical medicine doctor,1,0,0.0,0.0,0.0,0.0,0,,Leads-Search-1,Geo-Qualified — Hopkins & West Metro,holistic medicine Minneapolis,broad,None,1
primary care providers near me,1,0,0.0,0.0,0.0,0.0,0,,Leads-Search-1,Geo-Qualified — Hopkins & West Metro,functional medicine doctor eden prairie,broad,None,1
pro health,1,0,0.0,0.0,0.0,0.0,0,,Leads-Search-1,Geo-Qualified — Hopkins & West Metro,functional medicine doctor minnetonka,broad,None,1
ridgeview family medicine,1,0,0.0,0.0,0.0,0.0,0,,Leads-Search-1,Geo-Qualified — Hopkins & West Metro,functional medicine doctor minnetonka,broad,None,1
ridgeview health,1,0,0.0,0.0,0.0,0.0,0,,Leads-Search-1,Geo-Qualified — Hopkins & West Metro,natural medicine Minnesota,broad,None,1
rife treatment near me,2,0,0.0,0.0,0.0,0.0,0,,Leads-Search-1,Geo-Qualified — Hopkins & West Metro | Naturopath Near Me — Core,alternative medicine doctors near me | holistic medicine Minneapolis,broad,None,2
ruscio clinic,1,0,0.0,0.0,0.0,0.0,0,,Leads-Search-1,Geo-Qualified — Hopkins & West Metro,naturopathic doctor Minneapolis,broad,None,1
sara hartfeldt md,1,0,0.0,0.0,0.0,0.0,0,,Leads-Search-1,Geo-Qualified — Hopkins & West Metro,holistic medicine Minneapolis,broad,None,1
shakopee family medicine,1,0,0.0,0.0,0.0,0.0,0,,Leads-Search-1,Geo-Qualified — Hopkins & West Metro,natural medicine Minnesota,broad,None,1
shifa clinic,1,0,0.0,0.0,0.0,0.0,0,,Leads-Search-1,Geo-Qualified — Hopkins & West Metro,natural medicine Minnesota,broad,None,1
sibo doctor near me,2,0,0.0,0.0,0.0,0.0,0,,Leads-Search-1,Geo-Qualified — Hopkins & West Metro,functional medicine doctor eden prairie | functional medicine doctor edina,broad,None,2
smsc clinic,1,0,0.0,0.0,0.0,0.0,0,,Leads-Search-1,Geo-Qualified — Hopkins & West Metro,functional medicine doctor eden prairie,broad,None,1
sophia bouwens,1,0,0.0,0.0,0.0,0.0,0,,Leads-Search-1,Geo-Qualified — Hopkins & West Metro,functional medicine doctor minnetonka,broad,None,1
specialist for thyroid,2,0,0.0,0.0,0.0,0.0,0,,Leads-Search-1,Geo-Qualified — Hopkins & West Metro | Naturopath Near Me — Core,holistic medicine Minneapolis | naturalist dr near me,broad,None,2
spring health clinic,1,0,0.0,0.0,0.0,0.0,0,,Leads-Search-1,Geo-Qualified — Hopkins & West Metro,holistic medicine Minneapolis,broad,None,1
stephanie grutz,1,0,0.0,0.0,0.0,0.0,0,,Leads-Search-1,Geo-Qualified — Hopkins & West Metro,functional medicine doctor edina,broad,None,1
sunu wellness linden hills,1,0,0.0,0.0,0.0,0.0,0,,Leads-Search-1,Geo-Qualified — Hopkins & West Metro,holistic medicine Minneapolis,phrase (close variant),None,1
tcm chinese medicine,1,0,0.0,0.0,0.0,0.0,0,,Leads-Search-1,Geo-Qualified — Hopkins & West Metro,natural medicine Minnesota,broad,None,1
the natural path eden prairie,1,0,0.0,0.0,0.0,0.0,0,,Leads-Search-1,Geo-Qualified — Hopkins & West Metro,holistic medicine Minneapolis,phrase (close variant),None,1
thyroid specialists near me,1,0,0.0,0.0,0.0,0.0,0,,Leads-Search-1,Geo-Qualified — Hopkins & West Metro,holistic medicine Minneapolis,broad,None,1
top naturopathic doctors near me,2,0,0.0,0.0,0.0,0.0,0,,Leads-Search-1,Geo-Qualified — Hopkins & West Metro | Naturopath Near Me — Core,natural doctor near me | naturopathic doctor Minneapolis,broad | exact (close variant),None,2
twin cities integrative medicine,1,0,0.0,0.0,0.0,0.0,0,,Leads-Search-1,Geo-Qualified — Hopkins & West Metro,functional medicine doctor edina,broad,None,1
twin cities pain clinic mn,1,0,0.0,0.0,0.0,0.0,0,,Leads-Search-1,Geo-Qualified — Hopkins & West Metro,functional medicine doctor minnetonka,broad,None,1
twin city acupuncture center,1,0,0.0,0.0,0.0,0.0,0,,Leads-Search-1,Geo-Qualified — Hopkins & West Metro,functional medicine doctor edina,broad,None,1
valeo health,1,0,0.0,0.0,0.0,0.0,0,,Leads-Search-1,Geo-Qualified — Hopkins & West Metro,functional medicine doctor minnetonka,broad,None,1
valley medical group,1,0,0.0,0.0,0.0,0.0,0,,Leads-Search-1,Geo-Qualified — Hopkins & West Metro,functional medicine doctor edina,broad,None,1
valleymed,1,0,0.0,0.0,0.0,0.0,0,,Leads-Search-1,Geo-Qualified — Hopkins & West Metro,holistic medicine Minneapolis,broad,None,1
walk in wellness clinic near me,1,0,0.0,0.0,0.0,0.0,0,,Leads-Search-1,Geo-Qualified — Hopkins & West Metro,functional medicine doctor edina,broad,None,1
weight loss clinic edina,1,0,0.0,0.0,0.0,0.0,0,,Leads-Search-1,Geo-Qualified — Hopkins & West Metro,holistic medicine Minneapolis,broad,None,1
weight loss specialist,1,0,0.0,0.0,0.0,0.0,0,,Leads-Search-1,Geo-Qualified — Hopkins & West Metro,holistic medicine Minneapolis,broad,None,1
what helps with fibromyalgia fatigue,1,0,0.0,0.0,0.0,0.0,0,,Leads-Search-1,Geo-Qualified — Hopkins & West Metro,natural medicine Minnesota,broad,None,1
5 daily habits that protect the prostate after age 60,1,0,0.0,0.0,0.0,0.0,0,,Leads-Search-1,Men's Health,naturopath for men,broad,None,1
andrology doctor,1,0,0.0,0.0,0.0,0.0,0,,Leads-Search-1,Men's Health,men's clinic near me,broad,None,1
annual physical,1,0,0.0,0.0,0.0,0.0,0,,Leads-Search-1,Men's Health,male primary care doctors near me,broad,None,1
aquablation for enlarged prostate,1,0,0.0,0.0,0.0,0.0,0,,Leads-Search-1,Men's Health,men's specialist doctor near me,broad,None,1
baking soda for men,1,0,0.0,0.0,0.0,0.0,0,,Leads-Search-1,Men's Health,naturopath for erectile dysfunction,broad,None,1
best exercises for strong erection,1,0,0.0,0.0,0.0,0.0,0,,Leads-Search-1,Men's Health,naturopath for erectile dysfunction,broad,None,1
best red light therapy for ed,1,0,0.0,0.0,0.0,0.0,0,,Leads-Search-1,Men's Health,gents specialist doctor near me,broad,None,1
best thing for ed,1,0,0.0,0.0,0.0,0.0,0,,Leads-Search-1,Men's Health,holistic doctor for men near me,broad,None,1
blood flow penis,1,0,0.0,0.0,0.0,0.0,0,,Leads-Search-1,Men's Health,gents specialist doctor near me,broad,None,1
boost testosterone naturally,1,0,0.0,0.0,0.0,0.0,0,,Leads-Search-1,Men's Health,naturopath for men,broad,None,1
checking for testicular cancer,1,0,0.0,0.0,0.0,0.0,0,,Leads-Search-1,Men's Health,men's specialist doctor near me,broad,None,1
cons of trt for men,1,0,0.0,0.0,0.0,0.0,0,,Leads-Search-1,Men's Health,naturopath for men,broad,None,1
cortisol specialist,1,0,0.0,0.0,0.0,0.0,0,,Leads-Search-1,Men's Health,adrenal fatigue doctor near me,broad,None,1
cucumber juice benefits for men,1,0,0.0,0.0,0.0,0.0,0,,Leads-Search-1,Men's Health,naturopath for men,broad,None,1
defy medical,1,0,0.0,0.0,0.0,0.0,0,,Leads-Search-1,Men's Health,naturopath for men,broad,Excluded,1
dhea for men,1,0,0.0,0.0,0.0,0.0,0,,Leads-Search-1,Men's Health,naturopath for men,broad,None,1
dim for men,1,0,0.0,0.0,0.0,0.0,0,,Leads-Search-1,Men's Health,naturopath for men,broad,None,1
disfuncion erectil causas y tratamiento,1,0,0.0,0.0,0.0,0.0,0,,Leads-Search-1,Men's Health,men's health naturopath,broad,None,1
do you ever get tired,1,0,0.0,0.0,0.0,0.0,0,,Leads-Search-1,Men's Health,adrenal fatigue doctor near me,broad,None,1
doctor check up,1,0,0.0,0.0,0.0,0.0,0,,Leads-Search-1,Men's Health,male primary care doctors near me,broad,None,1
does ejaculation cause hair loss,1,0,0.0,0.0,0.0,0.0,0,,Leads-Search-1,Men's Health,men's health naturopath,broad,None,1
does low testosterone cause infertility,1,0,0.0,0.0,0.0,0.0,0,,Leads-Search-1,Men's Health,men's health naturopath,broad,None,1
dr josh ax,3,0,0.0,0.0,0.0,0.0,0,,Leads-Search-1,Men's Health | Naturopath Near Me — Core,alternative medicine doctors near me | alternative medicine near me | holistic doctor for men near me,broad,None,3
dr keith nichols testosterone,1,0,0.0,0.0,0.0,0.0,0,,Leads-Search-1,Men's Health,naturopath for men,broad,None,1
ed,2,0,0.0,0.0,0.0,0.0,0,,Leads-Search-1,Men's Health,gents specialist doctor near me | men health clinic near me,broad,Excluded,2
ed breakthrough,1,0,0.0,0.0,0.0,0.0,0,,Leads-Search-1,Men's Health,men's health naturopath,broad,None,1
ed improvement,1,0,0.0,0.0,0.0,0.0,0,,Leads-Search-1,Men's Health,holistic doctor for men near me,broad,None,1
ed medicine,1,0,0.0,0.0,0.0,0.0,0,,Leads-Search-1,Men's Health,men's health doctor near me,broad,None,1
ed salt trick for men,1,0,0.0,0.0,0.0,0.0,0,,Leads-Search-1,Men's Health,naturopath for men,broad,None,1
ed treatment,1,0,0.0,0.0,0.0,0.0,0,,Leads-Search-1,Men's Health,men's health doctor near me,broad,None,1
elitone for men,1,0,0.0,0.0,0.0,0.0,0,,Leads-Search-1,Men's Health,male health doctors near me,broad,None,1
endocrinologist specializing in testosterone replacement therapy,1,0,0.0,0.0,0.0,0.0,0,,Leads-Search-1,Men's Health,naturopath for prostate,broad,None,1
endocrinologists in my area,1,0,0.0,0.0,0.0,0.0,0,,Leads-Search-1,Men's Health,adrenal fatigue doctor near me,broad,None,1
enlarged prostate treatment,1,0,0.0,0.0,0.0,0.0,0,,Leads-Search-1,Men's Health,naturopath for men,broad,None,1
erectile dysfunction,1,0,0.0,0.0,0.0,0.0,0,,Leads-Search-1,Men's Health,holistic doctor for men near me,broad,None,1
erectile dysfunction aafp,1,0,0.0,0.0,0.0,0.0,0,,Leads-Search-1,Men's Health,men's specialist doctor near me,broad,None,1
erectile dysfunction beat,1,0,0.0,0.0,0.0,0.0,0,,Leads-Search-1,Men's Health,gents specialist doctor near me,broad,None,1
erectile dysfunction cks,1,0,0.0,0.0,0.0,0.0,0,,Leads-Search-1,Men's Health,men health clinic near me,broad,None,1
erectile dysfunction solutions,1,0,0.0,0.0,0.0,0.0,0,,Leads-Search-1,Men's Health,gents specialist doctor near me,broad,None,1
fatigue,1,0,0.0,0.0,0.0,0.0,0,,Leads-Search-1,Men's Health,adrenal fatigue doctor near me,broad,None,1
feeling sleepy and headaches,1,0,0.0,0.0,0.0,0.0,0,,Leads-Search-1,Men's Health,adrenal fatigue doctor near me,broad,None,1
foods that raise testosterone,1,0,0.0,0.0,0.0,0.0,0,,Leads-Search-1,Men's Health,naturopath for men,broad,None,1
fountain trt,1,0,0.0,0.0,0.0,0.0,0,,Leads-Search-1,Men's Health,naturopath for men,broad,None,1
full body checkup offers near me,1,0,0.0,0.0,0.0,0.0,0,,Leads-Search-1,Men's Health,adrenal fatigue doctor near me,broad,None,1
gameday men's health,1,0,0.0,0.0,0.0,0.0,0,,Leads-Search-1,Men's Health,men's health naturopath,broad,None,1
gameday men's health free testosterone test,1,0,0.0,0.0,0.0,0.0,0,,Leads-Search-1,Men's Health,naturopath for men,broad,None,1
gameday mens health near me,1,0,0.0,0.0,0.0,0.0,0,,Leads-Search-1,Men's Health,naturopath for men,broad,None,1
gatlan health,1,0,0.0,0.0,0.0,0.0,0,,Leads-Search-1,Men's Health,naturopath for men,broad,None,1
healing the prostate,1,0,0.0,0.0,0.0,0.0,0,,Leads-Search-1,Men's Health,holistic doctor for men near me,broad,None,1
health assessment,1,0,0.0,0.0,0.0,0.0,0,,Leads-Search-1,Men's Health,naturopath for men,broad,None,1
health for men,1,0,0.0,0.0,0.0,0.0,0,,Leads-Search-1,Men's Health,men health clinic near me,broad,None,1
hims for men,1,0,0.0,0.0,0.0,0.0,0,,Leads-Search-1,Men's Health,men's specialist doctor near me,broad,None,1
home remedies to get a hard on,1,0,0.0,0.0,0.0,0.0,0,,Leads-Search-1,Men's Health,naturopath for erectile dysfunction,broad,None,1
how can i shrink my prostate,1,0,0.0,0.0,0.0,0.0,0,,Leads-Search-1,Men's Health,male medical clinic near me,broad,None,1
how do you not be tired,1,0,0.0,0.0,0.0,0.0,0,,Leads-Search-1,Men's Health,adrenal fatigue doctor near me,broad,None,1
how to fix venous leakage,1,0,0.0,0.0,0.0,0.0,0,,Leads-Search-1,Men's Health,holistic doctor for men near me,broad,None,1
how to increase blood flow to pennis naturally,1,0,0.0,0.0,0.0,0.0,0,,Leads-Search-1,Men's Health,naturopath for men,broad,None,1
how to lower psa levels naturally,1,0,0.0,0.0,0.0,0.0,0,,Leads-Search-1,Men's Health,holistic doctor for men near me,broad,None,1
how to make pennis strong and healthy,1,0,0.0,0.0,0.0,0.0,0,,Leads-Search-1,Men's Health,gents specialist doctor near me,broad,None,1
how to relax male pelvic floor,1,0,0.0,0.0,0.0,0.0,0,,Leads-Search-1,Men's Health,naturopath for men,broad,None,1
how to restore your sexual energy,1,0,0.0,0.0,0.0,0.0,0,,Leads-Search-1,Men's Health,gents specialist doctor near me,broad,None,1
how to stay hard longer,1,0,0.0,0.0,0.0,0.0,0,,Leads-Search-1,Men's Health,gents specialist doctor near me,broad,None,1
how to stop premature ejaculatio,2,0,0.0,0.0,0.0,0.0,0,,Leads-Search-1,Men's Health,gents specialist doctor near me | men's specialist doctor near me,broad,None,2
hydrogen peroxide ed,1,0,0.0,0.0,0.0,0.0,0,,Leads-Search-1,Men's Health,naturopath for erectile dysfunction,broad,None,1
i m just tired,1,0,0.0,0.0,0.0,0.0,0,,Leads-Search-1,Men's Health,adrenal fatigue doctor near me,broad,None,1
i m so sleepy,1,0,0.0,0.0,0.0,0.0,0,,Leads-Search-1,Men's Health,adrenal fatigue doctor near me,broad,None,1
im just tired,1,0,0.0,0.0,0.0,0.0,0,,Leads-Search-1,Men's Health,adrenal fatigue doctor near me,broad,None,1
im so tired,1,0,0.0,0.0,0.0,0.0,0,,Leads-Search-1,Men's Health,adrenal fatigue doctor near me,broad,None,1
increasing penile size,1,0,0.0,0.0,0.0,0.0,0,,Leads-Search-1,Men's Health,gents specialist doctor near me,broad,None,1
is it possible to increase testosterone naturally,1,0,0.0,0.0,0.0,0.0,0,,Leads-Search-1,Men's Health,holistic doctor for men near me,broad,None,1
ischiocavernosus muscle pain,1,0,0.0,0.0,0.0,0.0,0,,Leads-Search-1,Men's Health,male medical clinic near me,broad,None,1
kegel exercises for men,1,0,0.0,0.0,0.0,0.0,0,,Leads-Search-1,Men's Health,men's health naturopath,broad,None,1
kegel exercises for men michelle kenway,1,0,0.0,0.0,0.0,0.0,0,,Leads-Search-1,Men's Health,men's specialist doctor near me,broad,None,1
kyzatrex,1,0,0.0,0.0,0.0,0.0,0,,Leads-Search-1,Men's Health,gents specialist doctor near me,broad,None,1
limitless male,1,0,0.0,0.0,0.0,0.0,0,,Leads-Search-1,Men's Health,naturopath for men,broad,None,1
limitless male clinic,1,0,0.0,0.0,0.0,0.0,0,,Leads-Search-1,Men's Health,naturopath for men,broad,None,1
limitless male medical,1,0,0.0,0.0,0.0,0.0,0,,Leads-Search-1,Men's Health,naturopath for men,broad,None,1
low testosterone uptodate,1,0,0.0,0.0,0.0,0.0,0,,Leads-Search-1,Men's Health,naturopath for low testosterone,broad,None,1
male bioidentical hormone replacement,1,0,0.0,0.0,0.0,0.0,0,,Leads-Search-1,Men's Health,male doctor near me,broad,None,1
male fertility booster,1,0,0.0,0.0,0.0,0.0,0,,Leads-Search-1,Men's Health,men's specialist doctor near me,broad,None,1
male fertility specialist,1,0,0.0,0.0,0.0,0.0,0,,Leads-Search-1,Men's Health,men's specialist doctor near me,broad,None,1
male fertility test,1,0,0.0,0.0,0.0,0.0,0,,Leads-Search-1,Men's Health,male health doctors near me,broad,None,1
male hormone test,1,0,0.0,0.0,0.0,0.0,0,,Leads-Search-1,Men's Health,naturopath for men,broad,None,1
male hormone therapy,2,0,0.0,0.0,0.0,0.0,0,,Leads-Search-1,Men's Health,naturopath for men | naturopath for prostate,broad,None,2
male pelvic floor exercise,1,0,0.0,0.0,0.0,0.0,0,,Leads-Search-1,Men's Health,men's specialist doctor near me,broad,None,1
male physical exam,1,0,0.0,0.0,0.0,0.0,0,,Leads-Search-1,Men's Health,men's specialist doctor near me,broad,None,1
male testosterone doctor,1,0,0.0,0.0,0.0,0.0,0,,Leads-Search-1,Men's Health,naturopath for men,broad,None,1
med studio minnetonka,2,0,0.0,0.0,0.0,0.0,0,,Leads-Search-1,Men's Health | Women's Health & Hormones,functional medicine for hormones | naturopath for low testosterone,broad | phrase (close variant),None,2
men sexual health clinic,1,0,0.0,0.0,0.0,0.0,0,,Leads-Search-1,Men's Health,naturopath for prostate,broad,None,1
men's doctor,1,0,0.0,0.0,0.0,0.0,0,,Leads-Search-1,Men's Health,male health doctors near me,exact (close variant),None,1
men's ed,1,0,0.0,0.0,0.0,0.0,0,,Leads-Search-1,Men's Health,male medical clinic near me,broad,None,1
men's health acupuncture,1,0,0.0,0.0,0.0,0.0,0,,Leads-Search-1,Men's Health,men's health naturopath,broad,None,1
men's health after 60,1,0,0.0,0.0,0.0,0.0,0,,Leads-Search-1,Men's Health,naturopath for men,broad,None,1
men's health clinic,1,0,0.0,0.0,0.0,0.0,0,,Leads-Search-1,Men's Health,best mens doctor near me,broad,None,1
men's health clinic near me,2,0,0.0,0.0,0.0,0.0,0,,Leads-Search-1,Men's Health,men health clinic near me | naturopath for men,broad | exact (close variant),None,2
men's health doctor,1,0,0.0,0.0,0.0,0.0,0,,Leads-Search-1,Men's Health,men's health naturopath,broad,None,1
men's health hudson williams,1,0,0.0,0.0,0.0,0.0,0,,Leads-Search-1,Men's Health,naturopath for men,broad,None,1
men's health near me,2,0,0.0,0.0,0.0,0.0,0,,Leads-Search-1,Men's Health,men health clinic near me | men's clinic near me,exact (close variant),None,2
men's health physician near me,2,0,0.0,0.0,0.0,0.0,0,,Leads-Search-1,Men's Health,men's health doctor near me | men's specialist doctor near me,exact (close variant),None,2
men's hormones,2,0,0.0,0.0,0.0,0.0,0,,Leads-Search-1,Men's Health,men's health naturopath | naturopath for men,broad,None,2
mens center,1,0,0.0,0.0,0.0,0.0,0,,Leads-Search-1,Men's Health,men's health doctor near me,broad,None,1
mens fertility clinic,1,0,0.0,0.0,0.0,0.0,0,,Leads-Search-1,Men's Health,men's health naturopath,broad,None,1
mens gameday health,1,0,0.0,0.0,0.0,0.0,0,,Leads-Search-1,Men's Health,adrenal fatigue doctor near me,broad,None,1
mens health clinic near me,3,0,0.0,0.0,0.0,0.0,0,,Leads-Search-1,Men's Health | Naturopath Near Me — Core,adrenal fatigue doctor near me | naturopath for men | naturopaths in my area,broad,None,3
mens health physician near me,1,0,0.0,0.0,0.0,0.0,0,,Leads-Search-1,Men's Health,men's specialist doctor near me,exact (close variant),None,1
mens hrt near me,2,0,0.0,0.0,0.0,0.0,0,,Leads-Search-1,Men's Health,men's clinic near me | men's doctor near me,phrase (close variant),None,2
mens medical,1,0,0.0,0.0,0.0,0.0,0,,Leads-Search-1,Men's Health,gents specialist doctor near me,broad,None,1
mucha comezón en los testiculos,1,0,0.0,0.0,0.0,0.0,0,,Leads-Search-1,Men's Health,men's specialist doctor near me,broad,None,1
natural testosterone booster,1,0,0.0,0.0,0.0,0.0,0,,Leads-Search-1,Men's Health,naturopath for low testosterone,broad,None,1
pastillas para producir espermas,1,0,0.0,0.0,0.0,0.0,0,,Leads-Search-1,Men's Health,naturopath for men,broad,None,1
penile implant surgery,1,0,0.0,0.0,0.0,0.0,0,,Leads-Search-1,Men's Health,men's specialist doctor near me,broad,None,1
penile injection for erectile dysfunction,1,0,0.0,0.0,0.0,0.0,0,,Leads-Search-1,Men's Health,men's specialist doctor near me,broad,None,1
penile lengthening,1,0,0.0,0.0,0.0,0.0,0,,Leads-Search-1,Men's Health,men's specialist doctor near me,broad,None,1
petermd,2,0,0.0,0.0,0.0,0.0,0,,Leads-Search-1,Men's Health,adrenal fatigue doctor near me | holistic doctor for men near me,broad,None,2
physical exam doctor,1,0,0.0,0.0,0.0,0.0,0,,Leads-Search-1,Men's Health,male primary care doctors near me,broad,None,1
physical exam male,2,0,0.0,0.0,0.0,0.0,0,,Leads-Search-1,Men's Health,men's health doctor near me | naturopath for men,broad,None,2
physical medical exam,1,0,0.0,0.0,0.0,0.0,0,,Leads-Search-1,Men's Health,naturopath for men,broad,None,1
pregnenolone,1,0,0.0,0.0,0.0,0.0,0,,Leads-Search-1,Men's Health,naturopath for low testosterone,broad,None,1
premature ejactulation,2,0,0.0,0.0,0.0,0.0,0,,Leads-Search-1,Men's Health,gents specialist doctor near me | men's specialist doctor near me,broad,None,2
premature ejaculation,2,0,0.0,0.0,0.0,0.0,0,,Leads-Search-1,Men's Health,gents specialist doctor near me | men's specialist doctor near me,broad,None,2
primary care doctors for men,1,0,0.0,0.0,0.0,0.0,0,,Leads-Search-1,Men's Health,male primary care doctors near me,exact (close variant),None,1
promoting health and wellness,1,0,0.0,0.0,0.0,0.0,0,,Leads-Search-1,Men's Health,adrenal fatigue doctor near me,broad,None,1
prostaflow,1,0,0.0,0.0,0.0,0.0,0,,Leads-Search-1,Men's Health,men's health naturopath,broad,None,1
prostate exam,1,0,0.0,0.0,0.0,0.0,0,,Leads-Search-1,Men's Health,men's specialist doctor near me,broad,None,1
prostate infection,1,0,0.0,0.0,0.0,0.0,0,,Leads-Search-1,Men's Health,men's health naturopath,broad,None,1
prostate tomato recipe,1,0,0.0,0.0,0.0,0.0,0,,Leads-Search-1,Men's Health,men's health naturopath,broad,None,1
pulling sensation in scrotum,1,0,0.0,0.0,0.0,0.0,0,,Leads-Search-1,Men's Health,men's specialist doctor near me,broad,None,1
qué es bueno para la disfunción eréctil,1,0,0.0,0.0,0.0,0.0,0,,Leads-Search-1,Men's Health,male medical clinic near me,broad,None,1
qué es bueno para la testosterona,1,0,0.0,0.0,0.0,0.0,0,,Leads-Search-1,Men's Health,holistic doctor for men near me,broad,None,1
renewed vitality,2,0,0.0,0.0,0.0,0.0,0,,Leads-Search-1,Men's Health | Women's Health & Hormones,functional medicine for hormones | naturopath for low testosterone,broad | phrase (close variant),None,2
saw palmetto,1,0,0.0,0.0,0.0,0.0,0,,Leads-Search-1,Men's Health,naturopath for prostate,broad,None,1
sex hormone binding globulin low male,1,0,0.0,0.0,0.0,0.0,0,,Leads-Search-1,Men's Health,men's specialist doctor near me,broad,None,1
sexual health resources,1,0,0.0,0.0,0.0,0.0,0,,Leads-Search-1,Men's Health,gents specialist doctor near me,broad,None,1
simple trick to cure ed naturally,1,0,0.0,0.0,0.0,0.0,0,,Leads-Search-1,Men's Health,men's health naturopath,broad,None,1
sperm doctor near me,1,0,0.0,0.0,0.0,0.0,0,,Leads-Search-1,Men's Health,male medical clinic near me,broad,None,1
stay hard,1,0,0.0,0.0,0.0,0.0,0,,Leads-Search-1,Men's Health,men's health doctor near me,broad,None,1
stinging nettle benefits for men,1,0,0.0,0.0,0.0,0.0,0,,Leads-Search-1,Men's Health,naturopath for men,broad,None,1
subq testosterone injections,1,0,0.0,0.0,0.0,0.0,0,,Leads-Search-1,Men's Health,male medical clinic near me,broad,None,1
succubus for ed,1,0,0.0,0.0,0.0,0.0,0,,Leads-Search-1,Men's Health,naturopath for erectile dysfunction,broad,None,1
testicular ultrasound dr sam,1,0,0.0,0.0,0.0,0.0,0,,Leads-Search-1,Men's Health,men health clinic near me,broad,None,1
testorx testosterone booster reviews,1,0,0.0,0.0,0.0,0.0,0,,Leads-Search-1,Men's Health,naturopath for men,broad,None,1
testosterone booster for diabetics,1,0,0.0,0.0,0.0,0.0,0,,Leads-Search-1,Men's Health,naturopath for low testosterone,broad,None,1
testosterone booster frequency,1,0,0.0,0.0,0.0,0.0,0,,Leads-Search-1,Men's Health,men's health naturopath,broad,None,1
testosterone check,1,0,0.0,0.0,0.0,0.0,0,,Leads-Search-1,Men's Health,male medical clinic near me,broad,None,1
testosterone clinic minneapolis,1,0,0.0,0.0,0.0,0.0,0,,Leads-Search-1,Men's Health,holistic doctor for men near me,broad,None,1
testosterone clinics near me,1,0,0.0,0.0,0.0,0.0,0,,Leads-Search-1,Men's Health,men's specialist doctor near me,phrase (close variant),None,1
testosterone doctor,1,0,0.0,0.0,0.0,0.0,0,,Leads-Search-1,Men's Health,naturopath for men,broad,None,1
testosterone for men near me,1,0,0.0,0.0,0.0,0.0,0,,Leads-Search-1,Men's Health,naturopath for low testosterone,broad,None,1
testosterone for men test,1,0,0.0,0.0,0.0,0.0,0,,Leads-Search-1,Men's Health,naturopath for low testosterone,broad,None,1
testosterone how much,1,0,0.0,0.0,0.0,0.0,0,,Leads-Search-1,Men's Health,male medical clinic near me,broad,None,1
testosterone injections,1,0,0.0,0.0,0.0,0.0,0,,Leads-Search-1,Men's Health,holistic doctor for men near me,broad,None,1
testosterone pellets injection,1,0,0.0,0.0,0.0,0.0,0,,Leads-Search-1,Men's Health,male medical clinic near me,broad,None,1
testosterone replacement therapy,4,0,0.0,0.0,0.0,0.0,0,,Leads-Search-1,Men's Health,men's doctor near me | men's health naturopath | naturopath for erectile dysfunction | naturopath for men,broad,None,4
testosterone replacement therapy for men,1,0,0.0,0.0,0.0,0.0,0,,Leads-Search-1,Men's Health,naturopath for men,broad,None,1
testosterone test near me,2,0,0.0,0.0,0.0,0.0,0,,Leads-Search-1,Men's Health,holistic doctor for men near me | men's health naturopath,broad,None,2
testosterone testing,1,0,0.0,0.0,0.0,0.0,0,,Leads-Search-1,Men's Health,men's doctor near me,broad,None,1
testosterone therapy near me,1,0,0.0,0.0,0.0,0.0,0,,Leads-Search-1,Men's Health,men's specialist doctor near me,phrase (close variant),None,1
testosterone topical vs injection,1,0,0.0,0.0,0.0,0.0,0,,Leads-Search-1,Men's Health,men's health naturopath,broad,None,1
total me,1,0,0.0,0.0,0.0,0.0,0,,Leads-Search-1,Men's Health,adrenal fatigue doctor near me,broad,None,1
trimix injection price,1,0,0.0,0.0,0.0,0.0,0,,Leads-Search-1,Men's Health,male medical clinic near me,broad,None,1
trt,3,0,0.0,0.0,0.0,0.0,0,,Leads-Search-1,Men's Health,holistic doctor for men near me | male health doctors near me | naturopath for men,broad,None,3
trt and hormone optimization,1,0,0.0,0.0,0.0,0.0,0,,Leads-Search-1,Men's Health,naturopath for men,broad,None,1
trt and sleep apnea,1,0,0.0,0.0,0.0,0.0,0,,Leads-Search-1,Men's Health,men's health naturopath,broad,None,1
trt before and after,1,0,0.0,0.0,0.0,0.0,0,,Leads-Search-1,Men's Health,naturopath for low testosterone,broad,None,1
trt clinic near me,1,0,0.0,0.0,0.0,0.0,0,,Leads-Search-1,Men's Health,naturopath for men,broad,None,1
trt clinics,2,0,0.0,0.0,0.0,0.0,0,,Leads-Search-1,Men's Health,male doctor near me | men's doctor near me,broad,None,2
trt minneapolis,1,0,0.0,0.0,0.0,0.0,0,,Leads-Search-1,Men's Health,men's clinic near me,broad,None,1
trt minnesota,1,0,0.0,0.0,0.0,0.0,0,,Leads-Search-1,Men's Health,male health doctors near me,broad,None,1
trt near me,2,0,0.0,0.0,0.0,0.0,0,,Leads-Search-1,Men's Health,men's hormone doctor near me | naturopath for men,broad | phrase (close variant),None,2
trt review,1,0,0.0,0.0,0.0,0.0,0,,Leads-Search-1,Men's Health,naturopath for men,broad,None,1
trt therapy,2,0,0.0,0.0,0.0,0.0,0,,Leads-Search-1,Men's Health,men's doctor near me | naturopath for men,broad,None,2
trt therapy at home,1,0,0.0,0.0,0.0,0.0,0,,Leads-Search-1,Men's Health,naturopath for men,broad,None,1
trt therapy near me,1,0,0.0,0.0,0.0,0.0,0,,Leads-Search-1,Men's Health,adrenal fatigue doctor near me,broad,None,1
trt treatments near me,1,0,0.0,0.0,0.0,0.0,0,,Leads-Search-1,Men's Health,men's health doctor near me,phrase (close variant),None,1
ultrasound prostate exam,1,0,0.0,0.0,0.0,0.0,0,,Leads-Search-1,Men's Health,men's health doctor near me,broad,None,1
urologist trt,1,0,0.0,0.0,0.0,0.0,0,,Leads-Search-1,Men's Health,naturopath for men,broad,None,1
urology,1,0,0.0,0.0,0.0,0.0,0,,Leads-Search-1,Men's Health,men's specialist doctor near me,broad,None,1
vicks vaporub for ed,1,0,0.0,0.0,0.0,0.0,0,,Leads-Search-1,Men's Health,naturopath for erectile dysfunction,broad,None,1
vicks vaporub uses for erectile dysfunction,1,0,0.0,0.0,0.0,0.0,0,,Leads-Search-1,Men's Health,naturopath for erectile dysfunction,broad,None,1
watermelon for ed,1,0,0.0,0.0,0.0,0.0,0,,Leads-Search-1,Men's Health,naturopath for men,broad,None,1
what is a dutch test and how much does it cost,2,0,0.0,0.0,0.0,0.0,0,,Leads-Search-1,Men's Health | Women's Health & Hormones,naturopath for low testosterone | women's hormone specialist near me,broad,None,2
what's the best treatment for ed,1,0,0.0,0.0,0.0,0.0,0,,Leads-Search-1,Men's Health,male medical clinic near me,broad,None,1
when to start trt,1,0,0.0,0.0,0.0,0.0,0,,Leads-Search-1,Men's Health,naturopath for low testosterone,broad,None,1
where can i get tested for testosterone,1,0,0.0,0.0,0.0,0.0,0,,Leads-Search-1,Men's Health,male doctor near me,broad,None,1
where can you get testosterone,1,0,0.0,0.0,0.0,0.0,0,,Leads-Search-1,Men's Health,naturopath for men,broad,None,1
where to test my testosterone levels,1,0,0.0,0.0,0.0,0.0,0,,Leads-Search-1,Men's Health,naturopath for men,broad,None,1
why am i always tired and have no energy male,1,0,0.0,0.0,0.0,0.0,0,,Leads-Search-1,Men's Health,naturopath for men,broad,None,1
why i am always tired,1,0,0.0,0.0,0.0,0.0,0,,Leads-Search-1,Men's Health,adrenal fatigue doctor near me,broad,None,1
why you re always tired,1,0,0.0,0.0,0.0,0.0,0,,Leads-Search-1,Men's Health,adrenal fatigue doctor near me,broad,None,1
acupuncture for tmj,1,0,0.0,0.0,0.0,0.0,0,,Leads-Search-1,Naturopath Near Me — Core,naturopathic practitioner near me,broad,None,1
acupuncture specialist,1,0,0.0,0.0,0.0,0.0,0,,Leads-Search-1,Naturopath Near Me — Core,naturopaths in my area,broad,None,1
acupuncturists near me,1,0,0.0,0.0,0.0,0.0,0,,Leads-Search-1,Naturopath Near Me — Core,alternative medicine doctors near me,phrase (close variant),None,1
acupuntura cerca de mi,1,0,0.0,0.0,0.0,0.0,0,,Leads-Search-1,Naturopath Near Me — Core,naturopaths in my area,broad,None,1
alternative medicine practitioner,1,0,0.0,0.0,0.0,0.0,0,,Leads-Search-1,Naturopath Near Me — Core,alternative medicine doctors near me,exact (close variant),None,1
alternative treatments for bipolar,1,0,0.0,0.0,0.0,0.0,0,,Leads-Search-1,Naturopath Near Me — Core,alternative medicine near me,broad,None,1
amanda vollmer,1,0,0.0,0.0,0.0,0.0,0,,Leads-Search-1,Naturopath Near Me — Core,naturopaths in my area,broad,None,1
amandha vollmer,2,0,0.0,0.0,0.0,0.0,0,,Leads-Search-1,Naturopath Near Me — Core,natural doctor near me | naturopathic practitioner near me,broad,None,2
andrew litchy,2,0,0.0,0.0,0.0,0.0,0,,Leads-Search-1,Naturopath Near Me — Core | Women's Health & Hormones,Hashimoto's naturopath | naturalist dr near me,broad,None,2
angela barbara,1,0,0.0,0.0,0.0,0.0,0,,Leads-Search-1,Naturopath Near Me — Core,naturopathic practitioner near me,broad,None,1
anthony williams,1,0,0.0,0.0,0.0,0.0,0,,Leads-Search-1,Naturopath Near Me — Core,naturopathic dr near me,broad,None,1
anthony williams thyroid health,1,0,0.0,0.0,0.0,0.0,0,,Leads-Search-1,Naturopath Near Me — Core,naturopathic dr near me,broad,None,1
arne wellness,1,0,0.0,0.0,0.0,0.0,0,,Leads-Search-1,Naturopath Near Me — Core,natural doctor near me,broad,None,1
ashley brown md,1,0,0.0,0.0,0.0,0.0,0,,Leads-Search-1,Naturopath Near Me — Core,naturalist dr near me,broad,None,1
axis medical center minneapolis mn,1,0,0.0,0.0,0.0,0.0,0,,Leads-Search-1,Naturopath Near Me — Core,alternative medicine near me,broad,None,1
ayurvedic clinic cerca de mi,1,0,0.0,0.0,0.0,0.0,0,,Leads-Search-1,Naturopath Near Me — Core,natural doctor near me,phrase (close variant),None,1
balance nutritionist,1,0,0.0,0.0,0.0,0.0,0,,Leads-Search-1,Naturopath Near Me — Core,naturopaths in my area,broad,None,1
best doctor,1,0,0.0,0.0,0.0,0.0,0,,Leads-Search-1,Naturopath Near Me — Core,alternative medicine near me,broad,None,1
best general physician near me,1,0,0.0,0.0,0.0,0.0,0,,Leads-Search-1,Naturopath Near Me — Core,natural doctor near me,broad,None,1
best herbs for gut inflammation,1,0,0.0,0.0,0.0,0.0,0,,Leads-Search-1,Naturopath Near Me — Core,naturopaths in my area,broad,None,1
best naturopath near me,1,0,0.0,0.0,0.0,0.0,0,,Leads-Search-1,Naturopath Near Me — Core,best naturopath near me,exact,Added,1
best physician near me,1,0,0.0,0.0,0.0,0.0,0,,Leads-Search-1,Naturopath Near Me — Core,alternative medicine near me,broad,None,1
best supplement for regular bowel movement,1,0,0.0,0.0,0.0,0.0,0,,Leads-Search-1,Naturopath Near Me — Core,alternative medicine near me,broad,None,1
best telehealth providers,1,0,0.0,0.0,0.0,0.0,0,,Leads-Search-1,Naturopath Near Me — Core,alternative medicine doctors near me,broad,None,1
bio energy healing techniques,1,0,0.0,0.0,0.0,0.0,0,,Leads-Search-1,Naturopath Near Me — Core,naturopathic practitioner near me,broad,None,1
bio residence therapy,1,0,0.0,0.0,0.0,0.0,0,,Leads-Search-1,Naturopath Near Me — Core,naturopathic practitioner near me,broad,None,1
bioresonance near me,1,0,0.0,0.0,0.0,0.0,0,,Leads-Search-1,Naturopath Near Me — Core,alternative medicine doctors near me,phrase (close variant),None,1
black herbalist near me,1,0,0.0,0.0,0.0,0.0,0,,Leads-Search-1,Naturopath Near Me — Core,natural doctor near me,broad,None,1
black nd,1,0,0.0,0.0,0.0,0.0,0,,Leads-Search-1,Naturopath Near Me — Core,holistic dr near me,broad,None,1
body work healing near me,1,0,0.0,0.0,0.0,0.0,0,,Leads-Search-1,Naturopath Near Me — Core,natural healing doctors near me,broad,None,1
brooke goldner md,1,0,0.0,0.0,0.0,0.0,0,,Leads-Search-1,Naturopath Near Me — Core,alternative medicine near me,broad,None,1
byron herbalist,1,0,0.0,0.0,0.0,0.0,0,,Leads-Search-1,Naturopath Near Me — Core,alternative medicine doctors near me,broad,None,1
christy nault,1,0,0.0,0.0,0.0,0.0,0,,Leads-Search-1,Naturopath Near Me — Core,holistic dr near me,broad,None,1
clinic hopkins,1,0,0.0,0.0,0.0,0.0,0,,Leads-Search-1,Naturopath Near Me — Core,naturopaths in my area,broad,None,1
clinic in st paul,1,0,0.0,0.0,0.0,0.0,0,,Leads-Search-1,Naturopath Near Me — Core,alternative medicine near me,broad,None,1
clinic specialties,1,0,0.0,0.0,0.0,0.0,0,,Leads-Search-1,Naturopath Near Me — Core,alternative medicine near me,broad,None,1
clinics eagan mn,1,0,0.0,0.0,0.0,0.0,0,,Leads-Search-1,Naturopath Near Me — Core,alternative medicine near me,broad,None,1
cnme naturopathic,1,0,0.0,0.0,0.0,0.0,0,,Leads-Search-1,Naturopath Near Me — Core,naturopathic practitioner near me,broad,None,1
coffee enemas near me,1,0,0.0,0.0,0.0,0.0,0,,Leads-Search-1,Naturopath Near Me — Core,naturopaths in my area,broad,None,1
colon therapy,1,0,0.0,0.0,0.0,0.0,0,,Leads-Search-1,Naturopath Near Me — Core,naturopathic practitioner near me,broad,None,1
colonic hydrotherapy near me,1,0,0.0,0.0,0.0,0.0,0,,Leads-Search-1,Naturopath Near Me — Core,holistic dr near me,broad,None,1
criss holistic,1,0,0.0,0.0,0.0,0.0,0,,Leads-Search-1,Naturopath Near Me — Core,alternative medicine doctors near me,broad,None,1
crohn's disease functional medicine,1,0,0.0,0.0,0.0,0.0,0,,Leads-Search-1,Naturopath Near Me — Core,naturopathic practitioner near me,broad,None,1
cupping near me near me,1,0,0.0,0.0,0.0,0.0,0,,Leads-Search-1,Naturopath Near Me — Core,alternative medicine near me,phrase (close variant),None,1
david brownstein,1,0,0.0,0.0,0.0,0.0,0,,Leads-Search-1,Naturopath Near Me — Core,alternative medicine doctors near me,broad,None,1
david caccamo md,1,0,0.0,0.0,0.0,0.0,0,,Leads-Search-1,Naturopath Near Me — Core,naturalist dr near me,broad,None,1
denita brown wellness,1,0,0.0,0.0,0.0,0.0,0,,Leads-Search-1,Naturopath Near Me — Core,naturopathic practitioner near me,broad,None,1
detoxing the liver,1,0,0.0,0.0,0.0,0.0,0,,Leads-Search-1,Naturopath Near Me — Core,alternative medicine near me,broad,None,1
dietician,1,0,0.0,0.0,0.0,0.0,0,,Leads-Search-1,Naturopath Near Me — Core,naturopathic practitioner near me,broad,None,1
direct primary care doctors near me,1,0,0.0,0.0,0.0,0.0,0,,Leads-Search-1,Naturopath Near Me — Core,alternative medicine near me,broad,None,1
doctor janine,1,0,0.0,0.0,0.0,0.0,0,,Leads-Search-1,Naturopath Near Me — Core,holistic dr near me,broad,None,1
doctor naturista,1,0,0.0,0.0,0.0,0.0,0,,Leads-Search-1,Naturopath Near Me — Core,naturopathic practitioner near me,broad,None,1
doctor of natural medicine,1,0,0.0,0.0,0.0,0.0,0,,Leads-Search-1,Naturopath Near Me — Core,naturopathic doctor near me,exact (close variant),None,1
doctor offices near me,1,0,0.0,0.0,0.0,0.0,0,,Leads-Search-1,Naturopath Near Me — Core,naturopaths in my area,broad,None,1
doctor place near me,1,0,0.0,0.0,0.0,0.0,0,,Leads-Search-1,Naturopath Near Me — Core,alternative medicine near me,broad,None,1
does dr tyna moore see patients,1,0,0.0,0.0,0.0,0.0,0,,Leads-Search-1,Naturopath Near Me — Core,naturopaths in my area,broad,None,1
dokter,1,0,0.0,0.0,0.0,0.0,0,,Leads-Search-1,Naturopath Near Me — Core,holistic dr near me,broad,None,1
donna eden,3,0,0.0,0.0,0.0,0.0,0,,Leads-Search-1,Naturopath Near Me — Core,alternative medicine doctors near me | holistic dr near me | naturopathic practitioner near me,broad,None,3
donna eden daily energy challenge day 1,1,0,0.0,0.0,0.0,0.0,0,,Leads-Search-1,Naturopath Near Me — Core,naturopaths in my area,broad,None,1
dr b,1,0,0.0,0.0,0.0,0.0,0,,Leads-Search-1,Naturopath Near Me — Core,alternative medicine doctors near me,broad,None,1
dr barbara,1,0,0.0,0.0,0.0,0.0,0,,Leads-Search-1,Naturopath Near Me — Core,naturalist dr near me,broad,None,1
dr barbara o neill neuropathy,1,0,0.0,0.0,0.0,0.0,0,,Leads-Search-1,Naturopath Near Me — Core,naturopaths in my area,broad,None,1
dr berg gut inflammation,1,0,0.0,0.0,0.0,0.0,0,,Leads-Search-1,Naturopath Near Me — Core,naturopathic practitioner near me,broad,None,1
dr berg leaky gut,1,0,0.0,0.0,0.0,0.0,0,,Leads-Search-1,Naturopath Near Me — Core,holistic dr near me,broad,None,1
dr berg vertigo,1,0,0.0,0.0,0.0,0.0,0,,Leads-Search-1,Naturopath Near Me — Core,alternative medicine near me,broad,None,1
dr beverly yates,1,0,0.0,0.0,0.0,0.0,0,,Leads-Search-1,Naturopath Near Me — Core,holistic dr near me,broad,None,1
dr darin ingels,1,0,0.0,0.0,0.0,0.0,0,,Leads-Search-1,Naturopath Near Me — Core,naturopathic practitioner near me,broad,None,1
dr eric balcavage,1,0,0.0,0.0,0.0,0.0,0,,Leads-Search-1,Naturopath Near Me — Core,holistic dr near me,broad,None,1
dr eric berg lymphatic drainage,1,0,0.0,0.0,0.0,0.0,0,,Leads-Search-1,Naturopath Near Me — Core,holistic dr near me,broad,None,1
dr georgia ede,1,0,0.0,0.0,0.0,0.0,0,,Leads-Search-1,Naturopath Near Me — Core,naturalist dr near me,broad,None,1
dr gina sam md 7 second morning ritual,1,0,0.0,0.0,0.0,0.0,0,,Leads-Search-1,Naturopath Near Me — Core,naturopathic practitioner near me,broad,None,1
dr greg mongeon,3,0,0.0,0.0,0.0,0.0,0,,Leads-Search-1,Naturopath Near Me — Core,alternative medicine near me | holistic dr near me | naturopathic practitioner near me,broad,None,3
dr gregory plotnikoff,1,0,0.0,0.0,0.0,0.0,0,,Leads-Search-1,Naturopath Near Me — Core,alternative medicine near me,broad,None,1
dr gundry,1,0,0.0,0.0,0.0,0.0,0,,Leads-Search-1,Naturopath Near Me — Core,naturopathic practitioner near me,broad,None,1
dr healthcare,1,0,0.0,0.0,0.0,0.0,0,,Leads-Search-1,Naturopath Near Me — Core,naturalist dr near me,broad,None,1
dr heidi peters,1,0,0.0,0.0,0.0,0.0,0,,Leads-Search-1,Naturopath Near Me — Core,naturopaths in my area,broad,None,1
dr hornaman,1,0,0.0,0.0,0.0,0.0,0,,Leads-Search-1,Naturopath Near Me — Core,naturopathic practitioner near me,broad,None,1
dr jennifer daniels turpentine,1,0,0.0,0.0,0.0,0.0,0,,Leads-Search-1,Naturopath Near Me — Core,naturopathic practitioner near me,broad,None,1
dr jessica grajczyk,1,0,0.0,0.0,0.0,0.0,0,,Leads-Search-1,Naturopath Near Me — Core,naturopathic practitioner near me,broad,None,1
dr kassie sorokach,1,0,0.0,0.0,0.0,0.0,0,,Leads-Search-1,Naturopath Near Me — Core,naturopathic practitioner near me,broad,None,1
dr kate lyzenga dean,1,0,0.0,0.0,0.0,0.0,0,,Leads-Search-1,Naturopath Near Me — Core,naturopaths in my area,broad,None,1
dr kevin wand,1,0,0.0,0.0,0.0,0.0,0,,Leads-Search-1,Naturopath Near Me — Core,best naturopath near me,broad,None,1
dr livewell,1,0,0.0,0.0,0.0,0.0,0,,Leads-Search-1,Naturopath Near Me — Core,naturopaths in my area,broad,None,1
dr marianne teitelbaum,2,0,0.0,0.0,0.0,0.0,0,,Leads-Search-1,Naturopath Near Me — Core,natural doctor near me | naturopaths in my area,broad,None,2
dr mark hyman,1,0,0.0,0.0,0.0,0.0,0,,Leads-Search-1,Naturopath Near Me — Core,naturopaths in my area,broad,None,1
dr marley quinn,1,0,0.0,0.0,0.0,0.0,0,,Leads-Search-1,Naturopath Near Me — Core,alternative medicine near me,broad,None,1
dr mike ayurveda,1,0,0.0,0.0,0.0,0.0,0,,Leads-Search-1,Naturopath Near Me — Core,naturalist dr near me,broad,None,1
dr natasha campbell,1,0,0.0,0.0,0.0,0.0,0,,Leads-Search-1,Naturopath Near Me — Core,naturopathic practitioner near me,broad,None,1
dr near me,1,0,0.0,0.0,0.0,0.0,0,,Leads-Search-1,Naturopath Near Me — Core,naturalist dr near me,broad,None,1
dr osborne's zone,1,0,0.0,0.0,0.0,0.0,0,,Leads-Search-1,Naturopath Near Me — Core,naturopathic practitioner near me,broad,None,1
dr patrick flynn the wellness way,1,0,0.0,0.0,0.0,0.0,0,,Leads-Search-1,Naturopath Near Me — Core,naturalist dr near me,broad,None,1
dr paul anderson,1,0,0.0,0.0,0.0,0.0,0,,Leads-Search-1,Naturopath Near Me — Core,alternative medicine near me,broad,None,1
dr rajsree nambudripad md,1,0,0.0,0.0,0.0,0.0,0,,Leads-Search-1,Naturopath Near Me — Core,naturopathic practitioner near me,broad,None,1
dr sally engebretson,1,0,0.0,0.0,0.0,0.0,0,,Leads-Search-1,Naturopath Near Me — Core,naturalist dr near me,broad,None,1
dr staci lifewave,1,0,0.0,0.0,0.0,0.0,0,,Leads-Search-1,Naturopath Near Me — Core,holistic dr near me,broad,None,1
dr stephanie,1,0,0.0,0.0,0.0,0.0,0,,Leads-Search-1,Naturopath Near Me — Core,naturopathic practitioner near me,broad,None,1
dr stirrett,1,0,0.0,0.0,0.0,0.0,0,,Leads-Search-1,Naturopath Near Me — Core,naturalist dr near me,broad,None,1
dr sue morter healing,1,0,0.0,0.0,0.0,0.0,0,,Leads-Search-1,Naturopath Near Me — Core,natural doctor near me,broad,None,1
dr suzanne espenson,1,0,0.0,0.0,0.0,0.0,0,,Leads-Search-1,Naturopath Near Me — Core,alternative medicine near me,broad,None,1
dr tina peers,1,0,0.0,0.0,0.0,0.0,0,,Leads-Search-1,Naturopath Near Me — Core,alternative medicine doctors near me,broad,None,1
dr tom cowan,1,0,0.0,0.0,0.0,0.0,0,,Leads-Search-1,Naturopath Near Me — Core,holistic dr near me,broad,None,1
driip iv,1,0,0.0,0.0,0.0,0.0,0,,Leads-Search-1,Naturopath Near Me — Core,naturopaths in my area,broad,None,1
dutch testing near me,2,0,0.0,0.0,0.0,0.0,0,,Leads-Search-1,Naturopath Near Me — Core | Women's Health & Hormones,functional medicine for hormones | naturalist dr near me,broad,None,2
eastern medicine,2,0,0.0,0.0,0.0,0.0,0,,Leads-Search-1,Naturopath Near Me — Core,natural healing doctors near me | naturopaths in my area,broad,None,2
edina family clinic,1,0,0.0,0.0,0.0,0.0,0,,Leads-Search-1,Naturopath Near Me — Core,naturalist dr near me,broad,None,1
eileen mckusick biofield tuning,1,0,0.0,0.0,0.0,0.0,0,,Leads-Search-1,Naturopath Near Me — Core,alternative medicine near me,broad,None,1
encompass wellness,1,0,0.0,0.0,0.0,0.0,0,,Leads-Search-1,Naturopath Near Me — Core,naturalist dr near me,broad,None,1
energy healers near me,2,0,0.0,0.0,0.0,0.0,0,,Leads-Search-1,Naturopath Near Me — Core,alternative medicine near me | naturopathic practitioner near me,broad | phrase (close variant),None,2
energy work healing near me,1,0,0.0,0.0,0.0,0.0,0,,Leads-Search-1,Naturopath Near Me — Core,alternative medicine near me,phrase (close variant),None,1
eosinophilic esophagitis naturopath,1,0,0.0,0.0,0.0,0.0,0,,Leads-Search-1,Naturopath Near Me — Core,naturopaths in my area,broad,None,1
exercise for sciatica pain,1,0,0.0,0.0,0.0,0.0,0,,Leads-Search-1,Naturopath Near Me — Core,alternative medicine near me,broad,None,1
ezra wellness twi,1,0,0.0,0.0,0.0,0.0,0,,Leads-Search-1,Naturopath Near Me — Core,natural healing doctors near me,broad,None,1
female hormone testing near me,1,0,0.0,0.0,0.0,0.0,0,,Leads-Search-1,Naturopath Near Me — Core,natural doctor near me,broad,None,1
flourish savage,1,0,0.0,0.0,0.0,0.0,0,,Leads-Search-1,Naturopath Near Me — Core,alternative medicine near me,broad,None,1
food intolerance doctor near me,1,0,0.0,0.0,0.0,0.0,0,,Leads-Search-1,Naturopath Near Me — Core,naturopathic practitioner near me,broad,None,1
functional integrative medicine doctor near me,1,0,0.0,0.0,0.0,0.0,0,,Leads-Search-1,Naturopath Near Me — Core,alternative medicine doctors near me,phrase (close variant),None,1
functional medicine diabetes,1,0,0.0,0.0,0.0,0.0,0,,Leads-Search-1,Naturopath Near Me — Core,naturalist dr near me,broad,None,1
functional medicine for hashimoto's,1,0,0.0,0.0,0.0,0.0,0,,Leads-Search-1,Naturopath Near Me — Core,natural doctor near me,broad,None,1
gail faith edwards,1,0,0.0,0.0,0.0,0.0,0,,Leads-Search-1,Naturopath Near Me — Core,holistic dr near me,broad,None,1
gateway healing,1,0,0.0,0.0,0.0,0.0,0,,Leads-Search-1,Naturopath Near Me — Core,alternative medicine near me,broad,None,1
gerson clinic,1,0,0.0,0.0,0.0,0.0,0,,Leads-Search-1,Naturopath Near Me — Core,holistic dr near me,broad,None,1
goldner brooke,1,0,0.0,0.0,0.0,0.0,0,,Leads-Search-1,Naturopath Near Me — Core,alternative medicine near me,broad,None,1
greg plotnikoff,1,0,0.0,0.0,0.0,0.0,0,,Leads-Search-1,Naturopath Near Me — Core,naturopaths in my area,broad,None,1
gut doctor,1,0,0.0,0.0,0.0,0.0,0,,Leads-Search-1,Naturopath Near Me — Core,naturopaths in my area,broad,None,1
gut health doctor,1,0,0.0,0.0,0.0,0.0,0,,Leads-Search-1,Naturopath Near Me — Core,naturalist dr near me,broad,None,1
gut health doctors,1,0,0.0,0.0,0.0,0.0,0,,Leads-Search-1,Naturopath Near Me — Core,natural healing doctors near me,broad,None,1
hannah in health,1,0,0.0,0.0,0.0,0.0,0,,Leads-Search-1,Naturopath Near Me — Core,naturalist dr near me,broad,None,1
harmony wellness,1,0,0.0,0.0,0.0,0.0,0,,Leads-Search-1,Naturopath Near Me — Core,naturalist dr near me,broad,None,1
hcmc clinic near me,1,0,0.0,0.0,0.0,0.0,0,,Leads-Search-1,Naturopath Near Me — Core,alternative medicine near me,broad,None,1
heal bursitis naturally,1,0,0.0,0.0,0.0,0.0,0,,Leads-Search-1,Naturopath Near Me — Core,naturopathic practitioner near me,broad,None,1
heal thyself,1,0,0.0,0.0,0.0,0.0,0,,Leads-Search-1,Naturopath Near Me — Core,naturopathic practitioner near me,broad,None,1
healing adrenals naturally,1,0,0.0,0.0,0.0,0.0,0,,Leads-Search-1,Naturopath Near Me — Core,naturopathic practitioner near me,broad,None,1
health mn,1,0,0.0,0.0,0.0,0.0,0,,Leads-Search-1,Naturopath Near Me — Core,best naturopath near me,broad,None,1
health practitioner,1,0,0.0,0.0,0.0,0.0,0,,Leads-Search-1,Naturopath Near Me — Core,naturalist dr near me,broad,None,1
health system near me,1,0,0.0,0.0,0.0,0.0,0,,Leads-Search-1,Naturopath Near Me — Core,naturopathic practitioner near me,broad,None,1
healthy immune doctor,1,0,0.0,0.0,0.0,0.0,0,,Leads-Search-1,Naturopath Near Me — Core,naturopathic practitioner near me,broad,None,1
healwithtiara,1,0,0.0,0.0,0.0,0.0,0,,Leads-Search-1,Naturopath Near Me — Core,naturopathic practitioner near me,broad,None,1
heilkunst treatment,1,0,0.0,0.0,0.0,0.0,0,,Leads-Search-1,Naturopath Near Me — Core,naturalist dr near me,broad,None,1
helen powell stoddart,1,0,0.0,0.0,0.0,0.0,0,,Leads-Search-1,Naturopath Near Me — Core,naturalist dr near me,broad,None,1
herbal healer online,1,0,0.0,0.0,0.0,0.0,0,,Leads-Search-1,Naturopath Near Me — Core,alternative medicine near me,broad,None,1
herbal medicine acupuncture,1,0,0.0,0.0,0.0,0.0,0,,Leads-Search-1,Naturopath Near Me — Core,naturopaths in my area,broad,None,1
herbalism near me,1,0,0.0,0.0,0.0,0.0,0,,Leads-Search-1,Naturopath Near Me — Core,natural healing doctors near me,broad,None,1
high blood pressure natural healing,1,0,0.0,0.0,0.0,0.0,0,,Leads-Search-1,Naturopath Near Me — Core,naturopathic practitioner near me,broad,None,1
hijama near me,1,0,0.0,0.0,0.0,0.0,0,,Leads-Search-1,Naturopath Near Me — Core,alternative medicine near me,phrase (close variant),Excluded,1
histamine intolerance dr berg,2,0,0.0,0.0,0.0,0.0,0,,Leads-Search-1,Naturopath Near Me — Core,naturopathic dr near me | naturopaths in my area,broad,None,2
holistic alternative to chemotherapy,1,0,0.0,0.0,0.0,0.0,0,,Leads-Search-1,Naturopath Near Me — Core,alternative medicine doctors near me,broad,None,1
holistic cerca de mi,1,0,0.0,0.0,0.0,0.0,0,,Leads-Search-1,Naturopath Near Me — Core,naturopaths in my area,broad,None,1
holistic doctor in my area,1,0,0.0,0.0,0.0,0.0,0,,Leads-Search-1,Naturopath Near Me — Core,alternative medicine doctors near me,exact (close variant),None,1
holistic doctor offices near me,1,0,0.0,0.0,0.0,0.0,0,,Leads-Search-1,Naturopath Near Me — Core,naturopathic doctor near me,exact (close variant),None,1
holistic dr near me,1,0,0.0,0.0,0.0,0.0,0,,Leads-Search-1,Naturopath Near Me — Core,holistic dr near me,exact,Added,1
holistic family care clinic,1,0,0.0,0.0,0.0,0.0,0,,Leads-Search-1,Naturopath Near Me — Core,naturopaths in my area,broad,None,1
holistic food allergy testing,1,0,0.0,0.0,0.0,0.0,0,,Leads-Search-1,Naturopath Near Me — Core,naturopathic practitioner near me,broad,None,1
holistic health company,1,0,0.0,0.0,0.0,0.0,0,,Leads-Search-1,Naturopath Near Me — Core,naturopaths in my area,broad,None,1
holistic medicine doctor near me,2,0,0.0,0.0,0.0,0.0,0,,Leads-Search-1,Naturopath Near Me — Core,alternative medicine near me | naturopathic doctor near me,exact (close variant),None,2
holistic medicine physician,2,0,0.0,0.0,0.0,0.0,0,,Leads-Search-1,Naturopath Near Me — Core,holistic dr near me | natural doctor near me,broad | exact (close variant),None,2
holistic naturopathic doctor,1,0,0.0,0.0,0.0,0.0,0,,Leads-Search-1,Naturopath Near Me — Core,natural doctor near me,exact (close variant),None,1
holistic nephrologist,1,0,0.0,0.0,0.0,0.0,0,,Leads-Search-1,Naturopath Near Me — Core,naturopathic practitioner near me,broad,None,1
holistic nurse practitioner,1,0,0.0,0.0,0.0,0.0,0,,Leads-Search-1,Naturopath Near Me — Core,holistic dr near me,broad,None,1
holistic physical therapy near me,1,0,0.0,0.0,0.0,0.0,0,,Leads-Search-1,Naturopath Near Me — Core,alternative medicine near me,phrase (close variant),None,1
holistic physician,1,0,0.0,0.0,0.0,0.0,0,,Leads-Search-1,Naturopath Near Me — Core,holistic dr near me,exact (close variant),None,1
holistic therapies near me,1,0,0.0,0.0,0.0,0.0,0,,Leads-Search-1,Naturopath Near Me — Core,holistic dr near me,exact (close variant),None,1
holistic therapy near me,3,0,0.0,0.0,0.0,0.0,0,,Leads-Search-1,Naturopath Near Me — Core,alternative medicine near me | best naturopath near me | naturopathic practitioner near me,broad | phrase (close variant),None,3
holistic treatment for osteoporosis,1,0,0.0,0.0,0.0,0.0,0,,Leads-Search-1,Naturopath Near Me — Core,naturopathic practitioner near me,broad,None,1
holistic wellness check,1,0,0.0,0.0,0.0,0.0,0,,Leads-Search-1,Naturopath Near Me — Core,naturopathic practitioner near me,broad,None,1
home remedies,1,0,0.0,0.0,0.0,0.0,0,,Leads-Search-1,Naturopath Near Me — Core,natural doctor near me,broad,Excluded,1
homeopathic treatment for acid reflux,1,0,0.0,0.0,0.0,0.0,0,,Leads-Search-1,Naturopath Near Me — Core,naturopaths in my area,broad,None,1
hopkins health near me,1,0,0.0,0.0,0.0,0.0,0,,Leads-Search-1,Naturopath Near Me — Core,alternative medicine near me,broad,None,1
hospitals & clinics near me,2,0,0.0,0.0,0.0,0.0,0,,Leads-Search-1,Naturopath Near Me — Core | Women's Health & Hormones,hormone doctor near me | naturopaths in my area,broad,None,2
how do i treat sibo naturally,1,0,0.0,0.0,0.0,0.0,0,,Leads-Search-1,Naturopath Near Me — Core,naturopathic practitioner near me,broad,None,1
hyper wellness,1,0,0.0,0.0,0.0,0.0,0,,Leads-Search-1,Naturopath Near Me — Core,naturalist dr near me,broad,None,1
hypercharge health reviews,1,0,0.0,0.0,0.0,0.0,0,,Leads-Search-1,Naturopath Near Me — Core,alternative medicine near me,broad,None,1
ibs chiropractic,2,0,0.0,0.0,0.0,0.0,0,,Leads-Search-1,Naturopath Near Me — Core,naturopathic dr near me | naturopathic practitioner near me,broad,None,2
infertility nutritionist,1,0,0.0,0.0,0.0,0.0,0,,Leads-Search-1,Naturopath Near Me — Core,best naturopath near me,broad,None,1
infinite wellness within,1,0,0.0,0.0,0.0,0.0,0,,Leads-Search-1,Naturopath Near Me — Core,naturopathic practitioner near me,broad,None,1
jennifer sierzant,1,0,0.0,0.0,0.0,0.0,0,,Leads-Search-1,Naturopath Near Me — Core,naturopaths in my area,broad,None,1
jing river acupuncture,1,0,0.0,0.0,0.0,0.0,0,,Leads-Search-1,Naturopath Near Me — Core,natural doctor near me,broad,None,1
jon toftoy,1,0,0.0,0.0,0.0,0.0,0,,Leads-Search-1,Naturopath Near Me — Core,naturalist dr near me,broad,None,1
judy cho,1,0,0.0,0.0,0.0,0.0,0,,Leads-Search-1,Naturopath Near Me — Core,naturopathic practitioner near me,broad,None,1
julia mclean naturopath,1,0,0.0,0.0,0.0,0.0,0,,Leads-Search-1,Naturopath Near Me — Core,naturopaths in my area,broad,None,1
kale blossom,2,0,0.0,0.0,0.0,0.0,0,,Leads-Search-1,Naturopath Near Me — Core,alternative medicine near me | naturalist dr near me,broad,None,2
kampo medicine near me,1,0,0.0,0.0,0.0,0.0,0,,Leads-Search-1,Naturopath Near Me — Core,naturopathic practitioner near me,broad,None,1
ken berry md,1,0,0.0,0.0,0.0,0.0,0,,Leads-Search-1,Naturopath Near Me — Core,naturopathic practitioner near me,broad,None,1
ketan shah homeopathy,1,0,0.0,0.0,0.0,0.0,0,,Leads-Search-1,Naturopath Near Me — Core,naturopathic practitioner near me,broad,None,1
kevin trudeau health,1,0,0.0,0.0,0.0,0.0,0,,Leads-Search-1,Naturopath Near Me — Core,naturopathic dr near me,broad,None,1
kinesiology practitioner near me,1,0,0.0,0.0,0.0,0.0,0,,Leads-Search-1,Naturopath Near Me — Core,alternative medicine near me,phrase (close variant),None,1
licensed naturopathic doctor,1,0,0.0,0.0,0.0,0.0,0,,Leads-Search-1,Naturopath Near Me — Core,naturopathic practitioner near me,broad,None,1
lifetree clinic,1,0,0.0,0.0,0.0,0.0,0,,Leads-Search-1,Naturopath Near Me — Core,alternative medicine near me,broad,None,1
lisa terhaar,1,0,0.0,0.0,0.0,0.0,0,,Leads-Search-1,Naturopath Near Me — Core,naturopaths in my area,broad,None,1
lite medical plymouth,1,0,0.0,0.0,0.0,0.0,0,,Leads-Search-1,Naturopath Near Me — Core,naturalist dr near me,broad,None,1
local herbalist,2,0,0.0,0.0,0.0,0.0,0,,Leads-Search-1,Naturopath Near Me — Core,alternative medicine doctors near me | best naturopath near me,broad,None,2
longevity centers,1,0,0.0,0.0,0.0,0.0,0,,Leads-Search-1,Naturopath Near Me — Core,naturalist dr near me,broad,None,1
lower back pain,1,0,0.0,0.0,0.0,0.0,0,,Leads-Search-1,Naturopath Near Me — Core,alternative medicine near me,broad,None,1
magnolia wellness,1,0,0.0,0.0,0.0,0.0,0,,Leads-Search-1,Naturopath Near Me — Core,naturopathic practitioner near me,broad,None,1
making herbal medicine,1,0,0.0,0.0,0.0,0.0,0,,Leads-Search-1,Naturopath Near Me — Core,naturopathic practitioner near me,broad,None,1
martin clinic,1,0,0.0,0.0,0.0,0.0,0,,Leads-Search-1,Naturopath Near Me — Core,alternative medicine near me,broad,None,1
mazen atassi,1,0,0.0,0.0,0.0,0.0,0,,Leads-Search-1,Naturopath Near Me — Core,naturalist dr near me,broad,None,1
meaghan kirschling,1,0,0.0,0.0,0.0,0.0,0,,Leads-Search-1,Naturopath Near Me — Core,holistic dr near me,broad,None,1
medical clinics saint paul mn,1,0,0.0,0.0,0.0,0.0,0,,Leads-Search-1,Naturopath Near Me — Core,naturalist dr near me,broad,None,1
medical herbalism,1,0,0.0,0.0,0.0,0.0,0,,Leads-Search-1,Naturopath Near Me — Core,naturopathic practitioner near me,broad,None,1
medical leeches near me,1,0,0.0,0.0,0.0,0.0,0,,Leads-Search-1,Naturopath Near Me — Core,alternative medicine near me,phrase (close variant),None,1
medical near me,1,0,0.0,0.0,0.0,0.0,0,,Leads-Search-1,Naturopath Near Me — Core,naturopaths in my area,broad,None,1
meditation healing,1,0,0.0,0.0,0.0,0.0,0,,Leads-Search-1,Naturopath Near Me — Core,alternative medicine near me,broad,None,1
melissa crenshaw,1,0,0.0,0.0,0.0,0.0,0,,Leads-Search-1,Naturopath Near Me — Core,alternative medicine near me,broad,None,1
mens naturopath near me,2,0,0.0,0.0,0.0,0.0,0,,Leads-Search-1,Naturopath Near Me — Core,alternative medicine near me | naturopaths in my area,phrase (close variant),None,2
mercy clinic,1,0,0.0,0.0,0.0,0.0,0,,Leads-Search-1,Naturopath Near Me — Core,alternative medicine doctors near me,broad,None,1
mercy specialty clinic,1,0,0.0,0.0,0.0,0.0,0,,Leads-Search-1,Naturopath Near Me — Core,naturalist dr near me,broad,None,1
metabolic clinic near me,1,0,0.0,0.0,0.0,0.0,0,,Leads-Search-1,Naturopath Near Me — Core,naturopathic dr near me,broad,None,1
metabolism clinic near me,1,0,0.0,0.0,0.0,0.0,0,,Leads-Search-1,Naturopath Near Me — Core,alternative medicine doctors near me,broad,None,1
migraine specialist near me,2,0,0.0,0.0,0.0,0.0,0,,Leads-Search-1,Naturopath Near Me — Core,naturopathic dr near me | naturopathic practitioner near me,broad,None,2
mind body mel,1,0,0.0,0.0,0.0,0.0,0,,Leads-Search-1,Naturopath Near Me — Core,alternative medicine near me,broad,None,1
mineral balancing practitioners,1,0,0.0,0.0,0.0,0.0,0,,Leads-Search-1,Naturopath Near Me — Core,naturopaths in my area,broad,None,1
minnesota community care,1,0,0.0,0.0,0.0,0.0,0,,Leads-Search-1,Naturopath Near Me — Core,naturalist dr near me,broad,None,1
misty mountain barbara o neill,1,0,0.0,0.0,0.0,0.0,0,,Leads-Search-1,Naturopath Near Me — Core,naturopaths in my area,broad,None,1
modern wellness,1,0,0.0,0.0,0.0,0.0,0,,Leads-Search-1,Naturopath Near Me — Core,naturalist dr near me,broad,None,1
my health clinic,1,0,0.0,0.0,0.0,0.0,0,,Leads-Search-1,Naturopath Near Me — Core,holistic dr near me,broad,None,1
natural apathy,1,0,0.0,0.0,0.0,0.0,0,,Leads-Search-1,Naturopath Near Me — Core,alternative medicine near me,broad,None,1
natural bio,1,0,0.0,0.0,0.0,0.0,0,,Leads-Search-1,Naturopath Near Me — Core,naturopathic practitioner near me,broad,None,1
natural gallbladder pain relief,1,0,0.0,0.0,0.0,0.0,0,,Leads-Search-1,Naturopath Near Me — Core,alternative medicine near me,broad,None,1
natural hormone replacement therapy,1,0,0.0,0.0,0.0,0.0,0,,Leads-Search-1,Naturopath Near Me — Core,alternative medicine near me,broad,None,1
natural living club,1,0,0.0,0.0,0.0,0.0,0,,Leads-Search-1,Naturopath Near Me — Core,holistic dr near me,broad,None,1
natural path dr,1,0,0.0,0.0,0.0,0.0,0,,Leads-Search-1,Naturopath Near Me — Core,naturopathic doctor near me,exact (close variant),None,1
natural path physician,1,0,0.0,0.0,0.0,0.0,0,,Leads-Search-1,Naturopath Near Me — Core,naturopathic dr near me,exact (close variant),None,1
natural relief,1,0,0.0,0.0,0.0,0.0,0,,Leads-Search-1,Naturopath Near Me — Core,alternative medicine near me,broad,None,1
natural remedies for peripheral neuropathy,1,0,0.0,0.0,0.0,0.0,0,,Leads-Search-1,Naturopath Near Me — Core,naturopathic dr near me,broad,None,1
natural ssri herbs,1,0,0.0,0.0,0.0,0.0,0,,Leads-Search-1,Naturopath Near Me — Core,naturopathic practitioner near me,broad,None,1
natural treatments for ms,1,0,0.0,0.0,0.0,0.0,0,,Leads-Search-1,Naturopath Near Me — Core,alternative medicine near me,broad,None,1
natural ways to treat sibo,1,0,0.0,0.0,0.0,0.0,0,,Leads-Search-1,Naturopath Near Me — Core,naturopaths in my area,broad,None,1
naturista store near me,1,0,0.0,0.0,0.0,0.0,0,,Leads-Search-1,Naturopath Near Me — Core,alternative medicine near me,broad,None,1
naturopathic doctor for depression,1,0,0.0,0.0,0.0,0.0,0,,Leads-Search-1,Naturopath Near Me — Core,alternative medicine doctors near me,broad,None,1
naturopathic mental health,1,0,0.0,0.0,0.0,0.0,0,,Leads-Search-1,Naturopath Near Me — Core,naturopaths in my area,broad,None,1
naturopathic treatment for diabetes,1,0,0.0,0.0,0.0,0.0,0,,Leads-Search-1,Naturopath Near Me — Core,naturopaths in my area,broad,None,1
naturopathic wellness,1,0,0.0,0.0,0.0,0.0,0,,Leads-Search-1,Naturopath Near Me — Core,alternative medicine near me,broad,None,1
naturopathy medicine,1,0,0.0,0.0,0.0,0.0,0,,Leads-Search-1,Naturopath Near Me — Core,naturopaths in my area,broad,None,1
nd fabno,1,0,0.0,0.0,0.0,0.0,0,,Leads-Search-1,Naturopath Near Me — Core,naturopaths in my area,broad,None,1
ned holle,1,0,0.0,0.0,0.0,0.0,0,,Leads-Search-1,Naturopath Near Me — Core,naturopaths in my area,broad,None,1
neuropathic doctor,1,0,0.0,0.0,0.0,0.0,0,,Leads-Search-1,Naturopath Near Me — Core,alternative medicine near me,broad,None,1
new leaf health team,1,0,0.0,0.0,0.0,0.0,0,,Leads-Search-1,Naturopath Near Me — Core,holistic dr near me,broad,None,1
newbridge clinic edina,1,0,0.0,0.0,0.0,0.0,0,,Leads-Search-1,Naturopath Near Me — Core,alternative medicine near me,broad,None,1
newbridge health and wellness reviews,1,0,0.0,0.0,0.0,0.0,0,,Leads-Search-1,Naturopath Near Me — Core,naturalist dr near me,broad,None,1
nsdr,1,0,0.0,0.0,0.0,0.0,0,,Leads-Search-1,Naturopath Near Me — Core,alternative medicine near me,broad,None,1
nura pain clinics,1,0,0.0,0.0,0.0,0.0,0,,Leads-Search-1,Naturopath Near Me — Core,alternative medicine near me,broad,None,1
nutrition,2,0,0.0,0.0,0.0,0.0,0,,Leads-Search-1,Naturopath Near Me — Core | Pediatrics,naturopaths in my area | pediatric naturopath near me,broad,None,2
nutrition doctor,1,0,0.0,0.0,0.0,0.0,0,,Leads-Search-1,Naturopath Near Me — Core,naturalist dr near me,broad,None,1
nutritional weight and wellness mn,1,0,0.0,0.0,0.0,0.0,0,,Leads-Search-1,Naturopath Near Me — Core,alternative medicine near me,broad,None,1
nutritionist mn,1,0,0.0,0.0,0.0,0.0,0,,Leads-Search-1,Naturopath Near Me — Core,naturopathic practitioner near me,broad,None,1
nutritionists minneapolis,1,0,0.0,0.0,0.0,0.0,0,,Leads-Search-1,Naturopath Near Me — Core,naturalist dr near me,broad,None,1
original medicine,1,0,0.0,0.0,0.0,0.0,0,,Leads-Search-1,Naturopath Near Me — Core,holistic dr near me,broad,None,1
park nicollet internal medicine doctors,1,0,0.0,0.0,0.0,0.0,0,,Leads-Search-1,Naturopath Near Me — Core,best naturopath near me,broad,None,1
paul anderson nd,1,0,0.0,0.0,0.0,0.0,0,,Leads-Search-1,Naturopath Near Me — Core,naturalist dr near me,broad,None,1
perrin technique,1,0,0.0,0.0,0.0,0.0,0,,Leads-Search-1,Naturopath Near Me — Core,alternative medicine near me,broad,None,1
peter glidden,1,0,0.0,0.0,0.0,0.0,0,,Leads-Search-1,Naturopath Near Me — Core,best naturopath near me,broad,None,1
podophyllum homeopathy,1,0,0.0,0.0,0.0,0.0,0,,Leads-Search-1,Naturopath Near Me — Core,naturopaths in my area,broad,None,1
power within chiro,1,0,0.0,0.0,0.0,0.0,0,,Leads-Search-1,Naturopath Near Me — Core,holistic dr near me,broad,None,1
preventative care near me,1,0,0.0,0.0,0.0,0.0,0,,Leads-Search-1,Naturopath Near Me — Core,natural doctor near me,broad,None,1
primary care clinics near me,1,0,0.0,0.0,0.0,0.0,0,,Leads-Search-1,Naturopath Near Me — Core,naturopaths in my area,broad,None,1
primary care doctor near me,1,0,0.0,0.0,0.0,0.0,0,,Leads-Search-1,Naturopath Near Me — Core,natural doctor near me,broad,None,1
primary health care,1,0,0.0,0.0,0.0,0.0,0,,Leads-Search-1,Naturopath Near Me — Core,alternative medicine doctors near me,broad,None,1
private clinic,1,0,0.0,0.0,0.0,0.0,0,,Leads-Search-1,Naturopath Near Me — Core,alternative medicine near me,broad,None,1
prolotherapy minneapolis,1,0,0.0,0.0,0.0,0.0,0,,Leads-Search-1,Naturopath Near Me — Core,alternative medicine doctors near me,broad,None,1
quantum qi,1,0,0.0,0.0,0.0,0.0,0,,Leads-Search-1,Naturopath Near Me — Core,naturopathic practitioner near me,broad,None,1
ragweed allergy natural treatment,1,0,0.0,0.0,0.0,0.0,0,,Leads-Search-1,Naturopath Near Me — Core,alternative medicine near me,broad,None,1
reclaim your health with christine,1,0,0.0,0.0,0.0,0.0,0,,Leads-Search-1,Naturopath Near Me — Core,holistic dr near me,broad,None,1
red light therapy near me,1,0,0.0,0.0,0.0,0.0,0,,Leads-Search-1,Naturopath Near Me — Core,alternative medicine near me,phrase (close variant),None,1
relive iv therapy,1,0,0.0,0.0,0.0,0.0,0,,Leads-Search-1,Naturopath Near Me — Core,alternative medicine near me,broad,None,1
restore health and wellness,1,0,0.0,0.0,0.0,0.0,0,,Leads-Search-1,Naturopath Near Me — Core,alternative medicine near me,broad,None,1
retail health clinic,1,0,0.0,0.0,0.0,0.0,0,,Leads-Search-1,Naturopath Near Me — Core,alternative medicine near me,broad,None,1
revero doctor near me,1,0,0.0,0.0,0.0,0.0,0,,Leads-Search-1,Naturopath Near Me — Core,alternative medicine doctors near me,phrase (close variant),None,1
rogers family medicine,1,0,0.0,0.0,0.0,0.0,0,,Leads-Search-1,Naturopath Near Me — Core,naturopaths in my area,broad,None,1
roots wellness center,1,0,0.0,0.0,0.0,0.0,0,,Leads-Search-1,Naturopath Near Me — Core,natural healing doctors near me,broad,None,1
saat therapy,1,0,0.0,0.0,0.0,0.0,0,,Leads-Search-1,Naturopath Near Me — Core,naturalist dr near me,broad,None,1
sanctuary wellness,1,0,0.0,0.0,0.0,0.0,0,,Leads-Search-1,Naturopath Near Me — Core,naturalist dr near me,broad,None,1
si joint pain,1,0,0.0,0.0,0.0,0.0,0,,Leads-Search-1,Naturopath Near Me — Core,alternative medicine near me,broad,None,1
sibo methane treatment,1,0,0.0,0.0,0.0,0.0,0,,Leads-Search-1,Naturopath Near Me — Core,naturopathic practitioner near me,broad,None,1
simply veda,1,0,0.0,0.0,0.0,0.0,0,,Leads-Search-1,Naturopath Near Me — Core,alternative medicine near me,broad,None,1
sinclair kennally,1,0,0.0,0.0,0.0,0.0,0,,Leads-Search-1,Naturopath Near Me — Core,alternative medicine near me,broad,None,1
sleep knowledge,1,0,0.0,0.0,0.0,0.0,0,,Leads-Search-1,Naturopath Near Me — Core,naturopaths in my area,broad,None,1
soul wellness,2,0,0.0,0.0,0.0,0.0,0,,Leads-Search-1,Naturopath Near Me — Core,natural healing doctors near me | naturalist dr near me,broad,None,2
specific health,1,0,0.0,0.0,0.0,0.0,0,,Leads-Search-1,Naturopath Near Me — Core,naturalist dr near me,broad,None,1
spiritual healing near me,1,0,0.0,0.0,0.0,0.0,0,,Leads-Search-1,Naturopath Near Me — Core,alternative medicine near me,phrase (close variant),None,1
spring valley doctor,1,0,0.0,0.0,0.0,0.0,0,,Leads-Search-1,Naturopath Near Me — Core,alternative medicine near me,broad,None,1
synergy holistic,1,0,0.0,0.0,0.0,0.0,0,,Leads-Search-1,Naturopath Near Me — Core,naturopaths in my area,broad,None,1
tasneem bhatia,1,0,0.0,0.0,0.0,0.0,0,,Leads-Search-1,Naturopath Near Me — Core,holistic dr near me,broad,None,1
tcm health center near me,1,0,0.0,0.0,0.0,0.0,0,,Leads-Search-1,Naturopath Near Me — Core,holistic dr near me,phrase (close variant),None,1
the art of health,1,0,0.0,0.0,0.0,0.0,0,,Leads-Search-1,Naturopath Near Me — Core,naturopathic practitioner near me,broad,None,1
the best doctor near me,1,0,0.0,0.0,0.0,0.0,0,,Leads-Search-1,Naturopath Near Me — Core,naturopaths in my area,broad,None,1
the pompa program,1,0,0.0,0.0,0.0,0.0,0,,Leads-Search-1,Naturopath Near Me — Core,naturalist dr near me,broad,None,1
the unani,1,0,0.0,0.0,0.0,0.0,0,,Leads-Search-1,Naturopath Near Me — Core,alternative medicine near me,broad,None,1
the wellness way,1,0,0.0,0.0,0.0,0.0,0,,Leads-Search-1,Naturopath Near Me — Core,alternative medicine near me,broad,None,1
thrive clinic,1,0,0.0,0.0,0.0,0.0,0,,Leads-Search-1,Naturopath Near Me — Core,naturalist dr near me,broad,None,1
thyroid nodule treatment without surgery,1,0,0.0,0.0,0.0,0.0,0,,Leads-Search-1,Naturopath Near Me — Core,alternative medicine near me,broad,None,1
todd stebleton,1,0,0.0,0.0,0.0,0.0,0,,Leads-Search-1,Naturopath Near Me — Core,holistic dr near me,broad,None,1
top allergist near me,1,0,0.0,0.0,0.0,0.0,0,,Leads-Search-1,Naturopath Near Me — Core,naturopaths in my area,broad,None,1
top rated doctor near me,1,0,0.0,0.0,0.0,0.0,0,,Leads-Search-1,Naturopath Near Me — Core,natural healing doctors near me,broad,None,1
traditional medicine,1,0,0.0,0.0,0.0,0.0,0,,Leads-Search-1,Naturopath Near Me — Core,alternative medicine doctors near me,broad,None,1
unani tibb medicina,1,0,0.0,0.0,0.0,0.0,0,,Leads-Search-1,Naturopath Near Me — Core,alternative medicine near me,broad,None,1
valley medical,1,0,0.0,0.0,0.0,0.0,0,,Leads-Search-1,Naturopath Near Me — Core,naturalist dr near me,broad,None,1
vanashree belgamwar,1,0,0.0,0.0,0.0,0.0,0,,Leads-Search-1,Naturopath Near Me — Core,naturopaths in my area,broad,None,1
walker wellness,1,0,0.0,0.0,0.0,0.0,0,,Leads-Search-1,Naturopath Near Me — Core,best naturopath near me,broad,None,1
weight loss clinics in my area,1,0,0.0,0.0,0.0,0.0,0,,Leads-Search-1,Naturopath Near Me — Core,naturopathic dr near me,broad,None,1
weight loss management clinic,1,0,0.0,0.0,0.0,0.0,0,,Leads-Search-1,Naturopath Near Me — Core,naturopathic practitioner near me,broad,None,1
weight loss reiki,1,0,0.0,0.0,0.0,0.0,0,,Leads-Search-1,Naturopath Near Me — Core,naturopaths in my area,broad,None,1
wellbeing health,1,0,0.0,0.0,0.0,0.0,0,,Leads-Search-1,Naturopath Near Me — Core,alternative medicine near me,broad,None,1
wellness minnesota,1,0,0.0,0.0,0.0,0.0,0,,Leads-Search-1,Naturopath Near Me — Core,naturalist dr near me,broad,None,1
what does a naturopathic doctor do,1,0,0.0,0.0,0.0,0.0,0,,Leads-Search-1,Naturopath Near Me — Core,best naturopath near me,broad,None,1
where's the nearest doctor,1,0,0.0,0.0,0.0,0.0,0,,Leads-Search-1,Naturopath Near Me — Core,alternative medicine near me,broad,None,1
whole health,1,0,0.0,0.0,0.0,0.0,0,,Leads-Search-1,Naturopath Near Me — Core,naturopaths in my area,broad,None,1
william davis md,1,0,0.0,0.0,0.0,0.0,0,,Leads-Search-1,Naturopath Near Me — Core,naturalist dr near me,broad,None,1
wise wellness clinic,1,0,0.0,0.0,0.0,0.0,0,,Leads-Search-1,Naturopath Near Me — Core,naturalist dr near me,broad,None,1
yahki clinic,1,0,0.0,0.0,0.0,0.0,0,,Leads-Search-1,Naturopath Near Me — Core,naturopathic practitioner near me,broad,None,1
1 year old doctor visit,1,0,0.0,0.0,0.0,0.0,0,,Leads-Search-1,Pediatrics,pediatric holistic doctor near me,broad,None,1
11 month baby not eating food what to do,1,0,0.0,0.0,0.0,0.0,0,,Leads-Search-1,Pediatrics,pediatric holistic doctor,broad,None,1
2 month old baby check up,1,0,0.0,0.0,0.0,0.0,0,,Leads-Search-1,Pediatrics,pediatric naturopath near me,broad,None,1
adam langenfeld,1,0,0.0,0.0,0.0,0.0,0,,Leads-Search-1,Pediatrics,pediatric holistic doctor,broad,None,1
adhd naturopath,1,0,0.0,0.0,0.0,0.0,0,,Leads-Search-1,Pediatrics,holistic pediatricians near me,broad,None,1
allergist edina mn,1,0,0.0,0.0,0.0,0.0,0,,Leads-Search-1,Pediatrics,natural pediatrician near me,broad,None,1
allergy and asthma specialist,1,0,0.0,0.0,0.0,0.0,0,,Leads-Search-1,Pediatrics,holistic pediatricians near me,broad,None,1
allergy clinics near me,1,0,0.0,0.0,0.0,0.0,0,,Leads-Search-1,Pediatrics,pediatric holistic doctor,broad,None,1
allergy immunology doctor,1,0,0.0,0.0,0.0,0.0,0,,Leads-Search-1,Pediatrics,natural pediatrician near me,broad,None,1
allergy specialists near me,1,0,0.0,0.0,0.0,0.0,0,,Leads-Search-1,Pediatrics,holistic pediatricians near me,broad,None,1
allergy testing for infants,1,0,0.0,0.0,0.0,0.0,0,,Leads-Search-1,Pediatrics,pediatric naturopath near me,broad,None,1
allergy testing for kids,1,0,0.0,0.0,0.0,0.0,0,,Leads-Search-1,Pediatrics,pediatric naturopath near me,broad,None,1
allergy testing near me,1,0,0.0,0.0,0.0,0.0,0,,Leads-Search-1,Pediatrics,holistic pediatricians near me,broad,None,1
american academy of pediatrics,1,0,0.0,0.0,0.0,0.0,0,,Leads-Search-1,Pediatrics,pediatric naturopath near me,broad,None,1
asthma management paediatrics,1,0,0.0,0.0,0.0,0.0,0,,Leads-Search-1,Pediatrics,pediatric naturopath near me,broad,None,1
babies getting check ups,1,0,0.0,0.0,0.0,0.0,0,,Leads-Search-1,Pediatrics,pediatric holistic doctor,broad,None,1
baby at the doctor,1,0,0.0,0.0,0.0,0.0,0,,Leads-Search-1,Pediatrics,holistic pediatricians near me,broad,None,1
baby crying screaming,1,0,0.0,0.0,0.0,0.0,0,,Leads-Search-1,Pediatrics,pediatric holistic doctor,broad,None,1
baby doctor,3,0,0.0,0.0,0.0,0.0,0,,Leads-Search-1,Pediatrics,holistic pediatricians near me | natural pediatrician near me | pediatric naturopath near me,broad,None,3
baby doctor checkup,1,0,0.0,0.0,0.0,0.0,0,,Leads-Search-1,Pediatrics,pediatric naturopath near me,broad,None,1
baby doctor cry 😭 💉 draw blood,1,0,0.0,0.0,0.0,0.0,0,,Leads-Search-1,Pediatrics,pediatric naturopath near me,broad,None,1
baby doctors,1,0,0.0,0.0,0.0,0.0,0,,Leads-Search-1,Pediatrics,pediatric holistic doctor,broad,None,1
baby recovery tips,1,0,0.0,0.0,0.0,0.0,0,,Leads-Search-1,Pediatrics,pediatric holistic doctor,broad,None,1
baby shots crying,1,0,0.0,0.0,0.0,0.0,0,,Leads-Search-1,Pediatrics,pediatric naturopath near me,broad,None,1
baby sick,1,0,0.0,0.0,0.0,0.0,0,,Leads-Search-1,Pediatrics,pediatric naturopath near me,broad,None,1
baby throw up,1,0,0.0,0.0,0.0,0.0,0,,Leads-Search-1,Pediatrics,pediatric naturopath near me,broad,None,1
best pediatric allergist near me,1,0,0.0,0.0,0.0,0.0,0,,Leads-Search-1,Pediatrics,holistic pediatricians near me,broad,None,1
best pediatric allergy doctor near me,1,0,0.0,0.0,0.0,0.0,0,,Leads-Search-1,Pediatrics,holistic pediatricians near me,broad,None,1
breastfeeding,1,0,0.0,0.0,0.0,0.0,0,,Leads-Search-1,Pediatrics,holistic pediatricians near me,broad,None,1
brentwood pediatrics,1,0,0.0,0.0,0.0,0.0,0,,Leads-Search-1,Pediatrics,pediatric holistic doctor near me,broad,None,1
candida treatment for babies,1,0,0.0,0.0,0.0,0.0,0,,Leads-Search-1,Pediatrics,pediatric holistic doctor,broad,None,1
carlson pediatrics,1,0,0.0,0.0,0.0,0.0,0,,Leads-Search-1,Pediatrics,pediatric holistic doctor,broad,None,1
central pediatrics woodbury,1,0,0.0,0.0,0.0,0.0,0,,Leads-Search-1,Pediatrics,pediatric holistic doctor,broad,None,1
central priority pediatrics,1,0,0.0,0.0,0.0,0.0,0,,Leads-Search-1,Pediatrics,holistic pediatricians near me,broad,None,1
child and teen medical center,1,0,0.0,0.0,0.0,0.0,0,,Leads-Search-1,Pediatrics,pediatric holistic doctor,broad,None,1
child chronic cough treatment,1,0,0.0,0.0,0.0,0.0,0,,Leads-Search-1,Pediatrics,pediatric naturopath near me,broad,None,1
child shivering,1,0,0.0,0.0,0.0,0.0,0,,Leads-Search-1,Pediatrics,pediatric naturopath near me,broad,None,1
child teen medical center,1,0,0.0,0.0,0.0,0.0,0,,Leads-Search-1,Pediatrics,holistic pediatricians near me,broad,None,1
children primary care near me,1,0,0.0,0.0,0.0,0.0,0,,Leads-Search-1,Pediatrics,pediatric holistic doctor,broad,None,1
children's allergy doctor near me,1,0,0.0,0.0,0.0,0.0,0,,Leads-Search-1,Pediatrics,holistic pediatricians near me,broad,None,1
children's maple grove,1,0,0.0,0.0,0.0,0.0,0,,Leads-Search-1,Pediatrics,holistic pediatricians near me,broad,None,1
children's minnetonka,1,0,0.0,0.0,0.0,0.0,0,,Leads-Search-1,Pediatrics,pediatric holistic doctor,broad,None,1
children's mn st paul,1,0,0.0,0.0,0.0,0.0,0,,Leads-Search-1,Pediatrics,pediatric holistic doctor,broad,None,1
children's specialty clinic,1,0,0.0,0.0,0.0,0.0,0,,Leads-Search-1,Pediatrics,pediatric naturopath near me,broad,None,1
children's st paul,1,0,0.0,0.0,0.0,0.0,0,,Leads-Search-1,Pediatrics,pediatric naturopath near me,broad,None,1
childrens clinic,1,0,0.0,0.0,0.0,0.0,0,,Leads-Search-1,Pediatrics,pediatric holistic doctor near me,broad,None,1
childrens endocrinology,2,0,0.0,0.0,0.0,0.0,0,,Leads-Search-1,Pediatrics,pediatric holistic doctor | pediatric naturopath near me,broad,None,2
childrens hospital,1,0,0.0,0.0,0.0,0.0,0,,Leads-Search-1,Pediatrics,pediatric holistic doctor,broad,None,1
childrens hospital near me,2,0,0.0,0.0,0.0,0.0,0,,Leads-Search-1,Pediatrics,pediatric holistic doctor | pediatric naturopath near me,broad,None,2
childrens maple grove,1,0,0.0,0.0,0.0,0.0,0,,Leads-Search-1,Pediatrics,pediatric naturopath near me,broad,None,1
childrens peds,1,0,0.0,0.0,0.0,0.0,0,,Leads-Search-1,Pediatrics,pediatric holistic doctor,broad,None,1
childrens st paul,1,0,0.0,0.0,0.0,0.0,0,,Leads-Search-1,Pediatrics,pediatric naturopath near me,broad,None,1
childrens urgent care near me,1,0,0.0,0.0,0.0,0.0,0,,Leads-Search-1,Pediatrics,pediatric holistic doctor near me,broad,None,1
clinics in eden prairie,1,0,0.0,0.0,0.0,0.0,0,,Leads-Search-1,Pediatrics,holistic pediatricians near me,broad,None,1
clínica de pediatra,1,0,0.0,0.0,0.0,0.0,0,,Leads-Search-1,Pediatrics,pediatric holistic doctor,broad,None,1
coon rapids medical center,1,0,0.0,0.0,0.0,0.0,0,,Leads-Search-1,Pediatrics,pediatric naturopath near me,broad,None,1
craniosacral therapy baby,1,0,0.0,0.0,0.0,0.0,0,,Leads-Search-1,Pediatrics,pediatric holistic doctor,broad,None,1
developmental pediatrician mn,2,0,0.0,0.0,0.0,0.0,0,,Leads-Search-1,Pediatrics,holistic pediatricians near me | pediatric holistic doctor near me,broad,None,2
developmental pediatrician near me,1,0,0.0,0.0,0.0,0.0,0,,Leads-Search-1,Pediatrics,holistic pediatricians near me,broad,None,1
doctor baby,3,0,0.0,0.0,0.0,0.0,0,,Leads-Search-1,Pediatrics,holistic pediatricians near me | pediatric holistic doctor near me | pediatric naturopath near me,broad,None,3
doctor de niños,1,0,0.0,0.0,0.0,0.0,0,,Leads-Search-1,Pediatrics,natural pediatrician near me,broad,None,1
doctor for kids,2,0,0.0,0.0,0.0,0.0,0,,Leads-Search-1,Pediatrics,holistic pediatricians near me | pediatric naturopath near me,broad,None,2
doctor lutz,1,0,0.0,0.0,0.0,0.0,0,,Leads-Search-1,Pediatrics,pediatric holistic doctor,broad,None,1
doctor niños,1,0,0.0,0.0,0.0,0.0,0,,Leads-Search-1,Pediatrics,holistic pediatricians near me,broad,None,1
down syndrome clinic mn,1,0,0.0,0.0,0.0,0.0,0,,Leads-Search-1,Pediatrics,holistic pediatricians near me,broad,None,1
dr alexandra wells,1,0,0.0,0.0,0.0,0.0,0,,Leads-Search-1,Pediatrics,pediatric holistic doctor,broad,None,1
dr gator,1,0,0.0,0.0,0.0,0.0,0,,Leads-Search-1,Pediatrics,pediatric holistic doctor,broad,None,1
dr green mom,1,0,0.0,0.0,0.0,0.0,0,,Leads-Search-1,Pediatrics,pediatric holistic doctor,broad,None,1
dr kelkar allergist mn,1,0,0.0,0.0,0.0,0.0,0,,Leads-Search-1,Pediatrics,pediatric holistic doctor near me,broad,None,1
eagan valley pediatrics,1,0,0.0,0.0,0.0,0.0,0,,Leads-Search-1,Pediatrics,pediatric naturopath near me,broad,None,1
east side family clinic,1,0,0.0,0.0,0.0,0.0,0,,Leads-Search-1,Pediatrics,pediatric naturopath near me,broad,None,1
eden prairie pediatrician,1,0,0.0,0.0,0.0,0.0,0,,Leads-Search-1,Pediatrics,pediatric holistic doctor near me,broad,None,1
edina pediatrics,1,0,0.0,0.0,0.0,0.0,0,,Leads-Search-1,Pediatrics,pediatric holistic doctor,broad,None,1
elyse kharbanda,1,0,0.0,0.0,0.0,0.0,0,,Leads-Search-1,Pediatrics,pediatric naturopath near me,broad,None,1
encopresis specialist near me,1,0,0.0,0.0,0.0,0.0,0,,Leads-Search-1,Pediatrics,pediatric naturopath near me,broad,None,1
family doctor,1,0,0.0,0.0,0.0,0.0,0,,Leads-Search-1,Pediatrics,holistic pediatricians near me,broad,None,1
family medicine clinics,1,0,0.0,0.0,0.0,0.0,0,,Leads-Search-1,Pediatrics,natural pediatrician near me,broad,None,1
family medicine doctors,1,0,0.0,0.0,0.0,0.0,0,,Leads-Search-1,Pediatrics,pediatric holistic doctor,broad,None,1
fever for 3 year old,1,0,0.0,0.0,0.0,0.0,0,,Leads-Search-1,Pediatrics,holistic pediatricians near me,broad,None,1
fever in babies under 3 months,1,0,0.0,0.0,0.0,0.0,0,,Leads-Search-1,Pediatrics,pediatric naturopath near me,broad,None,1
find pediatrician,1,0,0.0,0.0,0.0,0.0,0,,Leads-Search-1,Pediatrics,pediatric holistic doctor,broad,None,1
food allergies,1,0,0.0,0.0,0.0,0.0,0,,Leads-Search-1,Pediatrics,holistic pediatricians near me,broad,None,1
food allergist near me,1,0,0.0,0.0,0.0,0.0,0,,Leads-Search-1,Pediatrics,holistic pediatricians near me,broad,None,1
food allergy testing in babies,1,0,0.0,0.0,0.0,0.0,0,,Leads-Search-1,Pediatrics,pediatric naturopath near me,broad,None,1
functional medicine doctor for autism near me,1,0,0.0,0.0,0.0,0.0,0,,Leads-Search-1,Pediatrics,holistic pediatricians near me,broad,None,1
functional medicine naturopathic center,1,0,0.0,0.0,0.0,0.0,0,,Leads-Search-1,Pediatrics,pediatric naturopath near me,broad,None,1
functional medicine pediatrician,1,0,0.0,0.0,0.0,0.0,0,,Leads-Search-1,Pediatrics,holistic pediatricians near me,broad,None,1
general practice doctor near me,1,0,0.0,0.0,0.0,0.0,0,,Leads-Search-1,Pediatrics,natural pediatrician near me,broad,None,1
gillette children's,1,0,0.0,0.0,0.0,0.0,0,,Leads-Search-1,Pediatrics,pediatric naturopath near me,broad,None,1
gillette children's hospital,1,0,0.0,0.0,0.0,0.0,0,,Leads-Search-1,Pediatrics,pediatric naturopath near me,broad,None,1
gretchen rierson,1,0,0.0,0.0,0.0,0.0,0,,Leads-Search-1,Pediatrics,pediatric naturopath near me,broad,None,1
gut health for autistic children,1,0,0.0,0.0,0.0,0.0,0,,Leads-Search-1,Pediatrics,pediatric holistic doctor,broad,None,1
hcmc pediatric clinic,1,0,0.0,0.0,0.0,0.0,0,,Leads-Search-1,Pediatrics,pediatric holistic doctor,broad,None,1
hcmc pediatrics,1,0,0.0,0.0,0.0,0.0,0,,Leads-Search-1,Pediatrics,pediatric holistic doctor,broad,None,1
head to toe examination in pediatrics,1,0,0.0,0.0,0.0,0.0,0,,Leads-Search-1,Pediatrics,pediatric holistic doctor,broad,None,1
health direct baby,1,0,0.0,0.0,0.0,0.0,0,,Leads-Search-1,Pediatrics,holistic pediatricians near me,broad,None,1
healthcare,1,0,0.0,0.0,0.0,0.0,0,,Leads-Search-1,Pediatrics,pediatric naturopath near me,broad,None,1
healthy habits for kids,1,0,0.0,0.0,0.0,0.0,0,,Leads-Search-1,Pediatrics,pediatric naturopath near me,broad,None,1
help mommy,1,0,0.0,0.0,0.0,0.0,0,,Leads-Search-1,Pediatrics,pediatric naturopath near me,broad,None,1
highly rated pediatrician near me near me,1,0,0.0,0.0,0.0,0.0,0,,Leads-Search-1,Pediatrics,pediatric naturopath near me,broad,None,1
holistic adhd for kids,1,0,0.0,0.0,0.0,0.0,0,,Leads-Search-1,Pediatrics,holistic pediatricians near me,broad,None,1
holistic medicine pediatrician near me,1,0,0.0,0.0,0.0,0.0,0,,Leads-Search-1,Pediatrics,holistic pediatricians near me,exact (close variant),None,1
hospital children cerca de mi,1,0,0.0,0.0,0.0,0.0,0,,Leads-Search-1,Pediatrics,pediatric holistic doctor,broad,None,1
how to help babies reflux,1,0,0.0,0.0,0.0,0.0,0,,Leads-Search-1,Pediatrics,holistic pediatricians near me,broad,None,1
how to reduce baby stomach pain,1,0,0.0,0.0,0.0,0.0,0,,Leads-Search-1,Pediatrics,pediatric naturopath near me,broad,None,1
hugo clinic,1,0,0.0,0.0,0.0,0.0,0,,Leads-Search-1,Pediatrics,holistic pediatricians near me,broad,None,1
i can t breathe baby,1,0,0.0,0.0,0.0,0.0,0,,Leads-Search-1,Pediatrics,pediatric holistic doctor near me,broad,None,1
i cured my baby's reflux in 7 days,1,0,0.0,0.0,0.0,0.0,0,,Leads-Search-1,Pediatrics,pediatric naturopath near me,broad,None,1
immunologist doctor,1,0,0.0,0.0,0.0,0.0,0,,Leads-Search-1,Pediatrics,pediatric holistic doctor,broad,None,1
infants getting shots,1,0,0.0,0.0,0.0,0.0,0,,Leads-Search-1,Pediatrics,pediatric naturopath near me,broad,None,1
integrative medicine pediatrician near me,1,0,0.0,0.0,0.0,0.0,0,,Leads-Search-1,Pediatrics,pediatric naturopath near me,broad,None,1
integrative pediatrician,1,0,0.0,0.0,0.0,0.0,0,,Leads-Search-1,Pediatrics,holistic pediatricians near me,broad,None,1
journey clinic minneapolis,1,0,0.0,0.0,0.0,0.0,0,,Leads-Search-1,Pediatrics,pediatric naturopath near me,broad,None,1
kate follese,1,0,0.0,0.0,0.0,0.0,0,,Leads-Search-1,Pediatrics,pediatric naturopath near me,broad,None,1
kathleen sadak,1,0,0.0,0.0,0.0,0.0,0,,Leads-Search-1,Pediatrics,pediatric holistic doctor,broad,None,1
kid doctor,1,0,0.0,0.0,0.0,0.0,0,,Leads-Search-1,Pediatrics,pediatric naturopath near me,broad,None,1
kid health,1,0,0.0,0.0,0.0,0.0,0,,Leads-Search-1,Pediatrics,pediatric holistic doctor near me,broad,None,1
kid throw up,1,0,0.0,0.0,0.0,0.0,0,,Leads-Search-1,Pediatrics,pediatric holistic doctor near me,broad,None,1
kids belly ache,1,0,0.0,0.0,0.0,0.0,0,,Leads-Search-1,Pediatrics,pediatric naturopath near me,broad,None,1
kids constipation,1,0,0.0,0.0,0.0,0.0,0,,Leads-Search-1,Pediatrics,holistic pediatricians near me,broad,None,1
kids doctor,1,0,0.0,0.0,0.0,0.0,0,,Leads-Search-1,Pediatrics,pediatric naturopath near me,broad,None,1
kids doctor near me,3,0,0.0,0.0,0.0,0.0,0,,Leads-Search-1,Pediatrics,holistic pediatricians near me | pediatric holistic doctor | pediatric naturopath near me,broad,None,3
kids getting check ups,1,0,0.0,0.0,0.0,0.0,0,,Leads-Search-1,Pediatrics,pediatric holistic doctor,broad,None,1
kids medical,1,0,0.0,0.0,0.0,0.0,0,,Leads-Search-1,Pediatrics,holistic pediatricians near me,broad,None,1
kids poop,1,0,0.0,0.0,0.0,0.0,0,,Leads-Search-1,Pediatrics,holistic pediatricians near me,broad,None,1
kids poop in their pants,1,0,0.0,0.0,0.0,0.0,0,,Leads-Search-1,Pediatrics,pediatric naturopath near me,broad,None,1
kids throwing up,1,0,0.0,0.0,0.0,0.0,0,,Leads-Search-1,Pediatrics,pediatric holistic doctor,broad,None,1
lactation consultant,1,0,0.0,0.0,0.0,0.0,0,,Leads-Search-1,Pediatrics,holistic pediatricians near me,broad,None,1
lakes pediatrics mn,1,0,0.0,0.0,0.0,0.0,0,,Leads-Search-1,Pediatrics,pediatric naturopath near me,broad,None,1
lisa batchelor md,1,0,0.0,0.0,0.0,0.0,0,,Leads-Search-1,Pediatrics,holistic pediatricians near me,broad,None,1
lisa cronk,1,0,0.0,0.0,0.0,0.0,0,,Leads-Search-1,Pediatrics,pediatric naturopath near me,broad,None,1
list of family doctors near me,1,0,0.0,0.0,0.0,0.0,0,,Leads-Search-1,Pediatrics,pediatric naturopath near me,broad,None,1
mamadoc,1,0,0.0,0.0,0.0,0.0,0,,Leads-Search-1,Pediatrics,pediatric naturopath near me,broad,None,1
medical clinics in elk river mn,1,0,0.0,0.0,0.0,0.0,0,,Leads-Search-1,Pediatrics,pediatric holistic doctor near me,broad,None,1
medical offices near me,1,0,0.0,0.0,0.0,0.0,0,,Leads-Search-1,Pediatrics,holistic pediatricians near me,broad,None,1
megan camerino,1,0,0.0,0.0,0.0,0.0,0,,Leads-Search-1,Pediatrics,pediatric holistic doctor,broad,None,1
megan camerino md,1,0,0.0,0.0,0.0,0.0,0,,Leads-Search-1,Pediatrics,pediatric naturopath near me,broad,None,1
melissa a clark md,1,0,0.0,0.0,0.0,0.0,0,,Leads-Search-1,Pediatrics,pediatric naturopath near me,broad,None,1
mercy clinic pediatrics 50th street,1,0,0.0,0.0,0.0,0.0,0,,Leads-Search-1,Pediatrics,natural pediatrician near me,broad,None,1
metro peds edina,1,0,0.0,0.0,0.0,0.0,0,,Leads-Search-1,Pediatrics,pediatric naturopath near me,broad,None,1
metro peds mn,1,0,0.0,0.0,0.0,0.0,0,,Leads-Search-1,Pediatrics,pediatric naturopath near me,broad,None,1
metro peds near me,1,0,0.0,0.0,0.0,0.0,0,,Leads-Search-1,Pediatrics,pediatric holistic doctor,broad,None,1
metropolitan pediatrics,3,0,0.0,0.0,0.0,0.0,0,,Leads-Search-1,Pediatrics,holistic pediatricians near me | pediatric holistic doctor | pediatric naturopath near me,broad,None,3
metropolitan pediatrics edina,1,0,0.0,0.0,0.0,0.0,0,,Leads-Search-1,Pediatrics,pediatric holistic doctor,broad,None,1
metropolitan pediatrics near me,1,0,0.0,0.0,0.0,0.0,0,,Leads-Search-1,Pediatrics,pediatric naturopath near me,broad,None,1
minnesota children's hospital,1,0,0.0,0.0,0.0,0.0,0,,Leads-Search-1,Pediatrics,pediatric naturopath near me,broad,None,1
minnesota pediatrician,1,0,0.0,0.0,0.0,0.0,0,,Leads-Search-1,Pediatrics,holistic pediatricians near me,broad,None,1
minnetonka childrens clinic,1,0,0.0,0.0,0.0,0.0,0,,Leads-Search-1,Pediatrics,pediatric holistic doctor near me,broad,None,1
mn personalized medicine,1,0,0.0,0.0,0.0,0.0,0,,Leads-Search-1,Pediatrics,pediatric naturopath near me,broad,None,1
mother baby wellness co,1,0,0.0,0.0,0.0,0.0,0,,Leads-Search-1,Pediatrics,pediatric naturopath near me,broad,None,1
my baby poop is stuck halfway out,1,0,0.0,0.0,0.0,0.0,0,,Leads-Search-1,Pediatrics,holistic pediatricians near me,broad,None,1
natural pediatricians,1,0,0.0,0.0,0.0,0.0,0,,Leads-Search-1,Pediatrics,pediatric holistic doctor,exact (close variant),None,1
newborn baby checkup,1,0,0.0,0.0,0.0,0.0,0,,Leads-Search-1,Pediatrics,pediatric holistic doctor near me,broad,None,1
newborn baby hard to breathe,1,0,0.0,0.0,0.0,0.0,0,,Leads-Search-1,Pediatrics,pediatric naturopath near me,broad,None,1
non vaccine friendly pediatrician near me,1,0,0.0,0.0,0.0,0.0,0,,Leads-Search-1,Pediatrics,holistic pediatricians near me,broad,None,1
non vaccine pediatrician near me,1,0,0.0,0.0,0.0,0.0,0,,Leads-Search-1,Pediatrics,holistic pediatricians near me,broad,None,1
normal infant breathing vs retractions,1,0,0.0,0.0,0.0,0.0,0,,Leads-Search-1,Pediatrics,holistic pediatricians near me,broad,None,1
north suburban family physicians hugo,1,0,0.0,0.0,0.0,0.0,0,,Leads-Search-1,Pediatrics,holistic pediatricians near me,broad,None,1
northwest family clinics near me,1,0,0.0,0.0,0.0,0.0,0,,Leads-Search-1,Pediatrics,pediatric holistic doctor near me,broad,None,1
oat test for kids near me,2,0,0.0,0.0,0.0,0.0,0,,Leads-Search-1,Pediatrics,natural pediatrician near me | pediatric naturopath near me,broad,None,2
open door health center,1,0,0.0,0.0,0.0,0.0,0,,Leads-Search-1,Pediatrics,holistic pediatricians near me,broad,None,1
osteopaths for babies,2,0,0.0,0.0,0.0,0.0,0,,Leads-Search-1,Pediatrics,holistic pediatricians near me | pediatric holistic doctor,broad,None,2
pandas doctor near me,1,0,0.0,0.0,0.0,0.0,0,,Leads-Search-1,Pediatrics,pediatric holistic doctor,broad,None,1
partner in pediatric,1,0,0.0,0.0,0.0,0.0,0,,Leads-Search-1,Pediatrics,pediatric holistic doctor,broad,None,1
partners and pediatrics,1,0,0.0,0.0,0.0,0.0,0,,Leads-Search-1,Pediatrics,holistic pediatricians near me,broad,None,1
partners and peds,1,0,0.0,0.0,0.0,0.0,0,,Leads-Search-1,Pediatrics,pediatric holistic doctor near me,broad,None,1
partners in pediatrics plymouth,1,0,0.0,0.0,0.0,0.0,0,,Leads-Search-1,Pediatrics,pediatric holistic doctor near me,broad,None,1
partners in peds ready care,1,0,0.0,0.0,0.0,0.0,0,,Leads-Search-1,Pediatrics,pediatric holistic doctor near me,broad,None,1
ped family,1,0,0.0,0.0,0.0,0.0,0,,Leads-Search-1,Pediatrics,holistic pediatricians near me,broad,None,1
pediatric,1,0,0.0,0.0,0.0,0.0,0,,Leads-Search-1,Pediatrics,holistic pediatricians near me,broad,None,1
pediatric allergist minneapolis,2,0,0.0,0.0,0.0,0.0,0,,Leads-Search-1,Pediatrics,holistic pediatricians near me | pediatric naturopath near me,broad,None,2
pediatric allergy and asthma,1,0,0.0,0.0,0.0,0.0,0,,Leads-Search-1,Pediatrics,holistic pediatricians near me,broad,None,1
pediatric associates,1,0,0.0,0.0,0.0,0.0,0,,Leads-Search-1,Pediatrics,pediatric naturopath near me,broad,None,1
pediatric clinic,1,0,0.0,0.0,0.0,0.0,0,,Leads-Search-1,Pediatrics,holistic pediatricians near me,broad,None,1
pediatric developmental services,2,0,0.0,0.0,0.0,0.0,0,,Leads-Search-1,Pediatrics,holistic pediatricians near me | pediatric holistic doctor,broad,None,2
pediatric dietitian near me,1,0,0.0,0.0,0.0,0.0,0,,Leads-Search-1,Pediatrics,pediatric holistic doctor,broad,None,1
pediatric doctor,1,0,0.0,0.0,0.0,0.0,0,,Leads-Search-1,Pediatrics,pediatric naturopath near me,broad,None,1
pediatric doctor near me,2,0,0.0,0.0,0.0,0.0,0,,Leads-Search-1,Pediatrics,pediatric holistic doctor | pediatric holistic doctor near me,broad,None,2
pediatric endocrinologist,1,0,0.0,0.0,0.0,0.0,0,,Leads-Search-1,Pediatrics,natural pediatrician near me,broad,None,1
pediatric endocrinologist near me,1,0,0.0,0.0,0.0,0.0,0,,Leads-Search-1,Pediatrics,natural pediatrician near me,broad,None,1
pediatric endocrinology,1,0,0.0,0.0,0.0,0.0,0,,Leads-Search-1,Pediatrics,pediatric holistic doctor near me,broad,None,1
pediatric endocrinology minnesota,1,0,0.0,0.0,0.0,0.0,0,,Leads-Search-1,Pediatrics,pediatric holistic doctor near me,broad,None,1
pediatric endocrinology near me,1,0,0.0,0.0,0.0,0.0,0,,Leads-Search-1,Pediatrics,pediatric holistic doctor near me,broad,None,1
pediatric examination,1,0,0.0,0.0,0.0,0.0,0,,Leads-Search-1,Pediatrics,pediatric holistic doctor near me,broad,None,1
pediatric gastroenterologist near me,1,0,0.0,0.0,0.0,0.0,0,,Leads-Search-1,Pediatrics,holistic pediatricians near me,broad,None,1
pediatric holistic doctor near me,1,0,0.0,0.0,0.0,0.0,0,,Leads-Search-1,Pediatrics,pediatric holistic doctor near me,exact,Added,1
pediatric home care,1,0,0.0,0.0,0.0,0.0,0,,Leads-Search-1,Pediatrics,pediatric holistic doctor,broad,None,1
pediatric home service,3,0,0.0,0.0,0.0,0.0,0,,Leads-Search-1,Pediatrics,holistic pediatricians near me | pediatric holistic doctor | pediatric naturopath near me,broad,None,3
pediatric immunologist near me,1,0,0.0,0.0,0.0,0.0,0,,Leads-Search-1,Pediatrics,holistic pediatricians near me,broad,None,1
pediatric md near me,1,0,0.0,0.0,0.0,0.0,0,,Leads-Search-1,Pediatrics,holistic pediatricians near me,broad,None,1
pediatric neurodevelopmental specialist,1,0,0.0,0.0,0.0,0.0,0,,Leads-Search-1,Pediatrics,pediatric holistic doctor near me,broad,None,1
pediatric nutritionist,1,0,0.0,0.0,0.0,0.0,0,,Leads-Search-1,Pediatrics,pediatric holistic doctor,broad,None,1
pediatric ot,1,0,0.0,0.0,0.0,0.0,0,,Leads-Search-1,Pediatrics,holistic pediatricians near me,broad,None,1
pediatric physical therapy,1,0,0.0,0.0,0.0,0.0,0,,Leads-Search-1,Pediatrics,pediatric holistic doctor,broad,None,1
pediatric rheumatology mn,1,0,0.0,0.0,0.0,0.0,0,,Leads-Search-1,Pediatrics,holistic pediatricians near me,broad,None,1
pediatric services mpls,1,0,0.0,0.0,0.0,0.0,0,,Leads-Search-1,Pediatrics,pediatric naturopath near me,broad,None,1
pediatric specialists,1,0,0.0,0.0,0.0,0.0,0,,Leads-Search-1,Pediatrics,pediatric holistic doctor near me,broad,None,1
pediatric urgent care,1,0,0.0,0.0,0.0,0.0,0,,Leads-Search-1,Pediatrics,holistic pediatricians near me,broad,None,1
pediatrician dr near me,1,0,0.0,0.0,0.0,0.0,0,,Leads-Search-1,Pediatrics,holistic pediatricians near me,broad,None,1
pediatrician eden prairie,2,0,0.0,0.0,0.0,0.0,0,,Leads-Search-1,Pediatrics,pediatric holistic doctor | pediatric naturopath near me,broad,None,2
pediatrician for child weight loss,1,0,0.0,0.0,0.0,0.0,0,,Leads-Search-1,Pediatrics,holistic pediatricians near me,broad,None,1
pediatrician holistic,1,0,0.0,0.0,0.0,0.0,0,,Leads-Search-1,Pediatrics,pediatric holistic doctor,exact (close variant),None,1
pediatrician in minnesota,1,0,0.0,0.0,0.0,0.0,0,,Leads-Search-1,Pediatrics,holistic pediatricians near me,broad,None,1
pediatrician maple grove,1,0,0.0,0.0,0.0,0.0,0,,Leads-Search-1,Pediatrics,holistic pediatricians near me,broad,None,1
pediatrician maple grove mn,1,0,0.0,0.0,0.0,0.0,0,,Leads-Search-1,Pediatrics,holistic pediatricians near me,broad,None,1
pediatrician near me reviews,1,0,0.0,0.0,0.0,0.0,0,,Leads-Search-1,Pediatrics,holistic pediatricians near me,broad,None,1
pediatrician offices near me,1,0,0.0,0.0,0.0,0.0,0,,Leads-Search-1,Pediatrics,pediatric holistic doctor near me,broad,None,1
pediatricians delayed vaccines near me,1,0,0.0,0.0,0.0,0.0,0,,Leads-Search-1,Pediatrics,holistic pediatricians near me,broad,None,1
pediatricians general,1,0,0.0,0.0,0.0,0.0,0,,Leads-Search-1,Pediatrics,holistic pediatricians near me,broad,None,1
pediatricians in plymouth mn,1,0,0.0,0.0,0.0,0.0,0,,Leads-Search-1,Pediatrics,pediatric holistic doctor near me,broad,None,1
pediatrics,1,0,0.0,0.0,0.0,0.0,0,,Leads-Search-1,Pediatrics,natural pediatrician near me,broad,None,1
pediatrics and young adult medicine,1,0,0.0,0.0,0.0,0.0,0,,Leads-Search-1,Pediatrics,pediatric naturopath near me,broad,None,1
pediatrics clinic near me,1,0,0.0,0.0,0.0,0.0,0,,Leads-Search-1,Pediatrics,pediatric naturopath near me,broad,None,1
pediatrics clinics near me,1,0,0.0,0.0,0.0,0.0,0,,Leads-Search-1,Pediatrics,holistic pediatricians near me,broad,None,1
pediatrics eden prairie,1,0,0.0,0.0,0.0,0.0,0,,Leads-Search-1,Pediatrics,pediatric naturopath near me,broad,None,1
pediatrics edina,1,0,0.0,0.0,0.0,0.0,0,,Leads-Search-1,Pediatrics,pediatric holistic doctor,broad,None,1
pediatrix medical group,1,0,0.0,0.0,0.0,0.0,0,,Leads-Search-1,Pediatrics,pediatric naturopath near me,broad,None,1
peds clinic near me,1,0,0.0,0.0,0.0,0.0,0,,Leads-Search-1,Pediatrics,pediatric holistic doctor,broad,None,1
pedsdoctalk,1,0,0.0,0.0,0.0,0.0,0,,Leads-Search-1,Pediatrics,pediatric holistic doctor near me,broad,None,1
pm pediatrics,1,0,0.0,0.0,0.0,0.0,0,,Leads-Search-1,Pediatrics,pediatric naturopath near me,broad,None,1
poop baby,1,0,0.0,0.0,0.0,0.0,0,,Leads-Search-1,Pediatrics,pediatric naturopath near me,broad,None,1
poornima kavathekar,1,0,0.0,0.0,0.0,0.0,0,,Leads-Search-1,Pediatrics,pediatric naturopath near me,broad,None,1
primary care doctors near ne,1,0,0.0,0.0,0.0,0.0,0,,Leads-Search-1,Pediatrics,pediatric naturopath near me,broad,None,1
primary health care near me,1,0,0.0,0.0,0.0,0.0,0,,Leads-Search-1,Pediatrics,pediatric naturopath near me,broad,None,1
private pediatric clinics,1,0,0.0,0.0,0.0,0.0,0,,Leads-Search-1,Pediatrics,pediatric naturopath near me,broad,None,1
private pediatrician near me,2,0,0.0,0.0,0.0,0.0,0,,Leads-Search-1,Pediatrics,holistic pediatricians near me | natural pediatrician near me,broad,None,2
rainbow pediatrics,1,0,0.0,0.0,0.0,0.0,0,,Leads-Search-1,Pediatrics,pediatric holistic doctor,broad,None,1
sarah choudhry,1,0,0.0,0.0,0.0,0.0,0,,Leads-Search-1,Pediatrics,pediatric naturopath near me,broad,None,1
sheila kilbane,1,0,0.0,0.0,0.0,0.0,0,,Leads-Search-1,Pediatrics,pediatric holistic doctor,broad,None,1
sonja hinrichs,1,0,0.0,0.0,0.0,0.0,0,,Leads-Search-1,Pediatrics,pediatric holistic doctor,broad,None,1
sora pediatric therapy,2,0,0.0,0.0,0.0,0.0,0,,Leads-Search-1,Pediatrics,pediatric holistic doctor | pediatric holistic doctor near me,broad,None,2
southdale allergy and asthma clinic,1,0,0.0,0.0,0.0,0.0,0,,Leads-Search-1,Pediatrics,pediatric naturopath near me,broad,None,1
southdale allergy and asthma clinic near me,1,0,0.0,0.0,0.0,0.0,0,,Leads-Search-1,Pediatrics,pediatric holistic doctor,broad,None,1
southdale medical center,1,0,0.0,0.0,0.0,0.0,0,,Leads-Search-1,Pediatrics,pediatric naturopath near me,broad,None,1
southdale pediatric,1,0,0.0,0.0,0.0,0.0,0,,Leads-Search-1,Pediatrics,pediatric holistic doctor,broad,None,1
southdale pediatric edina,1,0,0.0,0.0,0.0,0.0,0,,Leads-Search-1,Pediatrics,pediatric holistic doctor,broad,None,1
southlakes pediatrics,1,0,0.0,0.0,0.0,0.0,0,,Leads-Search-1,Pediatrics,holistic pediatricians near me,broad,None,1
southside pediatrics,1,0,0.0,0.0,0.0,0.0,0,,Leads-Search-1,Pediatrics,pediatric holistic doctor near me,broad,None,1
st lukes pediatricians,1,0,0.0,0.0,0.0,0.0,0,,Leads-Search-1,Pediatrics,pediatric holistic doctor near me,broad,None,1
st paul pediatrics,1,0,0.0,0.0,0.0,0.0,0,,Leads-Search-1,Pediatrics,pediatric holistic doctor near me,broad,None,1
toddler diarrhea,1,0,0.0,0.0,0.0,0.0,0,,Leads-Search-1,Pediatrics,holistic pediatricians near me,broad,None,1
town family,1,0,0.0,0.0,0.0,0.0,0,,Leads-Search-1,Pediatrics,holistic pediatricians near me,broad,None,1
trudie sprenkle,1,0,0.0,0.0,0.0,0.0,0,,Leads-Search-1,Pediatrics,pediatric naturopath near me,broad,None,1
ulcer treatment for children,1,0,0.0,0.0,0.0,0.0,0,,Leads-Search-1,Pediatrics,pediatric holistic doctor,broad,None,1
vaccine neutral pediatrician near me,1,0,0.0,0.0,0.0,0.0,0,,Leads-Search-1,Pediatrics,holistic pediatricians near me,broad,None,1
voyage healthcare near me,1,0,0.0,0.0,0.0,0.0,0,,Leads-Search-1,Pediatrics,pediatric holistic doctor near me,broad,None,1
voyager clinic minneapolis,1,0,0.0,0.0,0.0,0.0,0,,Leads-Search-1,Pediatrics,pediatric holistic doctor,broad,None,1
walk in pediatric,1,0,0.0,0.0,0.0,0.0,0,,Leads-Search-1,Pediatrics,holistic pediatricians near me,broad,None,1
walk in pediatrics,1,0,0.0,0.0,0.0,0.0,0,,Leads-Search-1,Pediatrics,pediatric holistic doctor near me,broad,None,1
wayzata childrens,3,0,0.0,0.0,0.0,0.0,0,,Leads-Search-1,Pediatrics,pediatric holistic doctor | pediatric holistic doctor near me | pediatric naturopath near me,broad,None,3
wayzata pediatrics,1,0,0.0,0.0,0.0,0.0,0,,Leads-Search-1,Pediatrics,pediatric naturopath near me,broad,None,1
well child exam,1,0,0.0,0.0,0.0,0.0,0,,Leads-Search-1,Pediatrics,pediatric holistic doctor,broad,None,1
what to do when a baby is constipated,1,0,0.0,0.0,0.0,0.0,0,,Leads-Search-1,Pediatrics,pediatric naturopath near me,broad,None,1
where to find a functional medicine doctor,1,0,0.0,0.0,0.0,0.0,0,,Leads-Search-1,Pediatrics,holistic pediatricians near me,broad,None,1
young adult and pediatric medicine,1,0,0.0,0.0,0.0,0.0,0,,Leads-Search-1,Pediatrics,pediatric holistic doctor near me,broad,None,1
42 year old woman perimenopause,1,0,0.0,0.0,0.0,0.0,0,,Leads-Search-1,Women's Health & Hormones,women's health naturopath,broad,None,1
7 foods for shrinking fibroids,1,0,0.0,0.0,0.0,0.0,0,,Leads-Search-1,Women's Health & Hormones,female naturopath,broad,None,1
acupuncture for pregnancy near me,1,0,0.0,0.0,0.0,0.0,0,,Leads-Search-1,Women's Health & Hormones,women's naturopath near me,broad,None,1
addison's disease,1,0,0.0,0.0,0.0,0.0,0,,Leads-Search-1,Women's Health & Hormones,naturopath for hormone imbalance,broad,None,1
adora health,1,0,0.0,0.0,0.0,0.0,0,,Leads-Search-1,Women's Health & Hormones,naturopath for hormone imbalance,broad,None,1
adrenal,1,0,0.0,0.0,0.0,0.0,0,,Leads-Search-1,Women's Health & Hormones,functional medicine for hormones,broad,None,1
adrenal fatigue,1,0,0.0,0.0,0.0,0.0,0,,Leads-Search-1,Women's Health & Hormones,hormone doctor near me,broad,None,1
affirmations for health and healing,1,0,0.0,0.0,0.0,0.0,0,,Leads-Search-1,Women's Health & Hormones,naturopath for hormones,broad,None,1
affordable pap smear near me,1,0,0.0,0.0,0.0,0.0,0,,Leads-Search-1,Women's Health & Hormones,women's health naturopath,broad,None,1
age of perimenopause,1,0,0.0,0.0,0.0,0.0,0,,Leads-Search-1,Women's Health & Hormones,natural help for menopause,broad,None,1
ages of menopause,1,0,0.0,0.0,0.0,0.0,0,,Leads-Search-1,Women's Health & Hormones,women's hormone specialist near me,broad,None,1
alika health,1,0,0.0,0.0,0.0,0.0,0,,Leads-Search-1,Women's Health & Hormones,female naturopath,broad,None,1
all natural healing medical center,1,0,0.0,0.0,0.0,0.0,0,,Leads-Search-1,Women's Health & Hormones,hormone doctor near me,broad,None,1
allina women's health clinic,1,0,0.0,0.0,0.0,0.0,0,,Leads-Search-1,Women's Health & Hormones,hormone doctor near me,broad,None,1
allison k west md,1,0,0.0,0.0,0.0,0.0,0,,Leads-Search-1,Women's Health & Hormones,female naturopath,broad,None,1
almara women's health burnsville,1,0,0.0,0.0,0.0,0.0,0,,Leads-Search-1,Women's Health & Hormones,naturopath for fertility,broad,None,1
almara women's health clinic,3,0,0.0,0.0,0.0,0.0,0,,Leads-Search-1,Women's Health & Hormones,naturopath for hormones | women's health naturopath | women's naturopath near me,broad,None,3
almara women's health edina,1,0,0.0,0.0,0.0,0.0,0,,Leads-Search-1,Women's Health & Hormones,women's naturopath near me,broad,None,1
almara womens health edina,1,0,0.0,0.0,0.0,0.0,0,,Leads-Search-1,Women's Health & Hormones,women's naturopath near me,broad,None,1
alternative menopause treatments,2,0,0.0,0.0,0.0,0.0,0,,Leads-Search-1,Women's Health & Hormones,naturopath for hormones | naturopath for women's health,broad,None,2
alternative treatments for hypothyroidism,1,0,0.0,0.0,0.0,0.0,0,,Leads-Search-1,Women's Health & Hormones,women's health naturopath,broad,None,1
alternatives to hormone replacement therapy,1,0,0.0,0.0,0.0,0.0,0,,Leads-Search-1,Women's Health & Hormones,female naturopath near me,broad,None,1
amara womens health,2,0,0.0,0.0,0.0,0.0,0,,Leads-Search-1,Women's Health & Hormones,female naturopath | naturopath for hormone imbalance,broad,None,2
amh blood test,1,0,0.0,0.0,0.0,0.0,0,,Leads-Search-1,Women's Health & Hormones,hormone doctor near me,broad,None,1
amh testing near me,1,0,0.0,0.0,0.0,0.0,0,,Leads-Search-1,Women's Health & Hormones,women's health naturopath,broad,None,1
amina warfa,1,0,0.0,0.0,0.0,0.0,0,,Leads-Search-1,Women's Health & Hormones,hormone doctor near me,broad,None,1
amy brown obgyn,1,0,0.0,0.0,0.0,0.0,0,,Leads-Search-1,Women's Health & Hormones,women's health naturopath,broad,None,1
amy kelly md,1,0,0.0,0.0,0.0,0.0,0,,Leads-Search-1,Women's Health & Hormones,female naturopath near me,broad,None,1
anna ayers looby,1,0,0.0,0.0,0.0,0.0,0,,Leads-Search-1,Women's Health & Hormones,hormone doctor near me,broad,None,1
anna cabeca,1,0,0.0,0.0,0.0,0.0,0,,Leads-Search-1,Women's Health & Hormones,hormone doctor near me,broad,None,1
arcadia womens wellness,1,0,0.0,0.0,0.0,0.0,0,,Leads-Search-1,Women's Health & Hormones,naturopath for hormones,broad,None,1
are fibroids caused by hormonal imbalance,1,0,0.0,0.0,0.0,0.0,0,,Leads-Search-1,Women's Health & Hormones,female naturopath,broad,None,1
are there any foods that contain estrogen,1,0,0.0,0.0,0.0,0.0,0,,Leads-Search-1,Women's Health & Hormones,women's hormone specialist near me,broad,None,1
armour thyro,1,0,0.0,0.0,0.0,0.0,0,,Leads-Search-1,Women's Health & Hormones,Hashimoto's naturopath,broad,None,1
associate in women's health,1,0,0.0,0.0,0.0,0.0,0,,Leads-Search-1,Women's Health & Hormones,women's health naturopath,broad,None,1
associates in women's health france avenue south edina mn,1,0,0.0,0.0,0.0,0.0,0,,Leads-Search-1,Women's Health & Hormones,women's health naturopath,broad,None,1
associates in women's health near me,1,0,0.0,0.0,0.0,0.0,0,,Leads-Search-1,Women's Health & Hormones,women's health naturopath,broad,None,1
at what age do women go through menopause,1,0,0.0,0.0,0.0,0.0,0,,Leads-Search-1,Women's Health & Hormones,women's hormone specialist near me,broad,None,1
balance a perimenopause journey,1,0,0.0,0.0,0.0,0.0,0,,Leads-Search-1,Women's Health & Hormones,female naturopath near me,broad,None,1
beam glow reviews,1,0,0.0,0.0,0.0,0.0,0,,Leads-Search-1,Women's Health & Hormones,naturopath for hormone imbalance,broad,None,1
belly fat high cortisol,1,0,0.0,0.0,0.0,0.0,0,,Leads-Search-1,Women's Health & Hormones,naturopath for hormones,broad,None,1
benefits of bioidentical hormones,1,0,0.0,0.0,0.0,0.0,0,,Leads-Search-1,Women's Health & Hormones,functional medicine hormones,broad,None,1
best diet for pcos weight loss,1,0,0.0,0.0,0.0,0.0,0,,Leads-Search-1,Women's Health & Hormones,functional medicine hormones,broad,None,1
best doctor for hashimoto's near me,1,0,0.0,0.0,0.0,0.0,0,,Leads-Search-1,Women's Health & Hormones,Hashimoto's naturopath,broad,None,1
best doctor for hormonal imbalance,1,0,0.0,0.0,0.0,0.0,0,,Leads-Search-1,Women's Health & Hormones,female naturopath near me,broad,None,1
best doctor for menopause near me,1,0,0.0,0.0,0.0,0.0,0,,Leads-Search-1,Women's Health & Hormones,perimenopause doctor near me,exact (close variant),None,1
best doctors for pregnancy near me,1,0,0.0,0.0,0.0,0.0,0,,Leads-Search-1,Women's Health & Hormones,women's naturopath near me,broad,None,1
best food for perimenopause,1,0,0.0,0.0,0.0,0.0,0,,Leads-Search-1,Women's Health & Hormones,naturopath for hormones,broad,None,1
best gynecologist minneapolis,3,0,0.0,0.0,0.0,0.0,0,,Leads-Search-1,Women's Health & Hormones,functional medicine for hormones | naturopath for hormones | women's naturopath near me,broad,None,3
best gynecologist near me,1,0,0.0,0.0,0.0,0.0,0,,Leads-Search-1,Women's Health & Hormones,hormone doctor near me,broad,None,1
best hormone dr near me,1,0,0.0,0.0,0.0,0.0,0,,Leads-Search-1,Women's Health & Hormones,hormone doctor near me,exact (close variant),None,1
best hrt clinic near me,1,0,0.0,0.0,0.0,0.0,0,,Leads-Search-1,Women's Health & Hormones,women's hormone specialist near me,broad,None,1
best ivf clinic in minnesota,2,0,0.0,0.0,0.0,0.0,0,,Leads-Search-1,Women's Health & Hormones,fertility naturopath near me | naturopath for fertility,broad,None,2
best menopause relief,1,0,0.0,0.0,0.0,0.0,0,,Leads-Search-1,Women's Health & Hormones,female naturopath,broad,None,1
best natural thyroid support,1,0,0.0,0.0,0.0,0.0,0,,Leads-Search-1,Women's Health & Hormones,female naturopath,broad,None,1
best place to get birth control,1,0,0.0,0.0,0.0,0.0,0,,Leads-Search-1,Women's Health & Hormones,hormone doctor near me,broad,None,1
best reproductive endocrinologist near me,1,0,0.0,0.0,0.0,0.0,0,,Leads-Search-1,Women's Health & Hormones,women's health naturopath,broad,None,1
best thyroid doctors in minnesota,1,0,0.0,0.0,0.0,0.0,0,,Leads-Search-1,Women's Health & Hormones,Hashimoto's naturopath,broad,None,1
best thyroid doctors near me,1,0,0.0,0.0,0.0,0.0,0,,Leads-Search-1,Women's Health & Hormones,hormone doctor near me,phrase (close variant),None,1
best way to manage menopause,1,0,0.0,0.0,0.0,0.0,0,,Leads-Search-1,Women's Health & Hormones,female naturopath near me,broad,None,1
bhrt provider,2,0,0.0,0.0,0.0,0.0,0,,Leads-Search-1,Women's Health & Hormones,functional medicine for hormones | functional medicine hormones,broad,None,2
bio identical hormone therapy for women,1,0,0.0,0.0,0.0,0.0,0,,Leads-Search-1,Women's Health & Hormones,functional medicine for hormones,broad,None,1
bio identical pellet hormone replacement therapy,1,0,0.0,0.0,0.0,0.0,0,,Leads-Search-1,Women's Health & Hormones,functional medicine for hormones,broad,None,1
bioidentical hormone replacement therapy,3,0,0.0,0.0,0.0,0.0,0,,Leads-Search-1,Women's Health & Hormones,functional medicine for hormones | women's health naturopath | women's hormone specialist near me,broad,None,3
biomed hormone replacement therapy,1,0,0.0,0.0,0.0,0.0,0,,Leads-Search-1,Women's Health & Hormones,naturopath for hormone imbalance,broad,None,1
biote cost for women,1,0,0.0,0.0,0.0,0.0,0,,Leads-Search-1,Women's Health & Hormones,naturopath for hormone imbalance,broad,None,1
birth control clinic near me,1,0,0.0,0.0,0.0,0.0,0,,Leads-Search-1,Women's Health & Hormones,women's hormone specialist near me,broad,None,1
black cohosh,1,0,0.0,0.0,0.0,0.0,0,,Leads-Search-1,Women's Health & Hormones,natural help for menopause,phrase (close variant),None,1
black cohosh for hot flashes,1,0,0.0,0.0,0.0,0.0,0,,Leads-Search-1,Women's Health & Hormones,naturopath for hormone imbalance,broad,None,1
bleeding blood clots after menopause,1,0,0.0,0.0,0.0,0.0,0,,Leads-Search-1,Women's Health & Hormones,women's hormone specialist near me,broad,None,1
blood test for perimenopause,1,0,0.0,0.0,0.0,0.0,0,,Leads-Search-1,Women's Health & Hormones,women's health naturopath,broad,None,1
blood test for pmos,1,0,0.0,0.0,0.0,0.0,0,,Leads-Search-1,Women's Health & Hormones,functional medicine for hormones,broad,None,1
blood tests for menopause,1,0,0.0,0.0,0.0,0.0,0,,Leads-Search-1,Women's Health & Hormones,naturopath for hormone imbalance,broad,None,1
blood tests for pcos,1,0,0.0,0.0,0.0,0.0,0,,Leads-Search-1,Women's Health & Hormones,women's health naturopath,broad,None,1
building muscle perimenopause,1,0,0.0,0.0,0.0,0.0,0,,Leads-Search-1,Women's Health & Hormones,functional medicine hormones,broad,None,1
cah,1,0,0.0,0.0,0.0,0.0,0,,Leads-Search-1,Women's Health & Hormones,functional medicine for hormones,broad,None,1
can a doctor check your hormone levels,1,0,0.0,0.0,0.0,0.0,0,,Leads-Search-1,Women's Health & Hormones,women's health naturopath,broad,None,1
can a woman with endometriosis get pregnant naturally,1,0,0.0,0.0,0.0,0.0,0,,Leads-Search-1,Women's Health & Hormones,women's health naturopath,broad,None,1
can hormone replacement therapy help with weight loss,2,0,0.0,0.0,0.0,0.0,0,,Leads-Search-1,Women's Health & Hormones,hormone doctor near me | women's hormone specialist near me,broad,None,2
can hrt help with sleep,1,0,0.0,0.0,0.0,0.0,0,,Leads-Search-1,Women's Health & Hormones,women's health naturopath,broad,None,1
can menopause be reversed,1,0,0.0,0.0,0.0,0.0,0,,Leads-Search-1,Women's Health & Hormones,women's health naturopath,broad,None,1
can menopause cause vomiting,1,0,0.0,0.0,0.0,0.0,0,,Leads-Search-1,Women's Health & Hormones,women's hormone specialist near me,broad,None,1
can you fix hypothyroidism,1,0,0.0,0.0,0.0,0.0,0,,Leads-Search-1,Women's Health & Hormones,Hashimoto's naturopath,broad,None,1
candida vaginal infection,1,0,0.0,0.0,0.0,0.0,0,,Leads-Search-1,Women's Health & Hormones,women's health naturopath,broad,None,1
candidiasis vaginal,1,0,0.0,0.0,0.0,0.0,0,,Leads-Search-1,Women's Health & Hormones,female naturopath,broad,None,1
cant sleep perimenopause,1,0,0.0,0.0,0.0,0.0,0,,Leads-Search-1,Women's Health & Hormones,women's health naturopath,broad,None,1
care fertility,1,0,0.0,0.0,0.0,0.0,0,,Leads-Search-1,Women's Health & Hormones,hormone doctor near me,broad,None,1
carnivore diet and menopause,1,0,0.0,0.0,0.0,0.0,0,,Leads-Search-1,Women's Health & Hormones,female naturopath near me,broad,None,1
castor oil constipation,1,0,0.0,0.0,0.0,0.0,0,,Leads-Search-1,Women's Health & Hormones,female naturopath near me,broad,None,1
causes of endometriosis,1,0,0.0,0.0,0.0,0.0,0,,Leads-Search-1,Women's Health & Hormones,female naturopath near me,broad,None,1
center for women's health,1,0,0.0,0.0,0.0,0.0,0,,Leads-Search-1,Women's Health & Hormones,functional medicine for hormones,broad,None,1
certified perimenopause specialist,1,0,0.0,0.0,0.0,0.0,0,,Leads-Search-1,Women's Health & Hormones,female naturopath near me,broad,None,1
christine larson md,1,0,0.0,0.0,0.0,0.0,0,,Leads-Search-1,Women's Health & Hormones,women's health naturopath,broad,None,1
chronic stomach pain,1,0,0.0,0.0,0.0,0.0,0,,Leads-Search-1,Women's Health & Hormones,female naturopath near me,broad,None,1
cimicifuga racemosa para menopausia,1,0,0.0,0.0,0.0,0.0,0,,Leads-Search-1,Women's Health & Hormones,natural help for menopause,broad,None,1
clinica health partner,1,0,0.0,0.0,0.0,0.0,0,,Leads-Search-1,Women's Health & Hormones,female naturopath near me,broad,None,1
cloves benefits for thyroid,1,0,0.0,0.0,0.0,0.0,0,,Leads-Search-1,Women's Health & Hormones,functional medicine hormones,broad,None,1
como obtener estrógenos,1,0,0.0,0.0,0.0,0.0,0,,Leads-Search-1,Women's Health & Hormones,hormone doctor near me,broad,None,1
como preparar mi cuerpo para un embarazo,1,0,0.0,0.0,0.0,0.0,0,,Leads-Search-1,Women's Health & Hormones,fertility naturopath near me,broad,None,1
complete hormone panel,1,0,0.0,0.0,0.0,0.0,0,,Leads-Search-1,Women's Health & Hormones,women's hormone specialist near me,broad,None,1
constipation,1,0,0.0,0.0,0.0,0.0,0,,Leads-Search-1,Women's Health & Hormones,naturopath for hormones,broad,None,1
copper iud insertion,1,0,0.0,0.0,0.0,0.0,0,,Leads-Search-1,Women's Health & Hormones,women's hormone specialist near me,broad,None,1
cortisol belly,1,0,0.0,0.0,0.0,0.0,0,,Leads-Search-1,Women's Health & Hormones,hormone doctor near me,broad,None,1
cortisol exam,1,0,0.0,0.0,0.0,0.0,0,,Leads-Search-1,Women's Health & Hormones,naturopath for hormone imbalance,broad,None,1
cortisol fat reduction,1,0,0.0,0.0,0.0,0.0,0,,Leads-Search-1,Women's Health & Hormones,naturopath for hormone imbalance,broad,None,1
cortisol levels,1,0,0.0,0.0,0.0,0.0,0,,Leads-Search-1,Women's Health & Hormones,naturopath for hormone imbalance,broad,None,1
cortisol purge frequency,1,0,0.0,0.0,0.0,0.0,0,,Leads-Search-1,Women's Health & Hormones,hormone doctor near me,broad,None,1
cushing syndrome,1,0,0.0,0.0,0.0,0.0,0,,Leads-Search-1,Women's Health & Hormones,female naturopath near me,broad,None,1
cycle during perimenopause,1,0,0.0,0.0,0.0,0.0,0,,Leads-Search-1,Women's Health & Hormones,hormone doctor near me,broad,None,1
designer hormones,1,0,0.0,0.0,0.0,0.0,0,,Leads-Search-1,Women's Health & Hormones,women's hormone specialist near me,broad,None,1
dhea for women fertility,1,0,0.0,0.0,0.0,0.0,0,,Leads-Search-1,Women's Health & Hormones,naturopath for hormones,broad,None,1
dhea perimenopause,1,0,0.0,0.0,0.0,0.0,0,,Leads-Search-1,Women's Health & Hormones,women's health naturopath,broad,None,1
diamond institute,1,0,0.0,0.0,0.0,0.0,0,,Leads-Search-1,Women's Health & Hormones,fertility naturopath near me,broad,None,1
digestive issues women,1,0,0.0,0.0,0.0,0.0,0,,Leads-Search-1,Women's Health & Hormones,women's health naturopath,broad,None,1
do i have pcos,1,0,0.0,0.0,0.0,0.0,0,,Leads-Search-1,Women's Health & Hormones,functional medicine for hormones,broad,None,1
doac menopause,1,0,0.0,0.0,0.0,0.0,0,,Leads-Search-1,Women's Health & Hormones,women's hormone specialist near me,broad,None,1
doctor for hrt,1,0,0.0,0.0,0.0,0.0,0,,Leads-Search-1,Women's Health & Hormones,women's naturopath near me,broad,None,1
doctor for menopause,2,0,0.0,0.0,0.0,0.0,0,,Leads-Search-1,Women's Health & Hormones,naturopath for hormones | women's health naturopath,broad,None,2
doctor for pregnant women,1,0,0.0,0.0,0.0,0.0,0,,Leads-Search-1,Women's Health & Hormones,women's naturopath near me,broad,None,1
doctor for women's health,1,0,0.0,0.0,0.0,0.0,0,,Leads-Search-1,Women's Health & Hormones,female naturopath near me,broad,None,1
doctor that specializes in hormones,1,0,0.0,0.0,0.0,0.0,0,,Leads-Search-1,Women's Health & Hormones,hormone doctor near me,exact (close variant),None,1
doctora ana maria kausel,1,0,0.0,0.0,0.0,0.0,0,,Leads-Search-1,Women's Health & Hormones,hormone doctor near me,broad,None,1
doctors eden prairie mn,1,0,0.0,0.0,0.0,0.0,0,,Leads-Search-1,Women's Health & Hormones,hormone doctor near me,broad,None,1
doctors specializing in menopause,1,0,0.0,0.0,0.0,0.0,0,,Leads-Search-1,Women's Health & Hormones,perimenopause doctor near me,exact (close variant),None,1
doctors specializing in menopause near me,1,0,0.0,0.0,0.0,0.0,0,,Leads-Search-1,Women's Health & Hormones,perimenopause doctor near me,exact (close variant),None,1
does a hysterectomy affect hormones,1,0,0.0,0.0,0.0,0.0,0,,Leads-Search-1,Women's Health & Hormones,hormone doctor near me,broad,None,1
does menopause cause sleepiness,1,0,0.0,0.0,0.0,0.0,0,,Leads-Search-1,Women's Health & Hormones,women's health naturopath,broad,None,1
does perimenopause cause nausea,1,0,0.0,0.0,0.0,0.0,0,,Leads-Search-1,Women's Health & Hormones,women's health naturopath,broad,None,1
dori perimenopause,1,0,0.0,0.0,0.0,0.0,0,,Leads-Search-1,Women's Health & Hormones,women's hormone specialist near me,broad,None,1
dr anthony jay,1,0,0.0,0.0,0.0,0.0,0,,Leads-Search-1,Women's Health & Hormones,naturopath for hormone imbalance,broad,None,1
dr berg pregnancy,1,0,0.0,0.0,0.0,0.0,0,,Leads-Search-1,Women's Health & Hormones,female naturopath,broad,None,1
dr bigos,1,0,0.0,0.0,0.0,0.0,0,,Leads-Search-1,Women's Health & Hormones,fertility naturopath near me,broad,None,1
dr bri,1,0,0.0,0.0,0.0,0.0,0,,Leads-Search-1,Women's Health & Hormones,female naturopath near me,broad,None,1
dr goralski,1,0,0.0,0.0,0.0,0.0,0,,Leads-Search-1,Women's Health & Hormones,hormone doctor near me,broad,None,1
dr gregory brannon,1,0,0.0,0.0,0.0,0.0,0,,Leads-Search-1,Women's Health & Hormones,women's hormone specialist near me,broad,None,1
dr grootwassink,1,0,0.0,0.0,0.0,0.0,0,,Leads-Search-1,Women's Health & Hormones,women's hormone specialist near me,broad,None,1
dr hope frisch,1,0,0.0,0.0,0.0,0.0,0,,Leads-Search-1,Women's Health & Hormones,female naturopath near me,broad,None,1
dr huepfel,1,0,0.0,0.0,0.0,0.0,0,,Leads-Search-1,Women's Health & Hormones,female naturopath,broad,None,1
dr jessi grajczyk,1,0,0.0,0.0,0.0,0.0,0,,Leads-Search-1,Women's Health & Hormones,natural help for menopause,broad,None,1
dr kelin schultz,1,0,0.0,0.0,0.0,0.0,0,,Leads-Search-1,Women's Health & Hormones,naturopath for hormone imbalance,broad,None,1
dr kelly casperson,1,0,0.0,0.0,0.0,0.0,0,,Leads-Search-1,Women's Health & Hormones,women's hormone specialist near me,broad,None,1
dr ken berry thyroid test,1,0,0.0,0.0,0.0,0.0,0,,Leads-Search-1,Women's Health & Hormones,naturopath for hormone imbalance,broad,None,1
dr kristen latta,1,0,0.0,0.0,0.0,0.0,0,,Leads-Search-1,Women's Health & Hormones,hormone doctor near me,broad,None,1
dr michelle sands,1,0,0.0,0.0,0.0,0.0,0,,Leads-Search-1,Women's Health & Hormones,women's health naturopath,phrase (close variant),None,1
dr minjeur napro,1,0,0.0,0.0,0.0,0.0,0,,Leads-Search-1,Women's Health & Hormones,fertility naturopath near me,broad,None,1
dr neyro menopausia,1,0,0.0,0.0,0.0,0.0,0,,Leads-Search-1,Women's Health & Hormones,naturopath for menopause,broad,None,1
dr rachel rubin menopause,1,0,0.0,0.0,0.0,0.0,0,,Leads-Search-1,Women's Health & Hormones,female naturopath near me,broad,None,1
dr stacy sims,1,0,0.0,0.0,0.0,0.0,0,,Leads-Search-1,Women's Health & Hormones,female naturopath near me,broad,None,1
dr susan hardwick smith,1,0,0.0,0.0,0.0,0.0,0,,Leads-Search-1,Women's Health & Hormones,naturopath for women's health,broad,None,1
dr theresa hoffoss,1,0,0.0,0.0,0.0,0.0,0,,Leads-Search-1,Women's Health & Hormones,hormone doctor near me,broad,None,1
dutch blood test,2,0,0.0,0.0,0.0,0.0,0,,Leads-Search-1,Women's Health & Hormones,women's health naturopath | women's hormone specialist near me,broad,None,2
dutch hormone test near me,2,0,0.0,0.0,0.0,0.0,0,,Leads-Search-1,Women's Health & Hormones,naturopath for hormone imbalance | women's health naturopath,broad,None,2
dutch test,1,0,0.0,0.0,0.0,0.0,0,,Leads-Search-1,Women's Health & Hormones,hormone doctor near me,broad,None,1
dutch test cost,1,0,0.0,0.0,0.0,0.0,0,,Leads-Search-1,Women's Health & Hormones,naturopath for women's health,broad,None,1
dutch test for hormones,2,0,0.0,0.0,0.0,0.0,0,,Leads-Search-1,Women's Health & Hormones,naturopath for women's health | women's hormone specialist near me,broad,None,2
dutch test providers near me,1,0,0.0,0.0,0.0,0.0,0,,Leads-Search-1,Women's Health & Hormones,hormone doctor near me,phrase (close variant),None,1
dutch testing,1,0,0.0,0.0,0.0,0.0,0,,Leads-Search-1,Women's Health & Hormones,women's hormone specialist near me,broad,None,1
dutch testing for hormones,1,0,0.0,0.0,0.0,0.0,0,,Leads-Search-1,Women's Health & Hormones,hormone doctor near me,broad,None,1
dutch tests,2,0,0.0,0.0,0.0,0.0,0,,Leads-Search-1,Women's Health & Hormones,naturopath for hormone imbalance | women's hormone specialist near me,broad,None,2
dutch urine hormone test,1,0,0.0,0.0,0.0,0.0,0,,Leads-Search-1,Women's Health & Hormones,functional medicine for hormones,broad,None,1
eating for hormone balance,1,0,0.0,0.0,0.0,0.0,0,,Leads-Search-1,Women's Health & Hormones,naturopath for hormone imbalance,broad,None,1
eggs and sperm fertilization,1,0,0.0,0.0,0.0,0.0,0,,Leads-Search-1,Women's Health & Hormones,fertility naturopath near me,broad,None,1
emma vadnais,1,0,0.0,0.0,0.0,0.0,0,,Leads-Search-1,Women's Health & Hormones,female naturopath near me,broad,None,1
emma wells hormonal reset protocol,1,0,0.0,0.0,0.0,0.0,0,,Leads-Search-1,Women's Health & Hormones,women's health naturopath,broad,None,1
endocrine system,1,0,0.0,0.0,0.0,0.0,0,,Leads-Search-1,Women's Health & Hormones,naturopath for hormone imbalance,broad,None,1
endocrinologist and endometriosis,1,0,0.0,0.0,0.0,0.0,0,,Leads-Search-1,Women's Health & Hormones,women's naturopath near me,broad,None,1
endocrinologist for pcos,1,0,0.0,0.0,0.0,0.0,0,,Leads-Search-1,Women's Health & Hormones,naturopath for fertility,broad,None,1
endocrinologist for pcos near me,1,0,0.0,0.0,0.0,0.0,0,,Leads-Search-1,Women's Health & Hormones,fertility naturopath near me,broad,None,1
endocrinologist pcos specialist,1,0,0.0,0.0,0.0,0.0,0,,Leads-Search-1,Women's Health & Hormones,naturopath for women's health,broad,None,1
endocrinologist specialist,1,0,0.0,0.0,0.0,0.0,0,,Leads-Search-1,Women's Health & Hormones,naturopath for hormones,broad,None,1
endocrinologists doctor near me,1,0,0.0,0.0,0.0,0.0,0,,Leads-Search-1,Women's Health & Hormones,hormone doctor near me,phrase (close variant),None,1
endocrinologists near me,1,0,0.0,0.0,0.0,0.0,0,,Leads-Search-1,Women's Health & Hormones,hormone doctor near me,phrase (close variant),None,1
endocrinology,2,0,0.0,0.0,0.0,0.0,0,,Leads-Search-1,Women's Health & Hormones,hormone doctor near me | naturopath for hormone imbalance,broad,None,2
endocrinology clinic of minneapolis p a,1,0,0.0,0.0,0.0,0.0,0,,Leads-Search-1,Women's Health & Hormones,functional medicine for hormones,broad,None,1
endocrinology hormones,1,0,0.0,0.0,0.0,0.0,0,,Leads-Search-1,Women's Health & Hormones,hormone doctor near me,broad,None,1
endometriosis blood test,1,0,0.0,0.0,0.0,0.0,0,,Leads-Search-1,Women's Health & Hormones,hormone doctor near me,broad,None,1
endometriosis diet plan,1,0,0.0,0.0,0.0,0.0,0,,Leads-Search-1,Women's Health & Hormones,women's health naturopath,broad,None,1
endometriosis explained,1,0,0.0,0.0,0.0,0.0,0,,Leads-Search-1,Women's Health & Hormones,women's health naturopath,broad,None,1
endometriosis functional medicine,1,0,0.0,0.0,0.0,0.0,0,,Leads-Search-1,Women's Health & Hormones,functional medicine for hormones,broad,None,1
endometriosis hair loss,1,0,0.0,0.0,0.0,0.0,0,,Leads-Search-1,Women's Health & Hormones,hormone doctor near me,broad,None,1
endometriosis infertility,1,0,0.0,0.0,0.0,0.0,0,,Leads-Search-1,Women's Health & Hormones,women's health naturopath,broad,None,1
endometriosis management,1,0,0.0,0.0,0.0,0.0,0,,Leads-Search-1,Women's Health & Hormones,women's health naturopath,broad,None,1
endometriosis providers near me,1,0,0.0,0.0,0.0,0.0,0,,Leads-Search-1,Women's Health & Hormones,women's health naturopath,broad,None,1
endometriosis specialist mn,1,0,0.0,0.0,0.0,0.0,0,,Leads-Search-1,Women's Health & Hormones,hormone doctor near me,broad,None,1
endometriosis specialists near me,1,0,0.0,0.0,0.0,0.0,0,,Leads-Search-1,Women's Health & Hormones,naturopath for hormone imbalance,broad,None,1
endometriosis testing near me,1,0,0.0,0.0,0.0,0.0,0,,Leads-Search-1,Women's Health & Hormones,women's health naturopath,broad,None,1
endometriosis treatment,2,0,0.0,0.0,0.0,0.0,0,,Leads-Search-1,Women's Health & Hormones,hormone doctor near me | women's health naturopath,broad,None,2
endometriosis treatments,1,0,0.0,0.0,0.0,0.0,0,,Leads-Search-1,Women's Health & Hormones,hormone doctor near me,broad,None,1
endora for endometriosis,1,0,0.0,0.0,0.0,0.0,0,,Leads-Search-1,Women's Health & Hormones,hormone doctor near me,broad,None,1
es bueno tomar hormonas para la menopausia,1,0,0.0,0.0,0.0,0.0,0,,Leads-Search-1,Women's Health & Hormones,natural help for menopause,broad,None,1
estro dim supplement,1,0,0.0,0.0,0.0,0.0,0,,Leads-Search-1,Women's Health & Hormones,natural help for menopause,broad,None,1
estrogen after age 70,1,0,0.0,0.0,0.0,0.0,0,,Leads-Search-1,Women's Health & Hormones,functional medicine hormones,broad,None,1
estrogen and testosterone pellets,1,0,0.0,0.0,0.0,0.0,0,,Leads-Search-1,Women's Health & Hormones,functional medicine for hormones,broad,None,1
estrogen cream,1,0,0.0,0.0,0.0,0.0,0,,Leads-Search-1,Women's Health & Hormones,women's hormone specialist near me,broad,None,1
estrogen cycle,1,0,0.0,0.0,0.0,0.0,0,,Leads-Search-1,Women's Health & Hormones,female naturopath,broad,None,1
estrogen histamine menopause,1,0,0.0,0.0,0.0,0.0,0,,Leads-Search-1,Women's Health & Hormones,women's health naturopath,broad,None,1
estrogen therapy options,1,0,0.0,0.0,0.0,0.0,0,,Leads-Search-1,Women's Health & Hormones,naturopath for hormone imbalance,broad,None,1
everwell wellness,1,0,0.0,0.0,0.0,0.0,0,,Leads-Search-1,Women's Health & Hormones,female naturopath,broad,None,1
evexias,1,0,0.0,0.0,0.0,0.0,0,,Leads-Search-1,Women's Health & Hormones,natural help for menopause,broad,None,1
excess androgens in women,1,0,0.0,0.0,0.0,0.0,0,,Leads-Search-1,Women's Health & Hormones,women's health naturopath,broad,None,1
excess estrogen in women,1,0,0.0,0.0,0.0,0.0,0,,Leads-Search-1,Women's Health & Hormones,natural help for menopause,broad,None,1
excessive vaginal bleeding,1,0,0.0,0.0,0.0,0.0,0,,Leads-Search-1,Women's Health & Hormones,women's hormone specialist near me,broad,None,1
extreme menstrual bleeding,1,0,0.0,0.0,0.0,0.0,0,,Leads-Search-1,Women's Health & Hormones,hormone doctor near me,broad,None,1
extreme period pain,1,0,0.0,0.0,0.0,0.0,0,,Leads-Search-1,Women's Health & Hormones,hormone doctor near me,broad,None,1
family medicine obstetrics,1,0,0.0,0.0,0.0,0.0,0,,Leads-Search-1,Women's Health & Hormones,women's health naturopath,broad,None,1
family planning,1,0,0.0,0.0,0.0,0.0,0,,Leads-Search-1,Women's Health & Hormones,women's hormone specialist near me,broad,None,1
farha khan md,1,0,0.0,0.0,0.0,0.0,0,,Leads-Search-1,Women's Health & Hormones,hormone doctor near me,broad,None,1
fasting perimenopause,1,0,0.0,0.0,0.0,0.0,0,,Leads-Search-1,Women's Health & Hormones,female naturopath near me,broad,None,1
fbs pregnancy,1,0,0.0,0.0,0.0,0.0,0,,Leads-Search-1,Women's Health & Hormones,women's health naturopath,broad,None,1
fda expert panel on menopause,1,0,0.0,0.0,0.0,0.0,0,,Leads-Search-1,Women's Health & Hormones,hormone doctor near me,broad,None,1
feeling of heaviness in pelvic area,1,0,0.0,0.0,0.0,0.0,0,,Leads-Search-1,Women's Health & Hormones,female naturopath,broad,None,1
female examination,1,0,0.0,0.0,0.0,0.0,0,,Leads-Search-1,Women's Health & Hormones,hormone doctor near me,broad,None,1
female gynecologist near me accepting new patients,1,0,0.0,0.0,0.0,0.0,0,,Leads-Search-1,Women's Health & Hormones,fertility naturopath near me,broad,None,1
female gyno exam,1,0,0.0,0.0,0.0,0.0,0,,Leads-Search-1,Women's Health & Hormones,women's hormone specialist near me,broad,None,1
female hormone doctor near me,2,0,0.0,0.0,0.0,0.0,0,,Leads-Search-1,Women's Health & Hormones,functional medicine for hormones | hormone doctor near me,broad | phrase,None,2
female hormones,1,0,0.0,0.0,0.0,0.0,0,,Leads-Search-1,Women's Health & Hormones,women's hormone specialist near me,broad,None,1
female hrt protocol,1,0,0.0,0.0,0.0,0.0,0,,Leads-Search-1,Women's Health & Hormones,women's hormone specialist near me,broad,None,1
female pelvic disorders,1,0,0.0,0.0,0.0,0.0,0,,Leads-Search-1,Women's Health & Hormones,women's health naturopath,broad,None,1
female physio co,1,0,0.0,0.0,0.0,0.0,0,,Leads-Search-1,Women's Health & Hormones,female naturopath near me,broad,None,1
female reproductive hormones,1,0,0.0,0.0,0.0,0.0,0,,Leads-Search-1,Women's Health & Hormones,naturopath for hormone imbalance,broad,None,1
fertility,2,0,0.0,0.0,0.0,0.0,0,,Leads-Search-1,Women's Health & Hormones,hormone doctor near me | naturopath for fertility,broad,None,2
fertility care,1,0,0.0,0.0,0.0,0.0,0,,Leads-Search-1,Women's Health & Hormones,fertility naturopath near me,broad,None,1
fertility clinic near me within 5 mi,1,0,0.0,0.0,0.0,0.0,0,,Leads-Search-1,Women's Health & Hormones,fertility naturopath near me,broad,None,1
fertility clinics near me,1,0,0.0,0.0,0.0,0.0,0,,Leads-Search-1,Women's Health & Hormones,naturopath for women's health,broad,None,1
fertility doctor,2,0,0.0,0.0,0.0,0.0,0,,Leads-Search-1,Women's Health & Hormones,naturopath for hormones | women's health naturopath,broad,None,2
fertility endocrinologist,1,0,0.0,0.0,0.0,0.0,0,,Leads-Search-1,Women's Health & Hormones,naturopath for women's health,broad,None,1
fertility hospital near me near me,1,0,0.0,0.0,0.0,0.0,0,,Leads-Search-1,Women's Health & Hormones,naturopath for fertility,broad,None,1
fertility near me,1,0,0.0,0.0,0.0,0.0,0,,Leads-Search-1,Women's Health & Hormones,fertility naturopath near me,broad,None,1
fertility specialist near me,1,0,0.0,0.0,0.0,0.0,0,,Leads-Search-1,Women's Health & Hormones,fertility naturopath near me,broad,None,1
fertility test,1,0,0.0,0.0,0.0,0.0,0,,Leads-Search-1,Women's Health & Hormones,fertility naturopath near me,broad,None,1
fertility testing,1,0,0.0,0.0,0.0,0.0,0,,Leads-Search-1,Women's Health & Hormones,hormone doctor near me,broad,None,1
fertility therapist,1,0,0.0,0.0,0.0,0.0,0,,Leads-Search-1,Women's Health & Hormones,women's hormone specialist near me,broad,None,1
fibroid clinic near me,2,0,0.0,0.0,0.0,0.0,0,,Leads-Search-1,Women's Health & Hormones,female naturopath near me | women's health naturopath,broad,None,2
fibroid symptoms,1,0,0.0,0.0,0.0,0.0,0,,Leads-Search-1,Women's Health & Hormones,women's hormone specialist near me,broad,None,1
fibroids in uterus treatment,1,0,0.0,0.0,0.0,0.0,0,,Leads-Search-1,Women's Health & Hormones,women's hormone specialist near me,broad,None,1
fitoestrogenos,1,0,0.0,0.0,0.0,0.0,0,,Leads-Search-1,Women's Health & Hormones,natural help for menopause,broad,None,1
fix your thyroid,1,0,0.0,0.0,0.0,0.0,0,,Leads-Search-1,Women's Health & Hormones,naturopath for hormone imbalance,broad,None,1
food for hormonal imbalance,1,0,0.0,0.0,0.0,0.0,0,,Leads-Search-1,Women's Health & Hormones,women's health naturopath,broad,None,1
foods good for fertility,1,0,0.0,0.0,0.0,0.0,0,,Leads-Search-1,Women's Health & Hormones,naturopath for hormone imbalance,broad,None,1
foods high in estrogen,1,0,0.0,0.0,0.0,0.0,0,,Leads-Search-1,Women's Health & Hormones,natural help for menopause,broad,None,1
foods that help with period cramps,1,0,0.0,0.0,0.0,0.0,0,,Leads-Search-1,Women's Health & Hormones,female naturopath,broad,None,1
foods that shrink fibroids,1,0,0.0,0.0,0.0,0.0,0,,Leads-Search-1,Women's Health & Hormones,women's health naturopath,broad,None,1
frozen shoulder perimenopause,1,0,0.0,0.0,0.0,0.0,0,,Leads-Search-1,Women's Health & Hormones,natural help for menopause,broad,None,1
fsh levels,3,0,0.0,0.0,0.0,0.0,0,,Leads-Search-1,Women's Health & Hormones,female naturopath | hormone doctor near me | women's health naturopath,broad,None,3
full thyroid panel tests,1,0,0.0,0.0,0.0,0.0,0,,Leads-Search-1,Women's Health & Hormones,Hashimoto's naturopath,broad,None,1
functional medicine doctor for thyroid,1,0,0.0,0.0,0.0,0.0,0,,Leads-Search-1,Women's Health & Hormones,naturopath for hormone imbalance,broad,None,1
functional medicine doctor st cloud mn,1,0,0.0,0.0,0.0,0.0,0,,Leads-Search-1,Women's Health & Hormones,functional medicine for hormones,broad,None,1
functional medicine menopause,1,0,0.0,0.0,0.0,0.0,0,,Leads-Search-1,Women's Health & Hormones,functional medicine for hormones,phrase (close variant),None,1
functional medicine women's health,1,0,0.0,0.0,0.0,0.0,0,,Leads-Search-1,Women's Health & Hormones,women's naturopath near me,broad,None,1
functional women's health doctor near me,2,0,0.0,0.0,0.0,0.0,0,,Leads-Search-1,Women's Health & Hormones,naturopath for hormone imbalance | women's health naturopath,broad,None,2
genetic testing fertility,1,0,0.0,0.0,0.0,0.0,0,,Leads-Search-1,Women's Health & Hormones,fertility naturopath near me,broad,None,1
getting pregnant,1,0,0.0,0.0,0.0,0.0,0,,Leads-Search-1,Women's Health & Hormones,fertility naturopath near me,broad,None,1
getting pregnant with pcos,1,0,0.0,0.0,0.0,0.0,0,,Leads-Search-1,Women's Health & Hormones,hormone doctor near me,broad,None,1
gluteal tendinopathy menopause treatment,1,0,0.0,0.0,0.0,0.0,0,,Leads-Search-1,Women's Health & Hormones,women's health naturopath,broad,None,1
goiter,1,0,0.0,0.0,0.0,0.0,0,,Leads-Search-1,Women's Health & Hormones,Hashimoto's naturopath,broad,None,1
goiter in female,1,0,0.0,0.0,0.0,0.0,0,,Leads-Search-1,Women's Health & Hormones,Hashimoto's naturopath,broad,None,1
good female doctor,1,0,0.0,0.0,0.0,0.0,0,,Leads-Search-1,Women's Health & Hormones,women's naturopath near me,broad,None,1
gut and hormone health,1,0,0.0,0.0,0.0,0.0,0,,Leads-Search-1,Women's Health & Hormones,women's health naturopath,broad,None,1
gut hormone test,1,0,0.0,0.0,0.0,0.0,0,,Leads-Search-1,Women's Health & Hormones,women's hormone specialist near me,broad,None,1
gyn for older women,1,0,0.0,0.0,0.0,0.0,0,,Leads-Search-1,Women's Health & Hormones,functional medicine for hormones,broad,None,1
gyn near me,1,0,0.0,0.0,0.0,0.0,0,,Leads-Search-1,Women's Health & Hormones,women's health naturopath,broad,None,1
gyn specializing in perimenopause,2,0,0.0,0.0,0.0,0.0,0,,Leads-Search-1,Women's Health & Hormones,naturopath for hormone imbalance | perimenopause doctor near me,broad | exact (close variant),None,2
gynaecologist near me,1,0,0.0,0.0,0.0,0.0,0,,Leads-Search-1,Women's Health & Hormones,hormone doctor near me,broad,None,1
gynaecology,1,0,0.0,0.0,0.0,0.0,0,,Leads-Search-1,Women's Health & Hormones,naturopath for hormones,broad,None,1
gynecologist for perimenopause,1,0,0.0,0.0,0.0,0.0,0,,Leads-Search-1,Women's Health & Hormones,naturopath for menopause,broad,None,1
gynecologist menopause specialist,1,0,0.0,0.0,0.0,0.0,0,,Leads-Search-1,Women's Health & Hormones,functional medicine for hormones,broad,None,1
gynecologist near me,3,0,0.0,0.0,0.0,0.0,0,,Leads-Search-1,Women's Health & Hormones,naturopath for menopause | women's health naturopath | women's hormone specialist near me,broad,None,3
gynecology,1,0,0.0,0.0,0.0,0.0,0,,Leads-Search-1,Women's Health & Hormones,hormone doctor near me,broad,None,1
gynecology and obstetrics,1,0,0.0,0.0,0.0,0.0,0,,Leads-Search-1,Women's Health & Hormones,female naturopath,broad,None,1
gynecology exam,1,0,0.0,0.0,0.0,0.0,0,,Leads-Search-1,Women's Health & Hormones,hormone doctor near me,broad,None,1
hashimoto,1,0,0.0,0.0,0.0,0.0,0,,Leads-Search-1,Women's Health & Hormones,naturopath for hormones,broad,None,1
hashimoto disease symptoms in females,1,0,0.0,0.0,0.0,0.0,0,,Leads-Search-1,Women's Health & Hormones,naturopath for hormone imbalance,broad,None,1
hashimoto's thyroiditis,1,0,0.0,0.0,0.0,0.0,0,,Leads-Search-1,Women's Health & Hormones,naturopath for hormones,broad,None,1
haugen and associates,1,0,0.0,0.0,0.0,0.0,0,,Leads-Search-1,Women's Health & Hormones,women's health naturopath,broad,None,1
haugen obgyn,2,0,0.0,0.0,0.0,0.0,0,,Leads-Search-1,Women's Health & Hormones,hormone doctor near me | women's health naturopath,broad,None,2
healing hormones naturally,1,0,0.0,0.0,0.0,0.0,0,,Leads-Search-1,Women's Health & Hormones,naturopath for hormones,broad,None,1
health center for women st paul,1,0,0.0,0.0,0.0,0.0,0,,Leads-Search-1,Women's Health & Hormones,women's health naturopath,broad,None,1
health check up for women,1,0,0.0,0.0,0.0,0.0,0,,Leads-Search-1,Women's Health & Hormones,women's hormone specialist near me,broad,None,1
heather hirsch md collaborative,1,0,0.0,0.0,0.0,0.0,0,,Leads-Search-1,Women's Health & Hormones,women's health naturopath,broad,None,1
help with pmdd,1,0,0.0,0.0,0.0,0.0,0,,Leads-Search-1,Women's Health & Hormones,women's health naturopath,broad,None,1
help with sleep perimenopause,1,0,0.0,0.0,0.0,0.0,0,,Leads-Search-1,Women's Health & Hormones,hormone doctor near me,broad,None,1
helping perimenopause,1,0,0.0,0.0,0.0,0.0,0,,Leads-Search-1,Women's Health & Hormones,women's health naturopath,broad,None,1
her bodhi reviews,1,0,0.0,0.0,0.0,0.0,0,,Leads-Search-1,Women's Health & Hormones,women's health naturopath,broad,None,1
her clinic near me,1,0,0.0,0.0,0.0,0.0,0,,Leads-Search-1,Women's Health & Hormones,female naturopath,broad,None,1
herb therapy,1,0,0.0,0.0,0.0,0.0,0,,Leads-Search-1,Women's Health & Hormones,naturopath for hormones,broad,None,1
herbal healing,1,0,0.0,0.0,0.0,0.0,0,,Leads-Search-1,Women's Health & Hormones,female naturopath near me,broad,None,1
hers,2,0,0.0,0.0,0.0,0.0,0,,Leads-Search-1,Women's Health & Hormones,functional medicine for hormones | women's hormone specialist near me,broad,None,2
hers women's healthcare,1,0,0.0,0.0,0.0,0.0,0,,Leads-Search-1,Women's Health & Hormones,naturopath for hormones,broad,None,1
hertility,1,0,0.0,0.0,0.0,0.0,0,,Leads-Search-1,Women's Health & Hormones,female naturopath near me,broad,None,1
heterogeneous fibroid,1,0,0.0,0.0,0.0,0.0,0,,Leads-Search-1,Women's Health & Hormones,women's hormone specialist near me,broad,None,1
high androgens in women,1,0,0.0,0.0,0.0,0.0,0,,Leads-Search-1,Women's Health & Hormones,women's health naturopath,broad,None,1
high cortisol,1,0,0.0,0.0,0.0,0.0,0,,Leads-Search-1,Women's Health & Hormones,female naturopath,broad,None,1
high cortisol levels,1,0,0.0,0.0,0.0,0.0,0,,Leads-Search-1,Women's Health & Hormones,functional medicine for hormones,broad,None,1
high cortisol treatment,1,0,0.0,0.0,0.0,0.0,0,,Leads-Search-1,Women's Health & Hormones,naturopath for hormones,broad,None,1
high estrogen symptoms in women,1,0,0.0,0.0,0.0,0.0,0,,Leads-Search-1,Women's Health & Hormones,women's health naturopath,broad,None,1
hirsutism,1,0,0.0,0.0,0.0,0.0,0,,Leads-Search-1,Women's Health & Hormones,women's health naturopath,broad,None,1
holistic approach to hypothyroid,1,0,0.0,0.0,0.0,0.0,0,,Leads-Search-1,Women's Health & Hormones,naturopath for hormone imbalance,broad,None,1
holistic doctor for menopause,1,0,0.0,0.0,0.0,0.0,0,,Leads-Search-1,Women's Health & Hormones,women's health naturopath,phrase (close variant),None,1
holistic gyn near me,1,0,0.0,0.0,0.0,0.0,0,,Leads-Search-1,Women's Health & Hormones,women's health naturopath,broad,None,1
holistic hormone doctor near me,1,0,0.0,0.0,0.0,0.0,0,,Leads-Search-1,Women's Health & Hormones,holistic hormone doctor near me,exact,Added,1
holistic pmdd treatment,1,0,0.0,0.0,0.0,0.0,0,,Leads-Search-1,Women's Health & Hormones,women's health naturopath,broad,None,1
holistic sara,1,0,0.0,0.0,0.0,0.0,0,,Leads-Search-1,Women's Health & Hormones,female naturopath near me,broad,None,1
hormonal,1,0,0.0,0.0,0.0,0.0,0,,Leads-Search-1,Women's Health & Hormones,women's health naturopath,broad,None,1
hormonal acne breakouts,1,0,0.0,0.0,0.0,0.0,0,,Leads-Search-1,Women's Health & Hormones,naturopath for hormones,broad,None,1
hormonal acne treatment,1,0,0.0,0.0,0.0,0.0,0,,Leads-Search-1,Women's Health & Hormones,hormone doctor near me,broad,None,1
hormonal changes in women,1,0,0.0,0.0,0.0,0.0,0,,Leads-Search-1,Women's Health & Hormones,functional medicine for hormones,broad,None,1
hormonal imbalance,2,0,0.0,0.0,0.0,0.0,0,,Leads-Search-1,Women's Health & Hormones,naturopath for hormone imbalance | women's health naturopath,broad,None,2
hormonal imbalance test,1,0,0.0,0.0,0.0,0.0,0,,Leads-Search-1,Women's Health & Hormones,women's health naturopath,broad,None,1
hormonal insomnia,1,0,0.0,0.0,0.0,0.0,0,,Leads-Search-1,Women's Health & Hormones,natural help for menopause,broad,None,1
hormonal migraines,1,0,0.0,0.0,0.0,0.0,0,,Leads-Search-1,Women's Health & Hormones,functional medicine hormones,broad,None,1
hormonal panel for women,1,0,0.0,0.0,0.0,0.0,0,,Leads-Search-1,Women's Health & Hormones,female naturopath near me,broad,None,1
hormonal specialist doctor near me,1,0,0.0,0.0,0.0,0.0,0,,Leads-Search-1,Women's Health & Hormones,naturopath for hormone imbalance,broad,None,1
hormonal therapy for osteoporosis,1,0,0.0,0.0,0.0,0.0,0,,Leads-Search-1,Women's Health & Hormones,women's hormone specialist near me,broad,None,1
hormone,1,0,0.0,0.0,0.0,0.0,0,,Leads-Search-1,Women's Health & Hormones,women's health naturopath,broad,None,1
hormone balance,2,0,0.0,0.0,0.0,0.0,0,,Leads-Search-1,Women's Health & Hormones,functional medicine for hormones | women's health naturopath,broad,None,2
hormone blood test,1,0,0.0,0.0,0.0,0.0,0,,Leads-Search-1,Women's Health & Hormones,female naturopath near me,broad,None,1
hormone doctor called,1,0,0.0,0.0,0.0,0.0,0,,Leads-Search-1,Women's Health & Hormones,functional medicine for hormones,broad,None,1
hormone doctor for women near me,1,0,0.0,0.0,0.0,0.0,0,,Leads-Search-1,Women's Health & Hormones,women's hormone specialist near me,exact (close variant),None,1
hormone endocrinologist,1,0,0.0,0.0,0.0,0.0,0,,Leads-Search-1,Women's Health & Hormones,female naturopath near me,broad,None,1
hormone health specialist near me,2,0,0.0,0.0,0.0,0.0,0,,Leads-Search-1,Women's Health & Hormones,holistic hormone doctor near me | hormone doctor near me,broad | exact (close variant),None,2
hormone imbalance in women,2,0,0.0,0.0,0.0,0.0,0,,Leads-Search-1,Women's Health & Hormones,naturopath for women's health | women's hormone specialist near me,broad,None,2
hormone issues in women,1,0,0.0,0.0,0.0,0.0,0,,Leads-Search-1,Women's Health & Hormones,women's hormone specialist near me,broad,None,1
hormone lab tests,1,0,0.0,0.0,0.0,0.0,0,,Leads-Search-1,Women's Health & Hormones,women's health naturopath,broad,None,1
hormone labs,1,0,0.0,0.0,0.0,0.0,0,,Leads-Search-1,Women's Health & Hormones,naturopath for hormones,broad,None,1
hormone level test,2,0,0.0,0.0,0.0,0.0,0,,Leads-Search-1,Women's Health & Hormones,fertility naturopath near me | naturopath for women's health,broad,None,2
hormone loss in menopause,1,0,0.0,0.0,0.0,0.0,0,,Leads-Search-1,Women's Health & Hormones,women's hormone specialist near me,broad,None,1
hormone medicine,1,0,0.0,0.0,0.0,0.0,0,,Leads-Search-1,Women's Health & Hormones,female naturopath,broad,None,1
hormone near me,1,0,0.0,0.0,0.0,0.0,0,,Leads-Search-1,Women's Health & Hormones,hormone doctor near me,phrase (close variant),None,1
hormone optimization near me,1,0,0.0,0.0,0.0,0.0,0,,Leads-Search-1,Women's Health & Hormones,naturopath for hormone imbalance,broad,None,1
hormone optimization therapy,1,0,0.0,0.0,0.0,0.0,0,,Leads-Search-1,Women's Health & Hormones,naturopath for hormone imbalance,broad,None,1
hormone panel for women,1,0,0.0,0.0,0.0,0.0,0,,Leads-Search-1,Women's Health & Hormones,functional medicine for hormones,broad,None,1
hormone patch,1,0,0.0,0.0,0.0,0.0,0,,Leads-Search-1,Women's Health & Hormones,hormone doctor near me,broad,None,1
hormone pellet therapy for women,1,0,0.0,0.0,0.0,0.0,0,,Leads-Search-1,Women's Health & Hormones,hormone doctor near me,broad,None,1
hormone pellet therapy mn,1,0,0.0,0.0,0.0,0.0,0,,Leads-Search-1,Women's Health & Hormones,fertility naturopath near me,broad,None,1
hormone pellets vs cream,1,0,0.0,0.0,0.0,0.0,0,,Leads-Search-1,Women's Health & Hormones,women's health naturopath,broad,None,1
hormone replacement doctor near me,1,0,0.0,0.0,0.0,0.0,0,,Leads-Search-1,Women's Health & Hormones,hormone doctor near me,exact (close variant),None,1
hormone replacement therapy for weight loss,1,0,0.0,0.0,0.0,0.0,0,,Leads-Search-1,Women's Health & Hormones,hormone doctor near me,broad,None,1
hormone replacement therapy for women over 60,1,0,0.0,0.0,0.0,0.0,0,,Leads-Search-1,Women's Health & Hormones,naturopath for women's health,broad,None,1
hormone replacement therapy minneapolis,1,0,0.0,0.0,0.0,0.0,0,,Leads-Search-1,Women's Health & Hormones,naturopath for menopause,broad,None,1
hormone replacement therapy specialist near me,1,0,0.0,0.0,0.0,0.0,0,,Leads-Search-1,Women's Health & Hormones,naturopath for menopause,broad,None,1
hormone shots,1,0,0.0,0.0,0.0,0.0,0,,Leads-Search-1,Women's Health & Hormones,naturopath for hormone imbalance,broad,None,1
hormone specialist for women,1,0,0.0,0.0,0.0,0.0,0,,Leads-Search-1,Women's Health & Hormones,fertility naturopath near me,broad,None,1
hormone specialist for women near me,1,0,0.0,0.0,0.0,0.0,0,,Leads-Search-1,Women's Health & Hormones,women's hormone specialist near me,exact (close variant),None,1
hormone test kit,1,0,0.0,0.0,0.0,0.0,0,,Leads-Search-1,Women's Health & Hormones,female naturopath,broad,None,1
hormone test panel,1,0,0.0,0.0,0.0,0.0,0,,Leads-Search-1,Women's Health & Hormones,women's health naturopath,broad,None,1
hormone testing,1,0,0.0,0.0,0.0,0.0,0,,Leads-Search-1,Women's Health & Hormones,hormone doctor near me,broad,None,1
hormone testing for acne,1,0,0.0,0.0,0.0,0.0,0,,Leads-Search-1,Women's Health & Hormones,naturopath for women's health,broad,None,1
hormone therapist,2,0,0.0,0.0,0.0,0.0,0,,Leads-Search-1,Women's Health & Hormones,hormone doctor near me | naturopath for hormones,broad | exact (close variant),None,2
hormone therapy for menopause,1,0,0.0,0.0,0.0,0.0,0,,Leads-Search-1,Women's Health & Hormones,naturopath for hormones,broad,None,1
hormone therapy provider,1,0,0.0,0.0,0.0,0.0,0,,Leads-Search-1,Women's Health & Hormones,female naturopath near me,broad,None,1
hormone treatment for women,1,0,0.0,0.0,0.0,0.0,0,,Leads-Search-1,Women's Health & Hormones,naturopath for hormones,broad,None,1
hormones after birth,1,0,0.0,0.0,0.0,0.0,0,,Leads-Search-1,Women's Health & Hormones,functional medicine for hormones,broad,None,1
hormones and their functions,1,0,0.0,0.0,0.0,0.0,0,,Leads-Search-1,Women's Health & Hormones,naturopath for hormone imbalance,broad,None,1
hormones for women,1,0,0.0,0.0,0.0,0.0,0,,Leads-Search-1,Women's Health & Hormones,female naturopath near me,broad,None,1
hormones near me,1,0,0.0,0.0,0.0,0.0,0,,Leads-Search-1,Women's Health & Hormones,hormone doctor near me,phrase (close variant),None,1
hormones pellets,1,0,0.0,0.0,0.0,0.0,0,,Leads-Search-1,Women's Health & Hormones,women's health naturopath,broad,None,1
hormones released during sleep,1,0,0.0,0.0,0.0,0.0,0,,Leads-Search-1,Women's Health & Hormones,naturopath for hormones,broad,None,1
hot flashes,2,0,0.0,0.0,0.0,0.0,0,,Leads-Search-1,Women's Health & Hormones,female naturopath near me | natural help for menopause,broad,None,2
how can i check my hormone levels,1,0,0.0,0.0,0.0,0.0,0,,Leads-Search-1,Women's Health & Hormones,fertility naturopath near me,broad,None,1
how can i test my hormone levels,1,0,0.0,0.0,0.0,0.0,0,,Leads-Search-1,Women's Health & Hormones,women's health naturopath,broad,None,1
how do i balance my hormones,1,0,0.0,0.0,0.0,0.0,0,,Leads-Search-1,Women's Health & Hormones,naturopath for hormone imbalance,broad,None,1
how do i check my fertility,1,0,0.0,0.0,0.0,0.0,0,,Leads-Search-1,Women's Health & Hormones,fertility naturopath near me,broad,None,1
how do i get diagnosed with endometriosis,1,0,0.0,0.0,0.0,0.0,0,,Leads-Search-1,Women's Health & Hormones,women's health naturopath,broad,None,1
how do i get estrogen naturally,1,0,0.0,0.0,0.0,0.0,0,,Leads-Search-1,Women's Health & Hormones,female naturopath,broad,None,1
how do i know if i m going through menopause,1,0,0.0,0.0,0.0,0.0,0,,Leads-Search-1,Women's Health & Hormones,natural help for menopause,broad,None,1
how do i know if i need estrogen,1,0,0.0,0.0,0.0,0.0,0,,Leads-Search-1,Women's Health & Hormones,natural help for menopause,broad,None,1
how do they diagnose pcos,1,0,0.0,0.0,0.0,0.0,0,,Leads-Search-1,Women's Health & Hormones,female naturopath,broad,None,1
how do you know if you have pcos,1,0,0.0,0.0,0.0,0.0,0,,Leads-Search-1,Women's Health & Hormones,women's health naturopath,broad,None,1
how do you test for estrogen levels,1,0,0.0,0.0,0.0,0.0,0,,Leads-Search-1,Women's Health & Hormones,women's hormone specialist near me,broad,None,1
how i cured my hirsutism naturally,1,0,0.0,0.0,0.0,0.0,0,,Leads-Search-1,Women's Health & Hormones,women's health naturopath,broad,None,1
how important is the thyroid,1,0,0.0,0.0,0.0,0.0,0,,Leads-Search-1,Women's Health & Hormones,women's health naturopath,broad,None,1
how is endometriosis treated,1,0,0.0,0.0,0.0,0.0,0,,Leads-Search-1,Women's Health & Hormones,women's health naturopath,broad,None,1
how long do hot flashes last,1,0,0.0,0.0,0.0,0.0,0,,Leads-Search-1,Women's Health & Hormones,female naturopath,broad,None,1
how long does perimenopause last,2,0,0.0,0.0,0.0,0.0,0,,Leads-Search-1,Women's Health & Hormones,natural help for menopause | women's hormone specialist near me,broad,None,2
how long for hrt to work,1,0,0.0,0.0,0.0,0.0,0,,Leads-Search-1,Women's Health & Hormones,functional medicine for hormones,broad,None,1
how much dhea should a menopausal woman take daily,1,0,0.0,0.0,0.0,0.0,0,,Leads-Search-1,Women's Health & Hormones,women's health naturopath,broad,None,1
how much does it cost to freeze your eggs,1,0,0.0,0.0,0.0,0.0,0,,Leads-Search-1,Women's Health & Hormones,fertility naturopath near me,broad,None,1
how much hormone therapy cost,1,0,0.0,0.0,0.0,0.0,0,,Leads-Search-1,Women's Health & Hormones,naturopath for hormones,broad,None,1
how old do you have to be to have menopause,1,0,0.0,0.0,0.0,0.0,0,,Leads-Search-1,Women's Health & Hormones,women's hormone specialist near me,broad,None,1
how the sperm enters the female body,1,0,0.0,0.0,0.0,0.0,0,,Leads-Search-1,Women's Health & Hormones,fertility naturopath near me,broad,None,1
how to balance my hormones,1,0,0.0,0.0,0.0,0.0,0,,Leads-Search-1,Women's Health & Hormones,women's health naturopath,broad,None,1
how to balance pcos hormones,1,0,0.0,0.0,0.0,0.0,0,,Leads-Search-1,Women's Health & Hormones,women's health naturopath,broad,None,1
how to balance women hormones naturally,1,0,0.0,0.0,0.0,0.0,0,,Leads-Search-1,Women's Health & Hormones,women's health naturopath,broad,None,1
how to build estrogen naturally,1,0,0.0,0.0,0.0,0.0,0,,Leads-Search-1,Women's Health & Hormones,women's naturopath near me,broad,None,1
how to check estrogen levels,1,0,0.0,0.0,0.0,0.0,0,,Leads-Search-1,Women's Health & Hormones,women's hormone specialist near me,broad,None,1
how to end endometriosis naturally,1,0,0.0,0.0,0.0,0.0,0,,Leads-Search-1,Women's Health & Hormones,women's health naturopath,broad,None,1
how to find a hormone specialist,1,0,0.0,0.0,0.0,0.0,0,,Leads-Search-1,Women's Health & Hormones,hormone doctor near me,exact (close variant),None,1
how to fix hormonal imbalance,1,0,0.0,0.0,0.0,0.0,0,,Leads-Search-1,Women's Health & Hormones,naturopath for hormone imbalance,broad,None,1
how to get dutch test,1,0,0.0,0.0,0.0,0.0,0,,Leads-Search-1,Women's Health & Hormones,women's health naturopath,broad,None,1
how to get hormones back on track,1,0,0.0,0.0,0.0,0.0,0,,Leads-Search-1,Women's Health & Hormones,naturopath for hormone imbalance,broad,None,1
how to get hormones balanced,1,0,0.0,0.0,0.0,0.0,0,,Leads-Search-1,Women's Health & Hormones,women's hormone specialist near me,broad,None,1
how to get hormones checked,1,0,0.0,0.0,0.0,0.0,0,,Leads-Search-1,Women's Health & Hormones,naturopath for women's health,broad,None,1
how to get hormones tested,1,0,0.0,0.0,0.0,0.0,0,,Leads-Search-1,Women's Health & Hormones,naturopath for women's health,broad,None,1
how to get my fertility tested,1,0,0.0,0.0,0.0,0.0,0,,Leads-Search-1,Women's Health & Hormones,hormone doctor near me,broad,None,1
how to get my hormones checked,1,0,0.0,0.0,0.0,0.0,0,,Leads-Search-1,Women's Health & Hormones,functional medicine for hormones,broad,None,1
how to get rid of menopause belly,1,0,0.0,0.0,0.0,0.0,0,,Leads-Search-1,Women's Health & Hormones,hormone doctor near me,broad,None,1
how to get your thyroid checked,1,0,0.0,0.0,0.0,0.0,0,,Leads-Search-1,Women's Health & Hormones,Hashimoto's naturopath,broad,None,1
how to have your hormones tested,1,0,0.0,0.0,0.0,0.0,0,,Leads-Search-1,Women's Health & Hormones,functional medicine for hormones,broad,None,1
how to heal estrogen dominance naturally,1,0,0.0,0.0,0.0,0.0,0,,Leads-Search-1,Women's Health & Hormones,naturopath for hormone imbalance,broad,None,1
how to help with low estrogen,1,0,0.0,0.0,0.0,0.0,0,,Leads-Search-1,Women's Health & Hormones,natural help for menopause,broad,None,1
how to increase estrogen,1,0,0.0,0.0,0.0,0.0,0,,Leads-Search-1,Women's Health & Hormones,naturopath for hormones,broad,None,1
how to know if your estrogen levels are high,1,0,0.0,0.0,0.0,0.0,0,,Leads-Search-1,Women's Health & Hormones,natural help for menopause,broad,None,1
how to reduce androgens in females naturally at home,1,0,0.0,0.0,0.0,0.0,0,,Leads-Search-1,Women's Health & Hormones,naturopath for hormone imbalance,broad,None,1
how to relieve period cramps,1,0,0.0,0.0,0.0,0.0,0,,Leads-Search-1,Women's Health & Hormones,women's health naturopath,broad,None,1
how to request a hormone panel,1,0,0.0,0.0,0.0,0.0,0,,Leads-Search-1,Women's Health & Hormones,hormone doctor near me,broad,None,1
how to stop hormone fluctuations,1,0,0.0,0.0,0.0,0.0,0,,Leads-Search-1,Women's Health & Hormones,naturopath for hormone imbalance,broad,None,1
how to tell if your hormones are out of whack,1,0,0.0,0.0,0.0,0.0,0,,Leads-Search-1,Women's Health & Hormones,functional medicine for hormones,broad,None,1
how to test for hormone levels in women,1,0,0.0,0.0,0.0,0.0,0,,Leads-Search-1,Women's Health & Hormones,women's hormone specialist near me,broad,None,1
how to test hormonal imbalance,1,0,0.0,0.0,0.0,0.0,0,,Leads-Search-1,Women's Health & Hormones,naturopath for women's health,broad,None,1
how to treat adrenal pcos,1,0,0.0,0.0,0.0,0.0,0,,Leads-Search-1,Women's Health & Hormones,women's health naturopath,broad,None,1
hrt and osteoporosis,1,0,0.0,0.0,0.0,0.0,0,,Leads-Search-1,Women's Health & Hormones,naturopath for hormone imbalance,broad,None,1
hrt before menopause,1,0,0.0,0.0,0.0,0.0,0,,Leads-Search-1,Women's Health & Hormones,natural help for menopause,broad,None,1
hrt benefits,1,0,0.0,0.0,0.0,0.0,0,,Leads-Search-1,Women's Health & Hormones,natural help for menopause,broad,None,1
hrt clinic,2,0,0.0,0.0,0.0,0.0,0,,Leads-Search-1,Women's Health & Hormones,naturopath for hormone imbalance | women's health naturopath,broad,None,2
hrt clinics near me,1,0,0.0,0.0,0.0,0.0,0,,Leads-Search-1,Women's Health & Hormones,hormone doctor near me,exact (close variant),None,1
hrt doctor,1,0,0.0,0.0,0.0,0.0,0,,Leads-Search-1,Women's Health & Hormones,women's health naturopath,broad,None,1
hrt for menopause pros and cons,1,0,0.0,0.0,0.0,0.0,0,,Leads-Search-1,Women's Health & Hormones,naturopath for hormones,broad,None,1
hrt for menopause weight gain,1,0,0.0,0.0,0.0,0.0,0,,Leads-Search-1,Women's Health & Hormones,female naturopath near me,broad,None,1
hrt for women,1,0,0.0,0.0,0.0,0.0,0,,Leads-Search-1,Women's Health & Hormones,naturopath for menopause,broad,None,1
hrt menopause,2,0,0.0,0.0,0.0,0.0,0,,Leads-Search-1,Women's Health & Hormones,functional medicine for hormones | naturopath for hormone imbalance,broad,None,2
hrt minneapolis,1,0,0.0,0.0,0.0,0.0,0,,Leads-Search-1,Women's Health & Hormones,functional medicine for hormones,broad,None,1
hrt near me,1,0,0.0,0.0,0.0,0.0,0,,Leads-Search-1,Women's Health & Hormones,hormone doctor near me,phrase (close variant),None,1
hrt near me trans,1,0,0.0,0.0,0.0,0.0,0,,Leads-Search-1,Women's Health & Hormones,hormone doctor near me,phrase (close variant),None,1
hrt providers near me,1,0,0.0,0.0,0.0,0.0,0,,Leads-Search-1,Women's Health & Hormones,naturopath for hormone imbalance,broad,None,1
hrt replacement therapy near me,1,0,0.0,0.0,0.0,0.0,0,,Leads-Search-1,Women's Health & Hormones,women's hormone specialist near me,phrase (close variant),None,1
hrt side effects,1,0,0.0,0.0,0.0,0.0,0,,Leads-Search-1,Women's Health & Hormones,natural help for menopause,broad,None,1
hrt therapy,2,0,0.0,0.0,0.0,0.0,0,,Leads-Search-1,Women's Health & Hormones,female naturopath | women's hormone specialist near me,broad,None,2
hrt therapy for women near me,1,0,0.0,0.0,0.0,0.0,0,,Leads-Search-1,Women's Health & Hormones,women's hormone specialist near me,phrase (close variant),None,1
hrt treatment near me,2,0,0.0,0.0,0.0,0.0,0,,Leads-Search-1,Women's Health & Hormones,functional medicine hormones | women's hormone specialist near me,broad,None,2
huberman women's health,1,0,0.0,0.0,0.0,0.0,0,,Leads-Search-1,Women's Health & Hormones,female naturopath near me,broad,None,1
hypothyroid and belly fat,1,0,0.0,0.0,0.0,0.0,0,,Leads-Search-1,Women's Health & Hormones,hormone doctor near me,broad,None,1
hypothyroidism,1,0,0.0,0.0,0.0,0.0,0,,Leads-Search-1,Women's Health & Hormones,naturopath for hormones,broad,None,1
hypothyroidism and pcos,1,0,0.0,0.0,0.0,0.0,0,,Leads-Search-1,Women's Health & Hormones,functional medicine for hormones,broad,None,1
hypothyroidism symptoms,2,0,0.0,0.0,0.0,0.0,0,,Leads-Search-1,Women's Health & Hormones,Hashimoto's naturopath | hormone doctor near me,broad,None,2
hysterectomy,1,0,0.0,0.0,0.0,0.0,0,,Leads-Search-1,Women's Health & Hormones,women's health naturopath,broad,None,1
hysterectomy for fibroids stories,1,0,0.0,0.0,0.0,0.0,0,,Leads-Search-1,Women's Health & Hormones,women's hormone specialist near me,broad,None,1
i can t orgasm,1,0,0.0,0.0,0.0,0.0,0,,Leads-Search-1,Women's Health & Hormones,women's hormone specialist near me,broad,None,1
infertility support groups mn,1,0,0.0,0.0,0.0,0.0,0,,Leads-Search-1,Women's Health & Hormones,hormone doctor near me,broad,None,1
infertility testing,1,0,0.0,0.0,0.0,0.0,0,,Leads-Search-1,Women's Health & Hormones,fertility naturopath near me,broad,None,1
innerbalance,1,0,0.0,0.0,0.0,0.0,0,,Leads-Search-1,Women's Health & Hormones,female naturopath near me,broad,None,1
intrarosa,1,0,0.0,0.0,0.0,0.0,0,,Leads-Search-1,Women's Health & Hormones,natural help for menopause,broad,None,1
iodine and thyroid function,1,0,0.0,0.0,0.0,0.0,0,,Leads-Search-1,Women's Health & Hormones,Hashimoto's naturopath,broad,None,1
iodine supplement,1,0,0.0,0.0,0.0,0.0,0,,Leads-Search-1,Women's Health & Hormones,Hashimoto's naturopath,broad,None,1
irregular periods,1,0,0.0,0.0,0.0,0.0,0,,Leads-Search-1,Women's Health & Hormones,hormone doctor near me,broad,None,1
irregular periods doctor near me,1,0,0.0,0.0,0.0,0.0,0,,Leads-Search-1,Women's Health & Hormones,female naturopath near me,broad,None,1
is continuous spotting a sign of menopause,1,0,0.0,0.0,0.0,0.0,0,,Leads-Search-1,Women's Health & Hormones,hormone doctor near me,broad,None,1
is it hard to get pregnant if you have pcos,1,0,0.0,0.0,0.0,0.0,0,,Leads-Search-1,Women's Health & Hormones,women's health naturopath,broad,None,1
is pcos genetic,1,0,0.0,0.0,0.0,0.0,0,,Leads-Search-1,Women's Health & Hormones,women's health naturopath,broad,None,1
is the dutch test legitimate,1,0,0.0,0.0,0.0,0.0,0,,Leads-Search-1,Women's Health & Hormones,women's hormone specialist near me,broad,None,1
is there a blood test for pcos,1,0,0.0,0.0,0.0,0.0,0,,Leads-Search-1,Women's Health & Hormones,women's hormone specialist near me,broad,None,1
ivf care,1,0,0.0,0.0,0.0,0.0,0,,Leads-Search-1,Women's Health & Hormones,fertility naturopath near me,broad,None,1
ivf minneapolis mn,1,0,0.0,0.0,0.0,0.0,0,,Leads-Search-1,Women's Health & Hormones,fertility naturopath near me,broad,None,1
jacqui justice,1,0,0.0,0.0,0.0,0.0,0,,Leads-Search-1,Women's Health & Hormones,female naturopath near me,broad,None,1
jenikka tomashek,1,0,0.0,0.0,0.0,0.0,0,,Leads-Search-1,Women's Health & Hormones,fertility naturopath near me,broad,None,1
jennifer burgart,1,0,0.0,0.0,0.0,0.0,0,,Leads-Search-1,Women's Health & Hormones,women's health naturopath,broad,None,1
john a haugen and associates,1,0,0.0,0.0,0.0,0.0,0,,Leads-Search-1,Women's Health & Hormones,female naturopath,broad,None,1
joi and blokes,1,0,0.0,0.0,0.0,0.0,0,,Leads-Search-1,Women's Health & Hormones,naturopath for hormone imbalance,broad,None,1
joi womens wellness,1,0,0.0,0.0,0.0,0.0,0,,Leads-Search-1,Women's Health & Hormones,women's health naturopath,broad,None,1
kampo medicine for menopause,1,0,0.0,0.0,0.0,0.0,0,,Leads-Search-1,Women's Health & Hormones,natural help for menopause,phrase (close variant),None,1
karen martel,1,0,0.0,0.0,0.0,0.0,0,,Leads-Search-1,Women's Health & Hormones,women's health naturopath,broad,None,1
karen tang md,1,0,0.0,0.0,0.0,0.0,0,,Leads-Search-1,Women's Health & Hormones,hormone doctor near me,broad,None,1
kathryn babich md,1,0,0.0,0.0,0.0,0.0,0,,Leads-Search-1,Women's Health & Hormones,hormone doctor near me,broad,None,1
kelly casperson,1,0,0.0,0.0,0.0,0.0,0,,Leads-Search-1,Women's Health & Hormones,hormone doctor near me,broad,None,1
kenogen progest e,1,0,0.0,0.0,0.0,0.0,0,,Leads-Search-1,Women's Health & Hormones,natural help for menopause,broad,None,1
l thyroxine,1,0,0.0,0.0,0.0,0.0,0,,Leads-Search-1,Women's Health & Hormones,functional medicine hormones,broad,None,1
laparoscopic hysterectomy,1,0,0.0,0.0,0.0,0.0,0,,Leads-Search-1,Women's Health & Hormones,women's hormone specialist near me,broad,None,1
laura erdman luntz,1,0,0.0,0.0,0.0,0.0,0,,Leads-Search-1,Women's Health & Hormones,female naturopath near me,broad,None,1
left shoulder pain perimenopause,1,0,0.0,0.0,0.0,0.0,0,,Leads-Search-1,Women's Health & Hormones,natural help for menopause,broad,None,1
libido in women,1,0,0.0,0.0,0.0,0.0,0,,Leads-Search-1,Women's Health & Hormones,naturopath for hormone imbalance,broad,None,1
lindsey berkson,1,0,0.0,0.0,0.0,0.0,0,,Leads-Search-1,Women's Health & Hormones,hormone doctor near me,broad,None,1
litemedical,1,0,0.0,0.0,0.0,0.0,0,,Leads-Search-1,Women's Health & Hormones,hormone doctor near me,broad,None,1
living with endometriosis,1,0,0.0,0.0,0.0,0.0,0,,Leads-Search-1,Women's Health & Hormones,women's health naturopath,broad,None,1
liz mcculloch,1,0,0.0,0.0,0.0,0.0,0,,Leads-Search-1,Women's Health & Hormones,female naturopath near me,broad,None,1
low cortisol,1,0,0.0,0.0,0.0,0.0,0,,Leads-Search-1,Women's Health & Hormones,naturopath for hormone imbalance,broad,None,1
low estrogen,1,0,0.0,0.0,0.0,0.0,0,,Leads-Search-1,Women's Health & Hormones,women's hormone specialist near me,broad,None,1
low estrogen symptoms,1,0,0.0,0.0,0.0,0.0,0,,Leads-Search-1,Women's Health & Hormones,hormone doctor near me,broad,None,1
low estrogen symptoms menopause,1,0,0.0,0.0,0.0,0.0,0,,Leads-Search-1,Women's Health & Hormones,women's hormone specialist near me,broad,None,1
low thyroid,1,0,0.0,0.0,0.0,0.0,0,,Leads-Search-1,Women's Health & Hormones,hormone doctor near me,broad,None,1
low thyroid symptoms,2,0,0.0,0.0,0.0,0.0,0,,Leads-Search-1,Women's Health & Hormones,hormone doctor near me | naturopath for hormone imbalance,broad,None,2
luteal phase symptoms,1,0,0.0,0.0,0.0,0.0,0,,Leads-Search-1,Women's Health & Hormones,hormone doctor near me,broad,None,1
maca root benefits for women,1,0,0.0,0.0,0.0,0.0,0,,Leads-Search-1,Women's Health & Hormones,women's health naturopath,broad,None,1
mae healy,1,0,0.0,0.0,0.0,0.0,0,,Leads-Search-1,Women's Health & Hormones,fertility naturopath near me,broad,None,1
managing pcos,1,0,0.0,0.0,0.0,0.0,0,,Leads-Search-1,Women's Health & Hormones,functional medicine for hormones,broad,None,1
marcella hill,1,0,0.0,0.0,0.0,0.0,0,,Leads-Search-1,Women's Health & Hormones,women's hormone specialist near me,broad,None,1
marie claire haver,4,0,0.0,0.0,0.0,0.0,0,,Leads-Search-1,Women's Health & Hormones,natural help for menopause | naturopath for hormone imbalance | naturopath for hormones | naturopath for women's health,broad,None,4
maryon stewart,1,0,0.0,0.0,0.0,0.0,0,,Leads-Search-1,Women's Health & Hormones,naturopath for hormone imbalance,broad,None,1
mayo clinic menopause clinic,1,0,0.0,0.0,0.0,0.0,0,,Leads-Search-1,Women's Health & Hormones,naturopath for women's health,broad,None,1
mct oil menopause,1,0,0.0,0.0,0.0,0.0,0,,Leads-Search-1,Women's Health & Hormones,natural help for menopause,phrase (close variant),None,1
medicina natural para la tiroides,1,0,0.0,0.0,0.0,0.0,0,,Leads-Search-1,Women's Health & Hormones,naturopath for hormone imbalance,broad,None,1
medicine for menopause,1,0,0.0,0.0,0.0,0.0,0,,Leads-Search-1,Women's Health & Hormones,hormone doctor near me,broad,None,1
menopausal care near me,1,0,0.0,0.0,0.0,0.0,0,,Leads-Search-1,Women's Health & Hormones,perimenopause doctor near me,exact (close variant),None,1
menopausal hormone therapy,1,0,0.0,0.0,0.0,0.0,0,,Leads-Search-1,Women's Health & Hormones,hormone doctor near me,broad,None,1
menopause and acupuncture,1,0,0.0,0.0,0.0,0.0,0,,Leads-Search-1,Women's Health & Hormones,natural help for menopause,phrase (close variant),None,1
menopause and hormone specialist near me,1,0,0.0,0.0,0.0,0.0,0,,Leads-Search-1,Women's Health & Hormones,hormone doctor near me,phrase (close variant),None,1
menopause and thyroid,1,0,0.0,0.0,0.0,0.0,0,,Leads-Search-1,Women's Health & Hormones,women's health naturopath,broad,None,1
menopause at 53,1,0,0.0,0.0,0.0,0.0,0,,Leads-Search-1,Women's Health & Hormones,women's health naturopath,broad,None,1
menopause belly fat how to get rid of,1,0,0.0,0.0,0.0,0.0,0,,Leads-Search-1,Women's Health & Hormones,women's hormone specialist near me,broad,None,1
menopause care,1,0,0.0,0.0,0.0,0.0,0,,Leads-Search-1,Women's Health & Hormones,female naturopath,broad,None,1
menopause certified doctors near me,1,0,0.0,0.0,0.0,0.0,0,,Leads-Search-1,Women's Health & Hormones,hormone doctor near me,phrase (close variant),None,1
menopause certified specialist near me,1,0,0.0,0.0,0.0,0.0,0,,Leads-Search-1,Women's Health & Hormones,naturopath for women's health,broad,None,1
menopause clinic,1,0,0.0,0.0,0.0,0.0,0,,Leads-Search-1,Women's Health & Hormones,women's naturopath near me,broad,None,1
menopause clinic st paul mn,2,0,0.0,0.0,0.0,0.0,0,,Leads-Search-1,Women's Health & Hormones,functional medicine for hormones | women's hormone specialist near me,broad,None,2
menopause dietician near me,1,0,0.0,0.0,0.0,0.0,0,,Leads-Search-1,Women's Health & Hormones,hormone doctor near me,broad,None,1
menopause doctor,1,0,0.0,0.0,0.0,0.0,0,,Leads-Search-1,Women's Health & Hormones,women's health naturopath,broad,None,1
menopause endocrinologist,1,0,0.0,0.0,0.0,0.0,0,,Leads-Search-1,Women's Health & Hormones,hormone doctor near me,broad,None,1
menopause feeling cold,1,0,0.0,0.0,0.0,0.0,0,,Leads-Search-1,Women's Health & Hormones,women's health naturopath,broad,None,1
menopause obgyn near me,1,0,0.0,0.0,0.0,0.0,0,,Leads-Search-1,Women's Health & Hormones,naturopath for hormones,broad,None,1
menopause practitioner,1,0,0.0,0.0,0.0,0.0,0,,Leads-Search-1,Women's Health & Hormones,women's naturopath near me,broad,None,1
menopause racgp,1,0,0.0,0.0,0.0,0.0,0,,Leads-Search-1,Women's Health & Hormones,women's hormone specialist near me,broad,None,1
menopause school,1,0,0.0,0.0,0.0,0.0,0,,Leads-Search-1,Women's Health & Hormones,women's health naturopath,broad,None,1
menopause society,2,0,0.0,0.0,0.0,0.0,0,,Leads-Search-1,Women's Health & Hormones,naturopath for hormone imbalance | women's health naturopath,broad,None,2
menopause society directory,1,0,0.0,0.0,0.0,0.0,0,,Leads-Search-1,Women's Health & Hormones,female naturopath near me,broad,None,1
menopause specialist in my area,1,0,0.0,0.0,0.0,0.0,0,,Leads-Search-1,Women's Health & Hormones,perimenopause doctor near me,exact (close variant),None,1
menopause specialist mn,2,0,0.0,0.0,0.0,0.0,0,,Leads-Search-1,Women's Health & Hormones,functional medicine for hormones | naturopath for hormone imbalance,broad,None,2
menopause specialists,1,0,0.0,0.0,0.0,0.0,0,,Leads-Search-1,Women's Health & Hormones,women's hormone specialist near me,broad,None,1
menopause taylor,1,0,0.0,0.0,0.0,0.0,0,,Leads-Search-1,Women's Health & Hormones,female naturopath,broad,None,1
menopause treatment near me,1,0,0.0,0.0,0.0,0.0,0,,Leads-Search-1,Women's Health & Hormones,naturopath for menopause,broad,None,1
menopause weight loss,1,0,0.0,0.0,0.0,0.0,0,,Leads-Search-1,Women's Health & Hormones,natural help for menopause,broad,None,1
metropartners,2,0,0.0,0.0,0.0,0.0,0,,Leads-Search-1,Women's Health & Hormones,natural help for menopause | women's naturopath near me,broad,None,2
midi vs winona,1,0,0.0,0.0,0.0,0.0,0,,Leads-Search-1,Women's Health & Hormones,female naturopath near me,broad,None,1
minnesota perinatal clinic,1,0,0.0,0.0,0.0,0.0,0,,Leads-Search-1,Women's Health & Hormones,women's health naturopath,broad,None,1
minnesota women's care clinic,1,0,0.0,0.0,0.0,0.0,0,,Leads-Search-1,Women's Health & Hormones,naturopath for hormone imbalance,broad,None,1
minnesota women's clinic,1,0,0.0,0.0,0.0,0.0,0,,Leads-Search-1,Women's Health & Hormones,naturopath for hormone imbalance,broad,None,1
minnesota women's health,2,0,0.0,0.0,0.0,0.0,0,,Leads-Search-1,Women's Health & Hormones,female naturopath | women's hormone specialist near me,broad,None,2
minnesota womens care,1,0,0.0,0.0,0.0,0.0,0,,Leads-Search-1,Women's Health & Hormones,women's health naturopath,broad,None,1
minnesota's women's care,1,0,0.0,0.0,0.0,0.0,0,,Leads-Search-1,Women's Health & Hormones,natural help for menopause,broad,None,1
mom nutritionist,1,0,0.0,0.0,0.0,0.0,0,,Leads-Search-1,Women's Health & Hormones,female naturopath near me,broad,None,1
most accurate ovulation calculator,1,0,0.0,0.0,0.0,0.0,0,,Leads-Search-1,Women's Health & Hormones,fertility naturopath near me,broad,None,1
musculoskeletal syndrome of menopause,1,0,0.0,0.0,0.0,0.0,0,,Leads-Search-1,Women's Health & Hormones,women's hormone specialist near me,broad,None,1
my hormones are all over the place,1,0,0.0,0.0,0.0,0.0,0,,Leads-Search-1,Women's Health & Hormones,women's health naturopath,broad,None,1
my period cramps are so bad,1,0,0.0,0.0,0.0,0.0,0,,Leads-Search-1,Women's Health & Hormones,women's health naturopath,broad,None,1
my period is 4 days late,1,0,0.0,0.0,0.0,0.0,0,,Leads-Search-1,Women's Health & Hormones,women's hormone specialist near me,broad,None,1
myoedema,1,0,0.0,0.0,0.0,0.0,0,,Leads-Search-1,Women's Health & Hormones,Hashimoto's naturopath,broad,None,1
nams,1,0,0.0,0.0,0.0,0.0,0,,Leads-Search-1,Women's Health & Hormones,women's naturopath near me,broad,None,1
napro doctors near me,1,0,0.0,0.0,0.0,0.0,0,,Leads-Search-1,Women's Health & Hormones,naturopath for hormones,broad,None,1
napro physician,1,0,0.0,0.0,0.0,0.0,0,,Leads-Search-1,Women's Health & Hormones,naturopath for fertility,broad,None,1
napro technology doctors,1,0,0.0,0.0,0.0,0.0,0,,Leads-Search-1,Women's Health & Hormones,female naturopath near me,broad,None,1
naprotechnology doctors near me,1,0,0.0,0.0,0.0,0.0,0,,Leads-Search-1,Women's Health & Hormones,functional medicine for hormones,broad,None,1
natural desiccated thyroid,1,0,0.0,0.0,0.0,0.0,0,,Leads-Search-1,Women's Health & Hormones,Hashimoto's naturopath,broad,None,1
natural estrogen replacement therapy,2,0,0.0,0.0,0.0,0.0,0,,Leads-Search-1,Women's Health & Hormones,hormone doctor near me | natural help for menopause,broad | phrase (close variant),None,2
natural family planning pregnancy,1,0,0.0,0.0,0.0,0.0,0,,Leads-Search-1,Women's Health & Hormones,female naturopath,broad,None,1
natural fertility doctor,1,0,0.0,0.0,0.0,0.0,0,,Leads-Search-1,Women's Health & Hormones,fertility naturopath near me,exact (close variant),None,1
natural fertility doctor near me,1,0,0.0,0.0,0.0,0.0,0,,Leads-Search-1,Women's Health & Hormones,female naturopath near me,broad,None,1
natural health clinic near me,1,0,0.0,0.0,0.0,0.0,0,,Leads-Search-1,Women's Health & Hormones,functional medicine for hormones,broad,None,1
natural pcos treatment,1,0,0.0,0.0,0.0,0.0,0,,Leads-Search-1,Women's Health & Hormones,naturopath for women's health,broad,None,1
natural perimenopause treatments that really work,1,0,0.0,0.0,0.0,0.0,0,,Leads-Search-1,Women's Health & Hormones,natural help for menopause,exact (close variant),None,1
natural treatment for endometriosis,1,0,0.0,0.0,0.0,0.0,0,,Leads-Search-1,Women's Health & Hormones,female naturopath near me,broad,None,1
natural way to increase estrogen,1,0,0.0,0.0,0.0,0.0,0,,Leads-Search-1,Women's Health & Hormones,hormone doctor near me,broad,None,1
natural ways to shrink fibroids,1,0,0.0,0.0,0.0,0.0,0,,Leads-Search-1,Women's Health & Hormones,female naturopath,broad,None,1
natural ways to treat postpartum anxiety,1,0,0.0,0.0,0.0,0.0,0,,Leads-Search-1,Women's Health & Hormones,women's health naturopath,broad,None,1
natural wellness,1,0,0.0,0.0,0.0,0.0,0,,Leads-Search-1,Women's Health & Hormones,female naturopath,broad,None,1
naturopathic endocrinologist,1,0,0.0,0.0,0.0,0.0,0,,Leads-Search-1,Women's Health & Hormones,functional medicine for hormones,broad,None,1
naturopathic hormone doctor near me,1,0,0.0,0.0,0.0,0.0,0,,Leads-Search-1,Women's Health & Hormones,naturopath for hormones,exact (close variant),None,1
naturopathic pa,1,0,0.0,0.0,0.0,0.0,0,,Leads-Search-1,Women's Health & Hormones,female naturopath near me,broad,None,1
normal estrogen levels in women,1,0,0.0,0.0,0.0,0.0,0,,Leads-Search-1,Women's Health & Hormones,natural help for menopause,broad,None,1
normal fsh levels by age chart female,1,0,0.0,0.0,0.0,0.0,0,,Leads-Search-1,Women's Health & Hormones,women's health naturopath,broad,None,1
normal testosterone for women,1,0,0.0,0.0,0.0,0.0,0,,Leads-Search-1,Women's Health & Hormones,functional medicine for hormones,broad,None,1
north memorial endocrinology maple grove,1,0,0.0,0.0,0.0,0.0,0,,Leads-Search-1,Women's Health & Hormones,hormone doctor near me,broad,None,1
np thyroid,1,0,0.0,0.0,0.0,0.0,0,,Leads-Search-1,Women's Health & Hormones,Hashimoto's naturopath,broad,None,1
nutritional health and wellness,1,0,0.0,0.0,0.0,0.0,0,,Leads-Search-1,Women's Health & Hormones,women's health naturopath,broad,None,1
ob gyn burnsville,1,0,0.0,0.0,0.0,0.0,0,,Leads-Search-1,Women's Health & Hormones,naturopath for women's health,broad,None,1
obgyn,2,0,0.0,0.0,0.0,0.0,0,,Leads-Search-1,Women's Health & Hormones,fertility naturopath near me | functional medicine for hormones,broad,Excluded,2
obgyn best rated near me,1,0,0.0,0.0,0.0,0.0,0,,Leads-Search-1,Women's Health & Hormones,fertility naturopath near me,broad,None,1
obgyn care near me,1,0,0.0,0.0,0.0,0.0,0,,Leads-Search-1,Women's Health & Hormones,fertility naturopath near me,broad,None,1
obgyn eden prairie,1,0,0.0,0.0,0.0,0.0,0,,Leads-Search-1,Women's Health & Hormones,naturopath for hormone imbalance,broad,None,1
obgyn edina,2,0,0.0,0.0,0.0,0.0,0,,Leads-Search-1,Women's Health & Hormones,fertility naturopath near me | women's naturopath near me,broad,None,2
obgyn holistic near me,1,0,0.0,0.0,0.0,0.0,0,,Leads-Search-1,Women's Health & Hormones,women's health naturopath,broad,None,1
obgyn near me,5,0,0.0,0.0,0.0,0.0,0,,Leads-Search-1,Women's Health & Hormones,hormone doctor near me | naturopath for fertility | naturopath for hormone imbalance | naturopath for women's health | women's naturopath near me,broad,None,5
obgyn perimenopause specialist,1,0,0.0,0.0,0.0,0.0,0,,Leads-Search-1,Women's Health & Hormones,hormone doctor near me,broad,None,1
obgyn screening,1,0,0.0,0.0,0.0,0.0,0,,Leads-Search-1,Women's Health & Hormones,women's health naturopath,broad,None,1
obgyn shakopee mn,1,0,0.0,0.0,0.0,0.0,0,,Leads-Search-1,Women's Health & Hormones,women's health naturopath,broad,None,1
obgyn west near me,2,0,0.0,0.0,0.0,0.0,0,,Leads-Search-1,Women's Health & Hormones,fertility naturopath near me | hormone doctor near me,broad,None,2
obgynpa,1,0,0.0,0.0,0.0,0.0,0,,Leads-Search-1,Women's Health & Hormones,functional medicine for hormones,broad,None,1
obgynwest,1,0,0.0,0.0,0.0,0.0,0,,Leads-Search-1,Women's Health & Hormones,female naturopath near me,broad,None,1
oestra,1,0,0.0,0.0,0.0,0.0,0,,Leads-Search-1,Women's Health & Hormones,women's health naturopath,broad,None,1
ogi mn,1,0,0.0,0.0,0.0,0.0,0,,Leads-Search-1,Women's Health & Hormones,women's hormone specialist near me,broad,None,1
oova,2,0,0.0,0.0,0.0,0.0,0,,Leads-Search-1,Women's Health & Hormones,naturopath for hormone imbalance | naturopath for hormones,broad,None,2
oova test,1,0,0.0,0.0,0.0,0.0,0,,Leads-Search-1,Women's Health & Hormones,women's health naturopath,broad,None,1
optimal hormone levels for women in menopause,1,0,0.0,0.0,0.0,0.0,0,,Leads-Search-1,Women's Health & Hormones,female naturopath near me,broad,None,1
options for infertile couples,1,0,0.0,0.0,0.0,0.0,0,,Leads-Search-1,Women's Health & Hormones,fertility naturopath near me,broad,None,1
options for infertility,1,0,0.0,0.0,0.0,0.0,0,,Leads-Search-1,Women's Health & Hormones,naturopath for hormone imbalance,broad,None,1
osteopath for pregnancy near me,1,0,0.0,0.0,0.0,0.0,0,,Leads-Search-1,Women's Health & Hormones,female naturopath near me,broad,None,1
oura ring ovulation,1,0,0.0,0.0,0.0,0.0,0,,Leads-Search-1,Women's Health & Hormones,fertility naturopath near me,broad,None,1
ovarian regeneration,1,0,0.0,0.0,0.0,0.0,0,,Leads-Search-1,Women's Health & Hormones,fertility naturopath near me,broad,None,1
ovulation calculator,1,0,0.0,0.0,0.0,0.0,0,,Leads-Search-1,Women's Health & Hormones,hormone doctor near me,broad,None,1
ovum,1,0,0.0,0.0,0.0,0.0,0,,Leads-Search-1,Women's Health & Hormones,fertility naturopath near me,broad,None,1
paloma health thyroid,1,0,0.0,0.0,0.0,0.0,0,,Leads-Search-1,Women's Health & Hormones,Hashimoto's naturopath,broad,None,1
pap smear appointment,1,0,0.0,0.0,0.0,0.0,0,,Leads-Search-1,Women's Health & Hormones,women's health naturopath,broad,None,1
pap smear near me,1,0,0.0,0.0,0.0,0.0,0,,Leads-Search-1,Women's Health & Hormones,women's hormone specialist near me,broad,None,1
pare menopause,1,0,0.0,0.0,0.0,0.0,0,,Leads-Search-1,Women's Health & Hormones,female naturopath,broad,None,1
paul larson clinic edina,1,0,0.0,0.0,0.0,0.0,0,,Leads-Search-1,Women's Health & Hormones,naturopath for hormones,broad,None,1
pcod,1,0,0.0,0.0,0.0,0.0,0,,Leads-Search-1,Women's Health & Hormones,women's health naturopath,broad,None,1
pcos and chin hair,1,0,0.0,0.0,0.0,0.0,0,,Leads-Search-1,Women's Health & Hormones,women's health naturopath,broad,None,1
pcos and fatty liver disease,1,0,0.0,0.0,0.0,0.0,0,,Leads-Search-1,Women's Health & Hormones,women's health naturopath,broad,None,1
pcos and infertility,1,0,0.0,0.0,0.0,0.0,0,,Leads-Search-1,Women's Health & Hormones,women's health naturopath,broad,None,1
pcos and thyroid issues,1,0,0.0,0.0,0.0,0.0,0,,Leads-Search-1,Women's Health & Hormones,hormone doctor near me,broad,None,1
pcos books,1,0,0.0,0.0,0.0,0.0,0,,Leads-Search-1,Women's Health & Hormones,hormone doctor near me,broad,None,1
pcos diet,1,0,0.0,0.0,0.0,0.0,0,,Leads-Search-1,Women's Health & Hormones,female naturopath near me,broad,None,1
pcos doctor specialist,1,0,0.0,0.0,0.0,0.0,0,,Leads-Search-1,Women's Health & Hormones,women's health naturopath,broad,None,1
pcos health risks,1,0,0.0,0.0,0.0,0.0,0,,Leads-Search-1,Women's Health & Hormones,hormone doctor near me,broad,None,1
pcos holistic management,1,0,0.0,0.0,0.0,0.0,0,,Leads-Search-1,Women's Health & Hormones,women's health naturopath,broad,None,1
pcos hormone tests,1,0,0.0,0.0,0.0,0.0,0,,Leads-Search-1,Women's Health & Hormones,women's health naturopath,broad,None,1
pcos in your 40s,1,0,0.0,0.0,0.0,0.0,0,,Leads-Search-1,Women's Health & Hormones,hormone doctor near me,broad,None,1
pcos nursing,1,0,0.0,0.0,0.0,0.0,0,,Leads-Search-1,Women's Health & Hormones,naturopath for fertility,broad,None,1
pcos pcod,1,0,0.0,0.0,0.0,0.0,0,,Leads-Search-1,Women's Health & Hormones,hormone doctor near me,broad,None,1
pcos quiz,1,0,0.0,0.0,0.0,0.0,0,,Leads-Search-1,Women's Health & Hormones,women's health naturopath,broad,None,1
pcos self assessment,1,0,0.0,0.0,0.0,0.0,0,,Leads-Search-1,Women's Health & Hormones,women's health naturopath,broad,None,1
pcos specialist,1,0,0.0,0.0,0.0,0.0,0,,Leads-Search-1,Women's Health & Hormones,women's health naturopath,broad,None,1
pcos specialists,1,0,0.0,0.0,0.0,0.0,0,,Leads-Search-1,Women's Health & Hormones,women's health naturopath,broad,None,1
pcos testing,2,0,0.0,0.0,0.0,0.0,0,,Leads-Search-1,Women's Health & Hormones,functional medicine for hormones | women's health naturopath,broad,None,2
pcos treatment near me,2,0,0.0,0.0,0.0,0.0,0,,Leads-Search-1,Women's Health & Hormones,hormone doctor near me | naturopath for women's health,broad | phrase (close variant),None,2
pellets for hormones,1,0,0.0,0.0,0.0,0.0,0,,Leads-Search-1,Women's Health & Hormones,functional medicine for hormones,broad,None,1
pelvic exam,1,0,0.0,0.0,0.0,0.0,0,,Leads-Search-1,Women's Health & Hormones,women's health naturopath,broad,None,1
pelvic exam first time,2,0,0.0,0.0,0.0,0.0,0,,Leads-Search-1,Women's Health & Hormones,hormone doctor near me | women's health naturopath,broad,None,2
pelvic floor near me,1,0,0.0,0.0,0.0,0.0,0,,Leads-Search-1,Women's Health & Hormones,functional medicine for hormones,broad,None,1
pelvic floor physical therapy near me,1,0,0.0,0.0,0.0,0.0,0,,Leads-Search-1,Women's Health & Hormones,women's health naturopath,broad,None,1
pelvic floor release for women,2,0,0.0,0.0,0.0,0.0,0,,Leads-Search-1,Women's Health & Hormones,female naturopath near me | women's hormone specialist near me,broad,None,2
pelvic floor specialist,1,0,0.0,0.0,0.0,0.0,0,,Leads-Search-1,Women's Health & Hormones,women's naturopath near me,broad,None,1
pelvic floor therapy for women,1,0,0.0,0.0,0.0,0.0,0,,Leads-Search-1,Women's Health & Hormones,women's health naturopath,broad,None,1
pelvic health,1,0,0.0,0.0,0.0,0.0,0,,Leads-Search-1,Women's Health & Hormones,fertility naturopath near me,broad,None,1
pelvic pain specialist,1,0,0.0,0.0,0.0,0.0,0,,Leads-Search-1,Women's Health & Hormones,functional medicine hormones,broad,None,1
peri menopause diet,1,0,0.0,0.0,0.0,0.0,0,,Leads-Search-1,Women's Health & Hormones,natural help for menopause,phrase (close variant),None,1
perimenopausal,1,0,0.0,0.0,0.0,0.0,0,,Leads-Search-1,Women's Health & Hormones,women's health naturopath,broad,None,1
perimenopause achilles pain,1,0,0.0,0.0,0.0,0.0,0,,Leads-Search-1,Women's Health & Hormones,natural help for menopause,broad,None,1
perimenopause age,3,0,0.0,0.0,0.0,0.0,0,,Leads-Search-1,Women's Health & Hormones,female naturopath | hormone doctor near me | natural help for menopause,broad,None,3
perimenopause and cortisol,1,0,0.0,0.0,0.0,0.0,0,,Leads-Search-1,Women's Health & Hormones,women's hormone specialist near me,broad,None,1
perimenopause and hrt,1,0,0.0,0.0,0.0,0.0,0,,Leads-Search-1,Women's Health & Hormones,women's hormone specialist near me,broad,None,1
perimenopause anxiety,1,0,0.0,0.0,0.0,0.0,0,,Leads-Search-1,Women's Health & Hormones,hormone doctor near me,broad,None,1
perimenopause arm pain,1,0,0.0,0.0,0.0,0.0,0,,Leads-Search-1,Women's Health & Hormones,hormone doctor near me,broad,None,1
perimenopause bleeding for 10 days,1,0,0.0,0.0,0.0,0.0,0,,Leads-Search-1,Women's Health & Hormones,hormone doctor near me,broad,None,1
perimenopause brain changes,1,0,0.0,0.0,0.0,0.0,0,,Leads-Search-1,Women's Health & Hormones,functional medicine hormones,broad,None,1
perimenopause brain fog,1,0,0.0,0.0,0.0,0.0,0,,Leads-Search-1,Women's Health & Hormones,natural help for menopause,broad,None,1
perimenopause care,1,0,0.0,0.0,0.0,0.0,0,,Leads-Search-1,Women's Health & Hormones,naturopath for women's health,broad,None,1
perimenopause chills at night,1,0,0.0,0.0,0.0,0.0,0,,Leads-Search-1,Women's Health & Hormones,natural help for menopause,broad,None,1
perimenopause constant cramps,1,0,0.0,0.0,0.0,0.0,0,,Leads-Search-1,Women's Health & Hormones,female naturopath near me,broad,None,1
perimenopause cramps,1,0,0.0,0.0,0.0,0.0,0,,Leads-Search-1,Women's Health & Hormones,women's health naturopath,broad,None,1
perimenopause diet to lose weight,1,0,0.0,0.0,0.0,0.0,0,,Leads-Search-1,Women's Health & Hormones,women's hormone specialist near me,broad,None,1
perimenopause forums,1,0,0.0,0.0,0.0,0.0,0,,Leads-Search-1,Women's Health & Hormones,women's health naturopath,broad,None,1
perimenopause gut health,1,0,0.0,0.0,0.0,0.0,0,,Leads-Search-1,Women's Health & Hormones,women's health naturopath,broad,None,1
perimenopause histamine intolerance,1,0,0.0,0.0,0.0,0.0,0,,Leads-Search-1,Women's Health & Hormones,women's health naturopath,broad,None,1
perimenopause how long does it last,1,0,0.0,0.0,0.0,0.0,0,,Leads-Search-1,Women's Health & Hormones,natural help for menopause,broad,None,1
perimenopause itching,1,0,0.0,0.0,0.0,0.0,0,,Leads-Search-1,Women's Health & Hormones,women's hormone specialist near me,broad,None,1
perimenopause periods,1,0,0.0,0.0,0.0,0.0,0,,Leads-Search-1,Women's Health & Hormones,women's health naturopath,broad,None,1
perimenopause power,1,0,0.0,0.0,0.0,0.0,0,,Leads-Search-1,Women's Health & Hormones,hormone doctor near me,broad,None,1
perimenopause quiz,1,0,0.0,0.0,0.0,0.0,0,,Leads-Search-1,Women's Health & Hormones,women's health naturopath,broad,None,1
perimenopause specialist,1,0,0.0,0.0,0.0,0.0,0,,Leads-Search-1,Women's Health & Hormones,naturopath for hormone imbalance,broad,None,1
perimenopause specialists near me,2,0,0.0,0.0,0.0,0.0,0,,Leads-Search-1,Women's Health & Hormones,naturopath for hormone imbalance | naturopath for hormones,broad,None,2
perimenopause supplements,1,0,0.0,0.0,0.0,0.0,0,,Leads-Search-1,Women's Health & Hormones,women's hormone specialist near me,broad,None,1
perimenopause support groups near me,1,0,0.0,0.0,0.0,0.0,0,,Leads-Search-1,Women's Health & Hormones,women's health naturopath,broad,None,1
perimenopause test,1,0,0.0,0.0,0.0,0.0,0,,Leads-Search-1,Women's Health & Hormones,women's health naturopath,broad,None,1
perimenopause treatment,1,0,0.0,0.0,0.0,0.0,0,,Leads-Search-1,Women's Health & Hormones,female naturopath near me,broad,None,1
perimenopause when to see a doctor,1,0,0.0,0.0,0.0,0.0,0,,Leads-Search-1,Women's Health & Hormones,women's health naturopath,broad,None,1
perimenopausia,1,0,0.0,0.0,0.0,0.0,0,,Leads-Search-1,Women's Health & Hormones,hormone doctor near me,broad,None,1
period specialist doctor near me,1,0,0.0,0.0,0.0,0.0,0,,Leads-Search-1,Women's Health & Hormones,naturopath for women's health,broad,None,1
periods early by 10 days,1,0,0.0,0.0,0.0,0.0,0,,Leads-Search-1,Women's Health & Hormones,women's hormone specialist near me,broad,None,1
phases of menstrual cycle,1,0,0.0,0.0,0.0,0.0,0,,Leads-Search-1,Women's Health & Hormones,naturopath for hormone imbalance,broad,None,1
physical examination of reproductive system,1,0,0.0,0.0,0.0,0.0,0,,Leads-Search-1,Women's Health & Hormones,fertility naturopath near me,broad,None,1
phytoestrogens,1,0,0.0,0.0,0.0,0.0,0,,Leads-Search-1,Women's Health & Hormones,women's health naturopath,broad,None,1
pikus,1,0,0.0,0.0,0.0,0.0,0,,Leads-Search-1,Women's Health & Hormones,hormone doctor near me,broad,None,1
pineal gland,1,0,0.0,0.0,0.0,0.0,0,,Leads-Search-1,Women's Health & Hormones,naturopath for hormone imbalance,broad,None,1
pmdd,2,0,0.0,0.0,0.0,0.0,0,,Leads-Search-1,Women's Health & Hormones,hormone doctor near me | women's hormone specialist near me,broad,None,2
pmdd depression,1,0,0.0,0.0,0.0,0.0,0,,Leads-Search-1,Women's Health & Hormones,female naturopath near me,broad,None,1
pmdd hormones,1,0,0.0,0.0,0.0,0.0,0,,Leads-Search-1,Women's Health & Hormones,functional medicine for hormones,broad,None,1
pmdd naturopathic treatment,1,0,0.0,0.0,0.0,0.0,0,,Leads-Search-1,Women's Health & Hormones,naturopath for PMS,phrase (close variant),None,1
pmdd solutions,1,0,0.0,0.0,0.0,0.0,0,,Leads-Search-1,Women's Health & Hormones,women's health naturopath,broad,None,1
pmdd symptoms,2,0,0.0,0.0,0.0,0.0,0,,Leads-Search-1,Women's Health & Hormones,women's health naturopath | women's hormone specialist near me,broad,None,2
pmdd treatment,1,0,0.0,0.0,0.0,0.0,0,,Leads-Search-1,Women's Health & Hormones,women's health naturopath,broad,None,1
pmdd treatment options,1,0,0.0,0.0,0.0,0.0,0,,Leads-Search-1,Women's Health & Hormones,women's health naturopath,broad,None,1
pmos,1,0,0.0,0.0,0.0,0.0,0,,Leads-Search-1,Women's Health & Hormones,women's health naturopath,broad,None,1
pmos diagnostic criteria,1,0,0.0,0.0,0.0,0.0,0,,Leads-Search-1,Women's Health & Hormones,women's hormone specialist near me,broad,None,1
pmos doctor,2,0,0.0,0.0,0.0,0.0,0,,Leads-Search-1,Women's Health & Hormones,Hashimoto's naturopath | functional medicine for hormones,broad,None,2
pmos doctors near me,1,0,0.0,0.0,0.0,0.0,0,,Leads-Search-1,Women's Health & Hormones,women's health naturopath,broad,None,1
pmos testing,1,0,0.0,0.0,0.0,0.0,0,,Leads-Search-1,Women's Health & Hormones,women's hormone specialist near me,broad,None,1
polycystic ovarian syndrome,1,0,0.0,0.0,0.0,0.0,0,,Leads-Search-1,Women's Health & Hormones,naturopath for hormones,broad,None,1
polycystic ovarian syndrome treatment,1,0,0.0,0.0,0.0,0.0,0,,Leads-Search-1,Women's Health & Hormones,women's health naturopath,broad,None,1
polycystic ovary,1,0,0.0,0.0,0.0,0.0,0,,Leads-Search-1,Women's Health & Hormones,women's health naturopath,broad,None,1
polycystic ovary syndrome,2,0,0.0,0.0,0.0,0.0,0,,Leads-Search-1,Women's Health & Hormones,naturopath for women's health | women's health naturopath,broad,None,2
porque no puedo quedar embarazada si no me cuido,1,0,0.0,0.0,0.0,0.0,0,,Leads-Search-1,Women's Health & Hormones,fertility naturopath near me,broad,None,1
post menopause doctor near me,1,0,0.0,0.0,0.0,0.0,0,,Leads-Search-1,Women's Health & Hormones,hormone doctor near me,phrase (close variant),None,1
post menopause supplements,1,0,0.0,0.0,0.0,0.0,0,,Leads-Search-1,Women's Health & Hormones,women's hormone specialist near me,broad,None,1
postmenopausal hormonal imbalance,1,0,0.0,0.0,0.0,0.0,0,,Leads-Search-1,Women's Health & Hormones,naturopath for hormone imbalance,broad,None,1
pre menopause,1,0,0.0,0.0,0.0,0.0,0,,Leads-Search-1,Women's Health & Hormones,female naturopath near me,broad,None,1
pregnancy acupuncture near me,1,0,0.0,0.0,0.0,0.0,0,,Leads-Search-1,Women's Health & Hormones,women's naturopath near me,broad,None,1
pregnenolone cream,1,0,0.0,0.0,0.0,0.0,0,,Leads-Search-1,Women's Health & Hormones,hormone doctor near me,broad,None,1
pregnenolone perimenopause,1,0,0.0,0.0,0.0,0.0,0,,Leads-Search-1,Women's Health & Hormones,women's health naturopath,broad,None,1
premature ovarian failure,1,0,0.0,0.0,0.0,0.0,0,,Leads-Search-1,Women's Health & Hormones,women's hormone specialist near me,broad,None,1
premenopausal,1,0,0.0,0.0,0.0,0.0,0,,Leads-Search-1,Women's Health & Hormones,female naturopath near me,broad,None,1
premenopause,2,0,0.0,0.0,0.0,0.0,0,,Leads-Search-1,Women's Health & Hormones,hormone doctor near me | naturopath for hormones,broad,None,2
premenstrual dysphoric disorder treatment,1,0,0.0,0.0,0.0,0.0,0,,Leads-Search-1,Women's Health & Hormones,women's health naturopath,broad,None,1
premier women's health,1,0,0.0,0.0,0.0,0.0,0,,Leads-Search-1,Women's Health & Hormones,hormone doctor near me,broad,Excluded,1
premier women's health of mn,1,0,0.0,0.0,0.0,0.0,0,,Leads-Search-1,Women's Health & Hormones,women's health naturopath,broad,None,1
prenatal acupuncture,1,0,0.0,0.0,0.0,0.0,0,,Leads-Search-1,Women's Health & Hormones,female naturopath near me,broad,None,1
private fertility treatment,1,0,0.0,0.0,0.0,0.0,0,,Leads-Search-1,Women's Health & Hormones,naturopath for fertility,broad,None,1
professional for women's health,1,0,0.0,0.0,0.0,0.0,0,,Leads-Search-1,Women's Health & Hormones,naturopath for hormone imbalance,broad,None,1
prolapsed uterus treatment at home,2,0,0.0,0.0,0.0,0.0,0,,Leads-Search-1,Women's Health & Hormones,women's health naturopath | women's naturopath near me,broad,None,2
que es el reemplazo hormonal,1,0,0.0,0.0,0.0,0.0,0,,Leads-Search-1,Women's Health & Hormones,women's hormone specialist near me,broad,None,1
que son los sofocos en la menopausia,1,0,0.0,0.0,0.0,0.0,0,,Leads-Search-1,Women's Health & Hormones,women's hormone specialist near me,broad,None,1
radiance from within,1,0,0.0,0.0,0.0,0.0,0,,Leads-Search-1,Women's Health & Hormones,naturopath for hormone imbalance,broad,None,1
rahel rothschild md,2,0,0.0,0.0,0.0,0.0,0,,Leads-Search-1,Women's Health & Hormones,female naturopath | women's health naturopath,broad,None,2
regulate metabolism,1,0,0.0,0.0,0.0,0.0,0,,Leads-Search-1,Women's Health & Hormones,functional medicine for hormones,broad,None,1
reproductive clinic near me,1,0,0.0,0.0,0.0,0.0,0,,Leads-Search-1,Women's Health & Hormones,hormone doctor near me,broad,None,1
reproductive endocrinologist,2,0,0.0,0.0,0.0,0.0,0,,Leads-Search-1,Women's Health & Hormones,naturopath for menopause | women's naturopath near me,broad,None,2
reproductive immunologist,2,0,0.0,0.0,0.0,0.0,0,,Leads-Search-1,Women's Health & Hormones,naturopath for hormones | women's health naturopath,broad,None,2
restorative wellness,1,0,0.0,0.0,0.0,0.0,0,,Leads-Search-1,Women's Health & Hormones,female naturopath,broad,None,1
rosanne austin,1,0,0.0,0.0,0.0,0.0,0,,Leads-Search-1,Women's Health & Hormones,fertility naturopath near me,broad,None,1
sarah manneh,3,0,0.0,0.0,0.0,0.0,0,,Leads-Search-1,Women's Health & Hormones,hormone doctor near me | naturopath for women's health | women's hormone specialist near me,broad,None,3
seed cycling for perimenopause,1,0,0.0,0.0,0.0,0.0,0,,Leads-Search-1,Women's Health & Hormones,hormone doctor near me,broad,None,1
sex binding hormone globulin high,1,0,0.0,0.0,0.0,0.0,0,,Leads-Search-1,Women's Health & Hormones,women's hormone specialist near me,broad,None,1
should i take estrogen,1,0,0.0,0.0,0.0,0.0,0,,Leads-Search-1,Women's Health & Hormones,naturopath for hormone imbalance,broad,None,1
side effects of women using testosterone cream,1,0,0.0,0.0,0.0,0.0,0,,Leads-Search-1,Women's Health & Hormones,women's hormone specialist near me,broad,None,1
signs i m starting menopause,1,0,0.0,0.0,0.0,0.0,0,,Leads-Search-1,Women's Health & Hormones,naturopath for hormone imbalance,broad,None,1
signs of early menopause at 37,1,0,0.0,0.0,0.0,0.0,0,,Leads-Search-1,Women's Health & Hormones,hormone doctor near me,broad,None,1
signs of high estrogen in women,1,0,0.0,0.0,0.0,0.0,0,,Leads-Search-1,Women's Health & Hormones,female naturopath,broad,None,1
signs of hormonal imbalance in women,1,0,0.0,0.0,0.0,0.0,0,,Leads-Search-1,Women's Health & Hormones,women's health naturopath,broad,None,1
signs of infertility in women,1,0,0.0,0.0,0.0,0.0,0,,Leads-Search-1,Women's Health & Hormones,naturopath for hormone imbalance,broad,None,1
signs of menopause,1,0,0.0,0.0,0.0,0.0,0,,Leads-Search-1,Women's Health & Hormones,female naturopath,broad,None,1
signs of pcos,1,0,0.0,0.0,0.0,0.0,0,,Leads-Search-1,Women's Health & Hormones,women's health naturopath,broad,None,1
signs of perimenopause,1,0,0.0,0.0,0.0,0.0,0,,Leads-Search-1,Women's Health & Hormones,natural help for menopause,broad,None,1
signs of perimenopause at 35,1,0,0.0,0.0,0.0,0.0,0,,Leads-Search-1,Women's Health & Hormones,women's health naturopath,broad,None,1
signs you have a hormonal imbalance,1,0,0.0,0.0,0.0,0.0,0,,Leads-Search-1,Women's Health & Hormones,naturopath for women's health,broad,None,1
sisters nutrition pcos,1,0,0.0,0.0,0.0,0.0,0,,Leads-Search-1,Women's Health & Hormones,women's health naturopath,broad,None,1
sliding scale women's clinic near me,1,0,0.0,0.0,0.0,0.0,0,,Leads-Search-1,Women's Health & Hormones,female naturopath near me,broad,None,1
slippery elm benefits for woman,1,0,0.0,0.0,0.0,0.0,0,,Leads-Search-1,Women's Health & Hormones,women's health naturopath,broad,None,1
smaller sam pcos,1,0,0.0,0.0,0.0,0.0,0,,Leads-Search-1,Women's Health & Hormones,women's hormone specialist near me,broad,None,1
smear test,1,0,0.0,0.0,0.0,0.0,0,,Leads-Search-1,Women's Health & Hormones,women's hormone specialist near me,broad,None,1
sotto pelle,1,0,0.0,0.0,0.0,0.0,0,,Leads-Search-1,Women's Health & Hormones,women's hormone specialist near me,broad,None,1
southdale obgyn,2,0,0.0,0.0,0.0,0.0,0,,Leads-Search-1,Women's Health & Hormones,functional medicine for hormones | hormone doctor near me,broad,None,2
southdale women's clinic,1,0,0.0,0.0,0.0,0.0,0,,Leads-Search-1,Women's Health & Hormones,female naturopath,broad,None,1
soy estrogen menopause,1,0,0.0,0.0,0.0,0.0,0,,Leads-Search-1,Women's Health & Hormones,natural help for menopause,phrase (close variant),None,1
st paul clinic dr yang,1,0,0.0,0.0,0.0,0.0,0,,Leads-Search-1,Women's Health & Hormones,female naturopath,broad,None,1
stages of menopause,2,0,0.0,0.0,0.0,0.0,0,,Leads-Search-1,Women's Health & Hormones,natural help for menopause | women's hormone specialist near me,broad,None,2
starting hormone therapy in perimenopause,1,0,0.0,0.0,0.0,0.0,0,,Leads-Search-1,Women's Health & Hormones,women's health naturopath,broad,None,1
stress and hair loss in females,1,0,0.0,0.0,0.0,0.0,0,,Leads-Search-1,Women's Health & Hormones,naturopath for hormone imbalance,broad,None,1
subclinical hypothyroidism,1,0,0.0,0.0,0.0,0.0,0,,Leads-Search-1,Women's Health & Hormones,Hashimoto's naturopath,broad,None,1
surgical menopause,1,0,0.0,0.0,0.0,0.0,0,,Leads-Search-1,Women's Health & Hormones,women's hormone specialist near me,broad,None,1
symptoms of low estrogen,1,0,0.0,0.0,0.0,0.0,0,,Leads-Search-1,Women's Health & Hormones,female naturopath near me,broad,None,1
symptoms of perimenopause,2,0,0.0,0.0,0.0,0.0,0,,Leads-Search-1,Women's Health & Hormones,natural help for menopause | women's health naturopath,broad,None,2
t4,1,0,0.0,0.0,0.0,0.0,0,,Leads-Search-1,Women's Health & Hormones,naturopath for hormone imbalance,broad,None,1
take hormone,4,0,0.0,0.0,0.0,0.0,0,,Leads-Search-1,Women's Health & Hormones,female naturopath near me | functional medicine for hormones | functional medicine hormones | naturopath for hormone imbalance,broad,None,4
take hormone 2,1,0,0.0,0.0,0.0,0.0,0,,Leads-Search-1,Women's Health & Hormones,functional medicine for hormones,broad,None,1
taking hormones,1,0,0.0,0.0,0.0,0.0,0,,Leads-Search-1,Women's Health & Hormones,naturopath for hormones,broad,None,1
tamara fuller eddins,1,0,0.0,0.0,0.0,0.0,0,,Leads-Search-1,Women's Health & Hormones,women's health naturopath,broad,None,1
tengo 46 años y no me viene la regla,1,0,0.0,0.0,0.0,0.0,0,,Leads-Search-1,Women's Health & Hormones,naturopath for hormone imbalance,broad,None,1
test for cortisol levels,1,0,0.0,0.0,0.0,0.0,0,,Leads-Search-1,Women's Health & Hormones,hormone doctor near me,broad,None,1
test for pcos,1,0,0.0,0.0,0.0,0.0,0,,Leads-Search-1,Women's Health & Hormones,women's health naturopath,broad,None,1
testosterone booster for women,1,0,0.0,0.0,0.0,0.0,0,,Leads-Search-1,Women's Health & Hormones,women's hormone specialist near me,broad,None,1
testosterone for women,2,0,0.0,0.0,0.0,0.0,0,,Leads-Search-1,Women's Health & Hormones,female naturopath near me | hormone doctor near me,broad,None,2
testosterone for women benefits,1,0,0.0,0.0,0.0,0.0,0,,Leads-Search-1,Women's Health & Hormones,women's health naturopath,broad,None,1
testosterone for women in menopause,1,0,0.0,0.0,0.0,0.0,0,,Leads-Search-1,Women's Health & Hormones,functional medicine for hormones,broad,None,1
testosterone for women in perimenopause,1,0,0.0,0.0,0.0,0.0,0,,Leads-Search-1,Women's Health & Hormones,hormone doctor near me,broad,None,1
testosterone injections for women,1,0,0.0,0.0,0.0,0.0,0,,Leads-Search-1,Women's Health & Hormones,women's health naturopath,broad,None,1
testosterone panel for women,1,0,0.0,0.0,0.0,0.0,0,,Leads-Search-1,Women's Health & Hormones,women's naturopath near me,broad,None,1
testosterone pellets for females,1,0,0.0,0.0,0.0,0.0,0,,Leads-Search-1,Women's Health & Hormones,functional medicine for hormones,broad,None,1
tfc doctor,1,0,0.0,0.0,0.0,0.0,0,,Leads-Search-1,Women's Health & Hormones,naturopath for fertility,broad,None,1
the dutch test cost,1,0,0.0,0.0,0.0,0.0,0,,Leads-Search-1,Women's Health & Hormones,women's hormone specialist near me,broad,None,1
the dutch test hormones,1,0,0.0,0.0,0.0,0.0,0,,Leads-Search-1,Women's Health & Hormones,women's health naturopath,broad,None,1
the hormone cure sara gottfried,1,0,0.0,0.0,0.0,0.0,0,,Leads-Search-1,Women's Health & Hormones,female naturopath near me,broad,None,1
the integrative women's health institute,1,0,0.0,0.0,0.0,0.0,0,,Leads-Search-1,Women's Health & Hormones,women's hormone specialist near me,broad,None,1
the midst,2,0,0.0,0.0,0.0,0.0,0,,Leads-Search-1,Women's Health & Hormones,women's health naturopath | women's naturopath near me,broad,None,2
the woman clinic,1,0,0.0,0.0,0.0,0.0,0,,Leads-Search-1,Women's Health & Hormones,naturopath for menopause,broad,None,1
thermiva treatment near me,1,0,0.0,0.0,0.0,0.0,0,,Leads-Search-1,Women's Health & Hormones,women's health naturopath,broad,None,1
thevaginewhisperer,1,0,0.0,0.0,0.0,0.0,0,,Leads-Search-1,Women's Health & Hormones,women's health naturopath,broad,None,1
thin bloody discharge,1,0,0.0,0.0,0.0,0.0,0,,Leads-Search-1,Women's Health & Hormones,female naturopath,broad,None,1
thrive womens,1,0,0.0,0.0,0.0,0.0,0,,Leads-Search-1,Women's Health & Hormones,women's health naturopath,broad,None,1
throat pain and thyroid,1,0,0.0,0.0,0.0,0.0,0,,Leads-Search-1,Women's Health & Hormones,Hashimoto's naturopath,broad,None,1
thyroid,5,0,0.0,0.0,0.0,0.0,0,,Leads-Search-1,Women's Health & Hormones,Hashimoto's naturopath | functional medicine for hormones | hormone doctor near me | naturopath for hormone imbalance | naturopath for hormones,broad,None,5
thyroid cause weight gain,1,0,0.0,0.0,0.0,0.0,0,,Leads-Search-1,Women's Health & Hormones,Hashimoto's naturopath,broad,None,1
thyroid issues in women,1,0,0.0,0.0,0.0,0.0,0,,Leads-Search-1,Women's Health & Hormones,women's health naturopath,broad,None,1
thyroid masterclass,1,0,0.0,0.0,0.0,0.0,0,,Leads-Search-1,Women's Health & Hormones,naturopath for hormones,broad,None,1
thyroid naturopathic doctor,1,0,0.0,0.0,0.0,0.0,0,,Leads-Search-1,Women's Health & Hormones,naturopath for hormone imbalance,phrase (close variant),None,1
thyroid near me,2,0,0.0,0.0,0.0,0.0,0,,Leads-Search-1,Women's Health & Hormones,Hashimoto's naturopath | hormone doctor near me,broad,None,2
thyroid problems in women,4,0,0.0,0.0,0.0,0.0,0,,Leads-Search-1,Women's Health & Hormones,hormone doctor near me | naturopath for women's health | women's health naturopath | women's hormone specialist near me,broad,None,4
thyroid specialists,1,0,0.0,0.0,0.0,0.0,0,,Leads-Search-1,Women's Health & Hormones,functional medicine for hormones,broad,None,1
thyroid sweating treatment,1,0,0.0,0.0,0.0,0.0,0,,Leads-Search-1,Women's Health & Hormones,functional medicine for hormones,broad,None,1
thyroid symptoms in female treatment,1,0,0.0,0.0,0.0,0.0,0,,Leads-Search-1,Women's Health & Hormones,women's naturopath near me,broad,None,1
thyroid test near me,1,0,0.0,0.0,0.0,0.0,0,,Leads-Search-1,Women's Health & Hormones,Hashimoto's naturopath,broad,None,1
tips for dealing with menopause,1,0,0.0,0.0,0.0,0.0,0,,Leads-Search-1,Women's Health & Hormones,female naturopath near me,broad,None,1
top menopause doctors near me,3,0,0.0,0.0,0.0,0.0,0,,Leads-Search-1,Women's Health & Hormones,hormone doctor near me | naturopath for hormone imbalance | naturopath for women's health,broad | phrase (close variant),None,3
top pcos specialists near me,2,0,0.0,0.0,0.0,0.0,0,,Leads-Search-1,Women's Health & Hormones,naturopath for hormone imbalance | pcos specialist near me,broad | exact (close variant),None,2
treating fibroids,1,0,0.0,0.0,0.0,0.0,0,,Leads-Search-1,Women's Health & Hormones,women's health naturopath,broad,None,1
treatment for irregular periods,1,0,0.0,0.0,0.0,0.0,0,,Leads-Search-1,Women's Health & Hormones,fertility naturopath near me,broad,None,1
treatment for pcos,1,0,0.0,0.0,0.0,0.0,0,,Leads-Search-1,Women's Health & Hormones,naturopath for women's health,broad,None,1
treatment of thyroid nodules,1,0,0.0,0.0,0.0,0.0,0,,Leads-Search-1,Women's Health & Hormones,women's hormone specialist near me,broad,None,1
treatment perimenopause,1,0,0.0,0.0,0.0,0.0,0,,Leads-Search-1,Women's Health & Hormones,women's health naturopath,broad,None,1
treatments for pcos,1,0,0.0,0.0,0.0,0.0,0,,Leads-Search-1,Women's Health & Hormones,women's health naturopath,broad,None,1
troche hormone replacement,1,0,0.0,0.0,0.0,0.0,0,,Leads-Search-1,Women's Health & Hormones,functional medicine for hormones,broad,None,1
true clinic,1,0,0.0,0.0,0.0,0.0,0,,Leads-Search-1,Women's Health & Hormones,women's hormone specialist near me,broad,None,1
try her com,1,0,0.0,0.0,0.0,0.0,0,,Leads-Search-1,Women's Health & Hormones,female naturopath near me,broad,None,1
tsh blood test,1,0,0.0,0.0,0.0,0.0,0,,Leads-Search-1,Women's Health & Hormones,hormone doctor near me,broad,None,1
tsh levels,1,0,0.0,0.0,0.0,0.0,0,,Leads-Search-1,Women's Health & Hormones,naturopath for hormone imbalance,broad,None,1
ttc tips,1,0,0.0,0.0,0.0,0.0,0,,Leads-Search-1,Women's Health & Hormones,fertility naturopath near me,broad,None,1
tubal ligation possible to get pregnant,1,0,0.0,0.0,0.0,0.0,0,,Leads-Search-1,Women's Health & Hormones,fertility naturopath near me,broad,None,1
upper abdominal pain before period,1,0,0.0,0.0,0.0,0.0,0,,Leads-Search-1,Women's Health & Hormones,female naturopath,broad,None,1
urogynecologist specialist near me,1,0,0.0,0.0,0.0,0.0,0,,Leads-Search-1,Women's Health & Hormones,women's hormone specialist near me,broad,None,1
urogynecologists near me,1,0,0.0,0.0,0.0,0.0,0,,Leads-Search-1,Women's Health & Hormones,women's health naturopath,broad,None,1
uterine ablation procedure,1,0,0.0,0.0,0.0,0.0,0,,Leads-Search-1,Women's Health & Hormones,women's health naturopath,broad,None,1
uterine fibroids and perimenopause,1,0,0.0,0.0,0.0,0.0,0,,Leads-Search-1,Women's Health & Hormones,female naturopath,broad,None,1
vaginal restoration,1,0,0.0,0.0,0.0,0.0,0,,Leads-Search-1,Women's Health & Hormones,women's hormone specialist near me,broad,None,1
vaginismus,1,0,0.0,0.0,0.0,0.0,0,,Leads-Search-1,Women's Health & Hormones,women's health naturopath,broad,None,1
veozah,2,0,0.0,0.0,0.0,0.0,0,,Leads-Search-1,Women's Health & Hormones,functional medicine for hormones | hormone doctor near me,broad,None,2
versily,1,0,0.0,0.0,0.0,0.0,0,,Leads-Search-1,Women's Health & Hormones,women's hormone specialist near me,broad,None,1
vigina exam,1,0,0.0,0.0,0.0,0.0,0,,Leads-Search-1,Women's Health & Hormones,hormone doctor near me,broad,None,1
vital hormone clinic,1,0,0.0,0.0,0.0,0.0,0,,Leads-Search-1,Women's Health & Hormones,naturopath for hormones,broad,None,1
vitamin b9,1,0,0.0,0.0,0.0,0.0,0,,Leads-Search-1,Women's Health & Hormones,naturopath for hormone imbalance,broad,None,1
vtone near me,2,0,0.0,0.0,0.0,0.0,0,,Leads-Search-1,Women's Health & Hormones,women's health naturopath | women's hormone specialist near me,broad,None,2
vulvovaginal specialist near me,1,0,0.0,0.0,0.0,0.0,0,,Leads-Search-1,Women's Health & Hormones,women's health naturopath,broad,None,1
weight loss programs,1,0,0.0,0.0,0.0,0.0,0,,Leads-Search-1,Women's Health & Hormones,functional medicine hormones,broad,None,1
what age can you start early menopause,1,0,0.0,0.0,0.0,0.0,0,,Leads-Search-1,Women's Health & Hormones,women's hormone specialist near me,broad,None,1
what age do women start getting hot flashes,1,0,0.0,0.0,0.0,0.0,0,,Leads-Search-1,Women's Health & Hormones,natural help for menopause,broad,None,1
what age does menopause start for women,1,0,0.0,0.0,0.0,0.0,0,,Leads-Search-1,Women's Health & Hormones,female naturopath,broad,None,1
what age does perimenopause start,1,0,0.0,0.0,0.0,0.0,0,,Leads-Search-1,Women's Health & Hormones,natural help for menopause,broad,None,1
what are all the hormones in a female body,1,0,0.0,0.0,0.0,0.0,0,,Leads-Search-1,Women's Health & Hormones,women's health naturopath,broad,None,1
what are bioidentical hormones for menopause,1,0,0.0,0.0,0.0,0.0,0,,Leads-Search-1,Women's Health & Hormones,women's health naturopath,broad,None,1
what are early warning signs of thyroid problems in females,1,0,0.0,0.0,0.0,0.0,0,,Leads-Search-1,Women's Health & Hormones,Hashimoto's naturopath,broad,None,1
what are some symptoms of thyroid,1,0,0.0,0.0,0.0,0.0,0,,Leads-Search-1,Women's Health & Hormones,Hashimoto's naturopath,broad,None,1
what are the 34 symptoms of perimenopause,1,0,0.0,0.0,0.0,0.0,0,,Leads-Search-1,Women's Health & Hormones,natural help for menopause,broad,None,1
what are the benefits of hormone replacement therapy for women,1,0,0.0,0.0,0.0,0.0,0,,Leads-Search-1,Women's Health & Hormones,women's health naturopath,broad,None,1
what are the benefits of hrt,2,0,0.0,0.0,0.0,0.0,0,,Leads-Search-1,Women's Health & Hormones,naturopath for hormone imbalance | women's hormone specialist near me,broad,None,2
what are the side effects of a female taking testosterone,1,0,0.0,0.0,0.0,0.0,0,,Leads-Search-1,Women's Health & Hormones,female naturopath,broad,None,1
what are the stages of menopause,1,0,0.0,0.0,0.0,0.0,0,,Leads-Search-1,Women's Health & Hormones,women's hormone specialist near me,broad,None,1
what can you do for really bad menstrual cramps,1,0,0.0,0.0,0.0,0.0,0,,Leads-Search-1,Women's Health & Hormones,women's hormone specialist near me,broad,None,1
what can you do to get pregnant fast,1,0,0.0,0.0,0.0,0.0,0,,Leads-Search-1,Women's Health & Hormones,naturopath for fertility,broad,None,1
what causes early menopause,1,0,0.0,0.0,0.0,0.0,0,,Leads-Search-1,Women's Health & Hormones,women's hormone specialist near me,broad,None,1
what causes thyroid nodules,1,0,0.0,0.0,0.0,0.0,0,,Leads-Search-1,Women's Health & Hormones,Hashimoto's naturopath,broad,None,1
what do they do for ovarian cysts,1,0,0.0,0.0,0.0,0.0,0,,Leads-Search-1,Women's Health & Hormones,hormone doctor near me,broad,None,1
what doctor to see for hormonal imbalance,1,0,0.0,0.0,0.0,0.0,0,,Leads-Search-1,Women's Health & Hormones,hormone doctor near me,exact (close variant),None,1
what doctor to see if you have pcos,1,0,0.0,0.0,0.0,0.0,0,,Leads-Search-1,Women's Health & Hormones,pcos specialist near me,exact (close variant),None,1
what doctors deal with hormones,1,0,0.0,0.0,0.0,0.0,0,,Leads-Search-1,Women's Health & Hormones,female naturopath near me,broad,None,1
what does a period cramp feel like,1,0,0.0,0.0,0.0,0.0,0,,Leads-Search-1,Women's Health & Hormones,hormone doctor near me,broad,None,1
what does estrogen do for women,1,0,0.0,0.0,0.0,0.0,0,,Leads-Search-1,Women's Health & Hormones,natural help for menopause,broad,None,1
what does hormone replacement therapy do,1,0,0.0,0.0,0.0,0.0,0,,Leads-Search-1,Women's Health & Hormones,women's hormone specialist near me,broad,None,1
what does hrt help with,1,0,0.0,0.0,0.0,0.0,0,,Leads-Search-1,Women's Health & Hormones,women's health naturopath,broad,None,1
what does it mean when your body is weak and tired,1,0,0.0,0.0,0.0,0.0,0,,Leads-Search-1,Women's Health & Hormones,naturopath for hormone imbalance,broad,None,1
what does pcos stand for,1,0,0.0,0.0,0.0,0.0,0,,Leads-Search-1,Women's Health & Hormones,women's hormone specialist near me,broad,None,1
what does pms mean,1,0,0.0,0.0,0.0,0.0,0,,Leads-Search-1,Women's Health & Hormones,women's hormone specialist near me,broad,None,1
what does testosterone for women do,1,0,0.0,0.0,0.0,0.0,0,,Leads-Search-1,Women's Health & Hormones,natural help for menopause,broad,None,1
what happens to a woman's body during menopause,1,0,0.0,0.0,0.0,0.0,0,,Leads-Search-1,Women's Health & Hormones,women's hormone specialist near me,broad,None,1
what helps perimenopause,1,0,0.0,0.0,0.0,0.0,0,,Leads-Search-1,Women's Health & Hormones,naturopath for hormone imbalance,broad,None,1
what hormones cause weight gain in menopause,1,0,0.0,0.0,0.0,0.0,0,,Leads-Search-1,Women's Health & Hormones,women's health naturopath,broad,None,1
what is bhrt,1,0,0.0,0.0,0.0,0.0,0,,Leads-Search-1,Women's Health & Hormones,female naturopath near me,broad,None,1
what is perimenopause,1,0,0.0,0.0,0.0,0.0,0,,Leads-Search-1,Women's Health & Hormones,natural help for menopause,broad,None,1
what is perimenopause symptoms,1,0,0.0,0.0,0.0,0.0,0,,Leads-Search-1,Women's Health & Hormones,natural help for menopause,broad,None,1
what is the age of premenopausal woman,1,0,0.0,0.0,0.0,0.0,0,,Leads-Search-1,Women's Health & Hormones,natural help for menopause,broad,None,1
what kind of doctor should i see for pcos,1,0,0.0,0.0,0.0,0.0,0,,Leads-Search-1,Women's Health & Hormones,functional medicine for hormones,broad,None,1
what kind of thyroid tests are there,1,0,0.0,0.0,0.0,0.0,0,,Leads-Search-1,Women's Health & Hormones,Hashimoto's naturopath,broad,None,1
what should you take for high cortisol,1,0,0.0,0.0,0.0,0.0,0,,Leads-Search-1,Women's Health & Hormones,hormone doctor near me,broad,None,1
what supplements should i take for pcos weight loss,1,0,0.0,0.0,0.0,0.0,0,,Leads-Search-1,Women's Health & Hormones,naturopath for hormone imbalance,broad,None,1
what symptoms of menopause does hrt help,1,0,0.0,0.0,0.0,0.0,0,,Leads-Search-1,Women's Health & Hormones,naturopath for hormones,broad,None,1
what to expect starting hrt,1,0,0.0,0.0,0.0,0.0,0,,Leads-Search-1,Women's Health & Hormones,functional medicine hormones,broad,None,1
what type of doctor to see for menopause,1,0,0.0,0.0,0.0,0.0,0,,Leads-Search-1,Women's Health & Hormones,female naturopath near me,broad,None,1
what's the difference between perimenopause and menopause,1,0,0.0,0.0,0.0,0.0,0,,Leads-Search-1,Women's Health & Hormones,women's health naturopath,broad,None,1
when does menopause end,1,0,0.0,0.0,0.0,0.0,0,,Leads-Search-1,Women's Health & Hormones,women's hormone specialist near me,broad,None,1
when does menopause start,1,0,0.0,0.0,0.0,0.0,0,,Leads-Search-1,Women's Health & Hormones,women's hormone specialist near me,broad,None,1
when does perimenopause start,2,0,0.0,0.0,0.0,0.0,0,,Leads-Search-1,Women's Health & Hormones,women's health naturopath | women's hormone specialist near me,broad,None,2
when is a woman most fertile in her cycle,1,0,0.0,0.0,0.0,0.0,0,,Leads-Search-1,Women's Health & Hormones,fertility naturopath near me,broad,None,1
when to have sex to conceive,1,0,0.0,0.0,0.0,0.0,0,,Leads-Search-1,Women's Health & Hormones,fertility naturopath near me,broad,None,1
when women stop having periods,1,0,0.0,0.0,0.0,0.0,0,,Leads-Search-1,Women's Health & Hormones,women's health naturopath,broad,None,1
where can i get a dutch test done near me,1,0,0.0,0.0,0.0,0.0,0,,Leads-Search-1,Women's Health & Hormones,female naturopath near me,broad,None,1
where can i get a dutch test near me,2,0,0.0,0.0,0.0,0.0,0,,Leads-Search-1,Women's Health & Hormones,women's health naturopath | women's hormone specialist near me,broad,None,2
where can i get bioidentical hormone replacement therapy,1,0,0.0,0.0,0.0,0.0,0,,Leads-Search-1,Women's Health & Hormones,hormone doctor near me,broad,None,1
where can i go to check my hormone levels,2,0,0.0,0.0,0.0,0.0,0,,Leads-Search-1,Women's Health & Hormones,female naturopath | women's health naturopath,broad,None,2
where do you get your hormone levels checked,1,0,0.0,0.0,0.0,0.0,0,,Leads-Search-1,Women's Health & Hormones,women's health naturopath,broad,None,1
where to get hormone levels checked,1,0,0.0,0.0,0.0,0.0,0,,Leads-Search-1,Women's Health & Hormones,functional medicine for hormones,broad,None,1
who to see for hormone imbalance,1,0,0.0,0.0,0.0,0.0,0,,Leads-Search-1,Women's Health & Hormones,hormone doctor near me,exact (close variant),None,1
why am i always tired female,1,0,0.0,0.0,0.0,0.0,0,,Leads-Search-1,Women's Health & Hormones,female naturopath,broad,None,1
why am i so exhausted all the time female,1,0,0.0,0.0,0.0,0.0,0,,Leads-Search-1,Women's Health & Hormones,naturopath for hormones,broad,None,1
why are my hormones all over the place,1,0,0.0,0.0,0.0,0.0,0,,Leads-Search-1,Women's Health & Hormones,hormone doctor near me,broad,None,1
why do i have such bad cramps on my period,1,0,0.0,0.0,0.0,0.0,0,,Leads-Search-1,Women's Health & Hormones,women's health naturopath,broad,None,1
why do i need hormone replacement therapy,1,0,0.0,0.0,0.0,0.0,0,,Leads-Search-1,Women's Health & Hormones,naturopath for hormones,broad,None,1
why is my cycle long,1,0,0.0,0.0,0.0,0.0,0,,Leads-Search-1,Women's Health & Hormones,women's naturopath near me,broad,None,1
wild yam,1,0,0.0,0.0,0.0,0.0,0,,Leads-Search-1,Women's Health & Hormones,women's health naturopath,broad,None,1
wild yam cream,1,0,0.0,0.0,0.0,0.0,0,,Leads-Search-1,Women's Health & Hormones,naturopath for hormone imbalance,broad,None,1
wild yam cream benefits,1,0,0.0,0.0,0.0,0.0,0,,Leads-Search-1,Women's Health & Hormones,women's health naturopath,broad,None,1
wild yam cream menopause,1,0,0.0,0.0,0.0,0.0,0,,Leads-Search-1,Women's Health & Hormones,hormone doctor near me,broad,None,1
wiley protocol,1,0,0.0,0.0,0.0,0.0,0,,Leads-Search-1,Women's Health & Hormones,naturopath for hormones,broad,None,1
woman well clinic,1,0,0.0,0.0,0.0,0.0,0,,Leads-Search-1,Women's Health & Hormones,naturopath for hormone imbalance,broad,None,1
women clinic,1,0,0.0,0.0,0.0,0.0,0,,Leads-Search-1,Women's Health & Hormones,fertility naturopath near me,broad,None,1
women doctors accepting new patients,1,0,0.0,0.0,0.0,0.0,0,,Leads-Search-1,Women's Health & Hormones,female naturopath near me,broad,None,1
women doctors near me,1,0,0.0,0.0,0.0,0.0,0,,Leads-Search-1,Women's Health & Hormones,female naturopath,broad,None,1
women first,1,0,0.0,0.0,0.0,0.0,0,,Leads-Search-1,Women's Health & Hormones,women's hormone specialist near me,broad,None,1
women health clinic,2,0,0.0,0.0,0.0,0.0,0,,Leads-Search-1,Women's Health & Hormones,female naturopath near me | women's health naturopath,broad,None,2
women health consultants,1,0,0.0,0.0,0.0,0.0,0,,Leads-Search-1,Women's Health & Hormones,women's naturopath near me,broad,None,1
women health doctor near me,1,0,0.0,0.0,0.0,0.0,0,,Leads-Search-1,Women's Health & Hormones,female naturopath near me,broad,None,1
women health near me,1,0,0.0,0.0,0.0,0.0,0,,Leads-Search-1,Women's Health & Hormones,functional medicine for hormones,broad,None,1
women microdosing testosterone,1,0,0.0,0.0,0.0,0.0,0,,Leads-Search-1,Women's Health & Hormones,functional medicine for hormones,broad,None,1
women's care apple valley,1,0,0.0,0.0,0.0,0.0,0,,Leads-Search-1,Women's Health & Hormones,natural help for menopause,broad,None,1
women's center,1,0,0.0,0.0,0.0,0.0,0,,Leads-Search-1,Women's Health & Hormones,women's health naturopath,broad,None,1
women's center minneapolis,1,0,0.0,0.0,0.0,0.0,0,,Leads-Search-1,Women's Health & Hormones,women's hormone specialist near me,broad,None,1
women's center near me,2,0,0.0,0.0,0.0,0.0,0,,Leads-Search-1,Women's Health & Hormones,female naturopath | naturopath for hormones,broad,None,2
women's clinic hormone testing,1,0,0.0,0.0,0.0,0.0,0,,Leads-Search-1,Women's Health & Hormones,naturopath for hormone imbalance,broad,None,1
women's clinic perimenopause,1,0,0.0,0.0,0.0,0.0,0,,Leads-Search-1,Women's Health & Hormones,naturopath for hormones,broad,None,1
women's clinic pregnancy near me,1,0,0.0,0.0,0.0,0.0,0,,Leads-Search-1,Women's Health & Hormones,female naturopath near me,broad,None,1
women's gyno clinic near me,1,0,0.0,0.0,0.0,0.0,0,,Leads-Search-1,Women's Health & Hormones,female naturopath near me,broad,None,1
women's health acupuncture,1,0,0.0,0.0,0.0,0.0,0,,Leads-Search-1,Women's Health & Hormones,female naturopath near me,broad,None,1
women's health care near me,1,0,0.0,0.0,0.0,0.0,0,,Leads-Search-1,Women's Health & Hormones,naturopath for women's health,broad,None,1
women's health check up list,1,0,0.0,0.0,0.0,0.0,0,,Leads-Search-1,Women's Health & Hormones,women's health naturopath,broad,None,1
women's health clinic perimenopause,1,0,0.0,0.0,0.0,0.0,0,,Leads-Search-1,Women's Health & Hormones,naturopath for hormones,broad,None,1
women's health clinic plymouth,1,0,0.0,0.0,0.0,0.0,0,,Leads-Search-1,Women's Health & Hormones,women's health naturopath,broad,None,1
women's health clinics near me,2,0,0.0,0.0,0.0,0.0,0,,Leads-Search-1,Women's Health & Hormones,female naturopath near me | women's health naturopath,broad,None,2
women's health consultants downtown,1,0,0.0,0.0,0.0,0.0,0,,Leads-Search-1,Women's Health & Hormones,women's health naturopath,broad,None,1
women's health consultants minneapolis,2,0,0.0,0.0,0.0,0.0,0,,Leads-Search-1,Women's Health & Hormones,functional medicine for hormones | hormone doctor near me,broad,None,2
women's health consultants near me,1,0,0.0,0.0,0.0,0.0,0,,Leads-Search-1,Women's Health & Hormones,women's health naturopath,broad,None,1
women's health consultants pa,1,0,0.0,0.0,0.0,0.0,0,,Leads-Search-1,Women's Health & Hormones,women's health naturopath,broad,None,1
women's health experience,1,0,0.0,0.0,0.0,0.0,0,,Leads-Search-1,Women's Health & Hormones,functional medicine for hormones,broad,None,1
women's health minnesota,1,0,0.0,0.0,0.0,0.0,0,,Leads-Search-1,Women's Health & Hormones,women's health naturopath,broad,None,1
women's health mn,1,0,0.0,0.0,0.0,0.0,0,,Leads-Search-1,Women's Health & Hormones,female naturopath near me,broad,None,1
women's health np,1,0,0.0,0.0,0.0,0.0,0,,Leads-Search-1,Women's Health & Hormones,naturopath for women's health,broad,None,1
women's health pelvic floor,1,0,0.0,0.0,0.0,0.0,0,,Leads-Search-1,Women's Health & Hormones,female naturopath near me,broad,None,1
women's health practitioner,2,0,0.0,0.0,0.0,0.0,0,,Leads-Search-1,Women's Health & Hormones,women's health naturopath | women's naturopath near me,broad,None,2
women's health provision,1,0,0.0,0.0,0.0,0.0,0,,Leads-Search-1,Women's Health & Hormones,naturopath for hormone imbalance,broad,None,1
women's health specialist near me,1,0,0.0,0.0,0.0,0.0,0,,Leads-Search-1,Women's Health & Hormones,naturopath for menopause,broad,None,1
women's health specialists,1,0,0.0,0.0,0.0,0.0,0,,Leads-Search-1,Women's Health & Hormones,naturopath for fertility,broad,None,1
women's health specialists near me,1,0,0.0,0.0,0.0,0.0,0,,Leads-Search-1,Women's Health & Hormones,functional medicine for hormones,broad,None,1
women's health studies,1,0,0.0,0.0,0.0,0.0,0,,Leads-Search-1,Women's Health & Hormones,naturopath for women's health,broad,None,1
women's health woodbury mn,2,0,0.0,0.0,0.0,0.0,0,,Leads-Search-1,Women's Health & Hormones,female naturopath near me | women's health naturopath,broad,None,2
women's healthcare,1,0,0.0,0.0,0.0,0.0,0,,Leads-Search-1,Women's Health & Hormones,female naturopath,broad,None,1
women's healthcare associates,1,0,0.0,0.0,0.0,0.0,0,,Leads-Search-1,Women's Health & Hormones,female naturopath,broad,None,1
women's hormonal health near me,1,0,0.0,0.0,0.0,0.0,0,,Leads-Search-1,Women's Health & Hormones,Hashimoto's naturopath,broad,None,1
women's hormone specialist,1,0,0.0,0.0,0.0,0.0,0,,Leads-Search-1,Women's Health & Hormones,women's hormone specialist near me,exact (close variant),None,1
women's hormones after menopause,1,0,0.0,0.0,0.0,0.0,0,,Leads-Search-1,Women's Health & Hormones,naturopath for hormone imbalance,broad,None,1
women's hormones explained,1,0,0.0,0.0,0.0,0.0,0,,Leads-Search-1,Women's Health & Hormones,naturopath for hormone imbalance,broad,None,1
women's premier health,1,0,0.0,0.0,0.0,0.0,0,,Leads-Search-1,Women's Health & Hormones,female naturopath,broad,None,1
women's premier health near me,1,0,0.0,0.0,0.0,0.0,0,,Leads-Search-1,Women's Health & Hormones,naturopath for hormone imbalance,broad,None,1
women's sexual health,1,0,0.0,0.0,0.0,0.0,0,,Leads-Search-1,Women's Health & Hormones,naturopath for hormones,broad,None,1
women's specialty care,1,0,0.0,0.0,0.0,0.0,0,,Leads-Search-1,Women's Health & Hormones,female naturopath,broad,None,1
women's wellbeing clinic,1,0,0.0,0.0,0.0,0.0,0,,Leads-Search-1,Women's Health & Hormones,women's health naturopath,broad,None,1
women's wellness retreat,1,0,0.0,0.0,0.0,0.0,0,,Leads-Search-1,Women's Health & Hormones,female naturopath near me,broad,None,1
women's yearly physical exam,1,0,0.0,0.0,0.0,0.0,0,,Leads-Search-1,Women's Health & Hormones,hormone doctor near me,broad,None,1
womens care mn,1,0,0.0,0.0,0.0,0.0,0,,Leads-Search-1,Women's Health & Hormones,female naturopath,broad,None,1
womens clinic,5,0,0.0,0.0,0.0,0.0,0,,Leads-Search-1,Women's Health & Hormones,female naturopath | female naturopath near me | naturopath for hormone imbalance | naturopath for hormones | women's health naturopath,broad,None,5
womens clinic edina,1,0,0.0,0.0,0.0,0.0,0,,Leads-Search-1,Women's Health & Hormones,functional medicine for hormones,broad,None,1
womens clinic minneapolis,2,0,0.0,0.0,0.0,0.0,0,,Leads-Search-1,Women's Health & Hormones,female naturopath | naturopath for women's health,broad,None,2
womens clinic mn,2,0,0.0,0.0,0.0,0.0,0,,Leads-Search-1,Women's Health & Hormones,female naturopath near me | women's health naturopath,broad,None,2
womens clinic near me,1,0,0.0,0.0,0.0,0.0,0,,Leads-Search-1,Women's Health & Hormones,women's health naturopath,broad,None,1
womens clinic woodbury,2,0,0.0,0.0,0.0,0.0,0,,Leads-Search-1,Women's Health & Hormones,female naturopath | women's health naturopath,broad,None,2
womens clinics near me,1,0,0.0,0.0,0.0,0.0,0,,Leads-Search-1,Women's Health & Hormones,female naturopath near me,broad,None,1
womens doctor near me,1,0,0.0,0.0,0.0,0.0,0,,Leads-Search-1,Women's Health & Hormones,female naturopath,broad,None,1
womens group,1,0,0.0,0.0,0.0,0.0,0,,Leads-Search-1,Women's Health & Hormones,naturopath for hormones,broad,None,1
womens health,1,0,0.0,0.0,0.0,0.0,0,,Leads-Search-1,Women's Health & Hormones,functional medicine for hormones,broad,None,1
womens health advocates,1,0,0.0,0.0,0.0,0.0,0,,Leads-Search-1,Women's Health & Hormones,women's health naturopath,broad,None,1
womens health center near me,1,0,0.0,0.0,0.0,0.0,0,,Leads-Search-1,Women's Health & Hormones,female naturopath,broad,None,1
womens health clinic edina,2,0,0.0,0.0,0.0,0.0,0,,Leads-Search-1,Women's Health & Hormones,female naturopath | women's health naturopath,broad,None,2
womens health clinic near me,1,0,0.0,0.0,0.0,0.0,0,,Leads-Search-1,Women's Health & Hormones,naturopath for women's health,broad,None,1
womens health clinic woodbury,1,0,0.0,0.0,0.0,0.0,0,,Leads-Search-1,Women's Health & Hormones,functional medicine for hormones,broad,None,1
womens health doctor,1,0,0.0,0.0,0.0,0.0,0,,Leads-Search-1,Women's Health & Hormones,women's health naturopath,broad,None,1
womens health minneapolis,2,0,0.0,0.0,0.0,0.0,0,,Leads-Search-1,Women's Health & Hormones,female naturopath | naturopath for hormone imbalance,broad,None,2
womens health pa,2,0,0.0,0.0,0.0,0.0,0,,Leads-Search-1,Women's Health & Hormones,hormone doctor near me | women's hormone specialist near me,broad,None,2
womens health retreat,1,0,0.0,0.0,0.0,0.0,0,,Leads-Search-1,Women's Health & Hormones,women's health naturopath,broad,None,1
womens healthcare,1,0,0.0,0.0,0.0,0.0,0,,Leads-Search-1,Women's Health & Hormones,naturopath for hormones,broad,None,1
womens hormone health clinic,2,0,0.0,0.0,0.0,0.0,0,,Leads-Search-1,Women's Health & Hormones,functional medicine for hormones | women's health naturopath,broad,None,2
womens premier health near me,1,0,0.0,0.0,0.0,0.0,0,,Leads-Search-1,Women's Health & Hormones,hormone doctor near me,broad,None,1
womens specialist,2,0,0.0,0.0,0.0,0.0,0,,Leads-Search-1,Women's Health & Hormones,Hashimoto's naturopath | naturopath for fertility,broad,None,2
womens testosterone booster,1,0,0.0,0.0,0.0,0.0,0,,Leads-Search-1,Women's Health & Hormones,women's naturopath near me,broad,None,1
womens walk in clinic near me,1,0,0.0,0.0,0.0,0.0,0,,Leads-Search-1,Women's Health & Hormones,women's health naturopath,broad,None,1
womens wellness clinic,1,0,0.0,0.0,0.0,0.0,0,,Leads-Search-1,Women's Health & Hormones,women's health naturopath,broad,None,1
womens wellness retreat,1,0,0.0,0.0,0.0,0.0,0,,Leads-Search-1,Women's Health & Hormones,women's naturopath near me,broad,None,1
woodbury women's clinic,1,0,0.0,0.0,0.0,0.0,0,,Leads-Search-1,Women's Health & Hormones,natural help for menopause,broad,None,1
www preggo com,1,0,0.0,0.0,0.0,0.0,0,,Leads-Search-1,Women's Health & Hormones,fertility naturopath near me,broad,None,1
your thyroid,1,0,0.0,0.0,0.0,0.0,0,,Leads-Search-1,Women's Health & Hormones,naturopath for hormone imbalance,broad,None,1
