yearMonth,pagePath,pageTitle,screenPageViews,sessions,totalUsers
2023|02,/,"Panka Natural Health - Holistic Wellness Services in Hopkins, MN",184,107,59
2023|02,/,"Panka Natural Health - Naturopathic Doctors in Hopkins, MN",7,7,4
2023|02,/?disable_abtestingai=1,"Panka Natural Health - Holistic Wellness Services in Hopkins, MN",67,58,54
2023|02,/blog,Stay Informed and Empowered with Panka Natural Health's Blog - Your Source for Holistic Health Information — Panka Natural Health,10,11,7
2023|02,/blog/2019/4/14/what-to-expect-from-a-naturopathic-doctor,Panka Natural Health,1,1,1
2023|02,/blog/2019/4/14/what-to-expect-from-a-naturopathic-doctor?format=amp,Panka Natural Health,1,1,1
2023|02,/blog/2022/10/26/naturopathic-first-aid-kit?fbclid=IwAR08iq_aqYsWZhY4PtF_2XKjP3UfTL3JHoYuhNlsEkVkYUQr1oV-_uoNTto,Panka Natural Health,0,1,1
2023|02,/blog/2022/10/26/naturopathic-first-aid-kit?fbclid=IwAR0YNcmnkghxNE7bH4LK06CnyipghtN-lkdprr07JC32vtwvdtUSGnGVVRo,Panka Natural Health,1,1,1
2023|02,/blog/2022/10/26/naturopathic-first-aid-kit?fbclid=IwAR3FUn_5Ls4KN3btYv5FytDpBKHr7mUirHxgZgR38M4p1Em101ZoHfa68TA,Panka Natural Health,0,1,1
2023|02,/blog/2022/3/7/health-alerts-eden-prairie-spring-water?fbclid=IwAR1wVey0Nj6I6ZiaazJeNM_EKkYUVANs_651rx6qdBjCVkku3SqSclO8CmY,Panka Natural Health,0,1,1
2023|02,/blog/2022/3/7/health-alerts-eden-prairie-spring-water?fbclid=IwAR3pOUsbPPHM4WqLPdoReRJb4wphUKIEq8Er65stmpQnfv4BHa--5i9sBNo,Panka Natural Health,0,1,1
2023|02,/blog/cg90jhr52zexb6zzn7ri4jrjzr6uwx,Achieve Your Daily Fiber Goal — Panka Natural Health,1,1,1
2023|02,/blog/cg90jhr52zexb6zzn7ri4jrjzr6uwx,— Panka Natural Health,1,1,1
2023|02,/blog/health-alerts-for-eden-prairie-spring-water,Health Alerts for Eden Prairie Spring Water — Panka Natural Health,1,2,1
2023|02,/blog/lab-testing-looking-outside-the-reference-range,Lab Testing: Looking Outside the Reference Range — Panka Natural Health,9,3,2
2023|02,/blog/naturopathic-medicine-provides-a-holistic-approach,Naturopathic Medicine Provides a Holistic Approach to Health — Panka Natural Health,1,1,1
2023|02,/blog/ptbebsrro1uzjbt6jy9e2fbays0nc7,— Panka Natural Health,1,1,1
2023|02,/blog/what-to-expect-from-a-naturopathic-doctor,What to Expect from a Naturopathic Doctor — Panka Natural Health,3,3,3
2023|02,/cart,Panka Natural Health,2,2,2
2023|02,/clinical-laboratory-tests,Clinical Laboratory Tests at Panka Natural Health - Get a Comprehensive Picture of Your Health — Panka Natural Health,21,13,8
2023|02,/contact,Contact Panka Natural Health - Your Partner for Holistic Health and Wellness — Panka Natural Health,9,11,8
2023|02,/dietary-supplements,Dietary Supplements at Panka Natural Health - Enhance Your Health Naturally — Panka Natural Health,26,16,9
2023|02,/events?fbclid=IwAR2fIKB5KEO0QzYL7u-9VV0JFzl4fC3_SBOOmlIkoH7aDR4gh077yu5LnHM,Panka Natural Health,0,1,1
2023|02,/faq,Get Answers to Your Questions at Panka Natural Health's FAQ Page - Your Resource for Holistic Health Information — Panka Natural Health,7,5,5
2023|02,/home,"Panka Natural Health - Holistic Wellness Services in Hopkins, MN",7,5,1
2023|02,/home-1,Home (Copy) — Panka Natural Health,3,1,1
2023|02,/meal-plans-and-recipe-books,Meal Plans and Recipe Books — Panka Natural Health,1,1,1
2023|02,/meet-dr-haley,Meet Dr. Haley - Expert Naturopathic Doctor at Panka Natural Health — Panka Natural Health,17,14,12
2023|02,/meet-dr-jacob,Meet Dr. Jacob - Experienced Naturopathic Doctor at Panka Natural Health — Panka Natural Health,6,7,6
2023|02,/naturopathic-medicine,Naturopathic Medicine at Panka Natural Health - A Natural Approach to Your Health — Panka Natural Health,26,23,16
2023|02,/patient-portal,Access Your Patient Portal at Panka Natural Health - Stay Connected with Your Health — Panka Natural Health,6,7,6
2023|02,/pnh-online-medicinary,Shop for High-Quality Supplements at PNH Online Medicinary - Support Your Health Naturally — Panka Natural Health,5,4,4
2023|02,/prepare-for-your-visit,Prepare for Your Visit to Panka Natural Health - Get the Most Out of Your Appointment — Panka Natural Health,56,53,53
2023|02,/schedule-an-appointment,Schedule an Appointment with Panka Natural Health - Take the First Step Towards Better Health — Panka Natural Health,37,35,19
2023|02,/test,Test — Panka Natural Health,10,2,1
2023|02,/wellness-shop,Store 1 — Panka Natural Health,4,1,1
2023|02,/wellness-shop/p/21-day-plant-based-meal-plan-one-person,21-Day Plant-Based Meal Plan (one person) — Panka Natural Health,2,2,1
2023|02,/wellness-shop/p/anti-inflammatory-recipe-book,Anti-Inflammatory Recipe Book — Panka Natural Health,9,1,1
2023|02,/wellness-shop/p/dairy-free-recipe-book,Dairy-Free Recipe Book — Panka Natural Health,11,1,1
2023|02,/wellness-shop/p/plant-based-recipe-book,Plant-Based Recipe Book — Panka Natural Health,3,1,1
2023|02,/wellness-shop/p/smoothie-recipe-book,Smoothie Recipe Book — Panka Natural Health,3,1,1
2023|02,/wellness-shop/p/style-01-ej5na-yrg5w,Style 01 — Panka Natural Health,3,1,1
2023|02,/wellness-shop/p/style-03-g2rtt-yb5kh,Style 03 — Panka Natural Health,1,1,1
2023|02,/wellness-shop/recipe-book,Recipe Book — Store 1 — Panka Natural Health,1,1,1
2023|02,/whypnh,Why Choose Panka Natural Health for Your Holistic Health Needs — Panka Natural Health,7,4,3
2023|03,/,"Panka Natural Health - Holistic Wellness Services in Hopkins, MN",890,772,661
2023|03,/,Panka Natural Health - 明尼苏达州霍普金斯的整体健康服务,0,1,1
2023|03,/?disable_abtestingai=1,"Panka Natural Health - Holistic Wellness Services in Hopkins, MN",18,20,18
2023|03,/blog,Stay Informed and Empowered with Panka Natural Health's Blog - Your Source for Holistic Health Information — Panka Natural Health,93,80,55
2023|03,/blog/2017/7/13/sugar-and-the-alternative-sweeteners,Panka Natural Health,1,1,1
2023|03,/blog/2019/1/20/stimulating-the-vis-with-naturopathic-medicine,Panka Natural Health,1,1,1
2023|03,/blog/2019/4/14/what-to-expect-from-a-naturopathic-doctor,Panka Natural Health,1,1,1
2023|03,/blog/2021/1/4/how-to-achieve-your-daily-dietary-fiber-goal,Panka Natural Health,1,1,1
2023|03,/blog/2022/10/26/naturopathic-first-aid-kit?fbclid=IwAR0vMneJTFbdsw7c3H4r1jpGt593BjYKFSMDh5CwNuHHtxBfn1vuhIuwcvc,Panka Natural Health,1,1,1
2023|03,/blog/2022/10/26/naturopathic-first-aid-kit?fbclid=IwAR2IN3yhnPIED3ReLj0ojVdCqRVOQb4i4UvJE2JjO_-RhD-Wc4HLq0CpYKg,Panka Natural Health,0,1,1
2023|03,/blog/2022/10/26/naturopathic-first-aid-kit?fbclid=IwAR3Vkgo6-YBs-yUWN_fU2-6Yy-7d6AmLfXSc2EmPiWf7eRUZM3pqQ8GwHJk,Panka Natural Health,0,1,1
2023|03,/blog/2022/10/26/naturopathic-first-aid-kit?fbclid=IwAR3h6zLBFSwiRTQ-Tr-NSfe2SwANMRjmgQW-N80rpZcTm9MvFUG1zPLYWhI,Panka Natural Health,0,1,1
2023|03,/blog/2022/3/7/health-alerts-eden-prairie-spring-water,Panka Natural Health,2,2,2
2023|03,/blog/2022/3/7/health-alerts-eden-prairie-spring-water?fbclid=IwAR08St8dyv8kGdy3eUnTQciyP6MSuIIY01V_TFs33M6XzLe-WbgebIfQic4,Panka Natural Health,1,1,1
2023|03,/blog/2022/3/7/health-alerts-eden-prairie-spring-water?fbclid=IwAR1TvmdHqe9Cr7a2GYjPNojNEwIgPfGHr7leAbvWiOrc_AsG5qHgwIk93H8,Panka Natural Health,1,1,1
2023|03,/blog/2022/3/7/health-alerts-eden-prairie-spring-water?fbclid=IwAR1hZeeyZXEdjehGY6Zv3ndIwW-BKq5mKYJOP3XSzdIgl9ZfBT_fy07Z2Vg,Panka Natural Health,0,1,1
2023|03,/blog/2022/3/7/health-alerts-eden-prairie-spring-water?fbclid=IwAR22gk2fUh4yqcaFS169f_oxoYa9gYf_Q7aeEFu4umskICKo4iW1sXk1lMI,Panka Natural Health,1,1,1
2023|03,/blog/2022/3/7/health-alerts-eden-prairie-spring-water?fbclid=IwAR3pS6gBhg1NdTaxsxZ77gkSCmMVevY4Xp47CHZTnmFlnNYDlMMdKkYiY0c,Panka Natural Health,1,1,1
2023|03,/blog/cg90jhr52zexb6zzn7ri4jrjzr6uwx,Achieve Your Daily Fiber Goal — Panka Natural Health,1,1,1
2023|03,/blog/cg90jhr52zexb6zzn7ri4jrjzr6uwx,Fiber Focus: The Top Foods and Supplements to Keep You Regular — Panka Natural Health,1,1,1
2023|03,/blog/fiberfocus,Fiber Focus: The Top Foods and Supplements to Keep You Regular — Panka Natural Health,41,38,25
2023|03,/blog/fiberfocus?fbclid=IwAR109f4NJM9qalXPMFsmi3ZB12suYG3pnyFNlmDT8mj9PjwCIbfX-76G96k,Fiber Focus: The Top Foods and Supplements to Keep You Regular — Panka Natural Health,1,1,1
2023|03,/blog/fiberfocus?fbclid=IwAR1t4WeVtrSjBxypxTMA7D-UekoCVpAyntuxbJWf_yBGbQUEHAw_tCfTJW8,Fiber Focus: The Top Foods and Supplements to Keep You Regular — Panka Natural Health,1,1,1
2023|03,/blog/health-alerts-for-eden-prairie-spring-water,Health Alerts for Eden Prairie Spring Water — Panka Natural Health,11,11,10
2023|03,/blog/lab-testing-looking-outside-the-reference-range,Lab Testing: Looking Outside the Reference Range — Panka Natural Health,40,41,26
2023|03,/blog/lab-testing-looking-outside-the-reference-range?fbclid=IwAR0wIsZnTBBhJfFfvq8hYvGB-yIqjjZmLBDcZ4qb9-LF0Y8W5ynZPd528NI,Lab Testing: Looking Outside the Reference Range — Panka Natural Health,0,1,1
2023|03,/blog/lab-testing-looking-outside-the-reference-range?fbclid=IwAR1diCKmxpUU7da46LkX4IFGV0uqx_jGuJRz24EunpdYmaUo3al4oAdJNFo,Lab Testing: Looking Outside the Reference Range — Panka Natural Health,0,1,1
2023|03,/blog/naturopathic-first-aid-kit,Naturopathic First Aid Kit — Panka Natural Health,9,9,7
2023|03,/blog/naturopathic-medicine-provides-a-holistic-approach,Naturopathic Medicine Provides a Holistic Approach to Health — Panka Natural Health,4,3,3
2023|03,/blog/what-to-expect-from-a-naturopathic-doctor,What to Expect from a Naturopathic Doctor — Panka Natural Health,14,12,12
2023|03,/cart,Panka Natural Health,1,1,1
2023|03,/clinical-laboratory-tests,Clinical Laboratory Tests at Panka Natural Health - Get a Comprehensive Picture of Your Health — Panka Natural Health,77,74,58
2023|03,/contact,Contact Panka Natural Health - Your Partner for Holistic Health and Wellness — Panka Natural Health,37,38,21
2023|03,/dietary-supplements,Dietary Supplements at Panka Natural Health - Enhance Your Health Naturally — Panka Natural Health,23,19,13
2023|03,/events?fbclid=IwAR1P6i8cyY7hXCy7cx40iWecR-hZiXfyOAduFXIM6snhZu6AwqEfj4_bAWE,Panka Natural Health,0,1,1
2023|03,/faq,Get Answers to Your Questions at Panka Natural Health's FAQ Page - Your Resource for Holistic Health Information — Panka Natural Health,51,40,34
2023|03,/meet-dr-haley,Meet Dr. Haley - Expert Naturopathic Doctor at Panka Natural Health — Panka Natural Health,71,67,59
2023|03,/meet-dr-jacob,Meet Dr. Jacob - Experienced Naturopathic Doctor at Panka Natural Health — Panka Natural Health,46,40,36
2023|03,/naturopathic-doctors,Panka Natural Health,1,1,1
2023|03,/naturopathic-medicine,Naturopathic Medicine at Panka Natural Health - A Natural Approach to Your Health — Panka Natural Health,95,80,73
2023|03,/naturopathic-medicine,Panka Natural Health 的自然疗法 - 一种自然的健康方法 — Panka Natural Health,0,1,1
2023|03,/patient-portal,Access Your Patient Portal at Panka Natural Health - Stay Connected with Your Health — Panka Natural Health,5,6,3
2023|03,/pnh-online-medicinary,Shop for High-Quality Supplements at PNH Online Medicinary - Support Your Health Naturally — Panka Natural Health,19,12,12
2023|03,/prepare-for-your-visit,Prepare for Your Visit to Panka Natural Health - Get the Most Out of Your Appointment — Panka Natural Health,13,12,9
2023|03,/schedule-an-appointment,Schedule an Appointment with Panka Natural Health - Take the First Step Towards Better Health — Panka Natural Health,95,78,54
2023|03,/search,Panka Natural Health,1,1,1
2023|03,/whypnh,Why Choose Panka Natural Health for Your Holistic Health Needs — Panka Natural Health,22,21,17
2023|04,/,"Panka Natural Health - Holistic Wellness Services in Hopkins, MN",770,694,610
2023|04,/?fbclid=IwAR0mKi4dmUctQknY2wOlmjYM_TDja1ivphJ1sArZIvpfi-w9W0PQndaSrZI,"Panka Natural Health - Holistic Wellness Services in Hopkins, MN",1,1,1
2023|04,/blog,Stay Informed and Empowered with Panka Natural Health's Blog - Your Source for Holistic Health Information — Panka Natural Health,21,20,16
2023|04,/blog/2019/4/14/what-to-expect-from-a-naturopathic-doctor,Panka Natural Health,1,1,1
2023|04,/blog/2021/3/22/heart-rate-monitoring-and-hiit,Panka Natural Health,2,2,2
2023|04,/blog/2022/10/26/naturopathic-first-aid-kit?fbclid=IwAR0a8O6usbpVwAq-mT78wJJf0bEI0fvyK2b1jzKVq00J5ErGqAHdMgaxUXI,Panka Natural Health,1,1,1
2023|04,/blog/2022/10/26/naturopathic-first-aid-kit?fbclid=IwAR2Z-qqjqIOZSBSyvnxPsOWPv92m4Vm_kppkXivdKhxpTv8zZmEOa7kYnuI,Panka Natural Health,1,1,1
2023|04,/blog/2022/10/26/naturopathic-first-aid-kit?fbclid=IwAR3EofNski3xAsD7xmfwaEBaC7KBLtQfRG0psq0usFUb1RjxIft1uBCUsyc,Panka Natural Health,1,1,1
2023|04,/blog/2022/3/7/health-alerts-eden-prairie-spring-water,Panka Natural Health,1,1,1
2023|04,/blog/2022/3/7/health-alerts-eden-prairie-spring-water?fbclid=IwAR1S7ZVwKHqDbCBaTJcEgJUNe-yDFZ2vQpFw8ziTZpqvMrUCGCJZxeInvlk,Panka Natural Health,1,1,1
2023|04,/blog/fiberfocus,Fiber Focus: The Top Foods and Supplements to Keep You Regular — Panka Natural Health,6,8,5
2023|04,/blog/fiberfocus?fbclid=IwAR0SMEy2AGfj-xn0Nz440rDMuXfKHekLF_C2YORAUmp77Ur_KXxe0Z1z-WQ,Fiber Focus: The Top Foods and Supplements to Keep You Regular — Panka Natural Health,1,1,1
2023|04,/blog/health-alerts-for-eden-prairie-spring-water,Health Alerts for Eden Prairie Spring Water — Panka Natural Health,15,10,7
2023|04,/blog/lab-testing-looking-outside-the-reference-range,Lab Testing: Looking Outside the Reference Range — Panka Natural Health,3,3,3
2023|04,/blog/naturopathic-first-aid-kit,Naturopathic First Aid Kit — Panka Natural Health,2,2,2
2023|04,/blog/naturopathic-medicine-provides-a-holistic-approach,Naturopathic Medicine Provides a Holistic Approach to Health — Panka Natural Health,2,2,2
2023|04,/blog/what-to-expect-from-a-naturopathic-doctor,What to Expect from a Naturopathic Doctor — Panka Natural Health,7,7,7
2023|04,/cart,Panka Natural Health,1,1,1
2023|04,/clinical-laboratory-tests,Clinical Laboratory Tests at Panka Natural Health - Get a Comprehensive Picture of Your Health — Panka Natural Health,23,23,22
2023|04,/contact,Contact Panka Natural Health - Your Partner for Holistic Health and Wellness — Panka Natural Health,56,48,14
2023|04,/dietary-supplements,Dietary Supplements at Panka Natural Health - Enhance Your Health Naturally — Panka Natural Health,12,12,11
2023|04,/faq,Get Answers to Your Questions at Panka Natural Health's FAQ Page - Your Resource for Holistic Health Information — Panka Natural Health,36,32,27
2023|04,/meet-dr-haley,Meet Dr. Haley - Expert Naturopathic Doctor at Panka Natural Health — Panka Natural Health,65,56,54
2023|04,/meet-dr-jacob,Meet Dr. Jacob - Experienced Naturopathic Doctor at Panka Natural Health — Panka Natural Health,34,34,30
2023|04,/naturopathic-medicine,Naturopathic Medicine at Panka Natural Health - A Natural Approach to Your Health — Panka Natural Health,55,41,36
2023|04,/oauth2/squarespace/loader,Panka Natural Health,1,1,1
2023|04,/patient-portal,Access Your Patient Portal at Panka Natural Health - Stay Connected with Your Health — Panka Natural Health,16,17,11
2023|04,/pnh-online-medicinary,Shop for High-Quality Supplements at PNH Online Medicinary - Support Your Health Naturally — Panka Natural Health,12,13,11
2023|04,/prepare-for-your-visit,Prepare for Your Visit to Panka Natural Health - Get the Most Out of Your Appointment — Panka Natural Health,7,7,7
2023|04,/schedule-an-appointment,Schedule an Appointment with Panka Natural Health - Take the First Step Towards Better Health — Panka Natural Health,85,73,59
2023|04,/whypnh,Why Choose Panka Natural Health for Your Holistic Health Needs — Panka Natural Health,12,11,8
2023|05,/,"Panka Natural Health - Holistic Wellness Services in Hopkins, MN",1220,1097,957
2023|05,/,"പങ്ക നാച്ചുറൽ ഹെൽത്ത് - ഹോപ്കിൻസിലെ ഹോളിസ്റ്റിക് വെൽനസ് സേവനങ്ങൾ, MN",0,1,1
2023|05,/blog,Stay Informed and Empowered with Panka Natural Health's Blog - Your Source for Holistic Health Information — Panka Natural Health,15,12,11
2023|05,/blog/2021/3/22/heart-rate-monitoring-and-hiit,Panka Natural Health,1,1,1
2023|05,/blog/2021/4/8/what-to-do-for-your-seasonal-allergies,Panka Natural Health,1,1,1
2023|05,/blog/2022/3/7/health-alerts-eden-prairie-spring-water?fbclid=IwAR08St8dyv8kGdy3eUnTQciyP6MSuIIY01V_TFs33M6XzLe-WbgebIfQic4,Panka Natural Health,1,1,1
2023|05,/blog/fiberfocus,Fiber Focus: The Top Foods and Supplements to Keep You Regular — Panka Natural Health,1,1,1
2023|05,/blog/health-alerts-for-eden-prairie-spring-water,Health Alerts for Eden Prairie Spring Water — Panka Natural Health,7,7,5
2023|05,/blog/lab-testing-looking-outside-the-reference-range,Lab Testing: Looking Outside the Reference Range — Panka Natural Health,5,3,2
2023|05,/blog/naturopathic-medicine-provides-a-holistic-approach,Naturopathic Medicine Provides a Holistic Approach to Health — Panka Natural Health,3,3,3
2023|05,/blog/what-to-expect-from-a-naturopathic-doctor,What to Expect from a Naturopathic Doctor — Panka Natural Health,9,9,9
2023|05,/cart,Panka Natural Health,3,3,3
2023|05,/clinical-laboratory-tests,Clinical Laboratory Tests at Panka Natural Health - Get a Comprehensive Picture of Your Health — Panka Natural Health,48,44,36
2023|05,/contact,Contact Panka Natural Health - Your Partner for Holistic Health and Wellness — Panka Natural Health,22,21,18
2023|05,/dietary-supplements,Dietary Supplements at Panka Natural Health - Enhance Your Health Naturally — Panka Natural Health,12,11,11
2023|05,/faq,Get Answers to Your Questions at Panka Natural Health's FAQ Page - Your Resource for Holistic Health Information — Panka Natural Health,41,34,30
2023|05,/home,"Panka Natural Health - Holistic Wellness Services in Hopkins, MN",1,1,1
2023|05,/meal-plans-and-recipe-books,Meal Plans and Recipe Books — Panka Natural Health,2,1,1
2023|05,/meet-dr-haley,Meet Dr. Haley - Expert Naturopathic Doctor at Panka Natural Health — Panka Natural Health,72,60,42
2023|05,/meet-dr-jacob,Meet Dr. Jacob - Experienced Naturopathic Doctor at Panka Natural Health — Panka Natural Health,24,23,19
2023|05,/nail-fungus-relief,Nail Fungus Relief — Panka Natural Health,1,1,1
2023|05,/naturopathic-doctors,Panka Natural Health,1,1,1
2023|05,/naturopathic-medicine,Naturopathic Medicine at Panka Natural Health - A Natural Approach to Your Health — Panka Natural Health,84,74,71
2023|05,/patient-portal,Access Your Patient Portal at Panka Natural Health - Stay Connected with Your Health — Panka Natural Health,9,9,8
2023|05,/pnh-online-medicinary,Shop for High-Quality Supplements at PNH Online Medicinary - Support Your Health Naturally — Panka Natural Health,14,12,12
2023|05,/prepare-for-your-visit,Prepare for Your Visit to Panka Natural Health - Get the Most Out of Your Appointment — Panka Natural Health,20,16,13
2023|05,/schedule-an-appointment,Schedule an Appointment with Panka Natural Health - Take the First Step Towards Better Health — Panka Natural Health,135,100,73
2023|05,/test,Test — Panka Natural Health,1,1,1
2023|05,/wellness-shop,Store 1 — Panka Natural Health,1,1,1
2023|05,/wellness-shop/p/low-fodmap-recipe-book,Low-FODMAP Recipe Book — Panka Natural Health,1,2,1
2023|05,/wellness-shop/recipe-book,Recipe Book — Store 1 — Panka Natural Health,1,1,1
2023|05,/whypnh,Why Choose Panka Natural Health for Your Holistic Health Needs — Panka Natural Health,5,5,5
2023|06,/,"Panka Natural Health - Holistic Wellness Services in Hopkins, MN",639,562,479
2023|06,/,"Panka Natural Health - Servicios de bienestar holístico en Hopkins, MN",0,1,1
2023|06,/?fbclid=IwAR03Dk38VQNxmYayGwgIj--RXpUvfhvz0QOjSQJwY5-3Jm-PBWrLPVyx8gs_aem_AZVkC2YtEBSwPOu1idTo5OtRIcSdpVIWbPwTGg7m17HoXzakJ3hnlZ2WbwRLhK8C5c4,"Panka Natural Health - Holistic Wellness Services in Hopkins, MN",1,1,1
2023|06,/?fbclid=IwAR0EIGueoVYi4NSSepBko8nUjL25IyAjpGZMkzuOiQUMLCguK-updtddhQQ_aem_AZVy0oybDG26rltTTon4KfdI2nNRm2zy2UVy9qeTxP7EL2G6E6rSK6LCM07zLzZRN5Y,"Panka Natural Health - Holistic Wellness Services in Hopkins, MN",1,1,1
2023|06,/?fbclid=IwAR0FuO3ezBhZhZdukhr7r0_wYGvWighB6CJv6HkePUHpsq5SAehKlBzkros_aem_AZXxxRyvyrNNN4o__BLMIZpKEYk7EvpA5x5jLgAyFh-Om4ZQuuKlIoKk-ysaUv7cGdE,"Panka Natural Health - Holistic Wellness Services in Hopkins, MN",1,1,1
2023|06,/?fbclid=IwAR1-nSuPJmhc9rxTgTvdW4Sv7CPwdRr_A29zLBQOfGhvyW-5aGGtlzXpXjM_aem_AaQfppOkJg4o8PfXQjYV4dDANwKh1UtheuawnjgElaPINCMcxt2pN7Z9TUErmhUezq0,"Panka Natural Health - Holistic Wellness Services in Hopkins, MN",1,1,1
2023|06,/?fbclid=IwAR1AN9Xl9O3fs3mwCalxneeur6HdLVVKPnVPfUP9efMJuswRvCoem5euZrQ_aem_AaRaK1mOcCAvvsGb5oVJqqXDqAcIinJisrHvLC_cCQmsTuCT2zfGweNn8P446zz2euY,"Panka Natural Health - Holistic Wellness Services in Hopkins, MN",1,1,1
2023|06,/?fbclid=IwAR2n8fc4GoP0R-IrgizSeMLtOp6W93aADsnbt-RUYEiqYmO2qo_K-Cr4WTw_aem_AZWFjYdASvODhoch6mVf8XOJRVAeAqNuyzU2bjTY849gQ2M-WetxMe2l4l2C0S9GEPU,"Panka Natural Health - Holistic Wellness Services in Hopkins, MN",1,1,1
2023|06,/?fbclid=IwAR31PI3xbWA6vA-xgv17LQY8dDgWNxj3VMuaooPL-O3oaHAErsiBXL7Ff2M_aem_AZVzXKkslGw3gVoIHqGv_4c6H3BHdAuf08hTkDqKpVTFOZKIyqV8bnLs0Q8cFrPwKt4,"Panka Natural Health - Holistic Wellness Services in Hopkins, MN",1,1,1
2023|06,/?fbclid=IwAR31nClpK3W30z86iNuq3L5ggz6xDmqQvFy3gMhDKPfClWUJukU0HK6nxN4,"Panka Natural Health - Holistic Wellness Services in Hopkins, MN",1,1,1
2023|06,/?fbclid=IwAR34edAWh8FqBEgWQRoP7EBinWM8qEHNZmJFBhbmIdVDiVTpIxtL7BxC7ag_aem_AfqHbhdFcpSNI-t7mWB5Ny8zkJsocm1-z39SOny0XLKTckmWFxcUcA93pl2IkS3kFsg,"Panka Natural Health - Holistic Wellness Services in Hopkins, MN",1,1,1
2023|06,/?fbclid=IwAR3CQZgeVRq6Q0liQ6UIphGeTQVh8PWxo8A6Q0dJusA1Zp7QxXQI5HblaDo,"Panka Natural Health - Holistic Wellness Services in Hopkins, MN",1,1,1
2023|06,/?fbclid=IwAR3VAtxD9MbqeYOxADpsPBjMm1rgI9Zl5LXf1KW5eoO3C5fqkhFojrRxmjA,"Panka Natural Health - Holistic Wellness Services in Hopkins, MN",1,1,1
2023|06,/?fbclid=IwAR3gDYUgFGf4lvwCcyq8skVLb4P05TfRuepQsE7qn_onu8jxvWWWCJjW4hE,"Panka Natural Health - Holistic Wellness Services in Hopkins, MN",1,1,1
2023|06,/blog,Stay Informed and Empowered with Panka Natural Health's Blog - Your Source for Holistic Health Information — Panka Natural Health,12,12,11
2023|06,/blog/2022/3/7/health-alerts-eden-prairie-spring-water,Panka Natural Health,1,1,1
2023|06,/blog/fiberfocus,Fiber Focus: The Top Foods and Supplements to Keep You Regular — Panka Natural Health,1,1,1
2023|06,/blog/health-alerts-for-eden-prairie-spring-water,Health Alerts for Eden Prairie Spring Water — Panka Natural Health,11,11,7
2023|06,/blog/lab-testing-looking-outside-the-reference-range,Lab Testing: Looking Outside the Reference Range — Panka Natural Health,1,2,1
2023|06,/blog/naturopathic-first-aid-kit,Naturopathic First Aid Kit — Panka Natural Health,4,5,3
2023|06,/blog/naturopathic-medicine-provides-a-holistic-approach,Naturopathic Medicine Provides a Holistic Approach to Health — Panka Natural Health,4,3,3
2023|06,/blog/what-to-expect-from-a-naturopathic-doctor,What to Expect from a Naturopathic Doctor — Panka Natural Health,14,13,11
2023|06,/cart,Panka Natural Health,2,2,2
2023|06,/clinical-laboratory-tests,Clinical Laboratory Tests at Panka Natural Health - Get a Comprehensive Picture of Your Health — Panka Natural Health,30,27,21
2023|06,/contact,Contact Panka Natural Health - Your Partner for Holistic Health and Wellness — Panka Natural Health,17,15,15
2023|06,/dietary-supplements,Dietary Supplements at Panka Natural Health - Enhance Your Health Naturally — Panka Natural Health,14,14,13
2023|06,/faq,Get Answers to Your Questions at Panka Natural Health's FAQ Page - Your Resource for Holistic Health Information — Panka Natural Health,29,21,17
2023|06,/meet-dr-haley,Meet Dr. Haley - Expert Naturopathic Doctor at Panka Natural Health — Panka Natural Health,57,51,42
2023|06,/meet-dr-jacob,Meet Dr. Jacob - Experienced Naturopathic Doctor at Panka Natural Health — Panka Natural Health,24,22,20
2023|06,/naturopathic-doctors,Panka Natural Health,1,1,1
2023|06,/naturopathic-medicine,Naturopathic Medicine at Panka Natural Health - A Natural Approach to Your Health — Panka Natural Health,70,57,53
2023|06,/patient-portal,Access Your Patient Portal at Panka Natural Health - Stay Connected with Your Health — Panka Natural Health,14,15,12
2023|06,/pnh-online-medicinary,Shop for High-Quality Supplements at PNH Online Medicinary - Support Your Health Naturally — Panka Natural Health,9,9,9
2023|06,/prepare-for-your-visit,Prepare for Your Visit to Panka Natural Health - Get the Most Out of Your Appointment — Panka Natural Health,8,9,6
2023|06,/schedule-an-appointment,Schedule an Appointment with Panka Natural Health - Take the First Step Towards Better Health — Panka Natural Health,77,60,43
2023|06,/whypnh,Why Choose Panka Natural Health for Your Holistic Health Needs — Panka Natural Health,6,6,4
2023|07,/,"Panka Natural Health - Holistic Wellness Services in Hopkins, MN",669,600,534
2023|07,/,"Panka Natural Health - Servicios de bienestar holístico en Hopkins, MN",0,2,2
2023|07,/,"Panka Natural Health - Комплексные оздоровительные услуги в Хопкинсе, Миннесота",0,1,1
2023|07,/?fbclid=IwAR07T3g4w1j-UHqwVrcS5Qx4j3WVLmRkq_ny3o8tBkgbu61X2hdnPtr9ugE,"Panka Natural Health - Holistic Wellness Services in Hopkins, MN",1,1,1
2023|07,/?fbclid=IwAR0KKKAb-bBBeJD3Xeh7s9F2-z2lKB6UHwruzYKkP6vjoB_0F1JrAt1v9KQ,"Panka Natural Health - Holistic Wellness Services in Hopkins, MN",3,1,1
2023|07,/?fbclid=IwAR0UY8-mfc0J9J86K4YJwnPPIgZ2jrYMRpXbhgycBG9NwqlIJawanhcch90_aem_AYMn87UCeuPS0zpHUO7PL81gkJQhkO0ef8prgBUrUQp9YYCuWdPNWd0buBJk6C9qpj4,"Panka Natural Health - Holistic Wellness Services in Hopkins, MN",1,1,1
2023|07,/?fbclid=IwAR0kJqLHCqRo_W_xr7UnFaftyT_WDf6sG8sXOAj1yPPvbln7X54vPDbgF1Q_aem_AfPXceOZRw75rAg3wZxjgU1wBUrkh89bT_dU7i-vQo9TV8v5ArkRsvmnWeXNJUwTcGE,"Panka Natural Health - Holistic Wellness Services in Hopkins, MN",1,1,1
2023|07,/?fbclid=IwAR1dN4ED8C_kypmEKMcCzS49al8vpXVdiC3VmRoJ8Sd2YbUuuNvs5ye1-qs,"Panka Natural Health - Holistic Wellness Services in Hopkins, MN",1,1,1
2023|07,/?fbclid=IwAR3G5odCR0ml8nqouX_-2ilbpCAcCQG0-QRfQVpy8mnOt-bDDj3TvuZJiic_aem_AcF6GqwZs9DLDd2hB_m9ZKIpl2-fN_KNmsLWPVqx8mPjYi7d-PcRzvzOao-uahOsGmU,"Panka Natural Health - Holistic Wellness Services in Hopkins, MN",1,1,1
2023|07,/?fbclid=IwAR3_wvb42tpE0uoe4yCH7tUEtSapemUPVO-jk6vxeXVWkYoSInvmRHBNkew,"Panka Natural Health - Holistic Wellness Services in Hopkins, MN",1,1,1
2023|07,/blog,Stay Informed and Empowered with Panka Natural Health's Blog - Your Source for Holistic Health Information — Panka Natural Health,17,17,15
2023|07,/blog/health-alerts-for-eden-prairie-spring-water,Health Alerts for Eden Prairie Spring Water — Panka Natural Health,3,4,2
2023|07,/blog/lab-testing-looking-outside-the-reference-range,Lab Testing: Looking Outside the Reference Range — Panka Natural Health,2,1,1
2023|07,/blog/naturopathic-first-aid-kit,Naturopathic First Aid Kit — Panka Natural Health,6,6,5
2023|07,/blog/naturopathic-medicine-provides-a-holistic-approach,Naturopathic Medicine Provides a Holistic Approach to Health — Panka Natural Health,2,2,2
2023|07,/blog/what-to-expect-from-a-naturopathic-doctor,What to Expect from a Naturopathic Doctor — Panka Natural Health,8,8,8
2023|07,/cart,Panka Natural Health,2,2,2
2023|07,/clinical-laboratory-tests,Clinical Laboratory Tests at Panka Natural Health - Get a Comprehensive Picture of Your Health — Panka Natural Health,33,32,26
2023|07,/contact,Contact Panka Natural Health - Your Partner for Holistic Health and Wellness — Panka Natural Health,23,21,15
2023|07,/dietary-supplements,Dietary Supplements at Panka Natural Health - Enhance Your Health Naturally — Panka Natural Health,15,14,13
2023|07,/events,Panka Natural Health,1,1,1
2023|07,/faq,Get Answers to Your Questions at Panka Natural Health's FAQ Page - Your Resource for Holistic Health Information — Panka Natural Health,32,26,25
2023|07,/meet-dr-haley,Meet Dr. Haley - Expert Naturopathic Doctor at Panka Natural Health — Panka Natural Health,55,49,44
2023|07,/meet-dr-jacob,Meet Dr. Jacob - Experienced Naturopathic Doctor at Panka Natural Health — Panka Natural Health,24,22,22
2023|07,/naturopathic-medicine,Naturopathic Medicine at Panka Natural Health - A Natural Approach to Your Health — Panka Natural Health,53,48,44
2023|07,/patient-portal,Access Your Patient Portal at Panka Natural Health - Stay Connected with Your Health — Panka Natural Health,13,12,9
2023|07,/pnh-online-medicinary,Shop for High-Quality Supplements at PNH Online Medicinary - Support Your Health Naturally — Panka Natural Health,18,17,13
2023|07,/prepare-for-your-visit,Prepare for Your Visit to Panka Natural Health - Get the Most Out of Your Appointment — Panka Natural Health,4,4,4
2023|07,/schedule-an-appointment,Schedule an Appointment with Panka Natural Health - Take the First Step Towards Better Health — Panka Natural Health,77,70,50
2023|07,/tmp7j5pto71.html,Naturopathic Medicine at Panka Natural Health - A Natural Approach to Your Health — Panka Natural Health,1,1,1
2023|07,/tmpm_kcp05i.html,"Panka Natural Health - Holistic Wellness Services in Hopkins, MN",1,1,1
2023|07,/tmpwq5o2tt1.html,Meet Dr. Haley - Expert Naturopathic Doctor at Panka Natural Health — Panka Natural Health,1,1,1
2023|07,/tmpybenk106.html,Contact Panka Natural Health - Your Partner for Holistic Health and Wellness — Panka Natural Health,1,1,1
2023|07,/whypnh,Why Choose Panka Natural Health for Your Holistic Health Needs — Panka Natural Health,11,11,10
2023|08,/,"Panka Natural Health - Holistic Wellness Services in Hopkins, MN",391,347,263
2023|08,/blog,Stay Informed and Empowered with Panka Natural Health's Blog - Your Source for Holistic Health Information — Panka Natural Health,8,8,6
2023|08,/blog/2022/3/7/health-alerts-eden-prairie-spring-water,Panka Natural Health,3,1,1
2023|08,/blog/breaking-the-fast-your-guide-to-a-stellar-morning-meal,Breaking the Fast: Your Guide to a Stellar Morning Meal — Panka Natural Health,3,3,1
2023|08,/blog/fiberfocus,Fiber Focus: The Top Foods and Supplements to Keep You Regular — Panka Natural Health,2,3,2
2023|08,/blog/lab-testing-looking-outside-the-reference-range,Lab Testing: Looking Outside the Reference Range — Panka Natural Health,2,2,2
2023|08,/blog/mtfe0ojof3j8rfd6fi75kxk3qj2r84,— Panka Natural Health,1,1,1
2023|08,/blog/naturopathic-first-aid-kit,Naturopathic First Aid Kit — Panka Natural Health,1,2,1
2023|08,/blog/naturopathic-medicine-provides-a-holistic-approach,Naturopathic Medicine Provides a Holistic Approach to Health — Panka Natural Health,3,4,3
2023|08,/blog/what-to-expect-from-a-naturopathic-doctor,What to Expect from a Naturopathic Doctor — Panka Natural Health,7,8,6
2023|08,/cart,Panka Natural Health,8,4,4
2023|08,/clinical-laboratory-tests,Clinical Laboratory Tests at Panka Natural Health - Get a Comprehensive Picture of Your Health — Panka Natural Health,36,35,27
2023|08,/contact,Contact Panka Natural Health - Your Partner for Holistic Health and Wellness — Panka Natural Health,16,15,13
2023|08,/dietary-supplements,Dietary Supplements at Panka Natural Health - Enhance Your Health Naturally — Panka Natural Health,9,7,4
2023|08,/faq,Get Answers to Your Questions at Panka Natural Health's FAQ Page - Your Resource for Holistic Health Information — Panka Natural Health,25,22,18
2023|08,/home,"Panka Natural Health - Holistic Wellness Services in Hopkins, MN",1,1,1
2023|08,/meal-plans-and-recipe-books,Meal Plans and Recipe Books — Panka Natural Health,23,15,7
2023|08,/meet-dr-haley,Meet Dr. Haley - Expert Naturopathic Doctor at Panka Natural Health — Panka Natural Health,45,43,37
2023|08,/meet-dr-jacob,Meet Dr. Jacob - Experienced Naturopathic Doctor at Panka Natural Health — Panka Natural Health,17,17,16
2023|08,/nail-fungus-relief,Nail Fungus Relief — Panka Natural Health,40,22,13
2023|08,/naturopathic-medicine,Naturopathic Medicine at Panka Natural Health - A Natural Approach to Your Health — Panka Natural Health,25,23,20
2023|08,/our-partners,Our Partners — Panka Natural Health,3,2,1
2023|08,/patient-portal,Access Your Patient Portal at Panka Natural Health - Stay Connected with Your Health — Panka Natural Health,7,9,6
2023|08,/pnh-online-medicinary,Shop for High-Quality Supplements at PNH Online Medicinary - Support Your Health Naturally — Panka Natural Health,7,7,7
2023|08,/pnh-wellness-shop,Store 1 — Panka Natural Health,2,1,1
2023|08,/prepare-for-your-visit,Prepare for Your Visit to Panka Natural Health - Get the Most Out of Your Appointment — Panka Natural Health,3,4,4
2023|08,/schedule-an-appointment,Schedule an Appointment with Panka Natural Health - Take the First Step Towards Better Health — Panka Natural Health,60,55,35
2023|08,/top-picks,Top Picks — Panka Natural Health,3,1,1
2023|08,/wellness-shop,Store 1 — Panka Natural Health,9,1,1
2023|08,/wellness-shop,Wellness Shop — Panka Natural Health,42,16,9
2023|08,/wellness-shop/meal-plan,Meal Plan — Store 1 — Panka Natural Health,1,1,1
2023|08,/wellness-shop/meal-plan,Meal Plan — Wellness Shop — Panka Natural Health,6,5,3
2023|08,/wellness-shop/nail-fungus-relief,Nail Fungus Relief — Wellness Shop — Panka Natural Health,3,3,2
2023|08,/wellness-shop/p/21-day-healthy-plate-meal-plan-for-the-family,21-Day Healthy Plate Meal Plan for the Family — Panka Natural Health,5,2,2
2023|08,/wellness-shop/p/21-day-healthy-plate-meal-plan-for-two,21-Day Healthy Plate Meal Plan for Two — Panka Natural Health,4,3,3
2023|08,/wellness-shop/p/21-day-healthy-plate-meal-plan-one-person,21-Day Healthy Plate Meal Plan (for one person) — Panka Natural Health,6,1,1
2023|08,/wellness-shop/p/21-day-healthy-plate-meal-plan-one-person,21-Day Healthy Plate Meal Plan (one person) — Panka Natural Health,1,1,1
2023|08,/wellness-shop/p/21-day-healthy-plate-meal-plan-one-person,21-Day Healthy Plate Meal Plan — Panka Natural Health,2,2,2
2023|08,/wellness-shop/p/21-day-ketogenic-meal-plan-for-one-person,21-Day Ketogenic Meal Plan — Panka Natural Health,2,2,2
2023|08,/wellness-shop/p/21-day-ketogenic-meal-plan-for-two,21-Day Ketogenic Meal Plan for Two — Panka Natural Health,6,4,3
2023|08,/wellness-shop/p/21-day-plant-based-meal-plan-one-person,21-Day Plant-Based Meal Plan (for one person) — Panka Natural Health,9,1,1
2023|08,/wellness-shop/p/21-day-plant-based-meal-plan-one-person,21-Day Plant-Based Meal Plan (one person) — Panka Natural Health,5,2,1
2023|08,/wellness-shop/p/21-day-plant-based-meal-plan-one-person,21-Day Plant-Based Meal Plan — Panka Natural Health,2,2,2
2023|08,/wellness-shop/p/anti-inflammatory-recipe-book,Anti-Inflammatory Recipe Book — Panka Natural Health,6,4,2
2023|08,/wellness-shop/p/dairy-free-gluten-free-recipe-book,Dairy-Free & Gluten-Free Recipe Book — Panka Natural Health,2,2,1
2023|08,/wellness-shop/p/dairy-free-recipe-book,Dairy-Free Recipe Book — Panka Natural Health,2,1,1
2023|08,/wellness-shop/p/gluten-free-recipe-book,Gluten-Free Recipe Book — Panka Natural Health,4,1,1
2023|08,/wellness-shop/p/ketogenic-recipe-book,Ketogenic Recipe Book — Panka Natural Health,4,3,3
2023|08,/wellness-shop/p/low-fodmap-recipe-book,Low-FODMAP Recipe Book — Panka Natural Health,8,3,2
2023|08,/wellness-shop/p/nail-fungus-relief,Nail Fungus Relief — Panka Natural Health,28,17,10
2023|08,/wellness-shop/p/plant-based-meal-plan-for-two,21-Day Plant-Based Meal Plan for Two — Panka Natural Health,11,2,2
2023|08,/wellness-shop/recipe-book,Recipe Book — Store 1 — Panka Natural Health,1,1,1
2023|08,/wellness-shop/recipe-book,Recipe Book — Wellness Shop — Panka Natural Health,7,4,2
2023|08,/whypnh,Why Choose Panka Natural Health for Your Holistic Health Needs — Panka Natural Health,3,3,3
2023|09,/,"Panka Natural Health - Holistic Wellness Services in Hopkins, MN",266,229,149
2023|09,/?fbclid=IwAR2-eGW4kqTiTheQu5pWo6VKN_cY_ZQ2NPwvbgX02MxY4BwjrvyC9seSdY8,"Panka Natural Health - Holistic Wellness Services in Hopkins, MN",1,1,1
2023|09,/blog,Stay Informed and Empowered with Panka Natural Health's Blog - Your Source for Holistic Health Information — Panka Natural Health,13,13,7
2023|09,/blog/breaking-the-fast-your-guide-to-a-stellar-morning-meal,Breaking the Fast: Your Guide to a Stellar Morning Meal — Panka Natural Health,25,18,12
2023|09,/blog/breaking-the-fast-your-guide-to-a-stellar-morning-meal?fbclid=IwAR0-IiUq-e5oShsINlZYVVjYoWpAEPqIujfixRG0wL6Sr-3AhiGv6V_ZAA0_aem_AXVZTKIJWq0V2KVcxQg8SSXRZSJSagu7Uj1J7g6_e2Te467hIk1EQo-3WgZZncP8d-g,Breaking the Fast: Your Guide to a Stellar Morning Meal — Panka Natural Health,1,1,1
2023|09,/blog/breaking-the-fast-your-guide-to-a-stellar-morning-meal?fbclid=IwAR1MN_oi0i8CvWVCNKVJfdsos9YuziqIUg1FM6GRyq53C6wHxS3PTqOTNzs_aem_ATH4QDDwqZUlGF2gwDpBmfzQvg97_LLJ-w_pjgZMFW6kKTA-5Cl1gAZjkAlyMzKeATs,Breaking the Fast: Your Guide to a Stellar Morning Meal — Panka Natural Health,1,1,1
2023|09,/blog/breaking-the-fast-your-guide-to-a-stellar-morning-meal?fbclid=IwAR3-n8ModVEEQVh_8dlfW_nrij9v0lQXxwvt9ZdS8UsAh9ula6ZevTE4XDA,Breaking the Fast: Your Guide to a Stellar Morning Meal — Panka Natural Health,1,1,1
2023|09,/blog/dr-haleys-meal-prep-tips,Dr. Haley’s Meal Prep Tips — Panka Natural Health,2,2,1
2023|09,/blog/fiberfocus,Fiber Focus: The Top Foods and Supplements to Keep You Regular — Panka Natural Health,4,5,3
2023|09,/blog/gpkzn003wx15y74qzc6ymttj2papqe,— Panka Natural Health,1,1,1
2023|09,/blog/health-alerts-for-eden-prairie-spring-water,Health Alerts for Eden Prairie Spring Water — Panka Natural Health,3,3,3
2023|09,/blog/lab-testing-looking-outside-the-reference-range,Lab Testing: Looking Outside the Reference Range — Panka Natural Health,2,2,2
2023|09,/blog/naturopathic-first-aid-kit,Naturopathic First Aid Kit — Panka Natural Health,2,2,2
2023|09,/blog/naturopathic-medicine-provides-a-holistic-approach,Naturopathic Medicine Provides a Holistic Approach to Health — Panka Natural Health,5,5,5
2023|09,/blog/what-to-expect-from-a-naturopathic-doctor,What to Expect from a Naturopathic Doctor — Panka Natural Health,7,7,7
2023|09,/cart,Panka Natural Health,1,1,1
2023|09,/clinical-laboratory-tests,Clinical Laboratory Tests at Panka Natural Health - Get a Comprehensive Picture of Your Health — Panka Natural Health,28,23,21
2023|09,/contact,Contact Panka Natural Health - Your Partner for Holistic Health and Wellness — Panka Natural Health,19,16,16
2023|09,/dietary-supplements,Dietary Supplements at Panka Natural Health - Enhance Your Health Naturally — Panka Natural Health,15,13,9
2023|09,/events,Events — Panka Natural Health,19,7,5
2023|09,/events/event-one-339fw,Event One — Panka Natural Health,3,3,1
2023|09,/events/event-three-s6ye6,Event Three — Panka Natural Health,2,1,1
2023|09,/events/natural-remedies-for-cold-and-flu-season,Free Online Webinar: Natural Remedies for Cold and Flu Season — Panka Natural Health,5,5,4
2023|09,/events/natural-remedies-for-cold-and-flu-season,Natural Remedies for Cold and Flu Season — Panka Natural Health,11,2,2
2023|09,/events/re4nthpxj70kebc6fvpbpsbd1txfjd,%i — Panka Natural Health,1,1,1
2023|09,/faq,Get Answers to Your Questions at Panka Natural Health's FAQ Page - Your Resource for Holistic Health Information — Panka Natural Health,20,19,17
2023|09,/meal-plans-and-recipe-books,Meal Plans and Recipe Books — Panka Natural Health,5,5,5
2023|09,/meet-dr-haley,Meet Dr. Haley - Expert Naturopathic Doctor at Panka Natural Health — Panka Natural Health,50,38,33
2023|09,/meet-dr-jacob,Meet Dr. Jacob - Experienced Naturopathic Doctor at Panka Natural Health — Panka Natural Health,32,27,24
2023|09,/nail-fungus-relief,Nail Fungus Relief — Panka Natural Health,4,5,4
2023|09,/naturopathic-medicine,Naturopathic Medicine at Panka Natural Health - A Natural Approach to Your Health — Panka Natural Health,34,28,26
2023|09,/oauth2/squarespace/loader,Panka Natural Health,1,1,1
2023|09,/patient-portal,Access Your Patient Portal at Panka Natural Health - Stay Connected with Your Health — Panka Natural Health,8,8,8
2023|09,/pnh-online-medicinary,Shop for High-Quality Supplements at PNH Online Medicinary - Support Your Health Naturally — Panka Natural Health,17,12,10
2023|09,/prepare-for-your-visit,Prepare for Your Visit to Panka Natural Health - Get the Most Out of Your Appointment — Panka Natural Health,5,6,5
2023|09,/schedule-an-appointment,Schedule an Appointment with Panka Natural Health - Take the First Step Towards Better Health — Panka Natural Health,79,73,42
2023|09,/schedule-an-appointment?fbclid=IwAR0xCqGdo8iRexm4zaM2mi6SYs76j2jazTuO6Jt4rkDoyHQYCjIBiZJT7zI_aem_AfyPmP7BbV2N5ZwPVDKhOwO_lwBkeaBrvEiBPqkHhiAWek4K6K8vdepgmfYSwKQjwdY,Schedule an Appointment with Panka Natural Health - Take the First Step Towards Better Health — Panka Natural Health,1,1,1
2023|09,/schedule-an-appointment?fbclid=IwAR3isDgL9wroES7LJiYHEAw7NCOLj9j5AejNeIKVYgMwe7kJHr6dZhzbFY4,Schedule an Appointment with Panka Natural Health - Take the First Step Towards Better Health — Panka Natural Health,1,1,1
2023|09,/wellness-shop,Wellness Shop — Panka Natural Health,14,12,11
2023|09,/wellness-shop/meal-plan,Meal Plan — Wellness Shop — Panka Natural Health,2,2,2
2023|09,/wellness-shop/p/21-day-healthy-plate-meal-plan-for-the-family,21-Day Healthy Plate Meal Plan for the Family — Panka Natural Health,1,1,1
2023|09,/wellness-shop/p/21-day-healthy-plate-meal-plan-one-person,21-Day Healthy Plate Meal Plan — Panka Natural Health,1,1,1
2023|09,/wellness-shop/p/21-day-ketogenic-meal-plan-for-two,21-Day Ketogenic Meal Plan for Two — Panka Natural Health,1,1,1
2023|09,/wellness-shop/p/low-fodmap-recipe-book,Low-FODMAP Recipe Book — Panka Natural Health,2,2,2
2023|09,/wellness-shop/p/nail-fungus-relief,Nail Fungus Relief — Panka Natural Health,2,2,2
2023|09,/wellness-shop/p/smoothie-recipe-book,Smoothie Recipe Book — Panka Natural Health,1,1,1
2023|09,/wellness-shop/recipe-book,Recipe Book — Wellness Shop — Panka Natural Health,1,2,1
2023|09,/whypnh,Why Choose Panka Natural Health for Your Holistic Health Needs — Panka Natural Health,2,2,2
2023|10,/,"Panka Natural Health - Holistic Wellness Services in Hopkins, MN",184,176,123
2023|10,/blog,Stay Informed and Empowered with Panka Natural Health's Blog - Your Source for Holistic Health Information — Panka Natural Health,5,5,5
2023|10,/blog/2017/11/11/minerals-elements-of-health,Panka Natural Health,1,1,1
2023|10,/blog/2019/4/14/what-to-expect-from-a-naturopathic-doctor,Panka Natural Health,1,1,1
2023|10,/blog/2022/3/7/health-alerts-eden-prairie-spring-water,Panka Natural Health,1,1,1
2023|10,/blog/breaking-the-fast-your-guide-to-a-stellar-morning-meal,Breaking the Fast: Your Guide to a Stellar Morning Meal — Panka Natural Health,2,2,1
2023|10,/blog/breaking-the-fast-your-guide-to-a-stellar-morning-meal?fbclid=IwAR1D2IpS2M6RYpCvUz5BC8S11eOLI-t6qC10pmAr7F9sQU5ejHogIA66Xbc,Breaking the Fast: Your Guide to a Stellar Morning Meal — Panka Natural Health,1,1,1
2023|10,/blog/fiberfocus,Fiber Focus: The Top Foods and Supplements to Keep You Regular — Panka Natural Health,1,2,1
2023|10,/blog/health-alerts-for-eden-prairie-spring-water,Health Alerts for Eden Prairie Spring Water — Panka Natural Health,3,2,2
2023|10,/blog/lab-testing-looking-outside-the-reference-range,Lab Testing: Looking Outside the Reference Range — Panka Natural Health,2,2,2
2023|10,/blog/naturopathic-first-aid-kit,Naturopathic First Aid Kit — Panka Natural Health,1,1,1
2023|10,/blog/naturopathic-medicine-provides-a-holistic-approach,Naturopathic Medicine Provides a Holistic Approach to Health — Panka Natural Health,6,6,6
2023|10,/blog/what-to-expect-from-a-naturopathic-doctor,What to Expect from a Naturopathic Doctor — Panka Natural Health,8,8,8
2023|10,/cart,Panka Natural Health,4,3,3
2023|10,/clinical-laboratory-tests,Clinical Laboratory Tests at Panka Natural Health - Get a Comprehensive Picture of Your Health — Panka Natural Health,16,16,15
2023|10,/contact,Contact Panka Natural Health - Your Partner for Holistic Health and Wellness — Panka Natural Health,21,18,16
2023|10,/dietary-supplements,Dietary Supplements at Panka Natural Health - Enhance Your Health Naturally — Panka Natural Health,5,6,5
2023|10,/events,Events — Panka Natural Health,45,31,24
2023|10,/events/halloween-in-hopkins,Halloween in Hopkins — Panka Natural Health,4,2,2
2023|10,/events/natural-remedies-for-cold-and-flu-season,Free Online Webinar: Natural Remedies for Cold and Flu Season — Panka Natural Health,11,8,6
2023|10,/events/scn5hbhbo2wva2elgmhf0g4dim2gxd,%i — Panka Natural Health,1,1,1
2023|10,/faq,Get Answers to Your Questions at Panka Natural Health's FAQ Page - Your Resource for Holistic Health Information — Panka Natural Health,23,20,17
2023|10,/home?noredirect=true,"Panka Natural Health - Holistic Wellness Services in Hopkins, MN",2,2,1
2023|10,/meal-plans-and-recipe-books,Meal Plans and Recipe Books — Panka Natural Health,1,1,1
2023|10,/meet-dr-haley,Meet Dr. Haley - Expert Naturopathic Doctor at Panka Natural Health — Panka Natural Health,47,44,37
2023|10,/meet-dr-jacob,Meet Dr. Jacob - Experienced Naturopathic Doctor at Panka Natural Health — Panka Natural Health,22,21,19
2023|10,/nail-fungus-relief,Nail Fungus Relief — Panka Natural Health,3,2,2
2023|10,/naturopathic-medicine,Naturopathic Medicine at Panka Natural Health - A Natural Approach to Your Health — Panka Natural Health,34,28,26
2023|10,/patient-portal,Access Your Patient Portal at Panka Natural Health - Stay Connected with Your Health — Panka Natural Health,15,17,10
2023|10,/pnh-online-medicinary,Shop for High-Quality Supplements at PNH Online Medicinary - Support Your Health Naturally — Panka Natural Health,3,3,2
2023|10,/prepare-for-your-visit,Prepare for Your Visit to Panka Natural Health - Get the Most Out of Your Appointment — Panka Natural Health,7,7,6
2023|10,/schedule-an-appointment,Schedule an Appointment with Panka Natural Health - Take the First Step Towards Better Health — Panka Natural Health,62,57,37
2023|10,/wellness-shop,Wellness Shop — Panka Natural Health,12,12,11
2023|10,/wellness-shop/p/21-day-healthy-plate-meal-plan-for-the-family,21-Day Healthy Plate Meal Plan for the Family — Panka Natural Health,1,1,1
2023|10,/wellness-shop/p/21-day-ketogenic-meal-plan-for-one-person,21-Day Ketogenic Meal Plan — Panka Natural Health,1,1,1
2023|10,/wellness-shop/p/21-day-plant-based-meal-plan-one-person,21-Day Plant-Based Meal Plan — Panka Natural Health,1,1,1
2023|10,/wellness-shop/p/low-fodmap-recipe-book,Low-FODMAP Recipe Book — Panka Natural Health,1,2,1
2023|10,/wellness-shop/p/nail-fungus-relief,Nail Fungus Relief — Panka Natural Health,2,1,1
2023|10,/whypnh,Why Choose Panka Natural Health for Your Holistic Health Needs — Panka Natural Health,6,7,6
2023|11,/,"Panka Natural Health - Holistic Wellness Services in Hopkins, MN",172,156,111
2023|11,/blog,Stay Informed and Empowered with Panka Natural Health's Blog - Your Source for Holistic Health Information — Panka Natural Health,21,14,11
2023|11,/blog/1atpbv6p8ovko9hy0e3pdp422f3h1d,Aerobic Exercise vs. HIIT: Which Is Right for You? — Panka Natural Health,2,1,1
2023|11,/blog/aerobic-exercise-vs-hiit-which-is-right-for-you,Aerobic Exercise vs. HIIT: Which Is Right for You? — Panka Natural Health,6,1,1
2023|11,/blog/breaking-the-fast-your-guide-to-a-stellar-morning-meal,Breaking the Fast: Your Guide to a Stellar Morning Meal — Panka Natural Health,3,4,3
2023|11,/blog/cGVyc29uYW,Panka Natural Health,2,2,2
2023|11,/blog/dr-haleys-meal-prep-tips,Dr. Haley’s Meal Prep Tips — Panka Natural Health,1,1,1
2023|11,/blog/fiberfocus,Fiber Focus: The Top Foods and Supplements to Keep You Regular — Panka Natural Health,2,2,2
2023|11,/blog/g6du3zvn5ftb4f3mk0t4657ln4itiw,— Panka Natural Health,1,2,1
2023|11,/blog/health-alerts-for-eden-prairie-spring-water,Health Alerts for Eden Prairie Spring Water — Panka Natural Health,2,2,2
2023|11,/blog/j9vm102slxuewyf16ubjupo23nzpy3,— Panka Natural Health,1,1,1
2023|11,/blog/lab-testing-looking-outside-the-reference-range,Lab Testing: Looking Outside the Reference Range — Panka Natural Health,1,1,1
2023|11,/blog/naturopathic-first-aid-kit,Naturopathic First Aid Kit — Panka Natural Health,1,1,1
2023|11,/blog/naturopathic-medicine-provides-a-holistic-approach,Naturopathic Medicine Provides a Holistic Approach to Health — Panka Natural Health,1,1,1
2023|11,/blog/personalized-fitness-know-your-heart-know-its-limits,"Personalized Cardio Training: Know Your Heart, Know Its Limits — Panka Natural Health",4,4,1
2023|11,/blog/personalized-fitness-know-your-heart-know-its-limits,Personalized Fitness: Tailoring Your Workouts with Target Heart Rate — Panka Natural Health,4,1,1
2023|11,/blog/personalized-fitness-tailoring-your-workouts-with-target-heart-rate,Personalized Fitness: Tailoring Your Workouts with Target Heart Rate — Panka Natural Health,22,12,9
2023|11,/blog/personalized-fitness-tailoring-your-workouts-with-target-heart-rate?fbclid=IwAR0cidIAvQchLEz3WTqCnBStzzfijQRsHD-IsehQAfLgPagpfbYc2zM1t0I,Personalized Fitness: Tailoring Your Workouts with Target Heart Rate — Panka Natural Health,1,1,1
2023|11,/blog/personalized-fitness-tailoring-your-workouts-with-target-heart-rate?fbclid=IwAR3lFgaZqFsv9In0SoveYSCeSYAVceemg2M-zNBwZtP5Jv915SrF8-5CtYc,Personalized Fitness: Tailoring Your Workouts with Target Heart Rate — Panka Natural Health,1,2,1
2023|11,/blog/what-to-expect-from-a-naturopathic-doctor,What to Expect from a Naturopathic Doctor — Panka Natural Health,4,4,4
2023|11,/cart,Panka Natural Health,3,3,3
2023|11,/clinical-laboratory-tests,Clinical Laboratory Tests at Panka Natural Health - Get a Comprehensive Picture of Your Health — Panka Natural Health,17,18,13
2023|11,/contact,Contact Panka Natural Health - Your Partner for Holistic Health and Wellness — Panka Natural Health,21,19,17
2023|11,/dietary-supplements,Dietary Supplements at Panka Natural Health - Enhance Your Health Naturally — Panka Natural Health,10,11,9
2023|11,/events,Events — Panka Natural Health,4,4,4
2023|11,/faq,Get Answers to Your Questions at Panka Natural Health's FAQ Page - Your Resource for Holistic Health Information — Panka Natural Health,24,20,17
2023|11,/meal-plans-and-recipe-books,Meal Plans and Recipe Books — Panka Natural Health,5,5,5
2023|11,/meet-dr-haley,Meet Dr. Haley - Expert Naturopathic Doctor at Panka Natural Health — Panka Natural Health,40,38,34
2023|11,/meet-dr-jacob,Meet Dr. Jacob - Experienced Naturopathic Doctor at Panka Natural Health — Panka Natural Health,26,24,24
2023|11,/nail-fungus-relief,Nail Fungus Relief — Panka Natural Health,4,4,4
2023|11,/naturopathic-medicine,Naturopathic Medicine at Panka Natural Health - A Natural Approach to Your Health — Panka Natural Health,22,19,18
2023|11,/patient-portal,Access Your Patient Portal at Panka Natural Health - Stay Connected with Your Health — Panka Natural Health,10,12,8
2023|11,/pnh-online-medicinary,Shop for High-Quality Supplements at PNH Online Medicinary - Support Your Health Naturally — Panka Natural Health,5,5,5
2023|11,/prepare-for-your-visit,Prepare for Your Visit to Panka Natural Health - Get the Most Out of Your Appointment — Panka Natural Health,3,3,3
2023|11,/schedule-an-appointment,Schedule an Appointment with Panka Natural Health - Take the First Step Towards Better Health — Panka Natural Health,43,37,28
2023|11,/wellness-shop,Wellness Shop — Panka Natural Health,15,15,14
2023|11,/wellness-shop/p/nail-fungus-relief,Nail Fungus Relief — Panka Natural Health,1,1,1
2023|11,/wellness-shop/p/plant-based-recipe-book,Plant-Based Recipe Book — Panka Natural Health,1,1,1
2023|11,/whypnh,Why Choose Panka Natural Health for Your Holistic Health Needs — Panka Natural Health,4,4,4
2023|12,/,"Panka Natural Health - Holistic Wellness Services in Hopkins, MN",158,134,100
2023|12,/blog,Stay Informed and Empowered with Panka Natural Health's Blog - Your Source for Holistic Health Information — Panka Natural Health,17,13,10
2023|12,/blog/aerobic-exercise-vs-hiit-which-is-right-for-you,Aerobic Exercise vs. HIIT: Which Is Right for You? — Panka Natural Health,1,1,1
2023|12,/blog/breaking-the-fast-your-guide-to-a-stellar-morning-meal,Breaking the Fast: Your Guide to a Stellar Morning Meal — Panka Natural Health,6,6,4
2023|12,/blog/fiberfocus,Fiber Focus: The Top Foods and Supplements to Keep You Regular — Panka Natural Health,3,4,2
2023|12,/blog/health-alerts-for-eden-prairie-spring-water,Health Alerts for Eden Prairie Spring Water — Panka Natural Health,1,2,1
2023|12,/blog/lab-testing-looking-outside-the-reference-range,Lab Testing: Looking Outside the Reference Range — Panka Natural Health,5,4,2
2023|12,/blog/naturopathic-first-aid-kit,Naturopathic First Aid Kit — Panka Natural Health,12,11,6
2023|12,/blog/naturopathic-medicine-provides-a-holistic-approach,Naturopathic Medicine Provides a Holistic Approach to Health — Panka Natural Health,1,1,1
2023|12,/blog/personalized-fitness-tailoring-your-workouts-with-target-heart-rate,Personalized Fitness: Tailoring Your Workouts with Target Heart Rate — Panka Natural Health,5,5,3
2023|12,/blog/what-to-expect-from-a-naturopathic-doctor,What to Expect from a Naturopathic Doctor — Panka Natural Health,4,3,3
2023|12,/cardiofocused-appointment,Cardio-Focused Appointment — Panka Natural Health,1,1,1
2023|12,/cart,Panka Natural Health,15,13,11
2023|12,/checkout/design,Panka Natural Health: Secure Checkout,2,1,1
2023|12,/clinical-laboratory-tests,Clinical Laboratory Tests at Panka Natural Health - Get a Comprehensive Picture of Your Health — Panka Natural Health,12,13,11
2023|12,/commerce/orders/6e3c2c04-4bf3-4243-9d63-8c7811d32da6,Panka Natural Health: Order Status,0,1,1
2023|12,/commerce/orders/93cddbd2-5217-48ed-8f59-1882654303c8,Panka Natural Health: Order Status,1,1,1
2023|12,/commerce/orders/e97701b0-7452-4d56-99c5-cf2a8cd107a5,Panka Natural Health: Order Status,1,1,1
2023|12,/commerce/orders/f251c711-62f8-4d55-a18d-c2e9f9096ecb,Panka Natural Health: Order Status,1,1,1
2023|12,/contact,Contact Panka Natural Health - Your Partner for Holistic Health and Wellness — Panka Natural Health,12,11,11
2023|12,/dietary-supplements,Dietary Supplements at Panka Natural Health - Enhance Your Health Naturally — Panka Natural Health,7,8,7
2023|12,/events,Events — Panka Natural Health,1,1,1
2023|12,/faq,Get Answers to Your Questions at Panka Natural Health's FAQ Page - Your Resource for Holistic Health Information — Panka Natural Health,12,12,11
2023|12,/heart-health,Heart Health — Panka Natural Health,2,3,1
2023|12,/home?noredirect=true,"Panka Natural Health - Holistic Wellness Services in Hopkins, MN",3,3,1
2023|12,/meal-plans-and-recipe-books,Meal Plans and Recipe Books — Panka Natural Health,5,6,5
2023|12,/meet-dr-haley,Meet Dr. Haley - Expert Naturopathic Doctor at Panka Natural Health — Panka Natural Health,38,29,25
2023|12,/meet-dr-jacob,Meet Dr. Jacob - Experienced Naturopathic Doctor at Panka Natural Health — Panka Natural Health,29,27,24
2023|12,/nail-fungus-relief,Nail Fungus Relief — Panka Natural Health,12,7,6
2023|12,/naturopathic-medicine,Naturopathic Medicine at Panka Natural Health - A Natural Approach to Your Health — Panka Natural Health,24,20,18
2023|12,/patient-portal,Access Your Patient Portal at Panka Natural Health - Stay Connected with Your Health — Panka Natural Health,4,5,3
2023|12,/pnh-online-medicinary,Shop for High-Quality Supplements at PNH Online Medicinary - Support Your Health Naturally — Panka Natural Health,5,3,3
2023|12,/prepare-for-your-visit,Prepare for Your Visit to Panka Natural Health - Get the Most Out of Your Appointment — Panka Natural Health,4,7,4
2023|12,/schedule-an-appointment,Schedule an Appointment with Panka Natural Health - Take the First Step Towards Better Health — Panka Natural Health,50,40,30
2023|12,/wellness-shop,Wellness Shop — Panka Natural Health,53,32,26
2023|12,/wellness-shop/nail-fungus-relief,Nail Fungus Relief — Wellness Shop — Panka Natural Health,5,3,1
2023|12,/wellness-shop/p/21-day-healthy-plate-meal-plan-for-two,21-Day Healthy Plate Meal Plan for Two — Panka Natural Health,4,3,2
2023|12,/wellness-shop/p/21-day-ketogenic-meal-plan-for-two,21-Day Ketogenic Meal Plan for Two — Panka Natural Health,5,5,4
2023|12,/wellness-shop/p/anti-inflammatory-recipe-book,Anti-Inflammatory Recipe Book — Panka Natural Health,1,1,1
2023|12,/wellness-shop/p/bmFpbC1mdW,Panka Natural Health,6,6,6
2023|12,/wellness-shop/p/low-fodmap-recipe-book,Low-FODMAP Recipe Book — Panka Natural Health,1,1,1
2023|12,/wellness-shop/p/nail-fungus-relief,Nail Fungus Relief — Panka Natural Health,22,17,9
2023|12,/wellness-shop/p/plant-based-meal-plan-for-two,21-Day Plant-Based Meal Plan for Two — Panka Natural Health,1,1,1
2023|12,/wellness-shop/p/smoothie-recipe-book,Smoothie Recipe Book — Panka Natural Health,2,2,2
2023|12,/whypnh,Why Choose Panka Natural Health for Your Holistic Health Needs — Panka Natural Health,2,2,2
2024|01,(not set),(not set),,,1
2024|01,/,"Panka Natural Health - Holistic Wellness Services in Hopkins, MN",256,234,144
2024|01,/?fbclid=IwAR0dAHPoF2wHA9nCMJRe78xXlNEpkNlvUD1xieNdvcu5GZD4jFKAVbTrjsI,"Panka Natural Health - Holistic Wellness Services in Hopkins, MN",1,1,1
2024|01,/?fbclid=IwAR1enK-o_Ww15Ir68ny548Hvui2ChSBOeTWvpG6sjKwjwI_DbvCv5vvFJYM,"Panka Natural Health - Holistic Wellness Services in Hopkins, MN",1,1,1
2024|01,/?fbclid=IwAR1k8YCTxdmVOBSMDVgtvruesWcwlL6bGSDp7nzXZgJ9CIryChqcqndNrqg,"Panka Natural Health - Holistic Wellness Services in Hopkins, MN",1,1,1
2024|01,/?fbclid=IwAR2Hros-gXNgZ0lOMTfwDsRkjXLM8dv2DecRhCLs0HYRul1BdnbEQrpNtEQ,"Panka Natural Health - Holistic Wellness Services in Hopkins, MN",1,1,1
2024|01,/blog,Stay Informed and Empowered with Panka Natural Health's Blog - Your Source for Holistic Health Information — Panka Natural Health,14,15,9
2024|01,/blog/2019/4/14/what-to-expect-from-a-naturopathic-doctor,Panka Natural Health,1,1,1
2024|01,/blog/breaking-the-fast-your-guide-to-a-stellar-morning-meal,Breaking the Fast: Your Guide to a Stellar Morning Meal — Panka Natural Health,1,1,1
2024|01,/blog/fiberfocus,Fiber Focus: The Top Foods and Supplements to Keep You Regular — Panka Natural Health,2,3,1
2024|01,/blog/naturopathic-first-aid-kit,Naturopathic First Aid Kit — Panka Natural Health,1,1,1
2024|01,/blog/naturopathic-medicine-provides-a-holistic-approach,Naturopathic Medicine Provides a Holistic Approach to Health — Panka Natural Health,2,2,2
2024|01,/blog/personalized-fitness-tailoring-your-workouts-with-target-heart-rate,Personalized Fitness: Tailoring Your Workouts with Target Heart Rate — Panka Natural Health,1,1,1
2024|01,/blog/what-to-expect-from-a-naturopathic-doctor,What to Expect from a Naturopathic Doctor — Panka Natural Health,7,9,6
2024|01,/cardiovascular-wellness-program,Cardiovascular Wellness Program — Panka Natural Health,37,34,13
2024|01,/cardiovascular-wellness-program,The CWP Combines Natural Treatment for Heart Conditions with Personalized Cardiovascular Care — Panka Natural Health,1,1,1
2024|01,/cardiovascular-wellness-program?fbclid=IwAR0CECwfY-OjtfRxTDEQEzrcgYsOU3UZMiQqBGZ0ie7z1CeAgTIwAvfXKlE,Cardiovascular Wellness Program — Panka Natural Health,1,1,1
2024|01,/cart,Panka Natural Health,3,3,3
2024|01,/clinical-laboratory-tests,Clinical Laboratory Tests at Panka Natural Health - Get a Comprehensive Picture of Your Health — Panka Natural Health,25,24,20
2024|01,/contact,Contact Panka Natural Health - Your Partner for Holistic Health and Wellness — Panka Natural Health,15,16,15
2024|01,/dietary-supplements,Dietary Supplements at Panka Natural Health - Enhance Your Health Naturally — Panka Natural Health,14,14,13
2024|01,/events,Events — Panka Natural Health,39,24,10
2024|01,/events/09dne9f3zydguytjdo5f8fzp7agzqi,%i — Panka Natural Health,1,1,1
2024|01,/events/introducing-dr-jacob-pankas-cardiovascular-wellness-program,Holistic Cardiovascular Wellness Program with Dr. Jacob Panka — Panka Natural Health,5,4,2
2024|01,/events/introducing-dr-jacob-pankas-cardiovascular-wellness-program,Introducing Dr. Jacob Panka’s Cardiovascular Wellness Program — Panka Natural Health,1,1,1
2024|01,/events/menstrual-cycles-tracking-for-health-and-fertility-awareness,Tracking Menstrual Cycles for Health and Fertility Awareness — Panka Natural Health,12,9,2
2024|01,/events/menstrual-cycles-tracking-for-health-and-fertility-awareness?noredirect=true,Tracking Menstrual Cycles for Health and Fertility Awareness — Panka Natural Health,1,1,1
2024|01,/events/st91uk3fehpc9afe6f6hj0gsff98c0,%i — Panka Natural Health,1,1,1
2024|01,/events/u196ojlrq48usc0gz76cxl2seqsmcq,%i — Panka Natural Health,1,1,1
2024|01,/events/what-is-naturopathic-medicine-live-qa-with-dr-jacob-panka,What is Naturopathic Medicine? - Live Q&A with Dr. Jacob Panka — Panka Natural Health,16,11,4
2024|01,/events?fbclid=IwAR38dHDViudZ_CQ-Z4mh4cfkcHf1bWCfIglf3P7q2zCYukCbIH1xlLdGZNY,Events — Panka Natural Health,1,1,1
2024|01,/events?fbclid=IwAR3cdzfGM5CgKT_aEYh9LnNpMx5NJqIoz_d-n7eGRVOMgOt1YhfT9uEgmjE,Events — Panka Natural Health,1,1,1
2024|01,/events?noredirect=true,Events — Panka Natural Health,1,1,1
2024|01,/faq,Get Answers to Your Questions at Panka Natural Health's FAQ Page - Your Resource for Holistic Health Information — Panka Natural Health,18,20,17
2024|01,/heart-health,Heart Health — Panka Natural Health,2,2,1
2024|01,/home?noredirect=true,"Panka Natural Health - Holistic Wellness Services in Hopkins, MN",2,1,1
2024|01,/meal-plans-and-recipe-books,Meal Plans and Recipe Books — Panka Natural Health,5,5,3
2024|01,/meet-dr-haley,Meet Dr. Haley - Expert Naturopathic Doctor at Panka Natural Health — Panka Natural Health,49,47,41
2024|01,/meet-dr-jacob,Meet Dr. Jacob - Experienced Naturopathic Doctor at Panka Natural Health — Panka Natural Health,28,27,24
2024|01,/nail-fungus-relief,Nail Fungus Relief — Panka Natural Health,5,3,3
2024|01,/naturopathic-medicine,Naturopathic Medicine at Panka Natural Health - A Natural Approach to Your Health — Panka Natural Health,55,45,36
2024|01,/patient-portal,Access Your Patient Portal at Panka Natural Health - Stay Connected with Your Health — Panka Natural Health,26,27,13
2024|01,/pnh-online-medicinary,Shop for High-Quality Supplements at PNH Online Medicinary - Support Your Health Naturally — Panka Natural Health,5,5,4
2024|01,/prepare-for-your-visit,Prepare for Your Visit to Panka Natural Health - Get the Most Out of Your Appointment — Panka Natural Health,13,9,7
2024|01,/schedule-an-appointment,Schedule an Appointment with Panka Natural Health - Take the First Step Towards Better Health — Panka Natural Health,77,66,41
2024|01,/schedule.php?owner=27943652,Schedule Appointment with Panka Natural Health,9,8,8
2024|01,/schedule.php?owner=27943652&action=appt,Schedule Appointment with Panka Natural Health,4,3,3
2024|01,/schedule.php?owner=27943652&action=appt&admin=0&template=,Schedule Appointment with Panka Natural Health,1,1,1
2024|01,/schedule.php?owner=27943652&action=appt&admin=1,Schedule Appointment with Panka Natural Health,1,1,1
2024|01,/schedule.php?owner=27943652&action=appt&id%5B%5D=3034aa12c5ff43bc2d2b035408a7428f&apptId=1193216316&admin=&template=monthly&PHPSESSID=c0igrqkah1vjc5pigucrbb808v,Schedule Appointment with Panka Natural Health,1,1,1
2024|01,/wellness-shop,Wellness Shop — Panka Natural Health,15,15,15
2024|01,/wellness-shop/meal-plan,Meal Plan — Wellness Shop — Panka Natural Health,1,1,1
2024|01,/wellness-shop/nail-fungus-relief,Nail Fungus Relief — Wellness Shop — Panka Natural Health,2,2,2
2024|01,/wellness-shop/p/21-day-healthy-plate-meal-plan-for-two,21-Day Healthy Plate Meal Plan for Two — Panka Natural Health,1,1,1
2024|01,/wellness-shop/p/21-day-ketogenic-meal-plan-for-one-person,21-Day Ketogenic Meal Plan — Panka Natural Health,1,1,1
2024|01,/wellness-shop/p/21-day-plant-based-meal-plan-one-person,21-Day Plant-Based Meal Plan — Panka Natural Health,1,1,1
2024|01,/wellness-shop/p/anti-inflammatory-recipe-book,Anti-Inflammatory Recipe Book — Panka Natural Health,1,1,1
2024|01,/wellness-shop/p/nail-fungus-relief,Nail Fungus Relief — Panka Natural Health,11,4,3
2024|01,/wellness-shop/recipe-book,Recipe Book — Wellness Shop — Panka Natural Health,1,1,1
2024|01,/whypnh,Why Choose Panka Natural Health for Your Holistic Health Needs — Panka Natural Health,9,12,7
2024|02,(not set),(not set),,,1
2024|02,/,"Panka Natural Health - Holistic Wellness Services in Hopkins, MN",1102,1067,1005
2024|02,/,"Panka Natural Health - Médicos naturópatas en Hopkins, MN",0,2,2
2024|02,/,"Panka Natural Health - Naturopathic Doctors in Hopkins, MN",580,522,477
2024|02,//pankanaturalhealth.com/,(not set),1,1,1
2024|02,/?fbclid=IwAR1eC4qdYB4XbCPh-ZaQR_WaOaEPpsLQo_KziVK5o592_IJl2hUTKm7DS6g,"Panka Natural Health - Holistic Wellness Services in Hopkins, MN",1,1,1
2024|02,/blog,Stay Informed and Empowered with Panka Natural Health's Blog - Your Source for Holistic Health Information — Panka Natural Health,18,15,13
2024|02,/blog/aerobic-exercise-vs-hiit-which-is-right-for-you,Aerobic Exercise vs. HIIT: Which Is Right for You? — Panka Natural Health,1,1,1
2024|02,/blog/breaking-the-fast-your-guide-to-a-stellar-morning-meal,Breaking the Fast: Your Guide to a Stellar Morning Meal — Panka Natural Health,5,5,4
2024|02,/blog/fiberfocus,Fiber Focus: The Top Foods and Supplements to Keep You Regular — Panka Natural Health,2,2,2
2024|02,/blog/health-alerts-for-eden-prairie-spring-water,Health Alerts for Eden Prairie Spring Water — Panka Natural Health,5,5,5
2024|02,/blog/lab-testing-looking-outside-the-reference-range,Lab Testing: Looking Outside the Reference Range — Panka Natural Health,2,2,2
2024|02,/blog/naturopathic-first-aid-kit,Naturopathic First Aid Kit — Panka Natural Health,3,3,3
2024|02,/blog/naturopathic-medicine-provides-a-holistic-approach,Naturopathic Medicine Provides a Holistic Approach to Health — Panka Natural Health,2,2,2
2024|02,/blog/personalized-fitness-tailoring-your-workouts-with-target-heart-rate,Personalized Fitness: Tailoring Your Workouts with Target Heart Rate — Panka Natural Health,3,4,3
2024|02,/blog/what-to-expect-from-a-naturopathic-doctor,What to Expect from a Naturopathic Doctor — Panka Natural Health,11,12,10
2024|02,/cardiovascular-wellness-program,Cardiovascular Wellness Program — Panka Natural Health,36,21,12
2024|02,/cardiovascular-wellness-program,Transformative Heart Care: Dr. Panka's Holistic Cardio Program — Panka Natural Health,13,14,10
2024|02,/cardiovascular-wellness-program-2,Cardiovascular Wellness Program (Copy) — Panka Natural Health,2,1,1
2024|02,/cart,Panka Natural Health,4,4,4
2024|02,/clinical-laboratory-tests,Clinical Laboratory Tests at Panka Natural Health - Get a Comprehensive Picture of Your Health — Panka Natural Health,34,31,25
2024|02,/commerce/orders/ccd6d33a-a542-4e57-a7fb-18bdb20ca861,Panka Natural Health: Order Status,1,1,1
2024|02,/contact,Contact Panka Natural Health - Your Partner for Holistic Health and Wellness — Panka Natural Health,26,26,23
2024|02,/diabetes,Diabetes — Panka Natural Health,6,4,1
2024|02,/diabetes-care,Diabetes Care — Panka Natural Health,2,4,1
2024|02,/dietary-supplements,Dietary Supplements at Panka Natural Health - Enhance Your Health Naturally — Panka Natural Health,20,16,13
2024|02,/events,Events — Panka Natural Health,21,17,14
2024|02,/events/menstrual-cycles-tracking-for-health-and-fertility-awareness,Tracking Menstrual Cycles for Health and Fertility Awareness — Panka Natural Health,7,5,4
2024|02,/events/menstrual-cycles-tracking-for-health-and-fertility-awareness?fbclid=IwAR3CT19goVds-NUIX8hFKFqzIVFuvPwivAKtsL9lTwQcX9NxdjExFPz_sLs,Tracking Menstrual Cycles for Health and Fertility Awareness — Panka Natural Health,1,1,1
2024|02,/faq,Get Answers to Your Questions at Panka Natural Health's FAQ Page - Your Resource for Holistic Health Information — Panka Natural Health,33,32,26
2024|02,/home,"Panka Natural Health - Holistic Wellness Services in Hopkins, MN",4,3,2
2024|02,/home,"Panka Natural Health - Naturopathic Doctors in Hopkins, MN",6,2,1
2024|02,/home?noredirect=true,"Panka Natural Health - Holistic Wellness Services in Hopkins, MN",1,1,1
2024|02,/meal-plans-and-recipe-books,Meal Plans and Recipe Books — Panka Natural Health,13,10,10
2024|02,/meet-dr-haley,Meet Dr. Haley - Expert Naturopathic Doctor at Panka Natural Health — Panka Natural Health,31,30,25
2024|02,/meet-dr-haley,"Meet Dr. Haley Panka - Naturopathic Doctor in Hopkins, MN — Panka Natural Health",37,36,31
2024|02,/meet-dr-jacob,Meet Dr. Jacob - Experienced Naturopathic Doctor at Panka Natural Health — Panka Natural Health,15,10,8
2024|02,/meet-dr-jacob,"Meet Dr. Jacob Panka - Naturopathic Doctor in Hopkins, MN — Panka Natural Health",13,14,13
2024|02,/meet-dr-jacob?fbclid=IwAR3mRHhYxU_Kr4VHr2_8LU7BTePmBLBQjufHbQ_9FsInA9RzV8GMe5HbQNU_aem_ASXbgIAE6IINQ1I-ZFcxcTylUPQeiGaf0uCS7YlhTKZILv-PXpRltr3lzLAMSfKBa_U,Meet Dr. Jacob - Experienced Naturopathic Doctor at Panka Natural Health — Panka Natural Health,1,1,1
2024|02,/nail-fungus-relief,Nail Fungus Relief — Panka Natural Health,3,3,3
2024|02,/naturopathic-medicine,"Naturopathic Medicine at Panka Natural Health - A Functional, Holistic, and Integrative Approach — Panka Natural Health",37,35,32
2024|02,/naturopathic-medicine,Naturopathic Medicine at Panka Natural Health - A Natural Approach to Your Health — Panka Natural Health,26,25,21
2024|02,/pankanaturalhealth.com,"Panka Natural Health - Holistic Wellness Services in Hopkins, MN",25,25,25
2024|02,/patient-portal,Access Your Patient Portal at Panka Natural Health - Stay Connected with Your Health — Panka Natural Health,18,17,13
2024|02,/pnh-online-medicinary,Shop for High-Quality Supplements at PNH Online Medicinary - Support Your Health Naturally — Panka Natural Health,19,17,14
2024|02,/prepare-for-your-visit,Prepare for Your Visit to Panka Natural Health - Get the Most Out of Your Appointment — Panka Natural Health,22,22,13
2024|02,/schedule-an-appointment,Schedule an Appointment with Panka Natural Health - Take the First Step Towards Better Health — Panka Natural Health,106,90,55
2024|02,/schedule.php?owner=27943652,Schedule Appointment with Panka Natural Health,19,11,8
2024|02,/schedule.php?owner=27943652#selected-times,Schedule Appointment with Panka Natural Health,2,2,2
2024|02,/schedule.php?owner=27943652&action=appt,Schedule Appointment with Panka Natural Health,10,7,6
2024|02,/schedule.php?owner=27943652&action=appt&admin=&ajax=&conversion=b1888e7be10539da5c49fc8352df51f7&template=#completed,Schedule Appointment with Panka Natural Health,1,1,1
2024|02,/schedule.php?owner=27943652&action=appt&admin=0&template=,Schedule Appointment with Panka Natural Health,1,1,1
2024|02,/schedule.php?owner=27943652&action=appt&admin=1,Schedule Appointment with Panka Natural Health,2,3,1
2024|02,/schedule.php?owner=27943652&action=appt&id%5B%5D=1ab52c32c2da592b47b4c0360549f1a1&apptId=1202237095&admin=&template=monthly&PHPSESSID=2u8m6du1t2ligmesfr4bhsg1c5,Schedule Appointment with Panka Natural Health,1,1,1
2024|02,/schedule.php?owner=27943652&all=1,Schedule Appointment with Panka Natural Health,3,1,1
2024|02,/schedule.php?owner=27943652&all=1#selected-times,Schedule Appointment with Panka Natural Health,1,1,1
2024|02,/schedule.php?owner=27943652&template=monthly,Schedule Appointment with Panka Natural Health,4,1,1
2024|02,/schedule.php?owner=27943652&template=monthly#selected-times,Schedule Appointment with Panka Natural Health,2,1,1
2024|02,/wellness-shop,Wellness Shop — Panka Natural Health,51,37,30
2024|02,/wellness-shop/meal-plan,Meal Plan — Wellness Shop — Panka Natural Health,1,1,1
2024|02,/wellness-shop/nail-fungus-relief,Nail Fungus Relief — Wellness Shop — Panka Natural Health,2,2,2
2024|02,/wellness-shop/p/21-day-healthy-plate-meal-plan-one-person,21-Day Healthy Plate Meal Plan — Panka Natural Health,2,1,1
2024|02,/wellness-shop/p/21-day-ketogenic-meal-plan-for-one-person,21-Day Ketogenic Meal Plan — Panka Natural Health,2,2,2
2024|02,/wellness-shop/p/21-day-ketogenic-meal-plan-for-two,21-Day Ketogenic Meal Plan for Two — Panka Natural Health,2,2,2
2024|02,/wellness-shop/p/anti-inflammatory-recipe-book,Anti-Inflammatory Recipe Book — Panka Natural Health,2,2,2
2024|02,/wellness-shop/p/dairy-free-gluten-free-recipe-book,Dairy-Free & Gluten-Free Recipe Book — Panka Natural Health,1,1,1
2024|02,/wellness-shop/p/gluten-free-recipe-book,Gluten-Free Recipe Book — Panka Natural Health,1,1,1
2024|02,/wellness-shop/p/ketogenic-recipe-book,Ketogenic Recipe Book — Panka Natural Health,1,1,1
2024|02,/wellness-shop/p/low-fodmap-recipe-book,Low-FODMAP Recipe Book — Panka Natural Health,1,1,1
2024|02,/wellness-shop/p/nail-fungus-relief,Nail Fungus Relief — Panka Natural Health,2,2,2
2024|02,/wellness-shop/p/plant-based-recipe-book,Plant-Based Recipe Book — Panka Natural Health,1,1,1
2024|02,/wellness-shop/p/smoothie-recipe-book,Smoothie Recipe Book — Panka Natural Health,1,1,1
2024|02,/wellness-shop/recipe-book,Recipe Book — Wellness Shop — Panka Natural Health,1,1,1
2024|02,/whypnh,Why Choose Panka Natural Health for Your Holistic Health Needs — Panka Natural Health,15,15,15
2024|02,/womens-health,Women's Health — Panka Natural Health,10,3,1
2024|03,(not set),(not set),,,1
2024|03,/,(not set),2,2,2
2024|03,/,"Panka Natural Health - Holistic Wellness Services in Hopkins, MN",75,75,75
2024|03,/,"Panka Natural Health - Naturopathic Doctors in Hopkins, MN",891,784,648
2024|03,/?fbclid=IwAR1jhJkpxeGpsI6ZN1OewhpYiZTJgojjoIndNOFcdfABeQ8yEGkG0s8jeng,"Panka Natural Health - Naturopathic Doctors in Hopkins, MN",1,1,1
2024|03,/blog,Stay Informed and Empowered with Panka Natural Health's Blog - Your Source for Holistic Health Information — Panka Natural Health,28,22,15
2024|03,/blog/aerobic-exercise-vs-hiit-which-is-right-for-you,Aerobic Exercise vs. HIIT: Which Is Right for You? — Panka Natural Health,1,2,1
2024|03,/blog/aerobic-exercise-vs-hiit-which-is-right-for-you,Cardio vs. HIIT: Which Is Right for You? — Panka Natural Health,18,20,13
2024|03,/blog/aerobic-exercise-vs-hiit-which-is-right-for-you?fbclid=IwAR0ESkjgHTwyDmlmvclvA-nIsXainQA4eSUh-iu_vXN5LKfc_KM7nFSx1dI,Cardio vs. HIIT: Which Is Right for You? — Panka Natural Health,1,1,1
2024|03,/blog/aerobic-exercise-vs-hiit-which-is-right-for-you?fbclid=IwAR1EAHfs_kfZKMx7mu4WmBHUMYg7kTYODPAefOrmdf8n5aB3YvBZFwGTR3w_aem_AU3qVF3j1OrQK9t2sP5TQOmnL5vvMXVogKcUzENUA17VpwF3Nh7BAnpXCEXDntVITJ8,Cardio vs. HIIT: Which Is Right for You? — Panka Natural Health,1,1,1
2024|03,/blog/breaking-the-fast-your-guide-to-a-stellar-morning-meal,Breaking the Fast: Your Guide to a Stellar Morning Meal — Panka Natural Health,5,5,5
2024|03,/blog/fiberfocus,Fiber Focus: The Top Foods and Supplements to Keep You Regular — Panka Natural Health,5,5,5
2024|03,/blog/health-alerts-for-eden-prairie-spring-water,Health Alerts for Eden Prairie Spring Water — Panka Natural Health,3,3,3
2024|03,/blog/lab-testing-looking-outside-the-reference-range,Lab Testing: Looking Outside the Reference Range — Panka Natural Health,9,9,6
2024|03,/blog/naturopathic-first-aid-kit,Naturopathic First Aid Kit — Panka Natural Health,4,4,4
2024|03,/blog/naturopathic-medicine-provides-a-holistic-approach,Naturopathic Medicine Provides a Holistic Approach to Health — Panka Natural Health,8,9,7
2024|03,/blog/personalized-fitness-tailoring-your-workouts-with-target-heart-rate,Personalized Fitness: Tailoring Your Workouts with Target Heart Rate — Panka Natural Health,5,6,4
2024|03,/blog/what-to-expect-from-a-naturopathic-doctor,What to Expect from a Naturopathic Doctor — Panka Natural Health,9,10,10
2024|03,/blog?author=58ae1665725e25cc182c1ee2,Stay Informed and Empowered with Panka Natural Health's Blog - Your Source for Holistic Health Information — Panka Natural Health,1,1,1
2024|03,/blog?author=622c0879af148530b8a4bc6c,Stay Informed and Empowered with Panka Natural Health's Blog - Your Source for Holistic Health Information — Panka Natural Health,1,1,1
2024|03,/cardiovascular-wellness-program,Transformative Heart Care: Dr. Panka's Holistic Cardio Program — Panka Natural Health,14,13,11
2024|03,/cardiovascular-wellness-program-1,Panka Natural Health,1,1,1
2024|03,/cardiovascular-wellness-program-1,Transformative Heart Care: Dr. Panka's Holistic Cardio Program — Panka Natural Health,9,3,2
2024|03,/cart,Panka Natural Health,3,3,3
2024|03,/clinical-laboratory-tests,Clinical Laboratory Tests at Panka Natural Health - Get a Comprehensive Picture of Your Health — Panka Natural Health,27,24,22
2024|03,/contact,Contact Panka Natural Health - Your Partner for Holistic Health and Wellness — Panka Natural Health,25,25,23
2024|03,/diabetes-care,Diabetes Care — Panka Natural Health,2,2,2
2024|03,/dietary-supplements,Dietary Supplements at Panka Natural Health - Enhance Your Health Naturally — Panka Natural Health,18,16,13
2024|03,/events,Events — Panka Natural Health,6,6,6
2024|03,/events/halloween-in-hopkins,Halloween in Hopkins — Panka Natural Health,1,1,1
2024|03,/events/introducing-dr-jacob-pankas-cardiovascular-wellness-program,Holistic Cardiovascular Wellness Program with Dr. Jacob Panka — Panka Natural Health,2,2,2
2024|03,/events/menstrual-cycles-tracking-for-health-and-fertility-awareness,Tracking Menstrual Cycles for Health and Fertility Awareness — Panka Natural Health,1,1,1
2024|03,/events/natural-remedies-for-cold-and-flu-season,Free Online Webinar: Natural Remedies for Cold and Flu Season — Panka Natural Health,1,1,1
2024|03,/events/what-is-naturopathic-medicine-live-qa-with-dr-jacob-panka,What is Naturopathic Medicine? - Live Q&A with Dr. Jacob Panka — Panka Natural Health,1,1,1
2024|03,/faq,Get Answers to Your Questions at Panka Natural Health's FAQ Page - Your Resource for Holistic Health Information — Panka Natural Health,34,34,30
2024|03,/holistic-diabetes-care,Holistic Diabetes Care — Panka Natural Health,35,25,10
2024|03,/holistic-diabetes-care,Transformative Heart Care: Dr. Panka's Holistic Cardio Program — Panka Natural Health,7,2,2
2024|03,/holistic-diabetes-care-1,Holistic Diabetes Care (Copy) — Panka Natural Health,1,1,1
2024|03,/home-1,Home (Copy) — Panka Natural Health,3,1,1
2024|03,/home?noredirect=true,"Panka Natural Health - Naturopathic Doctors in Hopkins, MN",2,2,1
2024|03,/iron-screening,Iron Screening — Panka Natural Health,9,4,1
2024|03,/meal-plans-and-recipe-books,Meal Plans and Recipe Books — Panka Natural Health,7,7,7
2024|03,/meet-dr-haley,"Meet Dr. Haley Panka - Naturopathic Doctor in Hopkins, MN — Panka Natural Health",90,81,61
2024|03,/meet-dr-jacob,"Meet Dr. Jacob Panka - Naturopathic Doctor in Hopkins, MN — Panka Natural Health",93,86,62
2024|03,/nail-fungus-relief,Nail Fungus Relief — Panka Natural Health,7,8,7
2024|03,/naturopathic-medicine,"Naturopathic Medicine at Panka Natural Health - A Functional, Holistic, and Integrative Approach — Panka Natural Health",78,61,54
2024|03,/our-approach,Our Approach — Panka Natural Health,4,1,1
2024|03,/pankanaturalhealth.com,"Panka Natural Health - Holistic Wellness Services in Hopkins, MN",0,1,1
2024|03,/patient-portal,Access Your Patient Portal at Panka Natural Health - Stay Connected with Your Health — Panka Natural Health,34,38,21
2024|03,/pnh-online-medicinary,Shop for High-Quality Supplements at PNH Online Medicinary - Support Your Health Naturally — Panka Natural Health,17,17,13
2024|03,/prepare-for-your-visit,Prepare for Your Visit to Panka Natural Health - Get the Most Out of Your Appointment — Panka Natural Health,20,19,13
2024|03,/schedule-an-appointment,Schedule an Appointment with Panka Natural Health - Take the First Step Towards Better Health — Panka Natural Health,130,111,83
2024|03,/schedule.php?owner=27943652,Schedule Appointment with Panka Natural Health,4,5,3
2024|03,/schedule.php?owner=27943652&action=appt,Schedule Appointment with Panka Natural Health,5,3,3
2024|03,/schedule.php?owner=27943652&action=appt&admin=&ajax=&conversion=b1888e7be10539da5c49fc8352df51f7&template=#completed,Schedule Appointment with Panka Natural Health,5,3,3
2024|03,/schedule.php?owner=27943652&action=appt&admin=0&template=,Schedule Appointment with Panka Natural Health,2,1,1
2024|03,/schedule.php?owner=27943652&action=appt&admin=1,Schedule Appointment with Panka Natural Health,2,2,1
2024|03,/wellness-shop,Wellness Shop — Panka Natural Health,28,21,19
2024|03,/wellness-shop/meal-plan,Meal Plan — Wellness Shop — Panka Natural Health,1,1,1
2024|03,/wellness-shop/nail-fungus-relief,Nail Fungus Relief — Wellness Shop — Panka Natural Health,1,1,1
2024|03,/wellness-shop/p/21-day-healthy-plate-meal-plan-for-the-family,21-Day Healthy Plate Meal Plan for the Family — Panka Natural Health,1,1,1
2024|03,/wellness-shop/p/21-day-healthy-plate-meal-plan-for-two,21-Day Healthy Plate Meal Plan for Two — Panka Natural Health,1,1,1
2024|03,/wellness-shop/p/21-day-healthy-plate-meal-plan-one-person,21-Day Healthy Plate Meal Plan — Panka Natural Health,1,1,1
2024|03,/wellness-shop/p/21-day-ketogenic-meal-plan-for-one-person,21-Day Ketogenic Meal Plan — Panka Natural Health,1,1,1
2024|03,/wellness-shop/p/21-day-ketogenic-meal-plan-for-two,21-Day Ketogenic Meal Plan for Two — Panka Natural Health,3,4,3
2024|03,/wellness-shop/p/21-day-plant-based-meal-plan-one-person,21-Day Plant-Based Meal Plan — Panka Natural Health,1,1,1
2024|03,/wellness-shop/p/anti-inflammatory-recipe-book,Anti-Inflammatory Recipe Book — Panka Natural Health,1,1,1
2024|03,/wellness-shop/p/dairy-free-gluten-free-recipe-book,Dairy-Free & Gluten-Free Recipe Book — Panka Natural Health,1,1,1
2024|03,/wellness-shop/p/dairy-free-recipe-book,Dairy-Free Recipe Book — Panka Natural Health,1,1,1
2024|03,/wellness-shop/p/gluten-free-recipe-book,Gluten-Free Recipe Book — Panka Natural Health,1,1,1
2024|03,/wellness-shop/p/ketogenic-recipe-book,Ketogenic Recipe Book — Panka Natural Health,2,2,2
2024|03,/wellness-shop/p/low-fodmap-recipe-book,Low-FODMAP Recipe Book — Panka Natural Health,2,2,2
2024|03,/wellness-shop/p/nail-fungus-relief,Nail Fungus Relief — Panka Natural Health,1,1,1
2024|03,/wellness-shop/p/plant-based-meal-plan-for-two,21-Day Plant-Based Meal Plan for Two — Panka Natural Health,2,2,2
2024|03,/wellness-shop/p/plant-based-recipe-book,Plant-Based Recipe Book — Panka Natural Health,1,1,1
2024|03,/wellness-shop/p/smoothie-recipe-book,Smoothie Recipe Book — Panka Natural Health,1,1,1
2024|03,/wellness-shop/recipe-book,Recipe Book — Wellness Shop — Panka Natural Health,1,1,1
2024|03,/whypnh,Why Choose Panka Natural Health for Your Holistic Health Needs — Panka Natural Health,19,19,19
2024|03,/womens-health,Women's Health — Panka Natural Health,2,1,1
2024|04,(not set),(not set),,,2
2024|04,/,(not set),3,3,3
2024|04,/,"Panka Natural Health - Naturopathic Doctors in Hopkins, MN",548,492,384
2024|04,/?fbclid=IwZXh0bgNhZW0CMTAAAR2rl7yWyUFb8pteLSmvZPaCZdkvpVlykJ4sbe6pvjYexv7v0HLK0D8A-MY_aem_AWJnUzCnyQ0bg5nEyakUQaXndy790aqzyyECc82-uLahJuptwS4RfUIhsj0TT6D3rgnzUYxU0Fjv-tOKBwSC7Yik,"Panka Natural Health - Naturopathic Doctors in Hopkins, MN",1,1,1
2024|04,/?fbclid=IwZXh0bgNhZW0CMTEAAR1ZoztiBwePLlwh7KQwrWomBDYpn9z697zFwXqEDqnR8dAZ5FVex-lxo0A_aem_AZdTMxO-m4Mo1xT84-uEyD0YXrxYoBBntbLLzfs_6Akv2ZNrCHLvJ67NKiESjWAXyT2zD7awF2lxuD9WP5ld_pLQ,"Panka Natural Health - Naturopathic Doctors in Hopkins, MN",1,1,1
2024|04,/blog,Stay Informed and Empowered with Panka Natural Health's Blog - Your Source for Holistic Health Information — Panka Natural Health,14,12,11
2024|04,/blog/0jbhvmoynae7k4veoah8kiaf3xacvu,— Panka Natural Health,1,2,1
2024|04,/blog/2019/4/14/what-to-expect-from-a-naturopathic-doctor,Panka Natural Health,1,1,1
2024|04,/blog/aerobic-exercise-vs-hiit-which-is-right-for-you,Cardio vs. HIIT: Which Is Right for You? — Panka Natural Health,2,2,2
2024|04,/blog/aerobic-exercise-vs-hiit-which-is-right-for-you?fbclid=IwAR3JsTFygKYqKsBRJGDchwCmWWP0JKZYqrsZyXA__egRBimziZYxo8R0pN0_aem_AXQknbHbi2V52v9_9hZMOiUwFprY0IPFlIcEfMaXNbx3YMMy0DWl2N9henmGuDxy-Jg,Cardio vs. HIIT: Which Is Right for You? — Panka Natural Health,1,1,1
2024|04,/blog/breaking-the-fast-your-guide-to-a-stellar-morning-meal,Breaking the Fast: Your Guide to a Stellar Morning Meal — Panka Natural Health,1,1,1
2024|04,/blog/health-alerts-for-eden-prairie-spring-water,Health Alerts for Eden Prairie Spring Water — Panka Natural Health,2,2,2
2024|04,/blog/lab-testing-looking-outside-the-reference-range,Lab Testing: Looking Outside the Reference Range — Panka Natural Health,1,1,1
2024|04,/blog/naturopathic-first-aid-kit,Naturopathic First Aid Kit — Panka Natural Health,1,1,1
2024|04,/blog/naturopathic-medicine-provides-a-holistic-approach,Naturopathic Medicine Provides a Holistic Approach to Health — Panka Natural Health,5,4,4
2024|04,/blog/personalized-fitness-tailoring-your-workouts-with-target-heart-rate,Personalized Fitness: Tailoring Your Workouts with Target Heart Rate — Panka Natural Health,1,1,1
2024|04,/blog/pfas-risk-in-mn-freshwater-fish,PFAS Risk in Freshwater Fish — Panka Natural Health,2,2,1
2024|04,/blog/what-to-expect-from-a-naturopathic-doctor,What to Expect from a Naturopathic Doctor — Panka Natural Health,9,8,8
2024|04,/blog/wuyrj6j6xvt9lvqp04iq52jow0l4vg,How Cholestyramine Helps Remove PFAS from Our Bodies — Panka Natural Health,2,1,1
2024|04,/cardiovascular-wellness-program,Transformative Heart Care: Dr. Panka's Holistic Cardio Program — Panka Natural Health,19,19,12
2024|04,/clinical-laboratory-tests,Clinical Laboratory Tests at Panka Natural Health - Get a Comprehensive Picture of Your Health — Panka Natural Health,15,15,14
2024|04,/contact,Contact Panka Natural Health - Your Partner for Holistic Health and Wellness — Panka Natural Health,15,14,13
2024|04,/dietary-supplements,Dietary Supplements at Panka Natural Health - Enhance Your Health Naturally — Panka Natural Health,10,11,11
2024|04,/events,Events — Panka Natural Health,3,3,3
2024|04,/faq,Get Answers to Your Questions at Panka Natural Health's FAQ Page - Your Resource for Holistic Health Information — Panka Natural Health,36,34,34
2024|04,/holistic-diabetes-care,Holistic Diabetes Care — Panka Natural Health,3,3,3
2024|04,/home,"Panka Natural Health - Naturopathic Doctors in Hopkins, MN",1,1,1
2024|04,/home?noredirect=true,"Panka Natural Health - Naturopathic Doctors in Hopkins, MN",2,2,1
2024|04,/meal-plans-and-recipe-books,Meal Plans and Recipe Books — Panka Natural Health,5,6,6
2024|04,/meet-dr-haley,"Meet Dr. Haley Panka - Naturopathic Doctor in Hopkins, MN — Panka Natural Health",64,59,57
2024|04,/meet-dr-jacob,"Meet Dr. Jacob Panka - Naturopathic Doctor in Hopkins, MN — Panka Natural Health",108,99,88
2024|04,/nail-fungus-relief,Nail Fungus Relief — Panka Natural Health,8,8,7
2024|04,/naturopathic-medicine,"Naturopathic Medicine at Panka Natural Health - A Functional, Holistic, and Integrative Approach — Panka Natural Health",50,48,35
2024|04,/patient-portal,Access Your Patient Portal at Panka Natural Health - Stay Connected with Your Health — Panka Natural Health,22,27,17
2024|04,/pnh-online-medicinary,Shop for High-Quality Supplements at PNH Online Medicinary - Support Your Health Naturally — Panka Natural Health,12,11,7
2024|04,/prepare-for-your-visit,Prepare for Your Visit to Panka Natural Health - Get the Most Out of Your Appointment — Panka Natural Health,8,7,6
2024|04,/schedule-an-appointment,Schedule an Appointment with Panka Natural Health - Take the First Step Towards Better Health — Panka Natural Health,100,88,61
2024|04,/schedule.php?owner=27943652,Schedule Appointment with Panka Natural Health,7,6,5
2024|04,/schedule.php?owner=27943652&action=appt,Schedule Appointment with Panka Natural Health,2,2,2
2024|04,/schedule.php?owner=27943652&action=appt&admin=0&template=,Schedule Appointment with Panka Natural Health,3,3,2
2024|04,/schedule.php?owner=27943652&action=appt&admin=1,Schedule Appointment with Panka Natural Health,1,1,1
2024|04,/wellness-shop,Wellness Shop — Panka Natural Health,19,20,18
2024|04,/wellness-shop/p/21-day-healthy-plate-meal-plan-for-two,21-Day Healthy Plate Meal Plan for Two — Panka Natural Health,1,1,1
2024|04,/wellness-shop/p/low-fodmap-recipe-book,Low-FODMAP Recipe Book — Panka Natural Health,1,1,1
2024|04,/wellness-shop/p/nail-fungus-relief,Nail Fungus Relief — Panka Natural Health,11,11,3
2024|04,/wellness-shop/p/smoothie-recipe-book,Smoothie Recipe Book — Panka Natural Health,1,1,1
2024|04,/whypnh,Why Choose Panka Natural Health for Your Holistic Health Needs — Panka Natural Health,4,5,5
2024|05,(not set),(not set),,,1
2024|05,/,"Panka Natural Health - Naturopathic Doctors in Hopkins, MN",491,429,331
2024|05,/?fbclid=IwY2xjawC49YZleHRuA2FlbQIxMQABHT0zAmkAEHdjD6dHg-HlwJJyPU5QZAFl4QhcQnHjN0Jn5_ZWu3CZysui8g_aem_ARqPvTg5l21Us2FgZrYWn4QRTKedR7BYEH4B6qgrDJ8wmGR7iApFu-92OiOKN2wDUYe-joocUpQqvybw6g8d44Et,"Panka Natural Health - Naturopathic Doctors in Hopkins, MN",1,2,1
2024|05,/?fbclid=IwZXh0bgNhZW0CMTAAAR2lZ6GEY5okmABaU9agRQ24QrZ4abkVpdNoQLTAoirZP1n678IXaqwgEc4_aem_AW29IIfMrZvhy_QsUGVwEXWzIVVAI98l6ZBmN-qyBJ_q6TkqYD1W1haEvQnyv_NVv_QA8vKUxLc-3lm87VNcvMdT,"Panka Natural Health - Naturopathic Doctors in Hopkins, MN",1,1,1
2024|05,/?fbclid=IwZXh0bgNhZW0CMTAAAR3NzPsl_iSI_bAHUCt_0_LdX8PY0dUEcmoLE4KPw9oj2-JikY1ZqROzB5Q_aem_Ad87fa9LM39lv-n3r_R7kcIOPo_aByf0GHvUnd5VMHVo3djIt-6tNemaJ5hxVZI5UEA9jyPqTFR252aH9LMZQjnk,"Panka Natural Health - Naturopathic Doctors in Hopkins, MN",1,1,1
2024|05,/?fbclid=IwZXh0bgNhZW0CMTEAAR2N9_FBdESBvOAWdB5auTQNuCkGbIcyw0mMlELBLrf3iFcHdhL4goDeZFw_aem_AT8MhKpA-fxyNjjwGGkGwDdGipPClVRW9b0WPSzbYuczEUeWF7O9Y2JOB0gdhY3VKWAXfATEoPjTMRToJjXWFRL6,"Panka Natural Health - Naturopathic Doctors in Hopkins, MN",1,1,1
2024|05,/?fbclid=IwZXh0bgNhZW0CMTEAAR3Ej_dTSmLXiEMKNPkyxn98_afeGUGwKiOg9vWJdp6sC6nJV2_4D1qT5K4_aem_AU0MEMz2WTqop3OxYN8oqVxhsIBt5f6EZJ1tKa_NflGs6fDdQqPCI89RAaTUkq8JpFQUXVnVSIGGafTEjfUm1yOg,"Panka Natural Health - Naturopathic Doctors in Hopkins, MN",1,1,1
2024|05,/blog,Stay Informed and Empowered with Panka Natural Health's Blog - Your Source for Holistic Health Information — Panka Natural Health,21,18,11
2024|05,/blog/2vd0qzlt9uyv3pncaqhal3qdwkjz2j,— Panka Natural Health,1,1,1
2024|05,/blog/a-food-guide-of-the-essential-minerals-of-health,A Food Guide of the Essential Minerals of Health — Panka Natural Health,1,1,1
2024|05,/blog/aerobic-exercise-vs-hiit-which-is-right-for-you,Cardio vs. HIIT: Which Is Right for You? — Panka Natural Health,2,2,1
2024|05,/blog/dvnignca81i5aegjz3zpyw19toizmz,— Panka Natural Health,1,1,1
2024|05,/blog/fthmrxarq79rmchhua2cvpxcbwh96u,— Panka Natural Health,3,4,1
2024|05,/blog/health-alerts-for-eden-prairie-spring-water,Health Alerts for Eden Prairie Spring Water — Panka Natural Health,4,4,3
2024|05,/blog/jr340uy2s85cl5m0qyqx0ye9qgxp58,— Panka Natural Health,1,2,1
2024|05,/blog/naturopathic-first-aid-kit,Naturopathic First Aid Kit — Panka Natural Health,2,2,2
2024|05,/blog/naturopathic-medicine-a-critical-component-of-functional-healthcare,Naturopathic Medicine: A Critical Component of Functional Healthcare — Panka Natural Health,6,2,1
2024|05,/blog/naturopathic-medicine-provides-a-holistic-approach,Naturopathic Medicine Provides a Holistic Approach to Health — Panka Natural Health,2,2,2
2024|05,/blog/pfas-risk-in-mn-freshwater-fish,PFAS Risk in Freshwater Fish — Panka Natural Health,1,1,1
2024|05,/blog/pfas-risk-in-mn-freshwater-fish,The Hidden Risks of Eating Locally Caught Fish: Understanding PFAS Contamination — Panka Natural Health,19,17,10
2024|05,/blog/szwd80ybxmo3u5u8r29lkti5j0j6oj,— Panka Natural Health,1,1,1
2024|05,/blog/the-amazing-health-benefits-of-regular-sauna-use,The Remarkable Health Benefits of Regular Sauna Use — Panka Natural Health,1,1,1
2024|05,/blog/the-role-and-potential-of-naturopathic-doctors-in-minnesotas-healthcare-system,The Role and Potential of Naturopathic Doctors in Minnesota's Healthcare System — Panka Natural Health,4,2,2
2024|05,/blog/the-synergy-of-functional-and-naturopathic-medicine-a-holistic-approach-to-health-in-minnesota,The Synergy of Functional and Naturopathic Medicine: A Holistic Approach to Health in Minnesota — Panka Natural Health,4,3,2
2024|05,/blog/what-to-expect-from-a-naturopathic-doctor,What to Expect from a Naturopathic Doctor — Panka Natural Health,4,4,4
2024|05,/blog/why-naturopathic-medicine-is-essential-for-todays-health-care,Why Naturopathic Medicine is Essential for Today's Health Care — Panka Natural Health,4,1,1
2024|05,/blog/wuyrj6j6xvt9lvqp04iq52jow0l4vg,How Cholestyramine Helps Remove PFAS from Our Bodies — Panka Natural Health,0,1,1
2024|05,/blog/wuyrj6j6xvt9lvqp04iq52jow0l4vg,Navigating PFAS Risks in Minnesota: Understanding and Managing Exposure — Panka Natural Health,4,1,1
2024|05,/blog/x07cx7wownl6ezfgb4aar6s9jpevw1,— Panka Natural Health,1,2,1
2024|05,/cardiovascular-wellness-program,Transformative Heart Care: Dr. Panka's Holistic Cardio Program — Panka Natural Health,7,6,6
2024|05,/cart,Panka Natural Health,4,4,4
2024|05,/clinical-laboratory-tests,Clinical Laboratory Tests at Panka Natural Health - Get a Comprehensive Picture of Your Health — Panka Natural Health,23,24,17
2024|05,/commerce/orders/615538bb-4586-4b48-ad30-d6a6c8021557,Panka Natural Health: Order Status,1,1,1
2024|05,/contact,Contact Panka Natural Health - Your Partner for Holistic Health and Wellness — Panka Natural Health,29,26,24
2024|05,/dietary-supplements,Dietary Supplements at Panka Natural Health - Enhance Your Health Naturally — Panka Natural Health,5,5,5
2024|05,/events,Events — Panka Natural Health,8,6,5
2024|05,/events/what-is-naturopathic-medicine-live-qa-with-dr-jacob-panka,What is Naturopathic Medicine? - Live Q&A with Dr. Jacob Panka — Panka Natural Health,3,3,1
2024|05,/faq,Get Answers to Your Questions at Panka Natural Health's FAQ Page - Your Resource for Holistic Health Information — Panka Natural Health,31,26,22
2024|05,/holistic-diabetes-care,Holistic Diabetes Care — Panka Natural Health,2,1,1
2024|05,/home?noredirect=true,"Panka Natural Health - Naturopathic Doctors in Hopkins, MN",1,1,1
2024|05,/iron-screening,Iron Screening — Panka Natural Health,1,1,1
2024|05,/meal-plans-and-recipe-books,Meal Plans and Recipe Books — Panka Natural Health,9,8,8
2024|05,/meet-dr-haley,"Meet Dr. Haley Panka - Naturopathic Doctor in Hopkins, MN — Panka Natural Health",52,48,41
2024|05,/meet-dr-jacob,"Meet Dr. Jacob Panka - Naturopathic Doctor in Hopkins, MN — Panka Natural Health",35,31,27
2024|05,/nail-fungus-relief,Nail Fungus Relief — Panka Natural Health,9,9,6
2024|05,/naturopathic-medicine,"Naturopathic Medicine at Panka Natural Health - A Functional, Holistic, and Integrative Approach — Panka Natural Health",32,29,25
2024|05,/patient-portal,Access Your Patient Portal at Panka Natural Health - Stay Connected with Your Health — Panka Natural Health,12,16,8
2024|05,/payment-portal,Panka Natural Health,1,1,1
2024|05,/pnh-online-medicinary,Shop for High-Quality Supplements at PNH Online Medicinary - Support Your Health Naturally — Panka Natural Health,10,10,10
2024|05,/prepare-for-your-visit,Prepare for Your Visit to Panka Natural Health - Get the Most Out of Your Appointment — Panka Natural Health,21,19,13
2024|05,/schedule-an-appointment,Schedule an Appointment with Panka Natural Health - Take the First Step Towards Better Health — Panka Natural Health,80,67,49
2024|05,/schedule.php?owner=27943652,Schedule Appointment with Panka Natural Health,4,2,2
2024|05,/schedule.php?owner=27943652&action=appt,Schedule Appointment with Panka Natural Health,4,2,2
2024|05,/schedule.php?owner=27943652&action=appt&ref=email,Schedule Appointment with Panka Natural Health,2,2,2
2024|05,/schedule.php?owner=27943652&ref=sched_block,Schedule Appointment with Panka Natural Health,8,5,3
2024|05,/schedule.php?owner=27943652&uniqueKey=381743e56d3d163a66105f994982fa40,Schedule Appointment with Panka Natural Health,1,1,1
2024|05,/wellness-shop,Wellness Shop — Panka Natural Health,51,28,26
2024|05,/wellness-shop/meal-plan,Meal Plan — Wellness Shop — Panka Natural Health,1,1,1
2024|05,/wellness-shop/nail-fungus-relief,Nail Fungus Relief — Wellness Shop — Panka Natural Health,4,3,3
2024|05,/wellness-shop/p/21-day-ketogenic-meal-plan-for-one-person,21-Day Ketogenic Meal Plan — Panka Natural Health,1,1,1
2024|05,/wellness-shop/p/anti-inflammatory-recipe-book,Anti-Inflammatory Recipe Book — Panka Natural Health,3,3,3
2024|05,/wellness-shop/p/dairy-free-gluten-free-recipe-book,Dairy-Free & Gluten-Free Recipe Book — Panka Natural Health,1,1,1
2024|05,/wellness-shop/p/ketogenic-recipe-book,Ketogenic Recipe Book — Panka Natural Health,1,1,1
2024|05,/wellness-shop/p/nail-fungus-relief,Nail Fungus Relief — Panka Natural Health,3,2,1
2024|05,/wellness-shop/p/plant-based-meal-plan-for-two,21-Day Plant-Based Meal Plan for Two — Panka Natural Health,1,1,1
2024|05,/wellness-shop/p/smoothie-recipe-book,Smoothie Recipe Book — Panka Natural Health,1,1,1
2024|05,/wellness-shop/recipe-book,Recipe Book — Wellness Shop — Panka Natural Health,1,1,1
2024|05,/whypnh,Why Choose Panka Natural Health for Your Holistic Health Needs — Panka Natural Health,12,13,11
2024|06,(not set),(not set),,,1
2024|06,/,"Panka Natural Health - Médicos naturópatas en Hopkins, MN",0,1,1
2024|06,/,"Panka Natural Health - Naturopathic Doctors in Hopkins, MN",675,560,433
2024|06,/?fbclid=IwAR36HpteOMWA4C5LMHyq44BXMo1HU41MXq8t0w2YI1QHryZVTs0j6pAv9hI,"Panka Natural Health - Naturopathic Doctors in Hopkins, MN",2,1,1
2024|06,/blog,Stay Informed and Empowered with Panka Natural Health's Blog - Your Source for Holistic Health Information — Panka Natural Health,26,22,12
2024|06,/blog/a-food-guide-of-the-essential-minerals-of-health,A Food Guide of the Essential Minerals of Health — Panka Natural Health,1,1,1
2024|06,/blog/breaking-the-fast-your-guide-to-a-stellar-morning-meal,Breaking the Fast: Your Guide to a Stellar Morning Meal — Panka Natural Health,1,2,1
2024|06,/blog/cavedv3xvbwrydq7pf9id6j7dxx5di,— Panka Natural Health,1,1,1
2024|06,/blog/fiberfocus,Fiber Focus: The Top Foods and Supplements to Keep You Regular — Panka Natural Health,2,2,2
2024|06,/blog/health-alerts-for-eden-prairie-spring-water,Health Alerts for Eden Prairie Spring Water — Panka Natural Health,3,3,3
2024|06,/blog/lab-testing-looking-outside-the-reference-range,Lab Testing: Looking Outside the Reference Range — Panka Natural Health,2,3,2
2024|06,/blog/naturopathic-first-aid-kit,Naturopathic First Aid Kit — Panka Natural Health,1,1,1
2024|06,/blog/naturopathic-medicine-provides-a-holistic-approach,Naturopathic Medicine Provides a Holistic Approach to Health — Panka Natural Health,2,2,2
2024|06,/blog/pfas-risk-in-mn-freshwater-fish,The Hidden Risks of Eating Locally Caught Fish: Understanding PFAS Contamination — Panka Natural Health,1,1,1
2024|06,/blog/sunburn-protection-with-lycopene-rich-foods,Sunburn Protection with Lycopene-Rich Foods — Panka Natural Health,19,19,10
2024|06,/blog/sunburn-protection-with-lycopene-rich-foods?fbclid=IwZXh0bgNhZW0CMTEAAR2Vk72wf7qJ5hD26lCWaeWV07vSujrkJS8Vdl8HdPcES1BIlTXxlZAv1Zk_aem_AdO4QlHQDcXz1wIkyCgEpVeVyII8Pnv47CiyKyX4CD6F8z48NpRNPxr9VK6bFeOtJfU0OKMuoE8LlnzFPH7mXO0g,Sunburn Protection with Lycopene-Rich Foods — Panka Natural Health,1,1,1
2024|06,/blog/the-role-and-potential-of-naturopathic-doctors-in-minnesotas-healthcare-system,The Role and Potential of Naturopathic Doctors in Minnesota's Healthcare System — Panka Natural Health,1,1,1
2024|06,/blog/the-synergy-of-functional-and-naturopathic-medicine-a-holistic-approach-to-health-in-minnesota,The Synergy of Functional and Naturopathic Medicine: A Holistic Approach to Health in Minnesota — Panka Natural Health,2,2,1
2024|06,/blog/what-to-expect-from-a-naturopathic-doctor,What to Expect from a Naturopathic Doctor — Panka Natural Health,12,11,11
2024|06,/blog/why-naturopathic-medicine-is-essential-for-todays-health-care,Why Naturopathic Medicine is Essential for Today's Health Care — Panka Natural Health,1,1,1
2024|06,/cardiovascular-wellness-program,Transformative Heart Care: Dr. Panka's Holistic Cardio Program — Panka Natural Health,15,14,9
2024|06,/cart,Panka Natural Health,6,5,4
2024|06,/checkout?cartToken=WOjVLhuDGLnGj3OgxeswKSZGwYhl9C8QQDCagq2b,Panka Natural Health | Secure Checkout,1,1,1
2024|06,/clinical-laboratory-tests,Clinical Laboratory Tests at Panka Natural Health - Get a Comprehensive Picture of Your Health — Panka Natural Health,22,18,15
2024|06,/contact,Contact Panka Natural Health - Your Partner for Holistic Health and Wellness — Panka Natural Health,23,21,18
2024|06,/dietary-supplements,Dietary Supplements at Panka Natural Health - Enhance Your Health Naturally — Panka Natural Health,10,10,8
2024|06,/events,Events — Panka Natural Health,12,8,4
2024|06,/events/8tsn3jl7i7yv7mc2tpg4gew7y2bcrf,%i — Panka Natural Health,2,1,1
2024|06,/faq,Get Answers to Your Questions at Panka Natural Health's FAQ Page - Your Resource for Holistic Health Information — Panka Natural Health,32,29,24
2024|06,/holistic-diabetes-care,Holistic Diabetes Care — Panka Natural Health,7,5,4
2024|06,/home?noredirect=true,"Panka Natural Health - Naturopathic Doctors in Hopkins, MN",1,1,1
2024|06,/iron-screening,Comprehensive Iron Blood Testing – Check Iron Levels for Health | Panka Natural Health — Panka Natural Health,10,4,2
2024|06,/iron-screening,Iron Screening — Panka Natural Health,2,4,1
2024|06,/iron-screening,Panka Natural Health,2,1,1
2024|06,/meal-plans-and-recipe-books,Meal Plans and Recipe Books — Panka Natural Health,4,4,4
2024|06,/meet-dr-haley,"Meet Dr. Haley Panka - Naturopathic Doctor in Hopkins, MN — Panka Natural Health",74,60,55
2024|06,/meet-dr-jacob,"Meet Dr. Jacob Panka - Naturopathic Doctor in Hopkins, MN — Panka Natural Health",34,34,30
2024|06,/nail-fungus-relief,Nail Fungus Relief — Panka Natural Health,11,12,9
2024|06,/naturopathic-medicine,"Naturopathic Medicine at Panka Natural Health - A Functional, Holistic, and Integrative Approach — Panka Natural Health",45,37,29
2024|06,/patient-portal,Access Your Patient Portal at Panka Natural Health - Stay Connected with Your Health — Panka Natural Health,17,18,9
2024|06,/pnh-online-medicinary,Shop for High-Quality Supplements at PNH Online Medicinary - Support Your Health Naturally — Panka Natural Health,10,11,9
2024|06,/prepare-for-your-visit,Prepare for Your Visit to Panka Natural Health - Get the Most Out of Your Appointment — Panka Natural Health,5,5,5
2024|06,/schedule-an-appointment,Schedule an Appointment with Panka Natural Health - Take the First Step Towards Better Health — Panka Natural Health,82,67,42
2024|06,/schedule.php?owner=27943652,Schedule Appointment with Panka Natural Health,3,3,2
2024|06,/schedule.php?owner=27943652&action=appt&admin=&ajax=&conversion=b1888e7be10539da5c49fc8352df51f7&template=#completed,Schedule Appointment with Panka Natural Health,2,2,2
2024|06,/schedule.php?owner=27943652&action=appt&id%5B%5D=4f3351316e818db10c1f22c96a9f194f&apptId=1280701989&admin=&template=monthly&PHPSESSID=jbi3abm411m9ak97fedlk15e1h,Schedule Appointment with Panka Natural Health,1,1,1
2024|06,/schedule.php?owner=27943652&action=appt&ref=email,Schedule Appointment with Panka Natural Health,3,3,3
2024|06,/schedule.php?owner=27943652&ref=sched_block,Schedule Appointment with Panka Natural Health,3,3,2
2024|06,/wellness-shop,Wellness Shop — Panka Natural Health,46,32,22
2024|06,/wellness-shop/meal-plan,Meal Plan — Wellness Shop — Panka Natural Health,1,1,1
2024|06,/wellness-shop/nail-fungus-relief,Nail Fungus Relief — Wellness Shop — Panka Natural Health,1,1,1
2024|06,/wellness-shop/p/21-day-healthy-plate-meal-plan-for-the-family,21-Day Healthy Plate Meal Plan for the Family — Panka Natural Health,3,2,2
2024|06,/wellness-shop/p/21-day-ketogenic-meal-plan-for-two,21-Day Ketogenic Meal Plan for Two — Panka Natural Health,2,2,1
2024|06,/wellness-shop/p/anti-inflammatory-recipe-book,Anti-Inflammatory Recipe Book — Panka Natural Health,1,1,1
2024|06,/wellness-shop/p/comprehensive-iron-blood-test,Comprehensive Iron Blood Test – Accurate Iron Level Screening for Health | Panka Natural Health — Panka Natural Health,1,1,1
2024|06,/wellness-shop/p/gluten-free-recipe-book,Gluten-Free Recipe Book — Panka Natural Health,1,1,1
2024|06,/wellness-shop/p/low-fodmap-recipe-book,Low-FODMAP Recipe Book — Panka Natural Health,3,3,3
2024|06,/wellness-shop/p/nail-fungus-relief,Nail Fungus Relief — Panka Natural Health,4,4,2
2024|06,/wellness-shop/recipe-book,Recipe Book — Wellness Shop — Panka Natural Health,3,2,1
2024|06,/whypnh,Why Choose Panka Natural Health for Your Holistic Health Needs — Panka Natural Health,20,20,17
2024|06,/womens-health,Panka Natural Health,1,1,1
2024|07,(not set),(not set),,,1
2024|07,/,"Panka Natural Health - Naturopathic Doctors in Hopkins, MN",414,375,287
2024|07,/blog,Stay Informed and Empowered with Panka Natural Health's Blog - Your Source for Holistic Health Information — Panka Natural Health,18,11,7
2024|07,/blog/a-food-guide-of-the-essential-minerals-of-health,A Food Guide of the Essential Minerals for Health — Panka Natural Health,3,3,1
2024|07,/blog/a-food-guide-of-the-essential-minerals-of-health,A Food Guide of the Essential Minerals of Health — Panka Natural Health,7,4,1
2024|07,/blog/health-alerts-for-eden-prairie-spring-water,Health Alerts for Eden Prairie Spring Water — Panka Natural Health,1,1,1
2024|07,/blog/lab-testing-looking-outside-the-reference-range,Lab Testing: Looking Outside the Reference Range — Panka Natural Health,1,1,1
2024|07,/blog/naturopathic-first-aid-kit,Naturopathic First Aid Kit — Panka Natural Health,1,1,1
2024|07,/blog/naturopathic-medicine-provides-a-holistic-approach,Naturopathic Medicine Provides a Holistic Approach to Health — Panka Natural Health,1,1,1
2024|07,/blog/what-to-expect-from-a-naturopathic-doctor,What to Expect from a Naturopathic Doctor — Panka Natural Health,6,6,6
2024|07,/cardiovascular-wellness-program,Transformative Heart Care: Dr. Panka's Holistic Cardio Program — Panka Natural Health,6,8,6
2024|07,/cart,Panka Natural Health,3,2,2
2024|07,/checkout?cartToken=ii6WaBLYoWnRig8b-XFtX4zK5UIisUjIPOjN8uC9,Panka Natural Health | Secure Checkout,2,1,1
2024|07,/clinical-laboratory-tests,Clinical Laboratory Tests at Panka Natural Health - Get a Comprehensive Picture of Your Health — Panka Natural Health,22,21,19
2024|07,/commerce/orders/237c7a29-1a97-4f6f-9724-02fa496df0c8,Panka Natural Health: Order Status,1,1,1
2024|07,/contact,Contact Panka Natural Health - Your Partner for Holistic Health and Wellness — Panka Natural Health,20,20,17
2024|07,/dietary-supplements,Dietary Supplements at Panka Natural Health - Enhance Your Health Naturally — Panka Natural Health,8,8,8
2024|07,/faq,Get Answers to Your Questions at Panka Natural Health's FAQ Page - Your Resource for Holistic Health Information — Panka Natural Health,22,20,18
2024|07,/holistic-diabetes-care,Holistic Diabetes Care — Panka Natural Health,7,6,6
2024|07,/iron-blood-testing,Comprehensive Iron Blood Testing – Check Iron Levels for Health | Panka Natural Health — Panka Natural Health,17,10,3
2024|07,/iron-screening,Comprehensive Iron Blood Testing – Check Iron Levels for Health | Panka Natural Health — Panka Natural Health,1,1,1
2024|07,/meal-plans-and-recipe-books,Meal Plans and Recipe Books — Panka Natural Health,2,1,1
2024|07,/meet-dr-haley,"Meet Dr. Haley Panka - Naturopathic Doctor in Hopkins, MN — Panka Natural Health",51,50,42
2024|07,/meet-dr-jacob,"Meet Dr. Jacob Panka - Naturopathic Doctor in Hopkins, MN — Panka Natural Health",29,29,26
2024|07,/nail-fungus-relief,Nail Fungus Relief — Panka Natural Health,1,1,1
2024|07,/naturopathic-medicine,"Naturopathic Medicine at Panka Natural Health - A Functional, Holistic, and Integrative Approach — Panka Natural Health",22,23,20
2024|07,/oauth2/squarespace/loader,Panka Natural Health,1,1,1
2024|07,/patient-portal,Access Your Patient Portal at Panka Natural Health - Stay Connected with Your Health — Panka Natural Health,14,16,7
2024|07,/pnh-online-medicinary,Shop for High-Quality Supplements at PNH Online Medicinary - Support Your Health Naturally — Panka Natural Health,8,9,8
2024|07,/prepare-for-your-visit,Prepare for Your Visit to Panka Natural Health - Get the Most Out of Your Appointment — Panka Natural Health,5,4,4
2024|07,/schedule-an-appointment,Schedule an Appointment with Panka Natural Health - Take the First Step Towards Better Health — Panka Natural Health,75,75,47
2024|07,/schedule.php?owner=27943652&action=appt&admin=&ajax=&conversion=b1888e7be10539da5c49fc8352df51f7&template=#completed,Schedule Appointment with Panka Natural Health,3,3,2
2024|07,/schedule.php?owner=27943652&ref=sched_block,Schedule Appointment with Panka Natural Health,12,11,5
2024|07,/wellness-shop,Wellness Shop — Panka Natural Health,14,15,14
2024|07,/wellness-shop/p/anti-inflammatory-recipe-book,Anti-Inflammatory Recipe Book — Panka Natural Health,1,1,1
2024|07,/wellness-shop/p/nail-fungus-relief,Nail Fungus Relief — Panka Natural Health,2,2,2
2024|07,/whypnh,Why Choose Panka Natural Health for Your Holistic Health Needs — Panka Natural Health,15,12,12
2024|08,(not set),(not set),,,1
2024|08,/,"Panka Natural Health - Naturopathic Doctors in Hopkins, MN",267,214,135
2024|08,/?fbclid=IwZXh0bgNhZW0CMTEAAR0yqZbAlNrOSPV2zWg5j41MtG89r616J4AFygL5zhRfYauxKsXVVO_l2us_aem_DHrhCq3oXhnYjpejYMaFkA,"Panka Natural Health - Naturopathic Doctors in Hopkins, MN",1,1,1
2024|08,/blog,Stay Informed and Empowered with Panka Natural Health's Blog - Your Source for Holistic Health Information — Panka Natural Health,15,14,13
2024|08,/blog/a-food-guide-of-the-essential-minerals-of-health,A Food Guide of the Essential Minerals for Health — Panka Natural Health,1,1,1
2024|08,/blog/health-alerts-for-eden-prairie-spring-water,Health Alerts for Eden Prairie Spring Water — Panka Natural Health,5,3,3
2024|08,/blog/lab-testing-looking-outside-the-reference-range,Lab Testing: Looking Outside the Reference Range — Panka Natural Health,1,1,1
2024|08,/blog/naturopathic-medicine-provides-a-holistic-approach,Naturopathic Medicine Provides a Holistic Approach to Health — Panka Natural Health,2,2,2
2024|08,/blog/sunburn-protection-with-lycopene-rich-foods,Sunburn Protection with Lycopene-Rich Foods — Panka Natural Health,1,1,1
2024|08,/blog/the-role-and-potential-of-naturopathic-doctors-in-minnesotas-healthcare-system,The Role and Potential of Naturopathic Doctors in Minnesota's Healthcare System — Panka Natural Health,3,1,1
2024|08,/blog/the-synergy-of-functional-and-naturopathic-medicine-a-holistic-approach-to-health-in-minnesota,The Similarities of Functional & Naturopathic Medicine — Panka Natural Health,9,6,2
2024|08,/blog/the-synergy-of-functional-and-naturopathic-medicine-a-holistic-approach-to-health-in-minnesota?fbclid=IwY2xjawEaWxZleHRuA2FlbQIxMQABHZQgQE5PR1l1ZVkPSR3kji8XanRJQZX5AD14BFD6BmW_c0XelyTDuwRcVw_aem_bbM5WWHwW_W11oYaxW_4HA,The Similarities of Functional & Naturopathic Medicine — Panka Natural Health,1,2,1
2024|08,/blog/the-synergy-of-functional-and-naturopathic-medicine-a-holistic-approach-to-health-in-minnesota?fbclid=IwY2xjawEfkAtleHRuA2FlbQIxMQABHQIHGClQjcVwp_EEfjPfgXbYahtPKQNqqoPpLsqcJdI9PRu39OGHgRMvjQ_aem_9-9yCeloT2Azs_olwWb3CQ,The Similarities of Functional & Naturopathic Medicine — Panka Natural Health,1,1,1
2024|08,/blog/the-synergy-of-functional-and-naturopathic-medicine-a-holistic-approach-to-health-in-minnesota?fbclid=IwZXh0bgNhZW0CMTEAAR0L5o5bIWtU9kOAXh76l37xDvcTG4drMJtSvzQ6YutQiKofRcJnckiRF3A_aem_UjXtzRZRw0W9hjgytWR05w,The Similarities of Functional & Naturopathic Medicine — Panka Natural Health,1,1,1
2024|08,/blog/the-synergy-of-functional-and-naturopathic-medicine-a-holistic-approach-to-health-in-minnesota?fbclid=IwZXh0bgNhZW0CMTEAAR3oPqNR0GbJt8EwfreBk7UmVy9R6IKECdjzPE60wAeBsoUqSOU4zJCQMaA_aem_7AaV1H2_TjadvEBmk6w0Xw,The Similarities of Functional & Naturopathic Medicine — Panka Natural Health,1,1,1
2024|08,/blog/what-to-expect-from-a-naturopathic-doctor,What to Expect from a Naturopathic Doctor — Panka Natural Health,10,7,7
2024|08,/cardiovascular-wellness-program,Transformative Heart Care: Dr. Panka's Holistic Cardio Program — Panka Natural Health,2,2,2
2024|08,/cart,Panka Natural Health,2,2,2
2024|08,/clinical-laboratory-tests,Clinical Laboratory Tests at Panka Natural Health - Get a Comprehensive Picture of Your Health — Panka Natural Health,10,11,9
2024|08,/contact,Contact Panka Natural Health - Your Partner for Holistic Health and Wellness — Panka Natural Health,24,17,16
2024|08,/dietary-supplements,Dietary Supplements at Panka Natural Health - Enhance Your Health Naturally — Panka Natural Health,3,4,3
2024|08,/events,Events — Panka Natural Health,23,18,9
2024|08,/events/9f92t7q5u47u576bn1h6wryst3tsrk,%i — Panka Natural Health,1,1,1
2024|08,/events/essential-tips-for-supporting-your-childs-immune-function-this-cold-and-flu-season,Essential Tips for Supporting Your Child's Immune Function This Cold and Flu Season with Live Q&A — Panka Natural Health,24,16,6
2024|08,/faq,Get Answers to Your Questions at Panka Natural Health's FAQ Page - Your Resource for Holistic Health Information — Panka Natural Health,12,12,11
2024|08,/holistic-diabetes-care,Holistic Diabetes Care — Panka Natural Health,2,2,2
2024|08,/iron-blood-testing,Comprehensive Iron Blood Testing – Check Iron Levels for Health | Panka Natural Health — Panka Natural Health,6,6,5
2024|08,/meal-plans-and-recipe-books,Meal Plans and Recipe Books — Panka Natural Health,5,4,3
2024|08,/meet-dr-haley,"Meet Dr. Haley Panka - Naturopathic Doctor in Hopkins, MN — Panka Natural Health",41,34,31
2024|08,/meet-dr-jacob,"Meet Dr. Jacob Panka - Naturopathic Doctor in Hopkins, MN — Panka Natural Health",29,26,22
2024|08,/nail-fungus-relief,Nail Fungus Relief — Panka Natural Health,1,1,1
2024|08,/naturopathic-medicine,"Naturopathic Medicine at Panka Natural Health - A Functional, Holistic, and Integrative Approach — Panka Natural Health",28,23,21
2024|08,/oauth2/squarespace/loader,Panka Natural Health,1,1,1
2024|08,/patient-portal,Access Your Patient Portal at Panka Natural Health - Stay Connected with Your Health — Panka Natural Health,10,9,9
2024|08,/pnh-online-medicinary,Shop for High-Quality Supplements at PNH Online Medicinary - Support Your Health Naturally — Panka Natural Health,3,4,2
2024|08,/prepare-for-your-visit,Prepare for Your Visit to Panka Natural Health - Get the Most Out of Your Appointment — Panka Natural Health,6,5,5
2024|08,/schedule-an-appointment,Schedule an Appointment with Panka Natural Health - Take the First Step Towards Better Health — Panka Natural Health,65,49,30
2024|08,/schedule.php?owner=27943652&action=appt&admin=&ajax=&conversion=b1888e7be10539da5c49fc8352df51f7&template=#completed,Schedule Appointment with Panka Natural Health,2,3,2
2024|08,/schedule.php?owner=27943652&action=appt&ref=email,Schedule Appointment with Panka Natural Health,1,1,1
2024|08,/schedule.php?owner=27943652&ref=sched_block,Schedule Appointment with Panka Natural Health,4,3,1
2024|08,/wellness-shop,Wellness Shop — Panka Natural Health,19,16,11
2024|08,/wellness-shop/meal-plan,Meal Plan — Wellness Shop — Panka Natural Health,2,2,2
2024|08,/wellness-shop/p/21-day-healthy-plate-meal-plan-for-the-family,21-Day Healthy Plate Meal Plan for the Family — Panka Natural Health,1,1,1
2024|08,/wellness-shop/p/21-day-healthy-plate-meal-plan-one-person,21-Day Healthy Plate Meal Plan — Panka Natural Health,1,2,1
2024|08,/wellness-shop/p/21-day-ketogenic-meal-plan-for-one-person,21-Day Ketogenic Meal Plan — Panka Natural Health,1,1,1
2024|08,/wellness-shop/p/anti-inflammatory-recipe-book,Anti-Inflammatory Recipe Book — Panka Natural Health,1,1,1
2024|08,/wellness-shop/p/nail-fungus-relief,Nail Fungus Relief — Panka Natural Health,1,1,1
2024|08,/whypnh,Why Choose Panka Natural Health for Your Holistic Health Needs — Panka Natural Health,8,6,5
2024|09,(not set),(not set),,,1
2024|09,/,"Panka Natural Health - Naturopathic Doctors in Hopkins, MN",564,515,419
2024|09,/?fbclid=IwY2xjawFah3dleHRuA2FlbQIxMQABHYF71gPKLaB2NmcHUY1goaCFOeBjuIghhofhjojOf8Qj42r0_75Ak26dJQ_aem_8X80iVxQlQj7a3t3YiIy8Q,"Panka Natural Health - Naturopathic Doctors in Hopkins, MN",1,1,1
2024|09,/?fbclid=IwY2xjawFah41leHRuA2FlbQIxMQABHYF71gPKLaB2NmcHUY1goaCFOeBjuIghhofhjojOf8Qj42r0_75Ak26dJQ_aem_8X80iVxQlQj7a3t3YiIy8Q,"Panka Natural Health - Naturopathic Doctors in Hopkins, MN",1,1,1
2024|09,/?fbclid=IwY2xjawFaimNleHRuA2FlbQIxMAABHQeYklwzUmrkRy-NwP4XhQQu3qDCZYcG3DnalZXq-Ndgz0TYN5vUgCevLQ_aem_gKe8u9jyWweLmIFSZU9pYg,"Panka Natural Health - Naturopathic Doctors in Hopkins, MN",1,1,1
2024|09,/?fbclid=IwY2xjawFajX9leHRuA2FlbQIxMQABHeupg3v3c6TnpnkC5US_6--icrrFNIeHmwhg05DZ5Pwv5W6HeYXowVrxaw_aem_KJf73ahcyVA7x2o-iDq2ig,"Panka Natural Health - Naturopathic Doctors in Hopkins, MN",1,1,1
2024|09,/?fbclid=IwY2xjawFakH5leHRuA2FlbQIxMQABHR8g0nncsRbvwMYdZP8lPXZGSS4qSl0DfpdAParH9WFOKhz-AjRdli_Chw_aem_miQBL5ULmSAKJWZ6FiNxDg,"Panka Natural Health - Naturopathic Doctors in Hopkins, MN",2,1,1
2024|09,/?fbclid=IwY2xjawFakf1leHRuA2FlbQIxMQABHU-ESTV-NLg8n6U0pVURg0CDPFW0gk7y3ryuGNjV9kmW6QddHnh_FEytLA_aem_oR_cW6DM12jXUgcafIgfug,"Panka Natural Health - Naturopathic Doctors in Hopkins, MN",1,1,1
2024|09,/?fbclid=IwY2xjawFapc9leHRuA2FlbQIxMQABHSJOZ3RfORGZ0lXElzVfWkxBRYa-C9Z7-UQM06aGHgFPkTVcN67RnQjtOw_aem_4Kl_SEoIVcBt2ku0Trb6tg,"Panka Natural Health - Naturopathic Doctors in Hopkins, MN",1,1,1
2024|09,/?fbclid=IwY2xjawFapkRleHRuA2FlbQIxMQABHbxK4nZyzDEqQ9BGRbi0lSHH3rXgAEEiyQVC2PMq-R1fTKGAOMTwBeayhA_aem_drukhHbcoUKPUY5DLlcYqg,"Panka Natural Health - Naturopathic Doctors in Hopkins, MN",1,1,1
2024|09,/?fbclid=IwY2xjawFbauJleHRuA2FlbQIxMQABHYmWTqS9j5W3MFcxve8r5TzdnNSYGzCr0wkxMqEyZzK6ShN_1Y31wc4FhA_aem_VeRI0ygcNkLMUnjOl_dpjQ,"Panka Natural Health - Naturopathic Doctors in Hopkins, MN",2,1,1
2024|09,/?fbclid=IwY2xjawFc8BJleHRuA2FlbQIxMQABHZAwtRLuvmXx9QID9n-SQNOeCRHKhgXr9C7FmawHQz4gfJuQBcp9YHp1PQ_aem_lvlMJYXxao7-9L3kBEfYQA,"Panka Natural Health - Naturopathic Doctors in Hopkins, MN",1,1,1
2024|09,/?fbclid=IwZXh0bgNhZW0CMTEAAR0GrRtMUMnrKtz_8t3Wwdg6z-xFqsFEpvhp-RFo9G-edcai4KWoyIUUbG4_aem_Sqvgf-OOOyLhyKP5-DUZkw,"Panka Natural Health - Naturopathic Doctors in Hopkins, MN",1,1,1
2024|09,/?fbclid=IwZXh0bgNhZW0CMTEAAR0eUlv9UL4FdlaFHJuVHiGjNeFe8cKuMlZ7x4i2IEpO07QbRTJjQscXbOM_aem__Zz4VcqaGeY-RkwP0xEb-Q,"Panka Natural Health - Naturopathic Doctors in Hopkins, MN",1,1,1
2024|09,/?fbclid=IwZXh0bgNhZW0CMTEAAR13o4ZnSlTuE-5t-7zut5-Lg2GW23POxDFx6qFs45F6BxU2VnTYo2OgD1Q_aem_iT6q1bQnw9hzlpCIVjz0DA,"Panka Natural Health - Naturopathic Doctors in Hopkins, MN",1,1,1
2024|09,/?fbclid=IwZXh0bgNhZW0CMTEAAR14kE3vtOE1PXsGbxBRvP8i72P3zzzJd1b4CHqHtsmoTSnDVxltRWS71Xs_aem_fm46pRoaOOSDVCASQ4TOqA,"Panka Natural Health - Naturopathic Doctors in Hopkins, MN",1,1,1
2024|09,/?fbclid=IwZXh0bgNhZW0CMTEAAR1S4j6MvFDZUQOmrCk1BBQ1ITEJkpSYZWDdygjQ4D14JZahtfPQox5Kfo0_aem_PrjzjbaX2NYdRBDUYDqayQ,"Panka Natural Health - Naturopathic Doctors in Hopkins, MN",1,1,1
2024|09,/?fbclid=IwZXh0bgNhZW0CMTEAAR1c1w8zVP4lM_FAYQOY_h8ks-rCDxIU7i4Uh0cLjoORecknPjHE3ncLWxI_aem_vX7sKWFmbKaSvYKRpMy4Ng,"Panka Natural Health - Naturopathic Doctors in Hopkins, MN",1,1,1
2024|09,/?fbclid=IwZXh0bgNhZW0CMTEAAR1iyZJmMJj6x-IQALqdI2Sx_ZuaEUx69MJuHYGiDSbXLOMpZrlRhMCGKbY_aem_H8gWbAz8m_a_oluyMJPVlw,"Panka Natural Health - Naturopathic Doctors in Hopkins, MN",1,1,1
2024|09,/?fbclid=IwZXh0bgNhZW0CMTEAAR1zlp2LWYZIA3PKi2BKo5OEpIPiZv9NLOZIqj43yfNBqufvEjAcPHRWINw_aem_Lgs5pWr3Bh685p31xwzrOA,"Panka Natural Health - Naturopathic Doctors in Hopkins, MN",1,1,1
2024|09,/?fbclid=IwZXh0bgNhZW0CMTEAAR27pcKWLrrRj0Omk7nm9Zt9UJwinqRGtS-im79PX7uRrQe7fOhSR4sfbH0_aem_2emETcMpwuIB8WCR0X-s5g,"Panka Natural Health - Naturopathic Doctors in Hopkins, MN",1,1,1
2024|09,/?fbclid=IwZXh0bgNhZW0CMTEAAR30f0Q_6iRXZoHOAQBjCFLmFtaajS8a3COXc71-GhYj_1tJBRRTXnS4Fzg_aem_eZmUiEoEv9PD_8N6emhDYQ,"Panka Natural Health - Naturopathic Doctors in Hopkins, MN",3,3,2
2024|09,/?fbclid=IwZXh0bgNhZW0CMTEAAR339wZZAi3YSnUJ923CrEsentaagvU9W5FBM0DRcV5wnppYi7P2g_X95gU_aem_kMqgy79PFcVszTNqylh9Mw,"Panka Natural Health - Naturopathic Doctors in Hopkins, MN",1,1,1
2024|09,/?fbclid=IwZXh0bgNhZW0CMTEAAR36yDgGHj7yS_jXBkKpIitY-fUOtFl0eQ_b7dlhxeQXcKzLT3Pxx9AURDk_aem_-rSJrlI3cfGPGo5asc9BYg,"Panka Natural Health - Naturopathic Doctors in Hopkins, MN",1,1,1
2024|09,/?fbclid=IwZXh0bgNhZW0CMTEAAR3aLXaP1rWkNQ1sdgFdtHqfiEctDW0mUqima1JJg7OxeGlL0I3ab1E48Js_aem_Sepdvy7n6JVfUX7o1eRhRA,"Panka Natural Health - Naturopathic Doctors in Hopkins, MN",1,1,1
2024|09,/?fbclid=IwZXh0bgNhZW0CMTEAAR3n8Pzzqjp9PoT70MDBZOk3gZ8yzxJla59K6gPILIQF1tfeBJW5ULVkI2M_aem_kWmoJoN-QKbfhOV2OMDZEA,"Panka Natural Health - Naturopathic Doctors in Hopkins, MN",1,1,1
2024|09,/?fbclid=IwZXh0bgNhZW0CMTEAAR3r5i14qDLf6mIel48tBNW--QjEzYSe7zUcKlQ2b0adwFPFO1kLnfB-kP8_aem_ix4L8qB_HBZ-O6fIS-dV5A,"Panka Natural Health - Naturopathic Doctors in Hopkins, MN",1,1,1
2024|09,/?fbclid=IwZXh0bgNhZW0CMTEAAR3rxLRmfm2M5GYboI3nAXTeLJSqWihSINgVB-OB2tdJjK56RHKfgLIHhVI_aem_BshKvII5tchdc74nC1zCoA,"Panka Natural Health - Naturopathic Doctors in Hopkins, MN",1,1,1
2024|09,/?fbclid=IwZXh0bgNhZW0CMTEAAR3sdpQ0R-3PVPXecLMf1BWxWtSoiUPhr4zGJGTXsi0eb12imYD4eScOAGA_aem_rVQMARloGqNGNiGrWZnpLA,"Panka Natural Health - Naturopathic Doctors in Hopkins, MN",1,1,1
2024|09,/?fbclid=IwZXh0bgNhZW0CMTEAAR3tXYxQ_IZ0Zob82Jp4_xMIamEvkC3GNogDVtmPlOVXq0-rR4F_slLTEV8_aem_BXClLUJKP-TIwwtzI3XnvA,"Panka Natural Health - Naturopathic Doctors in Hopkins, MN",2,2,2
2024|09,/blog,Stay Informed and Empowered with Panka Natural Health's Blog - Your Source for Holistic Health Information — Panka Natural Health,27,20,13
2024|09,/blog/a-food-guide-of-the-essential-minerals-of-health,A Food Guide of the Essential Minerals for Health — Panka Natural Health,1,1,1
2024|09,/blog/aGVhbHRoLW,Panka Natural Health,2,2,2
2024|09,/blog/breaking-the-fast-your-guide-to-a-stellar-morning-meal,Breaking the Fast: Your Guide to a Stellar Morning Meal — Panka Natural Health,1,1,1
2024|09,/blog/health-alerts-for-eden-prairie-spring-water,Health Alerts for Eden Prairie Spring Water — Panka Natural Health,10,9,7
2024|09,/blog/itdaqt68phpsei8uzygmkqgujfv05w,— Panka Natural Health,1,2,1
2024|09,/blog/naturopathic-first-aid-kit,Naturopathic First Aid Kit — Panka Natural Health,3,2,2
2024|09,/blog/naturopathic-medicine-provides-a-holistic-approach,Naturopathic Medicine Provides a Holistic Approach to Health — Panka Natural Health,3,3,3
2024|09,/blog/nutrient-spotlight-foods-rich-in-calcium,Nutrient Spotlight: Foods Rich in Calcium — Panka Natural Health,41,37,21
2024|09,/blog/nutrient-spotlight-foods-rich-in-calcium,Panka Natural Health,1,1,1
2024|09,/blog/nutrient-spotlight-foods-rich-in-calcium?fbclid=IwZXh0bgNhZW0CMTEAAR1bd553W-Bbz4kMshSdRTBHs2-ZGIrSrBy0hQ7ksTOLPa_sfivCDKv_eoM_aem_C7BrVmVg8ycnGWZADKY5nQ,Nutrient Spotlight: Foods Rich in Calcium — Panka Natural Health,1,1,1
2024|09,/blog/nutrient-spotlight-foods-rich-in-calcium?fbclid=IwZXh0bgNhZW0CMTEAAR23zsMef8ZoMhuDSM6i2dQwmyn7-COrOoyYYYRKIUZqeHZahOTcmuBznpM_aem_5WDlxxt1AJRRGeRbHli-Zw,Nutrient Spotlight: Foods Rich in Calcium — Panka Natural Health,1,1,1
2024|09,/blog/nutrient-spotlight-foods-rich-in-calcium?fbclid=IwZXh0bgNhZW0CMTEAAR3gatbdG2LnBlOnIzosNaKrQS0xl0ZQgSbRE44v1glaXLLqMUnYP9nTS-w_aem_EYLf7ggT7qOvQpe9qxvjAg,Nutrient Spotlight: Foods Rich in Calcium — Panka Natural Health,1,1,1
2024|09,/blog/personalized-fitness-tailoring-your-workouts-with-target-heart-rate,Personalized Fitness: Tailoring Your Workouts with Target Heart Rate — Panka Natural Health,1,1,1
2024|09,/blog/sunburn-protection-with-lycopene-rich-foods,Sunburn Protection with Lycopene-Rich Foods — Panka Natural Health,2,2,2
2024|09,/blog/the-role-and-potential-of-naturopathic-doctors-in-minnesotas-healthcare-system,The Role and Potential of Naturopathic Doctors in Minnesota's Healthcare System — Panka Natural Health,1,1,1
2024|09,/blog/what-to-expect-from-a-naturopathic-doctor,What to Expect from a Naturopathic Doctor — Panka Natural Health,9,9,7
2024|09,/cardiovascular-wellness-program,Transformative Heart Care: Dr. Panka's Holistic Cardio Program — Panka Natural Health,11,10,8
2024|09,/cardiovascular-wellness-program?fbclid=IwZXh0bgNhZW0CMTEAAR2ilm1m-8mpwEbvS3-d0VpypXvKdswxjCxnCL9A3endxhe_kQBXyAncfUw_aem_ZxVeGg7FN0wBQvm802LUSg,Transformative Heart Care: Dr. Panka's Holistic Cardio Program — Panka Natural Health,1,1,1
2024|09,/cart,Panka Natural Health,7,5,4
2024|09,/checkout?cartToken=4ajQr6fwCWT8vEVNFCQLtLt3lkvlPM_QsRL_05V6,Panka Natural Health | Secure Checkout,1,1,1
2024|09,/checkout?cartToken=AJC1_hKSIyTCSr5fSazzEZwBLoym0jjtzSKljiwZ,Panka Natural Health | Secure Checkout,1,1,1
2024|09,/checkout?cartToken=QE3XfDhtmfQXeVeO4W651lHNuml8KFkAsMRSjz-X,Panka Natural Health | Secure Checkout,1,1,1
2024|09,/clinical-laboratory-tests,Clinical Laboratory Tests at Panka Natural Health - Get a Comprehensive Picture of Your Health — Panka Natural Health,13,11,11
2024|09,/commerce/orders/ca92298b-7ab5-44cf-8123-d857a627a9a7,Panka Natural Health: Order Status,1,1,1
2024|09,/commerce/orders/f107e042-db3e-483b-8e70-b7893eaebf5f,Panka Natural Health: Order Status,1,1,1
2024|09,/contact,Contact Panka Natural Health - Your Partner for Holistic Health and Wellness — Panka Natural Health,26,28,26
2024|09,/dietary-supplements,Dietary Supplements at Panka Natural Health - Enhance Your Health Naturally — Panka Natural Health,5,5,5
2024|09,/events,Events — Panka Natural Health,6,5,5
2024|09,/events/menstrual-cycles-tracking-for-health-and-fertility-awareness?fbclid=IwZXh0bgNhZW0CMTEAAR1VareeSzlQYBjSeApCT_pJT3PZsjlqMwvmK7uUmaXfOm0FAd25sN4xgmI_aem_48cgy7xq1zGAfT23oChVwg,Tracking Menstrual Cycles for Health and Fertility Awareness — Panka Natural Health,1,1,1
2024|09,/events/menstrual-cycles-tracking-for-health-and-fertility-awareness?fbclid=IwZXh0bgNhZW0CMTEAAR3Y0En8Idmkhv7Lok6i-4sjwuVXFFDzCqDN-5iO1Oi76jr4b4i3wrAIjDc_aem_6Q8Q9Z3-PDQlWz6unFy-fw,Tracking Menstrual Cycles for Health and Fertility Awareness — Panka Natural Health,1,1,1
2024|09,/faq,Get Answers to Your Questions at Panka Natural Health's FAQ Page - Your Resource for Holistic Health Information — Panka Natural Health,30,29,28
2024|09,/holistic-diabetes-care,Holistic Diabetes Care — Panka Natural Health,3,3,3
2024|09,/home,"Panka Natural Health - Naturopathic Doctors in Hopkins, MN",2,1,1
2024|09,/home?noredirect=true,"Panka Natural Health - Naturopathic Doctors in Hopkins, MN",1,1,1
2024|09,/iron-blood-testing,Comprehensive Iron Blood Testing – Check Iron Levels for Health | Panka Natural Health — Panka Natural Health,3,3,3
2024|09,/meal-plans-and-recipe-books,Meal Plans and Recipe Books — Panka Natural Health,4,4,4
2024|09,/meet-dr-haley,"Meet Dr. Haley Panka - Naturopathic Doctor in Hopkins, MN — Panka Natural Health",77,72,57
2024|09,/meet-dr-jacob,"Meet Dr. Jacob Panka - Naturopathic Doctor in Hopkins, MN — Panka Natural Health",33,31,29
2024|09,/nail-fungus-relief,Nail Fungus Relief — Panka Natural Health,4,3,3
2024|09,/naturopathic-medicine,"Naturopathic Medicine at Panka Natural Health - A Functional, Holistic, and Integrative Approach — Panka Natural Health",47,36,31
2024|09,/oauth2/squarespace/loader,Panka Natural Health,2,2,2
2024|09,/patient-portal,Access Your Patient Portal at Panka Natural Health - Stay Connected with Your Health — Panka Natural Health,14,14,10
2024|09,/pnh-online-medicinary,Shop for High-Quality Supplements at PNH Online Medicinary - Support Your Health Naturally — Panka Natural Health,2,2,2
2024|09,/prepare-for-your-visit,Prepare for Your Visit to Panka Natural Health - Get the Most Out of Your Appointment — Panka Natural Health,7,8,7
2024|09,/schedule-an-appointment,Schedule an Appointment with Panka Natural Health - Take the First Step Towards Better Health — Panka Natural Health,91,82,46
2024|09,/schedule.php?owner=27943652,Schedule Appointment with Panka Natural Health,1,1,1
2024|09,/schedule.php?owner=27943652&action=appt&admin=&ajax=&conversion=b1888e7be10539da5c49fc8352df51f7&template=#completed,Schedule Appointment with Panka Natural Health,5,5,3
2024|09,/schedule.php?owner=27943652&action=appt&admin=0&template=,Schedule Appointment with Panka Natural Health,1,1,1
2024|09,/schedule.php?owner=27943652&action=appt&id%5B%5D=0d347a9ad6735875be21019fb7f378c5&apptId=1338250359&admin=&template=monthly&PHPSESSID=as5kv4uc0jj9s884grdj0vi8cd,Schedule Appointment with Panka Natural Health,1,1,1
2024|09,/schedule.php?owner=27943652&action=appt&id%5B%5D=aa92ab7966fa986ffa090373889cfb64&apptId=1338247837&admin=&template=monthly&PHPSESSID=as5kv4uc0jj9s884grdj0vi8cd,Schedule Appointment with Panka Natural Health,1,1,1
2024|09,/schedule.php?owner=27943652&action=appt&ref=email,Schedule Appointment with Panka Natural Health,5,5,4
2024|09,/schedule.php?owner=27943652&ref=sched_block,Schedule Appointment with Panka Natural Health,7,6,6
2024|09,/wellness-shop,Wellness Shop — Panka Natural Health,32,25,21
2024|09,/wellness-shop/meal-plan,Meal Plan — Wellness Shop — Panka Natural Health,3,3,3
2024|09,/wellness-shop/nail-fungus-relief,Nail Fungus Relief — Wellness Shop — Panka Natural Health,1,1,1
2024|09,/wellness-shop/p/21-day-healthy-plate-meal-plan-for-the-family,21-Day Healthy Plate Meal Plan for the Family — Panka Natural Health,2,2,2
2024|09,/wellness-shop/p/21-day-healthy-plate-meal-plan-for-two,21-Day Healthy Plate Meal Plan for Two — Panka Natural Health,2,2,2
2024|09,/wellness-shop/p/21-day-healthy-plate-meal-plan-one-person,21-Day Healthy Plate Meal Plan — Panka Natural Health,2,2,2
2024|09,/wellness-shop/p/21-day-ketogenic-meal-plan-for-one-person,21-Day Ketogenic Meal Plan — Panka Natural Health,1,1,1
2024|09,/wellness-shop/p/21-day-ketogenic-meal-plan-for-two,21-Day Ketogenic Meal Plan for Two — Panka Natural Health,1,1,1
2024|09,/wellness-shop/p/21-day-plant-based-meal-plan-one-person,21-Day Plant-Based Meal Plan — Panka Natural Health,1,1,1
2024|09,/wellness-shop/p/anti-inflammatory-recipe-book,Anti-Inflammatory Recipe Book — Panka Natural Health,3,3,2
2024|09,/wellness-shop/p/dairy-free-gluten-free-recipe-book,Dairy-Free & Gluten-Free Recipe Book — Panka Natural Health,4,4,3
2024|09,/wellness-shop/p/dairy-free-recipe-book,Dairy-Free Recipe Book — Panka Natural Health,1,1,1
2024|09,/wellness-shop/p/gluten-free-recipe-book,Gluten-Free Recipe Book — Panka Natural Health,3,3,3
2024|09,/wellness-shop/p/ketogenic-recipe-book,Ketogenic Recipe Book — Panka Natural Health,1,1,1
2024|09,/wellness-shop/p/low-fodmap-recipe-book,Low-FODMAP Recipe Book — Panka Natural Health,1,1,1
2024|09,/wellness-shop/p/nail-fungus-relief,Nail Fungus Relief — Panka Natural Health,8,7,7
2024|09,/wellness-shop/p/smoothie-recipe-book,Smoothie Recipe Book — Panka Natural Health,2,2,2
2024|09,/wellness-shop/recipe-book,Recipe Book — Wellness Shop — Panka Natural Health,1,1,1
2024|09,/whypnh,Why Choose Panka Natural Health for Your Holistic Health Needs — Panka Natural Health,20,17,16
2024|10,(not set),(not set),,,1
2024|10,/,"Panka Natural Health - Naturopathic Doctors in Hopkins, MN",628,539,407
2024|10,/?fbclid=IwY2xjawF1FjdleHRuA2FlbQIxMAABHX1xlyHR5QRjOj_YcONT_caAUvjtCa03t5gfOuOnMKnXGeVdAffUgSWBSw_aem_CM57qL_AzYIOwO-UflHxVQ,"Panka Natural Health - Naturopathic Doctors in Hopkins, MN",1,1,1
2024|10,/?fbclid=IwY2xjawF1GG5leHRuA2FlbQIxMQABHUQ1sxJYSLa8_TarmPDgycvUoSYnH4RYLDSZEOExod87g-9y8Fmjv-jKmw_aem_aoVFqmVcLQmu6xHJeN9myA,"Panka Natural Health - Naturopathic Doctors in Hopkins, MN",1,1,1
2024|10,/?fbclid=IwY2xjawF1GmRleHRuA2FlbQIxMAABHTISCcu_wSv34W__1gEMy1pZKLLNjAdFA-BhCR1r07hQYzcA4gedLg-i4w_aem_7AZZ4ZfBE79jr6kr6E2bGw,"Panka Natural Health - Naturopathic Doctors in Hopkins, MN",3,3,1
2024|10,/?fbclid=IwY2xjawF1LXNleHRuA2FlbQIxMAABHVj67_K45MUSrZjOdNkPmIMM__KG876VSUVw2SvB-cAmyIXoIDTe_evHJQ_aem_v8AIBpZl1Solt86tMAxSYQ,"Panka Natural Health - Naturopathic Doctors in Hopkins, MN",5,5,3
2024|10,/?fbclid=IwY2xjawF1bk5leHRuA2FlbQIxMQABHa01krpNmv4CT6nKSRFJqa9rxcFxBsJ590dqJT4GYJaBkUYsT3LmzZX1iQ_aem_kJWIUbnXFJ8pbZuOfyQmqA,"Panka Natural Health - Naturopathic Doctors in Hopkins, MN",1,1,1
2024|10,/?fbclid=IwY2xjawF4mURleHRuA2FlbQIxMQABHcK7bvWvt5rYIDdu4XynBkAEtifKobRe6JaEqrslOCU2h6xqsoX2KNoovg_aem_ZbzQLfq98c79UmAhu7E17g,"Panka Natural Health - Naturopathic Doctors in Hopkins, MN",1,1,1
2024|10,/?fbclid=IwY2xjawF4mXlleHRuA2FlbQIxMQABHUKm0OgcGsyIngAu6fu2EwksGGYTDgM_oJuuGpghCBtliTYBNizVp2FSQw_aem_NndTK-pSbCx2-GjmC-HIlQ,"Panka Natural Health - Naturopathic Doctors in Hopkins, MN",2,1,1
2024|10,/?fbclid=IwY2xjawFtKY9leHRuA2FlbQIxMQABHXrkTL0KAWxMbsWVKqUGn8yhu_sXk7UxCKorNOChjn5ccQZl3ML7ErNWHg_aem_1fQLczYO8my7MGCGLPkUwg,"Panka Natural Health - Naturopathic Doctors in Hopkins, MN",1,1,1
2024|10,/?fbclid=IwY2xjawFtLNlleHRuA2FlbQIxMQABHbyadR9doBdwZbNRWKwcKVniPGrVE7NrGoaqGklmrZqd008GnIGHtv5p8w_aem_pcP4jyVWxDhu1raubhvx-Q,"Panka Natural Health - Naturopathic Doctors in Hopkins, MN",1,1,1
2024|10,/?fbclid=IwY2xjawFtdgNleHRuA2FlbQIxMQABHWSFlJ1qolKaUPFCH4TGeabK8P4uot5g60ctRxOoZB6LYnv0FS3ihiAbwA_aem_sgTQpKHG-PF8b5YqCVUecw,"Panka Natural Health - Naturopathic Doctors in Hopkins, MN",2,1,1
2024|10,/?fbclid=IwZXh0bgNhZW0CMTEAAR0PNjylt7YkS5lVj7-ZfgEpDXijWHfc9m_z5uEMiNkRSvp_NB35XvzgDJY_aem_iAXuUA_GJ4bj6UMZqkUdHw,"Panka Natural Health - Naturopathic Doctors in Hopkins, MN",2,2,2
2024|10,/?fbclid=IwZXh0bgNhZW0CMTEAAR0fN6xUAu3eD09epBytfFAO00uGxrKM3A4r3ABS0NHNVGVgFqtbRuEviEc_aem_g4vzUHlv21g4sOH46qWLRw,"Panka Natural Health - Naturopathic Doctors in Hopkins, MN",1,1,1
2024|10,/?fbclid=IwZXh0bgNhZW0CMTEAAR0iMfgVzzP4PdoDUVg2P7bWOX5CDt0KTPVX8_F6T69yP7JByeAwzQETjSs_aem_zVcT5UGDlMdwtDylZRTVLg,"Panka Natural Health - Naturopathic Doctors in Hopkins, MN",1,1,1
2024|10,/?fbclid=IwZXh0bgNhZW0CMTEAAR13j9TwYdUc-Iw8Fh6j7nmii0_7edGQ-ZfWOn4WQ30J4sgldHaNCySyLEc_aem_4VFOx1JZ58ToZCnBlcr-HQ,"Panka Natural Health - Naturopathic Doctors in Hopkins, MN",1,1,1
2024|10,/?fbclid=IwZXh0bgNhZW0CMTEAAR14tCGskpoQ55Cokm2U8pB0JCNPlAcDYBxKiw92qttgDa92Qcu1vjGPXz0_aem_7BV8VwQBfXbiUsQewPKn9Q,"Panka Natural Health - Naturopathic Doctors in Hopkins, MN",1,1,1
2024|10,/?fbclid=IwZXh0bgNhZW0CMTEAAR1CHfYjlipuBIVLxLJ8-BvPzHCj5jEHrs2p5ZBpdSc-La8iJX5XvP6kVw0_aem_CL3vUEDK5et4n3dkUF569Q,"Panka Natural Health - Naturopathic Doctors in Hopkins, MN",1,1,1
2024|10,/?fbclid=IwZXh0bgNhZW0CMTEAAR1Dl35hVT3pH1esNAhGrnXD_df6nQJ0SPhPV_nHlwOLWEueG3BeUlGP6jM_aem_9Ff4FYivynVHsEuO9tNfRA,"Panka Natural Health - Naturopathic Doctors in Hopkins, MN",1,1,1
2024|10,/?fbclid=IwZXh0bgNhZW0CMTEAAR1fIOv83RhJ_AIlkqJ3_THz2bVZz3feI63rWOaHKPg4D-sHp9CCTK2dt7Q_aem_JYiA377-9n81RX5Xbb98Og,"Panka Natural Health - Naturopathic Doctors in Hopkins, MN",1,1,1
2024|10,/?fbclid=IwZXh0bgNhZW0CMTEAAR1ulmKLvtS-WFRw2nRdWJT8l7fihabjDW_fiDadNmYBbCnHdoxIzjhzBJk_aem_LkoPt-CNAD-gF0HIljsuzw,"Panka Natural Health - Naturopathic Doctors in Hopkins, MN",1,1,1
2024|10,/?fbclid=IwZXh0bgNhZW0CMTEAAR2MhdKLyKYEltaNuVCHh7dG-9ML1uszkY-yUu6uItGeXf5kVSxO2uVySe0_aem_EBwYajKra2aP4mri-v4iAw,"Panka Natural Health - Naturopathic Doctors in Hopkins, MN",1,1,1
2024|10,/?fbclid=IwZXh0bgNhZW0CMTEAAR2_lcdZrH_lEWMd_QqcyDesOkZZsVAw0a06iaMrYaLAQtEfXbEJb-NT-Aw_aem_d1pxntoqvVSefTJ8WOVTFA,"Panka Natural Health - Naturopathic Doctors in Hopkins, MN",2,3,2
2024|10,/?fbclid=IwZXh0bgNhZW0CMTEAAR3C7l0Vtnf7cbP0b9skoS7tiIzNaIyGtpj0CwRmUdXkICU_WoychReSNhU_aem_sPt9fmeIWHSZSJfwoOn0sg,"Panka Natural Health - Naturopathic Doctors in Hopkins, MN",1,1,1
2024|10,/?fbclid=IwZXh0bgNhZW0CMTEAAR3Etyyz48mwy2mYfB3m-znhQam20qD0vUXbGS63SBnIr0oD_21P8Aikeuk_aem_6k8BfzvXBDu3e6k2TVbv0w,"Panka Natural Health - Naturopathic Doctors in Hopkins, MN",1,1,1
2024|10,/?fbclid=IwZXh0bgNhZW0CMTEAAR3GiHhXSIuHKpO1H33pHeErXLdWV0SWr7NI9jvdDF8m0t6PqqrvGH5uA50_aem_f4DlGYsqP8tZ7x6XDSVinA,"Panka Natural Health - Naturopathic Doctors in Hopkins, MN",1,1,1
2024|10,/?fbclid=IwZXh0bgNhZW0CMTEAAR3OApiyRboYYDPlvN4EbdEqt2_JUqhEghikiCUBjV-KydWqLjGXLfn2bVg_aem_P1H3r1PJQyY1TrM9oaHooA,"Panka Natural Health - Naturopathic Doctors in Hopkins, MN",1,1,1
2024|10,/?fbclid=IwZXh0bgNhZW0CMTEAAR3WDlDVxtlySAZgbL7oxhiFyNIRK17uheYVidX9IP1_5u0-73lxp4eDo7w_aem_Ov9bJGqHvhT2vzzbeiRNtQ,"Panka Natural Health - Naturopathic Doctors in Hopkins, MN",1,1,1
2024|10,/?fbclid=IwZXh0bgNhZW0CMTEAAR3o9XDqMJK51_kAek0gQ8s816xwThejUUDBRUF-rFpRTYKreiSpaeUeR7I_aem_wTUe_I7ch_VNaM8D7pYEnQ,"Panka Natural Health - Naturopathic Doctors in Hopkins, MN",3,3,3
2024|10,/?fbclid=IwZXh0bgNhZW0CMTEAAR3yV8K86hgwcwhLakivZmTLFz9Ie5envxopglIaH8WNeMoTE8ee-3CrZH4_aem_xUbTa07pIWj5Tzbe8PZnWQ,"Panka Natural Health - Naturopathic Doctors in Hopkins, MN",1,1,1
2024|10,/blog,Stay Informed and Empowered with Panka Natural Health's Blog - Your Source for Holistic Health Information — Panka Natural Health,9,8,8
2024|10,/blog/aerobic-exercise-vs-hiit-which-is-right-for-you,Cardio vs. HIIT: Which Is Right for You? — Panka Natural Health,1,1,1
2024|10,/blog/health-alerts-for-eden-prairie-spring-water,Health Alerts for Eden Prairie Spring Water — Panka Natural Health,1,1,1
2024|10,/blog/naturopathic-first-aid-kit,Naturopathic First Aid Kit — Panka Natural Health,12,12,11
2024|10,/blog/naturopathic-medicine-provides-a-holistic-approach,Naturopathic Medicine Provides a Holistic Approach to Health — Panka Natural Health,6,4,4
2024|10,/blog/nutrient-spotlight-foods-rich-in-calcium,Nutrient Spotlight: Foods Rich in Calcium — Panka Natural Health,1,1,1
2024|10,/blog/what-to-expect-from-a-naturopathic-doctor,What to Expect from a Naturopathic Doctor — Panka Natural Health,9,8,8
2024|10,/cardiovascular-wellness-program,Transformative Heart Care: Dr. Panka's Holistic Cardio Program — Panka Natural Health,17,13,11
2024|10,/cart,Panka Natural Health,2,2,2
2024|10,/checkout?cartToken=QOrhoHFnsvkrKqE2fZaplPKXUCNInRjJKNODvjng,Panka Natural Health | Secure Checkout,1,1,1
2024|10,/clinical-laboratory-tests,Clinical Laboratory Tests at Panka Natural Health - Get a Comprehensive Picture of Your Health — Panka Natural Health,19,15,13
2024|10,/commerce/orders/f7e81ba8-b50e-4f8c-a3b5-34d815da08b5,Panka Natural Health: Order Status,1,1,1
2024|10,/contact,Contact Panka Natural Health - Your Partner for Holistic Health and Wellness — Panka Natural Health,32,25,20
2024|10,/dietary-supplements,Dietary Supplements at Panka Natural Health - Enhance Your Health Naturally — Panka Natural Health,20,14,11
2024|10,/events,Events — Panka Natural Health,14,11,10
2024|10,/events,Panka Natural Health,1,1,1
2024|10,/events/halloween-in-hopkins,Halloween in Hopkins — Panka Natural Health,1,1,1
2024|10,/events/halloween-in-hopkins-1,Halloween in Hopkins — Panka Natural Health,6,4,4
2024|10,/events/halloween-in-hopkins-1,Panka Natural Health,1,1,1
2024|10,/events/halloween-in-hopkins-1,霍普金斯的万圣节 — Panka Natural Health,0,1,1
2024|10,/events/o6o6jf7pavhqffzhdaxbgi9ncblwgp,%i — Panka Natural Health,1,1,1
2024|10,/faq,Get Answers to Your Questions at Panka Natural Health's FAQ Page - Your Resource for Holistic Health Information — Panka Natural Health,36,30,24
2024|10,/holistic-diabetes-care,Holistic Diabetes Care — Panka Natural Health,5,5,4
2024|10,/home,"Panka Natural Health - Naturopathic Doctors in Hopkins, MN",3,1,1
2024|10,/home?noredirect=true,"Panka Natural Health - Naturopathic Doctors in Hopkins, MN",1,1,1
2024|10,/iron-blood-testing,Comprehensive Iron Blood Testing – Check Iron Levels for Health | Panka Natural Health — Panka Natural Health,9,8,7
2024|10,/meal-plans-and-recipe-books,Meal Plans and Recipe Books — Panka Natural Health,13,12,9
2024|10,/meet-dr-haley,"Meet Dr. Haley Panka - Naturopathic Doctor in Hopkins, MN — Panka Natural Health",53,49,40
2024|10,/meet-dr-jacob,"Meet Dr. Jacob Panka - Naturopathic Doctor in Hopkins, MN — Panka Natural Health",41,35,25
2024|10,/nail-fungus-relief,Nail Fungus Relief — Panka Natural Health,29,12,11
2024|10,/naturopathic-medicine,"Naturopathic Medicine at Panka Natural Health - A Functional, Holistic, and Integrative Approach — Panka Natural Health",52,40,33
2024|10,/new-page,New Page — Panka Natural Health,2,1,1
2024|10,/not-found,Panka Natural Health,1,1,1
2024|10,/pagead/aclk?sa=L&ai=CYqRTWMkGZ8PdI5zc18cPobuIwQnz3KySeKbenJu8Er_m47KVDhABIP-8yCxgybbgiZSkmBOgAdKOk8cByAEJ4AIAqAMByAMKqgSGA0_QWexwdblqCYceI2WmebIO-n5fpCl8xp3is7G0JYUMT9JC8cyn671NDb0ZC-EAXG6EtGonybqNlpDsWSPJPHcTMrJDDbM8hMVBOuCoHJwnRIQmo7BszkoJISh2BYB9q6Fbq2X1qTZ6HX54O-JsAH6fVKcfKsX21CLPnRt2Od___P_mLryi8dZsHJvj2-CCX1JRgbj3UAVT4dcJyGcvWTMrAUuPtr4nbJ0tIKBmGkCTUgMblHtIxAEh1YDiCowHz1kreAB4p-H_z16pzgaabDmCSU32fFyJPCffU381ezJEtFDbXoIBtNC1yWAs3QqnK7nTX1Hm-hItPmmpLKqNqz5Q-T98ncQ7B1oW9_mXP47vuL1rZn1GItfSFVXPievrhYWbWOf7zh8BOFcYHIxq57bNRLtwugAd-NF7lcp_wV6tLmrHNu-WXaKTCS4FRmhKtriCWsyI3N8AQioHH8fUd6JVDewT3zVzepZPQ8tcO6B1tr5uEOPno6Niyw1-XKGTuYAD75Na-sAEhISqwpME4AQBiAW6z8b0QKAGLtgGAoAHlvHsuAKoB9XJG6gH2baxAqgHpr4bqAeOzhuoB5PYG6gH8OAbqAfulrECqAf-nrECqAevvrECqAfmmrECqAeaBqgHl8WxAqgH89EbqAeW2BuoB6qbsQKoB4OtsQKoB-C9sQKoB_-esQKoB9-fsQKoB_jCsQKoB_vCsQKoB8LIsQLYBwCgCIzCpgSwCAK4CAHSCCYIgGEQARgdMgKKAjoLgECAwICAgKCogAJIvf3BOljTuN_t9IGJA7EJaBClyT4ljC6ACgOYCwHICwHgCwGADAGqDQJVU8gNAe,"Panka Natural Health - Naturopathic Doctors in Hopkins, MN",1,1,1
2024|10,/patient-portal,Access Your Patient Portal at Panka Natural Health - Stay Connected with Your Health — Panka Natural Health,23,20,10
2024|10,/pnh-fullscript,Shop for High-Quality Supplements at PNH Online Medicinary - Support Your Health Naturally — Panka Natural Health,3,2,2
2024|10,/pnh-online-medicinary,Shop for High-Quality Supplements at PNH Online Medicinary - Support Your Health Naturally — Panka Natural Health,4,3,3
2024|10,/pnh-wellness-shop,PNH Wellness Shop — Panka Natural Health,15,6,3
2024|10,/prepare-for-your-visit,Prepare for Your Visit to Panka Natural Health - Get the Most Out of Your Appointment — Panka Natural Health,21,17,14
2024|10,/product-guide,Product Guide — Panka Natural Health,25,7,3
2024|10,/schedule-an-appointment,Schedule an Appointment with Panka Natural Health - Take the First Step Towards Better Health — Panka Natural Health,94,83,51
2024|10,/schedule.php?owner=27943652&action=appt&admin=&ajax=&conversion=b1888e7be10539da5c49fc8352df51f7&template=#completed,Schedule Appointment with Panka Natural Health,4,4,3
2024|10,/schedule.php?owner=27943652&action=appt&admin=0&template=,Schedule Appointment with Panka Natural Health,2,2,2
2024|10,/schedule.php?owner=27943652&action=appt&id%5B%5D=9658f1b47f4a331395a51d1b239c7bb3&apptId=1342129703&admin=&template=monthly&PHPSESSID=84unqpmpba0jb4buouadehn9ng,Schedule Appointment with Panka Natural Health,1,1,1
2024|10,/schedule.php?owner=27943652&action=appt&ref=email,Schedule Appointment with Panka Natural Health,3,3,3
2024|10,/schedule.php?owner=27943652&ref=sched_block,Schedule Appointment with Panka Natural Health,8,9,5
2024|10,/wellness-shop,Wellness Shop — Panka Natural Health,57,29,25
2024|10,/wellness-shop-1,Wellness Shop — Panka Natural Health,7,1,1
2024|10,/wellness-shop/meal-plan,Meal Plan — Wellness Shop — Panka Natural Health,4,2,2
2024|10,/wellness-shop/nail-fungus-relief,Nail Fungus Relief — Wellness Shop — Panka Natural Health,1,1,1
2024|10,/wellness-shop/p/21-day-healthy-plate-meal-plan-for-the-family,21-Day Healthy Plate Meal Plan for the Family — Panka Natural Health,3,3,3
2024|10,/wellness-shop/p/21-day-healthy-plate-meal-plan-for-two,21-Day Healthy Plate Meal Plan for Two — Panka Natural Health,3,2,2
2024|10,/wellness-shop/p/21-day-healthy-plate-meal-plan-one-person,21-Day Healthy Plate Meal Plan — Panka Natural Health,1,1,1
2024|10,/wellness-shop/p/anti-inflammatory-recipe-book,Anti-Inflammatory Recipe Book — Panka Natural Health,2,2,2
2024|10,/wellness-shop/p/dairy-free-gluten-free-recipe-book,Dairy-Free & Gluten-Free Recipe Book — Panka Natural Health,1,1,1
2024|10,/wellness-shop/p/ketogenic-recipe-book,Ketogenic Recipe Book — Panka Natural Health,1,1,1
2024|10,/wellness-shop/p/low-fodmap-recipe-book,Low-FODMAP Recipe Book — Panka Natural Health,2,2,2
2024|10,/wellness-shop/p/nail-fungus-relief,Nail Fungus Relief — Panka Natural Health,14,9,8
2024|10,/wellness-shop/p/plant-based-meal-plan-for-two,21-Day Plant-Based Meal Plan for Two — Panka Natural Health,2,2,2
2024|10,/wellness-shop/p/plant-based-recipe-book,Plant-Based Recipe Book — Panka Natural Health,2,2,2
2024|10,/wellness-shop/p/smoothie-recipe-book,Smoothie Recipe Book — Panka Natural Health,3,2,2
2024|10,/wellness-shop/recipe-book,Recipe Book — Wellness Shop — Panka Natural Health,1,1,1
2024|10,/wellness-toolkit,Wellness Toolkit — Panka Natural Health,1,1,1
2024|10,/whypnh,Why Choose Panka Natural Health for Your Holistic Health Needs — Panka Natural Health,27,22,17
2024|11,(not set),(not set),,,1
2024|11,/,"PNH | Naturopathic Family Medicine in Hopkins, MN",490,447,360
2024|11,/,"Panka Natural Health - Naturopathic Doctors in Hopkins, MN",64,61,41
2024|11,/?fbclid=IwY2xjawGZylhleHRuA2FlbQIxMAABHYUakHbeXni43y8bKOn4hi7uyBphUQ66F1JGgakE7W3hBJwBmy17LquQrg_aem_IAkOpTFduKm0zFkyBaZseA,"PNH | Naturopathic Family Medicine in Hopkins, MN",1,2,1
2024|11,/?fbclid=IwZXh0bgNhZW0CMTEAAR04U-RO3bAesw6nsKIyU_Frnw87pV2mg80Q-veTspaonJERgvepC4afXNo_aem_s9v90-b9ZpB8HL0A_hMGjA,"PNH | Naturopathic Family Medicine in Hopkins, MN",1,1,1
2024|11,/?fbclid=IwZXh0bgNhZW0CMTEAAR0608Fj2pW5vzOPBZzZnGJt99vnmFfr24SCwYk7zHvAnsp77l9gGBFD0qY_aem_unkh5TKS2zyNpkQwGt2VQA,"PNH | Naturopathic Family Medicine in Hopkins, MN",1,1,1
2024|11,/?fbclid=IwZXh0bgNhZW0CMTEAAR0lVBtpIblaxqXrcin81RG12eMdThDA-PQ0oO6QEHWWWxIe64gz7qcnqEQ_aem_hEqwv2Q0RfvOWMfqO0YXwg,"PNH | Naturopathic Family Medicine in Hopkins, MN",1,1,1
2024|11,/?fbclid=IwZXh0bgNhZW0CMTEAAR1BOpeWnTF0Qxgi9x6WE1RDVqlFjTAAWJfjT7uDNT_MWb0Tx2-bwBsNDok_aem_Bbbfxqaw6XixpipXKhzQFg,"PNH | Naturopathic Family Medicine in Hopkins, MN",1,1,1
2024|11,/?fbclid=IwZXh0bgNhZW0CMTEAAR26VPRVQkgIVQSqc0zBdCxEskK1IOtcwlbkKmYR-i1T7Y5u0XFYJKy_N0U_aem_fr5AniyBW53hV6rS3Xds0g,"PNH | Naturopathic Family Medicine in Hopkins, MN",1,1,1
2024|11,/?fbclid=IwZXh0bgNhZW0CMTEAAR2f-kUkSXE5tZcfqpGkqD_4q6WUU3TtbWz9RPAlZz2x6IJbs0qwCloAoWE_aem_-7Gfg3QarvANytEdUAnf9Q,"PNH | Naturopathic Family Medicine in Hopkins, MN",1,1,1
2024|11,/?fbclid=IwZXh0bgNhZW0CMTEAAR2o4lc3WooaXTLgNPG9YcGnkW-fAP65mm8vAe9cvSQLGa154Gt4xBHPKn8_aem_nc9xU9iri72wk-hU90ClJA,"Panka Natural Health - Naturopathic Doctors in Hopkins, MN",1,1,1
2024|11,/?fbclid=IwZXh0bgNhZW0CMTEAAR3TyZVCaVySbldZJUUQBLIb29lDWgHYbupsQKi1-DRkuE_7gkzxE3MRsLw_aem_e3Rpet7A1Cjsx72fhX8R6w,"PNH | Naturopathic Family Medicine in Hopkins, MN",1,1,1
2024|11,/?fbclid=IwZXh0bgNhZW0CMTEAAR3lCTmPglAV9GNWGHzT06G-iOeFHDeBVrRsf3QT04Btk5ChGhPhx1iboCg_aem_poCz7Cxy3YPi5ZkT2aavWg,"Panka Natural Health - Naturopathic Doctors in Hopkins, MN",1,1,1
2024|11,/?fbclid=IwZXh0bgNhZW0CMTEAAR3n0ut8jUBiTbIM0sMwoW3sVv2s-EQvLPaXH8xTytw8sqaOkyBvkm0TKeg_aem_AYruHg2Yv9M0U4zEkq4jWQ,"PNH | Naturopathic Family Medicine in Hopkins, MN",1,1,1
2024|11,/?fbclid=PAZXh0bgNhZW0CMTEAAaY5EHiIHaOxWHlYzxpvZ3frU9yLKZnZC8GgNA2vQQiFn_FYauxCOL16xAc_aem_7IYwAhcx954zO77PvHVn5w,"PNH | Naturopathic Family Medicine in Hopkins, MN",1,1,1
2024|11,/?fbclid=PAZXh0bgNhZW0CMTEAAaYvcc7Xt5azy3RhY4T871pOrLb8pRsPmOybjgCF1o7lv90GTxMqM01zJig_aem_JJD78L6FsDDl4uKfWbboZw,"PNH | Naturopathic Family Medicine in Hopkins, MN",1,1,1
2024|11,/?fbclid=PAZXh0bgNhZW0CMTEAAaa8heiwpIp2GB70VDkcnPNDJ7pCtI_nZXAo9xURtuW6wFUWxCfC63REpdo_aem_2zW-P2-vwhn6Vf0fMrLldw,"PNH | Naturopathic Family Medicine in Hopkins, MN",1,1,1
2024|11,/?fbclid=PAZXh0bgNhZW0CMTEAAabNiF1IbnK3OfPBtkoRZWWJcEmqz-n0FRmS8hk0TshcR5L0rcg_1NfzrwU_aem_8iBeJtCo-6kRLk8G0tfqyw,"PNH | Naturopathic Family Medicine in Hopkins, MN",1,1,1
2024|11,/blog,Stay Informed and Empowered with Panka Natural Health's Blog - Your Source for Holistic Health Information — Panka Natural Health,15,13,10
2024|11,/blog/aerobic-exercise-vs-hiit-which-is-right-for-you?fbclid=IwZXh0bgNhZW0CMTEAAR1FJIs64i79L8HepI9_L_PJvyZ7wM-PQXG_OTIvobcKDP8XgggE8sqdyMk_aem_WdB4Wn5RYQJVHOiSAwZfxg,Cardio vs. HIIT: Which Is Right for You? — Panka Natural Health,1,1,1
2024|11,/blog/aerobic-exercise-vs-hiit-which-is-right-for-you?fbclid=IwZXh0bgNhZW0CMTEAAR1Z1OWtXsjzi3jznFZTgVMYg-EG2c6sBDgpX9Yczr5o8IE49HdzN1IWlDI_aem_2nFwtQzQiViRGJY-5epHnA,Cardio vs. HIIT: Which Is Right for You? — Panka Natural Health,1,1,1
2024|11,/blog/aerobic-exercise-vs-hiit-which-is-right-for-you?fbclid=IwZXh0bgNhZW0CMTEAAR3I5Tj9-r-IJ4cSpi5ARboReTKvzwWFgyzM6a1dRkPdtU4F0cKdOOI0Eig_aem_9vg6yVV41SxMaEq-XQFDRA,Cardio vs. HIIT: Which Is Right for You? — Panka Natural Health,1,1,1
2024|11,/blog/aerobic-exercise-vs-hiit-which-is-right-for-you?fbclid=IwZXh0bgNhZW0CMTEAAR3pDMjPHIesIu0taSypg_sBZdI9TlKXo5UJrwgS3kChh10Y7gdUuCrMIGo_aem_ryiKb4Pu5ssEGcrINL-zxw,Cardio vs. HIIT: Which Is Right for You? — Panka Natural Health,1,1,1
2024|11,/blog/fiberfocus,Fiber Focus: The Top Foods and Supplements to Keep You Regular — Panka Natural Health,2,2,2
2024|11,/blog/health-alerts-for-eden-prairie-spring-water,Health Alerts for Eden Prairie Spring Water — Panka Natural Health,6,4,4
2024|11,/blog/lab-testing-looking-outside-the-reference-range,Lab Testing: Looking Outside the Reference Range — Panka Natural Health,2,1,1
2024|11,/blog/naturopathic-first-aid-kit,Naturopathic First Aid Kit — Panka Natural Health,13,6,6
2024|11,/blog/naturopathic-medicine-provides-a-holistic-approach,Naturopathic Medicine Provides a Holistic Approach to Health — Panka Natural Health,1,1,1
2024|11,/blog/personalized-fitness-tailoring-your-workouts-with-target-heart-rate,Personalized Fitness: Tailoring Your Workouts with Target Heart Rate — Panka Natural Health,3,4,3
2024|11,/blog/pfas-risk-in-mn-freshwater-fish?fbclid=IwZXh0bgNhZW0CMTEAAR3Alvct6U_LoOBFIjDtXFmVvJNgdKMUiG8sWgdnbyOeZQSzJ44U0qLameo_aem_bRmp8h8VU70gqxFlf8HTaQ,The Hidden Risks of Eating Locally Caught Fish: Understanding PFAS Contamination — Panka Natural Health,1,1,1
2024|11,/blog/sunburn-protection-with-lycopene-rich-foods,Sunburn Protection with Lycopene-Rich Foods — Panka Natural Health,1,1,1
2024|11,/blog/sunburn-protection-with-lycopene-rich-foods?fbclid=IwZXh0bgNhZW0CMTEAAR0kKCiIZQeR3uHlWK7eOJPJ2JEbzTB3Xa1l11m1PAtrEM1lJpUAhDk0VIo_aem_foWisndhYVaIyl54qIXf8Q,Sunburn Protection with Lycopene-Rich Foods — Panka Natural Health,1,1,1
2024|11,/blog/sunburn-protection-with-lycopene-rich-foods?fbclid=IwZXh0bgNhZW0CMTEAAR1CTto7w7T1znPUnK1nSHkTvfn7igAThLtGqI0elwLJrSdLkAO88xLePBA_aem_iYDLjuzZBWP9P7r7b0lg9g,Sunburn Protection with Lycopene-Rich Foods — Panka Natural Health,1,1,1
2024|11,/blog/sunburn-protection-with-lycopene-rich-foods?fbclid=IwZXh0bgNhZW0CMTEAAR1hgdySrZ9iLU6pPJWSNuhmUpcTSCUACNdk12GueN7y7ATHsmxzjzauv9A_aem_euvO8xWAd1NOddpubX8FIg,Sunburn Protection with Lycopene-Rich Foods — Panka Natural Health,1,1,1
2024|11,/blog/sunburn-protection-with-lycopene-rich-foods?fbclid=IwZXh0bgNhZW0CMTEAAR2jOyqyO2SAre3mbulf1YyRU_RZ-CRpjkRVjc4CznKDZEY530TZJULL9Sg_aem_M7iX9dGmyEnCL3m2bTyBmg,Sunburn Protection with Lycopene-Rich Foods — Panka Natural Health,1,1,1
2024|11,/blog/the-synergy-of-functional-and-naturopathic-medicine-a-holistic-approach-to-health-in-minnesota,The Similarities of Functional & Naturopathic Medicine — Panka Natural Health,1,1,1
2024|11,/blog/what-to-expect-from-a-naturopathic-doctor,What to Expect from a Naturopathic Doctor — Panka Natural Health,7,7,6
2024|11,/blog?fbclid=IwZXh0bgNhZW0CMTEAAR181GPe7bfhprlHCVzZx7UCx5J2qRXm-GY0nhKY8obZodOTf8feaXuVU_4_aem_1EXde0aSqYHo6xWMrfEUlg,Stay Informed and Empowered with Panka Natural Health's Blog - Your Source for Holistic Health Information — Panka Natural Health,1,1,1
2024|11,/cardiovascular-wellness-program,Transformative Heart Care: Dr. Panka's Holistic Cardio Program — Panka Natural Health,45,31,15
2024|11,/cardiovascular-wellness-program?fbclid=IwZXh0bgNhZW0CMTEAAR3uhDK52bbcF_ftoP9CQfGCSYn0ldCyKSHNxo921jfWaekCJP_pGlXIE30_aem_j7Fzbh0b25IfaZd1k5vzvA,Transformative Heart Care: Dr. Panka's Holistic Cardio Program — Panka Natural Health,1,1,1
2024|11,/cart,Panka Natural Health,8,8,8
2024|11,/clinical-laboratory-tests,Clinical Laboratory Tests at Panka Natural Health - Get a Comprehensive Picture of Your Health — Panka Natural Health,39,21,15
2024|11,/clinical-laboratory-tests?fbclid=IwZXh0bgNhZW0CMTEAAR0Hh1uWGnk4RQsqRP9IeS02z15h3Gg4cAUJSXPXwKCDFPY96yl8f_eSKPs_aem_INOP1E7u5afSqiInwLz2Xw,Clinical Laboratory Tests at Panka Natural Health - Get a Comprehensive Picture of Your Health — Panka Natural Health,1,1,1
2024|11,/clinical-laboratory-tests?fbclid=IwZXh0bgNhZW0CMTEAAR0RXoF_2iCUmdLZTbV_BrPu8hPKL44e1JdQY6AXtnnZx5i1Nlbo5pGvedE_aem_C8S7ccfEFdgSi23n5BRT6Q,Clinical Laboratory Tests at Panka Natural Health - Get a Comprehensive Picture of Your Health — Panka Natural Health,1,1,1
2024|11,/clinical-laboratory-tests?fbclid=IwZXh0bgNhZW0CMTEAAR24nJZ6V9xCE8b9mcJwHSMbRClggxnmk0VMBtWJpL4_iF_VF9yFxopTrdg_aem_reuab7NX3-s1UL31EjTPyA,Clinical Laboratory Tests at Panka Natural Health - Get a Comprehensive Picture of Your Health — Panka Natural Health,1,1,1
2024|11,/clinical-laboratory-tests?fbclid=IwZXh0bgNhZW0CMTEAAR3jr2H_fNUrf5P7_qN8Zizn1xu5OeM6c3p-XiU06C0YjRhlTW_4UknwCJs_aem_wxnI4TDtKk_yQ8ZB7YhroQ,Clinical Laboratory Tests at Panka Natural Health - Get a Comprehensive Picture of Your Health — Panka Natural Health,1,1,1
2024|11,/community-partners-1,Team 1 — Panka Natural Health,4,1,1
2024|11,/contact,Contact Panka Natural Health - Your Partner for Holistic Health and Wellness — Panka Natural Health,22,22,19
2024|11,/dietary-supplements,Dietary Supplements at Panka Natural Health - Enhance Your Health Naturally — Panka Natural Health,31,23,11
2024|11,/dietary-supplements?fbclid=IwZXh0bgNhZW0CMTEAAR37cTIsge0V3M_5IS5_LgA01rP6-HnEsKqyLNG_T13bR-7wDG5VIJJ7W84_aem_jlsE5obS-OFWqP7DOZzs4w,Dietary Supplements at Panka Natural Health - Enhance Your Health Naturally — Panka Natural Health,1,1,1
2024|11,/events,Events — Panka Natural Health,18,12,4
2024|11,/events/f2zmqwu8mj7f0671pquldabg74wysf,%i — Panka Natural Health,1,1,1
2024|11,/events/halloween-in-hopkins-1,Halloween in Hopkins — Panka Natural Health,1,2,1
2024|11,/events/small-business-saturday-wellness-giveaway,Small Business Saturday Wellness Giveaway — Panka Natural Health,19,10,5
2024|11,/events/the-black-friday-cyber-monday-sale,The Black Friday Cyber Monday Sale — Panka Natural Health,11,6,4
2024|11,/events/za58p6n2dqqf272ir47iy63tkzizfu,%i — Panka Natural Health,1,1,1
2024|11,/events?fbclid=IwZXh0bgNhZW0CMTEAAR1DJq0E4bNoXMJszjaMkOPqiaiKrbr-Us2WAWUCAutBg4c1rox2Ilq3B_s_aem_PcV_Yw1qdVCEtPmjDbkcAA,Events — Panka Natural Health,1,1,1
2024|11,/events?fbclid=IwZXh0bgNhZW0CMTEAAR2QNaTBY9bPnsErf9ufrfSzPCNlonWZ7HHTeqnfY61KKuA6zBxUGTcTuF8_aem_dhTex-HbFfr0B9aWDWkavA,Events — Panka Natural Health,1,1,1
2024|11,/faq,Get Answers to Your Questions at Panka Natural Health's FAQ Page - Your Resource for Holistic Health Information — Panka Natural Health,27,25,23
2024|11,/holistic-diabetes-care,Holistic Diabetes Care — Panka Natural Health,48,35,20
2024|11,/holistic-diabetes-care?fbclid=IwZXh0bgNhZW0CMTEAAR1EpxBAcl935J3CXvD7jWHmgZU4pMg52qrORlek4Ips58bfyJijNiS238E_aem_1JlbTNlwSdIMcQzhnnxunA,Holistic Diabetes Care — Panka Natural Health,1,1,1
2024|11,/holistic-diabetes-care?fbclid=IwZXh0bgNhZW0CMTEAAR1QHk7RhUVSNOslI9ns_ej_59w0eHliC24EcVMDLDSC5UYmDaY0h5WF8lI_aem_HT8jtNJpkApm3wPxu12J7w,Holistic Diabetes Care — Panka Natural Health,1,1,1
2024|11,/holistic-diabetes-care?fbclid=IwZXh0bgNhZW0CMTEAAR2A2giEmb7h82otMvpnjZdHWaFiM0wg4Xc2F6UjF381Q8x6F59mKnLlqh8_aem_VsRo-ctj9hLiXqAleFMcKQ,Holistic Diabetes Care — Panka Natural Health,1,1,1
2024|11,/holistic-diabetes-care?fbclid=IwZXh0bgNhZW0CMTEAAR2Jlq_2Yt3TPtXHCcEQtd9I8pSY-lHQgPHTl7_AdsuMEL7MW-uP_J0BDcU_aem_LbI1AO8tzd6RrAISLUmxyQ,Holistic Diabetes Care — Panka Natural Health,1,1,1
2024|11,/home,"PNH | Naturopathic Family Medicine in Hopkins, MN",4,2,1
2024|11,/home,"PNH | Trusted Naturopathic Family Medicine in Hopkins, MN",3,2,1
2024|11,/home,"Panka Natural Health - Naturopathic Doctors in Hopkins, MN",7,3,2
2024|11,/iron-blood-testing,Comprehensive Iron Blood Testing – Check Iron Levels for Health | Panka Natural Health — Panka Natural Health,17,13,6
2024|11,/iron-blood-testing ?fbclid=IwZXh0bgNhZW0CMTEAAR23MhGw6tSKj0H7qKAHG3pSJCGXmIVGvhyYqo4eMBlVhOSxHp2v73n556Q_aem_muM1x4ZJY0K4ZUS5DPkH7g,Panka Natural Health,1,1,1
2024|11,/meal-plans-and-recipe-books,Meal Plans and Recipe Books — Panka Natural Health,20,11,5
2024|11,/meet-dr-haley,"Meet Dr. Haley Panka - Naturopathic Doctor in Hopkins, MN — Panka Natural Health",53,48,38
2024|11,/meet-dr-jacob,"Meet Dr. Jacob Panka - Naturopathic Doctor in Hopkins, MN — Panka Natural Health",28,24,20
2024|11,/nail-fungus-relief,Nail Fungus Relief — Panka Natural Health,18,10,6
2024|11,/naturopathic-medicine,"Naturopathic Medicine at Panka Natural Health - A Functional, Holistic, and Integrative Approach — Panka Natural Health",43,35,25
2024|11,/naturopathic-medicine?fbclid=IwZXh0bgNhZW0CMTEAAR02A8G_8UHDjaylTUpeJ8yNj49MfZi1HthdQOFcSS-A6SaqjxHtJSOBNYc_aem_3tamyMwpon1w4yh2yT9HSQ,"Naturopathic Medicine at Panka Natural Health - A Functional, Holistic, and Integrative Approach — Panka Natural Health",1,1,1
2024|11,/naturopathic-medicine?fbclid=IwZXh0bgNhZW0CMTEAAR09koc4X0V_fDHI_AJOmns21l3BU4Vm60ycrEYnesoVTCJDqX8zMmA8osY_aem_tNHoQKzrUelt8lV2JUzMPA,"Naturopathic Medicine at Panka Natural Health - A Functional, Holistic, and Integrative Approach — Panka Natural Health",1,1,1
2024|11,/naturopathic-medicine?fbclid=IwZXh0bgNhZW0CMTEAAR3WcaN0Hc0tn0wbXM3VSi8zr_r37ekDtAChYaDI-4eHlsT_clX2K6k7uuE_aem_5qJ_2jaIK2MkKhWXKi59SQ,"Naturopathic Medicine at Panka Natural Health - A Functional, Holistic, and Integrative Approach — Panka Natural Health",1,1,1
2024|11,/naturopathic-medicine?fbclid=IwZXh0bgNhZW0CMTEAAR3xVGPGTuWYYy9PtbYujHPa8N8n23G1NNV4xLHKrhtuzq73R9ASeM21LyE_aem_cwHvOSuz66a_0i1Krjf-Gw,"Naturopathic Medicine at Panka Natural Health - A Functional, Holistic, and Integrative Approach — Panka Natural Health",1,1,1
2024|11,/pagead/aclk?sa=L&ai=CCW58eRQyZ5TzIYi05LcP-a6AcPPcrJJ4ivWCw6kTv-bjspUOEAEgr_ezngFgybbgiZSkmBOgAdKOk8cByAEJqAMByAPLBKoE4AJP0GDs-GpNw47pGEK1gC-G0OfXVMVib3dUkBqX-L6sgJtVBiuHOWu6Erx08suGDE5lKeQJcud5ARLMn5j8ke2zr-zy3nVVqQFJHfgyh6-SYr6bd-7nSmn92MArfC788xLvNfyt07UfdR7jzpT4KVKYNmDIAEODGjLgnmLKSwurKmxy_-8Hu_g5DIGven_fAlNYXblXPdgFcqbKj70vscwvV6078eyTv0NL0Npgx4oyUs_PnDTgBiwhjwcCtNpO4d3tpcx9ntXMMrlFWLNeRS3HL1CnxHOJPpu566KxCT4aiO2EoZi-nkLAWQmWJMR6pXo3XQbXYRNj9fLGer5IFYxUGARlzylvsJjuofE3_01OyHOzpLTqluU2AeeHGXFwrSLz1f8NxE5OtsqgYRYzkYnIsX5RhcHTv9sIC6Hz1wg4eE0FFMlGi-N-sx0trkMWxrtfzJRV1yxxmdySsG4axPCrwASEhKrCkwSIBbrPxvRAoAYu2AYCgAeW8ey4AqgH1ckbqAfZtrECqAemvhuoB47OG6gHk9gbqAfw4BuoB-6WsQKoB_6esQKoB6--sQKoB-aasQKoB5oGqAeXxbECqAfz0RuoB5bYG6gHqpuxAqgHg62xAqgH4L2xAqgH_56xAqgH35-xAqgH-MKxAqgH-8KxAqgHwsixAtgHAKAIicKmBLAIArgIAdIIJgiAYRABGB8yAooCOguAQIDAgICAoKiAAki9_cE6WNLmrMe-1IkDsQloEKXJPiWMLoAKAZgLAcgLAeALAYAMAaoNAlVTyA0BuBPkA9gTCoIUFhoUZWlvLmxpZmVrbm93aW5mby5jb23QFQH4FgGAFwGyFw,"PNH | Naturopathic Family Medicine in Hopkins, MN",1,1,1
2024|11,/pagead/aclk?sa=L&ai=Cfe_OLQs5Z_CtEbKn5LcPkNH0sQzz3KySeOL0gsOpE7_m47KVDhABIK_3s54BYMnm6YmUpJgToAHSjpPHAcgBAagDAcgDywSqBOYCT9D0_GWBb-yCKFufdDZcsTWMNLVXWTNLZgLkk-g33mCrjHspRFo-s1s2ZDyfeFqUjht77cq8qpBBK0EAnQct1_H_zsFzYrVvQ-g-WXkhLbiSwnv7VRoia0CzDpN9u7OsaNocQOvTcAMn2D9QW0ZdUVYc6ABHwydOufdtCtS4SNdJcA8xxVt4qS1_3JbjtRjhpc7zaAdXMMolrGBjydhEzcWjIy16CltwdpqoHM3o8NhX-LF6kBFON97K_ulEIEmZY4FxXOPKQfarSujeSu_zH_5Pi-Uw4BM-TA0KlVLPDhmgvBNdZ-aVfv1vawBpyHU_wmVapO5QOs9RCi8vJmrk6yx5LbmKbuM_RUHp8kUlPoQmw_Y2xN-Ii9gtx1sh_x4n4lFppQNyqqWnNclUkXSvw4sg7_wvWM72_BUZn-dOmGQoTmdgPD5Z_Ajb5T5N9EihArzq3PyRTLOg3aKV3ZF6-kq-hiMvQcAEhISqwpMEiAW6z8b0QNgGAoAHlvHsuAKoB9XJG6gH2baxAqgHpr4bqAeOzhuoB5PYG6gH8OAbqAfulrECqAf-nrECqAevvrECqAfmmrECqAeaBqgHl8WxAqgH89EbqAeW2BuoB6qbsQKoB4OtsQKoB-C9sQKoB_-esQKoB9-fsQKoB_jCsQKoB_vCsQKoB8LIsQLYBwGgCP3BpgSwCAK4CAHSCCYIgGEQARgfMgKKAjoLgECAwICAgKCogAJIvf3BOlig5KzW4uGJA7EJaBClyT4ljC6ACgGYCwHICwHgCwGqDQJVU8gNAdgTCoIUFhoUZWlvLmxpZmVrbm93aW5mby5jb23QFQH4FgGAFwGyFwIYAb,"PNH | Naturopathic Family Medicine in Hopkins, MN",1,1,1
2024|11,/patient-portal,Access Your Patient Portal at Panka Natural Health - Stay Connected with Your Health — Panka Natural Health,12,11,10
2024|11,/pnh-fullscript,Shop for High-Quality Supplements at PNH Online Medicinary - Support Your Health Naturally — Panka Natural Health,14,13,11
2024|11,/pnh-online-medicinary,Panka Natural Health,7,3,1
2024|11,/pnh-wellness-shop,PNH Wellness Shop — Panka Natural Health,10,8,5
2024|11,/pnh-wellness-shop/meal-plan,Meal Plan — PNH Wellness Shop — Panka Natural Health,1,1,1
2024|11,/pnh-wellness-shop/p/21-day-ketogenic-meal-plan-for-two,21-Day Ketogenic Meal Plan for Two — Panka Natural Health,2,1,1
2024|11,/pnh-wellness-shop/p/anti-inflammatory-recipe-book,Anti-Inflammatory Recipe Book — Panka Natural Health,1,1,1
2024|11,/pnh-wellness-shop/p/dairy-free-gluten-free-recipe-book,Dairy-Free & Gluten-Free Recipe Book — Panka Natural Health,2,1,1
2024|11,/pnh-wellness-shop/p/nail-fungus-relief,Nail Fungus Relief — Panka Natural Health,3,1,1
2024|11,/prepare-for-your-visit,Prepare for Your Visit to Panka Natural Health - Get the Most Out of Your Appointment — Panka Natural Health,8,7,7
2024|11,/product-guide,Product Guide — Panka Natural Health,16,11,5
2024|11,/schedule-an-appointment,Schedule an Appointment with Panka Natural Health - Take the First Step Towards Better Health — Panka Natural Health,84,82,45
2024|11,/schedule-an-appointment?fbclid=IwZXh0bgNhZW0CMTEAAR025t261AImyPtnGvLb4KtCbhC1hdI2_Un1vqeRYZcEXeCpizHSWYh1oHw_aem_v_b4vxnED34hcPDs1ml7Kw,Schedule an Appointment with Panka Natural Health - Take the First Step Towards Better Health — Panka Natural Health,1,1,1
2024|11,/schedule-an-appointment?fbclid=IwZXh0bgNhZW0CMTEAAR2lxaJx2Y0MQmGybg0nmnJNbjzVM79JbmPO7rcfO_y1IY8ZfsY6M9BhUd4_aem_3ExWKOuTULr9T8uVnyCJEw,Schedule an Appointment with Panka Natural Health - Take the First Step Towards Better Health — Panka Natural Health,1,1,1
2024|11,/schedule.php?owner=27943652,Schedule Appointment with Panka Natural Health,1,1,1
2024|11,/schedule.php?owner=27943652&action=appt&admin=0&template=,Schedule Appointment with Panka Natural Health,3,1,1
2024|11,/schedule.php?owner=27943652&action=appt&ref=email,Schedule Appointment with Panka Natural Health,2,2,2
2024|11,/schedule.php?owner=27943652&ref=sched_block,Schedule Appointment with Panka Natural Health,1,1,1
2024|11,/schedule/0081d9d2/confirmation/2faac2ff6d17fb4852a6a69707e3bbf1?ref=email,Schedule Appointment with Panka Natural Health,1,1,1
2024|11,/schedule/0081d9d2?ref=sched_block,Schedule Appointment with Panka Natural Health,1,1,1
2024|11,/trusted-providers,Team 1 — Panka Natural Health,7,4,1
2024|11,/wellness-community,Team 1 — Panka Natural Health,9,6,1
2024|11,/wellness-shop/p/nail-fungus-relief,Panka Natural Health,6,2,2
2024|11,/whypnh,Why Choose Panka Natural Health for Your Holistic Health Needs — Panka Natural Health,24,18,9
2024|11,/womens-health,Women's Health — Panka Natural Health,1,1,1
2024|12,/,"PNH | Naturopathic Family Medicine in Hopkins, MN",383,365,285
2024|12,/?fbclid=IwZXh0bgNhZW0CMTEAAR0Fh-VXF48_Zru5qkEF9aZx4gFAZjPxwhmc_Sw7rDvLETwogiqJ4GZLNJ4_aem_AsE7LlyKmRAH6PhBif_jhw,"PNH | Naturopathic Family Medicine in Hopkins, MN",1,1,1
2024|12,/?fbclid=IwZXh0bgNhZW0CMTEAAR0ie1DkHxGzCzgZUPvcL2kAKtJwnr0t9GGU5bPXiM6NaJbIRY9tqizjfqk_aem_Pnllg4VvI072qdi7mvazDg,"PNH | Naturopathic Family Medicine in Hopkins, MN",1,1,1
2024|12,/?fbclid=IwZXh0bgNhZW0CMTEAAR1SITu7wGINz24tIL6D9nKpf1gtkQ9w-5ebAPocT9NmD_XXn-6dVtaL_YE_aem_-Dc1k5QWfFlGgxYFcJHiAg,"PNH | Naturopathic Family Medicine in Hopkins, MN",1,1,1
2024|12,/?fbclid=IwZXh0bgNhZW0CMTEAAR1ZVwOKDyM7XR-nJWGwTAjvpNhMXkCx81DbAMfjve12NIEMBtld6nqAeS0_aem_3kSaJh6PUFx6XHP2O1mAjA,"PNH | Naturopathic Family Medicine in Hopkins, MN",1,1,1
2024|12,/?fbclid=IwZXh0bgNhZW0CMTEAAR1_7o7etqHdtB6n3ooo5zA4jiGmNuUP2l-kkJCqRhLTiEGMdWRI8hOTE-E_aem_5n8F0hUTzSCQekBeRH2fTQ,"PNH | Naturopathic Family Medicine in Hopkins, MN",1,1,1
2024|12,/?fbclid=IwZXh0bgNhZW0CMTEAAR1pomv-iibwqJBalGaqGS2t3sSP9MF9YZJzlPvbTm_m7LAEa_lfAhQiOiU_aem_lgZpo_LaAkMOfJL8wBLhdQ,"PNH | Naturopathic Family Medicine in Hopkins, MN",1,1,1
2024|12,/?fbclid=IwZXh0bgNhZW0CMTEAAR2BOARTbS9SFq9ocdR-71sQ9EzaaspaagfkhacSsT9R6j3-f5S0CosXuu4_aem_36CkYFVU9m0iWEQqlMlPew,"PNH | Naturopathic Family Medicine in Hopkins, MN",1,1,1
2024|12,/?fbclid=IwZXh0bgNhZW0CMTEAAR2P8U0VJOM5uOSIUK8JXdnYi4Wk--X7QUvvx18eqvOAUXSjFsVUWIYXxd0_aem_9m_AZYOI3UJGrcrybqgCnQ,"PNH | Naturopathic Family Medicine in Hopkins, MN",1,1,1
2024|12,/?fbclid=IwZXh0bgNhZW0CMTEAAR2lFKARCidndbod43R2WwRRNsfNlmt1PDYmea3z87vjcqPiwDM43QF2xKU_aem_Zz9okU8EePBkpAopzPaurQ,"PNH | Naturopathic Family Medicine in Hopkins, MN",1,1,1
2024|12,/?fbclid=IwZXh0bgNhZW0CMTEAAR2pvDkguyv4l0VV4zLdazdLtCVKcj4IyMkDl-Mdn7qSeC2MmcDcKQRDmP0_aem_FGPMbsfNM_9YAp_BbfZbPQ,"PNH | Naturopathic Family Medicine in Hopkins, MN",1,1,1
2024|12,/?fbclid=IwZXh0bgNhZW0CMTEAAR37Ulvjnx-VIiu4Vw8PvD9Epealli7oR9IaUdaRyPnOPAWHj2fSPR8fEZw_aem_xs7H7p5mbuIMfPMdP_SO2Q,"PNH | Naturopathic Family Medicine in Hopkins, MN",1,1,1
2024|12,/?fbclid=PAZXh0bgNhZW0CMTEAAaaVQwUcQGsnFaMGZKKJ2P9sjJ9u02kOd2nG7ijt3_jsBSzt5w3VkFmgr3s_aem_AuG-XXE0HSg7WrQV3Z5NEw,"PNH | Naturopathic Family Medicine in Hopkins, MN",1,1,1
2024|12,/?fbclid=PAZXh0bgNhZW0CMTEAAabBre8-DZZCDhRlOGHwbLcViWAuFBwNSOPeFl3NSkUBcL7SI3aHNCTiPiI_aem_wfNowscayFBWOHxktp5tng,"PNH | Naturopathic Family Medicine in Hopkins, MN",1,1,1
2024|12,/?fbclid=PAZXh0bgNhZW0CMTEAAabYVA3EdJ2fkbg9e1fBX5mvr7P958HZHm0IvgzGGgL-ql9v2ZtPJTI3koo_aem_Tltq9xk9bD5Wpv9uH8Fxbw,"PNH | Naturopathic Family Medicine in Hopkins, MN",1,1,1
2024|12,/blog,Stay Informed and Empowered with Panka Natural Health's Blog - Your Source for Holistic Health Information — Panka Natural Health,14,12,8
2024|12,/blog/2017/7/17/food-preservatives,Panka Natural Health,1,1,1
2024|12,/blog/fiberfocus,Fiber Focus: The Top Foods and Supplements to Keep You Regular — Panka Natural Health,8,8,5
2024|12,/blog/health-alerts-for-eden-prairie-spring-water,Health Alerts for Eden Prairie Spring Water — Panka Natural Health,6,8,6
2024|12,/blog/naturopathic-first-aid-kit,Naturopathic First Aid Kit — Panka Natural Health,1,1,1
2024|12,/blog/nutrient-spotlight-foods-rich-in-calcium,Nutrient Spotlight: Foods Rich in Calcium — Panka Natural Health,2,2,2
2024|12,/blog/sunburn-protection-with-lycopene-rich-foods,Sunburn Protection with Lycopene-Rich Foods — Panka Natural Health,2,2,1
2024|12,/blog/the-amazing-health-benefits-of-regular-sauna-use,The Health Benefits of Regular Sauna Use — Panka Natural Health,18,18,12
2024|12,/blog/the-synergy-of-functional-and-naturopathic-medicine-a-holistic-approach-to-health-in-minnesota,The Similarities of Functional & Naturopathic Medicine — Panka Natural Health,1,1,1
2024|12,/blog/what-to-expect-from-a-naturopathic-doctor,What to Expect from a Naturopathic Doctor — Panka Natural Health,9,10,7
2024|12,/cardiovascular-wellness-program,Transformative Heart Care: Dr. Panka's Holistic Cardio Program — Panka Natural Health,6,7,6
2024|12,/cart,Panka Natural Health,2,2,2
2024|12,/checkout?cartToken=HyV5jZtOId3WMjNTKVRAxDR3vIA2Pj8ZxBcwzy-X,Panka Natural Health | Secure Checkout,1,1,1
2024|12,/clinical-laboratory-tests,Clinical Laboratory Tests at Panka Natural Health - Get a Comprehensive Picture of Your Health — Panka Natural Health,22,17,17
2024|12,/contact,Contact Panka Natural Health - Your Partner for Holistic Health and Wellness — Panka Natural Health,23,22,19
2024|12,/dietary-supplements,Dietary Supplements at Panka Natural Health - Enhance Your Health Naturally — Panka Natural Health,15,11,8
2024|12,/events,Events — Panka Natural Health,5,4,4
2024|12,/events/essential-tips-for-supporting-your-childs-immune-function-this-cold-and-flu-season,Essential Tips for Supporting Your Child's Immune Function This Cold and Flu Season with Live Q&A — Panka Natural Health,6,2,2
2024|12,/events/introducing-dr-jacob-pankas-cardiovascular-wellness-program,Holistic Cardiovascular Wellness Program with Dr. Jacob Panka — Panka Natural Health,5,2,2
2024|12,/events/menstrual-cycles-tracking-for-health-and-fertility-awareness,Tracking Menstrual Cycles for Health and Fertility Awareness — Panka Natural Health,5,2,2
2024|12,/events/natural-remedies-for-cold-and-flu-season,Free Online Webinar: Natural Remedies for Cold and Flu Season — Panka Natural Health,2,2,2
2024|12,/events/what-is-naturopathic-medicine-live-qa-with-dr-jacob-panka,What is Naturopathic Medicine? - Live Q&A with Dr. Jacob Panka — Panka Natural Health,4,2,2
2024|12,/faq,Get Answers to Your Questions at Panka Natural Health's FAQ Page - Your Resource for Holistic Health Information — Panka Natural Health,14,12,12
2024|12,/holistic-diabetes-care,Holistic Diabetes Care — Panka Natural Health,8,6,2
2024|12,/iron-blood-testing,Comprehensive Iron Blood Testing – Check Iron Levels for Health | Panka Natural Health — Panka Natural Health,2,3,3
2024|12,/meal-plans-and-recipe-books,Meal Plans and Recipe Books — Panka Natural Health,4,4,4
2024|12,/meet-dr-haley,"Meet Dr. Haley Panka - Naturopathic Doctor in Hopkins, MN — Panka Natural Health",46,43,38
2024|12,/meet-dr-jacob,"Meet Dr. Jacob Panka - Naturopathic Doctor in Hopkins, MN — Panka Natural Health",17,16,14
2024|12,/nail-fungus-relief,Nail Fungus Relief — Panka Natural Health,4,4,2
2024|12,/naturopathic-medicine,"Naturopathic Medicine at Panka Natural Health - A Functional, Holistic, and Integrative Approach — Panka Natural Health",25,20,18
2024|12,/patient-portal,Access Your Patient Portal at Panka Natural Health - Stay Connected with Your Health — Panka Natural Health,13,14,9
2024|12,/pnh-fullscript,Shop for High-Quality Supplements at PNH Online Medicinary - Support Your Health Naturally — Panka Natural Health,12,9,8
2024|12,/pnh-online-medicinary,Panka Natural Health,1,2,1
2024|12,/pnh-wellness-shop,PNH Wellness Shop — Panka Natural Health,3,3,3
2024|12,/pnh-wellness-shop/p/nail-fungus-relief,Nail Fungus Relief — Panka Natural Health,3,3,2
2024|12,/prepare-for-your-visit,Prepare for Your Visit to Panka Natural Health - Get the Most Out of Your Appointment — Panka Natural Health,3,3,3
2024|12,/product-guide,Product Guide — Panka Natural Health,4,3,3
2024|12,/schedule-an-appointment,Schedule an Appointment with Panka Natural Health - Take the First Step Towards Better Health — Panka Natural Health,58,51,36
2024|12,/schedule-appointment,Panka Natural Health,1,1,1
2024|12,/schedule/0081d9d2,Schedule Appointment with Panka Natural Health,1,3,2
2024|12,/schedule/0081d9d2/category/Follow-up%20Appointment,Schedule Appointment with Panka Natural Health,3,2,2
2024|12,/schedule/0081d9d2/category/Follow-up%20Appointment/appointment/41838350,Schedule Appointment with Panka Natural Health,2,2,2
2024|12,/schedule/0081d9d2/category/Follow-up%20Appointment/appointment/41838350/calendar/7700282,Schedule Appointment with Panka Natural Health,2,2,2
2024|12,/schedule/0081d9d2/category/Follow-up%20Appointment/appointment/41838350/calendar/7700282/datetime/2024-12-23T14:00:00-06:00,Schedule Appointment with Panka Natural Health,1,1,1
2024|12,/schedule/0081d9d2/category/Follow-up%20Appointment/appointment/41838350/calendar/7700282/datetime/2025-01-03T14:45:00-06:00,Schedule Appointment with Panka Natural Health,1,1,1
2024|12,/schedule/0081d9d2/category/Follow-up%20Appointment/appointment/41838350/calendar/7700282/datetime/2025-01-03T14:45:00-06:00/payment,Schedule Appointment with Panka Natural Health,1,1,1
2024|12,/schedule/0081d9d2/category/Follow-up%20Appointment/appointment/41839134/calendar/7700282?ref=email,Schedule Appointment with Panka Natural Health,1,1,1
2024|12,/schedule/0081d9d2/category/Follow-up%20Appointment/appointment/41839134?ref=email,Schedule Appointment with Panka Natural Health,1,1,1
2024|12,/schedule/0081d9d2/category/Follow-up%20Appointment?ref=email,Schedule Appointment with Panka Natural Health,1,1,1
2024|12,/schedule/0081d9d2/category/Introductory%20Phone%20Call/appointment/41826455/calendar/7700282/datetime/2024-12-11T10:15:00-05:00?ref=sched_block,Schedule Appointment with Panka Natural Health,1,1,1
2024|12,/schedule/0081d9d2/category/Introductory%20Phone%20Call/appointment/41826455/calendar/7700282?ref=sched_block,Schedule Appointment with Panka Natural Health,1,1,1
2024|12,/schedule/0081d9d2/category/Introductory%20Phone%20Call/appointment/41826455?ref=sched_block,Schedule Appointment with Panka Natural Health,1,1,1
2024|12,/schedule/0081d9d2/confirmation/aad616b732011e8d8b4caeb46eddc41e?ref=email,Schedule Appointment with Panka Natural Health,0,2,1
2024|12,/schedule/0081d9d2/confirmation/b44440d80a8db60d37acd2b4e3105bb6?ref=email,Schedule Appointment with Panka Natural Health,0,1,1
2024|12,/schedule/0081d9d2/confirmation/b44440d80a8db60d37acd2b4e3105bb6?ref=sched_block,Schedule Appointment with Panka Natural Health,1,1,1
2024|12,/schedule/0081d9d2/confirmation/c79b0378bed57bb7899acecd4cd9d016,Schedule Appointment with Panka Natural Health,1,1,1
2024|12,/schedule/0081d9d2/confirmation/c79b0378bed57bb7899acecd4cd9d016?ref=email,Schedule Appointment with Panka Natural Health,0,1,1
2024|12,/schedule/0081d9d2/confirmation/ec8292090b4efd3a97d66d386405f730?ref=email,Schedule Appointment with Panka Natural Health,2,2,2
2024|12,/schedule/0081d9d2/confirmation/ec8292090b4efd3a97d66d386405f730?ref=sched_block,Schedule Appointment with Panka Natural Health,1,1,1
2024|12,/schedule/0081d9d2?ref=email,Schedule Appointment with Panka Natural Health,1,1,1
2024|12,/schedule/0081d9d2?ref=sched_block,Schedule Appointment with Panka Natural Health,3,3,2
2024|12,/wellness-community,Team 1 — Panka Natural Health,2,1,1
2024|12,/wellness-shop/meal-plan,Panka Natural Health,1,1,1
2024|12,/whypnh,Why Choose Panka Natural Health for Your Holistic Health Needs — Panka Natural Health,5,5,5
2025|01,/,"Naturopathic Family Medicine in Hopkins, MN | Holistic Care",193,164,128
2025|01,/,"PNH | Naturopathic Family Medicine in Hopkins, MN",168,151,99
2025|01,"/,",Panka Natural Health,1,1,1
2025|01,/?fbclid=IwZXh0bgNhZW0CMTEAAR05qsMPkZ01AQCRTVOBQMpIzQ0sf36kSarfku8cEilKKQeWOV78oBuSqnQ_aem_nGEbppjhge7AyapoZoO6AA,"Naturopathic Family Medicine in Hopkins, MN | Holistic Care",1,1,1
2025|01,/?fbclid=IwZXh0bgNhZW0CMTEAAR0JMvDULRq4da8G-Tll1exCreo1eWFludqtvUnygSHnnnjtUO1PHwy_C1w_aem_MellJtgVLqVPqRjCUVryhw,"Naturopathic Family Medicine in Hopkins, MN | Holistic Care",1,1,1
2025|01,/?fbclid=IwZXh0bgNhZW0CMTEAAR0LJ0NBbe1FOI1jEkWlJ1-dwd2_FSzMn78gCspQCU9spJ1MPP0z7-Ouds8_aem_iEkbp0ug6IldTBXZ5SXPVQ,"PNH | Naturopathic Family Medicine in Hopkins, MN",1,1,1
2025|01,/?fbclid=IwZXh0bgNhZW0CMTEAAR0nc-svlx-043MF0TFhUzJFgeLdg5-JzXmLmA0UdMFqRBtn-OSFwRR38sY_aem_has2EAqrMCl1tcpA1AQCGw,"Naturopathic Family Medicine in Hopkins, MN | Holistic Care",1,1,1
2025|01,/?fbclid=IwZXh0bgNhZW0CMTEAAR0sd7rLD_SkXj6eralLzAiV-hzZ5z8ojJLjMtMyyUNBLWROtAbow3Tp21U_aem_P1CCUyrEGTUCUiYzPn78GA,"PNH | Naturopathic Family Medicine in Hopkins, MN",1,1,1
2025|01,/?fbclid=IwZXh0bgNhZW0CMTEAAR14E0qMSSBskj8eidQ2IkdCtdiCqosm96p83LeetVkOegjSGJ18Ot6b6yg_aem_Drxy3-AhQGbIg2eF22G1qw,"PNH | Naturopathic Family Medicine in Hopkins, MN",1,1,1
2025|01,/?fbclid=IwZXh0bgNhZW0CMTEAAR1LLDK8W-oZ7xEJEoEu9BMiIVFdzbj8pXq9f_yz3HjQBlZOCJ-uV13b9AQ_aem_f_EfEW-BlIchnEK2XRk_-w,"Naturopathic Family Medicine in Hopkins, MN | Holistic Care",1,1,1
2025|01,/?fbclid=IwZXh0bgNhZW0CMTEAAR1MDPDPxzjgjcfYrzy7cUXKvqXVv4I9gsehGPvAbPWb6Rm43Y5m99-U0zw_aem__3zF81OIW-R-xJIYeMHDEA,"Naturopathic Family Medicine in Hopkins, MN | Holistic Care",1,1,1
2025|01,/?fbclid=IwZXh0bgNhZW0CMTEAAR1RAGQyzTShKy8_U3DuwsNkra9zz-Aa9xTTgPTGxerFgwEQEM8pEp5954E_aem_OC5fTwWvX_DwqtWDjY3Eow,"PNH | Naturopathic Family Medicine in Hopkins, MN",1,1,1
2025|01,/?fbclid=IwZXh0bgNhZW0CMTEAAR1Yb53gw1Ejp1fjgOAH2k1uGInjv-Xxja_iEhOY-sVk2D5LWU5NwvUMzZw_aem_u9d6yWZLSA85MbOX42ZXPg,"PNH | Naturopathic Family Medicine in Hopkins, MN",1,1,1
2025|01,/?fbclid=IwZXh0bgNhZW0CMTEAAR1h6Z2jXQIsoty0-2EWMOwOWXHKRT2CHkzrPEZxzbaYmepPWzMc5kCQ30Q_aem_mXGKQ-PlM_Q6HUW3yUBaNw,"PNH | Naturopathic Family Medicine in Hopkins, MN",1,1,1
2025|01,/?fbclid=IwZXh0bgNhZW0CMTEAAR1oxSNtDTU_eKeG4w41Y5rLvLr8n7hFYx9t5eZReCF2vUFRN6ba7rtRSSY_aem_1v40FhqHyri0hq1OKgUH6g,"Naturopathic Family Medicine in Hopkins, MN | Holistic Care",1,1,1
2025|01,/?fbclid=IwZXh0bgNhZW0CMTEAAR1qviWECpHbRfGUR1S-LTMCTAemfLE0t1HV5AAZsgtyRejUGF7kThzzNIg_aem_Fo7vCm_Gt28YmHHVr9fyMQ,"Naturopathic Family Medicine in Hopkins, MN | Holistic Care",1,1,1
2025|01,/?fbclid=IwZXh0bgNhZW0CMTEAAR20eYhdOvE0ryUnIhn5mk2lVF_kEUGdixkgtssCy8EloHEjHZclIu2YbJw_aem_10f6kRdRy11x3-asvpfyEg,"Naturopathic Family Medicine in Hopkins, MN | Holistic Care",1,1,1
2025|01,/?fbclid=IwZXh0bgNhZW0CMTEAAR20h5NOgWsAtIzVLYm122HBufVaW2IV52RXi1mh5a7eONHKIf6mzTnxdXM_aem_QL23DscWAfGpb6W_pWYKew,"Naturopathic Family Medicine in Hopkins, MN | Holistic Care",1,1,1
2025|01,/?fbclid=IwZXh0bgNhZW0CMTEAAR2m79ES4Y3xiHxjPl28xgLh0Q9wDlmJzAfLp1dC8tqGE-82zRaOOEb0RFM_aem_Rr-6cQK6FWOnYI_LiViM4w,"Naturopathic Family Medicine in Hopkins, MN | Holistic Care",2,2,2
2025|01,/?fbclid=IwZXh0bgNhZW0CMTEAAR2npPnIsAevAZYQgOSUFX4GN8GuUC_dWWkEkTzumhGzPmcLsi7qn-hCe8w_aem_ur0676JiS85TF8_GNaYQ4w,"Naturopathic Family Medicine in Hopkins, MN | Holistic Care",1,1,1
2025|01,/?fbclid=IwZXh0bgNhZW0CMTEAAR2q6oLJA4FcPBsWUK11MK9eFnz1VJLtouvaiC5WYpNfN9SowecxcpartOI_aem_bsDwaVEe-3PbCJWIsq0DNg,"PNH | Naturopathic Family Medicine in Hopkins, MN",1,1,1
2025|01,/?fbclid=IwZXh0bgNhZW0CMTEAAR2quqwtCkJmLWwCGlHDTVIkruPqx6R7PNVvExzj0faJxSR1zvVt22UwSUM_aem_JtLz6sABrLj7CAsQAb_Nlg,"Naturopathic Family Medicine in Hopkins, MN | Holistic Care",1,1,1
2025|01,/?fbclid=IwZXh0bgNhZW0CMTEAAR3DA8lW-cWnI5gwnuXzsvKUxzeLwRFZWrY4dlb1ZsYWuoTdRBbez22BwrA_aem_ayBl2dqAy0SXbivW3H6J0w,"Naturopathic Family Medicine in Hopkins, MN | Holistic Care",1,1,1
2025|01,/?fbclid=IwZXh0bgNhZW0CMTEAAR3Nj1BiWSWgiJnQAGQkqx-QNr_XX-C04NuqBRYn_BAquzJZkRebzN6Rda8_aem_IxBYj5xsEAC4FCPWlwVIqg,"PNH | Naturopathic Family Medicine in Hopkins, MN",1,1,1
2025|01,/?fbclid=IwZXh0bgNhZW0CMTEAAR3SRB2LSd2Yq3lIhYW8WGQdMZKQscW6baM5AlvAChHQ8fUrC4MOdyJW158_aem_gAD1LgaVfZ2xeiLxw931xA,"Naturopathic Family Medicine in Hopkins, MN | Holistic Care",1,1,1
2025|01,/?fbclid=IwZXh0bgNhZW0CMTEAAR3U1D0-8EulmF_VFu-6nWvJVubx5YcPNMPHfkzk8YDf_Up4F4eZO-BuUqM_aem_51NznW-OC1YGGFTrgkrEUg,"PNH | Naturopathic Family Medicine in Hopkins, MN",1,1,1
2025|01,/?fbclid=IwZXh0bgNhZW0CMTEAAR3fEz49m6WdQ9g8tD1wLtkIPv8c5tcMzaW7mOQtQqpMg34AvRE4ipvhjaw_aem_wA-UlCOgXZAigjohOSBKAg,"Naturopathic Family Medicine in Hopkins, MN | Holistic Care",1,1,1
2025|01,/?fbclid=IwZXh0bgNhZW0CMTEAAR3hzMKEy8f56eyyj6ikh8VhpChQtHUAmYRMs3310Gi6ZyfhJ4C-H0YzzPc_aem_iWxqOrOi6pQj3SwgCZEMBQ,"Naturopathic Family Medicine in Hopkins, MN | Holistic Care",1,1,1
2025|01,/?fbclid=IwZXh0bgNhZW0CMTEAAR3nz47g1NK6U5SPuoZ861roz2Rom45Zm5a1p2a4tay8YULLCiMJSdfDSds_aem_oZlIOiNGqMUawByVC_LR3Q,"Naturopathic Family Medicine in Hopkins, MN | Holistic Care",1,1,1
2025|01,/?fbclid=IwZXh0bgNhZW0CMTEAAR3qkeHup4TKkLuCTTw6wVQ7L9_BOyaQSA8FX7Nh0QDQ6I-1s_8jFb01AGQ_aem_NyZolgpAiOsCk2I_oVGijg,"Naturopathic Family Medicine in Hopkins, MN | Holistic Care",1,1,1
2025|01,/?fbclid=PAZXh0bgNhZW0CMTEAAaYj6g4rdXUjB_szyVcB1KhqZxBFC4SnfkuLKdZaxvXlgLHiUL_OeNv4r0U_aem_8pjkgvj9DpogmiA01KC1JQ,"PNH | Naturopathic Family Medicine in Hopkins, MN",1,1,1
2025|01,/?fbclid=PAZXh0bgNhZW0CMTEAAaZleDfNcnN0-2ivm7xuJy_7UiQaAbjNRsI2NPdmuHc_0S9JAXGYq9FgMNc_aem_kEggai87y5efzJ8DxW9BKA,"Naturopathic Family Medicine in Hopkins, MN | Holistic Care",1,1,1
2025|01,/?fbclid=PAZXh0bgNhZW0CMTEAAaaGbKno1ylmy43T8oD4JHxoFyLeT1AENbhLSyt25_H_zRfVR2Bb6HpX1fo_aem_8OhxdOztKW0y1kGLY0uAJA,"PNH | Naturopathic Family Medicine in Hopkins, MN",1,1,1
2025|01,/?fbclid=PAZXh0bgNhZW0CMTEAAaan9vXSepifQBgvZ0eetCQEHuN_ndt376075ZZi7HoL8DsKf48Di9RyGDQ_aem_LrMSOApXmWbS5KmBbiipKg,"PNH | Naturopathic Family Medicine in Hopkins, MN",1,1,1
2025|01,/?fbclid=PAZXh0bgNhZW0CMTEAAab19ZOuESqK7ArPpEB5zaGIevgQodtwJ2kaGS94quOeQBnJVz_Hmvze_GA_aem_g5YRq5yfpcnw0hRoZzTqPQ,"PNH | Naturopathic Family Medicine in Hopkins, MN",1,1,1
2025|01,/?fbclid=PAZXh0bgNhZW0CMTEAAab7grRUhW2Vi-VK7B_-D8qDtL1WJ78IXL9I6fpwFvRBwq2l9a1_W99XiYM_aem_eEEuVbHocKmqEPa4UI8Aig,"Naturopathic Family Medicine in Hopkins, MN | Holistic Care",1,1,1
2025|01,/?fbclid=PAZXh0bgNhZW0CMTEAAabrylxrrbpv5alLh_O-beIPIvDrXnbC0wrPiP-39BdBVlp7SkFus0mpbts_aem_sBH6sVmJXBiahC94z-gHkA,"Naturopathic Family Medicine in Hopkins, MN | Holistic Care",1,1,1
2025|01,/blog,Holistic Health Blog | Naturopathic Wellness & Natural Remedies — Panka Natural Health,9,9,7
2025|01,/blog,Stay Informed and Empowered with Panka Natural Health's Blog - Your Source for Holistic Health Information — Panka Natural Health,7,6,3
2025|01,/blog/2022/10/26/naturopathic-first-aid-kit,Panka Natural Health,2,1,1
2025|01,/blog/4njms1pm5qhtpom8ybdoyqym08az1u,— Panka Natural Health,1,1,1
2025|01,/blog/4zy45gqedrtza8uwucxv09h1z50k1i,— Panka Natural Health,2,1,1
2025|01,/blog/a-food-guide-of-the-essential-minerals-of-health,A Food Guide of the Essential Minerals for Health — Panka Natural Health,1,1,1
2025|01,/blog/byiv1d9mjppo1g1ajz50nruuo3a37d,Avoid These Risks of DIY Health | Trusted Guidance Tips — Panka Natural Health,2,2,1
2025|01,/blog/byiv1d9mjppo1g1ajz50nruuo3a37d,— Panka Natural Health,2,1,1
2025|01,/blog/health-alerts-for-eden-prairie-spring-water,Health Alerts for Eden Prairie Spring Water — Panka Natural Health,8,10,8
2025|01,/blog/lnyi7l1l8esn81jxbswcug77menklm,— Panka Natural Health,2,1,1
2025|01,/blog/naturopathic-medicine-provides-a-holistic-approach,Naturopathic Medicine Provides a Holistic Approach to Health — Panka Natural Health,4,4,3
2025|01,/blog/nutrient-spotlight-foods-rich-in-calcium,Nutrient Spotlight: Foods Rich in Calcium — Panka Natural Health,1,1,1
2025|01,/blog/sunburn-protection-with-lycopene-rich-foods,Sunburn Protection with Lycopene-Rich Foods — Panka Natural Health,7,6,1
2025|01,/blog/the-amazing-health-benefits-of-regular-sauna-use,The Health Benefits of Regular Sauna Use — Panka Natural Health,1,1,1
2025|01,/blog/the-synergy-of-functional-and-naturopathic-medicine-a-holistic-approach-to-health-in-minnesota,The Similarities of Functional & Naturopathic Medicine — Panka Natural Health,1,1,1
2025|01,/blog/uygwykx9ur365oqkabwomyc967b9zw,Why Centrum Might Be the Worst Multivitamin for You — Panka Natural Health,1,1,1
2025|01,/blog/uygwykx9ur365oqkabwomyc967b9zw,— Panka Natural Health,1,1,1
2025|01,/blog/what-to-expect-from-a-naturopathic-doctor,What to Expect from a Naturopathic Doctor — Panka Natural Health,6,6,5
2025|01,/blog/what-you-need-to-know-about-radon-and-your-health,What You Need to Know About Radon and Your Health — Panka Natural Health,3,2,1
2025|01,/blog/xnrjju7yshkzdeyy51gplhkqnczm43,— Panka Natural Health,1,1,1
2025|01,/cardiovascular-wellness-program,Holistic Care for Heart Health | Cardiovascular Wellness Program — Panka Natural Health,2,2,2
2025|01,/cardiovascular-wellness-program,Transformative Heart Care: Dr. Panka's Holistic Cardio Program — Panka Natural Health,4,4,4
2025|01,/cart,Panka Natural Health,3,3,3
2025|01,/checkout?cartToken=MrHlcGVjM1VtgzF0rUTVOEf26TLcytwVNB_e1fcJ,Panka Natural Health | Secure Checkout,1,1,1
2025|01,/clinical-laboratory-tests,Clinical Laboratory Tests at Panka Natural Health - Get a Comprehensive Picture of Your Health — Panka Natural Health,14,13,12
2025|01,/clinical-laboratory-tests,"Comprehensive Naturopathic Lab Testing in Hopkins, MN — Panka Natural Health",11,10,9
2025|01,/commerce/orders/bf7d2559-e8cb-4f82-b799-6dcdc36ec00d,Panka Natural Health: Order Status,1,1,1
2025|01,/contact,Contact Panka Natural Health - Your Partner for Holistic Health and Wellness — Panka Natural Health,9,10,8
2025|01,/contact,Contact Panka Natural Health | Naturopathic Medicine in Hopkins — Panka Natural Health,8,9,8
2025|01,/dietary-supplements,Dietary Supplements at Panka Natural Health - Enhance Your Health Naturally — Panka Natural Health,3,3,2
2025|01,/dietary-supplements,Order Clinical-Grade Supplements | Panka Natural Health — Panka Natural Health,12,9,8
2025|01,/events,Events — Panka Natural Health,6,6,6
2025|01,/faq,Get Answers to Your Questions at Panka Natural Health's FAQ Page - Your Resource for Holistic Health Information — Panka Natural Health,40,32,25
2025|01,/holistic-diabetes-care,"Holistic Diabetes Care with Naturopathic Medicine | Hopkins, MN — Panka Natural Health",4,4,4
2025|01,/holistic-diabetes-care,Holistic Diabetes Care — Panka Natural Health,6,6,5
2025|01,/iron-blood-testing,Comprehensive Iron Blood Testing | Naturopathic Medicine MN — Panka Natural Health,5,6,5
2025|01,/iron-blood-testing,Comprehensive Iron Blood Testing – Check Iron Levels for Health | Panka Natural Health — Panka Natural Health,3,3,3
2025|01,/meal-plans-and-recipe-books,Meal Plans & Recipe Books by NDs | PNH Wellness Shop — Panka Natural Health,3,4,3
2025|01,/meal-plans-and-recipe-books,Meal Plans and Recipe Books — Panka Natural Health,3,4,4
2025|01,/meet-dr-haley,"Meet Dr. Haley Panka - Naturopathic Doctor in Hopkins, MN — Panka Natural Health",29,27,20
2025|01,/meet-dr-haley,"Naturopathic Family Medicine | Dr. Haley Panka in Hopkins, MN — Panka Natural Health",43,36,32
2025|01,/meet-dr-jacob,"Meet Dr. Jacob Panka - Naturopathic Doctor in Hopkins, MN — Panka Natural Health",12,13,10
2025|01,/meet-dr-jacob,Naturopathic Medicine & Integrative Health | Dr. Jacob Panka — Panka Natural Health,22,23,19
2025|01,/nail-fungus-relief,Fast-Acting Natural Nail Fungus Relief | Panka Natural Health — Panka Natural Health,3,3,3
2025|01,/nail-fungus-relief,Nail Fungus Relief — Panka Natural Health,4,3,3
2025|01,/naturopathic-medicine,"Naturopathic Medicine at Panka Natural Health - A Functional, Holistic, and Integrative Approach — Panka Natural Health",19,16,15
2025|01,/naturopathic-medicine,"Naturopathic Medicine in Hopkins, MN | Panka Natural Health — Panka Natural Health",16,17,15
2025|01,/patient-portal,Access Your Patient Portal at Panka Natural Health - Stay Connected with Your Health — Panka Natural Health,11,12,7
2025|01,/pnh-fullscript,Shop for High-Quality Supplements at PNH Online Medicinary - Support Your Health Naturally — Panka Natural Health,3,3,3
2025|01,/pnh-wellness-shop,PNH Wellness Shop — Panka Natural Health,7,3,3
2025|01,/pnh-wellness-shop/p/nail-fungus-relief,Nail Fungus Relief — Panka Natural Health,2,2,2
2025|01,/preferences.php?tab=schedule&calendar=parent:8024328%3C%3EAmerica/Chicago,Panka Natural Health,2,2,1
2025|01,/prepare-for-your-visit,Prepare for Your Visit to Panka Natural Health - Get the Most Out of Your Appointment — Panka Natural Health,6,6,6
2025|01,/prepare-for-your-visit,"Prepare for Your Visit | Naturopathic Family Medicine in Hopkins, MN — Panka Natural Health",6,6,6
2025|01,/product-guide,Product Guide — Panka Natural Health,11,10,8
2025|01,/schedule-an-appointment,"Schedule Your Naturopathic Appointment in Hopkins, MN — Panka Natural Health",34,31,18
2025|01,/schedule-an-appointment,Schedule an Appointment with Panka Natural Health - Take the First Step Towards Better Health — Panka Natural Health,57,52,31
2025|01,/schedule-an-appointment?fbclid=IwZXh0bgNhZW0BMABhZGlkAasXUyQ23q8BHXEuT3wBicOc5hbqWY-n271SnIFZITtvfXk_JR5gQ_uxy4ks9Kwgd4_baA_aem_t9wY7qRWN9L_Tutjg7BrUg,"Schedule Your Naturopathic Appointment in Hopkins, MN — Panka Natural Health",1,1,1
2025|01,/schedule-an-appointment?fbclid=IwZXh0bgNhZW0BMABhZGlkAasXUyQ23q8BHYJo3IlopJmGVK8IhdDnect8BEqSNc_UtJPJsFk2r0-bukO8VZr_bESRpA_aem_NEJuMsHw-uxIgcm7WmlwoA,"Schedule Your Naturopathic Appointment in Hopkins, MN — Panka Natural Health",1,1,1
2025|01,/schedule-an-appointment?fbclid=IwZXh0bgNhZW0BMABhZGlkAasXUyQ23q8BHb0cR4EfQxpWHzuyJkgTvhB6eFd1hNqEQyFfvab1oOr4JjkR60_MdgODbQ_aem_S8_jt1jySbpZCw9d6kJqJw,"Schedule Your Naturopathic Appointment in Hopkins, MN — Panka Natural Health",1,1,1
2025|01,/schedule-an-appointment?fbclid=IwZXh0bgNhZW0BMABhZGlkAasXUyQ23q8BHfz2UmV08l_MS6Z4HbIiI75BRU2jxmiJXa-din9Mg8K4NbxJGapx_Ykyjg_aem_U6Nc-WT_Y3-hODf8F8GAsw,"Schedule Your Naturopathic Appointment in Hopkins, MN — Panka Natural Health",1,1,1
2025|01,/schedule-an-appointment?fbclid=IwZXh0bgNhZW0BMABhZGlkAasXYJ-4_Y8BHQSUQkKAuTiork-3ny1ZUiW5-8o9pLDUn5-UwXjitamNjJpUCIPIK7zq8A_aem_uD7Moz5ZisAx6Fbe4ozFCQ,"Schedule Your Naturopathic Appointment in Hopkins, MN — Panka Natural Health",1,1,1
2025|01,/schedule-an-appointment?fbclid=IwZXh0bgNhZW0BMABhZGlkAasXYJ-4_Y8BHQex4VdB2-1p6SM5Tfbgn9dEvP8FthxmMnsEBGydznIwde36p7ra4I4ERg_aem_z1VwDWEX3dFcPk81QfrhMg,"Schedule Your Naturopathic Appointment in Hopkins, MN — Panka Natural Health",1,1,1
2025|01,/schedule-an-appointment?fbclid=IwZXh0bgNhZW0BMABhZGlkAasXYJ-4_Y8BHSKTJmpLbqI7rUtrky1QZc7Xcyme8RQYrSbTl8KUBoA8gEGXFFYVj1E2OQ_aem_zXskZu8aVcfwuYV2xlDgtg,"Schedule Your Naturopathic Appointment in Hopkins, MN — Panka Natural Health",1,1,1
2025|01,/schedule-an-appointment?fbclid=IwZXh0bgNhZW0BMABhZGlkAasXYJ-4_Y8BHUweoiotCFZDaqG9-KYrG8SE5uajeKbsovzTXooWaYczGt-vSB_qfELayQ_aem_Girp6Vv_0uDcpyOZE9qGLg,"Schedule Your Naturopathic Appointment in Hopkins, MN — Panka Natural Health",1,1,1
2025|01,/schedule-an-appointment?fbclid=IwZXh0bgNhZW0BMABhZGlkAasXYJ-4_Y8BHXSgGjRhinyIR3oDdAIoOgtiee1Zc3PuhMZeEWd-LVGtpktj1JItTKmE3Q_aem_KDym2489UuV3irDk3UmqNg,"Schedule Your Naturopathic Appointment in Hopkins, MN — Panka Natural Health",1,1,1
2025|01,/schedule-an-appointment?fbclid=IwZXh0bgNhZW0BMABhZGlkAasXYJ-4_Y8BHXinYDyihwkq2rQr2rxFKSHT7cz3NIJnyYJmREbUG8lXkIzNoWd_ubjaLw_aem_fiKN1Nla3_LLAnJh4u-WXQ,"Schedule Your Naturopathic Appointment in Hopkins, MN — Panka Natural Health",1,1,1
2025|01,/schedule-an-appointment?fbclid=IwZXh0bgNhZW0BMABhZGlkAasXYJ-4_Y8BHXoy4qM9QHcuRPZ6SH0RZfLoqz_Jtdm_W3uISHDy9uM1Jvy2bjJIrOZjYQ_aem_g2rhgb6YHL2QQ19HB8NvAQ,"Schedule Your Naturopathic Appointment in Hopkins, MN — Panka Natural Health",1,1,1
2025|01,/schedule-an-appointment?fbclid=IwZXh0bgNhZW0BMABhZGlkAasXYJ-4_Y8BHY8qAHz5JOJsBwtua2Vd0mnoKQ9o4CIM3GV2tT2Cpt7WL8fwumJHNQlyfA_aem_12BtAsXXyZ66qpzylMfkXg,"Schedule Your Naturopathic Appointment in Hopkins, MN — Panka Natural Health",1,1,1
2025|01,/schedule-an-appointment?fbclid=IwZXh0bgNhZW0BMABhZGlkAasXYJ-4_Y8BHeD7c97KCKqwXQaWMXmanovREbgVTcL9cFKoGZbOZW-fJA9LyB-5KiKTrg_aem_XdrWARQMlYBbAXQobUSYqA,"Schedule Your Naturopathic Appointment in Hopkins, MN — Panka Natural Health",1,1,1
2025|01,/schedule-an-appointment?fbclid=IwZXh0bgNhZW0BMABhZGlkAasXYJ-4iF8BHTtGPugpdF8doC0vwdsqnsM6v93v0OIOPlluFJyQVx2Tllwi_z8HfdYHzA_aem_ATOG49BvbPVrH_cpZsiVog,"Schedule Your Naturopathic Appointment in Hopkins, MN — Panka Natural Health",1,1,1
2025|01,/schedule-an-appointment?fbclid=IwZXh0bgNhZW0BMABhZGlkAasXYJ-4iF8BHUEcnr5IhGN6h8JFUCK8Ro9bOrnJdllTwfZ_bNorCuwTVQvPkV7Qq1QFVQ_aem_oy4cH331ntsng4gtxhX_Bg,"Schedule Your Naturopathic Appointment in Hopkins, MN — Panka Natural Health",1,1,1
2025|01,/schedule-an-appointment?fbclid=IwZXh0bgNhZW0BMABhZGlkAasXYJ-4iF8BHUiLndh1_ExPI86FHWrylFK87A0zzRer30i20d0ZnSn2yQ9xOkMMh67NlQ_aem_UPvi2gLDTXuphDaIa7UScw,"Schedule Your Naturopathic Appointment in Hopkins, MN — Panka Natural Health",1,1,1
2025|01,/schedule-an-appointment?fbclid=IwZXh0bgNhZW0BMABhZGlkAasXYJ-4iF8BHUtTKUai6Km_gkxIdtE-cV_eGOqMcYZepHJxGVL-LCzcTEGH1VfvBN1QQg_aem_QjQQ9gu4Eip5MRmDuzy_pg,"Schedule Your Naturopathic Appointment in Hopkins, MN — Panka Natural Health",1,1,1
2025|01,/schedule-an-appointment?fbclid=IwZXh0bgNhZW0BMABhZGlkAasXYJ-4iF8BHW4qwYAsDwjuNvdZ_v0fe8t9BZkU0zlF-zKWTnbMthHQvok6wuEHYXbeDg_aem_ogimVQmykAYGgf4w6NmPPw,"Schedule Your Naturopathic Appointment in Hopkins, MN — Panka Natural Health",1,1,1
2025|01,/schedule-an-appointment?fbclid=IwZXh0bgNhZW0BMABhZGlkAasXYJ-4iF8BHWUkRcAByNlBthZ-T9GVXBACLmKNzb7fC_zEdewsaEQi3_JGZk6wUxL_qw_aem_Em7_samk2_IYZiI23PzY8A,"Schedule Your Naturopathic Appointment in Hopkins, MN — Panka Natural Health",1,1,1
2025|01,/schedule-an-appointment?fbclid=IwZXh0bgNhZW0BMABhZGlkAasXYJ-4iF8BHWrn5F84cGDmG1NRb6No16vIrhorqR-AmnODOt3mu3GwuLmUN0v-MVwv8g_aem_5FccdImB8nnv4_6Sv82VKA,"Schedule Your Naturopathic Appointment in Hopkins, MN — Panka Natural Health",1,1,1
2025|01,/schedule-an-appointment?fbclid=IwZXh0bgNhZW0BMABhZGlkAasXYJ-4iF8BHXKAHalMxr1CAhfizt7x7VR4pi2rfn9_Qrtjplt-kuO_EpdegayRXXTR-Q_aem_GRAXlhu4qh7Rap62RFpGew,"Schedule Your Naturopathic Appointment in Hopkins, MN — Panka Natural Health",1,1,1
2025|01,/schedule-an-appointment?fbclid=IwZXh0bgNhZW0BMABhZGlkAasXYJ-4iF8BHYlTZtkGE8VAS6fKXYq1F0EgI2kfvoGRHReO0MqBTn_VCDmXDrliC5JOGQ_aem_sYzs4XhW5byP-SYVzWcZVA,"Schedule Your Naturopathic Appointment in Hopkins, MN — Panka Natural Health",1,1,1
2025|01,/schedule-an-appointment?fbclid=IwZXh0bgNhZW0BMABhZGlkAasXYJ-4iF8BHab4JW0fH9mL_oswYTIZaNgyy_KcOQ5vVzsDDLZXHJJQWt0bNPEN2wnyxw_aem_ZGgFqeMkgXCwwHubXpMrNQ,"Schedule Your Naturopathic Appointment in Hopkins, MN — Panka Natural Health",1,1,1
2025|01,/schedule-an-appointment?fbclid=IwZXh0bgNhZW0BMABhZGlkAasXYJ-4iF8BHecsyBKWA5kyS4-Rfq_5Eoj5hHWwXPV50r2fAuo0qFwXNmv_G_K-0D5m6Q_aem_qsKWs_TuVFzt4IkXyP8Gyg,"Schedule Your Naturopathic Appointment in Hopkins, MN — Panka Natural Health",1,1,1
2025|01,/schedule-an-appointment?fbclid=IwZXh0bgNhZW0BMABhZGlkAasXYJ-4iF8BHeia-SqxNmzC-fq1Pb91HaYNmBjq9CGC2kp_e2w_8R-pQE1jO53RCuvxJg_aem_7svzdJ6V6n_O73W_-6sK3g,"Schedule Your Naturopathic Appointment in Hopkins, MN — Panka Natural Health",5,1,1
2025|01,/schedule-an-appointment?fbclid=IwZXh0bgNhZW0BMABhZGlkAasXYJ-4iF8BHfskVLRMIc2nnwkaoHtqkQSmG5G40ZM8yTOM-zTdTd3bMM78DbB2E32fag_aem_R-9OUiHmm7C1WO6R0TE-HQ,"Schedule Your Naturopathic Appointment in Hopkins, MN — Panka Natural Health",1,1,1
2025|01,/schedule-an-appointment?fbclid=IwZXh0bgNhZW0BMABhZGlkAasXlUioOP8BHQR8nolnrJf1worHKGQ477kStjNqAuyM2KA7cu1z6f-zIVwN22u7W1dGuw_aem_KimbDBWuaQE0e7xCtcQ8ng,"Schedule Your Naturopathic Appointment in Hopkins, MN — Panka Natural Health",1,1,1
2025|01,/schedule-an-appointment?fbclid=IwZXh0bgNhZW0BMABhZGlkAasXlUioOP8BHWB0BE5_nKtCQjUe77r2IH3ypksQ79V05RK0QfpGsrRQ3OA5zYoBcJ8b9Q_aem_ZKpGm4wgSqjxfegeQ4GlGQ,"Schedule Your Naturopathic Appointment in Hopkins, MN — Panka Natural Health",1,1,1
2025|01,/schedule-an-appointment?fbclid=IwZXh0bgNhZW0BMABhZGlkAasXlUioOP8BHYPF3lRL1BeGebGONQ9hCll1oUZUNdt3LLWy5F66NZbBBo991dKN-c5AHw_aem_tUvJw0j2XbDvyZdica0tjQ,"Schedule Your Naturopathic Appointment in Hopkins, MN — Panka Natural Health",1,1,1
2025|01,/schedule-an-appointment?fbclid=IwZXh0bgNhZW0BMABhZGlkAasXlUioOP8BHexua4hBbjH-qFRDiuZDP1xwIjSpxZlF-aOKvJ-yZ0hKbumTEw7T9IV-EA_aem_7526Ex5buztJF9ezrGGg8A,"Schedule Your Naturopathic Appointment in Hopkins, MN — Panka Natural Health",1,1,1
2025|01,/schedule-an-appointment?fbclid=IwZXh0bgNhZW0CMTEAAR0HfnlnTPGMR2saNYSjD5KEJNfxdqnFoCE6xOeVw8PBQ3e8mms_ojbPC2E_aem_gErfHL3mJNEauMIuMjGzzw,"Schedule Your Naturopathic Appointment in Hopkins, MN — Panka Natural Health",1,1,1
2025|01,/schedule-an-appointment?fbclid=IwZXh0bgNhZW0CMTEAAR0iNkA6iEqJAZkNuo4I7X-0Y3lc0kwP8gV8WA3ecm1-KAxBYdWsHtGidco_aem_Z3WQMbtaLQ81zhcF6TNeDw,"Schedule Your Naturopathic Appointment in Hopkins, MN — Panka Natural Health",1,1,1
2025|01,/schedule-an-appointment?fbclid=IwZXh0bgNhZW0CMTEAAR18MbdU3tE-ClC9svsG_n558Rfqmzxp35altI-jaKjfIxlMt7ZuOOr6QGg_aem_tBOiBdnWWBYyQgnp9jI2Lg,"Schedule Your Naturopathic Appointment in Hopkins, MN — Panka Natural Health",1,1,1
2025|01,/schedule-an-appointment?fbclid=IwZXh0bgNhZW0CMTEAAR1Nd0cd_tZg8rFyOIa9aUHsgwB0BUV4slNxzyl0RdtdXPA3w2hq7vq9meg_aem_Ybof176s2R8vKwqzWdojdg,"Schedule Your Naturopathic Appointment in Hopkins, MN — Panka Natural Health",1,1,1
2025|01,/schedule-an-appointment?fbclid=IwZXh0bgNhZW0CMTEAAR1kGapwG1kaRjCNfMSrIkFX0HfAoOQJJSTwnCsJdNbDOinHMw6QfQPLnLA_aem_qoOJVoB8is7w0SFxEcwY8A,"Schedule Your Naturopathic Appointment in Hopkins, MN — Panka Natural Health",1,1,1
2025|01,/schedule-an-appointment?fbclid=IwZXh0bgNhZW0CMTEAAR2T70gjTrRGOa8OsWOm0FfiD3m5biTgqQd6i1Y11qUjjqs8hZhiKOCiG9g_aem_0ygSLxk5-NP4ED_VC42PJw,"Schedule Your Naturopathic Appointment in Hopkins, MN — Panka Natural Health",1,1,1
2025|01,/schedule-an-appointment?fbclid=IwZXh0bgNhZW0CMTEAAR2XTaliQDETfpmjAN5HZczW1ONpM3Erojc9r0x8JMwplrYyRTlEodUKQHQ_aem_iHCm02Vw16DFgMgewY3sdw,"Schedule Your Naturopathic Appointment in Hopkins, MN — Panka Natural Health",1,1,1
2025|01,/schedule-an-appointment?fbclid=IwZXh0bgNhZW0CMTEAAR2pXcT5E-DwvIXuBz5hnv-WboJfhW-oPBtiZBRqX6GHRSJjdm6ha7Ll-h8_aem_O1zsOc1fnSepmOpd01KOHw,"Schedule Your Naturopathic Appointment in Hopkins, MN — Panka Natural Health",1,1,1
2025|01,/schedule-an-appointment?fbclid=IwZXh0bgNhZW0CMTEAAR2vu7ki5zw3G6bbTgwLPPWFDWc45sMnwGN3rq7PkLVCRkOQB9K4vNgVJPk_aem_MiLraiYE8faCybrV-fBkIQ,"Schedule Your Naturopathic Appointment in Hopkins, MN — Panka Natural Health",1,1,1
2025|01,/schedule-an-appointment?fbclid=IwZXh0bgNhZW0CMTEAAR3DYG5kXAWNzRRAclMDlaX1Dgeud9ZQQpuJ6raCnNU5IK19PsuPhA5PyBY_aem_vKPwkGBAEZvOzBT3hHwyAg,"Schedule Your Naturopathic Appointment in Hopkins, MN — Panka Natural Health",1,1,1
2025|01,/schedule-an-appointment?fbclid=IwZXh0bgNhZW0CMTEAAR3wRAkrleuaOUL7YI2F_cSqYe66awI4KVt95UgX-uL5v199Ykch9urMxgw_aem_zUu75gaqPN8BNwQPBEaeqw,"Schedule Your Naturopathic Appointment in Hopkins, MN — Panka Natural Health",1,1,1
2025|01,/schedule-an-appointment?fbclid=PAZXh0bgNhZW0CMTEAAaauZaojmh_V82ypDxd3pXeingcecurI6BHQ-TGUmdxQwqXJ0TQiLFEbmFk_aem_tOp58fQJ2F9XMBNNtOiQcQ,Schedule an Appointment with Panka Natural Health - Take the First Step Towards Better Health — Panka Natural Health,1,1,1
2025|01,/schedule/0081d9d2/category/First%20Appointment?ref=sched_block,Schedule Appointment with Panka Natural Health,1,1,1
2025|01,/schedule/0081d9d2/category/Follow-up%20Appointment?ref=sched_block,Schedule Appointment with Panka Natural Health,2,1,1
2025|01,/schedule/0081d9d2/category/Introductory%20Phone%20Call/appointment/41826455/calendar/7700282/datetime/2025-01-31T09:15:00-06:00?ref=sched_block,Schedule Appointment with Panka Natural Health,1,1,1
2025|01,/schedule/0081d9d2/category/Introductory%20Phone%20Call/appointment/41826455/calendar/7700282?ref=sched_block,Schedule Appointment with Panka Natural Health,1,1,1
2025|01,/schedule/0081d9d2/category/Introductory%20Phone%20Call/appointment/41826455?ref=sched_block,Schedule Appointment with Panka Natural Health,1,1,1
2025|01,/schedule/0081d9d2/confirmation/2faac2ff6d17fb4852a6a69707e3bbf1?ref=email,Schedule Appointment with Panka Natural Health,1,1,1
2025|01,/schedule/0081d9d2/confirmation/4ff354da8ddf4946e5614b984fb699eb?ref=email,Schedule Appointment with Panka Natural Health,1,1,1
2025|01,/schedule/0081d9d2/confirmation/64993385ca8fcb7ad7c99fc6a37edb86?ref=email,Schedule Appointment with Panka Natural Health,1,2,1
2025|01,/schedule/0081d9d2/confirmation/b60f9cf5b08c0ed6c7f0a0e5dea89bc6?ref=email,Schedule Appointment with Panka Natural Health,1,1,1
2025|01,/schedule/0081d9d2/confirmation/c689c126436867bd5b0652a1f6e7f1bd?ref=sched_block,Schedule Appointment with Panka Natural Health,1,1,1
2025|01,/schedule/0081d9d2?ref=sched_block,Schedule Appointment with Panka Natural Health,18,11,2
2025|01,/whypnh,"Naturopathic Family Medicine in Hopkins, MN | Panka Natural Health — Panka Natural Health",8,7,7
2025|01,/whypnh,Why Choose Panka Natural Health for Your Holistic Health Needs — Panka Natural Health,5,5,5
2025|02,/,"Naturopathic Family Medicine in Hopkins, MN | Holistic Care",366,311,206
2025|02,/?fbclid=IwY2xjawINKr1leHRuA2FlbQIxMAABHcOZP76c1FFHMeI-yL1tiwy_ZrSYz_EdinNnakw1uAohu1KovJmQvjF9sQ_aem_YeONPAGwExRzLhIpb8-NEw,"Naturopathic Family Medicine in Hopkins, MN | Holistic Care",1,2,1
2025|02,/?fbclid=IwZXh0bgNhZW0CMTEAAR0Cd1LNjdig3flguCMr0hxcryyojN4d8-pdQSmgXeYaDW6AqckW3gm-01o_aem_q7eUoVArkfBiI6lHxfhpfg,"Naturopathic Family Medicine in Hopkins, MN | Holistic Care",1,1,1
2025|02,/?fbclid=IwZXh0bgNhZW0CMTEAAR0CoD_MMg26dHHscNPQEVU2vNZ0kY4esYYldB7oR0BLk9R1fxWAI8dMygY_aem_q2dAj0PNNznQcGJpGvaLlA,"Naturopathic Family Medicine in Hopkins, MN | Holistic Care",1,1,1
2025|02,/?fbclid=IwZXh0bgNhZW0CMTEAAR0X6fgZQwhK35MNiI-KaFvK_9RylL_ZNnbgD_zPuwmp709fZMY3Ha6ifjw_aem_A91mF9FHhCOwXMX7xw3Tiw,"Naturopathic Family Medicine in Hopkins, MN | Holistic Care",1,1,1
2025|02,/?fbclid=IwZXh0bgNhZW0CMTEAAR0bk95CEcsMZ5eMxyGBXDF6-FJB4eyuOGa5cG77XAPAxn5460LlD92tHM0_aem_rhySMG3_yhAjktThsmpRQQ,"Naturopathic Family Medicine in Hopkins, MN | Holistic Care",1,1,1
2025|02,/?fbclid=IwZXh0bgNhZW0CMTEAAR0sAk6mJskgxK6JLmV2TSPorhTqN_ev4lXWiKmQC7C5HkQv7FTIHfDMago_aem_JzckfJB9kNgEUpmFqQUQqA,"Naturopathic Family Medicine in Hopkins, MN | Holistic Care",1,1,1
2025|02,/?fbclid=IwZXh0bgNhZW0CMTEAAR0xjRGdVfQ-9tNyzenll4R4fKQkahpYSX-C0epHs0PN4ZMxpZfNPk_eaaI_aem_rp4V5mkNci6qGWqBq1ETFA,"Naturopathic Family Medicine in Hopkins, MN | Holistic Care",1,1,1
2025|02,/?fbclid=IwZXh0bgNhZW0CMTEAAR0ysO6hm5aOWsWHQH_rgg5o9ePrAu2kjkJV_sa3iHaWcUENf61nlycVjDM_aem_zijptriqbZ56XTLplJlIbA,"Naturopathic Family Medicine in Hopkins, MN | Holistic Care",1,1,1
2025|02,/?fbclid=IwZXh0bgNhZW0CMTEAAR20TWpJzoacuVR76496254W-q6T0LDY7gE5UofgO121Z2XbkWjMOEnQymY_aem_HXat-GiE1g5vbdwBF3ifaw,"Naturopathic Family Medicine in Hopkins, MN | Holistic Care",1,1,1
2025|02,/?fbclid=IwZXh0bgNhZW0CMTEAAR2_3Aql0xr29Z-caofVSs0cs1V4J_nXFqBERDGpba6Ekk6gwm880Uq12lQ_aem_9ZnbudOy9bZpqPbjXV3ftw,"Naturopathic Family Medicine in Hopkins, MN | Holistic Care",1,1,1
2025|02,/?fbclid=IwZXh0bgNhZW0CMTEAAR3kB6wrWCG_u165PPSY-e_9rrmx8Buf2cXty1_g-qsDlQ7fv1gGXO0gWBo_aem_pSVqbsb7EmXwjvkFlVIJ8w,"Naturopathic Family Medicine in Hopkins, MN | Holistic Care",1,1,1
2025|02,/?fbclid=PAZXh0bgNhZW0CMTEAAaZ50BadhkkBwYLcf8yzbs2vs5P3x6n3Yb5WDOotaG91U9dbN1ZX7jTZ1I0_aem_LDiWRMurBFpY907gXsWwpA,"Naturopathic Family Medicine in Hopkins, MN | Holistic Care",1,1,1
2025|02,/?fbclid=PAZXh0bgNhZW0CMTEAAaaJdDvnpiXH8ut04ghFGyKpy_npKpjDSKQZUeiGEjtZyA0E732sLl1xbJc_aem_A9B4BC40iCXuV-Hmoje9xQ,"Naturopathic Family Medicine in Hopkins, MN | Holistic Care",1,1,1
2025|02,/?fbclid=PAZXh0bgNhZW0CMTEAAaauUNNWoEWRyKWlP-UkL3GMFk9c8f-2KQ_pNq8kgQHMyXYjn6HtGtOEO7s_aem_ef8NuKXaoYSTZz1C_0HwIA,"Naturopathic Family Medicine in Hopkins, MN | Holistic Care",1,1,1
2025|02,/?fbclid=PAZXh0bgNhZW0CMTEAAab5T8CeacV7YSi_CTM6amWV86gHR8v8VDzruUfJ35x4UamvlGeTLlp5UiE_aem_CPwSpVRKyLXivI-nOZFsXg,"Naturopathic Family Medicine in Hopkins, MN | Holistic Care",1,1,1
2025|02,/?fbclid=PAZXh0bgNhZW0CMTEAAabusmA2v_-lq00nXtOrGsG3gm3MgVW7Owpox2awuHp7WPkmSx4Sl-tJEVo_aem_KFCYbALL6cZTzuy4Vm7Zbw,"Naturopathic Family Medicine in Hopkins, MN | Holistic Care",2,2,2
2025|02,/?fbclid=PAZXh0bgNhZW0CMTEAAabwgSLOf2eVX_b2xgV-uCbUmqqXIA8rlP_Cf7Ldqj4DgYVXK27uG65mzSk_aem_9QPMBrIB5xnQy7EXkZ7ysw,"Naturopathic Family Medicine in Hopkins, MN | Holistic Care",1,1,1
2025|02,/blog,Holistic Health Blog | Naturopathic Wellness & Natural Remedies — Panka Natural Health,21,17,8
2025|02,/blog/1jmin5acj8kwnjcyn5amfq6ikdcvp8,— Panka Natural Health,1,1,1
2025|02,/blog/2022/10/26/naturopathic-first-aid-kit,Panka Natural Health,1,1,1
2025|02,/blog/a-food-guide-of-the-essential-minerals-of-health,A Food Guide of the Essential Minerals for Health — Panka Natural Health,1,1,1
2025|02,/blog/aerobic-exercise-vs-hiit-which-is-right-for-you,Cardio vs. HIIT: Which Is Right for You? — Panka Natural Health,1,1,1
2025|02,/blog/arnq5qv2fk9wsp9qwtu5a9xmobrvkx,— Panka Natural Health,1,2,1
2025|02,/blog/fiberfocus,Fiber Focus: The Top Foods and Supplements to Keep You Regular — Panka Natural Health,1,1,1
2025|02,/blog/health-alerts-for-eden-prairie-spring-water,Health Alerts for Eden Prairie Spring Water — Panka Natural Health,6,5,5
2025|02,/blog/nutrient-spotlight-foods-rich-in-calcium,Nutrient Spotlight: Foods Rich in Calcium — Panka Natural Health,3,4,3
2025|02,/blog/nutrient-spotlight-foods-rich-in-magnesium,Nutrient Spotlight: Foods Rich in Magnesium — Panka Natural Health,32,35,22
2025|02,/blog/nutrient-spotlight-foods-rich-in-magnesium ?fbclid=IwZXh0bgNhZW0CMTEAAR1gU8-3v62AbxlAi5q0TUJrKRVnCW6SLL6fQGT_QUHPmUAmPUhCEOwjca8_aem_DtDoLnZsfXZpO6ZbaUNm6g,Panka Natural Health,1,1,1
2025|02,/blog/nutrient-spotlight-foods-rich-in-magnesium ?fbclid=IwZXh0bgNhZW0CMTEAAR2Mn1l0WfvGNbtn9BiIqAd0sVAbFkcwpAV0jPzl_3WKxezkZsQ9caMav8E_aem_Hgaiv8Zs6l1NIWpNN1NZYQ,Panka Natural Health,1,1,1
2025|02,/blog/nutrient-spotlight-foods-rich-in-magnesium ?fbclid=IwZXh0bgNhZW0CMTEAAR2RxYQ6A1QJid-oAE2u8sKXCv0EPDY5YKX5PPP_MbmEhP4fHGC5_dwhkgg_aem_8mPVX-LTl4IyRzwNFMDabg,Panka Natural Health,1,1,1
2025|02,/blog/the-amazing-health-benefits-of-regular-sauna-use,The Health Benefits of Regular Sauna Use — Panka Natural Health,2,2,2
2025|02,/blog/the-synergy-of-functional-and-naturopathic-medicine-a-holistic-approach-to-health-in-minnesota,The Similarities of Functional & Naturopathic Medicine — Panka Natural Health,2,1,1
2025|02,/blog/top-nutrient-dense-foods-im-prioritizing-this-year,Top Nutrient-Dense Foods I’m Prioritizing This Year — Panka Natural Health,1,1,1
2025|02,/blog/what-to-expect-from-a-naturopathic-doctor,What to Expect from a Naturopathic Doctor — Panka Natural Health,3,3,3
2025|02,/cardiovascular-wellness-program,Holistic Care for Heart Health | Cardiovascular Wellness Program — Panka Natural Health,26,21,12
2025|02,/clinical-laboratory-tests,"Comprehensive Naturopathic Lab Testing in Hopkins, MN — Panka Natural Health",20,18,15
2025|02,/contact,Contact Panka Natural Health | Naturopathic Medicine in Hopkins — Panka Natural Health,30,28,21
2025|02,/dietary-supplements,Order Clinical-Grade Supplements | Panka Natural Health — Panka Natural Health,14,12,12
2025|02,/events,Events — Panka Natural Health,5,5,5
2025|02,/faq,Get Answers to Your Questions at Panka Natural Health's FAQ Page - Your Resource for Holistic Health Information — Panka Natural Health,29,26,19
2025|02,/holistic-diabetes-care,"Holistic Diabetes Care with Naturopathic Medicine | Hopkins, MN — Panka Natural Health",16,15,8
2025|02,/holistic-diabetes-care-1,"Holistic Diabetes Care with Naturopathic Medicine | Hopkins, MN — Panka Natural Health",10,2,1
2025|02,/home,"Naturopathic Family Medicine in Hopkins, MN | Holistic Care",2,1,1
2025|02,/iron-blood-testing,Comprehensive Iron Blood Testing | Naturopathic Medicine MN — Panka Natural Health,4,4,4
2025|02,/meal-plans-and-recipe-books,Meal Plans & Recipe Books by NDs | PNH Wellness Shop — Panka Natural Health,10,10,10
2025|02,/meet-dr-haley,"Naturopathic Family Medicine | Dr. Haley Panka in Hopkins, MN — Panka Natural Health",66,58,40
2025|02,/meet-dr-jacob,Naturopathic Medicine & Integrative Health | Dr. Jacob Panka — Panka Natural Health,40,35,29
2025|02,/nail-fungus-relief,Fast-Acting Natural Nail Fungus Relief | Panka Natural Health — Panka Natural Health,41,33,12
2025|02,/nail-fungus-relief?fbclid=IwY2xjawIlitFleHRuA2FlbQIxMQABHWXepdUCf-gNEok6uO0IE2ETxuzdGk05bt6OgXrH175xaOkNFhYckTqsRw_aem_PlcGoSEHKXjqpvcoCmFKxA,Fast-Acting Natural Nail Fungus Relief | Panka Natural Health — Panka Natural Health,1,1,1
2025|02,/nail-fungus-relief?fbclid=IwY2xjawIoktxleHRuA2FlbQIxMQABHTUiKb-CreywJz4QQMYOcQd-4iGFrIc3Kmv6L7z4asazPsI5BXWylsVgqQ_aem_R-pXzER5Y_HFs0cVKDuoSw,Fast-Acting Natural Nail Fungus Relief | Panka Natural Health — Panka Natural Health,1,1,1
2025|02,/nail-fungus-relief?fbclid=IwY2xjawIqiv5leHRuA2FlbQIxMQABHai_wk8iOkgA0VSV-aqxzHtluOBkMrLn38gyffRENzYzI-O226Ot3cqMXQ_aem_y4wUjF2hHPyVwCgIi8-y1w,Fast-Acting Natural Nail Fungus Relief | Panka Natural Health — Panka Natural Health,1,1,1
2025|02,/nail-fungus-relief?fbclid=IwZXh0bgNhZW0CMTEAAR0EWNRGh17W0_eEuL_PNH6XNzKuMCQR_nm5Rkc9gv1cfkewtHzoXtdGDis_aem_rRSoLWawPC9Z5skPYjjF8g,Fast-Acting Natural Nail Fungus Relief | Panka Natural Health — Panka Natural Health,1,1,1
2025|02,/nail-fungus-relief?fbclid=IwZXh0bgNhZW0CMTEAAR0gFlv_jkUmoAs9UUQ5qQjIDBE_Iz6uVDNxeGV66B_nJaQZ5Dppj9rM1eg_aem_om2QZryMsbXZ1zQTo5-d_w,Fast-Acting Natural Nail Fungus Relief | Panka Natural Health — Panka Natural Health,1,1,1
2025|02,/nail-fungus-relief?fbclid=IwZXh0bgNhZW0CMTEAAR1GVfChXwD97L6mIB2sEvoGeY3GuIJzaoh0PgTp-33NhxOotAy6kVk5Fkw_aem_SzebJLjDLzjMlOirTSSv2Q,Fast-Acting Natural Nail Fungus Relief | Panka Natural Health — Panka Natural Health,1,1,1
2025|02,/nail-fungus-relief?fbclid=IwZXh0bgNhZW0CMTEAAR1HP4SncW5liU5Rf5rRIQO8gEVoxXU80p8hWm2Ts-9wpR9IzW0pnfV316I_aem_MlvTnxAfQYtINk-1WJ1i0w,Fast-Acting Natural Nail Fungus Relief | Panka Natural Health — Panka Natural Health,1,1,1
2025|02,/nail-fungus-relief?fbclid=IwZXh0bgNhZW0CMTEAAR1RJUblPfrOGp3cR1An2jTtr0hOKr9E9a2LSElrLCTUQm04E47xQZEgYH0_aem_b7zhAbs004ISyZ-k6HoynA,Fast-Acting Natural Nail Fungus Relief | Panka Natural Health — Panka Natural Health,1,1,1
2025|02,/nail-fungus-relief?fbclid=IwZXh0bgNhZW0CMTEAAR1n9T5w_PTdrKerZSiYl0vs2X4Tg6Q1FefXS5FIZswJAkBmSMEI9DLvAvs_aem_6MaWjXk9nkbLo_iTg8idlw,Fast-Acting Natural Nail Fungus Relief | Panka Natural Health — Panka Natural Health,1,1,1
2025|02,/nail-fungus-relief?fbclid=IwZXh0bgNhZW0CMTEAAR28dMYPgwmjFmR8LLRxEk4xc_mnkU7JhT0JqukeRUMddwfa97r0qHKdKLM_aem_4sd9dWvNGSnpBA3SlK4Brw,Fast-Acting Natural Nail Fungus Relief | Panka Natural Health — Panka Natural Health,1,1,1
2025|02,/nail-fungus-relief?fbclid=IwZXh0bgNhZW0CMTEAAR2N3OExDxYE40S1UsdKFhZH96WjV8bW9h2Krz2px7Hx-ihsUl5Dfk2-BNU_aem_veUJw79UQnrLJKN23KFUOg,Fast-Acting Natural Nail Fungus Relief | Panka Natural Health — Panka Natural Health,1,1,1
2025|02,/nail-fungus-relief?fbclid=IwZXh0bgNhZW0CMTEAAR2Pd3OgdomGGVGyWbgrCukv1MyCjRIjDzvwQupHwLUGCt6soXppRWapq4g_aem_4oUj6CzfkisWyMuIKyjXvg,Fast-Acting Natural Nail Fungus Relief | Panka Natural Health — Panka Natural Health,1,1,1
2025|02,/nail-fungus-relief?fbclid=IwZXh0bgNhZW0CMTEAAR2S6D6jDIxd5yJQJmk6U5kSgz-U_ghkmVc8famCpIzTdJzEfa_j_3D6Pdk_aem_pkgU6M0yQmYCeRF-UhjTww,Fast-Acting Natural Nail Fungus Relief | Panka Natural Health — Panka Natural Health,1,1,1
2025|02,/nail-fungus-relief?fbclid=IwZXh0bgNhZW0CMTEAAR3Fod8BTA0HPPua4I-n8fMEodJs1iSP9ourFitJWi0yQKurhNAzcv4W2cw_aem_rO8wsg5Y5TAp1_Lto5p-zw,Fast-Acting Natural Nail Fungus Relief | Panka Natural Health — Panka Natural Health,1,1,1
2025|02,/nail-fungus-relief?fbclid=IwZXh0bgNhZW0CMTEAAR3dgAimE4MEVaTyvFPMVD-FrLMWAVI-NLIzzYH0w8geBLlo7Uq_a7yk5tc_aem_SMqQuvHu4FNtlNsRXd7aog,Fast-Acting Natural Nail Fungus Relief | Panka Natural Health — Panka Natural Health,1,1,1
2025|02,/nail-fungus-relief|@?fbclid=IwZXh0bgNhZW0CMTEAAR1u_DJXC8BAZ2rjKdT_6ADWAr0flRdInh7geo6sTjNKV9JtQZhetfnRym4_aem_GewPXr4cu8CHKHwWuGpydQ,Panka Natural Health,1,1,1
2025|02,/nail-fungus-relief|@?fbclid=IwZXh0bgNhZW0CMTEAAR3sLz9EnayXHIxcm3DtRjag8dAWVbIWH8w-cOJjkg4FYTjxUnlRVNWLflw_aem_nwLQ_acd4m8bdujPBtaslg,Panka Natural Health,1,1,1
2025|02,/naturopathic-medicine,"Naturopathic Medicine in Hopkins, MN | Panka Natural Health — Panka Natural Health",36,26,19
2025|02,/patient-portal,Access Your Patient Portal at Panka Natural Health - Stay Connected with Your Health — Panka Natural Health,12,11,7
2025|02,/pediatrics,Pediatric Care — Panka Natural Health,8,3,1
2025|02,/pnh-fullscript,"Naturopathic Family Medicine | Holistic Care in Hopkins, MN — Panka Natural Health",3,3,3
2025|02,/pnh-wellness-shop,PNH Wellness Shop — Panka Natural Health,17,12,10
2025|02,/pnh-wellness-shop/p/21-day-healthy-plate-meal-plan-for-two,21-Day Healthy Plate Meal Plan for Two — Panka Natural Health,1,1,1
2025|02,/pnh-wellness-shop/p/anti-inflammatory-recipe-book,Anti-Inflammatory Recipe Book — Panka Natural Health,2,1,1
2025|02,/pnh-wellness-shop/p/nail-fungus-relief,Nail Fungus Relief — Panka Natural Health,18,17,14
2025|02,/pnh-wellness-shop/p/smoothie-recipe-book,Smoothie Recipe Book — Panka Natural Health,1,1,1
2025|02,/preferences.php?tab=calendars&calendar=,Panka Natural Health,1,1,1
2025|02,/prepare-for-your-visit,"Prepare for Your Visit | Naturopathic Family Medicine in Hopkins, MN — Panka Natural Health",5,5,5
2025|02,/product-guide,Product Guide — Panka Natural Health,5,5,5
2025|02,/schedule-an-appointment,"Schedule Your Naturopathic Appointment in Hopkins, MN — Panka Natural Health",78,66,41
2025|02,/schedule-appointment,Panka Natural Health,1,1,1
2025|02,/schedule/0081d9d2/category/First%20Appointment/appointment/41837866?ref=email,Schedule Appointment with Panka Natural Health,1,1,1
2025|02,/schedule/0081d9d2/category/First%20Appointment?ref=email,Schedule Appointment with Panka Natural Health,2,1,1
2025|02,/schedule/0081d9d2/category/Introductory%20Phone%20Call/appointment/41826455?ref=sched_block,Schedule Appointment with Panka Natural Health,1,1,1
2025|02,/schedule/0081d9d2/confirmation/2faac2ff6d17fb4852a6a69707e3bbf1?ref=email,Schedule Appointment with Panka Natural Health,1,1,1
2025|02,/schedule/0081d9d2/confirmation/4fc55703ee1d49e385e7ec8b8a79ecd0?ref=email,Schedule Appointment with Panka Natural Health,1,1,1
2025|02,/schedule/0081d9d2?ref=email,Schedule Appointment with Panka Natural Health,1,1,1
2025|02,/schedule/0081d9d2?ref=sched_block,Schedule Appointment with Panka Natural Health,5,5,3
2025|02,/wellness-community,Team 1 — Panka Natural Health,17,9,3
2025|02,/wellness-community,Wellness Community — Panka Natural Health,7,7,3
2025|02,/whypnh,"Naturopathic Family Medicine in Hopkins, MN | Panka Natural Health — Panka Natural Health",8,8,5
2025|02,/womens-health,Women's Health — Panka Natural Health,8,5,1
2025|02,/womens-health-services,Women's Health Services — Panka Natural Health,17,11,4
2025|02,/womens-health-services-1,Women's Health Services — Panka Natural Health,2,1,1
2025|03,/,"Medicina Familiar Naturopática en Hopkins, Minnesota | Atención Holística",0,1,1
2025|03,/,"Naturopathic Family Medicine in Hopkins, MN | Holistic Care",299,265,173
2025|03,/?fbclid=IwY2xjawIy0QdleHRuA2FlbQIxMAABHZYdp67ZxdZN9HPU-kRqpRVj09YylU7cLwjFSa1qqz6iYvSC-aZ5jSOjZA_aem_kf8cwtlnvC8vCfJsU2-qJg,"Naturopathic Family Medicine in Hopkins, MN | Holistic Care",1,1,1
2025|03,/?fbclid=IwZXh0bgNhZW0CMTEAAR0wWpGkD64YDAgYfBM4dVabHHULVXC_JhmtrnEtQsWDjntUYz6NBIJlXx0_aem_BnU3uLZNvZzxenXL3kievg,"Naturopathic Family Medicine in Hopkins, MN | Holistic Care",1,1,1
2025|03,/?fbclid=IwZXh0bgNhZW0CMTEAAR1AmcYt2sWc77gz6JUk-xsYL1exUDsZsxWwW4-OR8Fr7YuvThnpoktPryU_aem_-L6paPC_qNcW20EPLY2yDQ,"Naturopathic Family Medicine in Hopkins, MN | Holistic Care",1,1,1
2025|03,/?fbclid=IwZXh0bgNhZW0CMTEAAR20S-UI5By9CXd7p0A9QnhpVyxt-5LhsXsDO37oKGEA8xoGxbEP8miBWYU_aem_NeQsj4Nm2bNfse0lqhi5PA,"Naturopathic Family Medicine in Hopkins, MN | Holistic Care",1,1,1
2025|03,/?fbclid=IwZXh0bgNhZW0CMTEAAR2LFt6lThdV3DS977A10yJ6jam1A8R5QmKsmzrKnmpYZmk6wCfAeZi7vwM_aem_E0pXXzNzFXRNhXoX1jQvBA,"Naturopathic Family Medicine in Hopkins, MN | Holistic Care",1,1,1
2025|03,/?fbclid=IwZXh0bgNhZW0CMTEAAR2XJ9kwJXjj1wx7PakXViennhFIhrMTu62V6iYhRSR7UaeqCpXZItHCq3c_aem_MSpTmazS2K3u5L8grD8fmA,"Naturopathic Family Medicine in Hopkins, MN | Holistic Care",1,1,1
2025|03,/?fbclid=IwZXh0bgNhZW0CMTEAAR2Y2fqS6nsqGQW64XpbJB3uwudv7cUEGedWsOdvroNbjWkFPc4yaLLuUJU_aem_pBilXHRmiPSVrC3VNvMSrw,"Naturopathic Family Medicine in Hopkins, MN | Holistic Care",1,1,1
2025|03,/?fbclid=IwZXh0bgNhZW0CMTEAAR2iR3VuJbbUTf89hgrnjhhr75dxqbFMOLTzlY0oAr4kNAB70QE1ALsifSI_aem_xI4f684xi8Pwc786L0e7Hw,"Naturopathic Family Medicine in Hopkins, MN | Holistic Care",1,1,1
2025|03,/?fbclid=IwZXh0bgNhZW0CMTEAAR30Vr44pA-IPb9-eiR6f7ipb_eDrgyaPCFqYBFtCF3kXA4LG8W44huytYc_aem_aYiTCgFYHF7zOLhxpYZNug,"Naturopathic Family Medicine in Hopkins, MN | Holistic Care",1,1,1
2025|03,/?fbclid=IwZXh0bgNhZW0CMTEAAR3B0MwbRFAShkNQifTu6EfBjd1xkcpHZIliwucYVBFx5TK8lQA_o9W6UCc_aem_mHtMdMbRKmrVGr-_Pv2RRQ,"Naturopathic Family Medicine in Hopkins, MN | Holistic Care",1,1,1
2025|03,/?fbclid=IwZXh0bgNhZW0CMTEAAR3IZVK0_gRpAIjtrns5nysnztFuNPcn5UghwsOiSP0C0f0UoVnaBkSWf10_aem_G98UtUQLI6BUDoWqcgOiKA,"Naturopathic Family Medicine in Hopkins, MN | Holistic Care",1,1,1
2025|03,/?fbclid=IwZXh0bgNhZW0CMTEAAR3LIz7bTwW0sVZvu4PZXfmfrSx6gmBW_fWRM7mCUSXR6cdP_a5N1j1ru20_aem_JhII1pW0SoEohhty2ABF_w,"Naturopathic Family Medicine in Hopkins, MN | Holistic Care",1,1,1
2025|03,/?fbclid=IwZXh0bgNhZW0CMTEAAR3fCpTOuHAl3c8ERAb7CqC5h8Q1xWyqUQnAlyzzkdPWuK7To0hHoScYlO8_aem_GqY1x6eVM1YIqQW718d3QQ,"Naturopathic Family Medicine in Hopkins, MN | Holistic Care",1,1,1
2025|03,/?fbclid=IwZXh0bgNhZW0CMTEAAR3lKF0QvRiR3mzQaVZvYXGCwwkrBuY947NYNpt4LYYbdiI9ZCFtsIkJAfs_aem_S9bb4fUxXuzrmtHUMmke1g,"Naturopathic Family Medicine in Hopkins, MN | Holistic Care",1,1,1
2025|03,/?fbclid=PAZXh0bgNhZW0CMTEAAaY3oQkeRLQ0QM83J5Fd_0k0ew57PuHnBD8wjCZJJJnl7QRpNdoR05V9UCg_aem_a4VbZApF-e2Tj8CCrytHVw,"Naturopathic Family Medicine in Hopkins, MN | Holistic Care",2,1,1
2025|03,/?fbclid=PAZXh0bgNhZW0CMTEAAaYGI6kENiCUbSwVW6rBgKYCggeYWkmUPPxABVJf9Zyf1WeTz4lz9KBi-TY_aem_uW1nji6fGdIYn52kQgR9cQ,"Naturopathic Family Medicine in Hopkins, MN | Holistic Care",2,1,1
2025|03,/?fbclid=PAZXh0bgNhZW0CMTEAAaYasvdRegEmdEcQDE2kzV-OrK1CxyJP9Kx6vGIKKV7X6MnO9aoAKi9f2NE_aem_-foQDK2vhtzzJCioeJW5rQ,"Naturopathic Family Medicine in Hopkins, MN | Holistic Care",1,1,1
2025|03,/?fbclid=PAZXh0bgNhZW0CMTEAAaZ9hkFl1J_aSJ_utjqiih-_ynYq7aEEq1IK8s8xlQCYtlMyF6AHgs91LBA_aem_Y-Qw5GxpjNkO1wfK3TK1Ww,"Naturopathic Family Medicine in Hopkins, MN | Holistic Care",1,1,1
2025|03,/?fbclid=PAZXh0bgNhZW0CMTEAAaZAjU6zMo54u7HsUUEtq3FuG1NvJFwMyKxFUvS8PJLIeVzrCWagVCDYLP0_aem_4d1zUftVaYl7oUfTLONslQ,"Naturopathic Family Medicine in Hopkins, MN | Holistic Care",1,1,1
2025|03,/?fbclid=PAZXh0bgNhZW0CMTEAAaZIXAx_24J2SIXsBNL7L48YBwPkb7h6QSdUsKzSWozBeTAo1BYVyu3A9lM_aem_AB3Hdrh4tSSd6LJfGG5FqA,"Naturopathic Family Medicine in Hopkins, MN | Holistic Care",1,1,1
2025|03,/?fbclid=PAZXh0bgNhZW0CMTEAAaZNyfJJLrfdFEH_bbbYh8s7uQdXYxlbtg-CXv9WvxXao7713JSXyGF9Kbo_aem_5aN1IVY4Jjkytpi6S476JA,"Naturopathic Family Medicine in Hopkins, MN | Holistic Care",1,1,1
2025|03,/?fbclid=PAZXh0bgNhZW0CMTEAAaZdLY5MPDrDRylR1PU6_oAeDjuHbPHYvu_nYHxgFBmmnamQJua479gv_-s_aem_LepgbyNAocS2IiKKIfYekw,"Naturopathic Family Medicine in Hopkins, MN | Holistic Care",1,1,1
2025|03,/?fbclid=PAZXh0bgNhZW0CMTEAAaZptnTpdYMJN2OaFdnGrMCtW8d2vGSnl-7_yr0ItYVcw2gP-rhwE6a6cTc_aem__4L6Rly5iFZm_rYKbGKFtQ,"Naturopathic Family Medicine in Hopkins, MN | Holistic Care",1,1,1
2025|03,/?fbclid=PAZXh0bgNhZW0CMTEAAaZt80QvmmQEvdzdNSCOl-y8zF4LnAYeHE-E7n1EKNX1DUueLTWWFMia7rU_aem_gFXceiM-7xtRhIVP8qpAyg,"Naturopathic Family Medicine in Hopkins, MN | Holistic Care",1,1,1
2025|03,/?fbclid=PAZXh0bgNhZW0CMTEAAaZu2qlFHmhVJy0wPMhFwG4T5qBpO_USaxvSjo9QcRrj0Pt7fRvRGO4LrPo_aem_pbIT0nZ7SIQDZbWyQawj1g,"Naturopathic Family Medicine in Hopkins, MN | Holistic Care",1,1,1
2025|03,/?fbclid=PAZXh0bgNhZW0CMTEAAaZzJjb_QKmgbST5HPHy2D6c72RLS_gngh9goF9nuY6UoG3UFh2rULvEIjI_aem_iIEWPtkT7ZGn3_O3yd4FSg,"Naturopathic Family Medicine in Hopkins, MN | Holistic Care",1,1,1
2025|03,/?fbclid=PAZXh0bgNhZW0CMTEAAaaU62JqOJ4WDpCPHD_lBFUY9YzNtXqTQzwxgupLaLJpXLWULiqmq5DbVGw_aem_MDMzB_ggGlbj0CVptuaSdg,"Naturopathic Family Medicine in Hopkins, MN | Holistic Care",1,1,1
2025|03,/?fbclid=PAZXh0bgNhZW0CMTEAAaaqBDW9WFFjZWmdITkuCcteC1jEBJs0a4svqF0Gy-bLwB54L0nuv0ttTag_aem_zhlbu0KByuzBPFz6KHdLlQ,"Naturopathic Family Medicine in Hopkins, MN | Holistic Care",1,1,1
2025|03,/?fbclid=PAZXh0bgNhZW0CMTEAAaawvKjYeRJExu-9Gi72FAoyfC2cOyCns7zcqjmbGEqwUcWuoT9VdhGvO5s_aem_9TlPrHcl0LN4GNncJTFfIA,"Naturopathic Family Medicine in Hopkins, MN | Holistic Care",1,1,1
2025|03,/?fbclid=PAZXh0bgNhZW0CMTEAAaazPTKdxVJE3tc-zdXLW-6icX03_DTnnXn0j5VgR4kDGH7BbdV9kdpUk70_aem_MPzUDXa6YnMOvJtB_Q834w,"Naturopathic Family Medicine in Hopkins, MN | Holistic Care",1,1,1
2025|03,/?fbclid=PAZXh0bgNhZW0CMTEAAabv8B_l-N29WC2ur0VMkFv4hAU5_HPbepJlzc-hvYd4B7A9kHgn5lniDfU_aem_L27MMvfCcA0pKtG02B-Qhg,"Naturopathic Family Medicine in Hopkins, MN | Holistic Care",1,1,1
2025|03,/blog,Holistic Health Blog | Naturopathic Wellness & Natural Remedies — Panka Natural Health,23,19,10
2025|03,/blog/2022/3/7/health-alerts-eden-prairie-spring-water,Panka Natural Health,1,1,1
2025|03,/blog/5q9rpnutjau0adp0vj1hc3opqdbsbc,— Panka Natural Health,1,2,1
2025|03,/blog/7-day-spring-cleaning-dust-action-plan,7-Day Spring Cleaning Dust Action Plan — Panka Natural Health,2,2,1
2025|03,/blog/7-day-spring-cleaning-dust-action-plan,7-Day Spring Cleaning Dust Allergy Action Plan — Panka Natural Health,1,1,1
2025|03,/blog/7-day-spring-cleaning-dust-allergy-action-plan,7-Day Spring Cleaning Dust Allergy Action Plan — Panka Natural Health,18,12,9
2025|03,/blog/breaking-the-fast-your-guide-to-a-stellar-morning-meal,Breaking the Fast: Your Guide to a Stellar Morning Meal — Panka Natural Health,1,1,1
2025|03,/blog/d56l8l0klwlis0fgsdillvx84yb427,Panka Natural Health,1,1,1
2025|03,/blog/d56l8l0klwlis0fgsdillvx84yb427,— Panka Natural Health,1,2,1
2025|03,/blog/health-alerts-for-eden-prairie-spring-water,Health Alerts for Eden Prairie Spring Water — Panka Natural Health,5,8,4
2025|03,/blog/naturopathic-first-aid-kit,Naturopathic First Aid Kit — Panka Natural Health,1,1,1
2025|03,/blog/naturopathic-medicine-provides-a-holistic-approach,Naturopathic Medicine Provides a Holistic Approach to Health — Panka Natural Health,2,2,2
2025|03,/blog/nutrient-spotlight-foods-rich-in-calcium,Nutrient Spotlight: Foods Rich in Calcium — Panka Natural Health,1,1,1
2025|03,/blog/nutrient-spotlight-foods-rich-in-magnesium,Nutrient Spotlight: Foods Rich in Magnesium — Panka Natural Health,1,2,1
2025|03,/blog/spring-water-safety-what-you-need-to-know-about-eden-prairies-natural-water-sources,Spring Water Safety: What You Need to Know About Eden Prairie's Natural Water Sources — Panka Natural Health,7,4,2
2025|03,/blog/sunburn-protection-with-lycopene-rich-foods,Sunburn Protection with Lycopene-Rich Foods — Panka Natural Health,1,1,1
2025|03,/blog/the-amazing-health-benefits-of-regular-sauna-use,The Health Benefits of Regular Sauna Use — Panka Natural Health,6,6,6
2025|03,/blog/the-synergy-of-functional-and-naturopathic-medicine-a-holistic-approach-to-health-in-minnesota,The Similarities of Functional & Naturopathic Medicine — Panka Natural Health,1,1,1
2025|03,/blog/what-to-expect-from-a-naturopathic-doctor,Qué esperar de un médico naturópata — Panka Natural Health,0,1,1
2025|03,/blog/what-to-expect-from-a-naturopathic-doctor,What to Expect from a Naturopathic Doctor — Panka Natural Health,8,7,7
2025|03,/blog/why-naturopathic-medicine-is-essential-for-todays-health-care,Why Naturopathic Medicine is Essential for Today's Health Care — Panka Natural Health,1,1,1
2025|03,/cardiovascular-wellness-program,Holistic Care for Heart Health | Cardiovascular Wellness Program — Panka Natural Health,5,6,4
2025|03,/cart,Panka Natural Health,1,1,1
2025|03,/catalog/0081d9d2,Schedule Appointment with Panka Natural Health,2,2,1
2025|03,/catalog/0081d9d2?categories=Gift%20Certificates,Schedule Appointment with Panka Natural Health,3,2,1
2025|03,/clinical-laboratory-tests,"Análisis completos de laboratorio naturopático en Hopkins, Minnesota — Panka Natural Health",0,1,1
2025|03,/clinical-laboratory-tests,"Comprehensive Naturopathic Lab Testing in Hopkins, MN — Panka Natural Health",22,20,17
2025|03,/config/scheduling-service/certificate.php?owner=27943652&preview=1&expires=&title=&description=&image=undefined,Schedule Appointment with Panka Natural Health,2,1,1
2025|03,/config/scheduling-service/certificate.php?owner=27943652&preview=1&expires=365&title=Adult%20Basic%20Follow-up%20Package%20(3%20Follow-Ups)%20Save%20%2430&description=Book%20your%20appointment%20at%20pankanaturalhealth.com.%20To%20redeem%3A%20The%20recipient%20should%20book%20their%20preferred%20appointment%20type%20and%20enter%20their%20gift%20certificate%20code%20in%20the%20notes%20section.%20Any%20remaining%20balance%20can%20be%20applied%20to%20future%20appointments.&image=undefined,Schedule Appointment with Panka Natural Health,1,2,1
2025|03,/contact,Contact Panka Natural Health | Naturopathic Medicine in Hopkins — Panka Natural Health,22,22,20
2025|03,/dietary-supplements,Order Clinical-Grade Supplements | Panka Natural Health — Panka Natural Health,7,9,7
2025|03,/events,Events — Panka Natural Health,16,14,5
2025|03,/events/beyond-antihistamines-a-natural-approach-to-allergy-relief,Beyond Antihistamines: A Natural Approach to Allergy Relief — Panka Natural Health,18,15,5
2025|03,/events/wqx3niyepa0wf7axomluzk9uot3n4p,%i — Panka Natural Health,1,1,1
2025|03,/events/wqx3niyepa0wf7axomluzk9uot3n4p,Panka Natural Health,1,1,1
2025|03,/faq,Get Answers to Your Questions at Panka Natural Health's FAQ Page - Your Resource for Holistic Health Information — Panka Natural Health,24,23,21
2025|03,/faq,Obtenga respuestas a sus preguntas en la página de preguntas frecuentes de Panka Natural Health: su recurso para obtener información sobre salud holística — Panka Natural Health,0,1,1
2025|03,/holistic-diabetes-care,"Holistic Diabetes Care with Naturopathic Medicine | Hopkins, MN — Panka Natural Health",12,12,6
2025|03,/iron-blood-testing,Comprehensive Iron Blood Testing | Naturopathic Medicine MN — Panka Natural Health,10,9,5
2025|03,/meal-plans-and-recipe-books,Meal Plans & Recipe Books by NDs | PNH Wellness Shop — Panka Natural Health,4,4,3
2025|03,/meet-dr-haley,"Naturopathic Family Medicine | Dr. Haley Panka in Hopkins, MN — Panka Natural Health",34,34,30
2025|03,/meet-dr-jacob,Naturopathic Medicine & Integrative Health | Dr. Jacob Panka — Panka Natural Health,24,23,17
2025|03,/mens-health,Men's Health Services — Panka Natural Health,26,20,10
2025|03,/nail-fungus-relief,Fast-Acting Natural Nail Fungus Relief | Panka Natural Health — Panka Natural Health,35,33,14
2025|03,/naturopathic-medicine,"Medicina Naturopática en Hopkins, Minnesota | Panka Natural Health — Panka Natural Health",0,1,1
2025|03,/naturopathic-medicine,"Naturopathic Medicine in Hopkins, MN | Panka Natural Health — Panka Natural Health",18,14,12
2025|03,/our-approach,Our Approach — Panka Natural Health,1,1,1
2025|03,/patient-portal,Access Your Patient Portal at Panka Natural Health - Stay Connected with Your Health — Panka Natural Health,14,11,9
2025|03,/pediatrics,Pediatric Care — Panka Natural Health,16,18,10
2025|03,/pnh-fullscript,"Naturopathic Family Medicine | Holistic Care in Hopkins, MN — Panka Natural Health",3,4,3
2025|03,/pnh-wellness-shop,PNH Wellness Shop — Panka Natural Health,4,4,4
2025|03,/pnh-wellness-shop/p/21-day-healthy-plate-meal-plan-for-the-family,21-Day Healthy Plate Meal Plan for the Family — Panka Natural Health,1,1,1
2025|03,/pnh-wellness-shop/p/nail-fungus-relief,Nail Fungus Relief — Panka Natural Health,2,2,1
2025|03,/prepare-for-your-visit,"Prepare for Your Visit | Naturopathic Family Medicine in Hopkins, MN — Panka Natural Health",27,17,12
2025|03,/prepare-for-your-visit,"Prepárese para su visita | Medicina familiar naturopática en Hopkins, MN — Panka Natural Health",0,1,1
2025|03,/product-guide,Guía de productos — Panka Natural Health,0,1,1
2025|03,/product-guide,Product Guide — Panka Natural Health,7,6,6
2025|03,/schedule-an-appointment,"Programe su cita de naturopatía en Hopkins, MN — Panka Natural Health",0,1,1
2025|03,/schedule-an-appointment,"Schedule Your Naturopathic Appointment in Hopkins, MN — Panka Natural Health",111,97,44
2025|03,/schedule/0081d9d2,Schedule Appointment with Panka Natural Health,1,1,1
2025|03,/schedule/0081d9d2/category/First%20Appointment?ref=sched_block,Schedule Appointment with Panka Natural Health,2,1,1
2025|03,/schedule/0081d9d2/category/Follow-up%20Appointment/appointment/41838350?ref=sched_block,Schedule Appointment with Panka Natural Health,1,1,1
2025|03,/schedule/0081d9d2/category/Follow-up%20Appointment/appointment/41839134/calendar/7700282/datetime/2025-03-19T11:30:00-07:00/payment?ref=sched_block,Schedule Appointment with Panka Natural Health,1,1,1
2025|03,/schedule/0081d9d2/category/Follow-up%20Appointment/appointment/41839134/calendar/7700282/datetime/2025-03-19T11:30:00-07:00?ref=sched_block,Schedule Appointment with Panka Natural Health,1,1,1
2025|03,/schedule/0081d9d2/category/Follow-up%20Appointment/appointment/41839134/calendar/7700282?ref=sched_block,Schedule Appointment with Panka Natural Health,1,1,1
2025|03,/schedule/0081d9d2/category/Follow-up%20Appointment/appointment/41839134/calendar/8024328?ref=sched_block,Schedule Appointment with Panka Natural Health,1,1,1
2025|03,/schedule/0081d9d2/category/Follow-up%20Appointment/appointment/41839134?ref=sched_block,Schedule Appointment with Panka Natural Health,2,2,2
2025|03,/schedule/0081d9d2/category/Follow-up%20Appointment?ref=sched_block,Schedule Appointment with Panka Natural Health,5,4,3
2025|03,/schedule/0081d9d2/category/Follow-up%20Packages/appointment/76039897?ref=sched_block,Schedule Appointment with Panka Natural Health,1,1,1
2025|03,/schedule/0081d9d2/confirmation/691a323468eff9c69513fb4c495c0e42?ref=email,Schedule Appointment with Panka Natural Health,0,1,1
2025|03,/schedule/0081d9d2/confirmation/ac7d48edeae64c2e496d97ef4d211faf?ref=sched_block,Schedule Appointment with Panka Natural Health,2,2,1
2025|03,/schedule/0081d9d2?categories=Gift%20Certificates,Schedule Appointment with Panka Natural Health,1,1,1
2025|03,/schedule/0081d9d2?ref=sched_block,Schedule Appointment with Panka Natural Health,16,11,3
2025|03,/video-library,Video Library — Panka Natural Health,11,7,4
2025|03,/wellness-community,Wellness Community — Panka Natural Health,63,55,30
2025|03,/whypnh,"Naturopathic Family Medicine in Hopkins, MN | Panka Natural Health — Panka Natural Health",10,11,6
2025|03,/womens-health-services,Servicios de salud para mujeres — Panka Natural Health,0,1,1
2025|03,/womens-health-services,Women's Health Services — Panka Natural Health,47,42,25
2025|03,/womens-health-services-1,Women's Health Services — Panka Natural Health,1,1,1
2025|04,/,"Medicina Familiar Naturopática en Hopkins, Minnesota | Atención Holística",0,1,1
2025|04,/,"Naturopathic Family Medicine in Hopkins, MN | Holistic Care",308,242,162
2025|04,/?fbclid=IwZXh0bgNhZW0CMTEAAR4V9Fqv9M7CWG2C-fDr9LeSs1SDpbDwbviwUEARukRjAlgYSZ1oAdZE-7gclQ_aem_REvAHoRGI9lBbEf2R1J9IQ,"Naturopathic Family Medicine in Hopkins, MN | Holistic Care",1,1,1
2025|04,/?fbclid=IwZXh0bgNhZW0CMTEAAR4o_mOGP3LoacW0kodPY00W9H0wjrLPMcfsjQCnq_m7P6HRy68VCf01RWok1g_aem_hkkLFHMAS8ofrFzKC02XlQ,"Naturopathic Family Medicine in Hopkins, MN | Holistic Care",1,1,1
2025|04,/?fbclid=IwZXh0bgNhZW0CMTEAAR5AsmQisRjbjPmrg2wtM9GV7OjldVbJxA92eTSnplSA-ZpxBKQFkS_6XiROJQ_aem_McnszURVq5046AdL-5qsaA,"Naturopathic Family Medicine in Hopkins, MN | Holistic Care",1,1,1
2025|04,/?fbclid=IwZXh0bgNhZW0CMTEAAR5IHLnbsQWX7i84fLTee1dJ7aqp3rwtJVDxruQIxUbBuFLDxjQ9qLNSN1T2PA_aem_Lv4WU2cbVvV6eQQ1_snOJw,"Naturopathic Family Medicine in Hopkins, MN | Holistic Care",1,1,1
2025|04,/?fbclid=IwZXh0bgNhZW0CMTEAAR7BjgE3zJvMRq6tN1_5usyZL5eP9Yswyntozuz7Uyw7tDUr7MGH765n4ByFJg_aem_aQT5y-ei6G4NZ-ABQT7_Ww,"Naturopathic Family Medicine in Hopkins, MN | Holistic Care",1,1,1
2025|04,/?fbclid=IwZXh0bgNhZW0CMTEAAR7oN4MEydFE1rcCcqF-RiWTbnEPIWgxQwVSwaZbB_j05lfddj8zKWqy2Rep7g_aem_tK_-xif12E7yeGxWhZGIgw,"Naturopathic Family Medicine in Hopkins, MN | Holistic Care",1,1,1
2025|04,/?fbclid=IwZXh0bgNhZW0CMTEAAR7rZOeldqcSAIC3pm4tsCp8zFC8CT-U4QbT9aCErY92vW48MbO-0BESOVLwdw_aem_keuLoICmLijzFbhb_OlQZA,"Naturopathic Family Medicine in Hopkins, MN | Holistic Care",1,1,1
2025|04,/?fbclid=PAZXh0bgNhZW0CMTEAAaceonCg3fOBzqPyyWEe1XdzPuUAKqgj3vkJkXICXTyzwqFKQwVp-t9rowwqtg_aem_qTkS5aBCzw-Zejzet1ysDg,"Naturopathic Family Medicine in Hopkins, MN | Holistic Care",1,1,1
2025|04,/?fbclid=PAZXh0bgNhZW0CMTEAAaeCVAmZ-kQPrHs9esQ9SGn5rt2z4TE7g4H2e5_hoHvuxOb6Ihzmc1ZhWLkPUg_aem_OGQi1OySF0U7goC-rY8j7A,"Naturopathic Family Medicine in Hopkins, MN | Holistic Care",1,1,1
2025|04,/?fbclid=PAZXh0bgNhZW0CMTEAAaeKUX-Pdg6L4Ux_VG4AJDQACJ3TIvq-HVdO50nC0qBkTF2Obj9-jcA9hGwXIA_aem_eWTFZvvpUeEjHcCxp9C9vA,"Naturopathic Family Medicine in Hopkins, MN | Holistic Care",1,1,1
2025|04,/?fbclid=PAZXh0bgNhZW0CMTEAAaeN74XAIBD24BqTf62P0_SuLzdy-4TxasuB39q7Y-KJfTa4oWOqz9uQe3Im4w_aem_OADB4RRX0pZf2apJELK6hw,"Naturopathic Family Medicine in Hopkins, MN | Holistic Care",2,2,2
2025|04,/?fbclid=PAZXh0bgNhZW0CMTEAAaecOlRGpqDjY7DwTiolx51uwPG1b4-4So-C5vvB3j1mrDuzxEzQsM32w2iY3g_aem_gf7Z2SwEZKppM7b8S4MvUg,"Naturopathic Family Medicine in Hopkins, MN | Holistic Care",1,1,1
2025|04,/?fbclid=PAZXh0bgNhZW0CMTEAAaewZ1JRh_CvBWKZVXL7TGwKxtLA1Ri93NmBmThB0603xSZnSBpQkLHqpI7F_w_aem_rOs9iyZcirCsMVGVMEluTQ,"Naturopathic Family Medicine in Hopkins, MN | Holistic Care",2,1,1
2025|04,/?fbclid=PAZXh0bgNhZW0CMTEAAafFoNpSFlaqG7SDDhpCexs6TPl94DtrpLWr4uipTJTtDDn-oZ032aMMh8oupg_aem_ojYUzl3YG5cItBXhxuc_Nw,"Naturopathic Family Medicine in Hopkins, MN | Holistic Care",1,1,1
2025|04,/?fbclid=PAZXh0bgNhZW0CMTEAAafjRhmgXxgA3tQp84TGKAx2lTDKG7-6N0GuFTiu4I4Ac7m4x2gG3Lzxxc_y4w_aem_P0a_CLKDdU3Yd33A7qB7gA,"Naturopathic Family Medicine in Hopkins, MN | Holistic Care",1,1,1
2025|04,/?fbclid=PAZXh0bgNhZW0CMTEAAaflsPAUtSagzPL0s5h4HBemEqN1n3br0bGOR7zKVC02VC4iq1T3AX1To30yDg_aem_DwzPWzqJjUGH0_n1axNQSQ,"Naturopathic Family Medicine in Hopkins, MN | Holistic Care",1,1,1
2025|04,/?fbclid=PAZXh0bgNhZW0CMTEAAaflxlIqefTFIGn5zRnlifGhEaQqQO4fh__7AcxNmqVo9gZkKLmEp-NfeAM0Ug_aem_qtlsuMjQ64YG0VvzzzfXEQ,"Naturopathic Family Medicine in Hopkins, MN | Holistic Care",1,1,1
2025|04,/blog,Holistic Health Blog | Naturopathic Wellness & Natural Remedies — Panka Natural Health,21,15,11
2025|04,/blog/3-phases-of-adrenal-fatigue-understanding-your-bodys-stress-response,3 Phases of “Adrenal Fatigue”: Understanding Your Body's Stress Response — Panka Natural Health,1,1,1
2025|04,/blog/7-day-spring-cleaning-dust-allergy-action-plan,7-Day Spring Cleaning Dust Allergy Action Plan — Panka Natural Health,4,5,3
2025|04,/blog/7-day-spring-cleaning-dust-allergy-action-plan?fbclid=PAZXh0bgNhZW0CMTEAAacsNAAuBybgUNqo9DRQjwAcXsE5Zwz_4WulQZVkGWA1_aNqiRoDTlVwMJGXDQ_aem_3f9PjTetDCdbnMeMuNvgPg,7-Day Spring Cleaning Dust Allergy Action Plan — Panka Natural Health,1,1,1
2025|04,/blog/aerobic-exercise-vs-hiit-which-is-right-for-you,Cardio vs. HIIT: Which Is Right for You? — Panka Natural Health,1,2,1
2025|04,/blog/eden-prairie-springs,Eden Prairie Springs: Natural Resources for Community Wellness — Panka Natural Health,22,15,4
2025|04,/blog/f3etxknd0koznd73g28mxcnow3vjzm,— Panka Natural Health,1,1,1
2025|04,/blog/fiberfocus,Fiber Focus: The Top Foods and Supplements to Keep You Regular — Panka Natural Health,2,2,2
2025|04,/blog/health-alerts-for-eden-prairie-spring-water,Health Alerts for Eden Prairie Spring Water — Panka Natural Health,10,10,5
2025|04,/blog/lab-testing-looking-outside-the-reference-range,Lab Testing: Looking Outside the Reference Range — Panka Natural Health,1,1,1
2025|04,/blog/naturopathic-first-aid-kit,Naturopathic First Aid Kit — Panka Natural Health,3,3,1
2025|04,/blog/personalized-fitness-tailoring-your-workouts-with-target-heart-rate,Personalized Fitness: Tailoring Your Workouts with Target Heart Rate — Panka Natural Health,1,1,1
2025|04,/blog/spring-water-safety-what-you-need-to-know-about-eden-prairies-natural-water-sources,Eden Prairie Springs: Natural Resources for Community Wellness — Panka Natural Health,1,1,1
2025|04,/blog/spring-water-safety-what-you-need-to-know-about-eden-prairies-natural-water-sources,Panka Natural Health,1,1,1
2025|04,/blog/spring-water-safety-what-you-need-to-know-about-eden-prairies-natural-water-sources,Spring Water Safety: What You Need to Know About Eden Prairie's Natural Water Sources — Panka Natural Health,1,3,1
2025|04,/blog/sunburn-protection-with-lycopene-rich-foods,Sunburn Protection with Lycopene-Rich Foods — Panka Natural Health,1,1,1
2025|04,/blog/the-amazing-health-benefits-of-regular-sauna-use,The Health Benefits of Regular Sauna Use — Panka Natural Health,2,2,2
2025|04,/blog/what-to-expect-from-a-naturopathic-doctor,What to Expect from a Naturopathic Doctor — Panka Natural Health,3,4,3
2025|04,/cardiovascular-wellness-program,Holistic Care for Heart Health | Cardiovascular Wellness Program — Panka Natural Health,5,5,4
2025|04,/cart,Panka Natural Health,6,6,6
2025|04,/catalog/0081d9d2,Schedule Appointment with Panka Natural Health,1,1,1
2025|04,/catalog/0081d9d2/?categories=Follow-up%20Packages,Schedule Appointment with Panka Natural Health,1,1,1
2025|04,/catalog/0081d9d2/cart?categories=Follow-up+Packages,Schedule Appointment with Panka Natural Health,2,2,2
2025|04,/catalog/0081d9d2/confirmation/149453209?categories=Follow-up+Packages&orderSignature=8f6566b4cf560f9ddb2cdc0830ab9db8b7969b972f8a53c261b93619e8326c4d,Schedule Appointment with Panka Natural Health,1,1,1
2025|04,/catalog/0081d9d2/confirmation/151080531?categories=Follow-up%20Packages,Schedule Appointment with Panka Natural Health,1,1,1
2025|04,/catalog/0081d9d2?categories=Follow-up%20Packages,Schedule Appointment with Panka Natural Health,1,1,1
2025|04,/catalog/0081d9d2?categories=Follow-up+Packages,Schedule Appointment with Panka Natural Health,1,1,1
2025|04,/catalog/0081d9d2?categories=Gift%20Certificates,Schedule Appointment with Panka Natural Health,2,2,2
2025|04,/certificate.php/schedule.php?owner=27943652,Schedule Appointment with Panka Natural Health,1,1,1
2025|04,/certificate.php/schedule.php?owner=27943652&ref=email,Schedule Appointment with Panka Natural Health,1,1,1
2025|04,/checkout?cartToken=jTUswvoqolLRspLmxvbIm4e2vmt5mLbyub77vHPs,Panka Natural Health | Secure Checkout,1,1,1
2025|04,/clinical-laboratory-tests,"Análisis completos de laboratorio naturopático en Hopkins, Minnesota — Panka Natural Health",0,1,1
2025|04,/clinical-laboratory-tests,"Comprehensive Naturopathic Lab Testing in Hopkins, MN — Panka Natural Health",20,18,16
2025|04,/config/scheduling-service/certificate.php?owner=27943652&preview=1&expires=365&title=Complete%20Healing%20Path%20(6%20Follow-Ups)%20-%2015%25%20Off%2C%20Save%20%24189&description=REDEMPTION%20INSTRUCTIONS%0AThank%20you%20for%20investing%20in%20your%20wellness%20journey%20with%20Panka%20Natural%20Health.%20Your%20certificate%20represents%20our%20commitment%20to%20supporting%20your%20path%20to%20optimal%20health.%0A%0ATo%20Schedule%20Your%20Appointments%3A%0A-Visit%20pankanaturalhealth.com%20and%20select%20your%20preferred%20appointment%20times%0A-Enter%20your%20unique%20certificate%20code%20when%20prompted%20during%20checkout%0A-Or%20note%20your%20certificate%20code%20in%20the%20appointment%20notes%20if%20using%20direct%20scheduling%0A%0AImportant%20Details%3A%0A-Package%20appointments%20must%20be%20scheduled%20within%2012%20months%20of%20purchase%0A-Packages%20include%20the%20exact%20number%20of%20appointments%20specified%20(3%20or%206)%0A-Your%20certificate%20code%20will%20be%20track,Schedule Appointment with Panka Natural Health,1,1,1
2025|04,/contact,Contact Panka Natural Health | Naturopathic Medicine in Hopkins — Panka Natural Health,18,16,16
2025|04,/dietary-supplements,Order Clinical-Grade Supplements | Panka Natural Health — Panka Natural Health,7,7,6
2025|04,/events,Events — Panka Natural Health,15,15,10
2025|04,/events/beyond-antihistamines-a-natural-approach-to-allergy-relief,Beyond Antihistamines: A Natural Approach to Allergy Relief — Panka Natural Health,26,19,8
2025|04,/events?fbclid=IwZXh0bgNhZW0CMTEAAR3E8PPEblc0rm3zzQN2_fYVAxYqWs-H1TAZQHgCaQwfiu70JFl0Sj0lMpQ_aem_5nl7p3MT7pXGhQfrDot1SA,Events — Panka Natural Health,1,1,1
2025|04,/faq,Get Answers to Your Questions at Panka Natural Health's FAQ Page - Your Resource for Holistic Health Information — Panka Natural Health,28,25,18
2025|04,/faq,Obtenga respuestas a sus preguntas en la página de preguntas frecuentes de Panka Natural Health: su recurso para obtener información sobre salud holística — Panka Natural Health,0,1,1
2025|04,/followup-packages,Follow-up Care Packages - Personalized Wellness Support for Adults & Children — Panka Natural Health,8,9,6
2025|04,/followup-packages,Follow-up Care Packages — Panka Natural Health,18,17,8
2025|04,/followup-packages,Services 2 — Panka Natural Health,12,3,1
2025|04,/holistic-diabetes-care,"Holistic Diabetes Care with Naturopathic Medicine | Hopkins, MN — Panka Natural Health",14,14,6
2025|04,/iron-blood-testing,Comprehensive Iron Blood Testing | Naturopathic Medicine MN — Panka Natural Health,4,4,4
2025|04,/meal-plans-and-recipe-books,Meal Plans & Recipe Books by NDs | PNH Wellness Shop — Panka Natural Health,2,2,2
2025|04,/meet-dr-haley,"Naturopathic Family Medicine | Dr. Haley Panka in Hopkins, MN — Panka Natural Health",48,43,37
2025|04,/meet-dr-haley?al_applink_data=%7B%22qpl_join_id%22:%221EA1F128-B7E8-4CF6-96B2-A515C840FDA0%22%7D,"Naturopathic Family Medicine | Dr. Haley Panka in Hopkins, MN — Panka Natural Health",1,1,1
2025|04,/meet-dr-haley?al_applink_data=%7B%22qpl_join_id%22:%22D7A68CFB-0009-4193-9C53-B374AA7FF5D5%22%7D,"Naturopathic Family Medicine | Dr. Haley Panka in Hopkins, MN — Panka Natural Health",1,1,1
2025|04,/meet-dr-jacob,Naturopathic Medicine & Integrative Health | Dr. Jacob Panka — Panka Natural Health,11,9,8
2025|04,/mens-health,Men's Health Services — Panka Natural Health,15,9,8
2025|04,/nail-fungus-relief,Fast-Acting Natural Nail Fungus Relief | Panka Natural Health — Panka Natural Health,12,9,8
2025|04,/naturopathic-medicine,"Naturopathic Medicine in Hopkins, MN | Panka Natural Health — Panka Natural Health",23,22,15
2025|04,/oauth2/squarespace/loader,Panka Natural Health,1,1,1
2025|04,/patient-portal,Access Your Patient Portal at Panka Natural Health - Stay Connected with Your Health — Panka Natural Health,16,11,4
2025|04,/patient-portal,💤 Access Your Patient Portal at Panka Natural Health - Stay Connected with Your Health — Panka Natural Health,0,3,1
2025|04,/pediatrics,Pediatric Care — Panka Natural Health,15,12,8
2025|04,/pnh-fullscript,"Naturopathic Family Medicine | Holistic Care in Hopkins, MN — Panka Natural Health",3,3,3
2025|04,/pnh-online-medicinary,Panka Natural Health,3,2,2
2025|04,/pnh-wellness-shop,PNH Wellness Shop — Panka Natural Health,5,5,3
2025|04,/pnh-wellness-shop/p/anti-inflammatory-recipe-book,Anti-Inflammatory Recipe Book — Panka Natural Health,1,1,1
2025|04,/pnh-wellness-shop/p/nail-fungus-relief,Nail Fungus Relief — Panka Natural Health,9,3,3
2025|04,/prepare-for-your-visit,"Prepare for Your Visit | Naturopathic Family Medicine in Hopkins, MN — Panka Natural Health",5,6,4
2025|04,/product-guide,Product Guide — Panka Natural Health,6,4,4
2025|04,/schedule-an-appointment,"Programe su cita de naturopatía en Hopkins, MN — Panka Natural Health",0,1,1
2025|04,/schedule-an-appointment,"Schedule Your Naturopathic Appointment in Hopkins, MN — Panka Natural Health",108,88,47
2025|04,/schedule-an-appointment,"💤 Schedule Your Naturopathic Appointment in Hopkins, MN — Panka Natural Health",0,1,1
2025|04,/schedule-appointment,Panka Natural Health,1,1,1
2025|04,/schedule/0081d9d2,Schedule Appointment with Panka Natural Health,2,2,2
2025|04,/schedule/0081d9d2/?sh_update=2,Schedule Appointment with Panka Natural Health,1,1,1
2025|04,/schedule/0081d9d2/category/Follow-up%20Appointment,Schedule Appointment with Panka Natural Health,1,1,1
2025|04,/schedule/0081d9d2/category/Follow-up%20Appointment/appointment/41838350/calendar/8024328/datetime/2025-05-10T09:20:00-05:00/payment?ref=sched_block,Schedule Appointment with Panka Natural Health,1,1,1
2025|04,/schedule/0081d9d2/category/Follow-up%20Appointment/appointment/41838350/calendar/8024328/datetime/2025-05-10T09:20:00-05:00?ref=sched_block,Schedule Appointment with Panka Natural Health,1,1,1
2025|04,/schedule/0081d9d2/category/Follow-up%20Appointment/appointment/41838350/calendar/8024328?ref=sched_block,Schedule Appointment with Panka Natural Health,2,2,1
2025|04,/schedule/0081d9d2/category/Follow-up%20Appointment/appointment/41838350?ref=sched_block,Schedule Appointment with Panka Natural Health,2,2,1
2025|04,/schedule/0081d9d2/category/Follow-up%20Appointment/appointment/41839134,Schedule Appointment with Panka Natural Health,1,1,1
2025|04,/schedule/0081d9d2/category/Follow-up%20Appointment/appointment/41839134/calendar/8024328,Schedule Appointment with Panka Natural Health,1,1,1
2025|04,/schedule/0081d9d2/category/Follow-up%20Appointment/appointment/41839134/calendar/8024328/datetime/2025-04-24T11:00:00-05:00,Schedule Appointment with Panka Natural Health,1,1,1
2025|04,/schedule/0081d9d2/category/Follow-up%20Appointment/appointment/41839134/calendar/8024328/datetime/2025-04-24T11:00:00-05:00/payment,Schedule Appointment with Panka Natural Health,1,1,1
2025|04,/schedule/0081d9d2/category/Follow-up%20Appointment/appointment/41839134/calendar/8024328?categories=Follow-up+Packages,Schedule Appointment with Panka Natural Health,1,1,1
2025|04,/schedule/0081d9d2/category/Follow-up%20Appointment/appointment/41839134?categories=Follow-up+Packages,Schedule Appointment with Panka Natural Health,1,1,1
2025|04,/schedule/0081d9d2/category/Follow-up%20Appointment/appointment/41839662/calendar/8024328/datetime/2025-04-12T11:55:00-05:00?categories=Gift+Certificates,Schedule Appointment with Panka Natural Health,1,1,1
2025|04,/schedule/0081d9d2/category/Follow-up%20Appointment/appointment/41839662/calendar/8024328?categories=Gift+Certificates,Schedule Appointment with Panka Natural Health,1,1,1
2025|04,/schedule/0081d9d2/category/Follow-up%20Appointment/appointment/41839662?categories=Gift+Certificates,Schedule Appointment with Panka Natural Health,1,1,1
2025|04,/schedule/0081d9d2/category/Follow-up%20Appointment?categories=Follow-up+Packages,Schedule Appointment with Panka Natural Health,1,1,1
2025|04,/schedule/0081d9d2/category/Follow-up%20Appointment?categories=Gift+Certificates,Schedule Appointment with Panka Natural Health,1,1,1
2025|04,/schedule/0081d9d2/category/Follow-up%20Appointment?certificate=AE63BCEA&sh_update=2&ecd=YWN1aXR5OkFDVUlUWV9BRVNfS0VZXzA2MjEyMDIwOndKcXJxenV3K3IvVUFXS2wrU0hhSTBXLzM1V3hQWm1zL29FdkhrR2NHcitBdTk3RVlXV2VqM2kzN3Nya1AzOEhLc3NWWW9qalN0K1l5SkUxaDJnQ2hTMzdMR2M1MHZMVFhTMUl6WXFVTjM4VkhZQkZZekpXN3BIVjhGZElEL3pOVU9EMmRySTYvSEN5eTB1VFF3c0NoRW15UjY4T0Fzbit5dm1ENmxORWppeUNTdz09,Schedule Appointment with Panka Natural Health,1,1,1
2025|04,/schedule/0081d9d2/category/Follow-up%20Appointment?ref=sched_block,Schedule Appointment with Panka Natural Health,2,2,1
2025|04,/schedule/0081d9d2/confirmation/2faac2ff6d17fb4852a6a69707e3bbf1,Schedule Appointment with Panka Natural Health,1,1,1
2025|04,/schedule/0081d9d2/confirmation/2faac2ff6d17fb4852a6a69707e3bbf1?ref=email,Schedule Appointment with Panka Natural Health,2,2,1
2025|04,/schedule/0081d9d2/confirmation/45b088aecc94b223ce61f01a58ca571d?ref=email,Schedule Appointment with Panka Natural Health,0,1,1
2025|04,/schedule/0081d9d2/confirmation/5d31d97c7610796b9cb96ff88961428c?ref=sched_block,Schedule Appointment with Panka Natural Health,1,1,1
2025|04,/schedule/0081d9d2/confirmation/c63e0496f721d346e62dfb9129439f5b,Schedule Appointment with Panka Natural Health,1,1,1
2025|04,/schedule/0081d9d2/confirmation/cbe0660f730a8105549c7ff6de5892ab?ref=calendar,Schedule Appointment with Panka Natural Health,2,2,1
2025|04,/schedule/0081d9d2/confirmation/cbe0660f730a8105549c7ff6de5892ab?ref=calendar,💤 Schedule Appointment with Panka Natural Health,0,1,1
2025|04,/schedule/0081d9d2/confirmation/ee8477c2d84dc460ba207ff6a07612a7?ref=sched_block,Schedule Appointment with Panka Natural Health,1,1,1
2025|04,/schedule/0081d9d2?categories=Follow-up+Packages,Schedule Appointment with Panka Natural Health,1,1,1
2025|04,/schedule/0081d9d2?categories=Gift%20Certificates,Schedule Appointment with Panka Natural Health,1,1,1
2025|04,/schedule/0081d9d2?certificate=AE63BCEA&sh_update=2&ecd=YWN1aXR5OkFDVUlUWV9BRVNfS0VZXzA2MjEyMDIwOndKcXJxenV3K3IvVUFXS2wrU0hhSTBXLzM1V3hQWm1zL29FdkhrR2NHcitBdTk3RVlXV2VqM2kzN3Nya1AzOEhLc3NWWW9qalN0K1l5SkUxaDJnQ2hTMzdMR2M1MHZMVFhTMUl6WXFVTjM4VkhZQkZZekpXN3BIVjhGZElEL3pOVU9EMmRySTYvSEN5eTB1VFF3c0NoRW15UjY4T0Fzbit5dm1ENmxORWppeUNTdz09,Schedule Appointment with Panka Natural Health,1,1,1
2025|04,/schedule/0081d9d2?ref=sched_block,Schedule Appointment with Panka Natural Health,12,10,4
2025|04,/video-library,Video Library — Panka Natural Health,1,1,1
2025|04,/wellness-community,Wellness Community — Panka Natural Health,8,7,5
2025|04,/wellness-shop,Panka Natural Health,1,1,1
2025|04,/wellness-shop/meal-plan,Panka Natural Health,1,1,1
2025|04,/wellness-shop/nail-fungus-relief,Panka Natural Health,1,1,1
2025|04,/wellness-shop/p/21-day-healthy-plate-meal-plan-for-the-family,Panka Natural Health,1,1,1
2025|04,/wellness-shop/p/21-day-healthy-plate-meal-plan-for-two,Panka Natural Health,1,1,1
2025|04,/wellness-shop/p/21-day-healthy-plate-meal-plan-one-person,Panka Natural Health,1,1,1
2025|04,/wellness-shop/p/anti-inflammatory-recipe-book,Panka Natural Health,1,1,1
2025|04,/wellness-shop/p/dairy-free-gluten-free-recipe-book,Panka Natural Health,1,1,1
2025|04,/wellness-shop/p/ketogenic-recipe-book,Panka Natural Health,1,1,1
2025|04,/wellness-shop/p/low-fodmap-recipe-book,Panka Natural Health,1,1,1
2025|04,/wellness-shop/p/nail-fungus-relief,Panka Natural Health,1,1,1
2025|04,/wellness-shop/p/plant-based-meal-plan-for-two,Panka Natural Health,1,1,1
2025|04,/wellness-shop/p/plant-based-recipe-book,Panka Natural Health,1,1,1
2025|04,/wellness-shop/p/smoothie-recipe-book,Panka Natural Health,1,1,1
2025|04,/wellness-shop/recipe-book,Panka Natural Health,1,1,1
2025|04,/whypnh,"Naturopathic Family Medicine in Hopkins, MN | Panka Natural Health — Panka Natural Health",2,2,2
2025|04,/womens-health-services,"Holistic Women's Health Care - Naturopathic Solutions for Hormones, Fertility & Wellness — Panka Natural Health",8,8,8
2025|04,/womens-health-services,Women's Health Services — Panka Natural Health,21,18,13
2025|05,/,"Naturopathic Family Medicine in Hopkins, MN | Holistic Care",233,202,127
2025|05,/?fbclid=IwZXh0bgNhZW0CMTEAAR59RLIpZQ91XGlAwASPIofIFdlxsXV62r4VU_gkQoUkj8fLC6GjHMk441xbeg_aem_Z95EKlrW-FubP4mOXuDR0A,"Naturopathic Family Medicine in Hopkins, MN | Holistic Care",1,1,1
2025|05,/?fbclid=IwZXh0bgNhZW0CMTEAAR5jItWefetyY5nQG1qf-NV0yr89ipDEgKGk9E6QHKiEAASf-ThVnfrg7Z3owA_aem_o5Cb849U9UAVSNsEYoVRqg,"Naturopathic Family Medicine in Hopkins, MN | Holistic Care",1,1,1
2025|05,/?fbclid=IwZXh0bgNhZW0CMTEAAR5x1MSRRO-h5l2-8tUCNBQ55XxDsI-rusUuH-X8IAznPTdQtCnA9NN5kqFFig_aem_AO-JBRIbSNt5m188YKklIg,"Naturopathic Family Medicine in Hopkins, MN | Holistic Care",1,1,1
2025|05,/?fbclid=IwZXh0bgNhZW0CMTEAAR69uX16aKpCnImD0FtCVCe24UGgGfdIUpbsEZxtWZsAnWa9cYuYYaEvI4L79A_aem_HPvF24KpxEk1fKtiLwqcWg,"Naturopathic Family Medicine in Hopkins, MN | Holistic Care",1,1,1
2025|05,/?fbclid=IwZXh0bgNhZW0CMTEAAR6l81NrEgpPPa0tlrFy2W7EJOoTdsjsUr2bX_TIH2brgNBpVeRnBExG1yhWaQ_aem_txyfmDsKQeoPkIreNWxpkQ,"Naturopathic Family Medicine in Hopkins, MN | Holistic Care",1,1,1
2025|05,/?fbclid=IwZXh0bgNhZW0CMTEAAR6mcXIjKmynDzT78fFkVT0a3cgzrEwRNU0_dzX1iNBiKyQVcRREXNs1GG5puA_aem_ForRTXd0oX9l5n6u3mcupw,"Naturopathic Family Medicine in Hopkins, MN | Holistic Care",1,1,1
2025|05,/?fbclid=IwZXh0bgNhZW0CMTEAAR7BLhOr1Grevi2x80cAR1mXMctsc1alZ-ZWSQq_OMdEXsytOPxpWx7X1p9u-A_aem_oQu8E8iijqe2Y_RbZ8k9iA,"Naturopathic Family Medicine in Hopkins, MN | Holistic Care",1,1,1
2025|05,/?fbclid=IwZXh0bgNhZW0CMTEAAR7P_2UW5p0r1oXun6Tbcdn5FbBHpAJZ53VNuTTt0qrbbgJfh3WTy7BbBp4POg_aem_Gek8liM5WmC-ad6PpTInXA,"Naturopathic Family Medicine in Hopkins, MN | Holistic Care",1,1,1
2025|05,/?fbclid=PAZXh0bgNhZW0CMTEAAac9Oc62SPxHnlQcGoKgqKqA3DU_N-OxqRgpiJbwAHn4E7I3smIgHPcpxi0I5w_aem_csXYP9mNoSRskiqLVFFZ8A,"Naturopathic Family Medicine in Hopkins, MN | Holistic Care",1,1,1
2025|05,/?fbclid=PAZXh0bgNhZW0CMTEAAad2e2fYzNN6KDj_WIykJDP6rDnNBNCKfao_L_8yJaV39uzngf_Q_MFuvI9qRQ_aem_mnzpj0jHxPUj39TIzzhYuA,"Naturopathic Family Medicine in Hopkins, MN | Holistic Care",1,1,1
2025|05,/?fbclid=PAZXh0bgNhZW0CMTEAAad78D2_LZjbqd1pJgh5R07PyL8JI5XbxNzN1Pc7BiU45Qqg_nQz0Rw6HCX5NQ_aem_00bUEiiAm4V-jKNGXVAYJA,"Naturopathic Family Medicine in Hopkins, MN | Holistic Care",1,1,1
2025|05,/?fbclid=PAZXh0bgNhZW0CMTEAAadMTVR08RnVej93zd6IEGJr-NX1uUQhltrpab36hZM2LiZqNmMseEHanOmjQQ_aem_pfmTSlDE1sYuKuFGpz7K5g,"Naturopathic Family Medicine in Hopkins, MN | Holistic Care",1,1,1
2025|05,/account/login,Sign In,5,4,3
2025|05,/account/login/request-reset,Reset Password,2,2,2
2025|05,/blog,Holistic Health Blog | Naturopathic Wellness & Natural Remedies — Panka Natural Health,19,15,11
2025|05,/blog/2017/7/17/food-preservatives,Panka Natural Health,1,1,1
2025|05,/blog/7-day-spring-cleaning-dust-allergy-action-plan,7-Day Spring Cleaning Dust Allergy Action Plan — Panka Natural Health,2,3,2
2025|05,/blog/aerobic-exercise-vs-hiit-which-is-right-for-you,Cardio vs. HIIT: Which Is Right for You? — Panka Natural Health,1,2,1
2025|05,/blog/eden-prairie-springs,Eden Prairie Springs: Natural Resources for Community Wellness — Panka Natural Health,39,37,27
2025|05,/blog/eden-prairie-springs?fbclid=IwZXh0bgNhZW0CMTEAAR4jyiYpllYTYI2Qe2AYA44mVy8feDxjnMUMHdRrIey-irDxHd_dn0KywFD1nA_aem_K2CM8pYwyAXofRF99fD1aQ,Eden Prairie Springs: Natural Resources for Community Wellness — Panka Natural Health,1,1,1
2025|05,/blog/eden-prairie-springs?fbclid=IwZXh0bgNhZW0CMTEAAR6gXrsOq8dkrAlg5Hp--wl1DpyQiB0GHTN9kpO--G1TOoyLkGv1DgMbrQUuAA_aem_UGjSaY5R4YNoeRS97HfdSw,Eden Prairie Springs: Natural Resources for Community Wellness — Panka Natural Health,1,1,1
2025|05,/blog/eden-prairie-springs?fbclid=IwZXh0bgNhZW0CMTEAAR7mdR9LPAN04GvWNhEfrdMZQKYA4ysQO3U4aGjnfW9dBQ3uLCjsZ-Vhe8VkCg_aem_abu_OSIHL4h68vDeJKdgCA,Eden Prairie Springs: Natural Resources for Community Wellness — Panka Natural Health,1,1,1
2025|05,/blog/eden-prairie-springs?fbclid=IwZXh0bgNhZW0CMTEAAR7vd1g2Ng8vTYzIAEnyEmzozJK6jzr-LH9BOiX1Crs3mYy_840dBxD3bC_g4A_aem_SEfDzrYYJkTYgeTNiftVwQ,Eden Prairie Springs: Natural Resources for Community Wellness — Panka Natural Health,1,1,1
2025|05,/blog/eden-prairie-springs?hl=en-US,Eden Prairie Springs: Natural Resources for Community Wellness — Panka Natural Health,1,1,1
2025|05,/blog/health-alerts-for-eden-prairie-spring-water,Health Alerts for Eden Prairie Spring Water — Panka Natural Health,8,8,8
2025|05,/blog/naturopathic-first-aid-kit,Naturopathic First Aid Kit — Panka Natural Health,1,1,1
2025|05,/blog/naturopathic-medicine-provides-a-holistic-approach,Naturopathic Medicine Provides a Holistic Approach to Health — Panka Natural Health,6,6,6
2025|05,/blog/nutrient-spotlight-foods-rich-in-magnesium,Nutrient Spotlight: Foods Rich in Magnesium — Panka Natural Health,1,1,1
2025|05,/blog/personalized-fitness-tailoring-your-workouts-with-target-heart-rate,Personalized Fitness: Tailoring Your Workouts with Target Heart Rate — Panka Natural Health,1,1,1
2025|05,/blog/sunburn-protection-with-lycopene-rich-foods,Sunburn Protection with Lycopene-Rich Foods — Panka Natural Health,5,7,5
2025|05,/blog/the-synergy-of-functional-and-naturopathic-medicine-a-holistic-approach-to-health-in-minnesota,The Similarities of Functional & Naturopathic Medicine — Panka Natural Health,1,1,1
2025|05,/blog/top-nutrient-dense-foods-im-prioritizing-this-year,Top Nutrient-Dense Foods I’m Prioritizing This Year — Panka Natural Health,1,1,1
2025|05,/blog/what-to-expect-from-a-naturopathic-doctor,What to Expect from a Naturopathic Doctor — Panka Natural Health,1,1,1
2025|05,/c2NoZWR1bG,Panka Natural Health,1,1,1
2025|05,/cardiovascular-wellness-program,Holistic Care for Heart Health | Cardiovascular Wellness Program — Panka Natural Health,3,4,3
2025|05,/cart,Panka Natural Health,2,2,2
2025|05,/catalog/0081d9d2?categories=Follow-up%20Packages,Schedule Appointment with Panka Natural Health,1,1,1
2025|05,/clinical-laboratory-tests,"Comprehensive Naturopathic Lab Testing in Hopkins, MN — Panka Natural Health",15,13,10
2025|05,/contact,Contact Panka Natural Health | Naturopathic Medicine in Hopkins — Panka Natural Health,16,14,13
2025|05,/dietary-supplements,Order Clinical-Grade Supplements | Panka Natural Health — Panka Natural Health,5,6,5
2025|05,/events,Events — Panka Natural Health,5,5,5
2025|05,/faq,Get Answers to Your Questions at Panka Natural Health's FAQ Page - Your Resource for Holistic Health Information — Panka Natural Health,17,16,16
2025|05,/followup-packages,Follow-up Care Packages - Personalized Wellness Support for Adults & Children — Panka Natural Health,5,4,4
2025|05,/holistic-diabetes-care,"Holistic Diabetes Care with Naturopathic Medicine | Hopkins, MN — Panka Natural Health",4,3,3
2025|05,/iron-blood-testing,Comprehensive Iron Blood Testing | Naturopathic Medicine MN — Panka Natural Health,1,1,1
2025|05,/meal-plans-and-recipe-books,Meal Plans & Recipe Books by NDs | PNH Wellness Shop — Panka Natural Health,2,2,2
2025|05,/meet-dr-haley,"Naturopathic Family Medicine | Dr. Haley Panka in Hopkins, MN — Panka Natural Health",53,47,43
2025|05,/meet-dr-haley,Sign In,1,1,1
2025|05,/meet-dr-jacob,Naturopathic Medicine & Integrative Health | Dr. Jacob Panka — Panka Natural Health,20,20,19
2025|05,/mens-health,Men's Health Services — Panka Natural Health,6,6,5
2025|05,/nail-fungus-relief,Fast-Acting Natural Nail Fungus Relief | Panka Natural Health — Panka Natural Health,17,16,15
2025|05,/naturopathic-medicine,"Naturopathic Medicine in Hopkins, MN | Panka Natural Health — Panka Natural Health",22,19,15
2025|05,/patient-portal,Access Your Patient Portal at Panka Natural Health - Stay Connected with Your Health — Panka Natural Health,12,10,6
2025|05,/patient-portal,💤 Access Your Patient Portal at Panka Natural Health - Stay Connected with Your Health — Panka Natural Health,0,1,1
2025|05,/pediatrics,Pediatric Care — Panka Natural Health,4,4,4
2025|05,/pnh-fullscript,"Naturopathic Family Medicine | Holistic Care in Hopkins, MN — Panka Natural Health",5,5,3
2025|05,/pnh-online-medicinary,Panka Natural Health,1,1,1
2025|05,/pnh-wellness-shop,PNH Wellness Shop — Panka Natural Health,3,2,2
2025|05,/pnh-wellness-shop/p/21-day-healthy-plate-meal-plan-for-the-family,21-Day Healthy Plate Meal Plan for the Family — Panka Natural Health,1,1,1
2025|05,/pnh-wellness-shop/p/21-day-healthy-plate-meal-plan-for-two,21-Day Healthy Plate Meal Plan for Two — Panka Natural Health,1,1,1
2025|05,/pnh-wellness-shop/p/21-day-healthy-plate-meal-plan-one-person,21-Day Healthy Plate Meal Plan — Panka Natural Health,1,1,1
2025|05,/pnh-wellness-shop/p/21-day-ketogenic-meal-plan-for-one-person,21-Day Ketogenic Meal Plan — Panka Natural Health,2,2,2
2025|05,/pnh-wellness-shop/p/21-day-ketogenic-meal-plan-for-two,21-Day Ketogenic Meal Plan for Two — Panka Natural Health,1,1,1
2025|05,/pnh-wellness-shop/p/21-day-plant-based-meal-plan-one-person,21-Day Plant-Based Meal Plan — Panka Natural Health,1,1,1
2025|05,/pnh-wellness-shop/p/anti-inflammatory-recipe-book,Anti-Inflammatory Recipe Book — Panka Natural Health,1,1,1
2025|05,/pnh-wellness-shop/p/dairy-free-gluten-free-recipe-book,Dairy-Free & Gluten-Free Recipe Book — Panka Natural Health,1,1,1
2025|05,/pnh-wellness-shop/p/dairy-free-recipe-book,Dairy-Free Recipe Book — Panka Natural Health,1,1,1
2025|05,/pnh-wellness-shop/p/gluten-free-recipe-book,Gluten-Free Recipe Book — Panka Natural Health,1,1,1
2025|05,/pnh-wellness-shop/p/ketogenic-recipe-book,Ketogenic Recipe Book — Panka Natural Health,1,1,1
2025|05,/pnh-wellness-shop/p/low-fodmap-recipe-book,Low-FODMAP Recipe Book — Panka Natural Health,1,1,1
2025|05,/pnh-wellness-shop/p/nail-fungus-relief,Nail Fungus Relief — Panka Natural Health,3,2,2
2025|05,/pnh-wellness-shop/p/plant-based-meal-plan-for-two,21-Day Plant-Based Meal Plan for Two — Panka Natural Health,1,1,1
2025|05,/pnh-wellness-shop/p/plant-based-recipe-book,Plant-Based Recipe Book — Panka Natural Health,1,1,1
2025|05,/pnh-wellness-shop/p/smoothie-recipe-book,Smoothie Recipe Book — Panka Natural Health,1,1,1
2025|05,/prepare-for-your-visit,"Prepare for Your Visit | Naturopathic Family Medicine in Hopkins, MN — Panka Natural Health",2,2,2
2025|05,/product-guide,Product Guide — Panka Natural Health,5,5,5
2025|05,/schedule-an-appointment,"Schedule Your Naturopathic Appointment in Hopkins, MN — Panka Natural Health",66,64,37
2025|05,/schedule.php?owner=27943652&action=appt&paymentLink=true#payment,Schedule Appointment with Panka Natural Health,1,1,1
2025|05,/schedule/0081d9d2,Schedule Appointment with Panka Natural Health,1,2,1
2025|05,/schedule/0081d9d2/category/First%20Appointment,Schedule Appointment with Panka Natural Health,1,1,1
2025|05,/schedule/0081d9d2/category/Follow-up%20Appointment/appointment/41838350/calendar/7700282/datetime/2025-05-07T09:25:00-05:00?ref=sched_block,Schedule Appointment with Panka Natural Health,1,2,1
2025|05,/schedule/0081d9d2/category/Follow-up%20Appointment/appointment/41838350/calendar/7700282/datetime/2025-05-07T10:00:00-05:00?ref=sched_block,Schedule Appointment with Panka Natural Health,1,1,1
2025|05,/schedule/0081d9d2/category/Follow-up%20Appointment/appointment/41838350/calendar/7700282?ref=sched_block,Schedule Appointment with Panka Natural Health,2,1,1
2025|05,/schedule/0081d9d2/category/Follow-up%20Appointment/appointment/41838350?ref=sched_block,Schedule Appointment with Panka Natural Health,2,1,1
2025|05,/schedule/0081d9d2/category/Follow-up%20Appointment?ref=sched_block,Schedule Appointment with Panka Natural Health,2,1,1
2025|05,/schedule/0081d9d2/category/Introductory%20Phone%20Call/appointment/41826455/calendar/7700282/datetime/2025-05-09T10:30:00-05:00?ref=sched_block,Schedule Appointment with Panka Natural Health,1,1,1
2025|05,/schedule/0081d9d2/category/Introductory%20Phone%20Call/appointment/41826455/calendar/7700282?ref=sched_block,Schedule Appointment with Panka Natural Health,2,1,1
2025|05,/schedule/0081d9d2/category/Introductory%20Phone%20Call/appointment/41826455?ref=sched_block,Schedule Appointment with Panka Natural Health,2,1,1
2025|05,/schedule/0081d9d2/confirmation/2faac2ff6d17fb4852a6a69707e3bbf1?ref=email,Schedule Appointment with Panka Natural Health,7,7,1
2025|05,/schedule/0081d9d2/confirmation/6511c3d5e37576439d62a54c39f6e100?ref=email,Schedule Appointment with Panka Natural Health,0,1,1
2025|05,/schedule/0081d9d2/confirmation/748541102088809b87e75b1a601d8ae7?ref=sched_block,Schedule Appointment with Panka Natural Health,1,1,1
2025|05,/schedule/0081d9d2/confirmation/ca04ebd439ba675c67923ec147b9495b?ref=email,Schedule Appointment with Panka Natural Health,2,4,2
2025|05,/schedule/0081d9d2/confirmation/fb1a6545ee17710bd536bf5fb732adbd,Schedule Appointment with Panka Natural Health,0,2,1
2025|05,/schedule/0081d9d2?ref=email,Schedule Appointment with Panka Natural Health,1,1,1
2025|05,/schedule/0081d9d2?ref=sched_block,Schedule Appointment with Panka Natural Health,6,5,3
2025|05,/video-library,Video Library — Panka Natural Health,3,3,3
2025|05,/wellness-community,Wellness Community — Panka Natural Health,5,6,4
2025|05,/wellness-shop,Panka Natural Health,1,1,1
2025|05,/whypnh,"Naturopathic Family Medicine in Hopkins, MN | Panka Natural Health — Panka Natural Health",5,5,5
2025|05,/womens-health-services,"Holistic Women's Health Care - Naturopathic Solutions for Hormones, Fertility & Wellness — Panka Natural Health",13,14,13
2025|06,/,"Naturopathic Family Medicine in Hopkins, MN | Holistic Care",474,407,281
2025|06,/,Sign In,0,1,1
2025|06,/?fbclid=IwZXh0bgNhZW0CMTEAAR51MrSXcKQjjMQfOueffEh72JxzEIQy0sJjcJd5Go12iOJhh-x07AFN54BzGA_aem_g21MlWUajaIiAy6AWtQkmg,"Naturopathic Family Medicine in Hopkins, MN | Holistic Care",1,1,1
2025|06,/?fbclid=IwZXh0bgNhZW0CMTEAAR53_mS4HQSvRzorRCRmHXHF0pOW3Eh-JDoE9vX-RPYbsYKnLbPMLXjwnUBgXA_aem_ZMgJzOO4Vy_3dsoshbBwLA,"Naturopathic Family Medicine in Hopkins, MN | Holistic Care",1,1,1
2025|06,/?fbclid=IwZXh0bgNhZW0CMTEAAR5ZyiM0gnT1xYV9mKare2rZ0ShAYM-J1p5c8X1dpUYB7UKKO6-U81yCf4e7xA_aem_woJvclmzquKSphSdvNOPUg,"Naturopathic Family Medicine in Hopkins, MN | Holistic Care",1,1,1
2025|06,/?fbclid=IwZXh0bgNhZW0CMTEAAR6a82FLk6RAU69LjfKeSxpHdz8IaMf2B9s8II7FA0DRFB0cBkq2YHcZMBT1-A_aem_b_nvQ1cDRDzSVtA5JIAXfw,"Naturopathic Family Medicine in Hopkins, MN | Holistic Care",1,1,1
2025|06,/?fbclid=IwZXh0bgNhZW0CMTEAAR6r1qgXoeF_GSLEnH8D70EPWAZYl3Hs8MyyIa3m73EjaCvdwHiZUKbdyswdOw_aem_19ZevIX6cRTqgSySSHjgxg,"Naturopathic Family Medicine in Hopkins, MN | Holistic Care",1,1,1
2025|06,/?fbclid=IwZXh0bgNhZW0CMTEAAR74LTNwf48QAWAqYxxl6_4lpid9z0fh6YzofKx0Ud1l79qnYnieKlriAXta1Q_aem_sZS2zI6sIMtUyzgF57qv0g,"Naturopathic Family Medicine in Hopkins, MN | Holistic Care",1,1,1
2025|06,/?fbclid=IwZXh0bgNhZW0CMTEAAR7AgmMDdtEtCFUNgZUWyboEXU3RUNdKY4k7BmTEn_CCn7OpoHsZ4ktiaptjcQ_aem_jkrCRR48tkUp2VwuatbXGw,"Naturopathic Family Medicine in Hopkins, MN | Holistic Care",1,1,1
2025|06,/?fbclid=IwZXh0bgNhZW0CMTEAAR7fa1wjYLHRVyeujA4A6ubKaAJurOhDkcsNMpEOkNqYqcE68RNNZaYCOww-XQ_aem_ALo8bJSVAW8AxMIKwktzVQ,"Naturopathic Family Medicine in Hopkins, MN | Holistic Care",1,1,1
2025|06,/?fbclid=PAZXh0bgNhZW0CMTEAAacfamEHGqaW2Qxdy-dTZhz5poDnygbzlOp40kNBYI-LRFNPc3lALITXMFO4wQ_aem_PuijL_DKPhf6g4uhV-D_jA,"Naturopathic Family Medicine in Hopkins, MN | Holistic Care",1,1,1
2025|06,/?fbclid=PAZXh0bgNhZW0CMTEAAaclrvYgg_tJbSE3gA5puIUkgaB4khQ5mx2bFQiHwa_snY2RjfNDX0N-FreVQA_aem_RiEXPoFNWrPm6Y5M2qyZxQ,"Naturopathic Family Medicine in Hopkins, MN | Holistic Care",1,1,1
2025|06,/?fbclid=PAZXh0bgNhZW0CMTEAAafRrtb3mJItyryQC8manDcvkmGjcozE_otR-H_HE-SMs5fNOsPh4VE2vBu4eg_aem_eDwwprirE7-DuCLhX1p8Gg,"Naturopathic Family Medicine in Hopkins, MN | Holistic Care",1,1,1
2025|06,/?gad_campaignid=22625360079,"Naturopathic Family Medicine in Hopkins, MN | Holistic Care",2,2,2
2025|06,/?gad_campaignid=22635205585,"Naturopathic Family Medicine in Hopkins, MN | Holistic Care",104,103,97
2025|06,/?gtm_debug=1748969517880,"Naturopathic Family Medicine in Hopkins, MN | Holistic Care",1,1,1
2025|06,/?gtm_debug=1748969605532,"Naturopathic Family Medicine in Hopkins, MN | Holistic Care",1,1,1
2025|06,/about-1,Panka Natural Health,18,12,12
2025|06,/account/login,Sign In,6,4,4
2025|06,/account/login/request-reset,Reset Password,2,2,2
2025|06,/blog,Holistic Health Blog | Naturopathic Wellness & Natural Remedies — Panka Natural Health,53,34,20
2025|06,/blog/7-day-spring-cleaning-dust-allergy-action-plan,7-Day Spring Cleaning Dust Allergy Action Plan — Panka Natural Health,5,5,3
2025|06,/blog/aerobic-exercise-vs-hiit-which-is-right-for-you,Cardio vs. HIIT: Which Is Right for You? — Panka Natural Health,6,5,2
2025|06,/blog/aerobic-exercise-vs-hiit-which-is-right-for-you?fbclid=IwZXh0bgNhZW0CMTEAAR6rkKApwRQ_Ybi2WjIS9mvj0hz86Btb1Ep-r7fBDCc_3tZbJGet9mxI3Y3vBQ_aem__1HOUe7cOthtFyI1bPLPdQ,Cardio vs. HIIT: Which Is Right for You? — Panka Natural Health,1,1,1
2025|06,/blog/breaking-the-fast-your-guide-to-a-stellar-morning-meal,Breaking the Fast: Your Guide to a Stellar Morning Meal — Panka Natural Health,4,4,2
2025|06,/blog/eden-prairie-springs,Eden Prairie Springs: Natural Resources for Community Wellness — Panka Natural Health,30,30,18
2025|06,/blog/eden-prairie-springs?fbclid=IwZXh0bgNhZW0CMTEAAR4fupG1QP0en3XH-Q0T9L2VTmkieC3NJNhInYTdcgFb8tDgcW6nBVoHY5FQdw_aem_FScLzeQABJQNAuR79tsy6Q,Eden Prairie Springs: Natural Resources for Community Wellness — Panka Natural Health,1,1,1
2025|06,/blog/eden-prairie-springs?fbclid=IwZXh0bgNhZW0CMTEAAR7hBgvqtEd8VFwy-ILzwUr0HMY_w8NSD8fRAzV6bKKu9fd5j6Rnun_h2RHWIQ_aem_mFeiuu7sLvCzIuxpZmlIqg,Eden Prairie Springs: Natural Resources for Community Wellness — Panka Natural Health,1,1,1
2025|06,/blog/fiberfocus,Fiber Focus: The Top Foods and Supplements to Keep You Regular — Panka Natural Health,2,2,1
2025|06,/blog/health-alerts-for-eden-prairie-spring-water,Health Alerts for Eden Prairie Spring Water — Panka Natural Health,1,1,1
2025|06,/blog/naturopathic-first-aid-kit,Naturopathic First Aid Kit — Panka Natural Health,2,2,1
2025|06,/blog/naturopathic-medicine-provides-a-holistic-approach,Naturopathic Medicine Provides a Holistic Approach to Health — Panka Natural Health,2,2,2
2025|06,/blog/nutrient-spotlight-foods-rich-in-calcium,Nutrient Spotlight: Foods Rich in Calcium — Panka Natural Health,5,6,1
2025|06,/blog/nutrient-spotlight-foods-rich-in-calcium?gad_campaignid=22635205585,Nutrient Spotlight: Foods Rich in Calcium — Panka Natural Health,1,1,1
2025|06,/blog/nutrient-spotlight-foods-rich-in-magnesium,Nutrient Spotlight: Foods Rich in Magnesium — Panka Natural Health,2,2,1
2025|06,/blog/personalized-fitness-tailoring-your-workouts-with-target-heart-rate,Personalized Fitness: Tailoring Your Workouts with Target Heart Rate — Panka Natural Health,5,5,1
2025|06,/blog/personalized-fitness-tailoring-your-workouts-with-target-heart-rate?fbclid=IwZXh0bgNhZW0CMTEAAR41N-wsPOEcgUtAjsxCpRCvWORVwPcFRazyhPvVbSEUYNbed-p82r-KWeuO_Q_aem_ZrOALoJK9LBjHT8Uvaj5-Q,Personalized Fitness: Tailoring Your Workouts with Target Heart Rate — Panka Natural Health,1,1,1
2025|06,/blog/pfas-risk-in-mn-freshwater-fish,The Hidden Risks of Eating Locally Caught Fish: Understanding PFAS Contamination — Panka Natural Health,1,1,1
2025|06,/blog/sunburn-protection-with-lycopene-rich-foods,Sunburn Protection with Lycopene-Rich Foods — Panka Natural Health,12,11,7
2025|06,/blog/sunburn-protection-with-lycopene-rich-foods?fbclid=IwZXh0bgNhZW0CMTEAAR4LCWz9rDq5WPR2Bt2pYfvsvj35-W7hxyGVFpmVdDvg84rPTfKOqP__P3gzjA_aem_vfv2_Uixx9nVVSkxHO67JQ,Sunburn Protection with Lycopene-Rich Foods — Panka Natural Health,1,1,1
2025|06,/blog/sunburn-protection-with-lycopene-rich-foods?fbclid=IwZXh0bgNhZW0CMTEAAR6cWHoNKiDgmR30-Anc3YhBsEo4z_Wszlzh-DGM6i-m-Gn2PUJSILLMfQ_g8Q_aem_UHLM0yeuiVCoiHOR96-1XA,Sunburn Protection with Lycopene-Rich Foods — Panka Natural Health,1,1,1
2025|06,/blog/sunburn-protection-with-lycopene-rich-foods?fbclid=IwZXh0bgNhZW0CMTEAAR7LlChC47szQQu98XsnSUe2aVSDn3H42fzBLzdymZc45ANYAXzUEvQa-ETdhg_aem_yE4hDstRjg7GkeP6nucGqA,Sunburn Protection with Lycopene-Rich Foods — Panka Natural Health,1,1,1
2025|06,/blog/sunburn-protection-with-lycopene-rich-foods?fbclid=IwZXh0bgNhZW0CMTEAAR7cgL5D9Fvyvg4fnHxfb2FoxnnbSTpiD_w7awDNT_lav2Yzz-BEYFMTamyXug_aem_zcbrYA2LR_cA5iBD72I6Kg,Sunburn Protection with Lycopene-Rich Foods — Panka Natural Health,1,1,1
2025|06,/blog/the-amazing-health-benefits-of-regular-sauna-use,The Health Benefits of Regular Sauna Use — Panka Natural Health,2,2,1
2025|06,/cardiovascular-wellness-program,Holistic Care for Heart Health | Cardiovascular Wellness Program — Panka Natural Health,4,4,4
2025|06,/cardiovascular-wellness-program?gad_campaignid=22635205585,Holistic Care for Heart Health | Cardiovascular Wellness Program — Panka Natural Health,1,1,1
2025|06,/cart,Panka Natural Health,6,4,4
2025|06,/checkout?cartToken=WcCQeB3qJNMWClh4I4MyJ3uhwW0oogSkPMrF2V01,Panka Natural Health | Secure Checkout,1,1,1
2025|06,/checkout?cartToken=bv99FAva1Pri-STU3LuzmROI4luOMzQd_shj6sgE,Panka Natural Health | Secure Checkout,1,1,1
2025|06,/clinical-laboratory-tests,"Comprehensive Naturopathic Lab Testing in Hopkins, MN — Panka Natural Health",14,14,10
2025|06,/clinical-laboratory-tests?gad_campaignid=22635205585,"Comprehensive Naturopathic Lab Testing in Hopkins, MN — Panka Natural Health",2,2,2
2025|06,/commerce/orders/4616e694-ba25-442f-849f-5c317c212489,Panka Natural Health: Order Status,1,1,1
2025|06,/commerce/orders/4616e694-ba25-442f-849f-5c317c212489?referer=checkout,Panka Natural Health: Order Status,1,1,1
2025|06,/commerce/orders/b344c28a-9252-4519-94e4-0f9937119406,Panka Natural Health: Order Status,1,1,1
2025|06,/contact,Contact Panka Natural Health | Naturopathic Medicine in Hopkins — Panka Natural Health,28,30,26
2025|06,/dietary-supplements,Order Clinical-Grade Supplements | Panka Natural Health — Panka Natural Health,15,14,12
2025|06,/events,Events — Panka Natural Health,11,9,9
2025|06,/eventss,Panka Natural Health,1,1,1
2025|06,/faq,Get Answers to Your Questions at Panka Natural Health's FAQ Page - Your Resource for Holistic Health Information — Panka Natural Health,30,31,28
2025|06,/followup-packages,Follow-up Care Packages - Personalized Wellness Support for Adults & Children — Panka Natural Health,13,10,4
2025|06,/holistic-diabetes-care,"Holistic Diabetes Care with Naturopathic Medicine | Hopkins, MN — Panka Natural Health",7,6,3
2025|06,/holistic-diabetes-care?gad_campaignid=22635205585,"Holistic Diabetes Care with Naturopathic Medicine | Hopkins, MN — Panka Natural Health",1,1,1
2025|06,/home,"Naturopathic Family Medicine in Hopkins, MN | Holistic Care",6,1,1
2025|06,/meal-plans-and-recipe-books,Meal Plans & Recipe Books by NDs | PNH Wellness Shop — Panka Natural Health,7,5,3
2025|06,/meet-dr-haley,"Naturopathic Family Medicine | Dr. Haley Panka in Hopkins, MN — Panka Natural Health",59,52,45
2025|06,/meet-dr-haley?gad_campaignid=22635205585,"Naturopathic Family Medicine | Dr. Haley Panka in Hopkins, MN — Panka Natural Health",4,4,4
2025|06,/meet-dr-jacob,Naturopathic Medicine & Integrative Health | Dr. Jacob Panka — Panka Natural Health,23,17,15
2025|06,/meet-dr-jacob?gad_campaignid=22635205585,Naturopathic Medicine & Integrative Health | Dr. Jacob Panka — Panka Natural Health,7,7,7
2025|06,/mens-health,Men's Health Services — Panka Natural Health,6,6,6
2025|06,/nail-fungus-relief,Fast-Acting Natural Nail Fungus Relief | Panka Natural Health — Panka Natural Health,68,57,43
2025|06,/nail-fungus-relief?fbclid=IwY2xjawLL40VleHRuA2FlbQIxMQABHkL-rGmmM1nuWRO6iIp5Q1ZyxUlih-4u_FIsvqxcspa3Ef0E1dRVL-AE3Rvc_aem__hmXKu3b9ymMi-h7W5cW5A,Fast-Acting Natural Nail Fungus Relief | Panka Natural Health — Panka Natural Health,1,1,1
2025|06,/nail-fungus-relief?fbclid=IwY2xjawLMMINleHRuA2FlbQIxMQABHhFrqbDxeuQmWIRarPvcWj2WhV_MStaUU_FzmdxgTeiWZG1FDShXS0GLF-k6_aem_T_aWcAqDkoYxkhY1BDwvzQ,Fast-Acting Natural Nail Fungus Relief | Panka Natural Health — Panka Natural Health,2,1,1
2025|06,/nail-fungus-relief?fbclid=IwZXh0bgNhZW0CMTEAAR4RdlaUnFs3r9P4YSEsDAIpUXS4E434jPh4g-Lzr63INFKvvyawgbCqQ02Yzg_aem_lRC-YlkwFs0rkI1mimfiTQ,Fast-Acting Natural Nail Fungus Relief | Panka Natural Health — Panka Natural Health,1,1,1
2025|06,/nail-fungus-relief?fbclid=IwZXh0bgNhZW0CMTEAAR4V4xxzdxBM77xiJBEys7tM2smw971GGmxaG1bc7xAoEy63gyqaPB165u5z8Q_aem_tmTR6ivyh43OBEv7swiT9w,Fast-Acting Natural Nail Fungus Relief | Panka Natural Health — Panka Natural Health,1,1,1
2025|06,/nail-fungus-relief?fbclid=IwZXh0bgNhZW0CMTEAAR4VTZ4rAoF8j-sBqauBAPYywK9zizTqoHuBBIV0p9hdxbqzDVPJ0pmU-B_21A_aem_r0LfmJ5d102XAhHvvso9Yw,Fast-Acting Natural Nail Fungus Relief | Panka Natural Health — Panka Natural Health,1,1,1
2025|06,/nail-fungus-relief?fbclid=IwZXh0bgNhZW0CMTEAAR6Hrzj5tXos9DKjLQcAvJIs2zwqLLBF9mc2mpnOoCoEBFeOZh6WWORuH4NXvg_aem_nbD4EfqjvFjPbdeLLuKErw,Fast-Acting Natural Nail Fungus Relief | Panka Natural Health — Panka Natural Health,1,1,1
2025|06,/nail-fungus-relief?fbclid=IwZXh0bgNhZW0CMTEAAR7dIIzVQaDXbEicmeQlHKswByaB2CbYJ6QUbBH-Ueyz1Vl327KCMediXuixbg_aem_i897aL102xh9EwHCZTtLeA,Fast-Acting Natural Nail Fungus Relief | Panka Natural Health — Panka Natural Health,1,1,1
2025|06,/nail-fungus-relief?fbclid=IwZXh0bgNhZW0CMTEAAR7uIGB1Lr9s7QfE-QFB5dB_eOjZwPVBwAgNHpk_z-purlwUblzUSHnhIB4zjA_aem_35l9lq_9X6jBllJX1cSvqQ,Fast-Acting Natural Nail Fungus Relief | Panka Natural Health — Panka Natural Health,1,1,1
2025|06,/naturopathic-medicine,"Naturopathic Medicine in Hopkins, MN | Panka Natural Health — Panka Natural Health",24,16,13
2025|06,/patient-portal,Access Your Patient Portal at Panka Natural Health - Stay Connected with Your Health — Panka Natural Health,9,9,4
2025|06,/patient-portal,💤 Access Your Patient Portal at Panka Natural Health - Stay Connected with Your Health — Panka Natural Health,0,1,1
2025|06,/pediatrics,Pediatric Care — Panka Natural Health,10,11,9
2025|06,/pnh-fullscript,"Naturopathic Family Medicine | Holistic Care in Hopkins, MN — Panka Natural Health",2,2,2
2025|06,/pnh-wellness-shop,PNH Wellness Shop — Panka Natural Health,7,5,3
2025|06,/pnh-wellness-shop/nail-fungus-relief,Nail Fungus Relief — PNH Wellness Shop — Panka Natural Health,2,2,1
2025|06,/pnh-wellness-shop/p/21-day-ketogenic-meal-plan-for-two,21-Day Ketogenic Meal Plan for Two — Panka Natural Health,1,1,1
2025|06,/pnh-wellness-shop/p/nail-fungus-relief,Nail Fungus Relief (15ml) — Panka Natural Health,2,1,1
2025|06,/pnh-wellness-shop/p/nail-fungus-relief,Nail Fungus Relief – 15ml | Natural Antifungal Formula — Panka Natural Health,5,4,2
2025|06,/pnh-wellness-shop/p/nail-fungus-relief,Nail Fungus Relief — Panka Natural Health,19,7,5
2025|06,/pnh-wellness-shop/p/smoothie-recipe-book,Smoothie Recipe Book — Panka Natural Health,1,1,1
2025|06,/prepare-for-your-visit,"Prepare for Your Visit | Naturopathic Family Medicine in Hopkins, MN — Panka Natural Health",6,7,6
2025|06,/prepare-for-your-visit?gad_campaignid=22635205585,"Prepare for Your Visit | Naturopathic Family Medicine in Hopkins, MN — Panka Natural Health",1,1,1
2025|06,/privacy-policy,General 3 — Panka Natural Health,3,2,2
2025|06,/privacy-policy,Privacy Policy — Panka Natural Health,5,6,5
2025|06,/product-guide,Product Guide — Panka Natural Health,6,6,6
2025|06,/schedule-an-appointment,"Schedule Your Naturopathic Appointment in Hopkins, MN or Virtual — Panka Natural Health",99,89,60
2025|06,/schedule-an-appointment,"Schedule Your Naturopathic Appointment in Hopkins, MN — Panka Natural Health",40,19,10
2025|06,/schedule-an-appointment,"💤 Schedule Your Naturopathic Appointment in Hopkins, MN — Panka Natural Health",0,1,1
2025|06,/schedule-an-appointment?gad_campaignid=22625360079,"Schedule Your Naturopathic Appointment in Hopkins, MN or Virtual — Panka Natural Health",1,1,1
2025|06,/schedule-an-appointment?gad_campaignid=22635205585,"Schedule Your Naturopathic Appointment in Hopkins, MN or Virtual — Panka Natural Health",5,5,5
2025|06,/schedule-an-appointment?gtm_debug=1750197838726,"Schedule Your Naturopathic Appointment in Hopkins, MN or Virtual — Panka Natural Health",1,1,1
2025|06,/schedule-an-appointment?gtm_debug=1750694556056,"Schedule Your Naturopathic Appointment in Hopkins, MN or Virtual — Panka Natural Health",1,1,1
2025|06,/schedule-an-appointment?gtm_debug=1750696447217,"Schedule Your Naturopathic Appointment in Hopkins, MN or Virtual — Panka Natural Health",1,1,1
2025|06,/schedule-an-appointment?gtm_debug=1750706116085,"Schedule Your Naturopathic Appointment in Hopkins, MN or Virtual — Panka Natural Health",1,1,1
2025|06,/schedule/0081d9d2,Schedule Appointment with Panka Natural Health,1,1,1
2025|06,/schedule/0081d9d2/category/First%20Appointment/appointment/41837463/calendar/8024328/datetime/2025-06-12T09:30:00-05:00/payment?ref=sched_block,Schedule Appointment with Panka Natural Health,2,3,1
2025|06,/schedule/0081d9d2/category/First%20Appointment/appointment/41837463/calendar/8024328/datetime/2025-06-12T09:30:00-05:00?ref=sched_block,Schedule Appointment with Panka Natural Health,1,1,1
2025|06,/schedule/0081d9d2/category/First%20Appointment/appointment/41837463/calendar/8024328/datetime/2025-06-19T15:00:00-05:00/payment?ref=sched_block,Schedule Appointment with Panka Natural Health,1,1,1
2025|06,/schedule/0081d9d2/category/First%20Appointment/appointment/41837463/calendar/8024328/datetime/2025-06-19T15:00:00-05:00?ref=sched_block,Schedule Appointment with Panka Natural Health,1,1,1
2025|06,/schedule/0081d9d2/category/First%20Appointment/appointment/41837463/calendar/8024328/datetime/2025-06-26T08:00:00-05:00/payment?ref=sched_block,Schedule Appointment with Panka Natural Health,3,2,1
2025|06,/schedule/0081d9d2/category/First%20Appointment/appointment/41837463/calendar/8024328/datetime/2025-06-26T08:00:00-05:00?ref=sched_block,Schedule Appointment with Panka Natural Health,3,2,1
2025|06,/schedule/0081d9d2/category/First%20Appointment/appointment/41837463/calendar/8024328?ref=sched_block,Schedule Appointment with Panka Natural Health,5,4,1
2025|06,/schedule/0081d9d2/category/First%20Appointment/appointment/41837463?ref=sched_block,Schedule Appointment with Panka Natural Health,5,4,1
2025|06,/schedule/0081d9d2/category/First%20Appointment?ref=sched_block,Schedule Appointment with Panka Natural Health,6,5,1
2025|06,/schedule/0081d9d2/category/Follow-up%20Appointment/appointment/41838350/calendar/8024328/datetime/2025-06-19T10:00:00-05:00/payment?ref=sched_block,Schedule Appointment with Panka Natural Health,1,1,1
2025|06,/schedule/0081d9d2/category/Follow-up%20Appointment/appointment/41838350/calendar/8024328/datetime/2025-06-19T10:00:00-05:00?ref=sched_block,Schedule Appointment with Panka Natural Health,2,1,1
2025|06,/schedule/0081d9d2/category/Follow-up%20Appointment/appointment/41838350/calendar/8024328?ref=sched_block,Schedule Appointment with Panka Natural Health,1,1,1
2025|06,/schedule/0081d9d2/category/Follow-up%20Appointment/appointment/41838350?ref=sched_block,Schedule Appointment with Panka Natural Health,1,1,1
2025|06,/schedule/0081d9d2/category/Follow-up%20Appointment?ref=sched_block,Schedule Appointment with Panka Natural Health,2,1,1
2025|06,/schedule/0081d9d2/category/Introductory%20Phone%20Call/appointment/41826455/calendar/8024328/datetime/2025-06-05T09:30:00-05:00?ref=sched_block,Schedule Appointment with Panka Natural Health,1,1,1
2025|06,/schedule/0081d9d2/category/Introductory%20Phone%20Call/appointment/41826455/calendar/8024328/datetime/2025-06-12T08:00:00-05:00?ref=sched_block,Schedule Appointment with Panka Natural Health,1,1,1
2025|06,/schedule/0081d9d2/category/Introductory%20Phone%20Call/appointment/41826455/calendar/8024328/datetime/2025-06-12T08:15:00-05:00?ref=sched_block,Schedule Appointment with Panka Natural Health,1,1,1
2025|06,/schedule/0081d9d2/category/Introductory%20Phone%20Call/appointment/41826455/calendar/8024328/datetime/2025-06-12T09:30:00-05:00?ref=sched_block,Schedule Appointment with Panka Natural Health,1,1,1
2025|06,/schedule/0081d9d2/category/Introductory%20Phone%20Call/appointment/41826455/calendar/8024328?ref=sched_block,Schedule Appointment with Panka Natural Health,4,3,1
2025|06,/schedule/0081d9d2/category/Introductory%20Phone%20Call/appointment/41826455?ref=sched_block,Schedule Appointment with Panka Natural Health,4,3,1
2025|06,/schedule/0081d9d2/confirmation/03e83881c635685931f035135b442590?ref=email,Schedule Appointment with Panka Natural Health,1,1,1
2025|06,/schedule/0081d9d2/confirmation/03e83881c635685931f035135b442590?ref=sched_block,Schedule Appointment with Panka Natural Health,1,1,1
2025|06,/schedule/0081d9d2/confirmation/0b3d496209cbd66fdeebb4e3bc8d558a?ref=email,Schedule Appointment with Panka Natural Health,1,1,1
2025|06,/schedule/0081d9d2/confirmation/1289147be2a014f3b54000b33ac77040?ref=email,Schedule Appointment with Panka Natural Health,0,1,1
2025|06,/schedule/0081d9d2/confirmation/48874300cb05d8a528923902aba17661?ref=sched_block,Schedule Appointment with Panka Natural Health,1,1,1
2025|06,/schedule/0081d9d2/confirmation/6f184a80c5233691ab4f8d7d1a534f05?ref=email,Schedule Appointment with Panka Natural Health,1,1,1
2025|06,/schedule/0081d9d2/confirmation/6f184a80c5233691ab4f8d7d1a534f05?ref=sched_block,Schedule Appointment with Panka Natural Health,1,1,1
2025|06,/schedule/0081d9d2/confirmation/cb4cc473c73d68a5c49264838759c5d5?ref=email,Schedule Appointment with Panka Natural Health,1,1,1
2025|06,/schedule/0081d9d2/confirmation/d1c6cc3af8e0d60c77d757ae8e8d8b6b?ref=sched_block,Schedule Appointment with Panka Natural Health,1,1,1
2025|06,/schedule/0081d9d2/confirmation/df3e6c52d0d6a1e493687ca4ad496557?ref=email,Schedule Appointment with Panka Natural Health,1,1,1
2025|06,/schedule/0081d9d2/confirmation/e7d49c39009a254f7ed5d136262605eb?ref=email,Schedule Appointment with Panka Natural Health,2,2,1
2025|06,/schedule/0081d9d2/confirmation/e7d49c39009a254f7ed5d136262605eb?ref=sched_block,Schedule Appointment with Panka Natural Health,1,1,1
2025|06,/schedule/0081d9d2/confirmation/f28ac4342c6946f93e186e77844a1634?ref=email,Schedule Appointment with Panka Natural Health,1,1,1
2025|06,/schedule/0081d9d2/confirmation/fe564bf918ad32cf68530b48d8fb75c7?ref=sched_block,Schedule Appointment with Panka Natural Health,1,1,1
2025|06,/schedule/0081d9d2/confirmation/fe66ba3f73222c31b4d34c02199c181f?ref=sched_block,Schedule Appointment with Panka Natural Health,1,1,1
2025|06,/schedule/0081d9d2/confirmation/fe8e57c96614651c8169e218bb73e8cf?ref=email,Schedule Appointment with Panka Natural Health,2,1,1
2025|06,/schedule/0081d9d2/confirmation/fe8e57c96614651c8169e218bb73e8cf?ref=sched_block,Schedule Appointment with Panka Natural Health,1,1,1
2025|06,/schedule/0081d9d2?ref=sched_block,Schedule Appointment with Panka Natural Health,47,17,3
2025|06,/services-1,Panka Natural Health,4,4,4
2025|06,/video-library,Video Library — Panka Natural Health,7,6,4
2025|06,/wellness-community,Wellness Community — Panka Natural Health,9,6,4
2025|06,/wellness-community,https://www.pankanaturalhealth.com/wellness-community,0,1,1
2025|06,/wellness-shop-1,Panka Natural Health,3,2,2
2025|06,/whypnh,"Naturopathic Family Medicine in Hopkins, MN | Panka Natural Health — Panka Natural Health",79,76,72
2025|06,/whypnh?gad_campaignid=22635205585,"Naturopathic Family Medicine in Hopkins, MN | Panka Natural Health — Panka Natural Health",5,5,5
2025|06,/womens-health-services,"Holistic Women's Health Care - Naturopathic Solutions for Hormones, Fertility & Wellness — Panka Natural Health",33,31,28
2025|07,/,"Medicina Familiar Naturopática en Hopkins, Minnesota | Atención Holística",0,4,4
2025|07,/,"Naturopathic Doctor Near Me | Holistic Medicine Hopkins, MN",737,647,514
2025|07,/,"Naturopathic Family Medicine in Hopkins, MN | Holistic Care",887,828,778
2025|07,/?fbclid=IwZXh0bgNhZW0CMTEAAR4ByeMbUOHErveZxNUGR8l5f3uF98rp01Akw2ie7c_UlqK_RtNjvC8W1kb1yg_aem_avC0ni2-9qlA3BNtopCX7A,"Naturopathic Doctor Near Me | Holistic Medicine Hopkins, MN",1,1,1
2025|07,/?fbclid=IwZXh0bgNhZW0CMTEAAR4LMtC4pFElWGpZgcIV7ot9Gi2Jozc-i4jWiaUYWuADKl2newvjZlIaj5s56w_aem_uo--2MX1aJ-oFfnFuU-lhg,"Naturopathic Doctor Near Me | Holistic Medicine Hopkins, MN",1,1,1
2025|07,/?fbclid=IwZXh0bgNhZW0CMTEAAR4Uv4PnEhUCzq1XKXbIpVH6LFao3u8Svm1X9RAtfDAj-WrqMoE_DfkZvuMKMg_aem_O7EhG8psJFK7ufSgpo7dJA,"Naturopathic Family Medicine in Hopkins, MN | Holistic Care",1,1,1
2025|07,/?fbclid=IwZXh0bgNhZW0CMTEAAR4edixJgi6cXcb9f_gkkdaDEJlYAAx274yHtCwWe1bsdlH06-38zGBmQp8ITQ_aem_JpfEkpxgx-M8yFYCz5UiPA,"Naturopathic Doctor Near Me | Holistic Medicine Hopkins, MN",1,1,1
2025|07,/?fbclid=IwZXh0bgNhZW0CMTEAAR5DP-9ObDmaBXB3IC7uSoMxTc_iSGwU_u4q99W4Y3NBLmeaj6urSsCZNO27EA_aem_XjW94byi19MXouHcGoY0jg,"Naturopathic Doctor Near Me | Holistic Medicine Hopkins, MN",1,1,1
2025|07,/?fbclid=IwZXh0bgNhZW0CMTEAAR5PiX8VuzLB2Px6bkM0Q-tRzTSHD-8aBoUzgBWj-aqjJVRg73sU9NRxHzVTTg_aem_23syT-g-_ufSTV6rcqPBHw,"Naturopathic Doctor Near Me | Holistic Medicine Hopkins, MN",1,1,1
2025|07,/?fbclid=IwZXh0bgNhZW0CMTEAAR5QqwXB6w0SR-49iPxrGFnaOCS7DPxu_F0owl19ISXDTsSrigxkzJeUP_VrMQ_aem_zjXeEHYt035RvXEXPSPuZQ,"Naturopathic Family Medicine in Hopkins, MN | Holistic Care",1,1,1
2025|07,/?fbclid=IwZXh0bgNhZW0CMTEAAR5wGhNzEC8yZeV5t3F37sIhFcgcWJGCSo5GFSi3KXoB1jW06u4g3KbSxgtg9w_aem_LZtYg3mIPXANi0D18GwICg,"Naturopathic Doctor Near Me | Holistic Medicine Hopkins, MN",1,1,1
2025|07,/?fbclid=IwZXh0bgNhZW0CMTEAAR7IpZtu20n24RJZuA-V4ZTt-idBVd3Fn76-uElnW58Wwetsq3mtrA095qY0dg_aem_nuemg4D9VDJwGAqh1sCSoQ,"Naturopathic Doctor Near Me | Holistic Medicine Hopkins, MN",1,1,1
2025|07,/?fbclid=IwZXh0bgNhZW0CMTEAAR7ygHdZGaHNKimtYLo8diajuG01gRmVcoWoWADJiEXpnIwhG8DbKTrNjnHUxg_aem_CzrUbh0WnV_UunK9C1_LLw,"Naturopathic Doctor Near Me | Holistic Medicine Hopkins, MN",1,1,1
2025|07,/?fbclid=PAZXh0bgNhZW0CMTEAAac0VFXCi8EfxWkcXjpu4pc5Z_3ZX_GjG5iM5cokkPFyIBmhM44Pi0za-CnovA_aem_Pn2BtdVz_XlhTS8J5uPpFg,"Naturopathic Family Medicine in Hopkins, MN | Holistic Care",1,1,1
2025|07,/?fbclid=PAZXh0bgNhZW0CMTEAAacC6RroPyd9-FojEDED8_hSE33Eaum7Cp7f6Qh9Je_T8t2s_bT9NA32XEi2GQ_aem_FzMTL1kzEmSBgDS6iZivNg,"Naturopathic Family Medicine in Hopkins, MN | Holistic Care",2,1,1
2025|07,/?fbclid=PAZXh0bgNhZW0CMTEAAacJdqtwP0AS--UKPJsswU83GFxWQwnPQ8rptlhFzLDXs-nCs8UVvgahkWxqdA_aem_ReiFsP9J5j_glxJ4BPCP5Q,"Naturopathic Family Medicine in Hopkins, MN | Holistic Care",1,1,1
2025|07,/?gad_campaignid=22625359119,"Naturopathic Doctor Near Me | Holistic Medicine Hopkins, MN",4,4,4
2025|07,/?gad_campaignid=22625359119,"Naturopathic Family Medicine in Hopkins, MN | Holistic Care",11,10,10
2025|07,/?gad_campaignid=22625360079,"Naturopathic Doctor Near Me | Holistic Medicine Hopkins, MN",4,4,4
2025|07,/?gad_campaignid=22625360079,"Naturopathic Family Medicine in Hopkins, MN | Holistic Care",39,39,38
2025|07,/?gad_campaignid=22635205585,"Naturopathic Family Medicine in Hopkins, MN | Holistic Care",2,2,2
2025|07,/account,Account,3,1,1
2025|07,/account/login,Sign In,9,5,3
2025|07,/account/login/create,Create Account,2,1,1
2025|07,/account/login/reauthenticate,Sign In,3,1,1
2025|07,/account/login/request-reset,Reset Password,3,2,2
2025|07,/blog,Holistic Health Blog | Naturopathic Wellness & Natural Remedies — Panka Natural Health,4,2,2
2025|07,/blog,"Holistic Health Blog | Naturopathic Wellness Tips | Hopkins, MN Doctors — Panka Natural Health",6,5,5
2025|07,/blog/7-day-spring-cleaning-dust-allergy-action-plan,7-Day Spring Cleaning Dust Allergy Action Plan — Panka Natural Health,2,2,2
2025|07,/blog/aerobic-exercise-vs-hiit-which-is-right-for-you,Cardio vs. HIIT: Which Is Right for You? — Panka Natural Health,1,1,1
2025|07,/blog/aerobic-exercise-vs-hiit-which-is-right-for-you?fbclid=IwZXh0bgNhZW0CMTEAAR4y9YxCKf9MksasFQ3rGV-toNLQqmmxL8saLvmYWa-nkyphVQPRi6rJ7VdjPA_aem_IcsdbH7DPiqeGD8u0cKVDQ,Cardio vs. HIIT: Which Is Right for You? — Panka Natural Health,1,1,1
2025|07,/blog/aerobic-exercise-vs-hiit-which-is-right-for-you?fbclid=IwZXh0bgNhZW0CMTEAAR5VgvnNh0TtKX2KSaKeKL3nDkDs4gKDWnJNrf06b4ghrobiyUezswL-QDxS7w_aem_ToeSFDeYTdQVe_ZjFm7frg,Cardio vs. HIIT: Which Is Right for You? — Panka Natural Health,1,1,1
2025|07,/blog/aerobic-exercise-vs-hiit-which-is-right-for-you?fbclid=IwZXh0bgNhZW0CMTEAAR5gPMQyB4DqVIo47EVdtkZ6TxKxM_AReyNAnYYykTDeDlw6HKar9Bl3Wnjpsg_aem_2uHZ8gdzz9edWMLiwI1mAQ,Cardio vs. HIIT: Which Is Right for You? — Panka Natural Health,1,1,1
2025|07,/blog/aerobic-exercise-vs-hiit-which-is-right-for-you?fbclid=IwZXh0bgNhZW0CMTEAAR7E3ks5VXTGAeZvgluxGHG_VOpHGiKL_Uo_T4IZy4LPR-4Fh2mL7ovD5OAdeg_aem_ElSOy28mOTkR_OhwwqgAfA,Cardio vs. HIIT: Which Is Right for You? — Panka Natural Health,1,1,1
2025|07,/blog/eden-prairie-springs,Eden Prairie Springs: Natural Resources for Community Wellness — Panka Natural Health,45,42,31
2025|07,/blog/health-alerts-for-eden-prairie-spring-water,Health Alerts for Eden Prairie Spring Water — Panka Natural Health,5,6,5
2025|07,/blog/naturopathic-first-aid-kit,Naturopathic First Aid Kit — Panka Natural Health,1,1,1
2025|07,/blog/naturopathic-medicine-provides-a-holistic-approach,Naturopathic Medicine Provides a Holistic Approach to Health — Panka Natural Health,5,2,2
2025|07,/blog/personalized-fitness-tailoring-your-workouts-with-target-heart-rate,Personalized Fitness: Tailoring Your Workouts with Target Heart Rate — Panka Natural Health,1,1,1
2025|07,/blog/personalized-fitness-tailoring-your-workouts-with-target-heart-rate?fbclid=IwZXh0bgNhZW0CMTEAAR4q_a4yvfqRwajeILl3cv3u8FxcGm4AxZNP7xNjpiGS_tnaxHxA8JVfySAcjg_aem_87IWKZV2sz4FmSPbSJV-Pg,Personalized Fitness: Tailoring Your Workouts with Target Heart Rate — Panka Natural Health,1,1,1
2025|07,/blog/personalized-fitness-tailoring-your-workouts-with-target-heart-rate?fbclid=IwZXh0bgNhZW0CMTEAAR50SqQrKuA2Vcd6XJ4SV3mQJVCvQR4AOIeQZNcNwLlWlIPqDYZp2DShFN04xA_aem_yt3Zj16Bb-CprRiYnmkfPg,Personalized Fitness: Tailoring Your Workouts with Target Heart Rate — Panka Natural Health,1,1,1
2025|07,/blog/personalized-fitness-tailoring-your-workouts-with-target-heart-rate?fbclid=IwZXh0bgNhZW0CMTEAAR6WeB2hf9eUxJiEQ3a02c7i0h6RhLAwh8zLAMlRqtId_ceaCGra0C6FDJGJyA_aem_HHqg2u__5EH2KxS0RL0sZg,Personalized Fitness: Tailoring Your Workouts with Target Heart Rate — Panka Natural Health,1,1,1
2025|07,/blog/the-amazing-health-benefits-of-regular-sauna-use,The Health Benefits of Regular Sauna Use — Panka Natural Health,3,2,2
2025|07,/blog/what-to-expect-from-a-naturopathic-doctor,What to Expect from a Naturopathic Doctor — Panka Natural Health,2,3,2
2025|07,/blog?author=622c0879af148530b8a4bc6c,Holistic Health Blog | Naturopathic Wellness & Natural Remedies — Panka Natural Health,3,2,2
2025|07,/cardiovascular-wellness-progra?fbclid=IwZXh0bgNhZW0CMTEAAR5eI1wtCyVVXO1XzCp-1jOCNEw8StGYDTT4XDfJ-gOIucpDCQr1aq0L1-aMLg_aem_Rv8aQ21XC08anFiodB1R8g,Panka Natural Health,1,1,1
2025|07,/cardiovascular-wellness-program,"Cardiovascular Wellness Program Hopkins, MN | Holistic Heart Health | Naturopathic Doctor — Panka Natural Health",5,6,4
2025|07,/cart,Panka Natural Health,15,8,8
2025|07,/checkout?cartToken=NtE6WZy0z5POdnaM5zkcXJuMcDqXfmaM4SgijWD-,Panka Natural Health | Secure Checkout,1,1,1
2025|07,/clinical-laboratory-tests,"Comprehensive Lab Testing Hopkins, MN | Naturopathic Doctor | Functional Medicine Labs — Panka Natural Health",30,32,26
2025|07,/clinical-laboratory-tests,"Comprehensive Naturopathic Lab Testing in Hopkins, MN — Panka Natural Health",29,28,25
2025|07,/clinical-laboratory-tests?gad_campaignid=22625360079,"Comprehensive Lab Testing Hopkins, MN | Naturopathic Doctor | Functional Medicine Labs — Panka Natural Health",1,1,1
2025|07,/clinical-laboratory-tests?gad_campaignid=22625360079,"Comprehensive Naturopathic Lab Testing in Hopkins, MN — Panka Natural Health",1,1,1
2025|07,/commerce/orders/a9e8cbd5-f5da-40b6-9449-b76c71c1b005,Panka Natural Health: Order Status,1,1,1
2025|07,/commerce/orders/a9e8cbd5-f5da-40b6-9449-b76c71c1b005?referer=checkout,Panka Natural Health: Order Status,1,1,1
2025|07,/contact,Contact Panka Natural Health | Naturopathic Medicine in Hopkins — Panka Natural Health,6,7,5
2025|07,/contact,"Contact Us | Naturopathic Doctors Hopkins, MN — Panka Natural Health",28,28,26
2025|07,/dietary-supplements,"Clinical-Grade Supplements Hopkins, MN | Naturopathic Doctor | High-Quality Natural Products — Panka Natural Health",16,14,12
2025|07,/dietary-supplements,Order Clinical-Grade Supplements | Panka Natural Health — Panka Natural Health,2,2,2
2025|07,/events,Events — Panka Natural Health,5,4,4
2025|07,/faq,"FAQ | Naturopathic Doctor Questions Hopkins, MN — Panka Natural Health",57,52,47
2025|07,/followup-packages,Follow-up Care Packages - Personalized Wellness Support for Adults & Children — Panka Natural Health,2,2,1
2025|07,/followup-packages,"Follow-up Care Packages | Naturopathic Doctor Hopkins, MN | Ongoing Wellness Support — Panka Natural Health",3,3,3
2025|07,/holistic-diabetes-care,"Holistic Diabetes Care Hopkins, MN | Naturopathic Doctor | Natural Type 2 Diabetes Treatment — Panka Natural Health",7,7,5
2025|07,/holistic-diabetes-care,"Holistic Diabetes Care with Naturopathic Medicine | Hopkins, MN — Panka Natural Health",3,3,2
2025|07,/home,"Naturopathic Doctor Near Me | Holistic Medicine Hopkins, MN",1,1,1
2025|07,/home?noredirect=true,"Naturopathic Doctor Near Me | Holistic Medicine Hopkins, MN",1,1,1
2025|07,/meal-plans-and-recipe-books,"Naturopathic Meal Plans & Recipe Books | Doctor-Designed Nutrition | Hopkins, MN — Panka Natural Health",8,8,8
2025|07,/meet-dr-haley,"Dr. Haley Panka, ND | Naturopathic Doctor Hopkins, MN | Women's Health — Panka Natural Health",67,66,59
2025|07,/meet-dr-haley,"Naturopathic Family Medicine | Dr. Haley Panka in Hopkins, MN — Panka Natural Health",43,42,40
2025|07,/meet-dr-haley?gad_campaignid=22635205585,"Naturopathic Family Medicine | Dr. Haley Panka in Hopkins, MN — Panka Natural Health",3,3,2
2025|07,/meet-dr-jacob,"Dr. Jacob Panka, ND, MS | Naturopathic Doctor Hopkins, MN | Brain Health — Panka Natural Health",40,37,35
2025|07,/meet-dr-jacob,Naturopathic Medicine & Integrative Health | Dr. Jacob Panka — Panka Natural Health,20,18,16
2025|07,/meet-dr-jacob?gad_campaignid=22635205585,Naturopathic Medicine & Integrative Health | Dr. Jacob Panka — Panka Natural Health,2,2,2
2025|07,/mens-health,"Men's Health Naturopathic Doctor Hopkins, MN | Holistic Healthcare for Men — Panka Natural Health",23,22,21
2025|07,/mens-health,Men's Health Services — Panka Natural Health,1,1,1
2025|07,/nail-fungus-relief,"Natural Nail Health Support | Doctor-Formulated Essential Oil Blend | Hopkins, MN — Panka Natural Health",8,8,6
2025|07,/nail-fungus-relief?fbclid=IwZXh0bgNhZW0CMTEAAR5mnN33sprxA1EtCtwT4XogTEoY8lRv5fQGVm7BqeTFPUhfjSg4vCYbf_tDCg_aem_1wGpNjpZUtZ6XNPc1gLSYQ,Fast-Acting Natural Nail Fungus Relief | Panka Natural Health — Panka Natural Health,1,1,1
2025|07,/nail-fungus-relief?fbclid=IwZXh0bgNhZW0CMTEAAR7H26CC1IvH6WxKx5pEypAfSnPdWWfLmDRM_EqPy227M9n8DpDWN2CAsf4xUg_aem_PQ6Hy-uEtkxe-z9noJRK_A,"Natural Nail Health Support | Doctor-Formulated Essential Oil Blend | Hopkins, MN — Panka Natural Health",1,1,1
2025|07,/naturopathic-medicine,"Naturopathic Medicine Hopkins, MN | Holistic Doctors — Panka Natural Health",33,32,32
2025|07,/naturopathic-medicine,"Naturopathic Medicine in Hopkins, MN | Panka Natural Health — Panka Natural Health",2,2,2
2025|07,/oauth2/squarespace/loader,Panka Natural Health,2,2,2
2025|07,/patient-portal,Access Your Patient Portal at Panka Natural Health - Stay Connected with Your Health — Panka Natural Health,17,14,5
2025|07,/patient-portal,💤 Access Your Patient Portal at Panka Natural Health - Stay Connected with Your Health — Panka Natural Health,0,2,1
2025|07,/pediatrics,"Pediatric Naturopathic Doctor Hopkins, MN | Holistic Children's Health Care — Panka Natural Health",14,15,14
2025|07,/pnh-fullscript,"Naturopathic Family Medicine | Holistic Care in Hopkins, MN — Panka Natural Health",3,3,3
2025|07,/pnh-wellness-shop,PNH Wellness Shop — Panka Natural Health,8,5,3
2025|07,/pnh-wellness-shop/p/21-day-healthy-plate-meal-plan-for-the-family,21-Day Healthy Plate Meal Plan for the Family — Panka Natural Health,1,1,1
2025|07,/pnh-wellness-shop/p/nail-fungus-relief,Nail Fungus Relief — Panka Natural Health,1,1,1
2025|07,/prepare-for-your-visit,"Prepare for Your Visit | Naturopathic Doctor Hopkins, MN | New Patient Information — Panka Natural Health",8,8,8
2025|07,/product-guide,Product Guide — Panka Natural Health,7,6,6
2025|07,/schedule-an-appointment,"Programar cita | Médico naturópata en Hopkins, MN — Panka Natural Health",0,1,1
2025|07,/schedule-an-appointment,"Programe su cita de naturopatía en Hopkins, MN o virtual — Panka Natural Health",0,1,1
2025|07,/schedule-an-appointment,"Schedule Appointment | Naturopathic Doctor Hopkins, MN — Panka Natural Health",175,164,121
2025|07,/schedule-an-appointment,"Schedule Your Naturopathic Appointment in Hopkins, MN or Virtual — Panka Natural Health",553,558,515
2025|07,/schedule-an-appointment?gad_campaignid=22625360079,"Schedule Appointment | Naturopathic Doctor Hopkins, MN — Panka Natural Health",1,1,1
2025|07,/schedule-an-appointment?gad_campaignid=22625360079,"Schedule Your Naturopathic Appointment in Hopkins, MN or Virtual — Panka Natural Health",32,31,28
2025|07,/schedule/0081d9d2,Schedule Appointment with Panka Natural Health,1,1,1
2025|07,/schedule/0081d9d2/category/First%20Appointment?ref=sched_block,Schedule Appointment with Panka Natural Health,1,1,1
2025|07,/schedule/0081d9d2/category/Introductory%20Phone%20Call/appointment/41826455/calendar/7700282/datetime/2025-07-11T09:30:00-05:00?ref=sched_block,Schedule Appointment with Panka Natural Health,1,1,1
2025|07,/schedule/0081d9d2/category/Introductory%20Phone%20Call/appointment/41826455/calendar/7700282/datetime/2025-07-11T10:30:00-05:00?ref=sched_block,Schedule Appointment with Panka Natural Health,2,2,1
2025|07,/schedule/0081d9d2/category/Introductory%20Phone%20Call/appointment/41826455/calendar/7700282/datetime/2025-07-23T13:00:00-05:00?ref=sched_block,Schedule Appointment with Panka Natural Health,1,1,1
2025|07,/schedule/0081d9d2/category/Introductory%20Phone%20Call/appointment/41826455/calendar/7700282?ref=sched_block,Schedule Appointment with Panka Natural Health,7,4,3
2025|07,/schedule/0081d9d2/category/Introductory%20Phone%20Call/appointment/41826455/calendar/8024328/datetime/2025-07-10T10:00:00-05:00?ref=sched_block,Schedule Appointment with Panka Natural Health,1,1,1
2025|07,/schedule/0081d9d2/category/Introductory%20Phone%20Call/appointment/41826455/calendar/8024328?ref=sched_block,Schedule Appointment with Panka Natural Health,2,2,1
2025|07,/schedule/0081d9d2/category/Introductory%20Phone%20Call/appointment/41826455?ref=sched_block,Schedule Appointment with Panka Natural Health,9,4,3
2025|07,/schedule/0081d9d2/confirmation/34555304623534960e0df0a193d5a627?ref=sched_block,Schedule Appointment with Panka Natural Health,1,1,1
2025|07,/schedule/0081d9d2/confirmation/426c59869fad56e681ff6021022867e4?ref=sched_block,Schedule Appointment with Panka Natural Health,1,1,1
2025|07,/schedule/0081d9d2/confirmation/51488af3f31c35fcebfaa1a2451921af?ref=email,Schedule Appointment with Panka Natural Health,0,2,1
2025|07,/schedule/0081d9d2/confirmation/c8e616e7a616c77d85d6be953fef671b?ref=email,Schedule Appointment with Panka Natural Health,0,1,1
2025|07,/schedule/0081d9d2/confirmation/cbcfeed59b1e58d6533ade96a2a3b874?ref=email,Schedule Appointment with Panka Natural Health,0,1,1
2025|07,/schedule/0081d9d2?ref=sched_block,Schedule Appointment with Panka Natural Health,14,15,13
2025|07,/wellness-community,Wellness Community — Panka Natural Health,8,7,6
2025|07,/whypnh,"Naturopathic Family Medicine in Hopkins, MN | Panka Natural Health — Panka Natural Health",1031,978,895
2025|07,/whypnh,"Why Choose Panka Natural Health | Naturopathic Doctors Hopkins, MN — Panka Natural Health",62,63,62
2025|07,/whypnh?gad_campaignid=22625360079,"Naturopathic Family Medicine in Hopkins, MN | Panka Natural Health — Panka Natural Health",60,58,52
2025|07,/whypnh?gad_campaignid=22625360079,"Why Choose Panka Natural Health | Naturopathic Doctors Hopkins, MN — Panka Natural Health",6,6,6
2025|07,/womens-health-services,"Holistic Women's Health Care - Naturopathic Solutions for Hormones, Fertility & Wellness — Panka Natural Health",2,2,2
2025|07,/womens-health-services,"Women's Health Naturopathic Doctor Hopkins, MN | Holistic Hormone Care — Panka Natural Health",89,82,66
2025|08,/,"Naturopathic Doctor Near Me | Holistic Medicine Hopkins, MN",563,489,387
2025|08,/?fbclid=IwZXh0bgNhZW0CMTEAAR50p4gTZdwWxCTnKOxqySrJA-cJe-X0Y3om9SLhNxVK5GkL4ebDLsXyLr_LEw_aem_-v33CGFyT1EFtvo95S_PJQ,"Naturopathic Doctor Near Me | Holistic Medicine Hopkins, MN",1,1,1
2025|08,/?fbclid=IwZXh0bgNhZW0CMTEAAR55kG1zjkZsMm2ugz8b4XgmHaSdVJqRCJ22Va9zgaXu1mBjVjRHHHpDKLXJvw_aem_RaR_H8UJPDggtgOIICAmVg,"Naturopathic Doctor Near Me | Holistic Medicine Hopkins, MN",1,1,1
2025|08,/?fbclid=IwZXh0bgNhZW0CMTEAAR5fTrhxpbPumS7vbzyy_L0UX_FwrDcpFUcT9rq48RfxtuBdTSMJlKCnjqJzmQ_aem_1Fgycb4zQ-MPvtZRlmyjpQ,"Naturopathic Doctor Near Me | Holistic Medicine Hopkins, MN",1,1,1
2025|08,/?fbclid=IwZXh0bgNhZW0CMTEAAR6X4_RTikHEbI41WMC8pyN3BYDnU2KeV1Bl8YlV97iyEXOLukqm9dDsIydklw_aem_6jlf7rjt_bfeVAskPLFs7g,"Naturopathic Doctor Near Me | Holistic Medicine Hopkins, MN",1,1,1
2025|08,/?fbclid=IwZXh0bgNhZW0CMTEAAR7U6OVMR-bRlDeGuCKRx_M5w4oVNoj3eaqDVh_LTh5u4JI2B5DgTt4-gxVKMQ_aem_DDDmcEvV5b_jLaStiEJq0g,"Naturopathic Doctor Near Me | Holistic Medicine Hopkins, MN",1,1,1
2025|08,/?userAccountPath=&noredirect=,"Naturopathic Doctor Near Me | Holistic Medicine Hopkins, MN",1,1,1
2025|08,/account,Account,19,4,3
2025|08,/account/addresses,Addresses,2,1,1
2025|08,/account/addresses/new,Address Details,1,1,1
2025|08,/account/login,Sign In,19,11,9
2025|08,/account/login/create,Create Account,2,1,1
2025|08,/account/login/reauthenticate,Sign In,4,2,2
2025|08,/account/login/request-reset,Reset Password,1,1,1
2025|08,/account/orders,Orders,3,2,1
2025|08,/account/profile,Profile Details,2,1,1
2025|08,/account/profile/email/change,Change Email,1,1,1
2025|08,/blog,"Holistic Health Blog | Naturopathic Wellness Tips | Hopkins, MN Doctors — Panka Natural Health",7,6,4
2025|08,/blog/7-day-spring-cleaning-dust-allergy-action-plan,7-Day Spring Cleaning Dust Allergy Action Plan — Panka Natural Health,1,1,1
2025|08,/blog/aerobic-exercise-vs-hiit-which-is-right-for-you,Cardio vs. HIIT: Which Is Right for You? — Panka Natural Health,1,1,1
2025|08,/blog/eden-prairie-springs,Eden Prairie Springs: Natural Resources for Community Wellness — Panka Natural Health,19,19,18
2025|08,/blog/health-alerts-for-eden-prairie-spring-water,Health Alerts for Eden Prairie Spring Water — Panka Natural Health,2,2,2
2025|08,/blog/naturopathic-first-aid-kit,Naturopathic First Aid Kit — Panka Natural Health,2,2,2
2025|08,/blog/naturopathic-medicine-provides-a-holistic-approach,Naturopathic Medicine Provides a Holistic Approach to Health — Panka Natural Health,1,1,1
2025|08,/blog/nutrient-spotlight-foods-rich-in-calcium,Nutrient Spotlight: Foods Rich in Calcium — Panka Natural Health,4,6,1
2025|08,/blog/nutrient-spotlight-foods-rich-in-magnesium,Nutrient Spotlight: Foods Rich in Magnesium — Panka Natural Health,1,1,1
2025|08,/blog/sunburn-protection-with-lycopene-rich-foods,Sunburn Protection with Lycopene-Rich Foods — Panka Natural Health,2,2,2
2025|08,/blog/the-amazing-health-benefits-of-regular-sauna-use,The Health Benefits of Regular Sauna Use — Panka Natural Health,6,6,1
2025|08,/blog/what-to-expect-from-a-naturopathic-doctor,What to Expect from a Naturopathic Doctor — Panka Natural Health,4,4,4
2025|08,/cardiovascular-wellness-program,"Cardiovascular Wellness Program Hopkins, MN | Holistic Heart Health | Naturopathic Doctor — Panka Natural Health",12,11,11
2025|08,/cart,Panka Natural Health,7,5,3
2025|08,/cart?userAccountPath=&noredirect=,Panka Natural Health,2,2,1
2025|08,/clinical-laboratory-tests,"Comprehensive Lab Testing Hopkins, MN | Naturopathic Doctor | Functional Medicine Labs — Panka Natural Health",31,28,27
2025|08,/contact,"Contact Us | Naturopathic Doctors Hopkins, MN — Panka Natural Health",22,22,21
2025|08,/dietary-supplements,"Clinical-Grade Supplements Hopkins, MN | Naturopathic Doctor | High-Quality Natural Products — Panka Natural Health",12,10,9
2025|08,/events,Events — Panka Natural Health,7,7,7
2025|08,/faq,"FAQ | Naturopathic Doctor Questions Hopkins, MN — Panka Natural Health",88,73,67
2025|08,/followup-packages,"Follow-up Care Packages | Naturopathic Doctor Hopkins, MN | Ongoing Wellness Support — Panka Natural Health",3,3,3
2025|08,/holistic-diabetes-care,"Holistic Diabetes Care Hopkins, MN | Naturopathic Doctor | Natural Type 2 Diabetes Treatment — Panka Natural Health",6,7,5
2025|08,/meal-plans-and-recipe-books,"Naturopathic Meal Plans & Recipe Books | Doctor-Designed Nutrition | Hopkins, MN — Panka Natural Health",4,4,4
2025|08,/meet-dr-haley,"Dr. Haley Panka, ND | Naturopathic Doctor Hopkins, MN | Women's Health — Panka Natural Health",80,72,64
2025|08,/meet-dr-jacob,"Dr. Jacob Panka, ND, MS | Naturopathic Doctor Hopkins, MN | Brain Health — Panka Natural Health",32,30,28
2025|08,/mens-health,"Men's Health Naturopathic Doctor Hopkins, MN | Holistic Healthcare for Men — Panka Natural Health",21,15,12
2025|08,/nail-fungus-relief,"Natural Nail Health Support | Doctor-Formulated Essential Oil Blend | Hopkins, MN — Panka Natural Health",7,7,6
2025|08,/naturopathic-medicine,"Naturopathic Medicine Hopkins, MN | Holistic Doctors — Panka Natural Health",34,33,27
2025|08,/patient-portal,Access Your Patient Portal at Panka Natural Health - Stay Connected with Your Health — Panka Natural Health,21,19,8
2025|08,/patient-portal,💤 Access Your Patient Portal at Panka Natural Health - Stay Connected with Your Health — Panka Natural Health,0,1,1
2025|08,/pediatrics,"Pediatric Naturopathic Doctor Hopkins, MN | Holistic Children's Health Care — Panka Natural Health",13,11,10
2025|08,/pnh-fullscript,"Naturopathic Family Medicine | Holistic Care in Hopkins, MN — Panka Natural Health",8,5,4
2025|08,/pnh-wellness-shop,PNH Wellness Shop — Panka Natural Health,6,5,5
2025|08,/pnh-wellness-shop/p/21-day-ketogenic-meal-plan-for-one-person,21-Day Ketogenic Meal Plan — Panka Natural Health,1,1,1
2025|08,/pnh-wellness-shop/p/anti-inflammatory-recipe-book,Anti-Inflammatory Recipe Book — Panka Natural Health,1,1,1
2025|08,/pnh-wellness-shop/p/gluten-free-recipe-book,Gluten-Free Recipe Book — Panka Natural Health,1,1,1
2025|08,/pnh-wellness-shop/p/ketogenic-recipe-book,Ketogenic Recipe Book — Panka Natural Health,1,1,1
2025|08,/pnh-wellness-shop/p/nail-fungus-relief,Nail Fungus Relief — Panka Natural Health,1,1,1
2025|08,/prepare-for-your-visit,"Prepare for Your Visit | Naturopathic Doctor Hopkins, MN | New Patient Information — Panka Natural Health",22,19,13
2025|08,/privacy-policy,Privacy Policy — Panka Natural Health,1,1,1
2025|08,/product-guide,Product Guide — Panka Natural Health,10,9,9
2025|08,/schedule-an-appointment,"Schedule Appointment | Naturopathic Doctor Hopkins, MN — Panka Natural Health",138,108,76
2025|08,/schedule/0081d9d2/category/First%20Appointment?ref=sched_block,Schedule Appointment with Panka Natural Health,1,1,1
2025|08,/schedule/0081d9d2/confirmation/7c706cdba91c37bcf0ffa619cac4644b?ref=email,Schedule Appointment with Panka Natural Health,0,2,1
2025|08,/schedule/0081d9d2/confirmation/8871c4b2ba6b4eb4a1b062bc2e4b77c8?ref=email,Schedule Appointment with Panka Natural Health,1,1,1
2025|08,/schedule/0081d9d2/confirmation/a0977e7e04f751b34aa5c177d4209a78?ref=sched_block,Schedule Appointment with Panka Natural Health,1,1,1
2025|08,/schedule/0081d9d2/confirmation/a2168398b586b588b82dbb5fba407785?ref=calendar,Schedule Appointment with Panka Natural Health,2,1,1
2025|08,/schedule/0081d9d2/confirmation/acf54193e586ab2d8a4dc116fa567347?ref=email,Schedule Appointment with Panka Natural Health,0,1,1
2025|08,/schedule/0081d9d2/confirmation/b5283c0a8aee10defb20a94ef246dcda?ref=email,Schedule Appointment with Panka Natural Health,0,1,1
2025|08,/schedule/0081d9d2/confirmation/eced04f7227f39112cccbf98e3552595,Schedule Appointment with Panka Natural Health,0,1,1
2025|08,/schedule/0081d9d2/confirmation/fcd26cb2c07c412885606ac9dec8a852?ref=email,Schedule Appointment with Panka Natural Health,1,1,1
2025|08,/schedule/0081d9d2?ref=email,Schedule Appointment with Panka Natural Health,1,1,1
2025|08,/schedule/0081d9d2?ref=sched_block,Schedule Appointment with Panka Natural Health,1,3,3
2025|08,/wellness-community,Wellness Community — Panka Natural Health,5,4,4
2025|08,/whypnh,"Why Choose Panka Natural Health | Naturopathic Doctors Hopkins, MN — Panka Natural Health",11,12,11
2025|08,/womens-health-services,"Women's Health Naturopathic Doctor Hopkins, MN | Holistic Hormone Care — Panka Natural Health",61,56,50
2025|08,/wp-content,Panka Natural Health,1,1,1
2025|08,/wp-json,Panka Natural Health,3,1,1
2025|08,/wp-json/wp/v2/posts?per_page=1,Panka Natural Health,1,1,1
2025|09,/,"Naturopathic Doctor Near Me | Holistic Medicine Hopkins, MN",281,251,167
2025|09,/,"💤 Naturopathic Doctor Near Me | Holistic Medicine Hopkins, MN",0,1,1
2025|09,/?fbclid=IwY2xjawNIDylleHRuA2FlbQIxMQABHurbcBQkaqGPUca0rasywNTc0ihrjTQrOX2vMNSnAVxdbYvCeDnglCh6Mo_R_aem_cJF6JjpMhZutS39ABdaaJA,"Naturopathic Doctor Near Me | Holistic Medicine Hopkins, MN",1,1,1
2025|09,/?fbclid=IwZXh0bgNhZW0CMTEAAR4KUsuauvDonHAuY0ZCLi50h4chDsPJWdom62-GZRyYXY_lxO_KO8qRH1J1lg_aem_rv3-LlIIk4yUpu_JOjf5sQ,"Naturopathic Doctor Near Me | Holistic Medicine Hopkins, MN",1,1,1
2025|09,/?fbclid=IwZXh0bgNhZW0CMTEAAR4gJTNlTBqh88Pj8eVn3beS39Dk-KDX7wWRz1xcF4eIGIn6G3r4cg-z_lV9oQ_aem_bJ07G7MWpz9BL_LwbhD9jA,"Naturopathic Doctor Near Me | Holistic Medicine Hopkins, MN",1,1,1
2025|09,/?fbclid=IwZXh0bgNhZW0CMTEAAR5IQqUqCa0dZRxcVWxBHgFKRh_PVzC1pWe85FN8k9h7fek97NKv6zgDiRdYew_aem_hxbIqh8YeA142y7x6P3_oQ,"Naturopathic Doctor Near Me | Holistic Medicine Hopkins, MN",1,1,1
2025|09,/?fbclid=IwZXh0bgNhZW0CMTEAAR6FEiUh0lrfQtvBSQRghkMRARXVGIsu1Vjt8tcTP7Wd-fpGeZV33AM5kQ8tqQ_aem_GMsY9jWWke8EBCwU3Zdokw,"Naturopathic Doctor Near Me | Holistic Medicine Hopkins, MN",1,1,1
2025|09,/?fbclid=IwZXh0bgNhZW0CMTEAAR7Io3cw0WDCfezrhYwX6Zwj2R-jkrw_bd8gbFfwD7wvYu7pPVYicxGFVpiXCQ_aem_rxz2o-KX-HeE5h5pNfn_QA,"Naturopathic Doctor Near Me | Holistic Medicine Hopkins, MN",1,1,1
2025|09,/?fbclid=IwZXh0bgNhZW0CMTEAAR7mdUpAu-oGI6CsHI-8izk48IbNaMUW8PP4VEnqdF6LxrR_Ffqcozl031cHZw_aem_mj6Q6abGu_hEe881ZJE8ag,"Naturopathic Doctor Near Me | Holistic Medicine Hopkins, MN",1,1,1
2025|09,/?fbclid=PAZXh0bgNhZW0CMTEAAacWEXsfzsPtF6wCQ1GdFtJNUyKmMVMbuCIthbLNI6t41LNFEjcy8jE1LjGuTQ_aem_1aCLw5zU9koY3uU_gpLsQQ,"Naturopathic Doctor Near Me | Holistic Medicine Hopkins, MN",1,1,1
2025|09,/?fbclid=PAZXh0bgNhZW0CMTEAAadZ0i56qPWe9SeU7v4CxlVj6hd3zLBLPY16-UbESrj6dh-CvZrim2qWa1vlyQ_aem_cheWAB6TncYmzkKFOnNAmg,"Naturopathic Doctor Near Me | Holistic Medicine Hopkins, MN",1,1,1
2025|09,/?fbclid=PAZXh0bgNhZW0CMTEAAaeRh-UDQX54ptN9qWkp6_lgYxzCo3iru9owP96z9WSFel-wkosetDXivKRTFQ_aem_VjjaLqyTxKCL4HWjE3Cmkg,"Naturopathic Doctor Near Me | Holistic Medicine Hopkins, MN",2,1,1
2025|09,/?ref=collabs.io,"Naturopathic Doctor Near Me | Holistic Medicine Hopkins, MN",1,1,1
2025|09,/account,Account,2,1,1
2025|09,/account/login,Sign In,9,5,4
2025|09,/account/login/create,Create Account,1,1,1
2025|09,/account/login/request-reset,Reset Password,3,2,1
2025|09,/blog,"Holistic Health Blog | Naturopathic Wellness Tips | Hopkins, MN Doctors — Panka Natural Health",2,1,1
2025|09,/blog/eden-prairie-springs,Eden Prairie Springs: Natural Resources for Community Wellness — Panka Natural Health,25,26,19
2025|09,/blog/nutrient-spotlight-foods-rich-in-calcium,Nutrient Spotlight: Foods Rich in Calcium — Panka Natural Health,1,1,1
2025|09,/cardiovascular-wellness-program,"Cardiovascular Wellness Program Hopkins, MN | Holistic Heart Health | Naturopathic Doctor — Panka Natural Health",12,12,11
2025|09,/catalog/0081d9d2?categories=Follow-up%20Packages,Schedule Appointment with Panka Natural Health,1,1,1
2025|09,/clinical-laboratory-tests,"Comprehensive Lab Testing Hopkins, MN | Naturopathic Doctor | Functional Medicine Labs — Panka Natural Health",29,22,19
2025|09,/contact,"Contact Us | Naturopathic Doctors Hopkins, MN — Panka Natural Health",26,28,23
2025|09,/dietary-supplements,"Clinical-Grade Supplements Hopkins, MN | Naturopathic Doctor | High-Quality Natural Products — Panka Natural Health",16,17,14
2025|09,/events,Events — Panka Natural Health,4,4,4
2025|09,/faq,"FAQ | Naturopathic Doctor Questions Hopkins, MN — Panka Natural Health",35,32,27
2025|09,/followup-packages,"Follow-up Care Packages | Naturopathic Doctor Hopkins, MN | Ongoing Wellness Support — Panka Natural Health",10,12,8
2025|09,/holistic-diabetes-care,"Holistic Diabetes Care Hopkins, MN | Naturopathic Doctor | Natural Type 2 Diabetes Treatment — Panka Natural Health",9,7,6
2025|09,/iron-blood-testing,Panka Natural Health,2,2,2
2025|09,/meal-plans-and-recipe-books,"Naturopathic Meal Plans & Recipe Books | Doctor-Designed Nutrition | Hopkins, MN — Panka Natural Health",6,6,5
2025|09,/meet-dr-haley,"Dr. Haley Panka, ND | Naturopathic Doctor Hopkins, MN | Women's Health — Panka Natural Health",64,62,54
2025|09,/meet-dr-jacob,"Dr. Jacob Panka, ND, MS | Naturopathic Doctor Hopkins, MN | Brain Health — Panka Natural Health",24,23,20
2025|09,/mens-health,"Men's Health Naturopathic Doctor Hopkins, MN | Holistic Healthcare for Men — Panka Natural Health",8,8,8
2025|09,/nail-fungus-relief,"Natural Nail Health Support | Doctor-Formulated Essential Oil Blend | Hopkins, MN — Panka Natural Health",6,6,6
2025|09,/naturopathic-medicine,"Naturopathic Medicine Hopkins, MN | Holistic Doctors — Panka Natural Health",23,20,19
2025|09,/patient-portal,Access Your Patient Portal at Panka Natural Health - Stay Connected with Your Health — Panka Natural Health,29,26,11
2025|09,/patient-portal,💤 Access Your Patient Portal at Panka Natural Health - Stay Connected with Your Health — Panka Natural Health,0,1,1
2025|09,/pediatrics,"Pediatric Naturopathic Doctor Hopkins, MN | Holistic Children's Health Care — Panka Natural Health",19,17,15
2025|09,/pnh-fullscript,"Naturopathic Family Medicine | Holistic Care in Hopkins, MN — Panka Natural Health",10,5,4
2025|09,/pnh-online-medicinary,Panka Natural Health,1,1,1
2025|09,/pnh-wellness-shop,PNH Wellness Shop — Panka Natural Health,1,1,1
2025|09,/pnh-wellness-shop/p/21-day-healthy-plate-meal-plan-one-person,21-Day Healthy Plate Meal Plan — Panka Natural Health,1,1,1
2025|09,/prepare-for-your-visit,"Prepare for Your Visit | Naturopathic Doctor Hopkins, MN | New Patient Information — Panka Natural Health",15,14,11
2025|09,/privacy-policy,Privacy Policy — Panka Natural Health,1,1,1
2025|09,/product-guide,Product Guide — Panka Natural Health,5,5,5
2025|09,/schedule-an-appointment,"Schedule Appointment | Naturopathic Doctor Hopkins, MN — Panka Natural Health",117,105,62
2025|09,/schedule/0081d9d2,Schedule Appointment with Panka Natural Health,2,2,1
2025|09,/schedule/0081d9d2/?sh_update=2,Schedule Appointment with Panka Natural Health,2,3,2
2025|09,/schedule/0081d9d2/category/First%20Appointment,Schedule Appointment with Panka Natural Health,1,1,1
2025|09,/schedule/0081d9d2/category/First%20Appointment/appointment/41837463,Schedule Appointment with Panka Natural Health,1,1,1
2025|09,/schedule/0081d9d2/category/First%20Appointment/appointment/41837463/calendar/7700282,Schedule Appointment with Panka Natural Health,1,1,1
2025|09,/schedule/0081d9d2/category/First%20Appointment/appointment/41837463/calendar/7700282/datetime/2025-09-10T15:00:00-05:00,Schedule Appointment with Panka Natural Health,1,1,1
2025|09,/schedule/0081d9d2/category/First%20Appointment?ref=sched_block,Schedule Appointment with Panka Natural Health,1,1,1
2025|09,/schedule/0081d9d2/category/Follow-up%20Appointment/appointment/41838350/calendar/7700282/datetime/2025-09-29T13:30:00-05:00/payment?certificate=12CE573A&sh_update=2&ecd=YWN1aXR5OkFDVUlUWV9BRVNfS0VZXzA2MjEyMDIwOmJpKy9RaFNOUFNrVGJlSzB0UWtaTy9oWmR0VXZWUm5mSWlVNGlnQmYwamsyY1VpMDBsTGtMbnkzV3VLS0NJaGFwZGFrcXhSUmhpd092bHNHVTdIOHhPSzc5SWNtQWJjcDlYUGhrN1hPNk40Rk9WQnk4b0ZQaVp3VkRBN3dKV1ZBQ05xTnZJNHpIN21DeW5vc1lzY0JRbjFoUS9YVUhWZko1QT09,Schedule Appointment with Panka Natural Health,1,1,1
2025|09,/schedule/0081d9d2/category/Follow-up%20Appointment/appointment/41838350/calendar/7700282/datetime/2025-09-29T13:30:00-05:00?certificate=12CE573A&sh_update=2&ecd=YWN1aXR5OkFDVUlUWV9BRVNfS0VZXzA2MjEyMDIwOmJpKy9RaFNOUFNrVGJlSzB0UWtaTy9oWmR0VXZWUm5mSWlVNGlnQmYwamsyY1VpMDBsTGtMbnkzV3VLS0NJaGFwZGFrcXhSUmhpd092bHNHVTdIOHhPSzc5SWNtQWJjcDlYUGhrN1hPNk40Rk9WQnk4b0ZQaVp3VkRBN3dKV1ZBQ05xTnZJNHpIN21DeW5vc1lzY0JRbjFoUS9YVUhWZko1QT09,Schedule Appointment with Panka Natural Health,1,1,1
2025|09,/schedule/0081d9d2/category/Follow-up%20Appointment/appointment/41838350/calendar/7700282?certificate=12CE573A&sh_update=2&ecd=YWN1aXR5OkFDVUlUWV9BRVNfS0VZXzA2MjEyMDIwOmJpKy9RaFNOUFNrVGJlSzB0UWtaTy9oWmR0VXZWUm5mSWlVNGlnQmYwamsyY1VpMDBsTGtMbnkzV3VLS0NJaGFwZGFrcXhSUmhpd092bHNHVTdIOHhPSzc5SWNtQWJjcDlYUGhrN1hPNk40Rk9WQnk4b0ZQaVp3VkRBN3dKV1ZBQ05xTnZJNHpIN21DeW5vc1lzY0JRbjFoUS9YVUhWZko1QT09,Schedule Appointment with Panka Natural Health,1,1,1
2025|09,/schedule/0081d9d2/category/Follow-up%20Appointment/appointment/41838350?certificate=12CE573A&sh_update=2&ecd=YWN1aXR5OkFDVUlUWV9BRVNfS0VZXzA2MjEyMDIwOmJpKy9RaFNOUFNrVGJlSzB0UWtaTy9oWmR0VXZWUm5mSWlVNGlnQmYwamsyY1VpMDBsTGtMbnkzV3VLS0NJaGFwZGFrcXhSUmhpd092bHNHVTdIOHhPSzc5SWNtQWJjcDlYUGhrN1hPNk40Rk9WQnk4b0ZQaVp3VkRBN3dKV1ZBQ05xTnZJNHpIN21DeW5vc1lzY0JRbjFoUS9YVUhWZko1QT09,Schedule Appointment with Panka Natural Health,1,1,1
2025|09,/schedule/0081d9d2/category/Follow-up%20Appointment/appointment/41839134/calendar/7700282/datetime/2025-09-22T13:45:00-05:00/payment?certificate=7E038108&sh_update=2&ecd=YWN1aXR5OkFDVUlUWV9BRVNfS0VZXzA2MjEyMDIwOk4wN2t3cllyVmF4ekRQRlQvNkJjMGVLUEZCVEFXUU9JUTNIY1VpcDNVZEN4MnBQZGlzaHppcmtrY3VEaEljQ0kyZWdsbnZacVZnSjRQWFdvN1UxOEkyTzZSSVFGUmoxZzhaZm83TmNQRXMzaVB1VXdYQjlZem41YkFSQytQQjllUCs3bEYvV2IrajJkTWpONVBkZkRMTWpia0Nzd0V2MTY%3D,Schedule Appointment with Panka Natural Health,1,1,1
2025|09,/schedule/0081d9d2/category/Follow-up%20Appointment/appointment/41839134/calendar/7700282/datetime/2025-09-22T13:45:00-05:00?certificate=7E038108&sh_update=2&ecd=YWN1aXR5OkFDVUlUWV9BRVNfS0VZXzA2MjEyMDIwOk4wN2t3cllyVmF4ekRQRlQvNkJjMGVLUEZCVEFXUU9JUTNIY1VpcDNVZEN4MnBQZGlzaHppcmtrY3VEaEljQ0kyZWdsbnZacVZnSjRQWFdvN1UxOEkyTzZSSVFGUmoxZzhaZm83TmNQRXMzaVB1VXdYQjlZem41YkFSQytQQjllUCs3bEYvV2IrajJkTWpONVBkZkRMTWpia0Nzd0V2MTY%3D,Schedule Appointment with Panka Natural Health,2,1,1
2025|09,/schedule/0081d9d2/category/Follow-up%20Appointment/appointment/41839134/calendar/7700282?categories=Follow-up+Packages,Schedule Appointment with Panka Natural Health,2,1,1
2025|09,/schedule/0081d9d2/category/Follow-up%20Appointment/appointment/41839134/calendar/7700282?certificate=7E038108&sh_update=2&ecd=YWN1aXR5OkFDVUlUWV9BRVNfS0VZXzA2MjEyMDIwOk4wN2t3cllyVmF4ekRQRlQvNkJjMGVLUEZCVEFXUU9JUTNIY1VpcDNVZEN4MnBQZGlzaHppcmtrY3VEaEljQ0kyZWdsbnZacVZnSjRQWFdvN1UxOEkyTzZSSVFGUmoxZzhaZm83TmNQRXMzaVB1VXdYQjlZem41YkFSQytQQjllUCs3bEYvV2IrajJkTWpONVBkZkRMTWpia0Nzd0V2MTY%3D,Schedule Appointment with Panka Natural Health,2,1,1
2025|09,/schedule/0081d9d2/category/Follow-up%20Appointment/appointment/41839134/calendar/8024328?categories=Follow-up+Packages,Schedule Appointment with Panka Natural Health,1,1,1
2025|09,/schedule/0081d9d2/category/Follow-up%20Appointment/appointment/41839134?categories=Follow-up+Packages,Schedule Appointment with Panka Natural Health,3,1,1
2025|09,/schedule/0081d9d2/category/Follow-up%20Appointment/appointment/41839134?certificate=7E038108&sh_update=2&ecd=YWN1aXR5OkFDVUlUWV9BRVNfS0VZXzA2MjEyMDIwOk4wN2t3cllyVmF4ekRQRlQvNkJjMGVLUEZCVEFXUU9JUTNIY1VpcDNVZEN4MnBQZGlzaHppcmtrY3VEaEljQ0kyZWdsbnZacVZnSjRQWFdvN1UxOEkyTzZSSVFGUmoxZzhaZm83TmNQRXMzaVB1VXdYQjlZem41YkFSQytQQjllUCs3bEYvV2IrajJkTWpONVBkZkRMTWpia0Nzd0V2MTY%3D,Schedule Appointment with Panka Natural Health,1,1,1
2025|09,/schedule/0081d9d2/category/Follow-up%20Appointment?categories=Follow-up+Packages,Schedule Appointment with Panka Natural Health,1,1,1
2025|09,/schedule/0081d9d2/category/Follow-up%20Appointment?certificate=12CE573A&sh_update=2&ecd=YWN1aXR5OkFDVUlUWV9BRVNfS0VZXzA2MjEyMDIwOmJpKy9RaFNOUFNrVGJlSzB0UWtaTy9oWmR0VXZWUm5mSWlVNGlnQmYwamsyY1VpMDBsTGtMbnkzV3VLS0NJaGFwZGFrcXhSUmhpd092bHNHVTdIOHhPSzc5SWNtQWJjcDlYUGhrN1hPNk40Rk9WQnk4b0ZQaVp3VkRBN3dKV1ZBQ05xTnZJNHpIN21DeW5vc1lzY0JRbjFoUS9YVUhWZko1QT09,Schedule Appointment with Panka Natural Health,1,1,1
2025|09,/schedule/0081d9d2/category/Follow-up%20Appointment?certificate=7E038108&sh_update=2&ecd=YWN1aXR5OkFDVUlUWV9BRVNfS0VZXzA2MjEyMDIwOk4wN2t3cllyVmF4ekRQRlQvNkJjMGVLUEZCVEFXUU9JUTNIY1VpcDNVZEN4MnBQZGlzaHppcmtrY3VEaEljQ0kyZWdsbnZacVZnSjRQWFdvN1UxOEkyTzZSSVFGUmoxZzhaZm83TmNQRXMzaVB1VXdYQjlZem41YkFSQytQQjllUCs3bEYvV2IrajJkTWpONVBkZkRMTWpia0Nzd0V2MTY%3D,Schedule Appointment with Panka Natural Health,1,1,1
2025|09,/schedule/0081d9d2/category/Introductory%20Phone%20Call/appointment/41826455/calendar/7700282/datetime/2025-09-05T15:45:00-05:00?ref=sched_block,Schedule Appointment with Panka Natural Health,1,1,1
2025|09,/schedule/0081d9d2/category/Introductory%20Phone%20Call/appointment/41826455/calendar/7700282?ref=sched_block,Schedule Appointment with Panka Natural Health,1,1,1
2025|09,/schedule/0081d9d2/category/Introductory%20Phone%20Call/appointment/41826455?ref=sched_block,Schedule Appointment with Panka Natural Health,1,1,1
2025|09,/schedule/0081d9d2/confirmation/0174cc3923b95daf410e7800715e71fc?ref=calendar,Schedule Appointment with Panka Natural Health,2,3,1
2025|09,/schedule/0081d9d2/confirmation/27e1cc93a799118ef28a7786d5f7d133?certificate=12CE573A&sh_update=2&ecd=YWN1aXR5OkFDVUlUWV9BRVNfS0VZXzA2MjEyMDIwOmJpKy9RaFNOUFNrVGJlSzB0UWtaTy9oWmR0VXZWUm5mSWlVNGlnQmYwamsyY1VpMDBsTGtMbnkzV3VLS0NJaGFwZGFrcXhSUmhpd092bHNHVTdIOHhPSzc5SWNtQWJjcDlYUGhrN1hPNk40Rk9WQnk4b0ZQaVp3VkRBN3dKV1ZBQ05xTnZJNHpIN21DeW5vc1lzY0JRbjFoUS9YVUhWZko1QT09,Schedule Appointment with Panka Natural Health,1,1,1
2025|09,/schedule/0081d9d2/confirmation/553826acc4ea62dbc8c174782a68bc7b?ref=email,Schedule Appointment with Panka Natural Health,1,2,1
2025|09,/schedule/0081d9d2/confirmation/5d5520222a9fdbb7d162c42fdcbbc008?ref=sched_block,Schedule Appointment with Panka Natural Health,1,1,1
2025|09,/schedule/0081d9d2/confirmation/675a2054ff641290d091b50dde1f2171?certificate=7E038108&sh_update=2&ecd=YWN1aXR5OkFDVUlUWV9BRVNfS0VZXzA2MjEyMDIwOk4wN2t3cllyVmF4ekRQRlQvNkJjMGVLUEZCVEFXUU9JUTNIY1VpcDNVZEN4MnBQZGlzaHppcmtrY3VEaEljQ0kyZWdsbnZacVZnSjRQWFdvN1UxOEkyTzZSSVFGUmoxZzhaZm83TmNQRXMzaVB1VXdYQjlZem41YkFSQytQQjllUCs3bEYvV2IrajJkTWpONVBkZkRMTWpia0Nzd0V2MTY%3D,Schedule Appointment with Panka Natural Health,1,1,1
2025|09,/schedule/0081d9d2/confirmation/7d3bd9eb722cf528b4ade0dd2d8125d7?ref=sched_block,Schedule Appointment with Panka Natural Health,1,1,1
2025|09,/schedule/0081d9d2/confirmation/8871c4b2ba6b4eb4a1b062bc2e4b77c8?ref=email,Schedule Appointment with Panka Natural Health,1,1,1
2025|09,/schedule/0081d9d2/confirmation/9e730623fb8f4e139a56bd06dfe4bcee,Schedule Appointment with Panka Natural Health,0,3,1
2025|09,/schedule/0081d9d2/confirmation/a483cc774d44ed0612e4cfc65c1245db?ref=calendar,Schedule Appointment with Panka Natural Health,2,2,1
2025|09,/schedule/0081d9d2/confirmation/a483cc774d44ed0612e4cfc65c1245db?ref=calendar,💤 Schedule Appointment with Panka Natural Health,0,1,1
2025|09,/schedule/0081d9d2/confirmation/b20bbf9500977ddf01df5e7042125982?ref=sched_block,Schedule Appointment with Panka Natural Health,1,1,1
2025|09,/schedule/0081d9d2/confirmation/c1f622d2b77586348e8d63ff16dd3fc2?ref=email,Schedule Appointment with Panka Natural Health,1,1,1
2025|09,/schedule/0081d9d2/confirmation/ee1d7391c8ecdf7653ea53dae60343a9?ref=email,Schedule Appointment with Panka Natural Health,1,1,1
2025|09,/schedule/0081d9d2/confirmation/fcd26cb2c07c412885606ac9dec8a852?ref=email,Schedule Appointment with Panka Natural Health,2,2,1
2025|09,/schedule/0081d9d2?categories=Follow-up%20Packages,Schedule Appointment with Panka Natural Health,1,1,1
2025|09,/schedule/0081d9d2?ref=email,Schedule Appointment with Panka Natural Health,1,1,1
2025|09,/schedule/0081d9d2?ref=sched_block,Schedule Appointment with Panka Natural Health,2,3,3
2025|09,/services-1,Panka Natural Health,1,1,1
2025|09,/video-library,Video Library — Panka Natural Health,4,3,3
2025|09,/wellness-community,Wellness Community — Panka Natural Health,1,1,1
2025|09,/wellness-shop/meal-plan,Panka Natural Health,2,2,2
2025|09,/wellness-shop/nail-fungus-relief,Panka Natural Health,2,2,2
2025|09,/wellness-shop/p/21-day-healthy-plate-meal-plan-for-the-family,Panka Natural Health,2,2,2
2025|09,/wellness-shop/p/21-day-healthy-plate-meal-plan-for-two,Panka Natural Health,2,2,2
2025|09,/wellness-shop/p/21-day-healthy-plate-meal-plan-one-person,Panka Natural Health,2,2,2
2025|09,/wellness-shop/p/anti-inflammatory-recipe-book,Panka Natural Health,2,2,2
2025|09,/wellness-shop/p/dairy-free-gluten-free-recipe-book,Panka Natural Health,2,2,2
2025|09,/wellness-shop/p/ketogenic-recipe-book,Panka Natural Health,2,2,2
2025|09,/wellness-shop/p/low-fodmap-recipe-book,Panka Natural Health,2,2,2
2025|09,/wellness-shop/p/nail-fungus-relief,Panka Natural Health,2,2,2
2025|09,/wellness-shop/p/plant-based-meal-plan-for-two,Panka Natural Health,2,2,2
2025|09,/wellness-shop/p/plant-based-recipe-book,Panka Natural Health,2,2,2
2025|09,/wellness-shop/p/smoothie-recipe-book,Panka Natural Health,2,2,2
2025|09,/wellness-shop/recipe-book,Panka Natural Health,2,2,2
2025|09,/whypnh,"Why Choose Panka Natural Health | Naturopathic Doctors Hopkins, MN — Panka Natural Health",7,7,7
2025|09,/womens-health-services,"Women's Health Naturopathic Doctor Hopkins, MN | Holistic Hormone Care — Panka Natural Health",25,23,19
2025|10,/,"Naturopathic Doctor Near Me | Holistic Medicine Hopkins, MN",1145,638,605
2025|10,/,"Panka Natural Health | Naturopathic Doctors in Hopkins, MN",230,216,134
2025|10,/?fbclid=IwZXh0bgNhZW0CMTEAAR41HQxU2ZM9g9n_ViEdBFcL19PeHERfneHY5G0DPWNhdUdCtZVdhNbv3kXePQ_aem_d4wUVxVvKH5uxkz65GoGWg,"Naturopathic Doctor Near Me | Holistic Medicine Hopkins, MN",1,1,1
2025|10,/?fbclid=IwZXh0bgNhZW0CMTEAAR46xLwtwWHmxPQGyNwuYpndtap5xK7g71YDw21yaLGY4-pySYygHsnky5rAJg_aem_5eZPL4ZaOgW9dDRdrHlQcg,"Panka Natural Health | Naturopathic Doctors in Hopkins, MN",1,1,1
2025|10,/?fbclid=IwZXh0bgNhZW0CMTEAAR48h8E1wwlZy4ml4wRTGtSm-Y5MWOZ31luQmKmYw9s4XrGOxWxkzyKslbOtnQ_aem_dAnNycpOswWF96iHD_pKBA,"Panka Natural Health | Naturopathic Doctors in Hopkins, MN",1,1,1
2025|10,/?fbclid=IwZXh0bgNhZW0CMTEAAR4xQ2FiTtLVcdsPbqelOksnAxeEKE2-ucQF1pIfdBBT0-idzF6GhnMhgFIJgw_aem_5yWdugBlYPWzhoSKEq_0TQ,"Panka Natural Health | Naturopathic Doctors in Hopkins, MN",1,1,1
2025|10,/?fbclid=IwZXh0bgNhZW0CMTEAAR5TAcGXsBMpqh1gsN_z2C9wGc53re8wjcAvDQ3xppWagJCL0p6esHFER3flaQ_aem_OBupR4h-imvTqak8VbZYRw,"Panka Natural Health | Naturopathic Doctors in Hopkins, MN",1,1,1
2025|10,/?fbclid=IwZXh0bgNhZW0CMTEAAR6hRVIcax0RLay49SarYjbLYbmqyrTaTCjI0yZbN65KQcnxQC6LrOolYPmFTQ_aem_Qz1fn6Vfvc26rLl6l358nQ,"Panka Natural Health | Naturopathic Doctors in Hopkins, MN",1,1,1
2025|10,/?fbclid=IwZXh0bgNhZW0CMTEAAR6m0DLWTSG8AZ8YGeZbVE_CeqdOwGg3ho8lXY2XPI0C-VLhWypMhIe9Uq4iAg_aem_zGpZSv056sY3cfTUWemUKg,"Panka Natural Health | Naturopathic Doctors in Hopkins, MN",1,1,1
2025|10,/?fbclid=IwZXh0bgNhZW0CMTEAAR6mEEzypDpa01gFSstUHkg11rWfLPNz1Kvd4F-XpnT82plXvFZh1nZ0KV_HVA_aem_3zewZX9L0QExQZo_2pUsMg,"Panka Natural Health | Naturopathic Doctors in Hopkins, MN",1,1,1
2025|10,/?fbclid=IwZXh0bgNhZW0CMTEAAR7fDBs60SnZ3M0BCcg56ghjBN7yi0EDgvkynYMd52HB8ymBhbBOmmnbn0WIiw_aem_KJCvrNPof77tNF6EBIqtcQ,"Panka Natural Health | Naturopathic Doctors in Hopkins, MN",1,1,1
2025|10,/?fbclid=PAZXh0bgNhZW0CMTEAAacSg8BYeFPF-zlhp2YMrRmMYbZQaQzWk4HxsecfMrjEwOGs_ejmnsSCDQhsOg_aem_HSmomtj1RR4D5Krlaprn8Q,"Panka Natural Health | Naturopathic Doctors in Hopkins, MN",1,1,1
2025|10,/?fbclid=PAZXh0bgNhZW0CMTEAAaeBj7VQk4iJeu-dfm-yBpVAcPpslc7l6SHRabi4HSw0aEHo-5Jl9n1-SWbELQ_aem_mxzgDiHHF6_P3gxlLigAxQ,"Panka Natural Health | Naturopathic Doctors in Hopkins, MN",1,1,1
2025|10,/?fbclid=PAZXh0bgNhZW0CMTEAAaeHDnMGo9ZTY_7mwkNEQO90hJb-XgLNXgu_fkUgT5pUxuTrjX9_G0laF6HHPg_aem_a6rEjp8Onwt16Lva9__7mg,"Panka Natural Health | Naturopathic Doctors in Hopkins, MN",1,1,1
2025|10,/?fbclid=PAZXh0bgNhZW0CMTEAAaepYZ_2ZWgRMM5x1TlLsJbll-OllFRkoq2HlKyJm1xZqQOfZi7GoDAmCjwlHA_aem_hthKJwcEqzo57pGh3Y8XpA,"Panka Natural Health | Naturopathic Doctors in Hopkins, MN",1,1,1
2025|10,/about,"Dr. Haley Panka, ND | Naturopathic Doctor Hopkins, MN | Women's Health — Panka Natural Health",1,1,1
2025|10,/account,Account,7,1,1
2025|10,/account/addresses,Addresses,2,1,1
2025|10,/account/login,Sign In,12,7,7
2025|10,/account/login/create,Create Account,1,1,1
2025|10,/account/login/reauthenticate,Sign In,4,3,1
2025|10,/account/login/request-reset,Reset Password,3,3,3
2025|10,/account/orders,Orders,2,1,1
2025|10,/account/payment,Payment,1,1,1
2025|10,/account/profile,Profile Details,2,1,1
2025|10,/blog,"Holistic Health Blog | Naturopathic Wellness Tips | Hopkins, MN Doctors — Panka Natural Health",8,8,7
2025|10,/blog/eden-prairie-springs,Eden Prairie Springs: Natural Resources for Community Wellness — Panka Natural Health,58,51,36
2025|10,/blog/health-alerts-for-eden-prairie-spring-water,Health Alerts for Eden Prairie Spring Water — Panka Natural Health,1,1,1
2025|10,/blog/nutrient-spotlight-foods-rich-in-magnesium,Nutrient Spotlight: Foods Rich in Magnesium — Panka Natural Health,1,1,1
2025|10,/blog/sunburn-protection-with-lycopene-rich-foods,Sunburn Protection with Lycopene-Rich Foods — Panka Natural Health,1,1,1
2025|10,/blog/the-synergy-of-functional-and-naturopathic-medicine-a-holistic-approach-to-health-in-minnesota,The Similarities of Functional & Naturopathic Medicine — Panka Natural Health,2,2,2
2025|10,/blog/what-to-expect-from-a-naturopathic-doctor,What to Expect from a Naturopathic Doctor — Panka Natural Health,1,1,1
2025|10,/blog?author=622c0879af148530b8a4bc6c,"Holistic Health Blog | Naturopathic Wellness Tips | Hopkins, MN Doctors — Panka Natural Health",1,1,1
2025|10,/cardiovascular-wellness-program,"Cardiovascular Wellness Program Hopkins, MN | Holistic Heart Health | Naturopathic Doctor — Panka Natural Health",8,8,7
2025|10,/cart,Panka Natural Health,1,1,1
2025|10,/certificate.php/schedule.php?owner=27943652&ref=email,Schedule Appointment with Panka Natural Health,1,1,1
2025|10,/clinical-laboratory-tests,"Comprehensive Lab Testing Hopkins, MN | Naturopathic Doctor | Functional Medicine Labs — Panka Natural Health",27,27,22
2025|10,/contact,"Contact Us | Naturopathic Doctors Hopkins, MN — Panka Natural Health",27,28,22
2025|10,/dietary-supplements,"Clinical-Grade Supplements Hopkins, MN | Naturopathic Doctor | High-Quality Natural Products — Panka Natural Health",11,10,9
2025|10,/events,Events — Panka Natural Health,7,7,5
2025|10,/faq,"FAQ | Naturopathic Doctor Questions Hopkins, MN — Panka Natural Health",27,27,18
2025|10,/followup-packages,"Follow-up Care Packages | Naturopathic Doctor Hopkins, MN | Ongoing Wellness Support — Panka Natural Health",7,7,6
2025|10,/holistic-diabetes-care,"Holistic Diabetes Care Hopkins, MN | Naturopathic Doctor | Natural Type 2 Diabetes Treatment — Panka Natural Health",8,7,6
2025|10,/holistic-diabetes-care,https://www.pankanaturalhealth.com/holistic-diabetes-care,1,1,1
2025|10,/iron-blood-testing,Panka Natural Health,3,3,3
2025|10,/meal-plans-and-recipe-books,"Naturopathic Meal Plans & Recipe Books | Doctor-Designed Nutrition | Hopkins, MN — Panka Natural Health",9,9,8
2025|10,/meet-dr-haley,"Dr. Haley Panka, ND | Naturopathic Doctor Hopkins, MN | Women's Health — Panka Natural Health",46,42,34
2025|10,/meet-dr-jacob,"Dr. Jacob Panka, ND, MS | Naturopathic Doctor Hopkins, MN | Brain Health — Panka Natural Health",27,28,19
2025|10,/mens-health,"Men's Health Naturopathic Doctor Hopkins, MN | Holistic Healthcare for Men — Panka Natural Health",5,5,4
2025|10,/nail-fungus-relief,"Natural Nail Health Support | Doctor-Formulated Essential Oil Blend | Hopkins, MN — Panka Natural Health",7,7,7
2025|10,/naturopathic-medicine,"Naturopathic Medicine Hopkins, MN | Holistic Doctors — Panka Natural Health",27,23,17
2025|10,/patient-portal,Access Your Patient Portal at Panka Natural Health - Stay Connected with Your Health — Panka Natural Health,30,28,10
2025|10,/pediatrics,"Pediatric Naturopathic Doctor Hopkins, MN | Holistic Children's Health Care — Panka Natural Health",8,8,8
2025|10,/pnh-fullscript,"Naturopathic Family Medicine | Holistic Care in Hopkins, MN — Panka Natural Health",3,3,3
2025|10,/pnh-online-medicinary,Panka Natural Health,3,3,3
2025|10,/pnh-wellness-shop,PNH Wellness Shop — Panka Natural Health,4,4,4
2025|10,/pnh-wellness-shop/p/anti-inflammatory-recipe-book,Anti-Inflammatory Recipe Book — Panka Natural Health,1,1,1
2025|10,/pnh-wellness-shop?gtm_latency=1,PNH Wellness Shop — Panka Natural Health,1,1,1
2025|10,/preferences.php?tab=schedule&calendar=parent:8024328%3C%3EAmerica/Chicago,Panka Natural Health,1,1,1
2025|10,/prepare-for-your-visit,"Prepare for Your Visit | Naturopathic Doctor Hopkins, MN | New Patient Information — Panka Natural Health",7,6,6
2025|10,/privacy-policy,Privacy Policy — Panka Natural Health,7,7,5
2025|10,/product-guide,Product Guide — Panka Natural Health,11,11,10
2025|10,/resources,"Holistic Health Blog | Naturopathic Wellness Tips | Hopkins, MN Doctors — Panka Natural Health",1,1,1
2025|10,/schedule-an-appointment,"Schedule Appointment | Naturopathic Doctor Hopkins, MN — Panka Natural Health",133,112,69
2025|10,/schedule-an-appointment,"Termin vereinbaren | Naturheilkundler Hopkins, MN — Panka Natural Health",0,2,1
2025|10,/schedule-an-appointment,"💤 Schedule Appointment | Naturopathic Doctor Hopkins, MN — Panka Natural Health",0,2,1
2025|10,/schedule/0081d9d2/category/First%20Appointment?ref=sched_block,Schedule Appointment with Panka Natural Health,1,1,1
2025|10,/schedule/0081d9d2/confirmation/0174cc3923b95daf410e7800715e71fc?ref=email,Schedule Appointment with Panka Natural Health,1,1,1
2025|10,/schedule/0081d9d2/confirmation/2c00ab909c30bf531cf26325bc52b1f6?ref=email,Schedule Appointment with Panka Natural Health,0,1,1
2025|10,/schedule/0081d9d2/confirmation/2f53d6070e855b6e1961c4d8196b5aeb?ref=email,Schedule Appointment with Panka Natural Health,1,1,1
2025|10,/schedule/0081d9d2/confirmation/5f79f1924c541b85e32c05fc41407257?ref=email,Schedule Appointment with Panka Natural Health,0,1,1
2025|10,/schedule/0081d9d2/confirmation/70702abac953e39d21af6af752c76d32?ref=sched_block,Schedule Appointment with Panka Natural Health,1,1,1
2025|10,/schedule/0081d9d2/pay/e6040b87a6dff62e88f5837ddb551dad,Schedule Appointment with Panka Natural Health,1,1,1
2025|10,/schedule/0081d9d2/pay/e6040b87a6dff62e88f5837ddb551dad,Vereinbaren Sie einen Termin mit Panka Natural Health,0,1,1
2025|10,/schedule/0081d9d2?ref=sched_block,Schedule Appointment with Panka Natural Health,1,1,1
2025|10,/services-1,Panka Natural Health,3,3,3
2025|10,/video-library,Video Library — Panka Natural Health,2,2,2
2025|10,/wellness-community,Wellness Community — Panka Natural Health,5,2,2
2025|10,/wellness-shop/meal-plan,Panka Natural Health,3,3,3
2025|10,/wellness-shop/nail-fungus-relief,Panka Natural Health,3,3,3
2025|10,/wellness-shop/p/21-day-healthy-plate-meal-plan-for-the-family,Panka Natural Health,3,3,3
2025|10,/wellness-shop/p/21-day-healthy-plate-meal-plan-for-two,Panka Natural Health,3,3,3
2025|10,/wellness-shop/p/21-day-healthy-plate-meal-plan-one-person,Panka Natural Health,3,3,3
2025|10,/wellness-shop/p/anti-inflammatory-recipe-book,Panka Natural Health,3,3,3
2025|10,/wellness-shop/p/dairy-free-gluten-free-recipe-book,Panka Natural Health,3,3,3
2025|10,/wellness-shop/p/ketogenic-recipe-book,Panka Natural Health,3,3,3
2025|10,/wellness-shop/p/low-fodmap-recipe-book,Panka Natural Health,3,3,3
2025|10,/wellness-shop/p/nail-fungus-relief,Panka Natural Health,3,3,3
2025|10,/wellness-shop/p/plant-based-meal-plan-for-two,Panka Natural Health,3,3,3
2025|10,/wellness-shop/p/plant-based-recipe-book,Panka Natural Health,3,3,3
2025|10,/wellness-shop/p/smoothie-recipe-book,Panka Natural Health,3,3,3
2025|10,/wellness-shop/recipe-book,Panka Natural Health,3,3,3
2025|10,/whypnh,"Why Choose Panka Natural Health | Naturopathic Doctors Hopkins, MN — Panka Natural Health",4,5,3
2025|10,/womens-health-services,"Women's Health Naturopathic Doctor Hopkins, MN | Holistic Hormone Care — Panka Natural Health",18,17,13
2025|11,/,"Panka Natural Health | Naturopathic Doctors in Hopkins, MN",359,307,179
2025|11,/?fbclid=IwY2xjawN6WGhleHRuA2FlbQIxMABicmlkETFLVUlZelZaN2FPVEtyODk3c3J0YwZhcHBfaWQQMjIyMDM5MTc4ODIwMDg5MgABHneU7lsy-ArSKPnvjY8YTARLCpgSqdu4qWEtLc0pjO452ynABml3orwQvryq_aem_uE_vz9HX5V5ac0snuHlMlQ,"Panka Natural Health | Naturopathic Doctors in Hopkins, MN",1,1,1
2025|11,/?fbclid=IwZXh0bgNhZW0CMTEAAR4u2y5_9TWw4Em_CvyEhEc6jV7Ygi9X_t9xMfrnd3kuZYVqusCZTZNjOBDq6Q_aem_-ez26ixFC0lW1bF6KrdAxQ,"Panka Natural Health | Naturopathic Doctors in Hopkins, MN",1,1,1
2025|11,/?fbclid=IwZXh0bgNhZW0CMTEAAR5iegqizK9cFQNpRDgztuc8fyw9XV4XIOBXBGoEfOk-r62wuzq2tfNH3iW7OA_aem_LzC1NNcRHs5ohFs2G4rMrg,"Panka Natural Health | Naturopathic Doctors in Hopkins, MN",1,1,1
2025|11,/?fbclid=IwZXh0bgNhZW0CMTEAAR6cAmla2wGo6tFC5l_tPDfdSBU2axQAFHM9w6WHvp25x30RkAwVWjkkzagH2A_aem_LKTDf5QkScSec0AmeGLHYQ,"Panka Natural Health | Naturopathic Doctors in Hopkins, MN",1,1,1
2025|11,/?fbclid=IwZXh0bgNhZW0CMTEAAR7T1ir_GJ63QSMRPgCTWWE8k7Gu8SXq7wAa3Z2i16F6ZcB6-ZufiZwN91qYtg_aem_GJ1qcMG9GhlFZHHp7lk5Fg,"Panka Natural Health | Naturopathic Doctors in Hopkins, MN",1,1,1
2025|11,/?fbclid=IwZXh0bgNhZW0CMTEAc3J0YwZhcHBfaWQKNjYyODU2ODM3OQABHl_4LYYZhvQCSoel92nyyRKpUMdJ2d29fE0ZoVr1hlTwVK414WQ0coCvTNcL_aem_6Br8nNUuGOQVbMGsaszRqw,"Panka Natural Health | Naturopathic Doctors in Hopkins, MN",1,1,1
2025|11,/?fbclid=IwZXh0bgNhZW0CMTEAc3J0YwZhcHBfaWQKNjYyODU2ODM3OQABHoRdcMqa49dD1hNfF3WMqmVKyzxqcAc5621_63owVKd4QeD8HfsMxMua2TNF_aem_N302xlOhGmIr-SFR8c7kQg,"Panka Natural Health | Naturopathic Doctors in Hopkins, MN",1,1,1
2025|11,/?fbclid=IwZXh0bgNhZW0CMTEAc3J0YwZhcHBfaWQMMjU2MjgxMDQwNTU4AAEe-N9JYTEEFsGn4mNYfxOEI-ZTbyoZGghEOpRNCUBSh7X7raUYMz2u88brc6g_aem__XuGnKOBGXX5C1HwjlYpCg,"Panka Natural Health | Naturopathic Doctors in Hopkins, MN",1,1,1
2025|11,/?fbclid=IwZXh0bgNhZW0CMTEAc3J0YwZhcHBfaWQMMjU2MjgxMDQwNTU4AAEe42A18sanr3UgzQQ5eFO3uhBLu_27Vz65ICoICab6osGfbG9d5feKM6YrhU0_aem_1GFbXTfkiehw3oDMwKj59Q,"Panka Natural Health | Naturopathic Doctors in Hopkins, MN",1,1,1
2025|11,/?fbclid=IwZXh0bgNhZW0CMTEAc3J0YwZhcHBfaWQMMjU2MjgxMDQwNTU4AAEeAXkoaGQEeab-g1_lnXVR1EK1lwuE5zetml7cDPmkLXYK8qAcIrmqBygSDf4_aem_VHC6djXFo-Ko2aY67aKQPw,"Panka Natural Health | Naturopathic Doctors in Hopkins, MN",1,1,1
2025|11,/?fbclid=IwZXh0bgNhZW0CMTEAc3J0YwZhcHBfaWQMMjU2MjgxMDQwNTU4AAEeXyFO_e3-tEigQjDVvA-AYLw17Tm-BgZUmO4FAtBISTW3std0Nzl8zCCLY6w_aem_DWuP75y6V3Bc1-Qi1O5J8A,"Panka Natural Health | Naturopathic Doctors in Hopkins, MN",1,1,1
2025|11,/?fbclid=IwZXh0bgNhZW0CMTEAc3J0YwZhcHBfaWQMMjU2MjgxMDQwNTU4AAEeZl1y_7iglhMWcgD6Naq69wHeHVoFvbARvNLZIoOeLs6FN6w_kpaRqCgPDEE_aem_Ze19ijo12LZfrni1C34w8g,"Panka Natural Health | Naturopathic Doctors in Hopkins, MN",1,1,1
2025|11,/?fbclid=IwZXh0bgNhZW0CMTEAc3J0YwZhcHBfaWQMMjU2MjgxMDQwNTU4AAEehre3s9ATJLs6ahPuug4MoDMmf1twmLaaE5qkdWdHA1OZ00z6b3BgMkUwQsA_aem_ZmFrZWR1bW15MTZieXRlcw,"Panka Natural Health | Naturopathic Doctors in Hopkins, MN",1,1,1
2025|11,/?fbclid=IwZXh0bgNhZW0CMTEAc3J0YwZhcHBfaWQMMjU2MjgxMDQwNTU4AAEersjCpnbTa5e8bhrJXIoYEuutiUPejLcs5J1Gf-nHLSnUQvizbDlYLHNzd8A_aem_2bor_pCzrsn_rZyfFFM6gg,"Panka Natural Health | Naturopathic Doctors in Hopkins, MN",1,1,1
2025|11,/?fbclid=IwZXh0bgNhZW0CMTEAc3J0YwZhcHBfaWQMMjU2MjgxMDQwNTU4AAEezgtkrEHeX47HfwxCtkno5cSR6l2_Ug43CR1kZcQIKMc6TUMPDt6wF2FWvhY_aem_qm3D-qRp0yKczyY7vQb67g,"Panka Natural Health | Naturopathic Doctors in Hopkins, MN",1,1,1
2025|11,/?fbclid=PAZXh0bgNhZW0CMTEAAacCJSbEbcIqdHjdFIFHLseHpPLfWUWo8X-IUiCjPTuJweA6CWf3lgcIxXbaOw_aem_Vk99nSW6-0yuqlgoqUr3ww,"Panka Natural Health | Naturopathic Doctors in Hopkins, MN",1,1,1
2025|11,/?fbclid=PAZXh0bgNhZW0CMTEAc3J0YwZhcHBfaWQPMTI0MDI0NTc0Mjg3NDE0AAGnp2fLx2CYLYtYXJCq0iv2K-o5maRsC1IRHjEL8SmPwSrbC-OeN5x00kBzY9s_aem_NjoFCHCz-b63rGRc_0_50Q,"Panka Natural Health | Naturopathic Doctors in Hopkins, MN",1,1,1
2025|11,/?fbclid=PAZXh0bgNhZW0CMTEAc3J0YwZhcHBfaWQPMTI0MDI0NTc0Mjg3NDE0CGNhbGxzaXRlAjE1AAGn1ryC7vldpHd2sU4ONj712ZcDuaxaE_mByfegd7BBs8mNuLyZklCoIptTl00_aem_LC5XHHvFb6reoJCZR8NkSg,"Panka Natural Health | Naturopathic Doctors in Hopkins, MN",1,1,1
2025|11,/?fbclid=PAdGRleAOYfhBleHRuA2FlbQIxMQBzcnRjBmFwcF9pZA8xMjQwMjQ1NzQyODc0MTQAAaenZ8vHYJgti1hckKrSK_Yr6jmZpGwLUhEeMQvxKY_BKtsL4543nHTSQHNj2w_aem_NjoFCHCz-b63rGRc_0_50Q,"Panka Natural Health | Naturopathic Doctors in Hopkins, MN",2,2,1
2025|11,/about,About 1 — Panka Natural Health,16,3,2
2025|11,/about-1-1,About 1 — Panka Natural Health,19,2,1
2025|11,/about-1-2,About 1 — Panka Natural Health,1,1,1
2025|11,/about-us,About 1 — Panka Natural Health,19,7,3
2025|11,/about-us,About — Panka Natural Health,34,20,13
2025|11,/account/login,Sign In,5,5,5
2025|11,/account/login/reauthenticate,Sign In,1,1,1
2025|11,/account/login/request-reset,Reset Password,1,1,1
2025|11,/blog,"Holistic Health Blog | Naturopathic Wellness Tips | Hopkins, MN Doctors — Panka Natural Health",6,7,5
2025|11,/blog/aerobic-exercise-vs-hiit-which-is-right-for-you,Cardio vs. HIIT: Which Is Right for You? — Panka Natural Health,0,2,2
2025|11,/blog/eden-prairie-springs,Eden Prairie Springs: Natural Resources for Community Wellness — Panka Natural Health,37,38,23
2025|11,/blog/health-alerts-for-eden-prairie-spring-water,Health Alerts for Eden Prairie Spring Water — Panka Natural Health,1,1,1
2025|11,/blog/naturopathic-first-aid-kit,Naturopathic First Aid Kit — Panka Natural Health,3,3,3
2025|11,/blog/naturopathic-medicine-provides-a-holistic-approach,Naturopathic Medicine Provides a Holistic Approach to Health — Panka Natural Health,2,1,1
2025|11,/blog/pfas-risk-in-mn-freshwater-fish,The Hidden Risks of Eating Locally Caught Fish: Understanding PFAS Contamination — Panka Natural Health,1,1,1
2025|11,/blog/sunburn-protection-with-lycopene-rich-foods?fbclid=IwZXh0bgNhZW0CMTEAc3J0YwZhcHBfaWQKNjYyODU2ODM3OQABHhPfa01_KNuZ-tkpW85f29nxF4cWj_Pv1tZCDIEcul_P15bWebxcjP03d2zE_aem_5t7odOI40CG5fGPd7eGgIg,Sunburn Protection with Lycopene-Rich Foods — Panka Natural Health,1,1,1
2025|11,/blog/the-synergy-of-functional-and-naturopathic-medicine-a-holistic-approach-to-health-in-minnesota,The Similarities of Functional & Naturopathic Medicine — Panka Natural Health,1,1,1
2025|11,/blog/what-to-expect-from-a-naturopathic-doctor,What to Expect from a Naturopathic Doctor — Panka Natural Health,1,1,1
2025|11,/cardiovascular-wellness-program,"Cardiovascular Wellness Program Hopkins, MN | Holistic Heart Health | Naturopathic Doctor — Panka Natural Health",14,11,9
2025|11,/cart,Panka Natural Health,3,3,3
2025|11,/certificate.php/schedule.php?owner=27943652,Schedule Appointment with Panka Natural Health,6,6,3
2025|11,/clinical-laboratory-tests,"Comprehensive Lab Testing Hopkins, MN | Naturopathic Doctor | Functional Medicine Labs — Panka Natural Health",18,15,15
2025|11,/clinical-laboratory-tests?gtm_latency=1,"Comprehensive Lab Testing Hopkins, MN | Naturopathic Doctor | Functional Medicine Labs — Panka Natural Health",1,1,1
2025|11,/contact,"Contact Us | Naturopathic Doctors Hopkins, MN — Panka Natural Health",30,30,24
2025|11,/dietary-supplements,"Clinical-Grade Supplements Hopkins, MN | Naturopathic Doctor | High-Quality Natural Products — Panka Natural Health",6,4,4
2025|11,/events,Events — Panka Natural Health,3,3,3
2025|11,/faq,"FAQ | Naturopathic Doctor Questions Hopkins, MN — Panka Natural Health",19,18,16
2025|11,/followup-packages,"Follow-up Care Packages | Naturopathic Doctor Hopkins, MN | Ongoing Wellness Support — Panka Natural Health",22,25,15
2025|11,/holistic-diabetes-care,"Holistic Diabetes Care Hopkins, MN | Naturopathic Doctor | Natural Type 2 Diabetes Treatment — Panka Natural Health",19,16,10
2025|11,/home,"Panka Natural Health | Naturopathic Doctors in Hopkins, MN",13,4,2
2025|11,/home?noredirect=true,"Panka Natural Health | Naturopathic Doctors in Hopkins, MN",1,1,1
2025|11,/iron-blood-testing,Panka Natural Health,2,2,2
2025|11,/meal-plans-and-recipe-books,"Naturopathic Meal Plans & Recipe Books | Doctor-Designed Nutrition | Hopkins, MN — Panka Natural Health",11,10,10
2025|11,/meet-dr-haley,"Dr. Haley Panka, ND | Naturopathic Doctor Hopkins, MN | Women's Health — Panka Natural Health",74,51,37
2025|11,/meet-dr-jacob,"Dr. Jacob Panka, ND, MS | Naturopathic Doctor Hopkins, MN | Brain Health — Panka Natural Health",39,33,25
2025|11,/mens-health,"Men's Health Naturopathic Doctor Hopkins, MN | Holistic Healthcare for Men — Panka Natural Health",10,10,7
2025|11,/nail-fungus-relief,"Natural Nail Health Support | Doctor-Formulated Essential Oil Blend | Hopkins, MN — Panka Natural Health",8,6,6
2025|11,/naturopathic-medicine,"Naturopathic Medicine Hopkins, MN | Holistic Doctors — Panka Natural Health",46,33,20
2025|11,/not-found,Panka Natural Health,1,1,1
2025|11,/patient-portal,Access Your Patient Portal at Panka Natural Health - Stay Connected with Your Health — Panka Natural Health,14,17,10
2025|11,/patient-portal,💤 Access Your Patient Portal at Panka Natural Health - Stay Connected with Your Health — Panka Natural Health,0,1,1
2025|11,/pediatrics,"Pediatric Naturopathic Doctor Hopkins, MN | Holistic Children's Health Care — Panka Natural Health",30,25,23
2025|11,/pnh-fullscript,"Naturopathic Family Medicine | Holistic Care in Hopkins, MN — Panka Natural Health",9,7,5
2025|11,/pnh-online-medicinary,Panka Natural Health,1,1,1
2025|11,/pnh-wellness-shop,PNH Wellness Shop — Panka Natural Health,5,5,5
2025|11,/pnh-wellness-shop/p/nail-fungus-relief,Nail Fungus Relief — Panka Natural Health,1,1,1
2025|11,/prepare-for-your-visit,"Prepare for Your Visit | Naturopathic Doctor Hopkins, MN | New Patient Information — Panka Natural Health",10,7,7
2025|11,/privacy-policy,Privacy Policy — Panka Natural Health,3,4,3
2025|11,/product-guide,Product Guide — Panka Natural Health,13,10,8
2025|11,/schedule-an-appointment,"Schedule Appointment | Naturopathic Doctor Hopkins, MN — Panka Natural Health",172,147,87
2025|11,/schedule-an-appointment?fbclid=IwZXh0bgNhZW0CMTEAAR44qBZ0BGvjO1JKHnDzYn9Qo3KhZ43u3iaXBDEUAE7FrWLMj3u_jj6wc0CBwA_aem__euNpSx7F1mliVdp18hmyQ,"Schedule Appointment | Naturopathic Doctor Hopkins, MN — Panka Natural Health",1,1,1
2025|11,/schedule-an-appointment?fbclid=IwZXh0bgNhZW0CMTEAAR4al6WUWeoVSX46wF0jFdc_w-cmZ5b8yPJsKihZM8AojY10BIAmV_SHd2N9SQ_aem_3ngxXvzrZGMTb8nUyeOznA,"Schedule Appointment | Naturopathic Doctor Hopkins, MN — Panka Natural Health",1,1,1
2025|11,/schedule-an-appointment?fbclid=IwZXh0bgNhZW0CMTEAAR7SdTDTjuI_SOT3YfInv7PKc9Fg1QhiOPSqxi6Fj_4bjYYoyUInYwjmprumHw_aem_frOOUL6j-LTSSgy4e4Ob5w,"Schedule Appointment | Naturopathic Doctor Hopkins, MN — Panka Natural Health",1,1,1
2025|11,/schedule/0081d9d2/?appointmentTypeIds[]=41839134,Schedule Appointment with Panka Natural Health,1,1,1
2025|11,/schedule/0081d9d2/?appointmentTypeIds[]=76038311&appointmentTypeIds[]=76039085&appointmentTypeIds[]=76039341&appointmentTypeIds[]=76039502&appointmentTypeIds[]=41837463&appointmentTypeIds[]=41837866&appointmentTypeIds[]=41839327&appointmentTypeIds[]=41839504&appointmentTypeIds[]=64056724&appointmentTypeIds[]=64056785&appointmentTypeIds[]=64056848&appointmentTypeIds[]=64056887&appointmentTypeIds[]=41838350&appointmentTypeIds[]=41839134&appointmentTypeIds[]=41839662&appointmentTypeIds[]=41840334&appointmentTypeIds[]=65045376&appointmentTypeIds[]=76039897&appointmentTypeIds[]=76040024&appointmentTypeIds[]=76040151&appointmentTypeIds[]=76040217&appointmentTypeIds[]=41826455&appointmentTypeIds[]=76036687&appointmentTypeIds[]=76037060&appointmentTypeIds[]=76037437&appointmentTypeIds[]=76037527&appointmentTypeIds[]=76037813&appointmentTypeIds[]=76037999,Schedule Appointment with Panka Natural Health,2,4,2
2025|11,/schedule/0081d9d2/?appointmentTypeIds[]=79221844,Schedule Appointment with Panka Natural Health,2,3,2
2025|11,/schedule/0081d9d2/?sh_update=2,Schedule Appointment with Panka Natural Health,1,1,1
2025|11,/schedule/0081d9d2/?sh_update=2&ref=email,Schedule Appointment with Panka Natural Health,1,1,1
2025|11,/schedule/0081d9d2/appointment/41839134/calendar/7700282/datetime/2025-11-21T15:15:00-06:00/payment?appointmentTypeIds%5B%5D=41839134,Schedule Appointment with Panka Natural Health,1,1,1
2025|11,/schedule/0081d9d2/appointment/41839134/calendar/7700282/datetime/2025-11-21T15:15:00-06:00?appointmentTypeIds%5B%5D=41839134,Schedule Appointment with Panka Natural Health,1,1,1
2025|11,/schedule/0081d9d2/appointment/41839134/calendar/7700282?appointmentTypeIds%5B%5D=41839134,Schedule Appointment with Panka Natural Health,1,1,1
2025|11,/schedule/0081d9d2/appointment/41839134?appointmentTypeIds%5B%5D=41839134,Schedule Appointment with Panka Natural Health,1,1,1
2025|11,/schedule/0081d9d2/appointment/79221844/calendar/7700282/datetime/2025-11-21T15:15:00-06:00/payment?appointmentTypeIds%5B%5D=79221844,Schedule Appointment with Panka Natural Health,2,2,2
2025|11,/schedule/0081d9d2/appointment/79221844/calendar/7700282/datetime/2025-11-21T15:15:00-06:00?appointmentTypeIds%5B%5D=79221844,Schedule Appointment with Panka Natural Health,2,2,2
2025|11,/schedule/0081d9d2/appointment/79221844/calendar/7700282?appointmentTypeIds%5B%5D=79221844,Schedule Appointment with Panka Natural Health,2,2,2
2025|11,/schedule/0081d9d2/appointment/79221844?appointmentTypeIds%5B%5D=79221844,Schedule Appointment with Panka Natural Health,2,2,2
2025|11,/schedule/0081d9d2/category/First%20Appointment/appointment/41839327/calendar/7700282?ref=sched_block,Schedule Appointment with Panka Natural Health,1,1,1
2025|11,/schedule/0081d9d2/category/First%20Appointment/appointment/41839327/calendar/8024328?ref=sched_block,Schedule Appointment with Panka Natural Health,1,1,1
2025|11,/schedule/0081d9d2/category/First%20Appointment/appointment/41839327?ref=sched_block,Schedule Appointment with Panka Natural Health,2,1,1
2025|11,/schedule/0081d9d2/category/First%20Appointment?ref=sched_block,Schedule Appointment with Panka Natural Health,2,1,1
2025|11,/schedule/0081d9d2/category/Follow-up%20Appointment/appointment/41838350/calendar/7700282/datetime/2025-11-21T14:00:00-06:00/payment?certificate=12CE573A&sh_update=2&ecd=YWN1aXR5OkFDVUlUWV9BRVNfS0VZXzA2MjEyMDIwOmNHWVV0cHZkSkFJeFk2VzBFcjgwVVB3WGZweUpMcTlXRFl3ZDB3RE94R0plOGMxQW9iNkl0TlNzNWxBbDFsRTJQSGV5UE5DQUM1SGxPbEF3S3lpb05vN3JGWUdvWjBkQ3YrdVgxWlFmcXZ3eUJTMFdtRWkzSXF0dmo0NXZ0RmV5VnMwZ3lEM1NFeVZCUm9DdlZJRWVIbmJ4dG9ndk9LVkM0UT09&ref=email,Schedule Appointment with Panka Natural Health,1,1,1
2025|11,/schedule/0081d9d2/category/Follow-up%20Appointment/appointment/41838350/calendar/7700282/datetime/2025-11-21T14:00:00-06:00/payment?ref=email,Schedule Appointment with Panka Natural Health,1,1,1
2025|11,/schedule/0081d9d2/category/Follow-up%20Appointment/appointment/41838350/calendar/7700282/datetime/2025-11-21T14:00:00-06:00?certificate=12CE573A&sh_update=2&ecd=YWN1aXR5OkFDVUlUWV9BRVNfS0VZXzA2MjEyMDIwOmNHWVV0cHZkSkFJeFk2VzBFcjgwVVB3WGZweUpMcTlXRFl3ZDB3RE94R0plOGMxQW9iNkl0TlNzNWxBbDFsRTJQSGV5UE5DQUM1SGxPbEF3S3lpb05vN3JGWUdvWjBkQ3YrdVgxWlFmcXZ3eUJTMFdtRWkzSXF0dmo0NXZ0RmV5VnMwZ3lEM1NFeVZCUm9DdlZJRWVIbmJ4dG9ndk9LVkM0UT09&ref=email,Schedule Appointment with Panka Natural Health,1,1,1
2025|11,/schedule/0081d9d2/category/Follow-up%20Appointment/appointment/41838350/calendar/7700282/datetime/2025-11-21T14:00:00-06:00?ref=email,Schedule Appointment with Panka Natural Health,1,1,1
2025|11,/schedule/0081d9d2/category/Follow-up%20Appointment/appointment/41838350/calendar/7700282?certificate=12CE573A&sh_update=2&ecd=YWN1aXR5OkFDVUlUWV9BRVNfS0VZXzA2MjEyMDIwOmNHWVV0cHZkSkFJeFk2VzBFcjgwVVB3WGZweUpMcTlXRFl3ZDB3RE94R0plOGMxQW9iNkl0TlNzNWxBbDFsRTJQSGV5UE5DQUM1SGxPbEF3S3lpb05vN3JGWUdvWjBkQ3YrdVgxWlFmcXZ3eUJTMFdtRWkzSXF0dmo0NXZ0RmV5VnMwZ3lEM1NFeVZCUm9DdlZJRWVIbmJ4dG9ndk9LVkM0UT09&ref=email,Schedule Appointment with Panka Natural Health,1,1,1
2025|11,/schedule/0081d9d2/category/Follow-up%20Appointment/appointment/41838350/calendar/7700282?ref=email,Schedule Appointment with Panka Natural Health,1,1,1
2025|11,/schedule/0081d9d2/category/Follow-up%20Appointment/appointment/41838350/calendar/7700282?ref=sched_block,Schedule Appointment with Panka Natural Health,1,1,1
2025|11,/schedule/0081d9d2/category/Follow-up%20Appointment/appointment/41838350?certificate=12CE573A&sh_update=2&ecd=YWN1aXR5OkFDVUlUWV9BRVNfS0VZXzA2MjEyMDIwOmNHWVV0cHZkSkFJeFk2VzBFcjgwVVB3WGZweUpMcTlXRFl3ZDB3RE94R0plOGMxQW9iNkl0TlNzNWxBbDFsRTJQSGV5UE5DQUM1SGxPbEF3S3lpb05vN3JGWUdvWjBkQ3YrdVgxWlFmcXZ3eUJTMFdtRWkzSXF0dmo0NXZ0RmV5VnMwZ3lEM1NFeVZCUm9DdlZJRWVIbmJ4dG9ndk9LVkM0UT09&ref=email,Schedule Appointment with Panka Natural Health,1,1,1
2025|11,/schedule/0081d9d2/category/Follow-up%20Appointment/appointment/41838350?ref=email,Schedule Appointment with Panka Natural Health,1,1,1
2025|11,/schedule/0081d9d2/category/Follow-up%20Appointment/appointment/41838350?ref=sched_block,Schedule Appointment with Panka Natural Health,1,1,1
2025|11,/schedule/0081d9d2/category/Follow-up%20Appointment/appointment/41839134/calendar/7700282/datetime/2025-11-17T13:30:00-06:00/payment?ref=sched_block,Schedule Appointment with Panka Natural Health,1,1,1
2025|11,/schedule/0081d9d2/category/Follow-up%20Appointment/appointment/41839134/calendar/7700282/datetime/2025-11-17T13:30:00-06:00?ref=sched_block,Schedule Appointment with Panka Natural Health,1,1,1
2025|11,/schedule/0081d9d2/category/Follow-up%20Appointment/appointment/41839134/calendar/7700282?ref=calendar,Schedule Appointment with Panka Natural Health,1,1,1
2025|11,/schedule/0081d9d2/category/Follow-up%20Appointment/appointment/41839134/calendar/7700282?ref=sched_block,Schedule Appointment with Panka Natural Health,2,2,2
2025|11,/schedule/0081d9d2/category/Follow-up%20Appointment/appointment/41839134?ref=calendar,Schedule Appointment with Panka Natural Health,1,1,1
2025|11,/schedule/0081d9d2/category/Follow-up%20Appointment/appointment/41839134?ref=sched_block,Schedule Appointment with Panka Natural Health,2,2,2
2025|11,/schedule/0081d9d2/category/Follow-up%20Appointment/appointment/41839662/calendar/7700282?ref=sched_block,Schedule Appointment with Panka Natural Health,1,1,1
2025|11,/schedule/0081d9d2/category/Follow-up%20Appointment/appointment/41839662/calendar/8024328?ref=sched_block,Schedule Appointment with Panka Natural Health,1,1,1
2025|11,/schedule/0081d9d2/category/Follow-up%20Appointment/appointment/41839662?ref=sched_block,Schedule Appointment with Panka Natural Health,2,1,1
2025|11,/schedule/0081d9d2/category/Follow-up%20Appointment?appointmentTypeIds%5B%5D=76038311&appointmentTypeIds%5B%5D=76039085&appointmentTypeIds%5B%5D=76039341&appointmentTypeIds%5B%5D=76039502&appointmentTypeIds%5B%5D=41837463&appointmentTypeIds%5B%5D=41837866&appointmentTypeIds%5B%5D=41839327&appointmentTypeIds%5B%5D=41839504&appointmentTypeIds%5B%5D=64056724&appointmentTypeIds%5B%5D=64056785&appointmentTypeIds%5B%5D=64056848&appointmentTypeIds%5B%5D=64056887&appointmentTypeIds%5B%5D=41838350&appointmentTypeIds%5B%5D=41839134&appointmentTypeIds%5B%5D=41839662&appointmentTypeIds%5B%5D=41840334&appointmentTypeIds%5B%5D=65045376&appointmentTypeIds%5B%5D=76039897&appointmentTypeIds%5B%5D=76040024&appointmentTypeIds%5B%5D=76040151&appointmentTypeIds%5B%5D=76040217&appointmentTypeIds%5B%5D=41826455&appointmentTypeIds%5B%5D=76036687&appointmentTypeIds%5B%5D=76037060&appointmentTypeIds%5B%5D=76037437&appointmentTypeIds%5B%5D=76037527&appointmentTypeIds%5B%5D=7603781,Schedule Appointment with Panka Natural Health,1,1,1
2025|11,/schedule/0081d9d2/category/Follow-up%20Appointment?certificate=12CE573A&sh_update=2&ecd=YWN1aXR5OkFDVUlUWV9BRVNfS0VZXzA2MjEyMDIwOmNHWVV0cHZkSkFJeFk2VzBFcjgwVVB3WGZweUpMcTlXRFl3ZDB3RE94R0plOGMxQW9iNkl0TlNzNWxBbDFsRTJQSGV5UE5DQUM1SGxPbEF3S3lpb05vN3JGWUdvWjBkQ3YrdVgxWlFmcXZ3eUJTMFdtRWkzSXF0dmo0NXZ0RmV5VnMwZ3lEM1NFeVZCUm9DdlZJRWVIbmJ4dG9ndk9LVkM0UT09&ref=email,Schedule Appointment with Panka Natural Health,1,1,1
2025|11,/schedule/0081d9d2/category/Follow-up%20Appointment?ref=calendar,Schedule Appointment with Panka Natural Health,1,1,1
2025|11,/schedule/0081d9d2/category/Follow-up%20Appointment?ref=email,Schedule Appointment with Panka Natural Health,1,1,1
2025|11,/schedule/0081d9d2/category/Follow-up%20Appointment?ref=sched_block,Schedule Appointment with Panka Natural Health,7,5,4
2025|11,/schedule/0081d9d2/category/Introductory%20Phone%20Call/appointment/41826455/calendar/7700282/datetime/2025-11-07T13:30:00-06:00?ref=sched_block,Schedule Appointment with Panka Natural Health,1,1,1
2025|11,/schedule/0081d9d2/category/Introductory%20Phone%20Call/appointment/41826455/calendar/7700282?ref=sched_block,Schedule Appointment with Panka Natural Health,2,2,1
2025|11,/schedule/0081d9d2/category/Introductory%20Phone%20Call/appointment/41826455/calendar/8024328/datetime/2025-11-06T08:45:00-06:00?ref=sched_block,Schedule Appointment with Panka Natural Health,1,1,1
2025|11,/schedule/0081d9d2/category/Introductory%20Phone%20Call/appointment/41826455/calendar/8024328?ref=sched_block,Schedule Appointment with Panka Natural Health,1,1,1
2025|11,/schedule/0081d9d2/category/Introductory%20Phone%20Call/appointment/41826455?ref=sched_block,Schedule Appointment with Panka Natural Health,3,2,1
2025|11,/schedule/0081d9d2/confirmation/00785818ec396e9e87a1fbbccf85d35d?certificate=12CE573A&sh_update=2&ecd=YWN1aXR5OkFDVUlUWV9BRVNfS0VZXzA2MjEyMDIwOmNHWVV0cHZkSkFJeFk2VzBFcjgwVVB3WGZweUpMcTlXRFl3ZDB3RE94R0plOGMxQW9iNkl0TlNzNWxBbDFsRTJQSGV5UE5DQUM1SGxPbEF3S3lpb05vN3JGWUdvWjBkQ3YrdVgxWlFmcXZ3eUJTMFdtRWkzSXF0dmo0NXZ0RmV5VnMwZ3lEM1NFeVZCUm9DdlZJRWVIbmJ4dG9ndk9LVkM0UT09&ref=email,Schedule Appointment with Panka Natural Health,1,1,1
2025|11,/schedule/0081d9d2/confirmation/0d6944a909ca0242926920cad1f735a6?ref=sched_block,Schedule Appointment with Panka Natural Health,1,1,1
2025|11,/schedule/0081d9d2/confirmation/1928067baa65ca2a906d16a4aebd1563?ref=email,Schedule Appointment with Panka Natural Health,1,2,1
2025|11,/schedule/0081d9d2/confirmation/27e1cc93a799118ef28a7786d5f7d133?ref=email,Schedule Appointment with Panka Natural Health,0,2,2
2025|11,/schedule/0081d9d2/confirmation/2c55f45abb189f646c9699bc13dddc31?ref=calendar,Schedule Appointment with Panka Natural Health,1,1,1
2025|11,/schedule/0081d9d2/confirmation/2c55f45abb189f646c9699bc13dddc31?ref=email,Schedule Appointment with Panka Natural Health,1,1,1
2025|11,/schedule/0081d9d2/confirmation/69fecc9d6ba6f6703b2ea4afabbcbd5f?ref=sched_block,Schedule Appointment with Panka Natural Health,1,1,1
2025|11,/schedule/0081d9d2/confirmation/8180636d9e44d56ae64734e84f13fabc?ref=calendar,Schedule Appointment with Panka Natural Health,1,1,1
2025|11,/schedule/0081d9d2/confirmation/8180636d9e44d56ae64734e84f13fabc?ref=email,Schedule Appointment with Panka Natural Health,2,2,2
2025|11,/schedule/0081d9d2/confirmation/8180636d9e44d56ae64734e84f13fabc?ref=sched_block,Schedule Appointment with Panka Natural Health,1,1,1
2025|11,/schedule/0081d9d2/confirmation/826cd566ec54b0ffa39847f7a6633232?ref=sched_block,Schedule Appointment with Panka Natural Health,1,1,1
2025|11,/schedule/0081d9d2/confirmation/83601ed2861007b4667339441081927a?appointmentTypeIds%5B%5D=79221844,Schedule Appointment with Panka Natural Health,1,1,1
2025|11,/schedule/0081d9d2/confirmation/9dce0939b1bda21ab073ceb32bde92ac?appointmentTypeIds%5B%5D=79221844,Schedule Appointment with Panka Natural Health,1,1,1
2025|11,/schedule/0081d9d2/confirmation/a5cd0a5d5ba491bb357208aa4b45ac67?appointmentTypeIds%5B%5D=41839134,Schedule Appointment with Panka Natural Health,1,1,1
2025|11,/schedule/0081d9d2/confirmation/a5cd0a5d5ba491bb357208aa4b45ac67?ref=calendar,Schedule Appointment with Panka Natural Health,1,1,1
2025|11,/schedule/0081d9d2/confirmation/d8f66766907991b8973e4629bcf37e39?ref=email,Schedule Appointment with Panka Natural Health,1,1,1
2025|11,/schedule/0081d9d2/confirmation/f13d158322827d699637290240abb216?ref=email,Schedule Appointment with Panka Natural Health,0,1,1
2025|11,/schedule/0081d9d2?appointmentTypeIds%5B%5D=76038311&appointmentTypeIds%5B%5D=76039085&appointmentTypeIds%5B%5D=76039341&appointmentTypeIds%5B%5D=76039502&appointmentTypeIds%5B%5D=41837463&appointmentTypeIds%5B%5D=41837866&appointmentTypeIds%5B%5D=41839327&appointmentTypeIds%5B%5D=41839504&appointmentTypeIds%5B%5D=64056724&appointmentTypeIds%5B%5D=64056785&appointmentTypeIds%5B%5D=64056848&appointmentTypeIds%5B%5D=64056887&appointmentTypeIds%5B%5D=41838350&appointmentTypeIds%5B%5D=41839134&appointmentTypeIds%5B%5D=41839662&appointmentTypeIds%5B%5D=41840334&appointmentTypeIds%5B%5D=65045376&appointmentTypeIds%5B%5D=76039897&appointmentTypeIds%5B%5D=76040024&appointmentTypeIds%5B%5D=76040151&appointmentTypeIds%5B%5D=76040217&appointmentTypeIds%5B%5D=41826455&appointmentTypeIds%5B%5D=76036687&appointmentTypeIds%5B%5D=76037060&appointmentTypeIds%5B%5D=76037437&appointmentTypeIds%5B%5D=76037527&appointmentTypeIds%5B%5D=76037813&appointmentTypeIds%5B%5D=760379,Schedule Appointment with Panka Natural Health,1,1,1
2025|11,/schedule/0081d9d2?ref=calendar,Schedule Appointment with Panka Natural Health,1,1,1
2025|11,/schedule/0081d9d2?ref=email,Schedule Appointment with Panka Natural Health,2,2,2
2025|11,/schedule/0081d9d2?ref=sched_block,Schedule Appointment with Panka Natural Health,18,11,6
2025|11,/services-1,Panka Natural Health,1,1,1
2025|11,/video-library,Video Library — Panka Natural Health,1,1,1
2025|11,/wellness-community,Wellness Community — Panka Natural Health,4,7,3
2025|11,/wellness-shop/meal-plan,Panka Natural Health,1,1,1
2025|11,/wellness-shop/nail-fungus-relief,Panka Natural Health,1,1,1
2025|11,/wellness-shop/p/21-day-healthy-plate-meal-plan-for-the-family,Panka Natural Health,1,1,1
2025|11,/wellness-shop/p/21-day-healthy-plate-meal-plan-for-two,Panka Natural Health,1,1,1
2025|11,/wellness-shop/p/21-day-healthy-plate-meal-plan-one-person,Panka Natural Health,1,1,1
2025|11,/wellness-shop/p/anti-inflammatory-recipe-book,Panka Natural Health,1,1,1
2025|11,/wellness-shop/p/dairy-free-gluten-free-recipe-book,Panka Natural Health,1,1,1
2025|11,/wellness-shop/p/ketogenic-recipe-book,Panka Natural Health,1,1,1
2025|11,/wellness-shop/p/low-fodmap-recipe-book,Panka Natural Health,1,1,1
2025|11,/wellness-shop/p/nail-fungus-relief,Panka Natural Health,3,2,2
2025|11,/wellness-shop/p/plant-based-meal-plan-for-two,Panka Natural Health,1,1,1
2025|11,/wellness-shop/p/plant-based-recipe-book,Panka Natural Health,1,1,1
2025|11,/wellness-shop/p/smoothie-recipe-book,Panka Natural Health,1,1,1
2025|11,/wellness-shop/recipe-book,Panka Natural Health,1,1,1
2025|11,/whypnh,"Why Choose Panka Natural Health | Naturopathic Doctors Hopkins, MN — Panka Natural Health",33,20,12
2025|11,/womens-health-services,"Women's Health Naturopathic Doctor Hopkins, MN | Holistic Hormone Care — Panka Natural Health",53,31,28
2025|12,/,"Panka Natural Health | Naturopathic Doctors in Hopkins, MN",193,184,144
2025|12,/?fbclid=IwZXh0bgNhZW0CMTEAc3J0YwZhcHBfaWQMMjU2MjgxMDQwNTU4AAEe0pZ6n8o40izMUjkavgniKQziheXlAwjUE8JhLIdUovy8v4BHhNuJqbI83cc_aem_385M3yXEo4-Wblsvz73FhA,"Panka Natural Health | Naturopathic Doctors in Hopkins, MN",1,1,1
2025|12,/?fbclid=IwZXh0bgNhZW0CMTEAc3J0YwZhcHBfaWQMMjU2MjgxMDQwNTU4AAEe7_O5PhxYQ2uo2bys1452xo6UmiP_qTJWNfgvNR1zdnaWqrZIpNy7j5tz0dY_aem_fl8U94q6YuK77QJWWzrOXw,"Panka Natural Health | Naturopathic Doctors in Hopkins, MN",1,1,1
2025|12,/?fbclid=IwZXh0bgNhZW0CMTEAc3J0YwZhcHBfaWQMMjU2MjgxMDQwNTU4AAEeCKp5mSJGWgpcvKzLh2Xo9xEIhIdQGot_wrB0ErgDjdzrgg6dichnY41AOYg_aem_m1SCGZ4q7olCczy4xe9UUA,"Panka Natural Health | Naturopathic Doctors in Hopkins, MN",1,1,1
2025|12,/?fbclid=IwZXh0bgNhZW0CMTEAc3J0YwZhcHBfaWQMMjU2MjgxMDQwNTU4AAEeDqyzcrIUjPkMlp2F0gsUj9xW2Ma5Oy7N0iVTd4u7CKLlc7RgRUow0b3qlHU_aem_A48S__JEr68ZA0TVmIXnuQ,"Panka Natural Health | Naturopathic Doctors in Hopkins, MN",1,1,1
2025|12,/?fbclid=IwZXh0bgNhZW0CMTEAc3J0YwZhcHBfaWQMMjU2MjgxMDQwNTU4AAEeJvbJHviFVOvJjI9tK_H1owYl3GCLmxNZ4xyOzXfEcpM3-z6ys3cIhqZRL7o_aem_dKMz2nURfvKsYyMJqjFyGw,"Panka Natural Health | Naturopathic Doctors in Hopkins, MN",1,1,1
2025|12,/?fbclid=IwZXh0bgNhZW0CMTEAc3J0YwZhcHBfaWQMMjU2MjgxMDQwNTU4AAEep3EeddqX9UVbY6QyZsG6LtYOy3woyVLp-cl3Lro4oETaz1DIDNXUGWrgRY0_aem_GIhQe6OkX95m98cV_Dwxaw,"Panka Natural Health | Naturopathic Doctors in Hopkins, MN",1,1,1
2025|12,/?fbclid=PAZXh0bgNhZW0CMTEAc3J0YwZhcHBfaWQPMTI0MDI0NTc0Mjg3NDE0AAGn8zRipyHibJ3Ba0keKD6j-_6YTLVjR2vltPP5QW-I6kgvdC4qHnTJlpMhR8I_aem_9NjrP4NtgtOpHRpw5x48ZQ,"Panka Natural Health | Naturopathic Doctors in Hopkins, MN",1,1,1
2025|12,/?fbclid=PAdGRleAOYfhBleHRuA2FlbQIxMQBzcnRjBmFwcF9pZA8xMjQwMjQ1NzQyODc0MTQAAaenZ8vHYJgti1hckKrSK_Yr6jmZpGwLUhEeMQvxKY_BKtsL4543nHTSQHNj2w_aem_NjoFCHCz-b63rGRc_0_50Q,"Panka Natural Health | Naturopathic Doctors in Hopkins, MN",1,1,1
2025|12,/?gtm_latency=1,"Panka Natural Health | Naturopathic Doctors in Hopkins, MN",2,2,2
2025|12,/about-us,About — Panka Natural Health,15,14,13
2025|12,/blog,"Holistic Health Blog | Naturopathic Wellness Tips | Hopkins, MN Doctors — Panka Natural Health",4,4,3
2025|12,/blog/aerobic-exercise-vs-hiit-which-is-right-for-you,Cardio vs. HIIT: Which Is Right for You? — Panka Natural Health,0,2,2
2025|12,/blog/breaking-the-fast-your-guide-to-a-stellar-morning-meal,Breaking the Fast: Your Guide to a Stellar Morning Meal — Panka Natural Health,1,1,1
2025|12,/blog/eden-prairie-springs,Eden Prairie Springs: Natural Resources for Community Wellness — Panka Natural Health,25,24,22
2025|12,/blog/fiberfocus,Fiber Focus: The Top Foods and Supplements to Keep You Regular — Panka Natural Health,1,1,1
2025|12,/blog/health-alerts-for-eden-prairie-spring-water,Health Alerts for Eden Prairie Spring Water — Panka Natural Health,4,2,2
2025|12,/blog/health-alerts-for-eden-prairie-spring-water,Оповещения о здоровье для родниковой воды Eden Prairie — Panka Natural Health,0,1,1
2025|12,/blog/naturopathic-medicine-provides-a-holistic-approach,Naturopathic Medicine Provides a Holistic Approach to Health — Panka Natural Health,2,2,2
2025|12,/blog/nutrient-spotlight-foods-rich-in-calcium,Nutrient Spotlight: Foods Rich in Calcium — Panka Natural Health,1,1,1
2025|12,/blog/nutrient-spotlight-foods-rich-in-magnesium,Nutrient Spotlight: Foods Rich in Magnesium — Panka Natural Health,1,1,1
2025|12,/blog/personalized-fitness-tailoring-your-workouts-with-target-heart-rate,Personalized Fitness: Tailoring Your Workouts with Target Heart Rate — Panka Natural Health,2,3,2
2025|12,/blog/sunburn-protection-with-lycopene-rich-foods,Sunburn Protection with Lycopene-Rich Foods — Panka Natural Health,2,2,2
2025|12,/blog/the-synergy-of-functional-and-naturopathic-medicine-a-holistic-approach-to-health-in-minnesota,The Similarities of Functional & Naturopathic Medicine — Panka Natural Health,1,1,1
2025|12,/blog/what-to-expect-from-a-naturopathic-doctor,What to Expect from a Naturopathic Doctor — Panka Natural Health,1,1,1
2025|12,/c2NoZWR1bG,Panka Natural Health,1,1,1
2025|12,/cardiovascular-wellness-program,"Cardiovascular Wellness Program Hopkins, MN | Holistic Heart Health | Naturopathic Doctor — Panka Natural Health",14,12,10
2025|12,/cart,Panka Natural Health,1,1,1
2025|12,/checkout?cartToken=rscnTgnXuRHsMlgv9FsfzLpgJUuiRpPtfY7rOMtO,Panka Natural Health | Secure Checkout,1,1,1
2025|12,/clinical-laboratory-tests,"Comprehensive Lab Testing Hopkins, MN | Naturopathic Doctor | Functional Medicine Labs — Panka Natural Health",18,16,14
2025|12,/commerce/orders/2c55cd66-7f12-4473-8431-4dab182db508,Panka Natural Health: Order Status,1,1,1
2025|12,/commerce/orders/2c55cd66-7f12-4473-8431-4dab182db508?referer=checkout,Panka Natural Health: Order Status,1,1,1
2025|12,/contact,"Contact Us | Naturopathic Doctors Hopkins, MN — Panka Natural Health",14,14,14
2025|12,/dietary-supplements,"Clinical-Grade Supplements Hopkins, MN | Naturopathic Doctor | High-Quality Natural Products — Panka Natural Health",2,2,2
2025|12,/dietarysupplements,Panka Natural Health,1,1,1
2025|12,/dietarysupplementw,Panka Natural Health,1,1,1
2025|12,/events,Events — Panka Natural Health,1,1,1
2025|12,/faq,"FAQ | Naturopathic Doctor Questions Hopkins, MN — Panka Natural Health",6,7,6
2025|12,/followup-packages,"Follow-up Care Packages | Naturopathic Doctor Hopkins, MN | Ongoing Wellness Support — Panka Natural Health",8,11,6
2025|12,/holistic-diabetes-care,"Holistic Diabetes Care Hopkins, MN | Naturopathic Doctor | Natural Type 2 Diabetes Treatment — Panka Natural Health",11,9,5
2025|12,/home,"Panka Natural Health | Naturopathic Doctors in Hopkins, MN",3,3,3
2025|12,/iron-blood-testing,Panka Natural Health,1,1,1
2025|12,/meal-plans-and-recipe-books,"Naturopathic Meal Plans & Recipe Books | Doctor-Designed Nutrition | Hopkins, MN — Panka Natural Health",11,11,11
2025|12,/meet-dr-haley,"Dr. Haley Panka, ND | Naturopathic Doctor Hopkins, MN | Women's Health — Panka Natural Health",19,19,17
2025|12,/meet-dr-jacob,"Dr. Jacob Panka, ND, MS | Naturopathic Doctor Hopkins, MN | Brain Health — Panka Natural Health",15,13,9
2025|12,/mens-health,"Men's Health Naturopathic Doctor Hopkins, MN | Holistic Healthcare for Men — Panka Natural Health",6,7,5
2025|12,/nail-fungus-relief,"Natural Nail Health Support | Doctor-Formulated Essential Oil Blend | Hopkins, MN — Panka Natural Health",7,8,5
2025|12,/naturopathic-medicine,"Naturopathic Medicine Hopkins, MN | Holistic Doctors — Panka Natural Health",8,8,7
2025|12,/patient-portal,Access Your Patient Portal at Panka Natural Health - Stay Connected with Your Health — Panka Natural Health,13,18,8
2025|12,/pediatrics,"Pediatric Naturopathic Doctor Hopkins, MN | Holistic Children's Health Care — Panka Natural Health",13,12,9
2025|12,/pnh-fullscript,"Naturopathic Family Medicine | Holistic Care in Hopkins, MN — Panka Natural Health",4,4,4
2025|12,/pnh-online-medicinary,Panka Natural Health,1,1,1
2025|12,/pnh-wellness-shop,PNH Wellness Shop — Panka Natural Health,2,2,2
2025|12,/pnh-wellness-shop/p/anti-inflammatory-recipe-book,Anti-Inflammatory Recipe Book — Panka Natural Health,2,1,1
2025|12,/pnh-wellness-shop/p/nail-fungus-relief,Nail Fungus Relief — Panka Natural Health,1,1,1
2025|12,/pnh-wellness-shop/p/plant-based-recipe-book,Plant-Based Recipe Book — Panka Natural Health,1,1,1
2025|12,/pnh-wellness-shop/p/smoothie-recipe-book,Smoothie Recipe Book — Panka Natural Health,2,1,1
2025|12,/prepare-for-your-visit,"Prepare for Your Visit | Naturopathic Doctor Hopkins, MN | New Patient Information — Panka Natural Health",8,10,7
2025|12,/privacy-policy,Privacy Policy — Panka Natural Health,2,2,2
2025|12,/product-guide,Product Guide — Panka Natural Health,4,2,2
2025|12,/schedule-an-appointment,"Schedule Appointment | Naturopathic Doctor Hopkins, MN — Panka Natural Health",117,110,81
2025|12,/schedule/0081d9d2/confirmation/12a7924fb1de59259fdb7956a9666eef?ref=email,Schedule Appointment with Panka Natural Health,0,1,1
2025|12,/schedule/0081d9d2/confirmation/27e1cc93a799118ef28a7786d5f7d133?ref=email,Schedule Appointment with Panka Natural Health,1,1,1
2025|12,/schedule/0081d9d2/confirmation/b61f4a0ee43f1b7ec4b5e5c39d83125c?ref=email,Schedule Appointment with Panka Natural Health,0,1,1
2025|12,/schedule/0081d9d2?ref=email,Schedule Appointment with Panka Natural Health,1,1,1
2025|12,/schedule/0081d9d2?ref=sched_block,Schedule Appointment with Panka Natural Health,1,1,1
2025|12,/services-1,Panka Natural Health,1,1,1
2025|12,/video-library,Video Library — Panka Natural Health,3,2,2
2025|12,/wellness-community,Wellness Community — Panka Natural Health,4,4,3
2025|12,/wellness-shop,Wellness Shop — Panka Natural Health,1,1,1
2025|12,/wellness-shop/meal-plan,Panka Natural Health,1,1,1
2025|12,/wellness-shop/nail-fungus-relief,Panka Natural Health,1,1,1
2025|12,/wellness-shop/p/21-day-healthy-plate-meal-plan-for-the-family,Panka Natural Health,1,1,1
2025|12,/wellness-shop/p/21-day-healthy-plate-meal-plan-for-two,Panka Natural Health,1,1,1
2025|12,/wellness-shop/p/21-day-healthy-plate-meal-plan-one-person,Panka Natural Health,1,1,1
2025|12,/wellness-shop/p/anti-inflammatory-recipe-book,Panka Natural Health,1,1,1
2025|12,/wellness-shop/p/dairy-free-gluten-free-recipe-book,Panka Natural Health,1,1,1
2025|12,/wellness-shop/p/ketogenic-recipe-book,Panka Natural Health,1,1,1
2025|12,/wellness-shop/p/low-fodmap-recipe-book,Panka Natural Health,1,1,1
2025|12,/wellness-shop/p/nail-fungus-relief,Panka Natural Health,1,1,1
2025|12,/wellness-shop/p/plant-based-meal-plan-for-two,Panka Natural Health,1,1,1
2025|12,/wellness-shop/p/plant-based-recipe-book,Panka Natural Health,1,1,1
2025|12,/wellness-shop/p/smoothie-recipe-book,Panka Natural Health,1,1,1
2025|12,/wellness-shop/recipe-book,Panka Natural Health,1,1,1
2025|12,/whypnh,"Why Choose Panka Natural Health | Naturopathic Doctors Hopkins, MN — Panka Natural Health",7,8,7
2025|12,/womens-health-services,"Women's Health Naturopathic Doctor Hopkins, MN | Holistic Hormone Care — Panka Natural Health",34,34,21
2026|01,/,"Panka Natural Health | Naturopathic Doctors in Hopkins, MN",259,243,160
2026|01,/?fbclid=IwY2xjawPD4wlleHRuA2FlbQIxMQBicmlkETBwMXV4M3dQRkdRcXFjM0hmc3J0YwZhcHBfaWQBMAABHo-ac-p9ltBDq9fWUTpURwjGex66TVMUKCChdErOdJItK-Oy7npbW7LQNMIS_aem_hYUATWe2QhdQVZOJg3umYg,"Panka Natural Health | Naturopathic Doctors in Hopkins, MN",1,1,1
2026|01,/?fbclid=IwZXh0bgNhZW0CMTEAc3J0YwZhcHBfaWQMMjU2MjgxMDQwNTU4AAEeApD_u0CuzAoQbrt9s5T3QF3NT_Rfs52GrTriXVNO00hGMTLFSBeP-Mp0RQU_aem_uoDX2BfiZdYpmhRlOtEhPg,"Panka Natural Health | Naturopathic Doctors in Hopkins, MN",1,1,1
2026|01,/?fbclid=IwZXh0bgNhZW0CMTEAc3J0YwZhcHBfaWQMMjU2MjgxMDQwNTU4AAEeEWSq266lC2rOS9M3XUw7ZL4fpjs4SGqX0ZZIv-8WC_Jy1sJxkkR0UUVEix0_aem_WeTRinfqA5oxXUza6YTIyg,"Panka Natural Health | Naturopathic Doctors in Hopkins, MN",1,1,1
2026|01,/?fbclid=IwZXh0bgNhZW0CMTEAc3J0YwZhcHBfaWQMMjU2MjgxMDQwNTU4AAEeXFBjZpZmDqugQUEhBv9DVAubhKJZ6NaSkqHG-sA-naNzXx97D1M0sH0bujo_aem_UiVoLwTdCpzZnAko7ggAcg,"Panka Natural Health | Naturopathic Doctors in Hopkins, MN",1,1,1
2026|01,/?fbclid=PAZXh0bgNhZW0CMTEAc3J0YwZhcHBfaWQMMjU2MjgxMDQwNTU4AAGnnrVlcZANgj9NfsuMHgjXYDbwTNc-fbRPN3VBz3H6zv7LJ_iyO7qVErvFdkk_aem_tc3vK5FfD7-D-EIX7a5Ygg,"Panka Natural Health | Naturopathic Doctors in Hopkins, MN",1,1,1
2026|01,/about,About — Panka Natural Health,1,1,1
2026|01,/about-us,About — Panka Natural Health,20,21,19
2026|01,/blog,"Holistic Health Blog | Naturopathic Wellness Tips | Hopkins, MN Doctors — Panka Natural Health",7,7,7
2026|01,/blog/,"Holistic Health Blog | Naturopathic Wellness Tips | Hopkins, MN Doctors — Panka Natural Health",2,2,2
2026|01,/blog/2022/10/26/naturopathic-first-aid-kit?fbclid=IwZXh0bgNhZW0CMTEAc3J0YwZhcHBfaWQMMjU2MjgxMDQwNTU4AAEe349gUsvMZf2Dxqi44UdZTRj6_sEKRXDHtPg-mGDO6-bLdRjRvbzMy4qKUEw_aem_ILtriAdiQSwFTdEubzR5KQ,Panka Natural Health,1,1,1
2026|01,/blog/2022/10/26/naturopathic-first-aid-kit?fbclid=IwZXh0bgNhZW0CMTEAc3J0YwZhcHBfaWQMMjU2MjgxMDQwNTU4AAEevJ9elbZ-spu4ZFdaQ9qVN9ZkcUfK5H1MplrCu7gwmCFWmy_NHNNkXjVi5lM_aem_oUYOwl7bnwJc4r7ivAVE6w,Panka Natural Health,1,1,1
2026|01,/blog/2022/3/7/health-alerts-eden-prairie-spring-water?fbclid=IwY2xjawPQwuBleHRuA2FlbQIxMQBzcnRjBmFwcF9pZA80MDk5NjI2MjMwODU2MDkAAR6-_8KfdqpKr_uDQLem4jNCiwMiyGUcedtYoJWVDpudBr2QJ3AtDkxUKFM1bw_aem_PYVQ85aeOKwPUYUfwrYsUg,Panka Natural Health,1,1,1
2026|01,/blog/2022/3/7/health-alerts-eden-prairie-spring-water?fbclid=IwZXh0bgNhZW0CMTEAc3J0YwZhcHBfaWQMMjU2MjgxMDQwNTU4AAEeV5ojV56iphYGvs4y968FCmt8fyzhv45dDHqW1zvVw66y2lNBWRHv_PGNpEc_aem_CTgTOtDofrHYelFbSHrfCg,Panka Natural Health,1,1,1
2026|01,/blog/7-day-spring-cleaning-dust-allergy-action-plan,7-Day Spring Cleaning Dust Allergy Action Plan — Panka Natural Health,1,1,1
2026|01,/blog/aerobic-exercise-vs-hiit-which-is-right-for-you,Cardio vs. HIIT: Which Is Right for You? — Panka Natural Health,2,3,3
2026|01,/blog/breaking-the-fast-your-guide-to-a-stellar-morning-meal,Breaking the Fast: Your Guide to a Stellar Morning Meal — Panka Natural Health,1,1,1
2026|01,/blog/eden-prairie-springs,Eden Prairie Springs: Natural Resources for Community Wellness — Panka Natural Health,21,20,17
2026|01,/blog/eden-prairie-springs?fbclid=IwZXh0bgNhZW0CMTEAc3J0YwZhcHBfaWQMMjU2MjgxMDQwNTU4AAEe29qoLfdw3SztgzWtW9PEJddzNpZIAiKo6_fqZx9FELIDvTzYstWU1L69g9w_aem_y998e-yXbfxV3X9cE9Ov8g,Eden Prairie Springs: Natural Resources for Community Wellness — Panka Natural Health,1,1,1
2026|01,/blog/eden-prairie-springs?fbclid=IwZXh0bgNhZW0CMTEAc3J0YwZhcHBfaWQMMjU2MjgxMDQwNTU4AAEeNj4soHjIbwA3IT4g8y7SLENuE0K02e6ltVIwFueO8Dz-yk7zHtTCYYdwnlg_aem_Le2ZoxlegZOnmw7cTUw2Hg,Eden Prairie Springs: Natural Resources for Community Wellness — Panka Natural Health,1,1,1
2026|01,/blog/eden-prairie-springs?fbclid=IwZXh0bgNhZW0CMTEAc3J0YwZhcHBfaWQMMjU2MjgxMDQwNTU4AAEevlKoOxWhT3ydbbBxaiAG4ux1u1KXU-w49Bgt5idKiuwYEpX1MpTFXKGjOQU_aem_hj2di5DF0iZw4l7y97NgRg,Eden Prairie Springs: Natural Resources for Community Wellness — Panka Natural Health,1,1,1
2026|01,/blog/eden-prairie-springs?fbclid=IwZXh0bgNhZW0CMTEAc3J0YwZhcHBfaWQMMjU2MjgxMDQwNTU4AAEeyVNzbILjkloDXiyezwuSOYYd_TrA511aZvXNyVTVNlp-NVAvF6xivwnE9nY_aem_143asJCtnkQbF_0oaCtiOg,Eden Prairie Springs: Natural Resources for Community Wellness — Panka Natural Health,1,1,1
2026|01,/blog/fiberfocus,Fiber Focus: The Top Foods and Supplements to Keep You Regular — Panka Natural Health,2,2,2
2026|01,/blog/health-alerts-for-eden-prairie-spring-water,Health Alerts for Eden Prairie Spring Water — Panka Natural Health,19,16,14
2026|01,/blog/lab-testing-looking-outside-the-reference-range,Lab Testing: Looking Outside the Reference Range — Panka Natural Health,3,3,3
2026|01,/blog/naturopathic-first-aid-kit,Naturopathic First Aid Kit — Panka Natural Health,2,2,2
2026|01,/blog/naturopathic-medicine-provides-a-holistic-approach,Naturopathic Medicine Provides a Holistic Approach to Health — Panka Natural Health,4,4,4
2026|01,/blog/nutrient-spotlight-foods-rich-in-calcium,Nutrient Spotlight: Foods Rich in Calcium — Panka Natural Health,3,4,4
2026|01,/blog/nutrient-spotlight-foods-rich-in-magnesium,Nutrient Spotlight: Foods Rich in Magnesium — Panka Natural Health,1,1,1
2026|01,/blog/personalized-fitness-tailoring-your-workouts-with-target-heart-rate,Personalized Fitness: Tailoring Your Workouts with Target Heart Rate — Panka Natural Health,2,2,2
2026|01,/blog/pfas-risk-in-mn-freshwater-fish,The Hidden Risks of Eating Locally Caught Fish: Understanding PFAS Contamination — Panka Natural Health,3,3,3
2026|01,/blog/sunburn-protection-with-lycopene-rich-foods,Sunburn Protection with Lycopene-Rich Foods — Panka Natural Health,2,2,2
2026|01,/blog/the-amazing-health-benefits-of-regular-sauna-use,The Health Benefits of Regular Sauna Use — Panka Natural Health,1,1,1
2026|01,/blog/the-synergy-of-functional-and-naturopathic-medicine-a-holistic-approach-to-health-in-minnesota,The Similarities of Functional & Naturopathic Medicine — Panka Natural Health,1,1,1
2026|01,/blog/what-to-expect-from-a-naturopathic-doctor,What to Expect from a Naturopathic Doctor — Panka Natural Health,4,4,4
2026|01,/blog?author=58ae1665725e25cc182c1ee2,"Holistic Health Blog | Naturopathic Wellness Tips | Hopkins, MN Doctors — Panka Natural Health",2,2,2
2026|01,/blog?author=622c0879af148530b8a4bc6c,"Holistic Health Blog | Naturopathic Wellness Tips | Hopkins, MN Doctors — Panka Natural Health",2,2,2
2026|01,/cardiovascular-wellness-program,"Cardiovascular Wellness Program Hopkins, MN | Holistic Heart Health | Naturopathic Doctor — Panka Natural Health",20,18,16
2026|01,/cart,Panka Natural Health,2,2,2
2026|01,/catalog/0081d9d2,Schedule Appointment with Panka Natural Health,1,1,1
2026|01,/catalog/0081d9d2?categories=Follow-up%20Packages,Schedule Appointment with Panka Natural Health,1,1,1
2026|01,/checkout?cartToken=ek-BxQWlwoC4msSOK_kyEXv-8DAjAo3LcmoBRNbD,Panka Natural Health | Secure Checkout,1,1,1
2026|01,/clinical-laboratory-tests,"Comprehensive Lab Testing Hopkins, MN | Naturopathic Doctor | Functional Medicine Labs — Panka Natural Health",38,33,27
2026|01,/commerce/orders/da0f845c-5de3-4448-a33f-86ff5ffc7a36,Panka Natural Health: Order Status,1,1,1
2026|01,/commerce/orders/da0f845c-5de3-4448-a33f-86ff5ffc7a36?referer=checkout,Panka Natural Health: Order Status,1,1,1
2026|01,/contact,"Contact Us | Naturopathic Doctors Hopkins, MN — Panka Natural Health",35,31,27
2026|01,/dietary-supplements,"Clinical-Grade Supplements Hopkins, MN | Naturopathic Doctor | High-Quality Natural Products — Panka Natural Health",6,6,6
2026|01,/events,Events — Panka Natural Health,3,3,3
2026|01,/events/beyond-antihistamines-a-natural-approach-to-allergy-relief,Beyond Antihistamines: A Natural Approach to Allergy Relief — Panka Natural Health,2,2,2
2026|01,/events/essential-tips-for-supporting-your-childs-immune-function-this-cold-and-flu-season,Essential Tips for Supporting Your Child's Immune Function This Cold and Flu Season with Live Q&A — Panka Natural Health,1,1,1
2026|01,/events/halloween-in-hopkins,Halloween in Hopkins — Panka Natural Health,2,2,2
2026|01,/events/halloween-in-hopkins-1,Halloween in Hopkins — Panka Natural Health,1,1,1
2026|01,/events/introducing-dr-jacob-pankas-cardiovascular-wellness-program,Holistic Cardiovascular Wellness Program with Dr. Jacob Panka — Panka Natural Health,2,2,2
2026|01,/events/menstrual-cycles-tracking-for-health-and-fertility-awareness,Tracking Menstrual Cycles for Health and Fertility Awareness — Panka Natural Health,2,2,2
2026|01,/events/natural-remedies-for-cold-and-flu-season,Free Online Webinar: Natural Remedies for Cold and Flu Season — Panka Natural Health,2,2,2
2026|01,/events/small-business-saturday-wellness-giveaway,Small Business Saturday Wellness Giveaway — Panka Natural Health,3,3,3
2026|01,/events/the-black-friday-cyber-monday-sale,The Black Friday Cyber Monday Sale — Panka Natural Health,2,2,2
2026|01,/events/what-is-naturopathic-medicine-live-qa-with-dr-jacob-panka,What is Naturopathic Medicine? - Live Q&A with Dr. Jacob Panka — Panka Natural Health,1,1,1
2026|01,/faq,"FAQ | Naturopathic Doctor Questions Hopkins, MN — Panka Natural Health",11,9,9
2026|01,/followup-packages,"Follow-up Care Packages | Naturopathic Doctor Hopkins, MN | Ongoing Wellness Support — Panka Natural Health",15,16,15
2026|01,/holistic-diabetes-care,"Holistic Diabetes Care Hopkins, MN | Naturopathic Doctor | Natural Type 2 Diabetes Treatment — Panka Natural Health",6,7,6
2026|01,/iron-blood-testing,Panka Natural Health,1,1,1
2026|01,/meal-plans-and-recipe-books,"Naturopathic Meal Plans & Recipe Books | Doctor-Designed Nutrition | Hopkins, MN — Panka Natural Health",7,6,6
2026|01,/media,Panka Natural Health,1,1,1
2026|01,/meet-dr-haley,"Dr. Haley Panka, ND | Naturopathic Doctor Hopkins, MN | Women's Health — Panka Natural Health",34,32,26
2026|01,/meet-dr-jacob,"Dr. Jacob Panka, ND, MS | Naturopathic Doctor Hopkins, MN | Brain Health — Panka Natural Health",20,19,17
2026|01,/mens-health,"Men's Health Naturopathic Doctor Hopkins, MN | Holistic Healthcare for Men — Panka Natural Health",11,12,11
2026|01,/nail-fungus-relief,"Natural Nail Health Support | Doctor-Formulated Essential Oil Blend | Hopkins, MN — Panka Natural Health",6,6,6
2026|01,/naturopathic-medicine,"Naturopathic Medicine Hopkins, MN | Holistic Doctors — Panka Natural Health",20,17,16
2026|01,/patient-portal,Access Your Patient Portal at Panka Natural Health - Stay Connected with Your Health — Panka Natural Health,32,33,12
2026|01,/patients,"Prepare for Your Visit | Naturopathic Doctor Hopkins, MN | New Patient Information — Panka Natural Health",1,1,1
2026|01,/pediatrics,"Pediatric Naturopathic Doctor Hopkins, MN | Holistic Children's Health Care — Panka Natural Health",13,12,12
2026|01,/pnh-fullscript,"Naturopathic Family Medicine | Holistic Care in Hopkins, MN — Panka Natural Health",6,7,6
2026|01,/pnh-online-medicinary,Panka Natural Health,2,2,2
2026|01,/pnh-wellness-shop,PNH Wellness Shop — Panka Natural Health,4,3,3
2026|01,/pnh-wellness-shop/meal-plan,Meal Plan — PNH Wellness Shop — Panka Natural Health,1,1,1
2026|01,/pnh-wellness-shop/nail-fungus-relief,Nail Fungus Relief — PNH Wellness Shop — Panka Natural Health,1,1,1
2026|01,/pnh-wellness-shop/p/21-day-healthy-plate-meal-plan-for-the-family,21-Day Healthy Plate Meal Plan for the Family — Panka Natural Health,1,1,1
2026|01,/pnh-wellness-shop/p/21-day-healthy-plate-meal-plan-for-two,21-Day Healthy Plate Meal Plan for Two — Panka Natural Health,2,2,2
2026|01,/pnh-wellness-shop/p/21-day-healthy-plate-meal-plan-one-person,21-Day Healthy Plate Meal Plan — Panka Natural Health,2,2,2
2026|01,/pnh-wellness-shop/p/21-day-ketogenic-meal-plan-for-one-person,21-Day Ketogenic Meal Plan — Panka Natural Health,1,1,1
2026|01,/pnh-wellness-shop/p/21-day-ketogenic-meal-plan-for-two,21-Day Ketogenic Meal Plan for Two — Panka Natural Health,2,2,2
2026|01,/pnh-wellness-shop/p/21-day-plant-based-meal-plan-one-person,21-Day Plant-Based Meal Plan — Panka Natural Health,1,1,1
2026|01,/pnh-wellness-shop/p/anti-inflammatory-recipe-book,Anti-Inflammatory Recipe Book — Panka Natural Health,2,2,2
2026|01,/pnh-wellness-shop/p/dairy-free-gluten-free-recipe-book,Dairy-Free & Gluten-Free Recipe Book — Panka Natural Health,1,1,1
2026|01,/pnh-wellness-shop/p/dairy-free-recipe-book,Dairy-Free Recipe Book — Panka Natural Health,2,2,2
2026|01,/pnh-wellness-shop/p/ketogenic-recipe-book,Ketogenic Recipe Book — Panka Natural Health,2,2,2
2026|01,/pnh-wellness-shop/p/low-fodmap-recipe-book,Low-FODMAP Recipe Book — Panka Natural Health,3,3,3
2026|01,/pnh-wellness-shop/p/nail-fungus-relief,Nail Fungus Relief — Panka Natural Health,4,4,4
2026|01,/pnh-wellness-shop/p/plant-based-meal-plan-for-two,21-Day Plant-Based Meal Plan for Two — Panka Natural Health,3,3,3
2026|01,/pnh-wellness-shop/p/plant-based-recipe-book,Plant-Based Recipe Book — Panka Natural Health,3,3,3
2026|01,/pnh-wellness-shop/p/smoothie-recipe-book,Smoothie Recipe Book — Panka Natural Health,3,3,3
2026|01,/prepare-for-your-visit,"Prepare for Your Visit | Naturopathic Doctor Hopkins, MN | New Patient Information — Panka Natural Health",23,14,12
2026|01,/privacy-policy,Privacy Policy — Panka Natural Health,2,2,2
2026|01,/product-guide,Product Guide — Panka Natural Health,10,9,8
2026|01,/schedule,Panka Natural Health,1,1,1
2026|01,/schedule-an-appointment,"Schedule Appointment | Naturopathic Doctor Hopkins, MN — Panka Natural Health",154,150,97
2026|01,/schedule/0081d9d2,Schedule Appointment with Panka Natural Health,4,2,2
2026|01,/schedule/0081d9d2/?sh_update=2&ref=email,Schedule Appointment with Panka Natural Health,1,1,1
2026|01,/schedule/0081d9d2/category/First%20Appointment,Schedule Appointment with Panka Natural Health,1,1,1
2026|01,/schedule/0081d9d2/category/First%20Appointment/appointment/41837463,Schedule Appointment with Panka Natural Health,1,1,1
2026|01,/schedule/0081d9d2/category/First%20Appointment/appointment/41837463/calendar/7700282,Schedule Appointment with Panka Natural Health,1,1,1
2026|01,/schedule/0081d9d2/category/First%20Appointment/appointment/41837463/calendar/7700282/datetime/2026-02-02T15:30:00-06:00,Schedule Appointment with Panka Natural Health,1,1,1
2026|01,/schedule/0081d9d2/category/Follow-up%20Appointment,Schedule Appointment with Panka Natural Health,1,1,1
2026|01,/schedule/0081d9d2/category/Follow-up%20Appointment/appointment/41838350/calendar/7700282/datetime/2026-01-14T09:05:00-06:00/payment?ref=sched_block,Schedule Appointment with Panka Natural Health,1,1,1
2026|01,/schedule/0081d9d2/category/Follow-up%20Appointment/appointment/41838350/calendar/7700282/datetime/2026-01-14T09:05:00-06:00?ref=sched_block,Schedule Appointment with Panka Natural Health,1,1,1
2026|01,/schedule/0081d9d2/category/Follow-up%20Appointment/appointment/41838350/calendar/7700282?ref=sched_block,Schedule Appointment with Panka Natural Health,1,1,1
2026|01,/schedule/0081d9d2/category/Follow-up%20Appointment/appointment/41838350?ref=sched_block,Schedule Appointment with Panka Natural Health,1,1,1
2026|01,/schedule/0081d9d2/category/Follow-up%20Appointment?ref=sched_block,Schedule Appointment with Panka Natural Health,1,1,1
2026|01,/schedule/0081d9d2/confirmation/0a289ca8b806f3afe7325db327c12eb0?ref=email,Schedule Appointment with Panka Natural Health,0,1,1
2026|01,/schedule/0081d9d2/confirmation/236975c34cfccefd68fb5f944cefcb56?ref=sched_block,Schedule Appointment with Panka Natural Health,1,2,1
2026|01,/schedule/0081d9d2/confirmation/336c1d9bd8de6e35d16edf8c68fbe674?ref=email,Schedule Appointment with Panka Natural Health,1,1,1
2026|01,/schedule/0081d9d2/confirmation/8e3a9c385aee86a09197ed80691caeae?ref=email,Schedule Appointment with Panka Natural Health,0,2,1
2026|01,/schedule/0081d9d2/confirmation/a2e30b716460da332f77797b738e3467?ref=email,Schedule Appointment with Panka Natural Health,0,2,1
2026|01,/schedule/0081d9d2/confirmation/b49738dff505c30323ff87e224c9b8d5?ref=calendar,Schedule Appointment with Panka Natural Health,1,1,1
2026|01,/schedule/0081d9d2?action=resetpw&uniqueKey=0d288b10428f9ea3465c87bcac222288,Schedule Appointment with Panka Natural Health,1,2,1
2026|01,/schedule/0081d9d2?ref=sched_block,Schedule Appointment with Panka Natural Health,3,3,3
2026|01,/services-1,Panka Natural Health,1,1,1
2026|01,/video-library,Video Library — Panka Natural Health,6,6,6
2026|01,/wellness-community,Wellness Community — Panka Natural Health,7,7,7
2026|01,/wellness-shop,Wellness Shop — Panka Natural Health,2,2,2
2026|01,/wellness-shop/meal-plan,Panka Natural Health,1,1,1
2026|01,/wellness-shop/nail-fungus-relief,Panka Natural Health,1,1,1
2026|01,/wellness-shop/p/21-day-healthy-plate-meal-plan-for-the-family,Panka Natural Health,1,1,1
2026|01,/wellness-shop/p/21-day-healthy-plate-meal-plan-for-two,Panka Natural Health,1,1,1
2026|01,/wellness-shop/p/21-day-healthy-plate-meal-plan-one-person,Panka Natural Health,1,1,1
2026|01,/wellness-shop/p/anti-inflammatory-recipe-book,Panka Natural Health,1,1,1
2026|01,/wellness-shop/p/dairy-free-gluten-free-recipe-book,Panka Natural Health,1,1,1
2026|01,/wellness-shop/p/ketogenic-recipe-book,Panka Natural Health,1,1,1
2026|01,/wellness-shop/p/low-fodmap-recipe-book,Panka Natural Health,1,1,1
2026|01,/wellness-shop/p/nail-fungus-relief,Panka Natural Health,1,1,1
2026|01,/wellness-shop/p/plant-based-meal-plan-for-two,Panka Natural Health,1,1,1
2026|01,/wellness-shop/p/plant-based-recipe-book,Panka Natural Health,1,1,1
2026|01,/wellness-shop/p/smoothie-recipe-book,Panka Natural Health,1,1,1
2026|01,/wellness-shop/recipe-book,Panka Natural Health,1,1,1
2026|01,/whypnh,"Why Choose Panka Natural Health | Naturopathic Doctors Hopkins, MN — Panka Natural Health",4,4,4
2026|01,/womens-health-services,"Women's Health Naturopathic Doctor Hopkins, MN | Holistic Hormone Care — Panka Natural Health",26,26,24
2026|02,/,"Panka Natural Health | Naturopathic Doctors in Hopkins, MN",225,210,152
2026|02,/?fbclid=IwY2xjawPthJNleHRuA2FlbQIxMABicmlkETFISzFwU3hsYkdvaG53TUFNc3J0YwZhcHBfaWQQMjIyMDM5MTc4ODIwMDg5MgABHhnBGDHZDt3ngWueLkyRjK1xgPWxP6t8tQ377bLKb5BRR20pkWNlclc-SJ3k_aem_1g6y-KqcDIcRexyRUWOlrQ,"Panka Natural Health | Naturopathic Doctors in Hopkins, MN",1,1,1
2026|02,/?fbclid=IwZXh0bgNhZW0CMTEAc3J0YwZhcHBfaWQMMjU2MjgxMDQwNTU4AAEe4g-sUffwiSM7xoV-pAoSpt83P0P0BQJU6p5OyxI8F4MaigkDrAqYoM6-gf4_aem_sY6wV3a8vFnwPzz3b82RHw,"Panka Natural Health | Naturopathic Doctors in Hopkins, MN",1,1,1
2026|02,/?fbclid=IwZXh0bgNhZW0CMTEAc3J0YwZhcHBfaWQMMjU2MjgxMDQwNTU4AAEeBuNclgKFfwJBzKgA-4AVKA3jAke7nZWJnXzRK9P_y3_xT_X38FBxtBPicKY_aem_8GthEuRyQb8itmbKB_9epw,"Panka Natural Health | Naturopathic Doctors in Hopkins, MN",1,1,1
2026|02,/?fbclid=IwZXh0bgNhZW0CMTEAc3J0YwZhcHBfaWQMMjU2MjgxMDQwNTU4AAEeLX9hpmnWTcSVlmsdN1SWBG2cxb2MNjqb4SFXGZQEhki1nsO6EfgRfi41nwI_aem_gwG4uh3zgXSBNsSXsSH68A,"Panka Natural Health | Naturopathic Doctors in Hopkins, MN",1,1,1
2026|02,/?fbclid=IwZXh0bgNhZW0CMTEAc3J0YwZhcHBfaWQMMjU2MjgxMDQwNTU4AAEeQSvmmLzv3PInylhUX4lKdCHtOeytXd6CqUw95BNQ1VSmgEKGFLMAJSHqjeI_aem_R513me8CfcHx-6RoIbrIAA,"Panka Natural Health | Naturopathic Doctors in Hopkins, MN",1,1,1
2026|02,/?fbclid=IwZXh0bgNhZW0CMTEAc3J0YwZhcHBfaWQMMjU2MjgxMDQwNTU4AAEe_w0yE_WmmnuyAX-68CDDP4wFWRqXd-D6uLp_Ep0_v9Wx57PwYnJt1rlApU4_aem_asSvL18SCI7NJSCa14w66Q,"Panka Natural Health | Naturopathic Doctors in Hopkins, MN",1,1,1
2026|02,/?fbclid=IwZXh0bgNhZW0CMTEAc3J0YwZhcHBfaWQMMjU2MjgxMDQwNTU4AAEeimlINzFq77xGRu5Z6zoLsrh7T90xCMm2k09a3kJzc4tHYMDkoAf0eLxtNXg_aem_-irJ7NSi9BuBPAmJlenoGA,"Panka Natural Health | Naturopathic Doctors in Hopkins, MN",1,1,1
2026|02,/?fbclid=IwZXh0bgNhZW0CMTEAc3J0YwZhcHBfaWQMMjU2MjgxMDQwNTU4AAEelljU_D7Ho2VyF01X9sNgr112nYfh5ZFwhVMKGREg8H0kL9fM584T7ZwrfN0_aem_C7uXnrQ36rdX_wihEVjD6w,"Panka Natural Health | Naturopathic Doctors in Hopkins, MN",1,1,1
2026|02,/?fbclid=IwZXh0bgNhZW0CMTEAc3J0YwZhcHBfaWQMMjU2MjgxMDQwNTU4AAEesbeRQ60OuZwep39OG3xQoOSpPdnHJGn44bCczWngC5SkpM2vwwT8YV0TrXU_aem_V6IK84mGN47QpcDEOhKX6Q,"Panka Natural Health | Naturopathic Doctors in Hopkins, MN",1,1,1
2026|02,/?fbclid=PAZXh0bgNhZW0CMTEAc3J0YwZhcHBfaWQPMTI0MDI0NTc0Mjg3NDE0AAGnCeedNpIiHsVGQvL6_Zch5x2AHeK5dZe0LecxsUpd58Dx0YO3NwU1gf0bFns_aem_qwIAV3TSvyHTTbWdX3FnLg,"Panka Natural Health | Naturopathic Doctors in Hopkins, MN",1,1,1
2026|02,/about-us,About — Panka Natural Health,28,24,23
2026|02,/blog,"Holistic Health Blog | Naturopathic Wellness Tips | Hopkins, MN Doctors — Panka Natural Health",14,13,10
2026|02,/blog/2021/3/22/dementia?fbclid=IwZXh0bgNhZW0CMTEAc3J0YwZhcHBfaWQMMjU2MjgxMDQwNTU4AAEeUcFwWBAsNVG5a-NjjBKukyVBm28batfMMSnFBCbiUQ-YHuKu2hoDQwb1-mc_aem_KlYXt9qcP-9AVpltjQp74w,Panka Natural Health,1,1,1
2026|02,/blog/2022/10/26/naturopathic-first-aid-kit?fbclid=IwZXh0bgNhZW0CMTEAc3J0YwZhcHBfaWQMMjU2MjgxMDQwNTU4AAEe-0B8jNhmpuerchXjteIkOmyrKOxK3wKVgnNBD9H1OHj7s_QjmR0RDo8_Y6M_aem_p-UIgWsIQg_PLiEfKcAmGQ,Panka Natural Health,1,1,1
2026|02,/blog/2022/10/26/naturopathic-first-aid-kit?fbclid=IwZXh0bgNhZW0CMTEAc3J0YwZhcHBfaWQMMjU2MjgxMDQwNTU4AAEe1L1aaoHYv-fhxZkRKvu3IzmJWyF4rycC65BRc1nkK86O05dwXvL5hfbgPfY_aem_H1mnFYtjrqLGD54ue5AWgQ,Panka Natural Health,1,1,1
2026|02,/blog/2022/10/26/naturopathic-first-aid-kit?fbclid=IwZXh0bgNhZW0CMTEAc3J0YwZhcHBfaWQMMjU2MjgxMDQwNTU4AAEe2hLc3ERqLpIke-nfixfuS-Fi3w7LteFPO1pHPCKpWC-Z2RuG-dQOfy_17Bk_aem_bvwKjrWvVZZj1dncBVx-Qw,Panka Natural Health,1,1,1
2026|02,/blog/2022/10/26/naturopathic-first-aid-kit?fbclid=IwZXh0bgNhZW0CMTEAc3J0YwZhcHBfaWQMMjU2MjgxMDQwNTU4AAEe3fFoB6wqAe066S6rpUY__cDiCmGppJmP8Cjhs5yd4DsG3Qt-08UhvqVsSWY_aem_mxsHJFxL6hF_SK_g7Tk6Dg,Panka Natural Health,1,1,1
2026|02,/blog/2022/10/26/naturopathic-first-aid-kit?fbclid=IwZXh0bgNhZW0CMTEAc3J0YwZhcHBfaWQMMjU2MjgxMDQwNTU4AAEe6RNozw29o5CJ9usKNFM33l2xLIaNJSx6-0WMAyEW465EYAJ5D35RDjQdzJA_aem_HnWO6rnGg1DNyogp1ooCDg,Panka Natural Health,1,1,1
2026|02,/blog/2022/10/26/naturopathic-first-aid-kit?fbclid=IwZXh0bgNhZW0CMTEAc3J0YwZhcHBfaWQMMjU2MjgxMDQwNTU4AAEeAc_rz7Ty-ijaU7faQXU9dCeH3e6311UWhxunWv-iIY9z7wiwg93WNCPXx_U_aem_Ccl5nlldylQ-j2B_8K4iOw,Panka Natural Health,1,1,1
2026|02,/blog/2022/10/26/naturopathic-first-aid-kit?fbclid=IwZXh0bgNhZW0CMTEAc3J0YwZhcHBfaWQMMjU2MjgxMDQwNTU4AAEeY-7S2n5GO61bymOZvbabalSssmy7peOMs55avm_wHLEz5LHvH59a1tfJxl8_aem_SGBL42W6o--_2kbouRzojQ,Panka Natural Health,1,1,1
2026|02,/blog/2022/10/26/naturopathic-first-aid-kit?fbclid=IwZXh0bgNhZW0CMTEAc3J0YwZhcHBfaWQMMjU2MjgxMDQwNTU4AAEebTM9U69CsJ02QPanKJP03fUlkKPdl-2rMc-FY1oK8UkX2f6EgTN0T4BxwSU_aem_vQWN1KYKSTeXe73oP2aKpg,Panka Natural Health,1,1,1
2026|02,/blog/2022/10/26/naturopathic-first-aid-kit?fbclid=IwZXh0bgNhZW0CMTEAc3J0YwZhcHBfaWQMMjU2MjgxMDQwNTU4AAEee8JlIwfH2M-wcd2Lgb3Lr9j3Q6BV4ggJLe_ZOLwcSGaSQVFCioIrKvbQvPs_aem_rDj3-i2H5hxmaV6WS8vHbA,Panka Natural Health,1,1,1
2026|02,/blog/2022/10/26/naturopathic-first-aid-kit?fbclid=IwZXh0bgNhZW0CMTEAc3J0YwZhcHBfaWQMMjU2MjgxMDQwNTU4AAEerF39giw2aTWN2WT5icEvCYPqfBwXVN7s95NXUM60x45dgrXoTPS3wd24vyY_aem_HL747hnZjJeZ9zWlzwE6ww,Panka Natural Health,1,1,1
2026|02,/blog/2022/10/26/naturopathic-first-aid-kit?fbclid=IwZXh0bgNhZW0CMTEAc3J0YwZhcHBfaWQMMjU2MjgxMDQwNTU4AAEezUIq6Y36SMXlrjvAVksee2mR6mHTKCF71ANTh2Pa71_931qRT2tVYHdW2C4_aem_qK8fpfN88HuFJ0xTmYT3VQ,Panka Natural Health,1,1,1
2026|02,/blog/2022/3/7/health-alerts-eden-prairie-spring-water?fbclid=IwZXh0bgNhZW0CMTEAc3J0YwZhcHBfaWQMMjU2MjgxMDQwNTU4AAEe2wNDQSUUI85x_JJsQ9lM1Tir3zC0caEnjsZKn9lI7HCszx3qSk_4wNByB5k_aem_FFqCDGdWuSd0qxdyGpA-RQ,Panka Natural Health,1,1,1
2026|02,/blog/2022/3/7/health-alerts-eden-prairie-spring-water?fbclid=IwZXh0bgNhZW0CMTEAc3J0YwZhcHBfaWQMMjU2MjgxMDQwNTU4AAEedXV0DdAe238zByjnGKxbXp1CyRL_93TOa3obssvUwf8Rs548UILEnoS3HdE_aem_PQ2b4Zj4OEMkJe-c2akElQ,Panka Natural Health,1,1,1
2026|02,/blog/7-day-spring-cleaning-dust-allergy-action-plan,7-Day Spring Cleaning Dust Allergy Action Plan — Panka Natural Health,2,3,3
2026|02,/blog/aerobic-exercise-vs-hiit-which-is-right-for-you,Cardio vs. HIIT: Which Is Right for You? — Panka Natural Health,5,5,5
2026|02,/blog/breaking-the-fast-your-guide-to-a-stellar-morning-meal,Breaking the Fast: Your Guide to a Stellar Morning Meal — Panka Natural Health,3,3,3
2026|02,/blog/eden-prairie-springs,Eden Prairie Springs: Natural Resources for Community Wellness — Panka Natural Health,25,24,20
2026|02,/blog/health-alerts-for-eden-prairie-spring-water,Health Alerts for Eden Prairie Spring Water — Panka Natural Health,8,7,6
2026|02,/blog/lab-testing-looking-outside-the-reference-range,Lab Testing: Looking Outside the Reference Range — Panka Natural Health,1,1,1
2026|02,/blog/naturopathic-first-aid-kit,Naturopathic First Aid Kit — Panka Natural Health,3,3,3
2026|02,/blog/naturopathic-medicine-provides-a-holistic-approach,Naturopathic Medicine Provides a Holistic Approach to Health — Panka Natural Health,1,1,1
2026|02,/blog/nutrient-spotlight-foods-rich-in-calcium,Nutrient Spotlight: Foods Rich in Calcium — Panka Natural Health,2,3,2
2026|02,/blog/nutrient-spotlight-foods-rich-in-magnesium,Nutrient Spotlight: Foods Rich in Magnesium — Panka Natural Health,2,2,2
2026|02,/blog/personalized-fitness-tailoring-your-workouts-with-target-heart-rate,Personalized Fitness: Tailoring Your Workouts with Target Heart Rate — Panka Natural Health,2,3,2
2026|02,/blog/sunburn-protection-with-lycopene-rich-foods,Sunburn Protection with Lycopene-Rich Foods — Panka Natural Health,3,3,3
2026|02,/blog/the-amazing-health-benefits-of-regular-sauna-use,The Health Benefits of Regular Sauna Use — Panka Natural Health,1,1,1
2026|02,/blog/the-synergy-of-functional-and-naturopathic-medicine-a-holistic-approach-to-health-in-minnesota,The Similarities of Functional & Naturopathic Medicine — Panka Natural Health,4,4,4
2026|02,/blog?author=58ae1665725e25cc182c1ee2,"Holistic Health Blog | Naturopathic Wellness Tips | Hopkins, MN Doctors — Panka Natural Health",1,1,1
2026|02,/blog?author=622c0879af148530b8a4bc6c,"Holistic Health Blog | Naturopathic Wellness Tips | Hopkins, MN Doctors — Panka Natural Health",1,1,1
2026|02,/cardiovascular-wellness-program,"Cardiovascular Wellness Program Hopkins, MN | Holistic Heart Health | Naturopathic Doctor — Panka Natural Health",22,23,19
2026|02,/cart,Panka Natural Health,3,3,3
2026|02,/clinical-laboratory-tests,"Comprehensive Lab Testing Hopkins, MN | Naturopathic Doctor | Functional Medicine Labs — Panka Natural Health",33,26,25
2026|02,/contact,"Contact Us | Naturopathic Doctors Hopkins, MN — Panka Natural Health",33,35,32
2026|02,/dietary-supplements,"Clinical-Grade Supplements Hopkins, MN | Naturopathic Doctor | High-Quality Natural Products — Panka Natural Health",8,7,5
2026|02,/events,Events — Panka Natural Health,13,13,13
2026|02,/events/small-business-saturday-wellness-giveaway,Small Business Saturday Wellness Giveaway — Panka Natural Health,1,1,1
2026|02,/events/the-black-friday-cyber-monday-sale,The Black Friday Cyber Monday Sale — Panka Natural Health,1,1,1
2026|02,/faq,"FAQ | Naturopathic Doctor Questions Hopkins, MN — Panka Natural Health",11,11,11
2026|02,/followup-packages,"Follow-up Care Packages | Naturopathic Doctor Hopkins, MN | Ongoing Wellness Support — Panka Natural Health",11,11,10
2026|02,/holistic-diabetes-care,"Holistic Diabetes Care Hopkins, MN | Naturopathic Doctor | Natural Type 2 Diabetes Treatment — Panka Natural Health",17,16,15
2026|02,/meal-plans-and-recipe-books,"Naturopathic Meal Plans & Recipe Books | Doctor-Designed Nutrition | Hopkins, MN — Panka Natural Health",8,9,8
2026|02,/meet-dr-haley,"Dr. Haley Panka, ND | Naturopathic Doctor Hopkins, MN | Women's Health — Panka Natural Health",49,45,38
2026|02,/meet-dr-jacob,"Dr. Jacob Panka, ND, MS | Naturopathic Doctor Hopkins, MN | Brain Health — Panka Natural Health",26,25,23
2026|02,/mens-health,"Men's Health Naturopathic Doctor Hopkins, MN | Holistic Healthcare for Men — Panka Natural Health",16,15,15
2026|02,/nail-fungus-relief,"Natural Nail Health Support | Doctor-Formulated Essential Oil Blend | Hopkins, MN — Panka Natural Health",8,8,8
2026|02,/naturopathic-medicine,"Naturopathic Medicine Hopkins, MN | Holistic Doctors — Panka Natural Health",33,28,23
2026|02,/patient-portal,Access Your Patient Portal at Panka Natural Health - Stay Connected with Your Health — Panka Natural Health,15,17,9
2026|02,/pediatrics,"Pediatric Naturopathic Doctor Hopkins, MN | Holistic Children's Health Care — Panka Natural Health",28,23,22
2026|02,/pnh-fullscript,"Naturopathic Family Medicine | Holistic Care in Hopkins, MN — Panka Natural Health",8,7,6
2026|02,/pnh-wellness-shop,PNH Wellness Shop — Panka Natural Health,18,15,13
2026|02,/pnh-wellness-shop/p/21-day-healthy-plate-meal-plan-for-the-family,21-Day Healthy Plate Meal Plan for the Family — Panka Natural Health,2,2,2
2026|02,/pnh-wellness-shop/p/21-day-healthy-plate-meal-plan-one-person,21-Day Healthy Plate Meal Plan — Panka Natural Health,2,2,2
2026|02,/pnh-wellness-shop/p/21-day-plant-based-meal-plan-one-person,21-Day Plant-Based Meal Plan — Panka Natural Health,2,2,2
2026|02,/pnh-wellness-shop/p/anti-inflammatory-recipe-book,Anti-Inflammatory Recipe Book — Panka Natural Health,3,4,2
2026|02,/pnh-wellness-shop/p/dairy-free-gluten-free-recipe-book,Dairy-Free & Gluten-Free Recipe Book — Panka Natural Health,2,2,2
2026|02,/pnh-wellness-shop/p/gluten-free-recipe-book,Gluten-Free Recipe Book — Panka Natural Health,2,2,2
2026|02,/pnh-wellness-shop/p/nail-fungus-relief,Nail Fungus Relief — Panka Natural Health,1,1,1
2026|02,/pnh-wellness-shop/p/plant-based-recipe-book,Plant-Based Recipe Book — Panka Natural Health,1,1,1
2026|02,/prepare-for-your-visit,"Prepare for Your Visit | Naturopathic Doctor Hopkins, MN | New Patient Information — Panka Natural Health",10,12,9
2026|02,/product-guide,Product Guide — Panka Natural Health,8,8,7
2026|02,/resources,Product Guide — Panka Natural Health,1,1,1
2026|02,/schedule-an-appointment,"Schedule Appointment | Naturopathic Doctor Hopkins, MN — Panka Natural Health",101,95,73
2026|02,/schedule-an-appontment,Panka Natural Health,4,2,1
2026|02,/schedule/0081d9d2/category/First%20Appointment?ref=sched_block,Schedule Appointment with Panka Natural Health,1,1,1
2026|02,/schedule/0081d9d2/category/Follow-up%20Appointment/appointment/41839134/calendar/7700282/datetime/2026-02-27T14:00:00-06:00/payment?ref=sched_block,Schedule Appointment with Panka Natural Health,1,1,1
2026|02,/schedule/0081d9d2/category/Follow-up%20Appointment/appointment/41839134/calendar/7700282/datetime/2026-02-27T14:00:00-06:00?ref=sched_block,Schedule Appointment with Panka Natural Health,1,1,1
2026|02,/schedule/0081d9d2/category/Follow-up%20Appointment/appointment/41839134/calendar/7700282?ref=sched_block,Schedule Appointment with Panka Natural Health,3,3,1
2026|02,/schedule/0081d9d2/category/Follow-up%20Appointment/appointment/41839134?ref=sched_block,Schedule Appointment with Panka Natural Health,3,3,1
2026|02,/schedule/0081d9d2/category/Follow-up%20Appointment?ref=sched_block,Schedule Appointment with Panka Natural Health,4,4,2
2026|02,/schedule/0081d9d2/confirmation/45754f14efba6a14ff635eed55f9ac93?ref=calendar,Schedule Appointment with Panka Natural Health,1,1,1
2026|02,/schedule/0081d9d2/confirmation/7b3287921561a109d2464ba249419cc2?ref=sched_block,Schedule Appointment with Panka Natural Health,1,1,1
2026|02,/schedule/0081d9d2/confirmation/8a4ace0be4e48aa6e3157a01b9b18c20?ref=calendar,Schedule Appointment with Panka Natural Health,1,1,1
2026|02,/schedule/0081d9d2/confirmation/c9361eb2bedcec7fe391d7cefcefead7?ref=sched_block,Schedule Appointment with Panka Natural Health,1,1,1
2026|02,/schedule/0081d9d2?ref=email,Schedule Appointment with Panka Natural Health,1,1,1
2026|02,/schedule/0081d9d2?ref=sched_block,Schedule Appointment with Panka Natural Health,7,6,2
2026|02,/video-library,Video Library — Panka Natural Health,7,7,7
2026|02,/wellness-community,Wellness Community — Panka Natural Health,10,11,10
2026|02,/whypnh,"Why Choose Panka Natural Health | Naturopathic Doctors Hopkins, MN — Panka Natural Health",12,11,10
2026|02,/womens-health-services,"Women's Health Naturopathic Doctor Hopkins, MN | Holistic Hormone Care — Panka Natural Health",36,33,30
2026|03,(not set),(not set),,,6
2026|03,/,"Panka Natural Health | Naturopathic Doctors in Hopkins, MN",324,299,187
2026|03,/?__proto__[g4u9mfvb]=s2iovl0y&__proto__.jrra8kmq=s2iovl0y&constructor[prototype][c7m1rgy5]=s2iovl0y&constructor.prototype.iavjf1ej=s2iovl0y&__pro__proto__to__[1bt901gi]=s2iovl0y&__pro__proto__to__.opsiv4qj=s2iovl0y&constrconstructoructor[prototype][5y38iu1a]=s2iovl0y&constrconstructoructor.prototype.f5w4ha5j=s2iovl0y,"Panka Natural Health | Naturopathic Doctors in Hopkins, MN",1,1,1
2026|03,/?fbclid=IwZXh0bgNhZW0CMTEAc3J0YwZhcHBfaWQKNjYyODU2ODM3OQABHvf1sfMVfTVlIFFWRh9b-YXy5B6Fl9iPSGnKFI_bczoXN7h8ZpnBfv-dxxEx_aem_AHjPG9BSxyt7hvNaWiEgwQ,"Panka Natural Health | Naturopathic Doctors in Hopkins, MN",1,1,1
2026|03,/?fbclid=IwZXh0bgNhZW0CMTEAc3J0YwZhcHBfaWQMMjU2MjgxMDQwNTU4AAEe69JgnPSESX8-W8fuBxV5wTmF1jkV0G_EEyWRrsq69tGTaM8WjJSTgKpP9ZY_aem_rqJdiyupx647bHVX8Jzo-g,"Panka Natural Health | Naturopathic Doctors in Hopkins, MN",1,1,1
2026|03,/?fbclid=IwZXh0bgNhZW0CMTEAc3J0YwZhcHBfaWQMMjU2MjgxMDQwNTU4AAEe7QJpFXbE3vHLAmdWmt03lUNG9qnkaO7aPdWBBi1TuY-dgfOg9yZg9dUcAVw_aem_b_6pwfL1te_5A0zHMVhwww,"Panka Natural Health | Naturopathic Doctors in Hopkins, MN",1,1,1
2026|03,/?fbclid=IwZXh0bgNhZW0CMTEAc3J0YwZhcHBfaWQMMjU2MjgxMDQwNTU4AAEe8x8UXvwZ1wIJNsHGY5D-BkLpwt0OTnxgnEhnsf-9zNVSwOOqXnqv8JAEPoQ_aem_CLoFAFlZCiQx-EQK9CZTRA,"Panka Natural Health | Naturopathic Doctors in Hopkins, MN",1,1,1
2026|03,/?fbclid=IwZXh0bgNhZW0CMTEAc3J0YwZhcHBfaWQMMjU2MjgxMDQwNTU4AAEe9N6IjccD72FEdscoJt6rr6XIcghhPP6lL2ZpQh83rTjYElueITHtV0irQbM_aem_us_YVYIbEey46cSZfyeaXQ,"Panka Natural Health | Naturopathic Doctors in Hopkins, MN",1,1,1
2026|03,/?fbclid=IwZXh0bgNhZW0CMTEAc3J0YwZhcHBfaWQMMjU2MjgxMDQwNTU4AAEe9on4lpRWuYhSqByFzwTfFfCn0X6LF2pqiNLeN0VT4_fsjieMg0iTNtZjXNk_aem_bhMBLd_j4rYNjxAlfrtHRQ,"Panka Natural Health | Naturopathic Doctors in Hopkins, MN",1,1,1
2026|03,/?fbclid=IwZXh0bgNhZW0CMTEAc3J0YwZhcHBfaWQMMjU2MjgxMDQwNTU4AAEeIEqx6X-9JltmnIh3YBI8wN4Kgw09LxuowaEi2O8ILUOg9b341N9O77B5mrQ_aem_Wud0XN_fcPtai5ejQURaLQ,"Panka Natural Health | Naturopathic Doctors in Hopkins, MN",1,1,1
2026|03,/?fbclid=IwZXh0bgNhZW0CMTEAc3J0YwZhcHBfaWQMMjU2MjgxMDQwNTU4AAEeOG0STrkAiqJQY5BNnHu4gpbF1T8YxIoYdtH7cXCEJue4zFPz63lCDlWDSdw_aem_SECzIq7fGfVZyYE8C3ZRFw,"Panka Natural Health | Naturopathic Doctors in Hopkins, MN",1,1,1
2026|03,/?fbclid=IwZXh0bgNhZW0CMTEAc3J0YwZhcHBfaWQMMjU2MjgxMDQwNTU4AAEeQau4DTzoRLwxVcMGkfGmMRusHVAsYQ1NSvpniOQY5qp7m1Ea0oT3yXRF71o_aem_CubRepoIAyUSjzXUfKeRBQ,"Panka Natural Health | Naturopathic Doctors in Hopkins, MN",1,1,1
2026|03,/?fbclid=IwZXh0bgNhZW0CMTEAc3J0YwZhcHBfaWQMMjU2MjgxMDQwNTU4AAEe_u0M0tG840sgQksvRQ66Q5B1N0HmD3sugS7QnAtC4rdRNsIg56h4TIprDeg_aem_mZnv8f9w0Yf5oPdLie3D8A,"Panka Natural Health | Naturopathic Doctors in Hopkins, MN",1,1,1
2026|03,/?fbclid=IwZXh0bgNhZW0CMTEAc3J0YwZhcHBfaWQMMjU2MjgxMDQwNTU4AAEebLp8CBPGZPbKVk2ach1fboAKsTUe69L_78DDNHmX7PRd8cZKXz2oimNdJrA_aem_d-Yi34KA0mzqHbzH1gOobw,"Panka Natural Health | Naturopathic Doctors in Hopkins, MN",1,1,1
2026|03,/?fbclid=IwZXh0bgNhZW0CMTEAc3J0YwZhcHBfaWQMMjU2MjgxMDQwNTU4AAEeeh0Qy_ylw_dVbg9hm3kBiNL0yxviRn0M0iyRvEyxkJj8rnJjvA7DTFYeKIg_aem_QA_kQ_5DclhYvg18KFuzhw,"Panka Natural Health | Naturopathic Doctors in Hopkins, MN",1,1,1
2026|03,/?fbclid=IwZXh0bgNhZW0CMTEAc3J0YwZhcHBfaWQMMjU2MjgxMDQwNTU4AAEemNDhvA6zrSqLSOgDc4bpIKxLhr8dNN9Fi8p9SkNYlnLExkao-aVj_gqAEs8_aem_7iGp6uwacYfLs_UIZzND-w,"Panka Natural Health | Naturopathic Doctors in Hopkins, MN",1,1,1
2026|03,/?fbclid=IwZXh0bgNhZW0CMTEAc3J0YwZhcHBfaWQMMjU2MjgxMDQwNTU4AAEerDP5oZNY3Ps89itpUeK9xhJBJthOThSfSjG-u6NJAYM3_Vbq5xVeD8mjNQQ_aem_ooUo2gFYwfjvVY4FcjIvpQ,"Panka Natural Health | Naturopathic Doctors in Hopkins, MN",1,1,1
2026|03,/?fbclid=IwZXh0bgNhZW0CMTEAc3J0YwZhcHBfaWQMMjU2MjgxMDQwNTU4AAEespKqzMGyfQiwm-DvXdaMsX51YDR4yG2-D1nENq8Oh0XQbkr7pKcRKM0R43I_aem_gDNOZ1pHFlqJK6AD6PTF8Q,"Panka Natural Health | Naturopathic Doctors in Hopkins, MN",1,1,1
2026|03,/?fbclid=PAZXh0bgNhZW0CMTEAc3J0YwZhcHBfaWQPMTI0MDI0NTc0Mjg3NDE0AAGn70qOufaSYb3cCrmooHv7S2ECRSU5QtbSZqyCB_x19XgzHdgP1jrUu-hj0N4_aem_wn7qE5otcDQXwkxypZaVLw,"Panka Natural Health | Naturopathic Doctors in Hopkins, MN",1,1,1
2026|03,/?fbclid=PAZXh0bgNhZW0CMTEAc3J0YwZhcHBfaWQPMTI0MDI0NTc0Mjg3NDE0AAGnT3MzuPcsQ7KqOzYnGC5AohO0Roy_BL2r66btq7St6qgT5yF85Uj-YR1MHHo_aem_BbgPojUsC4BNTh7ctZGvYA,"Panka Natural Health | Naturopathic Doctors in Hopkins, MN",1,1,1
2026|03,/about-us,About — Panka Natural Health,25,25,23
2026|03,/blog,"Holistic Health Blog | Naturopathic Wellness Tips | Hopkins, MN Doctors — Panka Natural Health",5,5,3
2026|03,/blog/2022/10/26/naturopathic-first-aid-kit?fbclid=IwZXh0bgNhZW0CMTEAc3J0YwZhcHBfaWQMMjU2MjgxMDQwNTU4AAEe0eL7-EPX1nOUXDNj6cI87xQrnd0lGMcMewh_5uDo4G3QFdkfqqZBinaFmvs_aem_aPnHb79rEMS6KmbAusVq9Q,Panka Natural Health,1,1,1
2026|03,/blog/2022/10/26/naturopathic-first-aid-kit?fbclid=IwZXh0bgNhZW0CMTEAc3J0YwZhcHBfaWQMMjU2MjgxMDQwNTU4AAEepZvl0Oav4c0PSOTgWWAOvCf0AUeDYNMx9-qZjr68SAB5HZItglbcSO5QdFU_aem_Hl-kCkMmLCYqjY3rTGeiYA,Panka Natural Health,1,1,1
2026|03,/blog/7-day-spring-cleaning-dust-allergy-action-plan,7-Day Spring Cleaning Dust Allergy Action Plan — Panka Natural Health,4,5,4
2026|03,/blog/aerobic-exercise-vs-hiit-which-is-right-for-you,Cardio vs. HIIT: Which Is Right for You? — Panka Natural Health,3,3,3
2026|03,/blog/breaking-the-fast-your-guide-to-a-stellar-morning-meal,Breaking the Fast: Your Guide to a Stellar Morning Meal — Panka Natural Health,2,2,2
2026|03,/blog/eden-prairie-springs,Eden Prairie Springs: Natural Resources for Community Wellness — Panka Natural Health,46,44,40
2026|03,/blog/health-alerts-for-eden-prairie-spring-water,Health Alerts for Eden Prairie Spring Water — Panka Natural Health,13,13,11
2026|03,/blog/lab-testing-looking-outside-the-reference-range,Lab Testing: Looking Outside the Reference Range — Panka Natural Health,1,1,1
2026|03,/blog/naturopathic-first-aid-kit,Naturopathic First Aid Kit — Panka Natural Health,1,1,1
2026|03,/blog/nutrient-spotlight-foods-rich-in-calcium,Nutrient Spotlight: Foods Rich in Calcium — Panka Natural Health,3,4,3
2026|03,/blog/nutrient-spotlight-foods-rich-in-magnesium,Nutrient Spotlight: Foods Rich in Magnesium — Panka Natural Health,2,2,2
2026|03,/blog/personalized-fitness-tailoring-your-workouts-with-target-heart-rate,Personalized Fitness: Tailoring Your Workouts with Target Heart Rate — Panka Natural Health,8,8,6
2026|03,/blog/sunburn-protection-with-lycopene-rich-foods,Sunburn Protection with Lycopene-Rich Foods — Panka Natural Health,4,5,4
2026|03,/blog/the-amazing-health-benefits-of-regular-sauna-use,The Health Benefits of Regular Sauna Use — Panka Natural Health,4,5,4
2026|03,/blog/the-synergy-of-functional-and-naturopathic-medicine-a-holistic-approach-to-health-in-minnesota,The Similarities of Functional & Naturopathic Medicine — Panka Natural Health,2,2,2
2026|03,/blog/what-to-expect-from-a-naturopathic-doctor,What to Expect from a Naturopathic Doctor — Panka Natural Health,1,1,1
2026|03,/blog?author=58ae1665725e25cc182c1ee2,"Holistic Health Blog | Naturopathic Wellness Tips | Hopkins, MN Doctors — Panka Natural Health",1,1,1
2026|03,/blog?author=622c0879af148530b8a4bc6c,"Holistic Health Blog | Naturopathic Wellness Tips | Hopkins, MN Doctors — Panka Natural Health",1,1,1
2026|03,/cardiovascular-wellness-program,"Cardiovascular Wellness Program Hopkins, MN | Holistic Heart Health | Naturopathic Doctor — Panka Natural Health",40,35,33
2026|03,/cart,Panka Natural Health,1,1,1
2026|03,/clinical-laboratory-tests,"Comprehensive Lab Testing Hopkins, MN | Naturopathic Doctor | Functional Medicine Labs — Panka Natural Health",38,34,31
2026|03,/contact,"Contact Us | Naturopathic Doctors Hopkins, MN — Panka Natural Health",25,19,19
2026|03,/dietary-supplements,"Clinical-Grade Supplements Hopkins, MN | Naturopathic Doctor | High-Quality Natural Products — Panka Natural Health",11,12,10
2026|03,/events,Events — Panka Natural Health,5,5,5
2026|03,/events/introducing-dr-jacob-pankas-cardiovascular-wellness-program,Holistic Cardiovascular Wellness Program with Dr. Jacob Panka — Panka Natural Health,2,2,2
2026|03,/events/menstrual-cycles-tracking-for-health-and-fertility-awareness,Tracking Menstrual Cycles for Health and Fertility Awareness — Panka Natural Health,1,1,1
2026|03,/events/small-business-saturday-wellness-giveaway,Small Business Saturday Wellness Giveaway — Panka Natural Health,1,1,1
2026|03,/events/the-black-friday-cyber-monday-sale,The Black Friday Cyber Monday Sale — Panka Natural Health,2,2,2
2026|03,/faq,"FAQ | Naturopathic Doctor Questions Hopkins, MN — Panka Natural Health",14,15,13
2026|03,/followup-packages,"Follow-up Care Packages | Naturopathic Doctor Hopkins, MN | Ongoing Wellness Support — Panka Natural Health",15,15,12
2026|03,/holistic-diabetes-care,"Holistic Diabetes Care Hopkins, MN | Naturopathic Doctor | Natural Type 2 Diabetes Treatment — Panka Natural Health",18,13,11
2026|03,/iron-blood-testing,Panka Natural Health,1,1,1
2026|03,/meal-plans-and-recipe-books,"Naturopathic Meal Plans & Recipe Books | Doctor-Designed Nutrition | Hopkins, MN — Panka Natural Health",4,4,4
2026|03,/meet-dr-haley,"Dr. Haley Panka, ND | Naturopathic Doctor Hopkins, MN | Women's Health — Panka Natural Health",44,39,35
2026|03,/meet-dr-jacob,"Dr. Jacob Panka, ND, MS | Naturopathic Doctor Hopkins, MN | Brain Health — Panka Natural Health",24,23,19
2026|03,/mens-health,"Men's Health Naturopathic Doctor Hopkins, MN | Holistic Healthcare for Men — Panka Natural Health",25,20,15
2026|03,/nail-fungus-relief,"Natural Nail Health Support | Doctor-Formulated Essential Oil Blend | Hopkins, MN — Panka Natural Health",7,7,7
2026|03,/naturopathic-medicine,"Naturopathic Medicine Hopkins, MN | Holistic Doctors — Panka Natural Health",35,32,28
2026|03,/patient-portal,Access Your Patient Portal at Panka Natural Health - Stay Connected with Your Health — Panka Natural Health,18,19,9
2026|03,/pediatrics,"Pediatric Naturopathic Doctor Hopkins, MN | Holistic Children's Health Care — Panka Natural Health",36,28,24
2026|03,/pnh-fullscript,"Naturopathic Family Medicine | Holistic Care in Hopkins, MN — Panka Natural Health",8,8,6
2026|03,/pnh-online-medicinary,Panka Natural Health,1,1,1
2026|03,/pnh-wellness-shop,PNH Wellness Shop — Panka Natural Health,6,7,6
2026|03,/pnh-wellness-shop/meal-plan,Meal Plan — PNH Wellness Shop — Panka Natural Health,1,1,1
2026|03,/pnh-wellness-shop/nail-fungus-relief,Nail Fungus Relief — PNH Wellness Shop — Panka Natural Health,1,1,1
2026|03,/pnh-wellness-shop/p/21-day-healthy-plate-meal-plan-for-the-family,21-Day Healthy Plate Meal Plan for the Family — Panka Natural Health,1,1,1
2026|03,/pnh-wellness-shop/p/21-day-healthy-plate-meal-plan-one-person,21-Day Healthy Plate Meal Plan — Panka Natural Health,1,1,1
2026|03,/pnh-wellness-shop/p/21-day-ketogenic-meal-plan-for-two,21-Day Ketogenic Meal Plan for Two — Panka Natural Health,2,2,2
2026|03,/pnh-wellness-shop/p/21-day-plant-based-meal-plan-one-person,21-Day Plant-Based Meal Plan — Panka Natural Health,1,1,1
2026|03,/pnh-wellness-shop/p/dairy-free-gluten-free-recipe-book,Dairy-Free & Gluten-Free Recipe Book — Panka Natural Health,1,1,1
2026|03,/pnh-wellness-shop/p/gluten-free-recipe-book,Gluten-Free Recipe Book — Panka Natural Health,1,1,1
2026|03,/pnh-wellness-shop/p/low-fodmap-recipe-book,Low-FODMAP Recipe Book — Panka Natural Health,1,1,1
2026|03,/pnh-wellness-shop/recipe-book,Recipe Book — PNH Wellness Shop — Panka Natural Health,1,1,1
2026|03,/prepare-for-your-visit,"Prepare for Your Visit | Naturopathic Doctor Hopkins, MN | New Patient Information — Panka Natural Health",11,10,9
2026|03,/product-guide,Product Guide — Panka Natural Health,13,13,12
2026|03,/schedule-an-appointment,"Schedule Appointment | Naturopathic Doctor Hopkins, MN — Panka Natural Health",124,102,83
2026|03,/schedule/0081d9d2/?isPreview=1&mobileApp=true,Schedule Appointment with Panka Natural Health,1,1,1
2026|03,/schedule/0081d9d2/?sh_update=2&ref=email,Schedule Appointment with Panka Natural Health,0,1,1
2026|03,/schedule/0081d9d2/category/First%20Appointment/appointment/41839327?ref=sched_block,Schedule Appointment with Panka Natural Health,1,1,1
2026|03,/schedule/0081d9d2/category/First%20Appointment?ref=sched_block,Schedule Appointment with Panka Natural Health,3,3,3
2026|03,/schedule/0081d9d2/category/Follow-up%20Appointment/appointment/41838350/calendar/7700282/datetime/2026-03-13T15:30:00-05:00/payment?certificate=12CE573A&sh_update=2&ecd=YWN1aXR5OkFDVUlUWV9BRVNfS0VZXzA2MjEyMDIwOmNHWVV0cHZkSkFJeFk2VzBFcjgwVVB3WGZweUpMcTlXRFl3ZDB3RE94R0plOGMxQW9iNkl0TlNzNWxBbDFsRTJQSGV5UE5DQUM1SGxPbEF3S3lpb05vN3JGWUdvWjBkQ3YrdVgxWlFmcXZ3eUJTMFdtRWkzSXF0dmo0NXZ0RmV5VnMwZ3lEM1NFeVZCUm9DdlZJRWVIbmJ4dG9ndk9LVkM0UT09&ref=email,Schedule Appointment with Panka Natural Health,1,1,1
2026|03,/schedule/0081d9d2/category/Follow-up%20Appointment/appointment/41838350/calendar/7700282/datetime/2026-03-13T15:30:00-05:00?certificate=12CE573A&sh_update=2&ecd=YWN1aXR5OkFDVUlUWV9BRVNfS0VZXzA2MjEyMDIwOmNHWVV0cHZkSkFJeFk2VzBFcjgwVVB3WGZweUpMcTlXRFl3ZDB3RE94R0plOGMxQW9iNkl0TlNzNWxBbDFsRTJQSGV5UE5DQUM1SGxPbEF3S3lpb05vN3JGWUdvWjBkQ3YrdVgxWlFmcXZ3eUJTMFdtRWkzSXF0dmo0NXZ0RmV5VnMwZ3lEM1NFeVZCUm9DdlZJRWVIbmJ4dG9ndk9LVkM0UT09&ref=email,Schedule Appointment with Panka Natural Health,1,1,1
2026|03,/schedule/0081d9d2/category/Follow-up%20Appointment/appointment/41838350/calendar/7700282?certificate=12CE573A&sh_update=2&ecd=YWN1aXR5OkFDVUlUWV9BRVNfS0VZXzA2MjEyMDIwOmNHWVV0cHZkSkFJeFk2VzBFcjgwVVB3WGZweUpMcTlXRFl3ZDB3RE94R0plOGMxQW9iNkl0TlNzNWxBbDFsRTJQSGV5UE5DQUM1SGxPbEF3S3lpb05vN3JGWUdvWjBkQ3YrdVgxWlFmcXZ3eUJTMFdtRWkzSXF0dmo0NXZ0RmV5VnMwZ3lEM1NFeVZCUm9DdlZJRWVIbmJ4dG9ndk9LVkM0UT09&ref=email,Schedule Appointment with Panka Natural Health,1,1,1
2026|03,/schedule/0081d9d2/category/Follow-up%20Appointment/appointment/41838350?certificate=12CE573A&sh_update=2&ecd=YWN1aXR5OkFDVUlUWV9BRVNfS0VZXzA2MjEyMDIwOmNHWVV0cHZkSkFJeFk2VzBFcjgwVVB3WGZweUpMcTlXRFl3ZDB3RE94R0plOGMxQW9iNkl0TlNzNWxBbDFsRTJQSGV5UE5DQUM1SGxPbEF3S3lpb05vN3JGWUdvWjBkQ3YrdVgxWlFmcXZ3eUJTMFdtRWkzSXF0dmo0NXZ0RmV5VnMwZ3lEM1NFeVZCUm9DdlZJRWVIbmJ4dG9ndk9LVkM0UT09&ref=email,Schedule Appointment with Panka Natural Health,1,1,1
2026|03,/schedule/0081d9d2/category/Follow-up%20Appointment?certificate=12CE573A&sh_update=2&ecd=YWN1aXR5OkFDVUlUWV9BRVNfS0VZXzA2MjEyMDIwOmNHWVV0cHZkSkFJeFk2VzBFcjgwVVB3WGZweUpMcTlXRFl3ZDB3RE94R0plOGMxQW9iNkl0TlNzNWxBbDFsRTJQSGV5UE5DQUM1SGxPbEF3S3lpb05vN3JGWUdvWjBkQ3YrdVgxWlFmcXZ3eUJTMFdtRWkzSXF0dmo0NXZ0RmV5VnMwZ3lEM1NFeVZCUm9DdlZJRWVIbmJ4dG9ndk9LVkM0UT09&ref=email,Schedule Appointment with Panka Natural Health,1,1,1
2026|03,/schedule/0081d9d2/category/Introductory%20Phone%20Call/appointment/41826455/calendar/7700282/datetime/2026-03-30T12:00:00-05:00?ref=sched_block,Schedule Appointment with Panka Natural Health,1,1,1
2026|03,/schedule/0081d9d2/category/Introductory%20Phone%20Call/appointment/41826455/calendar/7700282?ref=sched_block,Schedule Appointment with Panka Natural Health,1,1,1
2026|03,/schedule/0081d9d2/category/Introductory%20Phone%20Call/appointment/41826455?ref=sched_block,Schedule Appointment with Panka Natural Health,1,1,1
2026|03,/schedule/0081d9d2/confirmation/91f96b5d3eeb8d3f78709ddc67c7040a?ref=email,Schedule Appointment with Panka Natural Health,0,1,1
2026|03,/schedule/0081d9d2/confirmation/9250026cc27e43a6cad01c782a7ac121?ref=sched_block,Schedule Appointment with Panka Natural Health,1,1,1
2026|03,/schedule/0081d9d2/confirmation/964afa7e071f13d6031544f8e842f81b?ref=sched_block,Schedule Appointment with Panka Natural Health,1,1,1
2026|03,/schedule/0081d9d2/confirmation/eede92e64f3f4ccafd0fb5689e304d64?certificate=12CE573A&sh_update=2&ecd=YWN1aXR5OkFDVUlUWV9BRVNfS0VZXzA2MjEyMDIwOmNHWVV0cHZkSkFJeFk2VzBFcjgwVVB3WGZweUpMcTlXRFl3ZDB3RE94R0plOGMxQW9iNkl0TlNzNWxBbDFsRTJQSGV5UE5DQUM1SGxPbEF3S3lpb05vN3JGWUdvWjBkQ3YrdVgxWlFmcXZ3eUJTMFdtRWkzSXF0dmo0NXZ0RmV5VnMwZ3lEM1NFeVZCUm9DdlZJRWVIbmJ4dG9ndk9LVkM0UT09&ref=email,Schedule Appointment with Panka Natural Health,1,1,1
2026|03,/schedule/0081d9d2/confirmation/ff465f97c30c0b1f42aec3c20d756b7a?ref=email,Schedule Appointment with Panka Natural Health,1,1,1
2026|03,/schedule/0081d9d2?ref=sched_block,Schedule Appointment with Panka Natural Health,6,5,5
2026|03,/services-1,Panka Natural Health,2,2,2
2026|03,/video-library,Video Library — Panka Natural Health,4,4,4
2026|03,/wellness-community,Wellness Community — Panka Natural Health,13,13,13
2026|03,/wellness-shop,Wellness Shop — Panka Natural Health,4,3,3
2026|03,/wellness-shop/meal-plan,Panka Natural Health,1,1,1
2026|03,/wellness-shop/nail-fungus-relief,Panka Natural Health,1,1,1
2026|03,/wellness-shop/p/21-day-healthy-plate-meal-plan-for-the-family,Panka Natural Health,1,1,1
2026|03,/wellness-shop/p/21-day-healthy-plate-meal-plan-for-two,Panka Natural Health,1,1,1
2026|03,/wellness-shop/p/21-day-healthy-plate-meal-plan-one-person,Panka Natural Health,1,1,1
2026|03,/wellness-shop/p/anti-inflammatory-recipe-book,Panka Natural Health,1,1,1
2026|03,/wellness-shop/p/dairy-free-gluten-free-recipe-book,Panka Natural Health,1,1,1
2026|03,/wellness-shop/p/ketogenic-recipe-book,Panka Natural Health,1,1,1
2026|03,/wellness-shop/p/low-fodmap-recipe-book,Panka Natural Health,1,1,1
2026|03,/wellness-shop/p/nail-fungus-relief,Panka Natural Health,1,1,1
2026|03,/wellness-shop/p/plant-based-meal-plan-for-two,Panka Natural Health,1,1,1
2026|03,/wellness-shop/p/plant-based-recipe-book,Panka Natural Health,1,1,1
2026|03,/wellness-shop/p/smoothie-recipe-book,Panka Natural Health,1,1,1
2026|03,/wellness-shop/recipe-book,Panka Natural Health,1,1,1
2026|03,/whypnh,"Why Choose Panka Natural Health | Naturopathic Doctors Hopkins, MN — Panka Natural Health",11,11,11
2026|03,/womens-health-services,"Women's Health Naturopathic Doctor Hopkins, MN | Holistic Hormone Care — Panka Natural Health",49,43,38
2026|04,(not set),(not set),,,36
2026|04,/,"Panka Natural Health | Médicos naturópatas en Hopkins, Minnesota",0,1,1
2026|04,/,"Panka Natural Health | Naturopathic Doctors in Hopkins, MN",366,299,227
2026|04,"/,",Panka Natural Health,1,1,1
2026|04,/?fbclid=IwZXh0bgNhZW0CMTEAc3J0YwZhcHBfaWQMMjU2MjgxMDQwNTU4AAEeWcUzU8Oy5HfoyUtU9qwoCYOK8fTuCQKamhYvSERsvfQ3kNvbLpuvrIkxm2A_aem_SZie3EM2cnTaRNMJY0zPyw,"Panka Natural Health | Naturopathic Doctors in Hopkins, MN",1,1,1
2026|04,/?fbclid=PAZXh0bgNhZW0CMTEAc3J0YwZhcHBfaWQPMTI0MDI0NTc0Mjg3NDE0AAGntaAi2OkJ61Lf1zRWaa-sXQCpODgH08YR0VysCWm8okjG8yvWGPz8hyZvo3k_aem_F0amR540gn8nwvwdn5E2AQ,"Panka Natural Health | Naturopathic Doctors in Hopkins, MN",2,1,1
2026|04,/?fbclid=PAZXh0bgNhZW0CMTEAc3J0YwZhcHBfaWQPMTI0MDI0NTc0Mjg3NDE0AAGnwehiX_rqQGDiIdO5obQ9xR1Tiu197-ilDk3X8iE5y_v-p5cM7dfzy_d0s6o_aem_n1PoOeGJ9S63G3Z4_gTlyQ,"Panka Natural Health | Naturopathic Doctors in Hopkins, MN",1,1,1
2026|04,/?gtm_debug=1777308288628,"Panka Natural Health | Naturopathic Doctors in Hopkins, MN",1,1,1
2026|04,/?gtm_debug=1777321016143,"Panka Natural Health | Naturopathic Doctors in Hopkins, MN",1,1,1
2026|04,/?gtm_debug=1777321103395,"Panka Natural Health | Naturopathic Doctors in Hopkins, MN",1,1,1
2026|04,/about-us,About — Panka Natural Health,18,19,18
2026|04,/aclk?sa=L&ai=DChsSEwjLmJa4v5OUAxVmNQgFHYXHH1YYACICCAEQABoCbWQ&co=1&cid=CAAS0wHkaOo-thS7-QahtwCZ8nzNaOBBZcrHPsuX-4CDBOThdCZ1I_9TRTWkMRY8a76LnVLaCeI8S5YmCfsS9pMLew3uP8vtj5orIzsWJd3Xw0uM2QPMRozva3K5GYlkmcEm3bEP4iuNAEo8A8sKH_WmejSiBsB_uNUVIu3nt5u66EnA67VAcx9nDpyKuaYRw5g18bwtHCeHvoBglKWDvku51Jv0VsiPbliO3VtwghekG5-vn_xOZiP6ez4KaXzNWfGhcBlxoTKxAgghMhzpki5vd9_6Qhgf&cce=2&sig=AOD64_0wBdY4bhxc-cXraT7GmAwWOm2Urw&ch=1&adurl=https://pankanaturalhealth.com%3Fgad_source%3D5%26gad_campaignid%3D22767146837&q=&nb=0&rurl=https%3A%2F%2Fsyndicatedsearch.goog%2F&nm=2&nx=190&ny=18&is=353x747&clkt=0&bg=!wMOlw6DNAAYHi8jiJ4s7AEgBe5WfOO7bgEdFGE9b3TEE_-9FT6nIoZQhFr9uS-ZubfpENH-qLKKpLZvZgN_1j9QvF_QOcAcYKrqvRzwZ09UgeCbyCutKU0QCAAAAFVIAAAAFaAEHfgAhGKWf-TFTmFr7a54kTdGyqcoTDw7yDmCendP8YzGtuquuCgFfxAk0_IpsLeDyl2r0r_jkkgagyULqi1j0niwT16gtz5FtczpV8b009a-GgN166mi3qU3-MwIWN91IrAfXVFnLkrnoCBi0LuIet6_WeYJkpZ4L3cdTtsE_fDExfOtaRTag8sSxS,"Panka Natural Health | Naturopathic Doctors in Hopkins, MN",1,1,1
2026|04,/blog,"Holistic Health Blog | Naturopathic Wellness Tips | Hopkins, MN Doctors — Panka Natural Health",6,5,5
2026|04,/blog/2017/11/11/minerals-elements-of-health,Panka Natural Health,1,1,1
2026|04,/blog/2017/7/13/sugar-and-the-alternative-sweeteners,Panka Natural Health,1,1,1
2026|04,/blog/2017/7/14/berries-vitality,Panka Natural Health,1,1,1
2026|04,/blog/2017/7/17/food-additives,Panka Natural Health,1,1,1
2026|04,/blog/2017/7/20/intermittent-fasting-weight-loss,Panka Natural Health,1,1,1
2026|04,/blog/2018/4/2/soy-foods-prevent-breast-cancer-recurrence,Panka Natural Health,1,1,1
2026|04,/blog/2019/1/20/stimulating-the-vis-with-naturopathic-medicine,Panka Natural Health,1,1,1
2026|04,/blog/7-day-spring-cleaning-dust-allergy-action-plan,7-Day Spring Cleaning Dust Allergy Action Plan — Panka Natural Health,3,3,3
2026|04,/blog/breaking-the-fast-your-guide-to-a-stellar-morning-meal,Breaking the Fast: Your Guide to a Stellar Morning Meal — Panka Natural Health,2,2,2
2026|04,/blog/eden-prairie-springs,Eden Prairie Springs: Natural Resources for Community Wellness — Panka Natural Health,34,32,28
2026|04,/blog/eden-prairie-springs?fbclid=IwZXh0bgNhZW0CMTEAc3J0YwZhcHBfaWQMMjU2MjgxMDQwNTU4AAEebPhyDACTMpVDXg_BxRg6Fw6wTQT9BaLorm53SHMhyXu1ihvRM5nt7Rq6NKA_aem_1yCk54xjITrEbV8pF8J8Bw,Eden Prairie Springs: Natural Resources for Community Wellness — Panka Natural Health,1,1,1
2026|04,/blog/eden-prairie-springs?fbclid=IwZXh0bgNhZW0CMTEAc3J0YwZhcHBfaWQMMjU2MjgxMDQwNTU4AAEelTUM3Mso5djx8Wzd8d8v0PeTcInItP9jn6hdrrdOp1AAOLUJkZs02XHz94c_aem_Jou-N1YZLnC4Jcnq7bwkRA,Eden Prairie Springs: Natural Resources for Community Wellness — Panka Natural Health,1,1,1
2026|04,/blog/eden-prairie-springs?fbclid=IwZXh0bgNhZW0CMTEAc3J0YwZhcHBfaWQMMjU2MjgxMDQwNTU4AAEeo7J_nyTbRUR4JZyIJl-3AAqIbjHEJTBm4IfwcklsHpJ9-26sEpul7Q9tEVY_aem_jj-l9CKZ7NB3YQ-_Eg9awg,Eden Prairie Springs: Natural Resources for Community Wellness — Panka Natural Health,1,1,1
2026|04,/blog/health-alerts-for-eden-prairie-spring-water,Health Alerts for Eden Prairie Spring Water — Panka Natural Health,15,12,11
2026|04,/blog/lab-testing-looking-outside-the-reference-range,Lab Testing: Looking Outside the Reference Range — Panka Natural Health,1,1,1
2026|04,/blog/naturopathic-first-aid-kit,Naturopathic First Aid Kit — Panka Natural Health,1,1,1
2026|04,/blog/nutrient-spotlight-foods-rich-in-calcium,Nutrient Spotlight: Foods Rich in Calcium — Panka Natural Health,1,1,1
2026|04,/blog/nutrient-spotlight-foods-rich-in-magnesium,Nutrient Spotlight: Foods Rich in Magnesium — Panka Natural Health,3,3,3
2026|04,/blog/sunburn-protection-with-lycopene-rich-foods,Sunburn Protection with Lycopene-Rich Foods — Panka Natural Health,5,5,5
2026|04,/blog/the-amazing-health-benefits-of-regular-sauna-use,The Health Benefits of Regular Sauna Use — Panka Natural Health,2,2,2
2026|04,/blog/the-synergy-of-functional-and-naturopathic-medicine-a-holistic-approach-to-health-in-minnesota,The Similarities of Functional & Naturopathic Medicine — Panka Natural Health,2,1,1
2026|04,/blog/what-to-expect-from-a-naturopathic-doctor,What to Expect from a Naturopathic Doctor — Panka Natural Health,4,3,3
2026|04,/blog?author=58ae1665725e25cc182c1ee2,"Holistic Health Blog | Naturopathic Wellness Tips | Hopkins, MN Doctors — Panka Natural Health",1,1,1
2026|04,/blog?author=622c0879af148530b8a4bc6c,"Holistic Health Blog | Naturopathic Wellness Tips | Hopkins, MN Doctors — Panka Natural Health",1,1,1
2026|04,/cardiovascular-wellness-program,"Cardiovascular Wellness Program Hopkins, MN | Holistic Heart Health | Naturopathic Doctor — Panka Natural Health",16,17,15
2026|04,/cart,Panka Natural Health,2,2,2
2026|04,/catalog/0081d9d2/cart?categories=Follow-up+Packages,Schedule Appointment with Panka Natural Health,2,1,1
2026|04,/catalog/0081d9d2/confirmation/162347545?categories=Follow-up+Packages&orderSignature=d7669050781cd98351ba6e1acc35dea99bf4d65fba044f6612756bd571b5897b,Schedule Appointment with Panka Natural Health,1,1,1
2026|04,/catalog/0081d9d2/payment?categories=Follow-up+Packages,Schedule Appointment with Panka Natural Health,1,1,1
2026|04,/catalog/0081d9d2?categories=Follow-up%20Packages,Schedule Appointment with Panka Natural Health,3,1,1
2026|04,/certificate.php?owner=27943652,Schedule Appointment with Panka Natural Health,1,1,1
2026|04,/checkout?cartToken=FZuhpKinRMiJS4dfEuDCPyb5-wEdXQUeNXqcRF0T,Panka Natural Health | Secure Checkout,1,1,1
2026|04,/clinical-laboratory-tests,"Comprehensive Lab Testing Hopkins, MN | Naturopathic Doctor | Functional Medicine Labs — Panka Natural Health",47,45,38
2026|04,/clinical-laboratory-tests,"Functional Lab Testing Hopkins, MN | Naturopathic Doctors — Panka Natural Health",3,2,2
2026|04,/commerce/orders/3d1be98f-bc90-4faa-8886-b7b096f1eb20,Panka Natural Health: Order Status,1,1,1
2026|04,/commerce/orders/3d1be98f-bc90-4faa-8886-b7b096f1eb20?referer=checkout,Panka Natural Health: Order Status,1,1,1
2026|04,/contact,"Contact Us | Naturopathic Doctors Hopkins, MN — Panka Natural Health",34,34,29
2026|04,/dietary-supplements,"Clinical-Grade Supplements Hopkins, MN | Naturopathic Doctor | High-Quality Natural Products — Panka Natural Health",8,8,8
2026|04,/dietary-supplements,"Suplementos de grado clínico en Hopkins, Minnesota | Médico naturópata | Productos naturales de alta calidad — Panka Natural Health",0,1,1
2026|04,/events/menstrual-cycles-tracking-for-health-and-fertility-awareness,Tracking Menstrual Cycles for Health and Fertility Awareness — Panka Natural Health,1,1,1
2026|04,/faq,"FAQ | Naturopathic Doctor Questions Hopkins, MN — Panka Natural Health",16,16,16
2026|04,/followup-packages,"Follow-up Care Packages | Naturopathic Doctor Hopkins, MN | Ongoing Wellness Support — Panka Natural Health",9,9,9
2026|04,/holistic-diabetes-care,"Holistic Diabetes Care Hopkins, MN | Naturopathic Doctor | Natural Type 2 Diabetes Treatment — Panka Natural Health",11,10,10
2026|04,/meal-plans-and-recipe-books,"Naturopathic Meal Plans & Recipe Books | Doctor-Designed Nutrition | Hopkins, MN — Panka Natural Health",7,7,7
2026|04,/meet-dr-haley,"Dr. Haley Panka, ND | Naturopathic Doctor Hopkins, MN | Women's Health — Panka Natural Health",43,35,32
2026|04,/meet-dr-jacob,"Dr. Jacob Panka, ND, MS | Naturopathic Doctor Hopkins, MN | Brain Health — Panka Natural Health",32,27,22
2026|04,/mens-health,"Men's Health Naturopathic Doctor Hopkins, MN | Holistic Healthcare for Men — Panka Natural Health",20,21,16
2026|04,/nail-fungus-relief,"Natural Nail Health Support | Doctor-Formulated Essential Oil Blend | Hopkins, MN — Panka Natural Health",4,4,4
2026|04,/nail-fungus-relief,Panka Natural Health,1,1,1
2026|04,/nail-fungus-relief,Panka Salud Natural,0,1,1
2026|04,/nail-fungus-relief?fbclid=IwZXh0bgNhZW0CMTEAc3J0YwZhcHBfaWQMMjU2MjgxMDQwNTU4AAEe1R3THbHnC3yi3aDgcy7Y059vzOAD1U06wBXwZAZCjKZh6PuA1g8iFGRgjAc_aem_SniTE_hdYU6WyXB6Nuzgxw,Panka Natural Health,1,1,1
2026|04,/nail-fungus-relief?fbclid=IwZXh0bgNhZW0CMTEAc3J0YwZhcHBfaWQMMjU2MjgxMDQwNTU4AAEeEXpoIj1iZ7jwnyZtyYTSV-T-XBy5v28nTzFh4RDNlx0Vz-ojgq02-yfJjGY_aem_klpKHeVpf1hDYjPuAALlnw,Panka Natural Health,1,1,1
2026|04,/nail-fungus-relief?fbclid=IwZXh0bgNhZW0CMTEAc3J0YwZhcHBfaWQMMjU2MjgxMDQwNTU4AAEephWIry6Ii6TTky7qT0zyBxBcTPSQm4dK7Oe2NWndHrMbTr0HOkDqc_ymZHs_aem_Cl6IH6AnuTRAMVlSWRUyQQ,Panka Natural Health,1,1,1
2026|04,/naturopathic-medicine,"Naturopathic Medicine Hopkins, MN | Holistic Doctors — Panka Natural Health",24,21,20
2026|04,/new-page,Legal Disclaimer — Panka Natural Health,1,1,1
2026|04,/new-page,New Page — Panka Natural Health,3,1,1
2026|04,/our-approach-1,Our Approach — Panka Natural Health,1,1,1
2026|04,/patient-portal,Access Your Patient Portal at Panka Natural Health - Stay Connected with Your Health — Panka Natural Health,28,29,15
2026|04,/payment-portal/nail-fungus-relief?fbclid=IwZXh0bgNhZW0CMTEAc3J0YwZhcHBfaWQMMjU2MjgxMDQwNTU4AAEeGr0yl4nA6El3fsBP7lIjygjnwHFPwTG3T5kE5eotPeoJnOakcsQ2StOh_8o_aem_CHTpRQKvzGUCy6V4TNvbMg,Panka Natural Health,1,1,1
2026|04,/payment-portal/nail-fungus-relief?fbclid=IwZXh0bgNhZW0CMTEAc3J0YwZhcHBfaWQMMjU2MjgxMDQwNTU4AAEeXIEWBT8CdEAPue8OxHxtK9CLqQs9wtB1tS5btd1i9FXwOABt8p4jeTdG1iM_aem_DDsZglr7_1G7QcYSxhW_TQ,Panka Natural Health,1,1,1
2026|04,/payment-portal/nail-fungus-relief?fbclid=IwZXh0bgNhZW0CMTEAc3J0YwZhcHBfaWQMMjU2MjgxMDQwNTU4AAEeZ1qw0vlOskHftS9W0HE4aE1znBCD8HedLU-BG07rfonOHe0G_Edr6ec-5tU_aem_cxvLTz0461KdsU0vIsQUAQ,Panka Natural Health,1,1,1
2026|04,/payment-portal/nail-fungus-relief?fbclid=IwZXh0bgNhZW0CMTEAc3J0YwZhcHBfaWQMMjU2MjgxMDQwNTU4AAEeZ6Kg7INPxrOGxhY0JnStVVsge2MwCzM2bOwKsgZtvskbYEAUkLgEo6CkvmM_aem_bq4gW2_t8jv5lG2sGDSclQ,Panka Natural Health,1,1,1
2026|04,/payment-portal/nail-fungus-relief?fbclid=IwZXh0bgNhZW0CMTEAc3J0YwZhcHBfaWQMMjU2MjgxMDQwNTU4AAEeuLzA4FXccksin1k4ZqcBaaep0Dr0p1tbktJWvqM8CJ3MOkfRwB_3QDklF9c_aem_8vg1eSIGqQUbSiQ5dYUXdg,Panka Natural Health,1,1,1
2026|04,/pediatrics,"Pediatric Naturopathic Doctor Hopkins, MN | Holistic Children's Health Care — Panka Natural Health",28,21,14
2026|04,/pnh-fullscript,"Naturopathic Family Medicine | Holistic Care in Hopkins, MN — Panka Natural Health",4,4,3
2026|04,/pnh-online-dispensary,Panka Natural Health,1,1,1
2026|04,/pnh-wellness-shop,PNH Wellness Shop — Panka Natural Health,12,7,5
2026|04,/pnh-wellness-shop/meal-plan,Meal Plan — PNH Wellness Shop — Panka Natural Health,1,1,1
2026|04,/pnh-wellness-shop/nail-fungus-relief,Nail Fungus Relief — PNH Wellness Shop — Panka Natural Health,1,1,1
2026|04,/pnh-wellness-shop/p/21-day-healthy-plate-meal-plan-one-person,21-Day Healthy Plate Meal Plan — Panka Natural Health,2,2,2
2026|04,/pnh-wellness-shop/p/21-day-ketogenic-meal-plan-for-one-person,21-Day Ketogenic Meal Plan — Panka Natural Health,1,1,1
2026|04,/pnh-wellness-shop/p/low-fodmap-recipe-book,Low-FODMAP Recipe Book — Panka Natural Health,1,1,1
2026|04,/pnh-wellness-shop/p/nail-fungus-relief,Nail Fungus Relief — Panka Natural Health,6,2,2
2026|04,/pnh-wellness-shop/p/plant-based-recipe-book,Plant-Based Recipe Book — Panka Natural Health,1,1,1
2026|04,/prepare-for-your-visit,"Prepare for Your Visit | Naturopathic Doctor Hopkins, MN | New Patient Information — Panka Natural Health",11,12,9
2026|04,/privacy-policy,Privacy Policy — Panka Natural Health,3,3,2
2026|04,/product-guide,Product Guide — Panka Natural Health,17,14,14
2026|04,/schedule-an-appointment,"Schedule Appointment | Naturopathic Doctor Hopkins, MN — Panka Natural Health",145,114,85
2026|04,/schedule-an-appointment?gtm_debug=1777321224080,"Schedule Appointment | Naturopathic Doctor Hopkins, MN — Panka Natural Health",1,1,1
2026|04,/schedule/0081d9d2/?isInConfig=false&ref=sched_block,Schedule Appointment with Panka Natural Health,1,2,1
2026|04,/schedule/0081d9d2/?sh_update=2,Schedule Appointment with Panka Natural Health,1,1,1
2026|04,/schedule/0081d9d2/category/First%20Appointment?ref=sched_block,Schedule Appointment with Panka Natural Health,3,2,2
2026|04,/schedule/0081d9d2/category/Follow-up%20Appointment/appointment/41839134/calendar/7700282/datetime/2026-04-10T11:00:00-05:00/payment?certificate=9128B849&sh_update=2&ecd=YWN1aXR5OkFDVUlUWV9BRVNfS0VZXzA2MjEyMDIwOjI0VDZwVnpGN0V0ZWVHUTFiUVIrREFTanM5VGdHMWVFOEtCVUs1ZlJ0N0tVQVNnV2tuY1ROVktFdjdQanh5LzQ4ZW4wdGJ0aXhGVHF5SzZpTnI0bFNEZWIyRWtNYmpDQjBaTnpIT0k5ekE3RkFrZ3BZRWl3Q0V6STJ5T0pHWDlTV0JsOWtHREcyeXQvMENGOEhPSEQ4N0NMMlh3Kw%3D%3D,Schedule Appointment with Panka Natural Health,1,1,1
2026|04,/schedule/0081d9d2/category/Follow-up%20Appointment/appointment/41839134/calendar/7700282/datetime/2026-04-10T11:00:00-05:00?certificate=9128B849&sh_update=2&ecd=YWN1aXR5OkFDVUlUWV9BRVNfS0VZXzA2MjEyMDIwOjI0VDZwVnpGN0V0ZWVHUTFiUVIrREFTanM5VGdHMWVFOEtCVUs1ZlJ0N0tVQVNnV2tuY1ROVktFdjdQanh5LzQ4ZW4wdGJ0aXhGVHF5SzZpTnI0bFNEZWIyRWtNYmpDQjBaTnpIT0k5ekE3RkFrZ3BZRWl3Q0V6STJ5T0pHWDlTV0JsOWtHREcyeXQvMENGOEhPSEQ4N0NMMlh3Kw%3D%3D,Schedule Appointment with Panka Natural Health,1,1,1
2026|04,/schedule/0081d9d2/category/Follow-up%20Appointment/appointment/41839134/calendar/7700282?certificate=9128B849&sh_update=2&ecd=YWN1aXR5OkFDVUlUWV9BRVNfS0VZXzA2MjEyMDIwOjI0VDZwVnpGN0V0ZWVHUTFiUVIrREFTanM5VGdHMWVFOEtCVUs1ZlJ0N0tVQVNnV2tuY1ROVktFdjdQanh5LzQ4ZW4wdGJ0aXhGVHF5SzZpTnI0bFNEZWIyRWtNYmpDQjBaTnpIT0k5ekE3RkFrZ3BZRWl3Q0V6STJ5T0pHWDlTV0JsOWtHREcyeXQvMENGOEhPSEQ4N0NMMlh3Kw%3D%3D,Schedule Appointment with Panka Natural Health,1,1,1
2026|04,/schedule/0081d9d2/category/Follow-up%20Appointment/appointment/41839134/calendar/7700282?ref=sched_block,Schedule Appointment with Panka Natural Health,1,1,1
2026|04,/schedule/0081d9d2/category/Follow-up%20Appointment/appointment/41839134?certificate=9128B849&sh_update=2&ecd=YWN1aXR5OkFDVUlUWV9BRVNfS0VZXzA2MjEyMDIwOjI0VDZwVnpGN0V0ZWVHUTFiUVIrREFTanM5VGdHMWVFOEtCVUs1ZlJ0N0tVQVNnV2tuY1ROVktFdjdQanh5LzQ4ZW4wdGJ0aXhGVHF5SzZpTnI0bFNEZWIyRWtNYmpDQjBaTnpIT0k5ekE3RkFrZ3BZRWl3Q0V6STJ5T0pHWDlTV0JsOWtHREcyeXQvMENGOEhPSEQ4N0NMMlh3Kw%3D%3D,Schedule Appointment with Panka Natural Health,1,1,1
2026|04,/schedule/0081d9d2/category/Follow-up%20Appointment/appointment/41839134?ref=sched_block,Schedule Appointment with Panka Natural Health,1,1,1
2026|04,/schedule/0081d9d2/category/Follow-up%20Appointment?certificate=9128B849&sh_update=2&ecd=YWN1aXR5OkFDVUlUWV9BRVNfS0VZXzA2MjEyMDIwOjI0VDZwVnpGN0V0ZWVHUTFiUVIrREFTanM5VGdHMWVFOEtCVUs1ZlJ0N0tVQVNnV2tuY1ROVktFdjdQanh5LzQ4ZW4wdGJ0aXhGVHF5SzZpTnI0bFNEZWIyRWtNYmpDQjBaTnpIT0k5ekE3RkFrZ3BZRWl3Q0V6STJ5T0pHWDlTV0JsOWtHREcyeXQvMENGOEhPSEQ4N0NMMlh3Kw%3D%3D,Schedule Appointment with Panka Natural Health,1,1,1
2026|04,/schedule/0081d9d2/category/Follow-up%20Appointment?ref=sched_block,Schedule Appointment with Panka Natural Health,2,1,1
2026|04,/schedule/0081d9d2/category/Introductory%20Phone%20Call/appointment/41826455/calendar/7700282/datetime/2026-04-13T16:15:00-05:00?ref=sched_block,Schedule Appointment with Panka Natural Health,1,1,1
2026|04,/schedule/0081d9d2/category/Introductory%20Phone%20Call/appointment/41826455/calendar/7700282/datetime/2026-04-15T10:00:00-05:00?ref=sched_block,Schedule Appointment with Panka Natural Health,1,1,1
2026|04,/schedule/0081d9d2/category/Introductory%20Phone%20Call/appointment/41826455/calendar/7700282/datetime/2026-04-29T09:00:00-05:00?isInConfig=false&ref=sched_block,Schedule Appointment with Panka Natural Health,1,1,1
2026|04,/schedule/0081d9d2/category/Introductory%20Phone%20Call/appointment/41826455/calendar/7700282?isInConfig=false&ref=sched_block,Schedule Appointment with Panka Natural Health,2,1,1
2026|04,/schedule/0081d9d2/category/Introductory%20Phone%20Call/appointment/41826455/calendar/7700282?ref=sched_block,Schedule Appointment with Panka Natural Health,2,1,1
2026|04,/schedule/0081d9d2/category/Introductory%20Phone%20Call/appointment/41826455?isInConfig=false&ref=sched_block,Schedule Appointment with Panka Natural Health,4,1,1
2026|04,/schedule/0081d9d2/category/Introductory%20Phone%20Call/appointment/41826455?ref=sched_block,Schedule Appointment with Panka Natural Health,1,1,1
2026|04,/schedule/0081d9d2/category/X19hbGxfXw==?isInConfig=false&ref=sched_block,Schedule Appointment with Panka Natural Health,1,1,1
2026|04,/schedule/0081d9d2/confirmation/82196a83324845d979faa25709307f2b?certificate=9128B849&sh_update=2&ecd=YWN1aXR5OkFDVUlUWV9BRVNfS0VZXzA2MjEyMDIwOjI0VDZwVnpGN0V0ZWVHUTFiUVIrREFTanM5VGdHMWVFOEtCVUs1ZlJ0N0tVQVNnV2tuY1ROVktFdjdQanh5LzQ4ZW4wdGJ0aXhGVHF5SzZpTnI0bFNEZWIyRWtNYmpDQjBaTnpIT0k5ekE3RkFrZ3BZRWl3Q0V6STJ5T0pHWDlTV0JsOWtHREcyeXQvMENGOEhPSEQ4N0NMMlh3Kw%3D%3D,Schedule Appointment with Panka Natural Health,1,1,1
2026|04,/schedule/0081d9d2/confirmation/adada501580cd46d1bb543882ab936d6?isInConfig=false&ref=sched_block,Schedule Appointment with Panka Natural Health,1,1,1
2026|04,/schedule/0081d9d2/confirmation/bbfb1218db23f9ab4a895a735fa0d680,Schedule Appointment with Panka Natural Health,0,1,1
2026|04,/schedule/0081d9d2/confirmation/bbfb1218db23f9ab4a895a735fa0d680?ref=email,Schedule Appointment with Panka Natural Health,0,1,1
2026|04,/schedule/0081d9d2/confirmation/c869208d087cacb0be11f1bc9a6024a6?ref=email,Schedule Appointment with Panka Natural Health,0,1,1
2026|04,/schedule/0081d9d2/confirmation/c869208d087cacb0be11f1bc9a6024a6?ref=sched_block,Schedule Appointment with Panka Natural Health,1,1,1
2026|04,/schedule/0081d9d2/confirmation/ccfa30f5267e4a2598bb64e8af517112?ref=calendar,Schedule Appointment with Panka Natural Health,1,1,1
2026|04,/schedule/0081d9d2/confirmation/e88f3bcdaefce64b240fd7f953b9a979?ref=calendar,Schedule Appointment with Panka Natural Health,1,1,1
2026|04,/schedule/0081d9d2/confirmation/e88f3bcdaefce64b240fd7f953b9a979?ref=email,Schedule Appointment with Panka Natural Health,1,1,1
2026|04,/schedule/0081d9d2?ref=email,Schedule Appointment with Panka Natural Health,2,2,2
2026|04,/schedule/0081d9d2?ref=sched_block,Schedule Appointment with Panka Natural Health,10,4,3
2026|04,/search,Panka Natural Health,1,1,1
2026|04,/video-library,Video Library — Panka Natural Health,4,4,4
2026|04,/wellness-community,Wellness Community — Panka Natural Health,2,3,2
2026|04,/wellness-shop/p/nail-fungus-relief,Panka Natural Health,1,1,1
2026|04,/whypnh,"Why Choose Panka Natural Health | Naturopathic Doctors Hopkins, MN — Panka Natural Health",9,6,6
2026|04,/womens-health-services,"Women's Health Naturopathic Doctor Hopkins, MN | Holistic Hormone Care — Panka Natural Health",40,42,32
2026|04,/workplace-wellness,Panka Natural Health,1,1,1
2026|05,(not set),(not set),,,29
2026|05,/,"Panka Natural Health | Naturopathic Doctors in Hopkins, MN",468,404,272
2026|05,/?fbclid=IwZXh0bgNhZW0CMTEAc3J0YwZhcHBfaWQKNjYyODU2ODM3OQABHmmJQZsR-5lFTteESFVW5BDo1ca6UNNH3Pe_fiDHEtEUSHowVfKOlftCaqve_aem_-P9pf8_V7uubJJfDUO6-MA,"Panka Natural Health | Naturopathic Doctors in Hopkins, MN",1,1,1
2026|05,/?fbclid=IwZXh0bgNhZW0CMTEAc3J0YwZhcHBfaWQKNjYyODU2ODM3OQABHnNpTTLM3LS26OT9h44EnHigfeODjQPFS7AgyhSTrD3tx7OUtYMjNryKrLxT_aem_hBXRXBHbPH59bgQ5Gr_8NA,"Panka Natural Health | Naturopathic Doctors in Hopkins, MN",1,1,1
2026|05,/?fbclid=IwZXh0bgNhZW0CMTEAc3J0YwZhcHBfaWQMMjU2MjgxMDQwNTU4AAEe3geuBsqafrLQBhneni5gDockK2xiHkKa2E1AReeoPld4Xv0JPh9NbgN-foE_aem_TmSad3_HIgrwwRlsfwOBTA,"Panka Natural Health | Naturopathic Doctors in Hopkins, MN",1,1,1
2026|05,/?fbclid=IwZXh0bgNhZW0CMTEAc3J0YwZhcHBfaWQMMjU2MjgxMDQwNTU4AAEeIpH8asm7vzQzzsCw9YXVk1LLdrf6NLQS6NwvES_T-44fQzJO0ztnlTNtleY_aem_6AMYGycjOsYTEYnHLEkuyg,"Panka Natural Health | Naturopathic Doctors in Hopkins, MN",1,1,1
2026|05,/?fbclid=IwZXh0bgNhZW0CMTEAc3J0YwZhcHBfaWQMMjU2MjgxMDQwNTU4AAEebjljNHKjsppU6a8NEYoEedAYRD5C-JYFIcTXA8rk8b63ot9TogpLgrXveJs_aem_S6zw1rxYCDQGGEUgMfp6hQ,"Panka Natural Health | Naturopathic Doctors in Hopkins, MN",1,1,1
2026|05,/?fbclid=IwZXh0bgNhZW0CMTEAc3J0YwZhcHBfaWQMMjU2MjgxMDQwNTU4AAEelQ8e3_ZKWUZBSDW8HlD_MFXN8fOyv-96DnAC8MGTyKqzGJhEXCYsIIDyA30_aem_3UeE4_N_IV1TwZ6WJx9V1g,"Panka Natural Health | Naturopathic Doctors in Hopkins, MN",1,1,1
2026|05,/?fbclid=PAZXh0bgNhZW0CMTEAc3J0YwZhcHBfaWQPMTI0MDI0NTc0Mjg3NDE0AAGnH3Z69w_vvngiblowO9cVaSjOmNiM-n7f3glCDww3b1LZHcNvOScNCKm1MA0_aem_rx9epG1uz26Ll9mnD9BW-Q,"Panka Natural Health | Naturopathic Doctors in Hopkins, MN",1,1,1
2026|05,/?gtm_latency=1,"Panka Natural Health | Naturopathic Doctors in Hopkins, MN",1,1,1
2026|05,/about-us,About — Panka Natural Health,27,23,19
2026|05,/blog,"Holistic Health Blog | Naturopathic Wellness Tips | Hopkins, MN Doctors — Panka Natural Health",8,8,8
2026|05,/blog/2022/10/26/naturopathic-first-aid-kit?fbclid=IwZXh0bgNhZW0CMTEAc3J0YwZhcHBfaWQMMjU2MjgxMDQwNTU4AAEe0VD3gNsE49Eseel4L_Yju01Lx5DjLpHSA-e01SHBGviKwWN5Dy_Og9-6liQ_aem_OtqK1pAqt3MUiv7z4f6E0w,Panka Natural Health,1,1,1
2026|05,/blog/2022/10/26/naturopathic-first-aid-kit?fbclid=IwZXh0bgNhZW0CMTEAc3J0YwZhcHBfaWQMMjU2MjgxMDQwNTU4AAEe4E4DsbvhquZB3AfJAe1qG9dd8xt7ZpwXG82K_iNtOOoYnCvb7VHhGOlx1FI_aem_3q3zmC0Hjr66kvCqd7Peng,Panka Natural Health,1,1,1
2026|05,/blog/2022/10/26/naturopathic-first-aid-kit?fbclid=IwZXh0bgNhZW0CMTEAc3J0YwZhcHBfaWQMMjU2MjgxMDQwNTU4AAEeJm6ZHve8OG1AMS-hb_8rc8msOzdS3BBNd1G4d7rI8ru4Z7eX7OvKOTGWx9E_aem_sDYZdRWJHWdDt9dy0FN99w,Panka Natural Health,1,1,1
2026|05,/blog/2022/10/26/naturopathic-first-aid-kit?fbclid=IwZXh0bgNhZW0CMTEAc3J0YwZhcHBfaWQMMjU2MjgxMDQwNTU4AAEeV9pdZDfEnO5KNb6IB34nepEe8Y1xAKMm2XI9R2U7xhFgQf-elY6Iyw4uYj8_aem__OcZli-Qbw9IVQeisBHwbg,Panka Natural Health,1,1,1
2026|05,/blog/2022/10/26/naturopathic-first-aid-kit?fbclid=IwZXh0bgNhZW0CMTEAc3J0YwZhcHBfaWQMMjU2MjgxMDQwNTU4AAEe_4daDAj5brnszA2My-GiFt-rzWi0ihQmnHgvnwS1yo2qtGZc58TtHsKyBjg_aem_cWGjqpWLiQ2zfJ-BAVUH-Q,Panka Natural Health,1,1,1
2026|05,/blog/2022/10/26/naturopathic-first-aid-kit?fbclid=IwZXh0bgNhZW0CMTEAc3J0YwZhcHBfaWQMMjU2MjgxMDQwNTU4AAEeb_9hlaG6zLzK_R1Qo1ZLHdKUe9-m9EQg09RJW59G37QT6aJQg71qF-FnyK8_aem_CiHUZM9LBPkpzk0P4Jq3LQ,Panka Natural Health,1,1,1
2026|05,/blog/2022/10/26/naturopathic-first-aid-kit?fbclid=IwZXh0bgNhZW0CMTEAc3J0YwZhcHBfaWQMMjU2MjgxMDQwNTU4AAEectSRtvG3Ro3rwW53YFJVsnlYqn2Qh6dmXx6blH6U3CKeXsrk1E5e_ZBs6Z4_aem_MbdxZ3cvI0qv4MH6I5Ubkg,Panka Natural Health,1,1,1
2026|05,/blog/2022/10/26/naturopathic-first-aid-kit?fbclid=IwZXh0bgNhZW0CMTEAc3J0YwZhcHBfaWQMMjU2MjgxMDQwNTU4AAEeh0ycWyEAz9nZhUygJQR-5zmTj-qJjfk5rabRYSQsegCQVWeIgPYvgZqKBhE_aem_DXzpJQohR9lHzsb3hSavVg,Panka Natural Health,1,1,1
2026|05,/blog/2022/10/26/naturopathic-first-aid-kit?fbclid=IwZXh0bgNhZW0CMTEAc3J0YwZhcHBfaWQMMjU2MjgxMDQwNTU4AAEet3FEf2d-mPqpt-upEPzVTc99Ms9mvZTYgFSShYFg-nBe9SWeEO8uyU_fw90_aem_bxXll_d04NHGnBHFxCaQcg,Panka Natural Health,1,1,1
2026|05,/blog/2022/3/7/health-alerts-eden-prairie-spring-water?fbclid=IwZXh0bgNhZW0CMTEAc3J0YwZhcHBfaWQMMjU2MjgxMDQwNTU4AAEeGtHYAX1NT67--szskvmbAiqckRO8Z3sns44dcoS0BH_Vrm22F5L8M2biPH8_aem_II0k7eiS6c7nN_MC5M_Kpg,Panka Natural Health,1,1,1
2026|05,/blog/2022/3/7/health-alerts-eden-prairie-spring-water?fbclid=IwZXh0bgNhZW0CMTEAc3J0YwZhcHBfaWQMMjU2MjgxMDQwNTU4AAEeWpJTp0d0nzlv1QNfpurQbFsH6CgoZNsm-nUpKw4nTAOf_jPsr2C3RfKQlrs_aem_6SHnMKgsjHafYr7X-LbX3g,Panka Natural Health,1,1,1
2026|05,/blog/2022/3/7/health-alerts-eden-prairie-spring-water?fbclid=IwZXh0bgNhZW0CMTEAc3J0YwZhcHBfaWQMMjU2MjgxMDQwNTU4AAEeYtG4spbr4aBk3fyNFDmws3zeVeawqxGxVEK0XoREiwvE79TZku3g1l4RegA_aem__yALd9dc7nrxDj50UnBTGQ,Panka Natural Health,1,1,1
2026|05,/blog/2022/3/7/health-alerts-eden-prairie-spring-water?fbclid=IwZXh0bgNhZW0CMTEAc3J0YwZhcHBfaWQMMjU2MjgxMDQwNTU4AAEebEsUe5-pOKlDE6VQHFcWxzrf5Zb5bPoOue5tRydMOCGLUNdsjK5UAEYVobY_aem_xyJv4GnbjHy44vjzEN4O9Q,Panka Natural Health,1,1,1
2026|05,/blog/2022/3/7/health-alerts-eden-prairie-spring-water?fbclid=IwZXh0bgNhZW0CMTEAc3J0YwZhcHBfaWQMMjU2MjgxMDQwNTU4AAEeeYVPOtY1wuMxa193klVtv5xOljr4LdIo_TuAAEpHDhKqNIJafqXS-hQtbQw_aem_M1WYvkX2uewICZeERNpHwA,Panka Natural Health,1,1,1
2026|05,/blog/7-day-spring-cleaning-dust-allergy-action-plan,7-Day Spring Cleaning Dust Allergy Action Plan — Panka Natural Health,6,7,4
2026|05,/blog/aerobic-exercise-vs-hiit-which-is-right-for-you,Cardio vs. HIIT: Which Is Right for You? — Panka Natural Health,3,3,3
2026|05,/blog/breaking-the-fast-your-guide-to-a-stellar-morning-meal,Breaking the Fast: Your Guide to a Stellar Morning Meal — Panka Natural Health,1,1,1
2026|05,/blog/eden-prairie-springs,Eden Prairie Springs: Natural Resources for Community Wellness — Panka Natural Health,36,34,29
2026|05,/blog/eden-prairie-springs?fbclid=IwY2xjawSC5AFleHRuA2FlbQIxMQBzcnRjBmFwcF9pZAwzNTA2ODU1MzE3MjgAAR53RlGkYaaGd4G9TaAk1y2otq8eh0HV7hCp3fNOZzCrJbCYzd3HWxNPI0aISQ_aem_aP0bVRVuFaDB_VGAY6Cb9A,Eden Prairie Springs: Natural Resources for Community Wellness — Panka Natural Health,1,1,1
2026|05,/blog/eden-prairie-springs?fbclid=IwZXh0bgNhZW0CMTEAc3J0YwZhcHBfaWQKNjYyODU2ODM3OQABHlDJHYvKuxAxsfu6-FDzyiIYta970C4PDlQQPoQRC_iVXXWFNdxrwIUhVBDn_aem_nclwc6NOg5OXwBlIoi37Kw,Eden Prairie Springs: Natural Resources for Community Wellness — Panka Natural Health,1,1,1
2026|05,/blog/eden-prairie-springs?fbclid=IwZXh0bgNhZW0CMTEAc3J0YwZhcHBfaWQKNjYyODU2ODM3OQABHlk5gyYCydhcdrxDBkHzT96ysrIRztdNWxRH7kl1OYycJjEhGyoQr_uKOeOw_aem_f4XgE2mJXlf_Mi_2p6OJhQ,Eden Prairie Springs: Natural Resources for Community Wellness — Panka Natural Health,1,1,1
2026|05,/blog/eden-prairie-springs?fbclid=IwZXh0bgNhZW0CMTEAc3J0YwZhcHBfaWQKNjYyODU2ODM3OQABHpw8RIgk7Zdh95pVda2IwGsSxgCR8zxZFbC2npP2ohpoZVlyA3wrJt7yDp7X_aem_VHynOPEk9tV_LbQ8tTQz6Q,Eden Prairie Springs: Natural Resources for Community Wellness — Panka Natural Health,1,1,1
2026|05,/blog/eden-prairie-springs?fbclid=IwZXh0bgNhZW0CMTEAc3J0YwZhcHBfaWQMMjU2MjgxMDQwNTU4AAEePaWa2yutw7NuDfffueE_gZq1n57OQWWxWEvFlL5ZzldgqfD7-mLZpd4jX18_aem_iz_LD4ClXb6gbU_SBziILg,Eden Prairie Springs: Natural Resources for Community Wellness — Panka Natural Health,1,1,1
2026|05,/blog/fiberfocus,Fiber Focus: The Top Foods and Supplements to Keep You Regular — Panka Natural Health,1,1,1
2026|05,/blog/health-alerts-for-eden-prairie-spring-water,Health Alerts for Eden Prairie Spring Water — Panka Natural Health,23,21,17
2026|05,/blog/health-alerts-for-eden-prairie-spring-water?fbclid=IwY2xjawR5gapleHRuA2FlbQIxMQBzcnRjBmFwcF9pZAwzNTA2ODU1MzE3MjgAAR614yTk_CuRgjvZbiriiUXNWJxNGtYS7Q9KqKAszK-5aPeSAJ7Ts-9nXtSrMw_aem_gds0UQghy8-e6xObq8m34A,Health Alerts for Eden Prairie Spring Water — Panka Natural Health,1,1,1
2026|05,/blog/health-alerts-for-eden-prairie-spring-water?fbclid=IwY2xjawR5gdRleHRuA2FlbQIxMABicmlkETFWNjd3c1BwOW5MbHJ2em01c3J0YwZhcHBfaWQQMjIyMDM5MTc4ODIwMDg5MgABHk916KNDluePD6nOxo9zaCR7SK1tnhsluXHePX2HiNu4NP3EvLnksyH_mifm_aem_WWDwSdVS7tbgw9sQL1-EXg,Health Alerts for Eden Prairie Spring Water — Panka Natural Health,1,1,1
2026|05,/blog/health-alerts-for-eden-prairie-spring-water?fbclid=IwZXh0bgNhZW0CMTEAc3J0YwZhcHBfaWQKNjYyODU2ODM3OQABHiImSwkSzc20FVzjO0sLMmnKvkh1erX3DqVrH0DMSXBZI0qeotwCNI6Y8-0V_aem_5-DgP7tVuGkD1pRrL78tBg,Health Alerts for Eden Prairie Spring Water — Panka Natural Health,1,1,1
2026|05,/blog/health-alerts-for-eden-prairie-spring-water?fbclid=IwZXh0bgNhZW0CMTEAc3J0YwZhcHBfaWQKNjYyODU2ODM3OQABHr18jWvAXwNp2KPihWEUe0CZ3LasaQ4--0Fp0_qRgaE_RTjCmcjzNs7rMTr4_aem_3qb7dfO7DUppmCLZLHVj8A,Health Alerts for Eden Prairie Spring Water — Panka Natural Health,1,1,1
2026|05,/blog/health-alerts-for-eden-prairie-spring-water?fbclid=IwZXh0bgNhZW0CMTEAc3J0YwZhcHBfaWQKNjYyODU2ODM3OQABHrC-03DU8iPp3pya9sMUQCThbhgkRECbW2CkbgesoaqnVmMquLEhoXUITeDu_aem_-loXxN8lbReHzI58VYQ8qA,Health Alerts for Eden Prairie Spring Water — Panka Natural Health,1,1,1
2026|05,/blog/health-alerts-for-eden-prairie-spring-water?fbclid=IwZXh0bgNhZW0CMTEAc3J0YwZhcHBfaWQMMjU2MjgxMDQwNTU4AAEeZqcoyszdaq7s182NjYwpX3-zZ_a77St9-Tm5aekcRoEcx0pQh45njzJGGpg_aem_iz68JWCo8Cb75gXYBEoLtw,Health Alerts for Eden Prairie Spring Water — Panka Natural Health,1,1,1
2026|05,/blog/health-alerts-for-eden-prairie-spring-water?fbclid=IwZXh0bgNhZW0CMTEAc3J0YwZhcHBfaWQMMjU2MjgxMDQwNTU4AAEexLelYHmqLaGpgOCOdxI5Ny4GQFJySNpwmtyfUnfxd88K3MYqKUuaR4O12DU_aem_3Js2B6nmLGmtqvFwuCgPNw,Health Alerts for Eden Prairie Spring Water — Panka Natural Health,1,1,1
2026|05,/blog/health-alerts-for-eden-prairie-spring-water?fbclid=IwZXh0bgNhZW0CMTEAc3J0YwZhcHBfaWQMMjU2MjgxMDQwNTU4AAEey46_nsYtCCIWiHgf5RaSC9iSt0SRQqC_0fipxC62jJ8q7WJmh8sbXLdlElI_aem_ConJFD81mMY7vcvJHuP6dA,Health Alerts for Eden Prairie Spring Water — Panka Natural Health,1,1,1
2026|05,/blog/lab-testing-looking-outside-the-reference-range,Lab Testing: Looking Outside the Reference Range — Panka Natural Health,2,2,2
2026|05,/blog/naturopathic-first-aid-kit,Naturopathic First Aid Kit — Panka Natural Health,2,2,2
2026|05,/blog/naturopathic-medicine-provides-a-holistic-approach,Naturopathic Medicine Provides a Holistic Approach to Health — Panka Natural Health,2,2,2
2026|05,/blog/nutrient-spotlight-foods-rich-in-calcium,Nutrient Spotlight: Foods Rich in Calcium — Panka Natural Health,2,2,2
2026|05,/blog/nutrient-spotlight-foods-rich-in-magnesium,Nutrient Spotlight: Foods Rich in Magnesium — Panka Natural Health,2,3,2
2026|05,/blog/personalized-fitness-tailoring-your-workouts-with-target-heart-rate,Personalized Fitness: Tailoring Your Workouts with Target Heart Rate — Panka Natural Health,2,2,2
2026|05,/blog/pfas-risk-in-mn-freshwater-fish,The Hidden Risks of Eating Locally Caught Fish: Understanding PFAS Contamination — Panka Natural Health,1,1,1
2026|05,/blog/sunburn-protection-with-lycopene-rich-foods,Sunburn Protection with Lycopene-Rich Foods — Panka Natural Health,2,2,2
2026|05,/blog/the-amazing-health-benefits-of-regular-sauna-use,The Health Benefits of Regular Sauna Use — Panka Natural Health,1,1,1
2026|05,/blog/the-synergy-of-functional-and-naturopathic-medicine-a-holistic-approach-to-health-in-minnesota,The Similarities of Functional & Naturopathic Medicine — Panka Natural Health,1,1,1
2026|05,/blog/what-to-expect-from-a-naturopathic-doctor,What to Expect from a Naturopathic Doctor — Panka Natural Health,8,9,5
2026|05,/c2NoZWR1bG,Panka Natural Health,1,1,1
2026|05,/cardiovascular-wellness-program,"Cardiovascular Wellness Program Hopkins, MN | Holistic Heart Health | Naturopathic Doctor — Panka Natural Health",27,23,20
2026|05,/cart,Panka Natural Health,7,5,5
2026|05,/checkout?cartToken=DsO7rn_PadyWX7T70CnF4pC3EXbC1c_hK7sNTEqi,Panka Natural Health | Secure Checkout,1,1,1
2026|05,/clinical-laboratory-tests,"Functional & Advanced Lab Testing in Hopkins, MN | Hormones, Gut, Cardiometabolic — Panka Natural Health",2,2,2
2026|05,/clinical-laboratory-tests,"Functional Lab Testing Hopkins, MN | Naturopathic Doctors — Panka Natural Health",56,45,35
2026|05,/commerce/orders/445817ff-7e04-4062-a5c0-b429348d5c58,Panka Natural Health: Order Status,1,1,1
2026|05,/contact,"Contact Us | Naturopathic Doctors Hopkins, MN — Panka Natural Health",50,47,42
2026|05,/dietary-supplements,"Clinical-Grade Supplements Hopkins, MN | Naturopathic Doctor | High-Quality Natural Products — Panka Natural Health",10,8,8
2026|05,/events,Events — Panka Natural Health,8,7,7
2026|05,/faq,"FAQ | Naturopathic Doctor Questions Hopkins, MN — Panka Natural Health",47,31,22
2026|05,/followup-packages,"Follow-up Care Packages | Naturopathic Doctor Hopkins, MN | Ongoing Wellness Support — Panka Natural Health",25,21,16
2026|05,/followuppackages,Panka Natural Health,1,1,1
2026|05,/holistic-diabetes-care,"Holistic Diabetes Care Hopkins, MN | Naturopathic Doctor | Natural Type 2 Diabetes Treatment — Panka Natural Health",11,10,9
2026|05,/holistic-diabetes-care,"Holistic Diabetes Care in Hopkins, MN | Natural Blood Sugar & A1c Support — Panka Natural Health",1,1,1
2026|05,/home,"Panka Natural Health | Naturopathic Doctors in Hopkins, MN",23,5,1
2026|05,/legal-disclaimer,Legal Disclaimer — Panka Natural Health,6,4,3
2026|05,/meal-plans-and-recipe-books,"Naturopathic Meal Plans & Recipe Books | Doctor-Designed Nutrition | Hopkins, MN — Panka Natural Health",11,11,10
2026|05,/meet-dr-haley,"Dr. Haley Panka, ND | Naturopathic Doctor Hopkins, MN | Women's Health — Panka Natural Health",87,65,48
2026|05,/meet-dr-jacob,"Dr. Jacob Panka, ND, MS | Naturopathic Doctor Hopkins, MN | Brain Health — Panka Natural Health",61,42,32
2026|05,/mens-health,"Men's Health Naturopath in Hopkins, MN | Hormones, Heart, Brain & Performance — Panka Natural Health",4,1,1
2026|05,/mens-health,"Men's Health Naturopathic Doctor Hopkins, MN | Holistic Healthcare for Men — Panka Natural Health",37,33,19
2026|05,/nail-fungus-relief,Panka Natural Health,2,2,2
2026|05,/naturopathic-medicine,"Naturopathic Medicine Hopkins, MN | Holistic Doctors — Panka Natural Health",48,41,31
2026|05,/naturopathic-medicine,"Naturopathic Medicine in Hopkins, MN | Root-Cause, Lab-Driven Care — Panka Natural Health",3,1,1
2026|05,/new-page,Brain/Concussion — Panka Natural Health,2,1,1
2026|05,/new-page,Legal Disclaimer — Panka Natural Health,6,3,2
2026|05,/new-page,New Page — Panka Natural Health,1,1,1
2026|05,/new-page,Panka Natural Health,1,1,1
2026|05,/patient-portal,Access Your Patient Portal at Panka Natural Health - Stay Connected with Your Health — Panka Natural Health,20,23,13
2026|05,/pediatrics,"Pediatric Naturopathic Doctor Hopkins, MN | Holistic Children's Health Care — Panka Natural Health",37,33,24
2026|05,/perimenopause-1,Perimenopause — Panka Natural Health,2,1,1
2026|05,/pmos,PMOS — Panka Natural Health,2,1,1
2026|05,/pnh-fullscript,"Naturopathic Family Medicine | Holistic Care in Hopkins, MN — Panka Natural Health",4,4,4
2026|05,/pnh-wellness-shop,PNH Wellness Shop — Panka Natural Health,26,15,13
2026|05,/pnh-wellness-shop/meal-plan,Meal Plan — PNH Wellness Shop — Panka Natural Health,4,1,1
2026|05,/pnh-wellness-shop/p/21-day-healthy-plate-meal-plan-for-the-family,21-Day Healthy Plate Meal Plan for the Family — Panka Natural Health,1,1,1
2026|05,/pnh-wellness-shop/p/21-day-ketogenic-meal-plan-for-two,21-Day Ketogenic Meal Plan for Two — Panka Natural Health,8,1,1
2026|05,/pnh-wellness-shop/p/anti-inflammatory-recipe-book,Anti-Inflammatory Recipe Book — Panka Natural Health,6,7,2
2026|05,/pnh-wellness-shop/p/dairy-free-gluten-free-recipe-book,Dairy-Free & Gluten-Free Recipe Book — Panka Natural Health,1,1,1
2026|05,/pnh-wellness-shop/recipe-book,Recipe Book — PNH Wellness Shop — Panka Natural Health,13,1,1
2026|05,/prepare-for-your-visit,"Prepare for Your Visit | Naturopathic Doctor Hopkins, MN | New Patient Information — Panka Natural Health",53,38,25
2026|05,/privacy-policy,Privacy Policy — Panka Natural Health,12,5,3
2026|05,/product-guide,Product Guide — Panka Natural Health,12,11,11
2026|05,/schedule-an-appointment,"Schedule Appointment | Naturopathic Doctor Hopkins, MN — Panka Natural Health",188,173,106
2026|05,/schedule-an-appointment?fbclid=IwZXh0bgNhZW0CMTEAc3J0YwZhcHBfaWQMMjU2MjgxMDQwNTU4AAEelv4GTM_Z4NfrOB3QkNOGNUFGEE1lE9z8isI-F_H60auX3H7a3ItYLv-mnQg_aem_T4tHEzx-gg8PDwaW5C5TWQ,"Schedule Appointment | Naturopathic Doctor Hopkins, MN — Panka Natural Health",1,1,1
2026|05,/schedule-an-appointment?fbclid=IwZXh0bgNhZW0CMTEAc3J0YwZhcHBfaWQMMjU2MjgxMDQwNTU4AAEeradWE0Ozo6-pQVVM4ccVpvjrDBXLu_QwdouH8Snw5HWWhFEYOlXQSCiPTIA_aem_8lI0EC3tOidC62KLXAZsmg,"Schedule Appointment | Naturopathic Doctor Hopkins, MN — Panka Natural Health",1,1,1
2026|05,/schedule/0081d9d2,Schedule Appointment with Panka Natural Health,0,1,1
2026|05,/schedule/0081d9d2/?isInConfig=false&ref=sched_block,Schedule Appointment with Panka Natural Health,1,1,1
2026|05,/schedule/0081d9d2/?isPreview=1&mobileApp=true,Schedule Appointment with Panka Natural Health,4,4,1
2026|05,/schedule/0081d9d2/category/Follow-up%20Appointment/appointment/41838350/calendar/7700282/datetime/2026-06-01T17:00:00-05:00/payment?ref=email,Schedule Appointment with Panka Natural Health,1,1,1
2026|05,/schedule/0081d9d2/category/Follow-up%20Appointment/appointment/41838350/calendar/7700282/datetime/2026-06-01T17:00:00-05:00?ref=email,Schedule Appointment with Panka Natural Health,1,1,1
2026|05,/schedule/0081d9d2/category/Follow-up%20Appointment/appointment/41838350/calendar/7700282?ref=email,Schedule Appointment with Panka Natural Health,1,1,1
2026|05,/schedule/0081d9d2/category/Follow-up%20Appointment/appointment/41838350?ref=email,Schedule Appointment with Panka Natural Health,1,1,1
2026|05,/schedule/0081d9d2/category/Follow-up%20Appointment?ref=email,Schedule Appointment with Panka Natural Health,1,1,1
2026|05,/schedule/0081d9d2/category/Introductory%20Phone%20Call/appointment/41826455/calendar/8024328/datetime/2026-05-19T09:45:00-05:00?isInConfig=false&ref=sched_block,Schedule Appointment with Panka Natural Health,1,1,1
2026|05,/schedule/0081d9d2/category/Introductory%20Phone%20Call/appointment/41826455/calendar/8024328?isInConfig=false&ref=sched_block,Schedule Appointment with Panka Natural Health,1,1,1
2026|05,/schedule/0081d9d2/category/Introductory%20Phone%20Call/appointment/41826455?isInConfig=false&ref=sched_block,Schedule Appointment with Panka Natural Health,1,1,1
2026|05,/schedule/0081d9d2/confirmation/55e23ec86f6e4fa0120e6558acd4a379?ref=email,Schedule Appointment with Panka Natural Health,1,1,1
2026|05,/schedule/0081d9d2/confirmation/5706000b1d3f0344ba515d989d5186f2?ref=email,Schedule Appointment with Panka Natural Health,1,1,1
2026|05,/schedule/0081d9d2/confirmation/77ff9ec88ed3d450aff5cb76eee24f31?ref=email,Schedule Appointment with Panka Natural Health,0,2,1
2026|05,/schedule/0081d9d2/confirmation/8e749d43b0019ad91061c451ecdd60ea?isInConfig=false&ref=sched_block,Schedule Appointment with Panka Natural Health,1,1,1
2026|05,/schedule/0081d9d2/confirmation/9feb6ab29274a514fa5edd86f2f3ba30?ref=email,Schedule Appointment with Panka Natural Health,1,1,1
2026|05,/schedule/0081d9d2/confirmation/ab8465bdfa39d4cdf968e46bf09cb18d?ref=email,Schedule Appointment with Panka Natural Health,1,2,1
2026|05,/schedule/0081d9d2/confirmation/cb468f6b7fb4b83d8393994b1436ceba?ref=email,Schedule Appointment with Panka Natural Health,0,2,1
2026|05,/schedule/0081d9d2/confirmation/e88f3bcdaefce64b240fd7f953b9a979?ref=calendar,Schedule Appointment with Panka Natural Health,1,1,1
2026|05,/schedule/0081d9d2?ref=email,Schedule Appointment with Panka Natural Health,1,1,1
2026|05,/thyroid,Thyroid — Panka Natural Health,2,1,1
2026|05,/video-library,Video Library — Panka Natural Health,7,7,7
2026|05,/wellness-community,Wellness Community — Panka Natural Health,17,15,8
2026|05,/whypnh,"Why Choose Panka Natural Health | Naturopathic Doctors Hopkins, MN — Panka Natural Health",18,12,9
2026|05,/womens-health-services,"Women's Health Naturopath in Hopkins & the West Metro, MN | Hormones, PCOS, Perimenopause — Panka Natural Health",3,3,3
2026|05,/womens-health-services,"Women's Health Naturopath in Hopkins & the West Metro, MN | Hormones, PMOS, Perimenopause — Panka Natural Health",6,2,2
2026|05,/womens-health-services,"Women's Health Naturopathic Doctor Hopkins, MN | Holistic Hormone Care — Panka Natural Health",75,65,54
2026|06,(not set),(not set),,,18
2026|06,/,"Panka Natural Health | Naturopathic Doctors in Hopkins, MN",465,436,312
2026|06,/?fbclid=IwY2xjawSMhmxleHRuA2FlbQIxMABicmlkETFiMXloSHJFYzNEMFB5RmZSc3J0YwZhcHBfaWQQMjIyMDM5MTc4ODIwMDg5MgABHoxrOX7zGY7s0dk7vN2VtVf5FTUsti_pSud8DIjjrnEsREOPhgffVhsTum1o_aem__QhmUBy-B9GmnOLHnZw4Sw,"Panka Natural Health | Naturopathic Doctors in Hopkins, MN",1,2,1
2026|06,/?fbclid=IwY2xjawSNGURleHRuA2FlbQIxMABicmlkETF2N2lBQmQyR0thV2owM1Zmc3J0YwZhcHBfaWQQMjIyMDM5MTc4ODIwMDg5MgABHgToo-lFxkCkh6NYYFrnv2375qH0NOQjpJyK8i7R-AFwpy2CSGn0zUGuPaZ7_aem_vjhuSlNdDSURTH9YrAV2QQ,"Panka Natural Health | Naturopathic Doctors in Hopkins, MN",1,2,1
2026|06,/?fbclid=IwY2xjawSNY11leHRuA2FlbQIxMQBzcnRjBmFwcF9pZAwzNTA2ODU1MzE3MjgAAR51gE12H48qaSV-szBGH_BPLiq4f1HpfRui3I6vFbAmbStFi1rgKmJNpdid_Q_aem_kVoJXAeMI9Yno-QH2Y2nzQ,"Panka Natural Health | Naturopathic Doctors in Hopkins, MN",1,1,1
2026|06,/?fbclid=IwY2xjawSNZH1leHRuA2FlbQIxMQBzcnRjBmFwcF9pZAwzNTA2ODU1MzE3MjgAAR51pua5h8dCAjP-Pt4hPog0glEN93DOvCE7DpxvQi6488GoypdMvGgcIl4VGg_aem_qImqnLaNh2FnEsw__doWEg,"Panka Natural Health | Naturopathic Doctors in Hopkins, MN",1,1,1
2026|06,/?fbclid=IwY2xjawSO6fFleHRuA2FlbQIxMQBzcnRjBmFwcF9pZAwzNTA2ODU1MzE3MjgAAR5YMuSxHbzAZoZgzGL64D0Q6gbeabc3ma_yIgZ1ZhiMn2plLU8OY3HNjFGTkg_aem_5X0qiQ4-u2Y_bkz1SSpquw,"Panka Natural Health | Naturopathic Doctors in Hopkins, MN",1,1,1
2026|06,/?fbclid=IwY2xjawSOAYxleHRuA2FlbQIxMQBzcnRjBmFwcF9pZAwzNTA2ODU1MzE3MjgAAR5pmqvN_w1OygQYNNm6rJTPqKrM5TOJiNzC-mFY7ZU_u7rY4WquFwDV5ETs_A_aem_sx07YuCOY69E16kk_qFW4g,"Panka Natural Health | Naturopathic Doctors in Hopkins, MN",1,1,1
2026|06,/?fbclid=IwY2xjawSOzbFleHRuA2FlbQIxMQBzcnRjBmFwcF9pZAwzNTA2ODU1MzE3MjgAAR7eQ89q821K4mLJzcGmar_NhDt92Pd_2ypNLQRfVccVlzornGp_WeKn8REkZw_aem_5hoWyiJosqhXzrACezAS0g,"Panka Natural Health | Naturopathic Doctors in Hopkins, MN",1,1,1
2026|06,/?fbclid=IwZXh0bgNhZW0CMTEAc3J0YwZhcHBfaWQKNjYyODU2ODM3OQABHmXkltaWmbvcSAL5948aIJqul2qgX4XCu3uBYPmYGmxIB2QwcwavB919Y0y3_aem_uvn9WNKvpQsF_W8ccJChzQ,"Panka Natural Health | Naturopathic Doctors in Hopkins, MN",1,1,1
2026|06,/?fbclid=IwZXh0bgNhZW0CMTEAc3J0YwZhcHBfaWQMMjU2MjgxMDQwNTU4AAEeGyUT4rm5h3a1W1Uh5mRoY_XpRPFY3K-ZUGSSXWHhbeHAU1hmZRMWsXwg4xQ_aem_srVLoykIYP3OVQTjWYbIxg,"Panka Natural Health | Naturopathic Doctors in Hopkins, MN",1,1,1
2026|06,/?fbclid=IwZXh0bgNhZW0CMTEAc3J0YwZhcHBfaWQMMjU2MjgxMDQwNTU4AAEeWdyF9IAh3gdRstwPzNwOalQhTKSfhxI2AP6J_dj-ot99Hf3KjIDdY4_304M_aem_uyg2lrhlPKbFkdXVMXB2xQ,"Panka Natural Health | Naturopathic Doctors in Hopkins, MN",1,1,1
2026|06,/?fbclid=IwZXh0bgNhZW0CMTEAc3J0YwZhcHBfaWQMMjU2MjgxMDQwNTU4AAEerodd6c3usEKfIaCm1aJHVB5ieJ9lEg-rWd0PglQiVtY70VY3BsfqqWqWBjs_aem_ECXAxU0Fl7qTEopF1Q8swA,"Panka Natural Health | Naturopathic Doctors in Hopkins, MN",1,1,1
2026|06,/?fbclid=IwZXh0bgNhZW0CMTEAc3J0YwZhcHBfaWQMMjU2MjgxMDQwNTU4AAEeyuRUPNx6ijrXy78wM3J0keEv8HfAc8eUAApBCMIBiFO4o1fk-b8ddumxCPg_aem_KR5zqESuu4C7kUS-TNjStA,"Panka Natural Health | Naturopathic Doctors in Hopkins, MN",1,1,1
2026|06,/?fbclid=PAZXh0bgNhZW0CMTEAc3J0YwZhcHBfaWQPMTI0MDI0NTc0Mjg3NDE0AAGnMZvGbD_vel0nfhTVMGCbF3UAuF7q5_I7E8fVFSFP_HETeXaMK2TG06us6A8_aem_1bkOLLOAPv2SCk5tRT8SWA,"Panka Natural Health | Naturopathic Doctors in Hopkins, MN",1,1,1
2026|06,/?fbclid=PAcGRvZgJleHRuA2FlbQIxMQBzcnRjBmFwcF9pZA8xMjQwMjQ1NzQyODc0MTQAAafdmVulXVk50d6A6gYemxXHCbEU74OXVG2Hf6h5a4LdRttNyVa2467hlC1D2w_aem_xV_3hwlhN2d9_WNeHri9ZQ,"Panka Natural Health | Naturopathic Doctors in Hopkins, MN",1,1,1
2026|06,/about-us,"About Panka Natural Health | Naturopathic Clinic in Hopkins, MN — Panka Natural Health",20,20,19
2026|06,/about-us,About Us — Panka Natural Health,2,1,1
2026|06,/about-us,About — Panka Natural Health,8,6,4
2026|06,/blog,"Holistic Health Blog | Naturopathic Wellness Tips | Hopkins, MN Doctors — Panka Natural Health",9,8,7
2026|06,/blog/2017/7/13/sugar-and-the-alternative-sweeteners,Panka Natural Health,1,1,1
2026|06,/blog/2022/10/26/naturopathic-first-aid-kit?fbclid=IwZXh0bgNhZW0CMTEAc3J0YwZhcHBfaWQMMjU2MjgxMDQwNTU4AAEe9ssnv0OwVUX_5EACSw_TkhAV7QapBhclYhNvBmhE9M8sPjSt2oP92LyPYPc_aem_1_c7xI35pKwuCQwNmFlZMQ,Panka Natural Health,1,1,1
2026|06,/blog/2022/10/26/naturopathic-first-aid-kit?fbclid=IwZXh0bgNhZW0CMTEAc3J0YwZhcHBfaWQMMjU2MjgxMDQwNTU4AAEeRagzQmhPQ_q-3-Sc2vfJlPh3TLG-K80sF1LFQgW7AwnElCcUVGficRyV7a0_aem_PXq5xqeokTRdmHqkjeu5Mg,Panka Natural Health,1,1,1
2026|06,/blog/7-day-spring-cleaning-dust-allergy-action-plan,7-Day Spring Cleaning Dust Allergy Action Plan — Panka Natural Health,2,2,2
2026|06,/blog/aerobic-exercise-vs-hiit-which-is-right-for-you,Cardio vs. HIIT: Which Is Right for You? — Panka Natural Health,1,1,1
2026|06,/blog/breaking-the-fast-your-guide-to-a-stellar-morning-meal,Breaking the Fast: Your Guide to a Stellar Morning Meal — Panka Natural Health,3,3,3
2026|06,/blog/eden-prairie-springs,Eden Prairie Springs: Natural Resources for Community Wellness — Panka Natural Health,53,52,36
2026|06,/blog/eden-prairie-springs?fbclid=IwY2xjawSMh7RleHRuA2FlbQIxMABicmlkETExN1UxYVpzT3FXT1RtYlJrc3J0YwZhcHBfaWQQMjIyMDM5MTc4ODIwMDg5MgABHvbVXgyghf0RhFrwUC8znycgGtIUee3enLiYjzE9rUTs-gj_C1bC1HvZhbBQ_aem_ut6pcw95YbLETcLNCYtlrw,Eden Prairie Springs: Natural Resources for Community Wellness — Panka Natural Health,1,1,1
2026|06,/blog/eden-prairie-springs?fbclid=IwY2xjawSMhn5leHRuA2FlbQIxMABicmlkETFiMXloSHJFYzNEMFB5RmZSc3J0YwZhcHBfaWQQMjIyMDM5MTc4ODIwMDg5MgABHoxrOX7zGY7s0dk7vN2VtVf5FTUsti_pSud8DIjjrnEsREOPhgffVhsTum1o_aem__QhmUBy-B9GmnOLHnZw4Sw,Eden Prairie Springs: Natural Resources for Community Wellness — Panka Natural Health,1,2,1
2026|06,/blog/eden-prairie-springs?fbclid=IwY2xjawSNG2tleHRuA2FlbQIxMABicmlkETF2N2lBQmQyR0thV2owM1Zmc3J0YwZhcHBfaWQQMjIyMDM5MTc4ODIwMDg5MgABHtj0J6HYvUweFkhP9zXxI_Rb1lIzB6I0opqY_l9hxYGvy6FDjM8Bw_W2A6J2_aem_KZm2bz4fXP9_gtqHbDqMjQ,Eden Prairie Springs: Natural Resources for Community Wellness — Panka Natural Health,1,2,1
2026|06,/blog/eden-prairie-springs?fbclid=IwY2xjawSNGRpleHRuA2FlbQIxMABicmlkETF2N2lBQmQyR0thV2owM1Zmc3J0YwZhcHBfaWQQMjIyMDM5MTc4ODIwMDg5MgABHtj0J6HYvUweFkhP9zXxI_Rb1lIzB6I0opqY_l9hxYGvy6FDjM8Bw_W2A6J2_aem_KZm2bz4fXP9_gtqHbDqMjQ,Eden Prairie Springs: Natural Resources for Community Wellness — Panka Natural Health,1,1,1
2026|06,/blog/eden-prairie-springs?fbclid=IwY2xjawSOzz1leHRuA2FlbQIxMQBzcnRjBmFwcF9pZA80MDk5NjI2MjMwODU2MDkAAR41Md0ble7BkFEnCYdk_BBw00CIznEXfKUl4J34exvktfMtK2VyqP9Op0jmQA_aem_tQro_Fv5U1z8F9iAPYSo8A,Eden Prairie Springs: Natural Resources for Community Wellness — Panka Natural Health,1,1,1
2026|06,/blog/eden-prairie-springs?fbclid=IwY2xjawSfqztleHRuA2FlbQIxMABicmlkETJQOFU2YjJ0d0NGTXI1YU0yc3J0YwZhcHBfaWQQMjIyMDM5MTc4ODIwMDg5MgABHnBVc1H9J1ESpnnfJ3MqkG6x7qBK_Jbd7RFmkTWesuP3Xy4LtMff99LKHnfi_aem_llPSpqVrX0ModJK04VTnDg,Eden Prairie Springs: Natural Resources for Community Wellness — Panka Natural Health,1,1,1
2026|06,/blog/eden-prairie-springs?fbclid=IwZXh0bgNhZW0CMTEAc3J0YwZhcHBfaWQKNjYyODU2ODM3OQABHh0Xgh1CGIyuGeRShS_OHgfJZgoGFUU1JpAuH_c3vntbs1T9H_aImHxDT9hx_aem_sWYsZgJ7KTawoRrh_tgIng,Eden Prairie Springs: Natural Resources for Community Wellness — Panka Natural Health,1,1,1
2026|06,/blog/eden-prairie-springs?fbclid=IwZXh0bgNhZW0CMTEAc3J0YwZhcHBfaWQKNjYyODU2ODM3OQABHiASKjFlyIQsRoSGXcRMDVFcxfMDkjtcaVDRMBfeN-XvsqXHnYaWTl7byNbt_aem_zJJ6xsSwI51xzF0uXEko1w,Eden Prairie Springs: Natural Resources for Community Wellness — Panka Natural Health,1,1,1
2026|06,/blog/eden-prairie-springs?fbclid=IwZXh0bgNhZW0CMTEAc3J0YwZhcHBfaWQKNjYyODU2ODM3OQABHmWNgyRQtO4V5-U2b1xaO3ln2g7NCBUp6vlMwV6I1GLaxuiyNfb0S9FLoU24_aem_0LXPSyqpXhqMVGbHyMjLIg,Eden Prairie Springs: Natural Resources for Community Wellness — Panka Natural Health,1,1,1
2026|06,/blog/eden-prairie-springs?fbclid=IwZXh0bgNhZW0CMTEAc3J0YwZhcHBfaWQKNjYyODU2ODM3OQABHn-zfJxsEzrPuoVQjNIatJ47u4uO6IOMzocxtcfMwQmdXKyESju_wVhd-t0s_aem_KH5_pB_Jp21AMHttiU-MUQ,Eden Prairie Springs: Natural Resources for Community Wellness — Panka Natural Health,1,1,1
2026|06,/blog/eden-prairie-springs?fbclid=IwZXh0bgNhZW0CMTEAc3J0YwZhcHBfaWQKNjYyODU2ODM3OQABHou9X0Rtola8hX8uSR3uLWDUUFHMt_7GXIc5FkTsfip90yPvB2R-G_pNYGWD_aem_J9vsQFI1JezpvDthf-sb5Q,Eden Prairie Springs: Natural Resources for Community Wellness — Panka Natural Health,1,1,1
2026|06,/blog/eden-prairie-springs?fbclid=IwZXh0bgNhZW0CMTEAc3J0YwZhcHBfaWQKNjYyODU2ODM3OQABHqYwtEwIsmuq7qDhovfmBbEIVWcwdt28JVMcdwmVg9Xv5AdS7lTQbmyuPPBk_aem_ufq2kXMBE1Pd6V9kCKSg7A,Eden Prairie Springs: Natural Resources for Community Wellness — Panka Natural Health,1,1,1
2026|06,/blog/eden-prairie-springs?fbclid=IwZXh0bgNhZW0CMTEAc3J0YwZhcHBfaWQKNjYyODU2ODM3OQABHvS44M1HY1e023q9ISQJDY9CFaBmqttRFIWVE3Xnx5zFs3V7gcsjK7iNl1vM_aem_6TkyN9nrHSvDbVvRi1nscQ,Eden Prairie Springs: Natural Resources for Community Wellness — Panka Natural Health,2,1,1
2026|06,/blog/eden-prairie-springs?fbclid=IwZXh0bgNhZW0CMTEAc3J0YwZhcHBfaWQMMjU2MjgxMDQwNTU4AAEeFAZq3XAgjRukiolOQLB1pqhDj9dkvmho0KKXxvrbfPDhBCoGrCacGpx0fQk_aem_lLN30h7c0HSxIcpkIzoQzw,Eden Prairie Springs: Natural Resources for Community Wellness — Panka Natural Health,1,1,1
2026|06,/blog/eden-prairie-springs?fbclid=IwZXh0bgNhZW0CMTEAc3J0YwZhcHBfaWQMMjU2MjgxMDQwNTU4AAEeT2WUUjewnqtUBTrq-BtEVhn3i1TcZmeWBXdnwSfNSsryOUz3B4hQhDm2dR4_aem_d-2QnthiVgUrXeg1MKx2Vg,Eden Prairie Springs: Natural Resources for Community Wellness — Panka Natural Health,1,1,1
2026|06,/blog/eden-prairie-springs?fbclid=IwZXh0bgNhZW0CMTEAc3J0YwZhcHBfaWQMMjU2MjgxMDQwNTU4AAEeetEtWLcnOPD-bUFHidNO91muU3dqFGuiA0iVpVaisUYlI7dxvIDRtW_WANY_aem_nmTrdieX1Okwj2HwhAbXQA,Eden Prairie Springs: Natural Resources for Community Wellness — Panka Natural Health,1,1,1
2026|06,/blog/eden-prairie-springs?fbclid=IwZnRzaASMfDBleHRuA2FlbQIxMQBzcnRjBmFwcF9pZAo2NjI4NTY4Mzc5AAEe9LjgzUdjV7Tber0hJAkNj0IVoGaq21EUhZUTdefHnMWzdXuByyMruI2XW8w_aem_6TkyN9nrHSvDbVvRi1nscQ,Eden Prairie Springs: Natural Resources for Community Wellness — Panka Natural Health,2,2,2
2026|06,/blog/eden-prairie-springs?fbclid=IwZnRzaASMjptleHRuA2FlbQIxMQBzcnRjBmFwcF9pZAo2NjI4NTY4Mzc5AAEepjC0TAiya6ruoOGi9-YFsQhVZzB23bwlUxx3CZWD1e_kB1LuVNBubK488GQ_aem_ufq2kXMBE1Pd6V9kCKSg7A,Eden Prairie Springs: Natural Resources for Community Wellness — Panka Natural Health,1,1,1
2026|06,/blog/eden-prairie-springs?fbclid=IwcGRvZgNmZGlkFlCasyi3IeQdGHC8lKHzJVGcfJ8gjWFleHRuA2FlbQIxMQBzcnRjBmFwcF9pZAo2NjI4NTY4Mzc5AAEe2Lo8YGJ3UGsLLBCHpKl2TFGBC6fCT-ix-5LyJodNVGwiRYREGgLnQ4GNoQ4_aem_XwU0a6WXP1v3oJ69_cVvXg,Eden Prairie Springs: Natural Resources for Community Wellness — Panka Natural Health,1,1,1
2026|06,/blog/eden-prairie-springs?fbclid=IwdGRleASMjrZleHRuA2FlbQIxMQBzcnRjBmFwcF9pZAo2NjI4NTY4Mzc5AAEepjC0TAiya6ruoOGi9-YFsQhVZzB23bwlUxx3CZWD1e_kB1LuVNBubK488GQ_aem_ufq2kXMBE1Pd6V9kCKSg7A,Eden Prairie Springs: Natural Resources for Community Wellness — Panka Natural Health,1,1,1
2026|06,/blog/fiberfocus,Fiber Focus: The Top Foods and Supplements to Keep You Regular — Panka Natural Health,2,2,2
2026|06,/blog/health-alerts-for-eden-prairie-spring-water,Health Alerts for Eden Prairie Spring Water — Panka Natural Health,26,27,22
2026|06,/blog/lab-testing-looking-outside-the-reference-range,Lab Testing: Looking Outside the Reference Range — Panka Natural Health,1,1,1
2026|06,/blog/naturopathic-first-aid-kit,Naturopathic First Aid Kit — Panka Natural Health,1,1,1
2026|06,/blog/naturopathic-medicine-provides-a-holistic-approach,Naturopathic Medicine Provides a Holistic Approach to Health — Panka Natural Health,2,2,2
2026|06,/blog/nutrient-spotlight-foods-rich-in-calcium,Nutrient Spotlight: Foods Rich in Calcium — Panka Natural Health,1,1,1
2026|06,/blog/nutrient-spotlight-foods-rich-in-magnesium,Nutrient Spotlight: Foods Rich in Magnesium — Panka Natural Health,2,2,2
2026|06,/blog/personalized-fitness-tailoring-your-workouts-with-target-heart-rate,Personalized Fitness: Tailoring Your Workouts with Target Heart Rate — Panka Natural Health,1,1,1
2026|06,/blog/sunburn-protection-with-lycopene-rich-foods,Sunburn Protection with Lycopene-Rich Foods — Panka Natural Health,1,1,1
2026|06,/blog/the-synergy-of-functional-and-naturopathic-medicine-a-holistic-approach-to-health-in-minnesota,The Similarities of Functional & Naturopathic Medicine — Panka Natural Health,2,2,2
2026|06,/cardiovascular-wellness-program,"Cardiovascular Wellness Program Hopkins, MN | Holistic Heart Health | Naturopathic Doctor — Panka Natural Health",13,4,1
2026|06,/cardiovascular-wellness-program,Panka Natural Health,2,1,1
2026|06,/cart,Panka Natural Health,1,1,1
2026|06,/cholesterol,"Natural Cholesterol Support in Hopkins, MN | Lower LDL & ApoB — Panka Natural Health — Panka Natural Health",35,22,18
2026|06,/clinical-laboratory-tests,"Functional & Advanced Lab Testing in Hopkins, MN | Hormones, Gut, Cardiometabolic — Panka Natural Health",41,33,25
2026|06,/comprehensive-care,Comprehensive Care & Health Report | Panka Natural Health — Panka Natural Health,6,5,3
2026|06,/comprehensive-care,Comprehensive Care — Panka Natural Health,4,1,1
2026|06,/comprehensive-care,Panka Natural Health,1,1,1
2026|06,/contact,"Contact Us | Naturopathic Doctors Hopkins, MN — Panka Natural Health",38,32,18
2026|06,/dietary-supplements,"Clinical-Grade Supplements Hopkins, MN | Naturopathic Doctor | High-Quality Natural Products — Panka Natural Health",11,7,7
2026|06,/events/halloween-in-hopkins-1,Panka Natural Health,1,1,1
2026|06,/events/menstrual-cycles-tracking-for-health-and-fertility-awareness,Panka Natural Health,5,5,5
2026|06,/faq,"FAQ | Naturopathic Doctor Questions Hopkins, MN — Panka Natural Health",28,22,12
2026|06,/faq/,"FAQ | Naturopathic Doctor Questions Hopkins, MN — Panka Natural Health",2,2,2
2026|06,/followup-packages,"Follow-up Care Packages | Naturopathic Doctor Hopkins, MN | Ongoing Wellness Support — Panka Natural Health",22,15,10
2026|06,/functional-health-report,Comprehensive Care & Health Report | Panka Natural Health — Panka Natural Health,1,1,1
2026|06,/functional-health-report,"Functional Health Report & Lab Analysis | Hopkins, MN — Panka Natural Health",25,22,12
2026|06,/functional-health-report,"Functional Health Report & Lab Analysis | Panka, Hopkins MN — Panka Natural Health",20,5,2
2026|06,/functional-health-report,Functional Health Report | Panka Natural Health Hopkins MN — Panka Natural Health,13,12,3
2026|06,/holistic-diabetes-care,"Holistic Diabetes Care in Hopkins, MN | Natural Blood Sugar & A1c Support — Panka Natural Health",58,54,49
2026|06,/home,"Panka Natural Health | Naturopathic Doctors in Hopkins, MN",34,12,2
2026|06,/legal-disclaimer,Legal Disclaimer — Panka Natural Health,15,11,4
2026|06,/meal-plans-and-recipe-books,"Naturopathic Meal Plans & Recipe Books | Doctor-Designed Nutrition | Hopkins, MN — Panka Natural Health",14,10,10
2026|06,/meet-dr-haley,"Dr. Haley Panka, ND | Naturopathic Doctor Hopkins, MN | Women's Health — Panka Natural Health",49,36,26
2026|06,/meet-dr-haley/,"Dr. Haley Panka, ND | Naturopathic Doctor Hopkins, MN | Women's Health — Panka Natural Health",1,1,1
2026|06,/meet-dr-jacob,"Dr. Jacob Panka, ND, MS | Naturopathic Doctor Hopkins, MN | Brain Health — Panka Natural Health",38,29,21
2026|06,/mens-health,"Men's Health Naturopath in Hopkins, MN | Hormones, Heart, Brain & Performance — Panka Natural Health",22,19,18
2026|06,/naturopathic-medicine,"Naturopathic Medicine in Hopkins, MN | Root-Cause, Lab-Driven Care — Panka Natural Health",57,29,18
2026|06,/new-page,New Page — Panka Natural Health,2,1,1
2026|06,/new-patient,Panka Natural Health,1,1,1
2026|06,/new-patients,"Naturopathic Doctors in Hopkins, MN | Panka Natural Health — Panka Natural Health",16,6,3
2026|06,/new-patients,New Patients — Panka Natural Health,2,1,1
2026|06,/our-approach-1,Our Approach — Panka Natural Health,2,1,1
2026|06,/patient-portal,Access Your Patient Portal at Panka Natural Health - Stay Connected with Your Health — Panka Natural Health,23,24,11
2026|06,/pediatrics,"Pediatric Naturopathic Doctor in Hopkins, MN | Eczema, ADHD, Gut & Immune — Panka Natural Health",25,17,13
2026|06,/perimenopause,Perimenopause — Panka Natural Health,1,1,1
2026|06,/perimenopause-1,Perimenopause — Panka Natural Health,1,1,1
2026|06,/pnh-fullscript,"Naturopathic Family Medicine | Holistic Care in Hopkins, MN — Panka Natural Health",5,5,5
2026|06,/pnh-online-medicinary,Panka Natural Health,2,2,2
2026|06,/pnh-wellness-shop,PNH Wellness Shop — Panka Natural Health,11,10,9
2026|06,/pnh-wellness-shop/meal-plan,Meal Plan — PNH Wellness Shop — Panka Natural Health,1,1,1
2026|06,/pnh-wellness-shop/nail-fungus-relief,Panka Natural Health,3,4,4
2026|06,/pnh-wellness-shop/p/21-day-healthy-plate-meal-plan-for-the-family,21-Day Healthy Plate Meal Plan for the Family — Panka Natural Health,1,1,1
2026|06,/pnh-wellness-shop/p/21-day-healthy-plate-meal-plan-one-person,21-Day Healthy Plate Meal Plan — Panka Natural Health,1,1,1
2026|06,/pnh-wellness-shop/p/21-day-ketogenic-meal-plan-for-two,21-Day Ketogenic Meal Plan for Two — Panka Natural Health,1,1,1
2026|06,/pnh-wellness-shop/p/21-day-plant-based-meal-plan-one-person,21-Day Plant-Based Meal Plan — Panka Natural Health,1,1,1
2026|06,/pnh-wellness-shop/p/anti-inflammatory-recipe-book,Anti-Inflammatory Recipe Book — Panka Natural Health,2,2,2
2026|06,/pnh-wellness-shop/p/gluten-free-recipe-book,Gluten-Free Recipe Book — Panka Natural Health,1,1,1
2026|06,/pnh-wellness-shop/p/low-fodmap-recipe-book,Low-FODMAP Recipe Book — Panka Natural Health,1,1,1
2026|06,/pnh-wellness-shop/p/smoothie-recipe-book,Smoothie Recipe Book — Panka Natural Health,3,3,3
2026|06,/prepare-for-your-visit,"Prepare for Your Visit | Naturopathic Doctor Hopkins, MN | New Patient Information — Panka Natural Health",17,13,12
2026|06,/privacy-policy,Privacy Policy — Panka Natural Health,24,17,3
2026|06,/product-guide,Product Guide — Panka Natural Health,9,9,9
2026|06,/schedule-an-appointment,"Schedule Appointment | Naturopathic Doctor Hopkins, MN — Panka Natural Health",148,118,72
2026|06,/schedule-an-appointment?gtm_debug=1780603273076,"Schedule Appointment | Naturopathic Doctor Hopkins, MN — Panka Natural Health",1,1,1
2026|06,/schedule-an-appointment?gtm_debug=1780603737192,"Schedule Appointment | Naturopathic Doctor Hopkins, MN — Panka Natural Health",1,1,1
2026|06,/schedule/0081d9d2,Schedule Appointment with Panka Natural Health,3,2,1
2026|06,/schedule/0081d9d2/?appointmentTypeIds[]=41826455,Schedule Appointment with Panka Natural Health,11,10,8
2026|06,/schedule/0081d9d2/?isInConfig=false,Schedule Appointment with Panka Natural Health,1,1,1
2026|06,/schedule/0081d9d2/?isInConfig=false&ref=sched_block,Schedule Appointment with Panka Natural Health,2,4,2
2026|06,/schedule/0081d9d2/?sh_update=2&ref=email,Schedule Appointment with Panka Natural Health,1,1,1
2026|06,/schedule/0081d9d2/appointment/41826455/calendar/7700282/datetime/2026-06-12T10:15:00-05:00?appointmentTypeIds%5B%5D=41826455,Schedule Appointment with Panka Natural Health,1,1,1
2026|06,/schedule/0081d9d2/appointment/41826455/calendar/7700282/datetime/2026-06-12T14:30:00-05:00?appointmentTypeIds%5B%5D=41826455,Schedule Appointment with Panka Natural Health,1,1,1
2026|06,/schedule/0081d9d2/appointment/41826455/calendar/7700282/datetime/2026-06-19T14:45:00-05:00?appointmentTypeIds%5B%5D=41826455,Schedule Appointment with Panka Natural Health,1,1,1
2026|06,/schedule/0081d9d2/appointment/41826455/calendar/7700282/datetime/2026-06-24T10:15:00-05:00?appointmentTypeIds%5B%5D=41826455,Schedule Appointment with Panka Natural Health,1,1,1
2026|06,/schedule/0081d9d2/appointment/41826455/calendar/7700282/datetime/2026-06-29T12:30:00-05:00?appointmentTypeIds%5B%5D=41826455,Schedule Appointment with Panka Natural Health,1,1,1
2026|06,/schedule/0081d9d2/appointment/41826455/calendar/7700282?appointmentTypeIds%5B%5D=41826455,Schedule Appointment with Panka Natural Health,5,5,5
2026|06,/schedule/0081d9d2/appointment/41826455/calendar/8024328/datetime/2026-06-09T10:00:00-05:00?appointmentTypeIds%5B%5D=41826455,Schedule Appointment with Panka Natural Health,2,1,1
2026|06,/schedule/0081d9d2/appointment/41826455/calendar/8024328/datetime/2026-06-23T14:00:00-05:00?appointmentTypeIds%5B%5D=41826455,Schedule Appointment with Panka Natural Health,1,1,1
2026|06,/schedule/0081d9d2/appointment/41826455/calendar/8024328?appointmentTypeIds%5B%5D=41826455,Schedule Appointment with Panka Natural Health,4,3,3
2026|06,/schedule/0081d9d2/appointment/41826455?appointmentTypeIds%5B%5D=41826455,Schedule Appointment with Panka Natural Health,3,2,2
2026|06,/schedule/0081d9d2/appointment/41826455?appointmentTypeIds[]=41826455,Schedule Appointment with Panka Natural Health,3,9,8
2026|06,/schedule/0081d9d2/category/First%20Appointment,Schedule Appointment with Panka Natural Health,1,1,1
2026|06,/schedule/0081d9d2/category/First%20Appointment?isInConfig=false&ref=sched_block,Schedule Appointment with Panka Natural Health,1,1,1
2026|06,/schedule/0081d9d2/category/Follow-up%20Appointment,Schedule Appointment with Panka Natural Health,1,1,1
2026|06,/schedule/0081d9d2/category/Follow-up%20Appointment/appointment/41838350/calendar/7700282/datetime/2026-06-26T14:00:00-05:00/payment?certificate=F468D34D&sh_update=2&ecd=YWN1aXR5OkFDVUlUWV9BRVNfS0VZXzA2MjEyMDIwOjh2TDYrQjRpVVZvOUhMSEN3NUkwWTdsK3lUdXZwSFJueVlJcGFHRjF5OTMwZWx2c2ZZdEhQTk4rT0Y1VHVXOVFKeXVpbS9xSXhGa3Rod1lGeG9YS3diZURVSlg4T3EzdHpZc0pJbU53dStrYnNaMXFRc1Vzd29HZS80ZXZ3RHhSTjJoMXVjN3ozSGl6ZlBtM2FwYUNKbGw0KzNoR2pGOHpoZz09&ref=email,Schedule Appointment with Panka Natural Health,1,1,1
2026|06,/schedule/0081d9d2/category/Follow-up%20Appointment/appointment/41838350/calendar/7700282/datetime/2026-06-26T14:00:00-05:00?certificate=F468D34D&sh_update=2&ecd=YWN1aXR5OkFDVUlUWV9BRVNfS0VZXzA2MjEyMDIwOjh2TDYrQjRpVVZvOUhMSEN3NUkwWTdsK3lUdXZwSFJueVlJcGFHRjF5OTMwZWx2c2ZZdEhQTk4rT0Y1VHVXOVFKeXVpbS9xSXhGa3Rod1lGeG9YS3diZURVSlg4T3EzdHpZc0pJbU53dStrYnNaMXFRc1Vzd29HZS80ZXZ3RHhSTjJoMXVjN3ozSGl6ZlBtM2FwYUNKbGw0KzNoR2pGOHpoZz09&ref=email,Schedule Appointment with Panka Natural Health,1,1,1
2026|06,/schedule/0081d9d2/category/Follow-up%20Appointment/appointment/41838350/calendar/7700282?certificate=F468D34D&sh_update=2&ecd=YWN1aXR5OkFDVUlUWV9BRVNfS0VZXzA2MjEyMDIwOjh2TDYrQjRpVVZvOUhMSEN3NUkwWTdsK3lUdXZwSFJueVlJcGFHRjF5OTMwZWx2c2ZZdEhQTk4rT0Y1VHVXOVFKeXVpbS9xSXhGa3Rod1lGeG9YS3diZURVSlg4T3EzdHpZc0pJbU53dStrYnNaMXFRc1Vzd29HZS80ZXZ3RHhSTjJoMXVjN3ozSGl6ZlBtM2FwYUNKbGw0KzNoR2pGOHpoZz09&ref=email,Schedule Appointment with Panka Natural Health,1,1,1
2026|06,/schedule/0081d9d2/category/Follow-up%20Appointment/appointment/41838350?certificate=F468D34D&sh_update=2&ecd=YWN1aXR5OkFDVUlUWV9BRVNfS0VZXzA2MjEyMDIwOjh2TDYrQjRpVVZvOUhMSEN3NUkwWTdsK3lUdXZwSFJueVlJcGFHRjF5OTMwZWx2c2ZZdEhQTk4rT0Y1VHVXOVFKeXVpbS9xSXhGa3Rod1lGeG9YS3diZURVSlg4T3EzdHpZc0pJbU53dStrYnNaMXFRc1Vzd29HZS80ZXZ3RHhSTjJoMXVjN3ozSGl6ZlBtM2FwYUNKbGw0KzNoR2pGOHpoZz09&ref=email,Schedule Appointment with Panka Natural Health,1,1,1
2026|06,/schedule/0081d9d2/category/Follow-up%20Appointment/appointment/41839134/calendar/7700282/datetime/2026-06-26T11:30:00-05:00/payment?isInConfig=false&ref=sched_block,Schedule Appointment with Panka Natural Health,1,1,1
2026|06,/schedule/0081d9d2/category/Follow-up%20Appointment/appointment/41839134/calendar/7700282/datetime/2026-06-26T11:30:00-05:00?isInConfig=false&ref=sched_block,Schedule Appointment with Panka Natural Health,1,1,1
2026|06,/schedule/0081d9d2/category/Follow-up%20Appointment/appointment/41839134/calendar/7700282?isInConfig=false&ref=sched_block,Schedule Appointment with Panka Natural Health,1,1,1
2026|06,/schedule/0081d9d2/category/Follow-up%20Appointment/appointment/41839134?isInConfig=false&ref=sched_block,Schedule Appointment with Panka Natural Health,1,1,1
2026|06,/schedule/0081d9d2/category/Follow-up%20Appointment?certificate=F468D34D&sh_update=2&ecd=YWN1aXR5OkFDVUlUWV9BRVNfS0VZXzA2MjEyMDIwOjh2TDYrQjRpVVZvOUhMSEN3NUkwWTdsK3lUdXZwSFJueVlJcGFHRjF5OTMwZWx2c2ZZdEhQTk4rT0Y1VHVXOVFKeXVpbS9xSXhGa3Rod1lGeG9YS3diZURVSlg4T3EzdHpZc0pJbU53dStrYnNaMXFRc1Vzd29HZS80ZXZ3RHhSTjJoMXVjN3ozSGl6ZlBtM2FwYUNKbGw0KzNoR2pGOHpoZz09&ref=email,Schedule Appointment with Panka Natural Health,1,1,1
2026|06,/schedule/0081d9d2/category/Follow-up%20Appointment?isInConfig=false&ref=sched_block,Schedule Appointment with Panka Natural Health,2,2,1
2026|06,/schedule/0081d9d2/category/Introductory%20Phone%20Call/appointment/41826455,Schedule Appointment with Panka Natural Health,1,1,1
2026|06,/schedule/0081d9d2/confirmation/0150c10dec6e4929627e9382d865f1be?ref=email,Schedule Appointment with Panka Natural Health,0,1,1
2026|06,/schedule/0081d9d2/confirmation/0a5718a1888d87f51601c99b17352fb0?ref=email,Schedule Appointment with Panka Natural Health,0,1,1
2026|06,/schedule/0081d9d2/confirmation/0be4bbb0e5bc4f93ef31f8a28750992d?isInConfig=false&ref=sched_block,Schedule Appointment with Panka Natural Health,1,1,1
2026|06,/schedule/0081d9d2/confirmation/0be4bbb0e5bc4f93ef31f8a28750992d?ref=email,Schedule Appointment with Panka Natural Health,0,1,1
2026|06,/schedule/0081d9d2/confirmation/40ad283b3ae6b8d4a13bd3080c7b61cf?certificate=F468D34D&sh_update=2&ecd=YWN1aXR5OkFDVUlUWV9BRVNfS0VZXzA2MjEyMDIwOjh2TDYrQjRpVVZvOUhMSEN3NUkwWTdsK3lUdXZwSFJueVlJcGFHRjF5OTMwZWx2c2ZZdEhQTk4rT0Y1VHVXOVFKeXVpbS9xSXhGa3Rod1lGeG9YS3diZURVSlg4T3EzdHpZc0pJbU53dStrYnNaMXFRc1Vzd29HZS80ZXZ3RHhSTjJoMXVjN3ozSGl6ZlBtM2FwYUNKbGw0KzNoR2pGOHpoZz09&ref=email,Schedule Appointment with Panka Natural Health,1,1,1
2026|06,/schedule/0081d9d2/confirmation/47fb4bcf610e89afbe8d7b7b4264d304?ref=email,Schedule Appointment with Panka Natural Health,0,1,1
2026|06,/schedule/0081d9d2/confirmation/50c5e5c8ca634e18859167b177a878c2?ref=email,Schedule Appointment with Panka Natural Health,1,1,1
2026|06,/schedule/0081d9d2/confirmation/534267fd99100cc56fc858c8c4bde827?appointmentTypeIds%5B%5D=41826455,Schedule Appointment with Panka Natural Health,1,1,1
2026|06,/schedule/0081d9d2/confirmation/5e93ca4848d991566fb26c302d6be8d4?ref=email,Schedule Appointment with Panka Natural Health,1,1,1
2026|06,/schedule/0081d9d2/confirmation/8327e6ef4fbfe07edf03d8647be061a4?appointmentTypeIds%5B%5D=41826455,Schedule Appointment with Panka Natural Health,3,1,1
2026|06,/schedule/0081d9d2/confirmation/9d92ccec144ac28f7b40041a8f3db9a0?ref=email,Schedule Appointment with Panka Natural Health,1,1,1
2026|06,/schedule/0081d9d2/confirmation/a59c7bc3ad3a5275f31ca378d886ba1f?appointmentTypeIds%5B%5D=41826455,Schedule Appointment with Panka Natural Health,1,1,1
2026|06,/schedule/0081d9d2/confirmation/dd386082c26111acca7d2c58a939b467?appointmentTypeIds%5B%5D=41826455,Schedule Appointment with Panka Natural Health,1,1,1
2026|06,/schedule/0081d9d2/confirmation/e551da7c468595201509978d26fc2886?appointmentTypeIds%5B%5D=41826455,Schedule Appointment with Panka Natural Health,1,1,1
2026|06,/service-area,Panka Natural Health,1,1,1
2026|06,/video-library,Video Library — Panka Natural Health,9,3,3
2026|06,/wellness-community,Wellness Community — Panka Natural Health,18,17,9
2026|06,/wellness-shop/p/21-day-healthy-plate-meal-plan-for-the-family,Panka Natural Health,5,3,3
2026|06,/wellness-shop/p/anti-inflammatory-recipe-book,Panka Natural Health,1,1,1
2026|06,/whypnh,"Why Choose Panka Natural Health | Naturopathic Doctors Hopkins, MN — Panka Natural Health",33,22,12
2026|06,/womens-health-services,"Women's Health Naturopath in Hopkins & the West Metro, MN | Hormones, PCOS, Perimenopause — Panka Natural Health",35,26,20
2026|06,/womens-health-services,"Women's Health Naturopathic Doctor Hopkins, MN | Holistic Hormone Care — Panka Natural Health",0,1,1
2026|07,(not set),(not set),,,17
2026|07,/,"Panka Natural Health | Naturopathic Doctors in Hopkins, MN",618,541,413
2026|07,/?fbclid=IwZXh0bgNhZW0CMTEAc3J0YwZhcHBfaWQMMjU2MjgxMDQwNTU4AAEe5G8DTtPN6cYu1xIPg734r_Au8mfxFUz9y0TbuRBTNlchSiVpycemjWnAPEo_aem_cgqJxvzVOQ8Q-T10-07zgA,"Panka Natural Health | Naturopathic Doctors in Hopkins, MN",1,1,1
2026|07,/?fbclid=IwZXh0bgNhZW0CMTEAc3J0YwZhcHBfaWQMMjU2MjgxMDQwNTU4AAEeV4JDw3qwKGQRqe0_4LEsYWioXPVjKY0AA_1zoWicBuVEVSZ2qzJVESxTsik_aem_SyScSGednwx2QHe0k7h_mA,"Panka Natural Health | Naturopathic Doctors in Hopkins, MN",1,1,1
2026|07,/?fbclid=IwcGRvZgFmZGlkFlCvz3-8muwLDj0MjM5OUDm8U58jCS1leHRuA2FlbQIxMQBzcnRjBmFwcF9pZAo2NjI4NTY4Mzc5AAEeFX8kta73kqcNrEQoBIfNZhqit1D2M7kjnB-PLiEmkR4Z3Kge1OZki2UxgQE_aem_LIbap3bH_lNERy7I-ts_Ug,"Panka Natural Health | Naturopathic Doctors in Hopkins, MN",1,1,1
2026|07,/?fbclid=PAZXh0bgNhZW0CMTEAc3J0YwZhcHBfaWQPNTY3MDY3MzQzMzUyNDI3AAGnROaShQlTUTJ6Cuc-pKotSzpEdj5vnhOUS6X2hRXDnVe81Kq-BJuisjo-mKs_aem_edFHnDUfId6haK5z2baS6g,"Panka Natural Health | Naturopathic Doctors in Hopkins, MN",2,1,1
2026|07,/?fbclid=PAZXh0bgNhZW0CMTEAc3J0YwZhcHBfaWQPNTY3MDY3MzQzMzUyNDI3AAGnUb2GHx4gwnfQW-YiW1vxi4RNAHfxsk0B-iwD7Lf--44slFtFVuZ7piRsu-4_aem_xL0a3GilIFvGUa90g_xx5g,"Panka Natural Health | Naturopathic Doctors in Hopkins, MN",1,1,1
2026|07,/?fbclid=PAcGRvZgJleHRuA2FlbQIxMQBzcnRjBmFwcF9pZA8xMjQwMjQ1NzQyODc0MTQAAaf0TtRcOREGIiVcEnfG92FVpv04suVoFFKXqEewe6Vniq2s8YURPdhIHqsNXA_aem_DuZjsrtkFcoBOknrlj3O-g,"Panka Natural Health | Naturopathic Doctors in Hopkins, MN",1,1,1
2026|07,/?nocache=20260702b,"Panka Natural Health | Naturopathic Doctors in Hopkins, MN",1,2,1
2026|07,/MAPTEST-C9PY,MAPTEST-C9PY,2,1,1
2026|07,/about-1,Panka Natural Health,1,1,1
2026|07,/about-us,"About Panka Natural Health | Naturopathic Clinic in Hopkins, MN — Panka Natural Health",47,40,35
2026|07,/admin,Panka Natural Health,1,1,1
2026|07,/blog,"Holistic Health Blog | Naturopathic Wellness Tips | Hopkins, MN Doctors — Panka Natural Health",19,17,14
2026|07,/blog/2022/10/26/naturopathic-first-aid-kit?fbclid=IwZXh0bgNhZW0CMTEAc3J0YwZhcHBfaWQMMjU2MjgxMDQwNTU4AAEeqOH5lozr5O71SJryUCDyIsz3dLmCwyuKtQVsR_DHN9J8dP_c66AMg-LczuY_aem_7dc-_bwZNf5WvLGPdYizvw,Panka Natural Health,1,1,1
2026|07,/blog/2022/10/26/naturopathic-first-aid-kit?fbclid=IwcGRvZgRleHRuA2FlbQIxMQBzcnRjBmFwcF9pZAwyNTYyODEwNDA1NTgAAR4BmuY7FPqgNk8a__lR8M-2bIa1641NnyGPgh5xSu0u8GOBMbgO6GY1eoQDxQ_aem_vNgw_5u_8PodnopRdnAPWQ,Panka Natural Health,1,1,1
2026|07,/blog/2022/3/7/health-alerts-eden-prairie-spring-water?fbclid=IwZXh0bgNhZW0CMTEAc3J0YwZhcHBfaWQMMjU2MjgxMDQwNTU4AAEej-69H8qkSNL2nHNbD5SPh57XGEaboGZuOvQmOkmMlJga6MxlCOY9H1Lahfw_aem_1GCw67NeosNs9wUhHeEvNg,Panka Natural Health,1,1,1
2026|07,/blog/7-day-spring-cleaning-dust-allergy-action-plan,7-Day Spring Cleaning Dust Allergy Action Plan — Panka Natural Health,6,5,4
2026|07,/blog/9b0aqy67ytdn2c6curhavkw7qld2ss,— Panka Natural Health,1,2,1
2026|07,/blog/aerobic-exercise-vs-hiit-which-is-right-for-you,Cardio vs. HIIT: Which Is Right for You? — Panka Natural Health,2,2,2
2026|07,/blog/breaking-the-fast-your-guide-to-a-stellar-morning-meal,Breaking the Fast: Your Guide to a Stellar Morning Meal — Panka Natural Health,2,2,2
2026|07,/blog/eden-prairie-springs,Eden Prairie Springs: Natural Resources for Community Wellness — Panka Natural Health,27,27,23
2026|07,/blog/eden-prairie-springs?fbclid=IwcGRvZgNmZGlkFlCnGxKLu_d-RBvW0c2uPmR6bB7e34NleHRuA2FlbQIxMQBzcnRjBmFwcF9pZAo2NjI4NTY4Mzc5AAEeF0zIPhu-LA3QnD6jedKTYRZ9qgs8qyc_b8SYoyKUPnhSsXq4DyXPWyu-v_I_aem_0ck6ARRm_SOA_PUi1V2yAA,Eden Prairie Springs: Natural Resources for Community Wellness — Panka Natural Health,1,1,1
2026|07,/blog/eden-prairie-springs?fbclid=IwcGRvZgVleHRuA2FlbQIxMQBzcnRjBmFwcF9pZAo2NjI4NTY4Mzc5AAEeoIAg9Hvq4ZS5nshuP7NBc4OQkQUOey9RJpaQRx6LfrbdvRWKoBBuCVRlhik_aem_PLETMr2Ir10JE_trwWWv9A,Eden Prairie Springs: Natural Resources for Community Wellness — Panka Natural Health,1,1,1
2026|07,/blog/fiberfocus,Fiber Focus: The Top Foods and Supplements to Keep You Regular — Panka Natural Health,1,1,1
2026|07,/blog/health-alerts-for-eden-prairie-spring-water,Health Alerts for Eden Prairie Spring Water — Panka Natural Health,21,20,20
2026|07,/blog/how-berries-enhance-your-vitality,How Berries Enhance Your Vitality — Panka Natural Health,16,13,10
2026|07,/blog/naturopathic-first-aid-kit,Naturopathic First Aid Kit — Panka Natural Health,1,1,1
2026|07,/blog/naturopathic-medicine-provides-a-holistic-approach,Naturopathic Medicine Provides a Holistic Approach to Health — Panka Natural Health,4,4,4
2026|07,/blog/nutrient-spotlight-foods-rich-in-calcium,Nutrient Spotlight: Foods Rich in Calcium — Panka Natural Health,1,1,1
2026|07,/blog/nutrient-spotlight-foods-rich-in-magnesium,Nutrient Spotlight: Foods Rich in Magnesium — Panka Natural Health,2,2,2
2026|07,/blog/personalized-fitness-tailoring-your-workouts-with-target-heart-rate,Personalized Fitness: Tailoring Your Workouts with Target Heart Rate — Panka Natural Health,3,3,3
2026|07,/blog/pfas-risk-in-mn-freshwater-fish,The Hidden Risks of Eating Locally Caught Fish: Understanding PFAS Contamination — Panka Natural Health,1,1,1
2026|07,/blog/sunburn-protection-with-lycopene-rich-foods,Sunburn Protection with Lycopene-Rich Foods — Panka Natural Health,2,2,2
2026|07,/blog/the-amazing-health-benefits-of-regular-sauna-use,The Health Benefits of Regular Sauna Use — Panka Natural Health,2,2,2
2026|07,/blog/the-synergy-of-functional-and-naturopathic-medicine-a-holistic-approach-to-health-in-minnesota,The Similarities of Functional & Naturopathic Medicine — Panka Natural Health,4,4,4
2026|07,/blog/what-to-expect-from-a-naturopathic-doctor,What to Expect from a Naturopathic Doctor — Panka Natural Health,1,1,1
2026|07,/blog?nocache=1,"Holistic Health Blog | Naturopathic Wellness Tips | Hopkins, MN Doctors — Panka Natural Health",1,1,1
2026|07,/cart,Panka Natural Health,3,2,2
2026|07,/cholesterol,"Natural Cholesterol Support in Hopkins, MN | Lower LDL & ApoB — Panka Natural Health — Panka Natural Health",26,23,18
2026|07,/clinical-laboratory-tests,"Functional & Advanced Lab Testing in Hopkins, MN | Hormones, Gut, Cardiometabolic — Panka Natural Health",54,50,48
2026|07,/clinical-laboratory-tests?nocache=1,"Functional & Advanced Lab Testing in Hopkins, MN | Hormones, Gut, Cardiometabolic — Panka Natural Health",1,1,1
2026|07,/contact,"Contact Us | Naturopathic Doctors Hopkins, MN — Panka Natural Health",58,54,46
2026|07,/dietary-supplements,"Clinical-Grade Supplements Hopkins, MN | Naturopathic Doctor | High-Quality Natural Products — Panka Natural Health",11,9,8
2026|07,/events/menstrual-cycles-tracking-for-health-and-fertility-awareness,Panka Natural Health,8,8,8
2026|07,/events/natural-remedies-for-cold-and-flu-season,Panka Natural Health,3,3,3
2026|07,/faq,"FAQ | Naturopathic Doctor Questions Hopkins, MN — Panka Natural Health",30,32,29
2026|07,/faq/,"FAQ | Naturopathic Doctor Questions Hopkins, MN — Panka Natural Health",1,1,1
2026|07,/faq?nocache=1,"FAQ | Naturopathic Doctor Questions Hopkins, MN — Panka Natural Health",1,1,1
2026|07,/followup-packages,"Follow-up Care Packages | Naturopathic Doctor Hopkins, MN | Ongoing Wellness Support — Panka Natural Health",33,34,17
2026|07,/followup-packages?nocache=20260702a,"Follow-up Care Packages | Naturopathic Doctor Hopkins, MN | Ongoing Wellness Support — Panka Natural Health",1,1,1
2026|07,/followup-packages?nocache=20260702b,"Follow-up Care Packages | Naturopathic Doctor Hopkins, MN | Ongoing Wellness Support — Panka Natural Health",1,1,1
2026|07,/followuppackages,Panka Natural Health,1,1,1
2026|07,/functional-health-report,"Functional Health Report & Lab Analysis | Hopkins, MN — Panka Natural Health",15,15,14
2026|07,/functional-health-report?nocache=20260702a,"Functional Health Report & Lab Analysis | Hopkins, MN — Panka Natural Health",1,1,1
2026|07,/holistic-diabetes-care,"Holistic Diabetes Care in Hopkins, MN | Natural Blood Sugar & A1c Support — Panka Natural Health",80,76,75
2026|07,/legal-disclaimer,Legal Disclaimer — Panka Natural Health,1,1,1
2026|07,/meal-plans-and-recipe-books,"Naturopathic Meal Plans & Recipe Books | Doctor-Designed Nutrition | Hopkins, MN — Panka Natural Health",6,6,6
2026|07,/meet-dr-haley,"Dr. Haley Panka, ND | Naturopathic Doctor Hopkins, MN | Women's Health — Panka Natural Health",70,66,63
2026|07,/meet-dr-haley?fbclid=IwcGRvZgRleHRuA2FlbQIxMQBzcnRjBmFwcF9pZAwyNTYyODEwNDA1NTgAAR6lhpAmDyAmio6AVkuA0YKpb79QgmXbhYfTKlnLXKpaE4abdRW4p0cofXwukw_aem_0mN7D-SkoofJYWoCqEnTmw,"Dr. Haley Panka, ND | Naturopathic Doctor Hopkins, MN | Women's Health — Panka Natural Health",1,1,1
2026|07,/meet-dr-haley?fbclid=IwcGRvZgRleHRuA2FlbQIxMQBzcnRjBmFwcF9pZAwyNTYyODEwNDA1NTgAAR7-IOyd9fOPI5zOhL-5YGcqA7pVHV8se0FXh6IpFtgKf70pMY4j17l3gfjU6g_aem_2pOGv396pNkdWJ9h94iNvA,"Dr. Haley Panka, ND | Naturopathic Doctor Hopkins, MN | Women's Health — Panka Natural Health",1,1,1
2026|07,/meet-dr-jacob,"Dr. Jacob Panka, ND, MS | Naturopathic Doctor Hopkins, MN | Brain Health — Panka Natural Health",46,44,37
2026|07,/meet-dr-jacob/,"Dr. Jacob Panka, ND, MS | Naturopathic Doctor Hopkins, MN | Brain Health — Panka Natural Health",3,3,3
2026|07,/mens-health,"Men's Health Naturopath in Hopkins, MN | Hormones, Heart, Brain & Performance — Panka Natural Health",60,56,55
2026|07,"/mens-health, https://www.pankanaturalhealth.com/womens-health-services, https://www.pankanaturalhealth.com/pediatrics",Panka Natural Health,1,1,1
2026|07,/mens-health/,"Men's Health Naturopath in Hopkins, MN | Hormones, Heart, Brain & Performance — Panka Natural Health",3,3,3
2026|07,/nail-fungus-relief,Panka Natural Health,5,6,6
2026|07,/naturopathic-medicine,"Naturopathic Medicine in Hopkins, MN | Root-Cause, Lab-Driven Care — Panka Natural Health",43,38,34
2026|07,/new-patients,"Naturopathic Doctors in Hopkins, MN | Panka Natural Health — Panka Natural Health",1,1,1
2026|07,/patient-portal,Access Your Patient Portal at Panka Natural Health - Stay Connected with Your Health — Panka Natural Health,38,35,16
2026|07,/pediatrics,"Pediatric Naturopathic Doctor in Hopkins, MN | Eczema, ADHD, Gut & Immune — Panka Natural Health",69,52,46
2026|07,/pediatrics/,"Pediatric Naturopathic Doctor in Hopkins, MN | Eczema, ADHD, Gut & Immune — Panka Natural Health",3,3,3
2026|07,/pnh-fullscript,"Naturopathic Family Medicine | Holistic Care in Hopkins, MN — Panka Natural Health",5,5,4
2026|07,/pnh-online-medicinary,Panka Natural Health,1,1,1
2026|07,/pnh-wellness-shop,PNH Wellness Shop — Panka Natural Health,8,9,8
2026|07,/pnh-wellness-shop/p/21-day-healthy-plate-meal-plan-for-the-family,21-Day Healthy Plate Meal Plan for the Family — Panka Natural Health,1,1,1
2026|07,/pnh-wellness-shop/p/21-day-healthy-plate-meal-plan-for-two,21-Day Healthy Plate Meal Plan for Two — Panka Natural Health,1,1,1
2026|07,/pnh-wellness-shop/p/21-day-healthy-plate-meal-plan-one-person,21-Day Healthy Plate Meal Plan — Panka Natural Health,3,3,3
2026|07,/pnh-wellness-shop/p/21-day-ketogenic-meal-plan-for-two,21-Day Ketogenic Meal Plan for Two — Panka Natural Health,1,1,1
2026|07,/pnh-wellness-shop/p/21-day-plant-based-meal-plan-one-person,21-Day Plant-Based Meal Plan — Panka Natural Health,1,1,1
2026|07,/pnh-wellness-shop/p/anti-inflammatory-recipe-book,Anti-Inflammatory Recipe Book — Panka Natural Health,2,2,2
2026|07,/pnh-wellness-shop/p/dairy-free-gluten-free-recipe-book,Dairy-Free & Gluten-Free Recipe Book — Panka Natural Health,1,1,1
2026|07,/pnh-wellness-shop/p/ketogenic-recipe-book,Ketogenic Recipe Book — Panka Natural Health,1,1,1
2026|07,/pnh-wellness-shop/p/low-fodmap-recipe-book,Low-FODMAP Recipe Book — Panka Natural Health,4,5,1
2026|07,/pnh-wellness-shop/p/nail-fungus-relief,Panka Natural Health,2,2,2
2026|07,/pnh-wellness-shop/p/plant-based-meal-plan-for-two,21-Day Plant-Based Meal Plan for Two — Panka Natural Health,1,1,1
2026|07,/pnh-wellness-shop/p/smoothie-recipe-book,Smoothie Recipe Book — Panka Natural Health,1,1,1
2026|07,/prepare-for-your-visit,"Prepare for Your Visit | Naturopathic Doctor Hopkins, MN | New Patient Information — Panka Natural Health",26,23,21
2026|07,/privacy-policy,Privacy Policy — Panka Natural Health,1,1,1
2026|07,/product-guide,Product Guide — Panka Natural Health,25,24,22
2026|07,/product-guide?nocache=1,Product Guide — Panka Natural Health,1,1,1
2026|07,/s/PNH-Panka-Report-Sample.pdf,Panka Natural Health,1,2,1
2026|07,/schedule,Panka Natural Health,2,2,1
2026|07,/schedule-an-appointment,"Schedule Appointment | Naturopathic Doctor Hopkins, MN — Panka Natural Health",205,188,133
2026|07,/schedule/0081d9d2,Schedule Appointment with Panka Natural Health,1,1,1
2026|07,/schedule/0081d9d2/?appointmentTypeIds[]=41826455,Schedule Appointment with Panka Natural Health,22,17,8
2026|07,/schedule/0081d9d2/?isInConfig=false&ref=sched_block,Schedule Appointment with Panka Natural Health,6,9,7
2026|07,/schedule/0081d9d2/appointment/41826455/calendar/7700282/datetime/2026-07-03T12:45:00-05:00?appointmentTypeIds%5B%5D=41826455,Schedule Appointment with Panka Natural Health,1,1,1
2026|07,/schedule/0081d9d2/appointment/41826455/calendar/7700282/datetime/2026-07-08T11:00:00-05:00?appointmentTypeIds%5B%5D=41826455,Schedule Appointment with Panka Natural Health,1,1,1
2026|07,/schedule/0081d9d2/appointment/41826455/calendar/7700282/datetime/2026-07-13T16:45:00-05:00?appointmentTypeIds%5B%5D=41826455,Schedule Appointment with Panka Natural Health,1,1,1
2026|07,/schedule/0081d9d2/appointment/41826455/calendar/7700282/datetime/2026-07-24T09:00:00-05:00?appointmentTypeIds%5B%5D=41826455,Schedule Appointment with Panka Natural Health,1,1,1
2026|07,/schedule/0081d9d2/appointment/41826455/calendar/7700282/datetime/2026-07-24T12:30:00-05:00?appointmentTypeIds%5B%5D=41826455,Schedule Appointment with Panka Natural Health,2,1,1
2026|07,/schedule/0081d9d2/appointment/41826455/calendar/7700282/datetime/2026-07-29T11:45:00-05:00?appointmentTypeIds%5B%5D=41826455,Schedule Appointment with Panka Natural Health,1,1,1
2026|07,/schedule/0081d9d2/appointment/41826455/calendar/7700282/datetime/2026-07-29T14:00:00-05:00?appointmentTypeIds%5B%5D=41826455,Schedule Appointment with Panka Natural Health,1,1,1
2026|07,/schedule/0081d9d2/appointment/41826455/calendar/7700282?appointmentTypeIds%5B%5D=41826455,Schedule Appointment with Panka Natural Health,17,14,13
2026|07,/schedule/0081d9d2/appointment/41826455/calendar/8024328/datetime/2026-07-11T10:00:00-05:00?appointmentTypeIds%5B%5D=41826455,Schedule Appointment with Panka Natural Health,1,1,1
2026|07,/schedule/0081d9d2/appointment/41826455/calendar/8024328/datetime/2026-07-14T12:00:00-05:00?appointmentTypeIds%5B%5D=41826455,Schedule Appointment with Panka Natural Health,1,1,1
2026|07,/schedule/0081d9d2/appointment/41826455/calendar/8024328/datetime/2026-07-23T10:15:00-05:00?appointmentTypeIds%5B%5D=41826455,Schedule Appointment with Panka Natural Health,1,1,1
2026|07,/schedule/0081d9d2/appointment/41826455/calendar/8024328/datetime/2026-07-25T10:30:00-05:00?appointmentTypeIds%5B%5D=41826455,Schedule Appointment with Panka Natural Health,1,1,1
2026|07,/schedule/0081d9d2/appointment/41826455/calendar/8024328/datetime/2026-07-30T12:45:00-05:00?appointmentTypeIds%5B%5D=41826455,Schedule Appointment with Panka Natural Health,1,1,1
2026|07,/schedule/0081d9d2/appointment/41826455/calendar/8024328?appointmentTypeIds%5B%5D=41826455,Schedule Appointment with Panka Natural Health,7,6,6
2026|07,/schedule/0081d9d2/appointment/41826455?appointmentTypeIds%5B%5D=41826455,Schedule Appointment with Panka Natural Health,5,4,3
2026|07,/schedule/0081d9d2/appointment/41826455?appointmentTypeIds[]=41826455,Schedule Appointment with Panka Natural Health,15,22,18
2026|07,/schedule/0081d9d2/category/First%20Appointment,Schedule Appointment with Panka Natural Health,2,2,1
2026|07,/schedule/0081d9d2/category/First%20Appointment?isInConfig=false&ref=sched_block,Schedule Appointment with Panka Natural Health,7,7,6
2026|07,/schedule/0081d9d2/confirmation/09206bd37f3f61034cae9723b5b8f366?appointmentTypeIds%5B%5D=41826455,Schedule Appointment with Panka Natural Health,1,1,1
2026|07,/schedule/0081d9d2/confirmation/09c6333f8225ca90702855e97a3260d2?appointmentTypeIds%5B%5D=41826455,Schedule Appointment with Panka Natural Health,1,1,1
2026|07,/schedule/0081d9d2/confirmation/09c6333f8225ca90702855e97a3260d2?ref=email,Schedule Appointment with Panka Natural Health,0,1,1
2026|07,/schedule/0081d9d2/confirmation/0a5347e48a8bab95fec4f8f4aa1cdfd4?appointmentTypeIds%5B%5D=41826455,Schedule Appointment with Panka Natural Health,1,2,1
2026|07,/schedule/0081d9d2/confirmation/0e2bb7d6679ee93a45ed51edf208bacd?appointmentTypeIds%5B%5D=41826455,Schedule Appointment with Panka Natural Health,1,1,1
2026|07,/schedule/0081d9d2/confirmation/0e7e1a3d497a2a187a677abd7803e565?appointmentTypeIds%5B%5D=41826455,Schedule Appointment with Panka Natural Health,1,2,1
2026|07,/schedule/0081d9d2/confirmation/3fe2574ddce0721c080165414e1a9e0f?appointmentTypeIds%5B%5D=41826455,Schedule Appointment with Panka Natural Health,1,1,1
2026|07,/schedule/0081d9d2/confirmation/5753801b7d34a5351ea877fee65bac80?appointmentTypeIds%5B%5D=41826455,Schedule Appointment with Panka Natural Health,1,1,1
2026|07,/schedule/0081d9d2/confirmation/58efc6631412626ccf9c228b5fa528f1?ref=email,Schedule Appointment with Panka Natural Health,1,1,1
2026|07,/schedule/0081d9d2/confirmation/6e17be603212ffacfc449e9a1fb1909b?appointmentTypeIds%5B%5D=41826455,Schedule Appointment with Panka Natural Health,1,1,1
2026|07,/schedule/0081d9d2/confirmation/6e17be603212ffacfc449e9a1fb1909b?ref=email,Schedule Appointment with Panka Natural Health,0,1,1
2026|07,/schedule/0081d9d2/confirmation/768ab656d85c9e0b06048aa72cd3a955?appointmentTypeIds%5B%5D=41826455,Schedule Appointment with Panka Natural Health,1,2,1
2026|07,/schedule/0081d9d2/confirmation/8704730df7c4f2937ab1011661ebed78,Schedule Appointment with Panka Natural Health,1,1,1
2026|07,/schedule/0081d9d2/confirmation/ba68cacc9fc8fac46694f30a40acd0d4?appointmentTypeIds%5B%5D=41826455,Schedule Appointment with Panka Natural Health,2,1,1
2026|07,/schedule/0081d9d2/confirmation/d16ee9fe582877afe880c79cb1c62487?appointmentTypeIds%5B%5D=41826455,Schedule Appointment with Panka Natural Health,1,2,1
2026|07,/schedule/0081d9d2/confirmation/d5c529a61fb72da2477d4429d6108142?ref=email,Schedule Appointment with Panka Natural Health,1,1,1
2026|07,/schedule/0081d9d2/confirmation/ea90e4e9a4ac0f58d9994054ef05e70b?ref=email,Schedule Appointment with Panka Natural Health,0,1,1
2026|07,/schedule/0081d9d2/confirmation/ed3d8178a82259fad611971ac5e62d12?ref=email,Schedule Appointment with Panka Natural Health,0,1,1
2026|07,/schedule/0081d9d2/confirmation/fc2e0d58821660ae86a7513a6d6f1783?appointmentTypeIds%5B%5D=41826455,Schedule Appointment with Panka Natural Health,1,1,1
2026|07,/schedule/0081d9d2/pay/8704730df7c4f2937ab1011661ebed78,Schedule Appointment with Panka Natural Health,0,1,1
2026|07,/schedule/0081d9d2?action=resetpw&uniqueKey=0bcb2cb1ea62885e0507ba7b65e1fdc2,Schedule Appointment with Panka Natural Health,1,1,1
2026|07,/video-library?nocache=1,Video Library — Panka Natural Health,1,1,1
2026|07,/wellness-community,Wellness Community — Panka Natural Health,2,2,2
2026|07,/wellness-shop/p/21-day-healthy-plate-meal-plan-for-the-family,Panka Natural Health,3,3,3
2026|07,/whypnh,"Why Choose Panka Natural Health | Naturopathic Doctors Hopkins, MN — Panka Natural Health",20,20,20
2026|07,/womens-health-services,"Women's Health Naturopath in Hopkins & the West Metro, MN | Hormones, PCOS, Perimenopause — Panka Natural Health",184,158,144
2026|07,/womens-health-services/,"Women's Health Naturopath in Hopkins & the West Metro, MN | Hormones, PCOS, Perimenopause — Panka Natural Health",2,2,2
2026|08,(not set),(not set),,,24
2026|08,/,"Panka Natural Health | Naturopathic Doctors in Hopkins, MN",478,429,334
2026|08,/?fbclid=IwcGRvZgRleHRuA2FlbQIxMQBzcnRjBmFwcF9pZAwyNTYyODEwNDA1NTgAAR4Z97hB_NtQ9JDOa5LeXhdMAK_8wUkRAsBNK1Dopdatl4Q8MSv7tXTIFpqYnw_aem_cMkFpqSASh2DIa7ffsrByw,"Panka Natural Health | Naturopathic Doctors in Hopkins, MN",1,1,1
2026|08,/?fbclid=IwcGRvZgRleHRuA2FlbQIxMQBzcnRjBmFwcF9pZAwyNTYyODEwNDA1NTgAAR4ngtR2qEC7tZdaREzRyW6cpJpp6EFYbiE6KLEBKSPgOpqAW2kSR4HienSf4Q_aem_UiGl105cCpL4FRNdviRmpQ,"Panka Natural Health | Naturopathic Doctors in Hopkins, MN",1,1,1
2026|08,/?fbclid=IwcGRvZgRleHRuA2FlbQIxMQBzcnRjBmFwcF9pZAwyNTYyODEwNDA1NTgAAR6T_1hNsERSz541_knRIpibYdPrZ5Lr41a8nZdzYCP9fZrKEDpKHgUHn1gnMg_aem_ArbHd8nLxAwNMekjik7lIg,"Panka Natural Health | Naturopathic Doctors in Hopkins, MN",1,1,1
2026|08,/?fbclid=IwcGRvZgRleHRuA2FlbQIxMQBzcnRjBmFwcF9pZAwyNTYyODEwNDA1NTgAAR6dDXOWSiFBiFJS2IgpOUjH9tE7QbMEsx3AoQ2A33-QQ003AiQumSutzOkOKA_aem_OVkNHyYoxMBHOV-0s8cgNQ,"Panka Natural Health | Naturopathic Doctors in Hopkins, MN",1,1,1
2026|08,/?fbclid=IwcGRvZgRleHRuA2FlbQIxMQBzcnRjBmFwcF9pZAwyNTYyODEwNDA1NTgAAR6ipxicoazuTz5ZTbcPoFbA5iJiix8XrrJdHfYTokzBl6eEk5RPX3hI8VoMbg_aem_GFTNgqU8JupGY08kliXyqw,"Panka Natural Health | Naturopathic Doctors in Hopkins, MN",1,1,1
2026|08,/?fresh=1,"Panka Natural Health | Naturopathic Doctors in Hopkins, MN",1,1,1
2026|08,/about-us,"About Panka Natural Health | Naturopathic Clinic in Hopkins, MN — Panka Natural Health",42,38,36
2026|08,/blog,"Holistic Health Blog | Naturopathic Wellness Tips | Hopkins, MN Doctors — Panka Natural Health",5,5,5
2026|08,/blog/2020/8/17/increase-nutrient-content-of-your-home-cooked-meals,Panka Natural Health,1,1,1
2026|08,/blog/2022/10/26/naturopathic-first-aid-kit?fbclid=IwcGRvZgRleHRuA2FlbQIxMQBzcnRjBmFwcF9pZAwyNTYyODEwNDA1NTgAAR6Ztj2e4xfSR9s3gifKBuHt0IPB9zA2nIMEB-yrl91z5dd4PjdxA27p1EAGvg_aem_5ZSnai8BXdA3aoeG0Cww1A,Panka Natural Health,1,1,1
2026|08,/blog/2022/10/26/naturopathic-first-aid-kit?fbclid=IwcGRvZgRleHRuA2FlbQIxMQBzcnRjBmFwcF9pZAwyNTYyODEwNDA1NTgAAR7QMXLpBt27FfwHFH0yDOvoAfBVqL_iTr2zyfRj4LKxbYaIIbG_JsYtbv4i9w_aem_NbqqhsSpxsuuQ3ocSgzHIg,Panka Natural Health,1,1,1
2026|08,/blog/2022/3/7/health-alerts-eden-prairie-spring-water?fbclid=IwcGRvZgRleHRuA2FlbQIxMQBzcnRjBmFwcF9pZAwyNTYyODEwNDA1NTgAAR56hxzJn9W0a5GuyK5joA73Zuzy6h0F8XPXrr4fMFnCEqHqLJiP-H888RaOUw_aem_Zv2i4ONSnn_6mm4sX0THmQ,Panka Natural Health,1,1,1
2026|08,/blog/2022/3/7/health-alerts-eden-prairie-spring-water?fbclid=IwcGRvZgRleHRuA2FlbQIxMQBzcnRjBmFwcF9pZAwyNTYyODEwNDA1NTgAAR6qc6f_fgq8hM2l8OLL09VV_D60lhVonPWW4BD75YjB7YAH6q53oUTnEqfdTA_aem_LXg2mov7xh5uf0MivGr3fg,Panka Natural Health,1,1,1
2026|08,/blog/7-day-spring-cleaning-dust-allergy-action-plan,7-Day Spring Cleaning Dust Allergy Action Plan — Panka Natural Health,2,2,2
2026|08,/blog/aerobic-exercise-vs-hiit-which-is-right-for-you,Cardio vs. HIIT: Which Is Right for You? — Panka Natural Health,2,2,2
2026|08,/blog/breaking-the-fast-your-guide-to-a-stellar-morning-meal,Breaking the Fast: Your Guide to a Stellar Morning Meal — Panka Natural Health,2,2,2
2026|08,/blog/eden-prairie-springs,Eden Prairie Springs: Natural Resources for Community Wellness — Panka Natural Health,32,30,24
2026|08,/blog/fiberfocus,Fiber Focus: The Top Foods and Supplements to Keep You Regular — Panka Natural Health,2,2,2
2026|08,/blog/health-alerts-for-eden-prairie-spring-water,Health Alerts for Eden Prairie Spring Water — Panka Natural Health,25,23,20
2026|08,/blog/how-berries-enhance-your-vitality,How Berries Enhance Your Vitality — Panka Natural Health,1,1,1
2026|08,/blog/lab-testing-looking-outside-the-reference-range,Lab Testing: Looking Outside the Reference Range — Panka Natural Health,4,4,4
2026|08,/blog/naturopathic-first-aid-kit,Naturopathic First Aid Kit — Panka Natural Health,2,2,2
2026|08,/blog/naturopathic-medicine-provides-a-holistic-approach,Naturopathic Medicine Provides a Holistic Approach to Health — Panka Natural Health,5,6,5
2026|08,/blog/nutrient-spotlight-foods-rich-in-calcium,Nutrient Spotlight: Foods Rich in Calcium — Panka Natural Health,4,4,4
2026|08,/blog/nutrient-spotlight-foods-rich-in-magnesium,Nutrient Spotlight: Foods Rich in Magnesium — Panka Natural Health,2,2,2
2026|08,/blog/personalized-fitness-tailoring-your-workouts-with-target-heart-rate,Personalized Fitness: Tailoring Your Workouts with Target Heart Rate — Panka Natural Health,3,3,3
2026|08,/blog/pfas-risk-in-mn-freshwater-fish,The Hidden Risks of Eating Locally Caught Fish: Understanding PFAS Contamination — Panka Natural Health,2,2,2
2026|08,/blog/sunburn-protection-with-lycopene-rich-foods,Sunburn Protection with Lycopene-Rich Foods — Panka Natural Health,2,2,2
2026|08,/blog/the-amazing-health-benefits-of-regular-sauna-use,The Health Benefits of Regular Sauna Use — Panka Natural Health,5,5,5
2026|08,/blog/the-synergy-of-functional-and-naturopathic-medicine-a-holistic-approach-to-health-in-minnesota,The Similarities of Functional & Naturopathic Medicine — Panka Natural Health,3,3,3
2026|08,/blog/what-to-expect-from-a-naturopathic-doctor,What to Expect from a Naturopathic Doctor — Panka Natural Health,5,4,3
2026|08,/blog?author=58ae1665725e25cc182c1ee2,"Holistic Health Blog | Naturopathic Wellness Tips | Hopkins, MN Doctors — Panka Natural Health",1,1,1
2026|08,/blog?author=622c0879af148530b8a4bc6c,"Holistic Health Blog | Naturopathic Wellness Tips | Hopkins, MN Doctors — Panka Natural Health",2,2,2
2026|08,/cart,Panka Natural Health,3,3,3
2026|08,/cholesterol,"Natural Cholesterol Support in Hopkins, MN | Lower LDL & ApoB — Panka Natural Health — Panka Natural Health",23,23,21
2026|08,/clinical-laboratory-tests,"Functional & Advanced Lab Testing in Hopkins, MN | Hormones, Gut, Cardiometabolic — Panka Natural Health",67,62,54
2026|08,/contact,"Contact Us | Naturopathic Doctors Hopkins, MN — Panka Natural Health",36,35,32
2026|08,/dietary-supplements,"Clinical-Grade Supplements Hopkins, MN | Naturopathic Doctor | High-Quality Natural Products — Panka Natural Health",12,11,9
2026|08,/dietary-supplements?fresh=1,"Clinical-Grade Supplements Hopkins, MN | Naturopathic Doctor | High-Quality Natural Products — Panka Natural Health",1,1,1
2026|08,/events,Events — Panka Natural Health,8,6,4
2026|08,/events,Panka Natural Health,1,1,1
2026|08,/events/36um4othi36byrdn3rhnz00ymk6mq2,%i — Panka Natural Health,1,1,1
2026|08,/events/beyond-antihistamines-a-natural-approach-to-allergy-relief,Beyond Antihistamines: A Natural Approach to Allergy Relief — Panka Natural Health,1,1,1
2026|08,/events/essential-tips-for-supporting-your-childs-immune-function-this-cold-and-flu-season,Essential Tips for Supporting Your Child's Immune Function This Cold and Flu Season with Live Q&A — Panka Natural Health,1,1,1
2026|08,/events/fewer-sick-days-with-dr-haley-panka,Fewer Sick Days with Dr. Haley Panka — Panka Natural Health,11,7,5
2026|08,/events/halloween-in-hopkins,Halloween in Hopkins — Panka Natural Health,1,1,1
2026|08,/events/halloween-in-hopkins-1,Halloween in Hopkins — Panka Natural Health,1,1,1
2026|08,/events/introducing-dr-jacob-pankas-cardiovascular-wellness-program,Holistic Cardiovascular Wellness Program with Dr. Jacob Panka — Panka Natural Health,1,1,1
2026|08,/events/menstrual-cycles-tracking-for-health-and-fertility-awareness,Tracking Menstrual Cycles for Health and Fertility Awareness — Panka Natural Health,2,2,2
2026|08,/events/natural-remedies-for-cold-and-flu-season,Free Online Webinar: Natural Remedies for Cold and Flu Season — Panka Natural Health,2,2,2
2026|08,/events/small-business-saturday-wellness-giveaway,Small Business Saturday Wellness Giveaway — Panka Natural Health,1,1,1
2026|08,/events/the-black-friday-cyber-monday-sale,The Black Friday Cyber Monday Sale — Panka Natural Health,1,1,1
2026|08,/events/what-is-naturopathic-medicine-live-qa-with-dr-jacob-panka,What is Naturopathic Medicine? - Live Q&A with Dr. Jacob Panka — Panka Natural Health,1,1,1
2026|08,/faq,"FAQ | Naturopathic Doctor Questions Hopkins, MN — Panka Natural Health",26,25,23
2026|08,/fhr-archived-2026-08,"Functional Health Report & Lab Analysis | Hopkins, MN — Panka Natural Health",3,2,1
2026|08,/followup-packages,"Follow-up Care Packages | Naturopathic Doctor Hopkins, MN | Ongoing Wellness Support — Panka Natural Health",13,12,12
2026|08,/followup-packages?fresh=1,"Follow-up Care Packages | Naturopathic Doctor Hopkins, MN | Ongoing Wellness Support — Panka Natural Health",1,1,1
2026|08,/functional-health-report,"Functional Health Report & Lab Analysis | Hopkins, MN — Panka Natural Health",18,16,10
2026|08,/functional-health-report?fresh=1,"Functional Health Report & Lab Analysis | Hopkins, MN — Panka Natural Health",2,1,1
2026|08,/holistic-diabetes-care,"Holistic Diabetes Care in Hopkins, MN | Natural Blood Sugar & A1c Support — Panka Natural Health",12,12,12
2026|08,/home,"Panka Natural Health | Naturopathic Doctors in Hopkins, MN",3,2,2
2026|08,/legal-disclaimer,Legal Disclaimer — Panka Natural Health,9,7,5
2026|08,/legal-disclaimer?fresh=1,Legal Disclaimer — Panka Natural Health,1,1,1
2026|08,/meal-plans-and-recipe-books,"Naturopathic Meal Plans & Recipe Books | Doctor-Designed Nutrition | Hopkins, MN — Panka Natural Health",13,13,11
2026|08,/meet-dr-haley,"Dr. Haley Panka, ND | Naturopathic Doctor Hopkins, MN | Women's Health — Panka Natural Health",73,64,57
2026|08,/meet-dr-jacob,"Dr. Jacob Panka, ND, MS | Naturopathic Doctor Hopkins, MN | Brain Health — Panka Natural Health",45,42,34
2026|08,/mens-health,"Men's Health Naturopath in Hopkins, MN | Hormones, Heart, Brain & Performance — Panka Natural Health",48,43,41
2026|08,/nail-fungus-relief,Panka Natural Health,2,2,2
2026|08,/naturopathic-medicine,"Naturopathic Medicine in Hopkins, MN | Root-Cause, Lab-Driven Care — Panka Natural Health",43,43,40
2026|08,/new-page,New Page — Panka Natural Health,2,1,1
2026|08,/new-page,Panka Natural Health,1,1,1
2026|08,/new-patients,"Naturopathic Doctors in Hopkins, MN | Panka Natural Health — Panka Natural Health",4,2,1
2026|08,/patient-portal,Access Your Patient Portal at Panka Natural Health - Stay Connected with Your Health — Panka Natural Health,9,8,5
2026|08,/patient-portal,Charm Patient Portal — Panka Natural Health — Panka Natural Health,30,24,17
2026|08,/patient-portal?fresh=1,Charm Patient Portal — Panka Natural Health — Panka Natural Health,2,1,1
2026|08,/pediatrics,"Pediatric Naturopathic Doctor in Hopkins, MN | Eczema, ADHD, Gut & Immune — Panka Natural Health",46,33,31
2026|08,/pnh-fullscript,"Naturopathic Family Medicine | Holistic Care in Hopkins, MN — Panka Natural Health",4,3,3
2026|08,/pnh-fullscript,Online Medicinary — Fullscript Supplement Dispensary | Panka Natural Health — Panka Natural Health,9,8,7
2026|08,/pnh-fullscript?fresh=1,Online Medicinary — Fullscript Supplement Dispensary | Panka Natural Health — Panka Natural Health,1,1,1
2026|08,/pnh-online-medicinary,Panka Natural Health,1,1,1
2026|08,/pnh-wellness-shop,PNH Wellness Shop — Panka Natural Health,6,5,5
2026|08,/pnh-wellness-shop/meal-plan,Meal Plan — PNH Wellness Shop — Panka Natural Health,1,1,1
2026|08,/pnh-wellness-shop/p/21-day-healthy-plate-meal-plan-for-the-family,21-Day Healthy Plate Meal Plan for the Family — Panka Natural Health,1,1,1
2026|08,/pnh-wellness-shop/p/21-day-healthy-plate-meal-plan-for-two,21-Day Healthy Plate Meal Plan for Two — Panka Natural Health,1,1,1
2026|08,/pnh-wellness-shop/p/21-day-healthy-plate-meal-plan-one-person,21-Day Healthy Plate Meal Plan — Panka Natural Health,2,2,2
2026|08,/pnh-wellness-shop/p/21-day-ketogenic-meal-plan-for-one-person,21-Day Ketogenic Meal Plan — Panka Natural Health,1,1,1
2026|08,/pnh-wellness-shop/p/21-day-ketogenic-meal-plan-for-two,21-Day Ketogenic Meal Plan for Two — Panka Natural Health,1,1,1
2026|08,/pnh-wellness-shop/p/21-day-plant-based-meal-plan-one-person,21-Day Plant-Based Meal Plan — Panka Natural Health,1,1,1
2026|08,/pnh-wellness-shop/p/anti-inflammatory-recipe-book,Anti-Inflammatory Recipe Book — Panka Natural Health,2,2,2
2026|08,/pnh-wellness-shop/p/dairy-free-gluten-free-recipe-book,Dairy-Free & Gluten-Free Recipe Book — Panka Natural Health,1,1,1
2026|08,/pnh-wellness-shop/p/dairy-free-recipe-book,Dairy-Free Recipe Book — Panka Natural Health,1,1,1
2026|08,/pnh-wellness-shop/p/gluten-free-recipe-book,Gluten-Free Recipe Book — Panka Natural Health,1,1,1
2026|08,/pnh-wellness-shop/p/ketogenic-recipe-book,Ketogenic Recipe Book — Panka Natural Health,1,1,1
2026|08,/pnh-wellness-shop/p/low-fodmap-recipe-book,Low-FODMAP Recipe Book — Panka Natural Health,1,1,1
2026|08,/pnh-wellness-shop/p/nail-fungus-relief,Panka Natural Health,1,1,1
2026|08,/pnh-wellness-shop/p/plant-based-meal-plan-for-two,21-Day Plant-Based Meal Plan for Two — Panka Natural Health,1,1,1
2026|08,/pnh-wellness-shop/p/plant-based-recipe-book,Plant-Based Recipe Book — Panka Natural Health,1,1,1
2026|08,/pnh-wellness-shop/p/smoothie-recipe-book,Smoothie Recipe Book — Panka Natural Health,1,1,1
2026|08,/pnh-wellness-shop/recipe-book,Recipe Book — PNH Wellness Shop — Panka Natural Health,1,1,1
2026|08,/prepare-for-your-visit,"Prepare for Your Visit | Naturopathic Doctor Hopkins, MN | New Patient Information — Panka Natural Health",15,14,14
2026|08,/privacy-policy,Privacy Policy — Panka Natural Health,7,4,3
2026|08,/privacy-policy?fresh=1,Privacy Policy — Panka Natural Health,1,1,1
2026|08,/product-guide,Product Guide — Panka Natural Health,19,19,17
2026|08,/schedule-an-appointment,"Schedule Appointment | Naturopathic Doctor Hopkins, MN — Panka Natural Health",179,159,111
2026|08,/schedule-an-appointment?fresh=1,"Schedule Appointment | Naturopathic Doctor Hopkins, MN — Panka Natural Health",2,1,1
2026|08,/schedule/0081d9d2,Schedule Appointment with Panka Natural Health,2,2,2
2026|08,/schedule/0081d9d2/?appointmentTypeIds[]=41826455,Schedule Appointment with Panka Natural Health,3,3,3
2026|08,/schedule/0081d9d2/?isInConfig=false&ref=sched_block,Schedule Appointment with Panka Natural Health,4,4,3
2026|08,/schedule/0081d9d2/appointment/41826455/calendar/7700282/datetime/2026-08-05T10:00:00-05:00?appointmentTypeIds%5B%5D=41826455,Schedule Appointment with Panka Natural Health,1,1,1
2026|08,/schedule/0081d9d2/appointment/41826455/calendar/7700282/datetime/2026-08-10T16:10:00-05:00?appointmentTypeIds%5B%5D=41826455,Schedule Appointment with Panka Natural Health,1,1,1
2026|08,/schedule/0081d9d2/appointment/41826455/calendar/7700282/datetime/2026-08-10T16:35:00-05:00?appointmentTypeIds%5B%5D=41826455,Schedule Appointment with Panka Natural Health,1,1,1
2026|08,/schedule/0081d9d2/appointment/41826455/calendar/7700282/datetime/2026-08-12T09:00:00-05:00?appointmentTypeIds%5B%5D=41826455,Schedule Appointment with Panka Natural Health,1,1,1
2026|08,/schedule/0081d9d2/appointment/41826455/calendar/7700282/datetime/2026-08-12T11:55:00-05:00?appointmentTypeIds%5B%5D=41826455,Schedule Appointment with Panka Natural Health,1,1,1
2026|08,/schedule/0081d9d2/appointment/41826455/calendar/7700282/datetime/2026-08-12T16:30:00-05:00?appointmentTypeIds%5B%5D=41826455,Schedule Appointment with Panka Natural Health,1,1,1
2026|08,/schedule/0081d9d2/appointment/41826455/calendar/7700282/datetime/2026-08-19T11:05:00-05:00?appointmentTypeIds%5B%5D=41826455,Schedule Appointment with Panka Natural Health,1,1,1
2026|08,/schedule/0081d9d2/appointment/41826455/calendar/7700282/datetime/2026-08-31T16:10:00-05:00?appointmentTypeIds%5B%5D=41826455,Schedule Appointment with Panka Natural Health,1,1,1
2026|08,/schedule/0081d9d2/appointment/41826455/calendar/7700282?appointmentTypeIds%5B%5D=41826455,Schedule Appointment with Panka Natural Health,8,10,7
2026|08,/schedule/0081d9d2/appointment/41826455/calendar/8024328/datetime/2026-08-11T16:30:00-05:00?appointmentTypeIds%5B%5D=41826455,Schedule Appointment with Panka Natural Health,1,1,1
2026|08,/schedule/0081d9d2/appointment/41826455/calendar/8024328?appointmentTypeIds%5B%5D=41826455,Schedule Appointment with Panka Natural Health,1,1,1
2026|08,/schedule/0081d9d2/appointment/41826455?appointmentTypeIds%5B%5D=41826455,Schedule Appointment with Panka Natural Health,3,3,3
2026|08,/schedule/0081d9d2/appointment/41826455?appointmentTypeIds[]=41826455,Schedule Appointment with Panka Natural Health,1,12,11
2026|08,/schedule/0081d9d2/category/First%20Appointment,Schedule Appointment with Panka Natural Health,1,1,1
2026|08,/schedule/0081d9d2/category/Follow-up%20Appointment/appointment/41838350/calendar/7700282?isInConfig=false&ref=sched_block,Schedule Appointment with Panka Natural Health,1,1,1
2026|08,/schedule/0081d9d2/category/Follow-up%20Appointment/appointment/41838350?isInConfig=false&ref=sched_block,Schedule Appointment with Panka Natural Health,1,1,1
2026|08,/schedule/0081d9d2/category/Follow-up%20Appointment/appointment/41839134/calendar/7700282/datetime/2026-08-21T14:30:00-05:00/payment?isInConfig=false&ref=sched_block,Schedule Appointment with Panka Natural Health,1,1,1
2026|08,/schedule/0081d9d2/category/Follow-up%20Appointment/appointment/41839134/calendar/7700282/datetime/2026-08-21T14:30:00-05:00?isInConfig=false&ref=sched_block,Schedule Appointment with Panka Natural Health,1,1,1
2026|08,/schedule/0081d9d2/category/Follow-up%20Appointment/appointment/41839134/calendar/7700282?isInConfig=false&ref=sched_block,Schedule Appointment with Panka Natural Health,2,2,1
2026|08,/schedule/0081d9d2/category/Follow-up%20Appointment/appointment/41839134?isInConfig=false&ref=sched_block,Schedule Appointment with Panka Natural Health,2,2,1
2026|08,/schedule/0081d9d2/category/Follow-up%20Appointment?isInConfig=false&ref=sched_block,Schedule Appointment with Panka Natural Health,3,3,2
2026|08,/schedule/0081d9d2/confirmation/216da4f5fc402c43767d850613b5df70?appointmentTypeIds%5B%5D=41826455,Schedule Appointment with Panka Natural Health,1,2,1
2026|08,/schedule/0081d9d2/confirmation/40b3e1623dc20e580f348fec63d7dd2a?appointmentTypeIds%5B%5D=41826455,Schedule Appointment with Panka Natural Health,1,1,1
2026|08,/schedule/0081d9d2/confirmation/40b3e1623dc20e580f348fec63d7dd2a?ref=email,Schedule Appointment with Panka Natural Health,0,1,1
2026|08,/schedule/0081d9d2/confirmation/44810c9836151a2becc4b1f72bc9f8e4?ref=email,Schedule Appointment with Panka Natural Health,1,1,1
2026|08,/schedule/0081d9d2/confirmation/543775d1e06cf03986279e2b67b74846?appointmentTypeIds%5B%5D=41826455,Schedule Appointment with Panka Natural Health,1,2,1
2026|08,/schedule/0081d9d2/confirmation/589d98d1d449c49d1a5137190ff718d1?ref=email,Schedule Appointment with Panka Natural Health,0,1,1
2026|08,/schedule/0081d9d2/confirmation/5e4c954a88e435288f8ff0b4a7d77418?appointmentTypeIds%5B%5D=41826455,Schedule Appointment with Panka Natural Health,1,1,1
2026|08,/schedule/0081d9d2/confirmation/8b13992aa361f9b92cfb72983c0bd3dd?appointmentTypeIds%5B%5D=41826455,Schedule Appointment with Panka Natural Health,1,1,1
2026|08,/schedule/0081d9d2/confirmation/8b13992aa361f9b92cfb72983c0bd3dd?ref=email,Schedule Appointment with Panka Natural Health,1,2,2
2026|08,/schedule/0081d9d2/confirmation/ae6fbe38bab1dee6a7adaa1796bd138b?ref=email,Schedule Appointment with Panka Natural Health,0,1,1
2026|08,/schedule/0081d9d2/confirmation/c6814680754ead4c8ae0784c7ba4f9c3?appointmentTypeIds%5B%5D=41826455,Schedule Appointment with Panka Natural Health,1,1,1
2026|08,/schedule/0081d9d2/confirmation/c6814680754ead4c8ae0784c7ba4f9c3?ref=email,Schedule Appointment with Panka Natural Health,0,2,1
2026|08,/schedule/0081d9d2/confirmation/d70a1864641e6f2a86e762c4d2b9a6e2?appointmentTypeIds%5B%5D=41826455,Schedule Appointment with Panka Natural Health,1,1,1
2026|08,/schedule/0081d9d2/confirmation/eb3e9c36aa975c4404234faa491ed9df?isInConfig=false&ref=sched_block,Schedule Appointment with Panka Natural Health,1,1,1
2026|08,/schedule/0081d9d2?ref=email,Schedule Appointment with Panka Natural Health,1,1,1
2026|08,/video-library,Video Library — Panka Natural Health,3,3,3
2026|08,/wellness-community,Wellness Community — Panka Natural Health,4,4,4
2026|08,/whypnh,"Why Choose Panka Natural Health | Naturopathic Doctors Hopkins, MN — Panka Natural Health",20,18,14
2026|08,/womens-health-services,"Women's Health Naturopath in Hopkins & the West Metro, MN | Hormones, PCOS, Perimenopause — Panka Natural Health",170,149,141
2026|09,,,,,2
2026|09,(not set),(not set),,,4
2026|09,/,"Panka Natural Health | Naturopathic Doctors in Hopkins, MN",94,87,68
2026|09,/?fbclid=IwY2xjawUDyWtwZG9mAWV4dG4DYWVtAjEwAGJyaWQRMWlwU3JaREEwTGxKcjJETzlzcnRjBmFwcF9pZBAyMjIwMzkxNzg4MjAwODkyAAEepyfTdPod2BP5X2d4fHM1IfB9zkwPn0PR4ai9DT7U7M1c1qhtV6ToV_DB3HY_aem__ndM6XbGvYF3SjP_r1NhUw,"Panka Natural Health | Naturopathic Doctors in Hopkins, MN",1,1,1
2026|09,/?fbclid=PAcGRvZgJmZGlkFlDfyxN_hE_hoM33T9UFFVVqTlU5rO1leHRuA2FlbQIxMQBzcnRjBmFwcF9pZA8xMjQwMjQ1NzQyODc0MTQAAafBVddb6z2y8FDlYAZkd9ZC3fNtVNPH_HyxAgQc-CKq3car4Qc-YeZwVuzrAQ_aem_EUgFtTe-_VTR83DgPAY3lg,"Panka Natural Health | Naturopathic Doctors in Hopkins, MN",1,1,1
2026|09,/about-us,"About Panka Natural Health | Naturopathic Clinic in Hopkins, MN — Panka Natural Health",6,6,6
2026|09,/blog,"Holistic Health Blog | Naturopathic Wellness Tips | Hopkins, MN Doctors — Panka Natural Health",2,2,2
2026|09,/blog/7-day-spring-cleaning-dust-allergy-action-plan,7-Day Spring Cleaning Dust Allergy Action Plan — Panka Natural Health,2,2,2
2026|09,/blog/aerobic-exercise-vs-hiit-which-is-right-for-you,Cardio vs. HIIT: Which Is Right for You? — Panka Natural Health,2,2,2
2026|09,/blog/eden-prairie-springs,Eden Prairie Springs: Natural Resources for Community Wellness — Panka Natural Health,1,1,1
2026|09,/blog/eden-prairie-springs?fbclid=IwcGRvZgFmZGlkFlDcUMzDFGrW6AsH7nES-hx7uSH_EelleHRuA2FlbQIxMQBzcnRjBmFwcF9pZAo2NjI4NTY4Mzc5AAEePchtheRf2HMMiLU-OTxeIS8CgTwsCjdPsWX3gH1bsaseCDvXL_2jBAGgw5A_aem_ohSxLPKu0QL9ObfuBln-gg,Eden Prairie Springs: Natural Resources for Community Wellness — Panka Natural Health,1,1,1
2026|09,/blog/health-alerts-for-eden-prairie-spring-water,Health Alerts for Eden Prairie Spring Water — Panka Natural Health,4,4,3
2026|09,/blog/how-berries-enhance-your-vitality,How Berries Enhance Your Vitality — Panka Natural Health,1,1,1
2026|09,/blog/lab-testing-looking-outside-the-reference-range,Lab Testing: Looking Outside the Reference Range — Panka Natural Health,1,1,1
2026|09,/blog/nutrient-spotlight-foods-rich-in-calcium,Nutrient Spotlight: Foods Rich in Calcium — Panka Natural Health,1,1,1
2026|09,/blog/personalized-fitness-tailoring-your-workouts-with-target-heart-rate,Personalized Fitness: Tailoring Your Workouts with Target Heart Rate — Panka Natural Health,1,1,1
2026|09,/blog/the-synergy-of-functional-and-naturopathic-medicine-a-holistic-approach-to-health-in-minnesota,The Similarities of Functional & Naturopathic Medicine — Panka Natural Health,1,1,1
2026|09,/cart,Panka Natural Health,1,1,1
2026|09,/cholesterol,"Natural Cholesterol Support in Hopkins, MN | Lower LDL & ApoB — Panka Natural Health — Panka Natural Health",2,2,2
2026|09,/clinical-laboratory-tests,"Functional & Advanced Lab Testing in Hopkins, MN | Hormones, Gut, Cardiometabolic — Panka Natural Health",13,10,9
2026|09,/contact,"Contact Us | Naturopathic Doctors Hopkins, MN — Panka Natural Health",11,7,7
2026|09,/dietary-supplements,"Clinical-Grade Supplements Hopkins, MN | Naturopathic Doctor | High-Quality Natural Products — Panka Natural Health",1,1,1
2026|09,/faq,"FAQ | Naturopathic Doctor Questions Hopkins, MN — Panka Natural Health",5,4,4
2026|09,/followup-packages,"Follow-up Care Packages | Naturopathic Doctor Hopkins, MN | Ongoing Wellness Support — Panka Natural Health",5,5,5
2026|09,/holistic-diabetes-care,"Holistic Diabetes Care in Hopkins, MN | Natural Blood Sugar & A1c Support — Panka Natural Health",2,2,2
2026|09,/legal-disclaimer,Legal Disclaimer — Panka Natural Health,2,2,2
2026|09,/meal-plans-and-recipe-books,"Naturopathic Meal Plans & Recipe Books | Doctor-Designed Nutrition | Hopkins, MN — Panka Natural Health",3,3,3
2026|09,/meet-dr-haley,"Dr. Haley Panka, ND | Naturopathic Doctor Hopkins, MN | Women's Health — Panka Natural Health",17,15,13
2026|09,/meet-dr-jacob,"Dr. Jacob Panka, ND, MS | Naturopathic Doctor Hopkins, MN | Brain Health — Panka Natural Health",8,6,6
2026|09,/mens-health,"Men's Health Naturopath in Hopkins, MN | Hormones, Heart, Brain & Performance — Panka Natural Health",6,7,6
2026|09,/naturopathic-medicine,"Naturopathic Medicine in Hopkins, MN | Root-Cause, Lab-Driven Care — Panka Natural Health",6,7,6
2026|09,/patient-portal,Charm Patient Portal — Panka Natural Health — Panka Natural Health,4,4,4
2026|09,/pediatrics,"Pediatric Naturopathic Doctor in Hopkins, MN | Eczema, ADHD, Gut & Immune — Panka Natural Health",5,5,4
2026|09,/prepare-for-your-visit,"Prepare for Your Visit | Naturopathic Doctor Hopkins, MN | New Patient Information — Panka Natural Health",10,7,6
2026|09,/product-guide,Product Guide — Panka Natural Health,3,3,3
2026|09,/schedule-an-appointment,"Schedule Appointment | Naturopathic Doctor Hopkins, MN — Panka Natural Health",24,25,20
2026|09,/schedule/0081d9d2/appointment/41826455/calendar/7700282/datetime/2026-09-04T14:25:00-05:00?appointmentTypeIds%5B%5D=41826455,Schedule Appointment with Panka Natural Health,1,2,1
2026|09,/schedule/0081d9d2/appointment/41826455/calendar/7700282?appointmentTypeIds%5B%5D=41826455,Schedule Appointment with Panka Natural Health,1,1,1
2026|09,/schedule/0081d9d2/appointment/41826455?appointmentTypeIds[]=41826455,Schedule Appointment with Panka Natural Health,0,1,1
2026|09,/schedule/0081d9d2/confirmation/67e2ee3f29d199a4d6b26719641d52ef?appointmentTypeIds%5B%5D=41826455,Schedule Appointment with Panka Natural Health,1,1,1
2026|09,/schedule/0081d9d2/confirmation/77159088c6c424cb41e46683a453e77d?ref=email,Schedule Appointment with Panka Natural Health,1,1,1
2026|09,/schedule/0081d9d2/confirmation/e405375d812c08e9be3aa587c8fe1df1?ref=email,Schedule Appointment with Panka Natural Health,2,2,2
2026|09,/wellness-community,Wellness Community — Panka Natural Health,1,1,1
2026|09,/whypnh,"Why Choose Panka Natural Health | Naturopathic Doctors Hopkins, MN — Panka Natural Health",8,8,4
2026|09,/womens-health-services,"Women's Health Naturopath in Hopkins & the West Metro, MN | Hormones, PCOS, Perimenopause — Panka Natural Health",33,29,27
