yearMonth,city,region,country,sessions,totalUsers,newUsers,engagedSessions,engagementRate,bounceRate,conversions,screenPageViews
2023|02,(not set),(not set),United Kingdom,1,1,1,0,0,1,0,1
2023|02,(not set),(not set),United States,3,3,2,1,0.3333,0.6667,0,3
2023|02,(not set),Minnesota,United States,1,1,1,1,1,0,0,6
2023|02,(not set),Ohio,United States,1,1,1,0,0,1,0,1
2023|02,(not set),Wisconsin,United States,2,1,0,2,1,0,0,15
2023|02,(not set),Zamboanga Peninsula,Philippines,2,1,1,1,0.5,0.5,0,2
2023|02,Albert Lea,Minnesota,United States,1,1,1,1,1,0,0,2
2023|02,Antipolo,Calabarzon,Philippines,1,1,1,1,1,0,0,5
2023|02,Ashburn,Virginia,United States,5,5,4,1,0.2,0.8,0,5
2023|02,Athens,Alabama,United States,1,1,1,0,0,1,0,1
2023|02,Atlanta,Georgia,United States,1,1,1,1,1,0,0,1
2023|02,Austin,Texas,United States,1,1,1,0,0,1,0,1
2023|02,Bagley,Minnesota,United States,1,1,1,0,0,1,0,1
2023|02,Bengaluru,Karnataka,India,1,1,1,1,1,0,0,2
2023|02,Boardman,Oregon,United States,62,58,58,6,0.0968,0.9032,0,74
2023|02,Bolivar,Missouri,United States,2,2,2,0,0,1,0,2
2023|02,Bonham,Texas,United States,1,1,1,0,0,1,0,1
2023|02,Bowie,Texas,United States,6,3,1,1,0.1667,0.8333,0,6
2023|02,Brewton,Alabama,United States,3,2,0,2,0.6667,0.3333,0,4
2023|02,Brooklyn Park,Minnesota,United States,3,2,1,1,0.3333,0.6667,0,8
2023|02,Camano,Washington,United States,1,1,1,0,0,1,0,1
2023|02,Canton,Illinois,United States,2,2,0,1,0.5,0.5,0,14
2023|02,Canton,Texas,United States,1,1,1,0,0,1,0,1
2023|02,Chambers,Nebraska,United States,3,2,0,1,0.3333,0.6667,0,3
2023|02,Chauvin,Louisiana,United States,2,2,0,2,1,0,0,6
2023|02,Chicago,Illinois,United States,34,22,19,13,0.3824,0.6176,0,117
2023|02,Clinton,Missouri,United States,1,1,1,0,0,1,0,1
2023|02,Coalgate,Oklahoma,United States,1,1,1,0,0,1,0,1
2023|02,Coleman,Texas,United States,1,1,1,1,1,0,0,3
2023|02,Columbia,Kentucky,United States,1,1,1,0,0,1,0,1
2023|02,Columbus,Ohio,United States,12,12,12,0,0,1,0,12
2023|02,Crossett,Arkansas,United States,1,1,1,0,0,1,0,1
2023|02,Dallas,Texas,United States,3,2,1,2,0.6667,0.3333,0,12
2023|02,Dhaka,Dhaka Division,Bangladesh,1,1,1,0,0,1,0,1
2023|02,Dimmitt,Texas,United States,4,2,0,4,1,0,0,69
2023|02,Dublin,County Dublin,Ireland,1,1,1,1,1,0,0,1
2023|02,Eau Claire,Wisconsin,United States,1,1,1,0,0,1,0,1
2023|02,Edina,Minnesota,United States,3,2,2,2,0.6667,0.3333,0,13
2023|02,Fairfield,Illinois,United States,1,1,1,0,0,1,0,1
2023|02,Fargo,North Dakota,United States,1,1,1,0,0,1,0,1
2023|02,Forest City,North Carolina,United States,1,1,0,0,0,1,0,0
2023|02,Fort Worth,Texas,United States,2,2,0,0,0,1,0,0
2023|02,Gatesville,Texas,United States,2,2,0,2,1,0,0,7
2023|02,Grand Marais,Minnesota,United States,3,1,1,1,0.3333,0.6667,0,3
2023|02,Grenada,Mississippi,United States,1,1,1,0,0,1,0,1
2023|02,Hannibal,Missouri,United States,1,1,1,0,0,1,0,1
2023|02,Hinton,Oklahoma,United States,1,1,1,0,0,1,0,1
2023|02,Hopkins,Minnesota,United States,2,1,1,1,0.5,0.5,0,2
2023|02,Hugo,Minnesota,United States,1,1,1,1,1,0,0,3
2023|02,Humeston,Iowa,United States,1,1,1,0,0,1,0,1
2023|02,Idabel,Oklahoma,United States,1,1,1,0,0,1,0,1
2023|02,Jaipur,Rajasthan,India,1,1,1,1,1,0,0,2
2023|02,Jonesboro,Arkansas,United States,1,1,0,0,0,1,0,1
2023|02,Kearney,Nebraska,United States,1,1,1,0,0,1,0,1
2023|02,Lake Mills,Iowa,United States,4,1,0,2,0.5,0.5,0,7
2023|02,Lake Village,Arkansas,United States,2,1,0,1,0.5,0.5,0,9
2023|02,Lamoni,Iowa,United States,1,1,1,0,0,1,0,1
2023|02,Las Vegas,Nevada,United States,1,1,1,0,0,1,0,1
2023|02,Leesburg,Virginia,United States,1,1,0,1,1,0,0,1
2023|02,Manhattan,Kansas,United States,1,1,1,1,1,0,0,5
2023|02,Mantua,Ohio,United States,2,1,1,0,0,1,0,1
2023|02,Maple Grove,Minnesota,United States,2,1,1,1,0.5,0.5,0,8
2023|02,Marinette,Wisconsin,United States,1,1,1,0,0,1,0,1
2023|02,Minneapolis,Minnesota,United States,4,3,3,3,0.75,0.25,0,14
2023|02,Minnetonka,Minnesota,United States,1,1,1,1,1,0,0,3
2023|02,Minnetrista,Minnesota,United States,1,1,1,1,1,0,0,1
2023|02,Montgomery,Alabama,United States,1,1,1,0,0,1,0,1
2023|02,Moville,Iowa,United States,1,1,1,0,0,1,0,1
2023|02,New Hope,Minnesota,United States,1,1,1,1,1,0,0,4
2023|02,New Orleans,Louisiana,United States,1,1,1,0,0,1,0,1
2023|02,North Bergen,New Jersey,United States,1,1,1,0,0,1,0,1
2023|02,Osborne,Kansas,United States,1,1,1,0,0,1,0,1
2023|02,Overland Park,Kansas,United States,2,2,0,1,0.5,0.5,0,4
2023|02,Parsons,Kansas,United States,1,1,1,1,1,0,0,1
2023|02,Phoenixville,Pennsylvania,United States,2,1,1,1,0.5,0.5,0,3
2023|02,Plainville,Kansas,United States,1,1,0,1,1,0,0,1
2023|02,Plymouth,Minnesota,United States,2,2,2,2,1,0,0,5
2023|02,Port Wing,Wisconsin,United States,1,1,1,0,0,1,0,1
2023|02,Portage,Wisconsin,United States,1,1,1,1,1,0,0,3
2023|02,Portland,Tennessee,United States,2,2,2,1,0.5,0.5,0,2
2023|02,Princeton,Minnesota,United States,1,1,0,1,1,0,0,3
2023|02,Prineville,Oregon,United States,1,1,0,0,0,1,0,0
2023|02,Providence,Kentucky,United States,1,1,1,0,0,1,0,1
2023|02,Rice Lake,Wisconsin,United States,1,1,1,1,1,0,0,6
2023|02,Richfield,Minnesota,United States,1,1,1,0,0,1,0,1
2023|02,Russell Springs,Kentucky,United States,1,1,1,0,0,1,0,1
2023|02,Ruston,Louisiana,United States,1,1,1,0,0,1,0,1
2023|02,San Francisco,California,United States,1,1,1,0,0,1,0,1
2023|02,Santa Rosa,Calabarzon,Philippines,2,1,1,1,0.5,0.5,0,1
2023|02,Sarasota,Florida,United States,1,1,1,1,1,0,0,2
2023|02,South Euclid,Ohio,United States,1,1,1,1,1,0,0,1
2023|02,Sparta,Illinois,United States,3,2,0,1,0.3333,0.6667,0,2
2023|02,Spirit Lake,Iowa,United States,1,1,1,0,0,1,0,1
2023|02,Stephenson,Michigan,United States,2,2,1,1,0.5,0.5,0,3
2023|02,Storm Lake,Iowa,United States,1,1,1,0,0,1,0,1
2023|02,Talladega,Alabama,United States,1,1,1,0,0,1,0,1
2023|02,Tempe,Arizona,United States,1,1,1,1,1,0,0,1
2023|02,Toronto,Ontario,Canada,1,1,1,0,0,1,0,1
2023|02,Trinity,Texas,United States,4,3,1,2,0.5,0.5,0,19
2023|02,Villa Grove,Illinois,United States,1,1,1,0,0,1,0,1
2023|02,Waco,Texas,United States,1,1,1,0,0,1,0,1
2023|02,Warrenton,Missouri,United States,1,1,1,0,0,1,0,1
2023|02,Waverly,Ohio,United States,2,2,2,1,0.5,0.5,0,2
2023|02,Westbrook,Minnesota,United States,1,1,1,0,0,1,0,1
2023|02,Wilton,Iowa,United States,1,1,1,0,0,1,0,1
2023|02,Winnsboro,Louisiana,United States,1,1,1,0,0,1,0,1
2023|02,Winona,Minnesota,United States,2,1,0,0,0,1,0,6
2023|02,Winona,Missouri,United States,1,1,1,0,0,1,0,1
2023|02,Wittenberg,Wisconsin,United States,1,1,1,0,0,1,0,1
2023|02,Woodsboro,Texas,United States,1,1,1,0,0,1,0,1
2023|02,96272,Gorontalo,Indonesia,1,1,1,0,0,1,0,1
2023|03,(not set),(not set),China,1,1,1,0,0,1,0,1
2023|03,(not set),(not set),Hong Kong,1,1,1,1,1,0,0,2
2023|03,(not set),(not set),Singapore,1,1,1,0,0,1,0,1
2023|03,(not set),(not set),United Kingdom,2,2,2,0,0,1,0,2
2023|03,(not set),(not set),United States,12,12,12,2,0.1667,0.8333,0,16
2023|03,(not set),Alabama,United States,1,1,1,0,0,1,0,1
2023|03,(not set),California,United States,1,1,0,1,1,0,0,1
2023|03,(not set),Florida,United States,1,1,0,0,0,1,0,1
2023|03,(not set),Illinois,United States,4,3,1,1,0.25,0.75,0,3
2023|03,(not set),Iowa,United States,1,1,1,1,1,0,0,2
2023|03,(not set),Kansas,United States,1,1,0,1,1,0,0,2
2023|03,(not set),Massachusetts,United States,1,1,1,0,0,1,0,1
2023|03,(not set),Minnesota,United States,7,7,7,2,0.2857,0.7143,0,7
2023|03,(not set),Missouri,United States,1,1,1,1,1,0,0,3
2023|03,(not set),Texas,United States,2,2,1,1,0.5,0.5,0,3
2023|03,(not set),Virginia,United States,2,2,2,1,0.5,0.5,0,3
2023|03,Adams,Wisconsin,United States,1,1,1,1,1,0,0,2
2023|03,Akron,Ohio,United States,2,1,1,1,0.5,0.5,0,15
2023|03,Albertville,Alabama,United States,1,1,1,1,1,0,0,3
2023|03,Albertville,Minnesota,United States,1,1,1,0,0,1,0,1
2023|03,Alexandria,Minnesota,United States,1,1,1,0,0,1,0,1
2023|03,Altoona,Iowa,United States,2,2,1,1,0.5,0.5,0,1
2023|03,Amsterdam,North Holland,Netherlands,1,1,1,0,0,1,0,1
2023|03,Anoka,Minnesota,United States,1,1,1,0,0,1,0,1
2023|03,Antlers,Oklahoma,United States,1,1,1,1,1,0,0,2
2023|03,Apple Valley,Minnesota,United States,7,6,6,4,0.5714,0.4286,0,10
2023|03,Ashburn,Virginia,United States,4,3,1,2,0.5,0.5,0,4
2023|03,Athens,Alabama,United States,3,3,3,0,0,1,0,3
2023|03,Atlanta,Georgia,United States,2,2,2,1,0.5,0.5,0,4
2023|03,Aurora,Missouri,United States,1,1,1,0,0,1,0,1
2023|03,Baltimore,Maryland,United States,1,1,1,0,0,1,0,1
2023|03,Bassett,Nebraska,United States,1,1,0,0,0,1,0,1
2023|03,Bastrop,Texas,United States,1,1,1,1,1,0,0,3
2023|03,Belle Plaine,Kansas,United States,1,1,1,0,0,1,0,1
2023|03,Bellville,Texas,United States,1,1,0,0,0,1,0,1
2023|03,Bengaluru,Karnataka,India,1,1,1,0,0,1,0,1
2023|03,Big Lake,Minnesota,United States,1,1,1,0,0,1,0,1
2023|03,Blaine,Minnesota,United States,8,6,6,4,0.5,0.5,0,13
2023|03,Bloomington,Minnesota,United States,9,8,6,4,0.4444,0.5556,0,18
2023|03,Blue Hill,Nebraska,United States,1,1,1,0,0,1,0,1
2023|03,Boardman,Oregon,United States,26,24,24,3,0.1154,0.8846,0,25
2023|03,Boonville,Missouri,United States,2,2,2,1,0.5,0.5,0,3
2023|03,Boston,Massachusetts,United States,2,2,1,1,0.5,0.5,0,4
2023|03,Boydton,Virginia,United States,1,1,1,1,1,0,0,5
2023|03,Brainerd,Minnesota,United States,1,1,1,0,0,1,0,1
2023|03,Breaux Bridge,Louisiana,United States,1,1,1,1,1,0,0,1
2023|03,Brewton,Alabama,United States,1,1,1,0,0,1,0,1
2023|03,Bristow,Oklahoma,United States,1,1,1,0,0,1,0,1
2023|03,Brookhaven,Mississippi,United States,1,1,0,0,0,1,0,2
2023|03,Brooklyn Park,Minnesota,United States,17,12,12,10,0.5882,0.4118,0,43
2023|03,Buffalo,New York,United States,1,1,1,0,0,1,0,1
2023|03,Bunkie,Louisiana,United States,1,1,0,1,1,0,0,4
2023|03,Burlington,Iowa,United States,1,1,0,0,0,1,0,1
2023|03,Burnsville,Minnesota,United States,4,4,4,0,0,1,0,4
2023|03,Cabot,Arkansas,United States,1,1,1,0,0,1,0,1
2023|03,Calipatria,California,United States,1,1,0,0,0,1,0,1
2023|03,Camano,Washington,United States,1,1,0,0,0,1,0,0
2023|03,Cambridge,Minnesota,United States,2,2,2,1,0.5,0.5,0,4
2023|03,Canton,Illinois,United States,1,1,0,0,0,1,0,0
2023|03,Carrollton,Missouri,United States,1,1,0,0,0,1,0,3
2023|03,Casselton,North Dakota,United States,1,1,0,0,0,1,0,1
2023|03,Castroville,Texas,United States,1,1,0,0,0,1,0,0
2023|03,Cedar Vale,Kansas,United States,1,1,0,0,0,1,0,1
2023|03,Center,Texas,United States,1,1,0,0,0,1,0,1
2023|03,Centralia,Missouri,United States,1,1,1,0,0,1,0,1
2023|03,Chambers,Nebraska,United States,1,1,0,0,0,1,0,1
2023|03,Champlin,Minnesota,United States,3,3,3,1,0.3333,0.6667,0,3
2023|03,Chanhassen,Minnesota,United States,2,2,2,1,0.5,0.5,0,2
2023|03,Chaska,Minnesota,United States,2,2,2,2,1,0,0,8
2023|03,Cherokee,Iowa,United States,1,1,1,0,0,1,0,1
2023|03,Chicago,Illinois,United States,79,56,48,36,0.4557,0.5443,0,142
2023|03,Chrisman,Illinois,United States,2,2,0,2,1,0,0,18
2023|03,Clanton,Alabama,United States,1,1,1,1,1,0,0,6
2023|03,Clarendon,Texas,United States,1,1,0,0,0,1,0,1
2023|03,Clarksville,Arkansas,United States,2,2,2,1,0.5,0.5,0,3
2023|03,Clinton,Illinois,United States,1,1,1,0,0,1,0,1
2023|03,Clinton,Oklahoma,United States,1,1,1,0,0,1,0,1
2023|03,Cloquet,Minnesota,United States,1,1,0,1,1,0,0,1
2023|03,Coalgate,Oklahoma,United States,3,3,1,1,0.3333,0.6667,0,4
2023|03,Cohasset,Minnesota,United States,1,1,1,1,1,0,0,7
2023|03,Columbia Heights,Minnesota,United States,3,2,2,1,0.3333,0.6667,0,5
2023|03,Columbus,Ohio,United States,6,6,6,0,0,1,0,6
2023|03,Coon Rapids,Minnesota,United States,1,1,1,0,0,1,0,1
2023|03,Cottage Grove,Minnesota,United States,1,1,1,0,0,1,0,1
2023|03,Crystal,Minnesota,United States,2,2,2,0,0,1,0,2
2023|03,Cullman,Alabama,United States,1,1,1,1,1,0,0,1
2023|03,Dallas,Texas,United States,5,4,1,0,0,1,0,5
2023|03,Dayton,Minnesota,United States,1,1,1,1,1,0,0,1
2023|03,DeFuniak Springs,Florida,United States,1,1,1,1,1,0,0,1
2023|03,Decatur,Alabama,United States,1,1,1,0,0,1,0,1
2023|03,Delavan,Wisconsin,United States,1,1,1,1,1,0,0,1
2023|03,Denver,Colorado,United States,6,6,5,2,0.3333,0.6667,0,13
2023|03,Des Moines,Iowa,United States,1,1,1,0,0,1,0,1
2023|03,Des Plaines,Illinois,United States,1,1,1,0,0,1,0,1
2023|03,Detroit,Michigan,United States,4,4,4,3,0.75,0.25,0,7
2023|03,Dickson,Tennessee,United States,1,1,0,1,1,0,0,10
2023|03,Dimmitt,Texas,United States,1,1,0,0,0,1,0,1
2023|03,Dublin,County Dublin,Ireland,1,1,0,0,0,1,0,0
2023|03,Dumas,Arkansas,United States,1,1,1,0,0,1,0,1
2023|03,Dumont,Iowa,United States,2,2,1,1,0.5,0.5,0,7
2023|03,Eagle Grove,Iowa,United States,1,1,0,0,0,1,0,4
2023|03,Eastland,Texas,United States,1,1,1,1,1,0,0,1
2023|03,Eden Prairie,Minnesota,United States,11,11,9,8,0.7273,0.2727,0,31
2023|03,Edina,Minnesota,United States,4,4,4,3,0.75,0.25,0,10
2023|03,Enderlin,North Dakota,United States,1,1,1,1,1,0,0,2
2023|03,Enumclaw,Washington,United States,1,1,0,0,0,1,0,1
2023|03,Estherville,Iowa,United States,1,1,1,1,1,0,0,3
2023|03,Eureka,Kansas,United States,2,2,0,0,0,1,0,2
2023|03,Eureka,Nevada,United States,1,1,0,0,0,1,0,1
2023|03,Fairfax,Minnesota,United States,1,1,1,1,1,0,0,1
2023|03,Fairfax,Oklahoma,United States,2,2,1,0,0,1,0,2
2023|03,Fairfield,California,United States,2,2,1,1,0.5,0.5,0,1
2023|03,Fairfield,Texas,United States,2,2,2,1,0.5,0.5,0,2
2023|03,Farmer City,Illinois,United States,1,1,1,1,1,0,0,3
2023|03,Flower Mound,Texas,United States,1,1,0,0,0,1,0,1
2023|03,Forest City,North Carolina,United States,2,2,0,0,0,1,0,0
2023|03,Forest Lake,Minnesota,United States,1,1,1,1,1,0,0,3
2023|03,Fort Leonard Wood,Missouri,United States,2,2,1,1,0.5,0.5,0,3
2023|03,Fort Myers,Florida,United States,5,1,1,1,0.2,0.8,0,2
2023|03,Fort Worth,Texas,United States,1,1,1,0,0,1,0,1
2023|03,Fridley,Minnesota,United States,2,2,2,0,0,1,0,2
2023|03,Galveston,Texas,United States,1,1,0,0,0,1,0,1
2023|03,Gardendale,Texas,United States,1,1,1,1,1,0,0,3
2023|03,Geneseo,Illinois,United States,2,2,2,0,0,1,0,2
2023|03,Golden Valley,Minnesota,United States,3,3,2,2,0.6667,0.3333,0,9
2023|03,Greensburg,Kansas,United States,1,1,0,0,0,1,0,1
2023|03,Grenada,Mississippi,United States,1,1,0,1,1,0,0,2
2023|03,Grove,Oklahoma,United States,2,2,0,2,1,0,0,10
2023|03,Ham Lake,Minnesota,United States,1,1,1,1,1,0,0,7
2023|03,Hammond,Indiana,United States,1,1,1,1,1,0,0,3
2023|03,Harvard,Illinois,United States,1,1,1,1,1,0,0,1
2023|03,Hastings,Nebraska,United States,2,2,0,0,0,1,0,1
2023|03,Helsinki,Uusimaa,Finland,2,2,2,1,0.5,0.5,0,2
2023|03,Hennessey,Oklahoma,United States,2,2,2,0,0,1,0,2
2023|03,Hercules,California,United States,1,1,0,1,1,0,0,2
2023|03,Hewitt,Texas,United States,1,1,0,0,0,1,0,0
2023|03,Highmore,South Dakota,United States,1,1,1,0,0,1,0,1
2023|03,Hillsboro,Texas,United States,1,1,0,0,0,1,0,1
2023|03,Holdenville,Oklahoma,United States,1,1,1,0,0,1,0,1
2023|03,Honey Grove,Texas,United States,2,2,0,0,0,1,0,1
2023|03,Hopkins,Minnesota,United States,4,3,3,3,0.75,0.25,0,7
2023|03,Hudson,Wisconsin,United States,5,2,2,3,0.6,0.4,0,5
2023|03,Humeston,Iowa,United States,1,1,1,0,0,1,0,1
2023|03,Huntsville,Alabama,United States,2,2,2,0,0,1,0,2
2023|03,Ida Grove,Iowa,United States,2,2,0,0,0,1,0,0
2023|03,Idabel,Oklahoma,United States,1,1,1,0,0,1,0,1
2023|03,Imus,Calabarzon,Philippines,1,1,1,0,0,1,0,1
2023|03,Inver Grove Heights,Minnesota,United States,7,7,7,4,0.5714,0.4286,0,7
2023|03,Jacksonville,Illinois,United States,1,1,1,0,0,1,0,1
2023|03,Jakarta,Jakarta,Indonesia,1,1,1,1,1,0,0,1
2023|03,Jena,Louisiana,United States,3,3,2,1,0.3333,0.6667,0,8
2023|03,Jerseyville,Illinois,United States,2,2,1,1,0.5,0.5,0,2
2023|03,Juneau,Wisconsin,United States,1,1,0,0,0,1,0,1
2023|03,Kanawha,Iowa,United States,1,1,1,0,0,1,0,1
2023|03,Kankakee,Illinois,United States,3,3,2,2,0.6667,0.3333,0,11
2023|03,Karachi,Sindh,Pakistan,3,2,2,2,0.6667,0.3333,0,4
2023|03,Karlstad,Minnesota,United States,1,1,0,0,0,1,0,1
2023|03,Kearney,Nebraska,United States,1,1,1,1,1,0,0,1
2023|03,Keokuk,Iowa,United States,1,1,1,0,0,1,0,1
2023|03,Ketchum,Idaho,United States,1,1,1,1,1,0,0,1
2023|03,Kimball,South Dakota,United States,1,1,0,1,1,0,0,2
2023|03,Kirksville,Missouri,United States,2,2,1,1,0.5,0.5,0,1
2023|03,La Grange,Texas,United States,1,1,1,0,0,1,0,1
2023|03,Lake Mills,Iowa,United States,2,2,2,2,1,0,0,3
2023|03,Lakeville,Minnesota,United States,7,7,7,5,0.7143,0.2857,0,10
2023|03,Lamoni,Iowa,United States,1,1,1,1,1,0,0,1
2023|03,Le Mars,Iowa,United States,2,2,2,1,0.5,0.5,0,3
2023|03,Leland,Mississippi,United States,1,1,0,1,1,0,0,1
2023|03,Lino Lakes,Minnesota,United States,1,1,1,1,1,0,0,1
2023|03,Litchfield,Minnesota,United States,1,1,1,0,0,1,0,1
2023|03,Little Rock,Arkansas,United States,2,2,2,1,0.5,0.5,0,12
2023|03,Livingston,Alabama,United States,2,2,2,2,1,0,0,2
2023|03,Lomira,Wisconsin,United States,1,1,1,0,0,1,0,1
2023|03,Loretto,Tennessee,United States,2,2,1,1,0.5,0.5,0,6
2023|03,Lubbock,Texas,United States,1,1,0,1,1,0,0,3
2023|03,Macon,Missouri,United States,4,4,0,0,0,1,0,2
2023|03,Madison,Kansas,United States,1,1,1,0,0,1,0,1
2023|03,Madison,Wisconsin,United States,1,1,1,1,1,0,0,3
2023|03,Malang,East Java,Indonesia,1,1,1,1,1,0,0,1
2023|03,Malmo,Skane County,Sweden,1,1,1,1,1,0,0,5
2023|03,Manama,Capital Governorate,Bahrain,1,1,1,1,1,0,0,2
2023|03,Manor,Texas,United States,1,1,0,0,0,1,0,0
2023|03,Maple Grove,Minnesota,United States,26,5,5,11,0.4231,0.5769,0,37
2023|03,Maplewood,Minnesota,United States,1,1,1,0,0,1,0,1
2023|03,Marinette,Wisconsin,United States,1,1,1,0,0,1,0,1
2023|03,Mathis,Texas,United States,1,1,1,1,1,0,0,1
2023|03,Mellen,Wisconsin,United States,1,1,0,0,0,1,0,1
2023|03,Merida,Yucatan,Mexico,1,1,1,1,1,0,0,2
2023|03,Meridian,Texas,United States,1,1,0,0,0,1,0,1
2023|03,Mesa,Arizona,United States,1,1,1,1,1,0,0,1
2023|03,Metropolis,Illinois,United States,1,1,1,1,1,0,0,1
2023|03,Miami,Oklahoma,United States,1,1,0,0,0,1,0,0
2023|03,Miami Shores,Florida,United States,1,1,1,0,0,1,0,1
2023|03,Milwaukee,Wisconsin,United States,1,1,1,0,0,1,0,1
2023|03,Minden,Nebraska,United States,1,1,0,1,1,0,0,3
2023|03,Minneapolis,Minnesota,United States,272,245,245,93,0.3419,0.6581,0,360
2023|03,Minnetonka,Minnesota,United States,15,12,12,6,0.4,0.6,0,34
2023|03,Minnetrista,Minnesota,United States,2,2,2,1,0.5,0.5,0,5
2023|03,Mobridge,South Dakota,United States,1,1,0,0,0,1,0,1
2023|03,Montevallo,Alabama,United States,3,3,3,2,0.6667,0.3333,0,7
2023|03,Montevideo,Minnesota,United States,1,1,1,0,0,1,0,1
2023|03,Montgomery,Alabama,United States,2,2,0,0,0,1,0,0
2023|03,Mora,Minnesota,United States,1,1,1,1,1,0,0,1
2023|03,Morristown,Tennessee,United States,1,1,1,0,0,1,0,1
2023|03,Moscow,Idaho,United States,1,1,1,0,0,1,0,1
2023|03,Moses Lake,Washington,United States,1,1,1,1,1,0,0,5
2023|03,Moulton,Iowa,United States,2,2,2,2,1,0,0,2
2023|03,Mound,Minnesota,United States,2,2,2,1,0.5,0.5,0,2
2023|03,Mounds View,Minnesota,United States,1,1,1,0,0,1,0,1
2023|03,Mount Pleasant,Wisconsin,United States,1,1,1,1,1,0,0,1
2023|03,Moville,Iowa,United States,1,1,0,1,1,0,0,1
2023|03,Mumbai,Maharashtra,India,1,1,1,0,0,1,0,1
2023|03,Naples,Florida,United States,1,1,1,1,1,0,0,3
2023|03,Natchez,Mississippi,United States,1,1,1,0,0,1,0,1
2023|03,New Brighton,Minnesota,United States,4,3,2,3,0.75,0.25,0,7
2023|03,New York,New York,United States,1,1,1,1,1,0,0,5
2023|03,Newton,Kansas,United States,2,2,2,1,0.5,0.5,0,3
2023|03,North Bergen,New Jersey,United States,1,1,1,0,0,1,0,1
2023|03,North Branch,Minnesota,United States,2,1,1,0,0,1,0,1
2023|03,North Saint Paul,Minnesota,United States,1,1,1,1,1,0,0,2
2023|03,Northfield,Minnesota,United States,1,1,1,0,0,1,0,1
2023|03,Oakdale,Minnesota,United States,2,2,2,0,0,1,0,2
2023|03,Oakley,Kansas,United States,1,1,1,0,0,1,0,1
2023|03,Oberlin,Kansas,United States,1,1,1,0,0,1,0,1
2023|03,Oklahoma City,Oklahoma,United States,2,2,2,0,0,1,0,2
2023|03,Orono,Minnesota,United States,2,1,1,1,0.5,0.5,0,9
2023|03,Osborne,Kansas,United States,1,1,1,1,1,0,0,10
2023|03,Oskaloosa,Iowa,United States,1,1,1,0,0,1,0,1
2023|03,Overland Park,Kansas,United States,3,3,2,0,0,1,0,2
2023|03,Palmyra,Missouri,United States,1,1,1,0,0,1,0,1
2023|03,Panama City Beach,Florida,United States,1,1,1,1,1,0,0,1
2023|03,Parker,South Dakota,United States,1,1,1,0,0,1,0,1
2023|03,Pascagoula,Mississippi,United States,1,1,0,1,1,0,0,0
2023|03,Pea Ridge,Arkansas,United States,1,1,1,0,0,1,0,1
2023|03,Peabody,Kansas,United States,1,1,0,0,0,1,0,4
2023|03,Pella,Iowa,United States,1,1,1,0,0,1,0,1
2023|03,Pendleton,Indiana,United States,1,1,0,0,0,1,0,1
2023|03,Perham,Minnesota,United States,1,1,1,1,1,0,0,1
2023|03,Pine Bluff,Arkansas,United States,1,1,0,0,0,1,0,0
2023|03,Pinole,California,United States,1,1,1,1,1,0,0,2
2023|03,Pipestone,Minnesota,United States,1,1,1,1,1,0,0,6
2023|03,Pittsfield,Illinois,United States,1,1,1,1,1,0,0,2
2023|03,Plain Dealing,Louisiana,United States,1,1,1,0,0,1,0,1
2023|03,Plainview,Nebraska,United States,1,1,1,0,0,1,0,1
2023|03,Plymouth,Minnesota,United States,12,12,9,4,0.3333,0.6667,0,15
2023|03,Pocahontas,Arkansas,United States,1,1,1,0,0,1,0,1
2023|03,Pontotoc,Mississippi,United States,1,1,1,0,0,1,0,1
2023|03,Poplarville,Mississippi,United States,2,2,1,1,0.5,0.5,0,1
2023|03,Port Charlotte,Florida,United States,1,1,1,1,1,0,0,2
2023|03,Portage,Wisconsin,United States,1,1,0,1,1,0,0,3
2023|03,Portland,Oregon,United States,5,4,4,2,0.4,0.6,0,6
2023|03,Prairie du Chien,Wisconsin,United States,4,2,2,4,1,0,0,9
2023|03,Prentiss,Mississippi,United States,1,1,0,1,1,0,0,17
2023|03,Prescott,Wisconsin,United States,1,1,1,1,1,0,0,5
2023|03,Princeton,Minnesota,United States,1,1,0,0,0,1,0,1
2023|03,Prineville,Oregon,United States,2,2,0,0,0,1,0,0
2023|03,Prior Lake,Minnesota,United States,1,1,1,0,0,1,0,1
2023|03,Pulaski,Tennessee,United States,1,1,1,1,1,0,0,2
2023|03,Raleigh,North Carolina,United States,1,1,1,0,0,1,0,1
2023|03,Ramsey,Minnesota,United States,2,2,2,0,0,1,0,2
2023|03,Rice Lake,Wisconsin,United States,2,1,0,1,0.5,0.5,0,6
2023|03,Richfield,Minnesota,United States,6,5,4,4,0.6667,0.3333,0,13
2023|03,Robbinsdale,Minnesota,United States,4,4,3,2,0.5,0.5,0,5
2023|03,Robinson,Illinois,United States,1,1,0,0,0,1,0,1
2023|03,Rockford,Minnesota,United States,1,1,0,0,0,1,0,1
2023|03,Rockvale,Tennessee,United States,1,1,0,0,0,1,0,1
2023|03,Rosemount,Minnesota,United States,1,1,1,0,0,1,0,1
2023|03,Roseville,Minnesota,United States,6,5,5,4,0.6667,0.3333,0,17
2023|03,Russellville,Alabama,United States,2,2,0,1,0.5,0.5,0,2
2023|03,Sadiqabad,Punjab,Pakistan,1,1,1,1,1,0,0,4
2023|03,Saint Joseph,Minnesota,United States,2,2,2,2,1,0,0,3
2023|03,Saint Michael,Minnesota,United States,2,2,2,0,0,1,0,2
2023|03,Saint Paul,Minnesota,United States,24,22,22,14,0.5833,0.4167,0,55
2023|03,Salem,Kentucky,United States,2,2,0,0,0,1,0,1
2023|03,Salem,Ohio,United States,1,1,1,0,0,1,0,1
2023|03,Salt Lake City,Utah,United States,1,1,1,1,1,0,0,1
2023|03,San Antonio,Texas,United States,2,2,2,0,0,1,0,2
2023|03,San Francisco,California,United States,1,1,1,0,0,1,0,1
2023|03,San Jose,California,United States,3,2,3,2,0.6667,0.3333,0,9
2023|03,Santa Anna,Texas,United States,2,2,2,1,0.5,0.5,0,2
2023|03,Sarasota,Florida,United States,3,3,3,3,1,0,0,19
2023|03,Savage,Minnesota,United States,2,2,2,1,0.5,0.5,0,2
2023|03,Selma,Alabama,United States,1,1,1,0,0,1,0,1
2023|03,Shakopee,Minnesota,United States,3,2,1,1,0.3333,0.6667,0,7
2023|03,Shoreview,Minnesota,United States,3,3,3,0,0,1,0,3
2023|03,Shorewood,Minnesota,United States,1,1,1,0,0,1,0,1
2023|03,Sioux Rapids,Iowa,United States,2,2,2,1,0.5,0.5,0,3
2023|03,Sisseton,South Dakota,United States,1,1,1,0,0,1,0,1
2023|03,Smithton,Missouri,United States,2,2,1,1,0.5,0.5,0,3
2023|03,Snyder,Texas,United States,1,1,1,1,1,0,0,6
2023|03,South Saint Paul,Minnesota,United States,2,2,2,2,1,0,0,3
2023|03,Sparta,Wisconsin,United States,1,1,0,0,0,1,0,1
2023|03,Spirit Lake,Iowa,United States,1,1,1,0,0,1,0,1
2023|03,St. Charles,Illinois,United States,1,1,1,1,1,0,0,3
2023|03,St. Louis Park,Minnesota,United States,13,7,7,9,0.6923,0.3077,0,48
2023|03,Stewartville,Minnesota,United States,1,1,1,0,0,1,0,1
2023|03,Stillwater,Minnesota,United States,2,1,1,1,0.5,0.5,0,7
2023|03,Sullivan,Missouri,United States,1,1,0,0,0,1,0,0
2023|03,Tallahassee,Florida,United States,2,1,1,0,0,1,0,1
2023|03,Tama,Iowa,United States,1,1,1,0,0,1,0,1
2023|03,Tekamah,Nebraska,United States,1,1,1,0,0,1,0,1
2023|03,Tempe,Arizona,United States,1,1,0,1,1,0,0,3
2023|03,Tipton,Iowa,United States,1,1,1,0,0,1,0,1
2023|03,Trinity,Texas,United States,2,2,2,1,0.5,0.5,0,6
2023|03,Two Harbors,Minnesota,United States,1,1,1,1,1,0,0,1
2023|03,Van Horn,Texas,United States,1,1,1,0,0,1,0,1
2023|03,Vernon,Alabama,United States,1,1,1,1,1,0,0,1
2023|03,Victoria,Minnesota,United States,2,2,2,2,1,0,0,4
2023|03,Vidalia,Georgia,United States,2,2,2,1,0.5,0.5,0,2
2023|03,Vienna,Vienna,Austria,1,1,1,1,1,0,0,1
2023|03,Waco,Texas,United States,1,1,1,1,1,0,0,1
2023|03,Waconia,Minnesota,United States,2,2,2,2,1,0,0,12
2023|03,Warrensburg,Missouri,United States,2,2,0,1,0.5,0.5,0,3
2023|03,Watford City,North Dakota,United States,1,1,1,1,1,0,0,1
2023|03,Waukesha,Wisconsin,United States,2,2,0,0,0,1,0,1
2023|03,Wausau,Wisconsin,United States,1,1,1,0,0,1,0,1
2023|03,Weslaco,Texas,United States,4,4,3,0,0,1,0,4
2023|03,West Saint Paul,Minnesota,United States,5,2,2,0,0,1,0,5
2023|03,White Bear Lake,Minnesota,United States,1,1,1,1,1,0,0,1
2023|03,Wichita Falls,Texas,United States,2,2,2,1,0.5,0.5,0,3
2023|03,Willard,Missouri,United States,1,1,1,1,1,0,0,7
2023|03,Willows,California,United States,1,1,1,1,1,0,0,1
2023|03,Wilton,Iowa,United States,2,1,0,0,0,1,0,2
2023|03,Winnsboro,Louisiana,United States,2,2,1,0,0,1,0,1
2023|03,Winona,Minnesota,United States,1,1,1,1,1,0,0,1
2023|03,Woodbury,Minnesota,United States,7,7,6,2,0.2857,0.7143,0,8
2023|03,Wyldwood,Texas,United States,1,1,1,1,1,0,0,2
2023|03,York,Nebraska,United States,1,1,0,1,1,0,0,2
2023|03,96272,Gorontalo,Indonesia,1,1,0,0,0,1,0,0
2023|04,(not set),(not set),China,1,1,1,0,0,1,0,1
2023|04,(not set),(not set),France,1,1,1,0,0,1,0,1
2023|04,(not set),(not set),Netherlands,1,1,1,0,0,1,0,1
2023|04,(not set),(not set),United States,11,11,11,1,0.0909,0.9091,0,12
2023|04,(not set),Cairo Governorate,Egypt,1,1,1,0,0,1,0,1
2023|04,(not set),California,United States,3,3,3,0,0,1,0,3
2023|04,(not set),England,United Kingdom,1,1,1,0,0,1,0,1
2023|04,(not set),Himachal Pradesh,India,2,1,1,1,0.5,0.5,0,1
2023|04,(not set),Illinois,United States,1,1,1,0,0,1,0,1
2023|04,(not set),Louisiana,United States,1,1,1,1,1,0,0,1
2023|04,(not set),Minnesota,United States,10,10,9,3,0.3,0.7,0,24
2023|04,(not set),Mississippi,United States,1,1,0,0,0,1,0,1
2023|04,(not set),Missouri,United States,2,2,1,2,1,0,0,10
2023|04,(not set),Nevada,United States,1,1,0,0,0,1,0,0
2023|04,(not set),Oregon,United States,1,1,1,1,1,0,0,3
2023|04,(not set),Texas,United States,2,2,1,1,0.5,0.5,0,2
2023|04,Adams,Wisconsin,United States,1,1,1,1,1,0,0,2
2023|04,Aitkin,Minnesota,United States,1,1,1,0,0,1,0,1
2023|04,Akron,Ohio,United States,1,1,1,1,1,0,0,2
2023|04,Albertville,Minnesota,United States,1,1,1,1,1,0,0,3
2023|04,Aledo,Illinois,United States,1,1,1,1,1,0,0,1
2023|04,Altoona,Iowa,United States,1,1,1,1,1,0,0,1
2023|04,Andover,Minnesota,United States,4,3,3,1,0.25,0.75,0,4
2023|04,Anoka,Minnesota,United States,3,2,2,1,0.3333,0.6667,0,3
2023|04,Apple Valley,Minnesota,United States,6,6,6,1,0.1667,0.8333,0,8
2023|04,Arcadia,Louisiana,United States,1,1,1,1,1,0,0,3
2023|04,Ashburn,Virginia,United States,3,3,3,3,1,0,0,3
2023|04,Atchison,Kansas,United States,1,1,0,0,0,1,0,1
2023|04,Atmore,Alabama,United States,1,1,1,0,0,1,0,1
2023|04,Austin,Texas,United States,1,1,1,1,1,0,0,10
2023|04,Baldwin,Wisconsin,United States,1,1,0,0,0,1,0,1
2023|04,Baltimore,Maryland,United States,2,2,2,2,1,0,0,3
2023|04,Bastrop,Louisiana,United States,1,1,1,0,0,1,0,1
2023|04,Baytown,Texas,United States,1,1,1,1,1,0,0,1
2023|04,Bella Vista,Arkansas,United States,1,1,0,1,1,0,0,2
2023|04,Bellville,Texas,United States,1,1,0,0,0,1,0,3
2023|04,Belvidere,Illinois,United States,1,1,1,1,1,0,0,8
2023|04,Bigfork,Minnesota,United States,2,1,1,1,0.5,0.5,0,5
2023|04,Blaine,Minnesota,United States,14,10,8,10,0.7143,0.2857,0,25
2023|04,Bloomington,Minnesota,United States,7,5,4,3,0.4286,0.5714,0,10
2023|04,Boardman,Oregon,United States,3,3,3,1,0.3333,0.6667,0,4
2023|04,Bonham,Texas,United States,1,1,1,1,1,0,0,1
2023|04,Bristow,Oklahoma,United States,1,1,1,0,0,1,0,1
2023|04,Brooklyn,Iowa,United States,1,1,1,0,0,1,0,1
2023|04,Brooklyn Park,Minnesota,United States,12,9,8,4,0.3333,0.6667,0,21
2023|04,Brownsville,Tennessee,United States,1,1,1,1,1,0,0,1
2023|04,Budingen,Hessen,Germany,1,1,1,0,0,1,0,1
2023|04,Buffalo,Minnesota,United States,3,2,2,3,1,0,0,11
2023|04,Bunkie,Louisiana,United States,1,1,1,0,0,1,0,1
2023|04,Burnsville,Minnesota,United States,3,3,2,1,0.3333,0.6667,0,3
2023|04,Cabot,Arkansas,United States,1,1,0,0,0,1,0,0
2023|04,Cambridge,Minnesota,United States,1,1,1,1,1,0,0,8
2023|04,Canton,Illinois,United States,1,1,1,0,0,1,0,1
2023|04,Caruthersville,Missouri,United States,1,1,0,1,1,0,0,1
2023|04,Carver,Minnesota,United States,1,1,1,0,0,1,0,1
2023|04,Cedar Rapids,Iowa,United States,2,1,1,1,0.5,0.5,0,2
2023|04,Chambers,Nebraska,United States,1,1,1,0,0,1,0,1
2023|04,Chanhassen,Minnesota,United States,1,1,1,1,1,0,0,2
2023|04,Chaska,Minnesota,United States,6,6,3,2,0.3333,0.6667,0,10
2023|04,Chatham,Illinois,United States,1,1,1,1,1,0,0,2
2023|04,Chicago,Illinois,United States,67,46,38,28,0.4179,0.5821,0,97
2023|04,Chokio,Minnesota,United States,2,2,2,2,1,0,0,3
2023|04,Clarendon,Texas,United States,1,1,1,0,0,1,0,1
2023|04,Clarkston,Washington,United States,1,1,0,0,0,1,0,0
2023|04,Cloquet,Minnesota,United States,1,1,0,0,0,1,0,0
2023|04,Coalgate,Oklahoma,United States,2,2,1,1,0.5,0.5,0,2
2023|04,Coeur d'Alene,Idaho,United States,1,1,1,1,1,0,0,1
2023|04,Cohasset,Minnesota,United States,4,2,1,4,1,0,0,8
2023|04,Columbus,Nebraska,United States,1,1,0,1,1,0,0,4
2023|04,Columbus,Ohio,United States,8,8,8,0,0,1,0,8
2023|04,Coon Rapids,Minnesota,United States,4,4,4,0,0,1,0,4
2023|04,Crete,Nebraska,United States,1,1,1,0,0,1,0,1
2023|04,Crookston,Minnesota,United States,2,2,1,0,0,1,0,2
2023|04,Cullman,Alabama,United States,1,1,0,0,0,1,0,1
2023|04,Dallas,Texas,United States,2,2,2,2,1,0,0,3
2023|04,Dayton,Minnesota,United States,2,2,2,1,0.5,0.5,0,2
2023|04,Denver,Colorado,United States,1,1,1,1,1,0,0,2
2023|04,Dickson,Tennessee,United States,1,1,0,0,0,1,0,1
2023|04,Dimmitt,Texas,United States,1,1,1,1,1,0,0,4
2023|04,Eagan,Minnesota,United States,7,7,6,4,0.5714,0.4286,0,10
2023|04,Eden Prairie,Minnesota,United States,6,5,5,5,0.8333,0.1667,0,15
2023|04,Edina,Minnesota,United States,3,3,3,1,0.3333,0.6667,0,5
2023|04,El Dorado,Arkansas,United States,1,1,1,0,0,1,0,1
2023|04,Estherville,Iowa,United States,1,1,1,0,0,1,0,1
2023|04,Fairfax,Oklahoma,United States,1,1,0,0,0,1,0,1
2023|04,Fargo,North Dakota,United States,2,2,1,1,0.5,0.5,0,3
2023|04,Farmer City,Illinois,United States,1,1,1,0,0,1,0,1
2023|04,Fayetteville,Tennessee,United States,3,3,2,1,0.3333,0.6667,0,3
2023|04,Flower Mound,Texas,United States,1,1,1,0,0,1,0,1
2023|04,Forest City,North Carolina,United States,1,1,1,0,0,1,0,1
2023|04,Forest Lake,Minnesota,United States,1,1,1,0,0,1,0,1
2023|04,Fort Leonard Wood,Missouri,United States,2,2,2,1,0.5,0.5,0,3
2023|04,Franklin,Tennessee,United States,1,1,0,0,0,1,0,0
2023|04,Fridley,Minnesota,United States,1,1,1,1,1,0,0,1
2023|04,Glencoe,Minnesota,United States,1,1,1,0,0,1,0,1
2023|04,Golden Valley,Minnesota,United States,1,1,1,1,1,0,0,1
2023|04,Guwahati,Assam,India,1,1,1,1,1,0,0,1
2023|04,Ham Lake,Minnesota,United States,1,1,0,1,1,0,0,5
2023|04,Hamburg,New York,United States,1,1,1,1,1,0,0,1
2023|04,Hammond,Louisiana,United States,1,1,1,0,0,1,0,1
2023|04,Harlingen,Texas,United States,1,1,1,1,1,0,0,2
2023|04,Hartford,Wisconsin,United States,1,1,1,0,0,1,0,1
2023|04,Hastings,Nebraska,United States,1,1,0,1,1,0,0,1
2023|04,Hawarden,Iowa,United States,1,1,1,1,1,0,0,5
2023|04,Headland,Alabama,United States,2,2,2,1,0.5,0.5,0,2
2023|04,Hearst,Ontario,Canada,1,1,1,0,0,1,0,1
2023|04,Heflin,Alabama,United States,1,1,1,0,0,1,0,1
2023|04,Henderson,Texas,United States,1,1,1,0,0,1,0,1
2023|04,Hendersonville,Tennessee,United States,1,1,1,0,0,1,0,1
2023|04,Hennessey,Oklahoma,United States,1,1,1,1,1,0,0,3
2023|04,Heppner,Oregon,United States,1,1,1,1,1,0,0,1
2023|04,Herreid,South Dakota,United States,1,1,1,0,0,1,0,1
2023|04,Hopkins,Minnesota,United States,5,5,5,3,0.6,0.4,0,13
2023|04,Hudson,Wisconsin,United States,1,1,1,0,0,1,0,1
2023|04,Hugo,Minnesota,United States,1,1,1,0,0,1,0,1
2023|04,Huntsville,Alabama,United States,2,2,2,1,0.5,0.5,0,7
2023|04,Huntsville,Arkansas,United States,2,2,0,1,0.5,0.5,0,3
2023|04,Ida Grove,Iowa,United States,1,1,1,0,0,1,0,1
2023|04,Idabel,Oklahoma,United States,1,1,1,1,1,0,0,2
2023|04,Ingram,Texas,United States,1,1,0,0,0,1,0,1
2023|04,Inver Grove Heights,Minnesota,United States,7,7,6,4,0.5714,0.4286,0,18
2023|04,Isanti,Minnesota,United States,1,1,1,0,0,1,0,1
2023|04,Jacksonville,Illinois,United States,1,1,1,0,0,1,0,1
2023|04,Jena,Louisiana,United States,1,1,0,0,0,1,0,1
2023|04,Jersey City,New Jersey,United States,2,1,1,1,0.5,0.5,0,5
2023|04,Jordan,Minnesota,United States,1,1,0,1,1,0,0,2
2023|04,Kansas City,Missouri,United States,1,1,1,1,1,0,0,1
2023|04,Kent,Washington,United States,1,1,0,0,0,1,0,1
2023|04,La Crosse,Wisconsin,United States,1,1,1,0,0,1,0,1
2023|04,Lakeville,Minnesota,United States,3,3,3,3,1,0,0,3
2023|04,Las Cruces,New Mexico,United States,1,1,1,1,1,0,0,4
2023|04,Le Mars,Iowa,United States,1,1,0,0,0,1,0,0
2023|04,Leland,Mississippi,United States,1,1,1,1,1,0,0,1
2023|04,Lino Lakes,Minnesota,United States,1,1,1,1,1,0,0,2
2023|04,Little Falls,Minnesota,United States,1,1,1,0,0,1,0,1
2023|04,Livingston,Tennessee,United States,1,1,0,0,0,1,0,1
2023|04,London,England,United Kingdom,1,1,1,0,0,1,0,1
2023|04,Lubeck,Schleswig-Holstein,Germany,1,1,1,0,0,1,0,1
2023|04,Mahnomen,Minnesota,United States,1,1,1,0,0,1,0,1
2023|04,Malvern,Arkansas,United States,1,1,1,0,0,1,0,1
2023|04,Manor,Texas,United States,1,1,1,0,0,1,0,1
2023|04,Maple Grove,Minnesota,United States,43,9,8,10,0.2326,0.7674,0,47
2023|04,Maplewood,Minnesota,United States,3,3,3,1,0.3333,0.6667,0,5
2023|04,Marinette,Wisconsin,United States,1,1,1,0,0,1,0,1
2023|04,Mayville,North Dakota,United States,1,1,1,0,0,1,0,1
2023|04,McCamey,Texas,United States,2,2,2,0,0,1,0,2
2023|04,Menahga,Minnesota,United States,1,1,0,1,1,0,0,2
2023|04,Metropolis,Illinois,United States,1,1,1,1,1,0,0,2
2023|04,Metter,Georgia,United States,1,1,1,1,1,0,0,1
2023|04,Milbank,South Dakota,United States,1,1,1,0,0,1,0,1
2023|04,Minneapolis,Minnesota,United States,262,239,232,90,0.3435,0.6565,0,332
2023|04,Minnetonka,Minnesota,United States,8,8,8,7,0.875,0.125,0,28
2023|04,Mobridge,South Dakota,United States,1,1,1,0,0,1,0,1
2023|04,Montgomery,Alabama,United States,1,1,0,0,0,1,0,1
2023|04,Mound,Minnesota,United States,3,3,3,3,1,0,0,14
2023|04,Mounds View,Minnesota,United States,1,1,1,1,1,0,0,3
2023|04,Muskogee,Oklahoma,United States,1,1,1,0,0,1,0,1
2023|04,Nagpur,Maharashtra,India,1,1,1,0,0,1,0,1
2023|04,Nashville,Tennessee,United States,1,1,1,0,0,1,0,1
2023|04,New Brighton,Minnesota,United States,4,3,3,0,0,1,0,3
2023|04,New Hampton,Iowa,United States,2,2,0,1,0.5,0.5,0,4
2023|04,New Hope,Minnesota,United States,1,1,1,0,0,1,0,1
2023|04,Newmarket,Ontario,Canada,2,1,1,1,0.5,0.5,0,5
2023|04,Newton,Texas,United States,1,1,0,0,0,1,0,1
2023|04,North Saint Paul,Minnesota,United States,1,1,1,0,0,1,0,1
2023|04,North Vancouver,British Columbia,Canada,2,1,1,1,0.5,0.5,0,3
2023|04,North Vernon,Indiana,United States,1,1,1,1,1,0,0,2
2023|04,Oakdale,Minnesota,United States,1,1,1,0,0,1,0,1
2023|04,Orono,Minnesota,United States,1,1,1,1,1,0,0,2
2023|04,Osage City,Kansas,United States,1,1,1,1,1,0,0,4
2023|04,Otsego,Minnesota,United States,1,1,1,0,0,1,0,1
2023|04,Park Rapids,Minnesota,United States,1,1,1,1,1,0,0,1
2023|04,Pea Ridge,Arkansas,United States,2,2,2,1,0.5,0.5,0,10
2023|04,Pearland,Texas,United States,1,1,1,1,1,0,0,3
2023|04,Perry,Iowa,United States,1,1,1,0,0,1,0,1
2023|04,Philadelphia,Pennsylvania,United States,1,1,1,0,0,1,0,1
2023|04,Phillipsburg,Kansas,United States,1,1,0,0,0,1,0,1
2023|04,Pipestone,Minnesota,United States,1,1,1,1,1,0,0,1
2023|04,Pittsfield,Illinois,United States,1,1,1,0,0,1,0,1
2023|04,Plymouth,Minnesota,United States,8,8,7,4,0.5,0.5,0,13
2023|04,Pocahontas,Arkansas,United States,1,1,1,0,0,1,0,1
2023|04,Port Lavaca,Texas,United States,1,1,0,0,0,1,0,1
2023|04,Port Washington,Wisconsin,United States,1,1,1,0,0,1,0,1
2023|04,Prescott,Arkansas,United States,1,1,0,0,0,1,0,0
2023|04,Princeton,Kentucky,United States,1,1,0,0,0,1,0,1
2023|04,Princeton,Minnesota,United States,1,1,1,0,0,1,0,1
2023|04,Prior Lake,Minnesota,United States,2,2,2,1,0.5,0.5,0,2
2023|04,Raleigh,Mississippi,United States,1,1,1,0,0,1,0,1
2023|04,Ramsey,Minnesota,United States,2,2,2,2,1,0,0,2
2023|04,Ravenna,Nebraska,United States,1,1,1,0,0,1,0,1
2023|04,Red Wing,Minnesota,United States,1,1,1,1,1,0,0,1
2023|04,Refugio,Texas,United States,1,1,1,0,0,1,0,1
2023|04,Rice,Minnesota,United States,1,1,1,1,1,0,0,4
2023|04,Richfield,Minnesota,United States,7,6,5,2,0.2857,0.7143,0,7
2023|04,Ripley,Mississippi,United States,1,1,0,0,0,1,0,0
2023|04,Roanoke,Alabama,United States,4,4,4,3,0.75,0.25,0,7
2023|04,Robbinsdale,Minnesota,United States,1,1,1,1,1,0,0,2
2023|04,Rochester,Minnesota,United States,1,1,1,1,1,0,0,2
2023|04,Rogersville,Missouri,United States,1,1,1,0,0,1,0,1
2023|04,Rosemount,Minnesota,United States,1,1,1,0,0,1,0,1
2023|04,Roseville,Minnesota,United States,3,3,3,2,0.6667,0.3333,0,4
2023|04,Rush City,Minnesota,United States,1,1,1,1,1,0,0,1
2023|04,Russellville,Alabama,United States,1,1,1,1,1,0,0,2
2023|04,Russellville,Arkansas,United States,1,1,0,0,0,1,0,1
2023|04,Saint Michael,Minnesota,United States,2,2,2,1,0.5,0.5,0,2
2023|04,Saint Paul,Minnesota,United States,30,25,25,10,0.3333,0.6667,0,44
2023|04,San Jose,California,United States,1,1,1,0,0,1,0,1
2023|04,Santa Claus,Indiana,United States,1,1,0,0,0,1,0,1
2023|04,Savage,Minnesota,United States,1,1,1,0,0,1,0,1
2023|04,Selma,Alabama,United States,1,1,1,1,1,0,0,1
2023|04,Seminole,Texas,United States,1,1,1,0,0,1,0,1
2023|04,Shakopee,Minnesota,United States,2,2,2,0,0,1,0,2
2023|04,Sherburn,Minnesota,United States,2,1,1,0,0,1,0,2
2023|04,Shoreview,Minnesota,United States,3,3,3,0,0,1,0,3
2023|04,South Saint Paul,Minnesota,United States,1,1,1,1,1,0,0,1
2023|04,Spirit Lake,Iowa,United States,2,2,1,0,0,1,0,1
2023|04,Spring Lake Park,Minnesota,United States,1,1,1,0,0,1,0,1
2023|04,St. Cloud,Minnesota,United States,4,2,2,2,0.5,0.5,0,8
2023|04,St. Louis,Missouri,United States,2,2,2,1,0.5,0.5,0,2
2023|04,St. Louis Park,Minnesota,United States,15,9,7,10,0.6667,0.3333,0,26
2023|04,Stillwater,Oklahoma,United States,2,2,1,1,0.5,0.5,0,3
2023|04,Tampa,Florida,United States,3,1,1,2,0.6667,0.3333,0,12
2023|04,Tehachapi,California,United States,1,1,0,0,0,1,0,0
2023|04,Tekamah,Nebraska,United States,1,1,0,0,0,1,0,2
2023|04,Tempe,Arizona,United States,1,1,1,1,1,0,0,5
2023|04,Tomahawk,Wisconsin,United States,1,1,1,1,1,0,0,1
2023|04,Trinity,Texas,United States,1,1,1,0,0,1,0,1
2023|04,Troy,Alabama,United States,1,1,1,1,1,0,0,11
2023|04,Trumann,Arkansas,United States,1,1,0,0,0,1,0,1
2023|04,Tupelo,Mississippi,United States,1,1,1,1,1,0,0,3
2023|04,Victoria,Minnesota,United States,2,1,1,1,0.5,0.5,0,3
2023|04,Villa Grove,Illinois,United States,1,1,1,0,0,1,0,1
2023|04,Vinita,Oklahoma,United States,1,1,1,1,1,0,0,1
2023|04,Waco,Texas,United States,2,2,1,0,0,1,0,2
2023|04,Waconia,Minnesota,United States,1,1,1,1,1,0,0,1
2023|04,Walnut,Iowa,United States,1,1,1,0,0,1,0,1
2023|04,Warm Springs,Oregon,United States,1,1,1,0,0,1,0,1
2023|04,Warrenton,Missouri,United States,2,2,1,1,0.5,0.5,0,6
2023|04,Washington,District of Columbia,United States,1,1,1,0,0,1,0,1
2023|04,West Saint Paul,Minnesota,United States,1,1,1,1,1,0,0,1
2023|04,Wheatland,Iowa,United States,1,1,1,0,0,1,0,1
2023|04,White Bear Lake,Minnesota,United States,3,3,3,1,0.3333,0.6667,0,3
2023|04,Wichita Falls,Texas,United States,1,1,1,0,0,1,0,1
2023|04,Winnsboro,Louisiana,United States,1,1,1,1,1,0,0,1
2023|04,Winterset,Iowa,United States,1,1,1,0,0,1,0,1
2023|04,Wittenberg,Wisconsin,United States,1,1,1,0,0,1,0,1
2023|04,Woodbury,Minnesota,United States,2,2,2,0,0,1,0,2
2023|04,Wymore,Nebraska,United States,1,1,1,0,0,1,0,1
2023|04,96272,Gorontalo,Indonesia,1,1,1,0,0,1,0,1
2023|05,(not set),(not set),(not set),4,4,4,0,0,1,0,4
2023|05,(not set),(not set),China,2,2,2,0,0,1,0,2
2023|05,(not set),(not set),United Kingdom,2,2,2,0,0,1,0,2
2023|05,(not set),(not set),United States,7,7,7,1,0.1429,0.8571,0,7
2023|05,(not set),Alabama,United States,1,1,0,0,0,1,0,0
2023|05,(not set),California,United States,2,2,2,0,0,1,0,2
2023|05,(not set),Illinois,United States,1,1,1,0,0,1,0,1
2023|05,(not set),Iowa,United States,1,1,0,0,0,1,0,0
2023|05,(not set),Kansas,United States,2,2,2,1,0.5,0.5,0,3
2023|05,(not set),Louisiana,United States,1,1,0,0,0,1,0,1
2023|05,(not set),Massachusetts,United States,1,1,1,0,0,1,0,1
2023|05,(not set),Minnesota,United States,26,24,20,12,0.4615,0.5385,0,41
2023|05,(not set),Mississippi,United States,3,3,2,3,1,0,0,9
2023|05,(not set),Missouri,United States,1,1,1,0,0,1,0,1
2023|05,(not set),North Carolina,United States,2,2,2,0,0,1,0,2
2023|05,(not set),Oklahoma,United States,1,1,1,0,0,1,0,1
2023|05,(not set),Texas,United States,7,7,4,1,0.1429,0.8571,0,6
2023|05,(not set),Wisconsin,United States,1,1,0,0,0,1,0,1
2023|05,Abilene,Kansas,United States,1,1,1,0,0,1,0,1
2023|05,Ackerman,Mississippi,United States,1,1,0,0,0,1,0,2
2023|05,Akron,Ohio,United States,2,1,1,0,0,1,0,1
2023|05,Albert Lea,Minnesota,United States,1,1,1,0,0,1,0,1
2023|05,Amarillo,Texas,United States,1,1,1,1,1,0,0,1
2023|05,Ames,Iowa,United States,1,1,1,1,1,0,0,1
2023|05,Andalusia,Alabama,United States,1,1,1,1,1,0,0,7
2023|05,Andover,Minnesota,United States,3,3,3,1,0.3333,0.6667,0,4
2023|05,Anoka,Minnesota,United States,1,1,1,0,0,1,0,1
2023|05,Antlers,Oklahoma,United States,1,1,1,0,0,1,0,1
2023|05,Apple Valley,Minnesota,United States,7,7,7,5,0.7143,0.2857,0,10
2023|05,Arden Hills,Minnesota,United States,2,2,2,0,0,1,0,2
2023|05,Arkadelphia,Arkansas,United States,1,1,1,0,0,1,0,1
2023|05,Athens,Alabama,United States,1,1,0,1,1,0,0,2
2023|05,Atlanta,Georgia,United States,1,1,1,1,1,0,0,12
2023|05,Bacoor,Calabarzon,Philippines,1,1,1,1,1,0,0,1
2023|05,Baldwin,Wisconsin,United States,1,1,0,0,0,1,0,1
2023|05,Bangkok,Bangkok,Thailand,1,1,1,1,1,0,0,2
2023|05,Barron,Wisconsin,United States,1,1,1,1,1,0,0,1
2023|05,Bastrop,Texas,United States,1,1,1,0,0,1,0,1
2023|05,Bay Minette,Alabama,United States,1,1,1,1,1,0,0,2
2023|05,Baytown,Texas,United States,1,1,1,1,1,0,0,1
2023|05,Belle Plaine,Kansas,United States,1,1,1,0,0,1,0,1
2023|05,Bellville,Texas,United States,1,1,1,0,0,1,0,1
2023|05,Berlin,Berlin,Germany,1,1,1,1,1,0,0,1
2023|05,Big Lake,Minnesota,United States,1,1,1,1,1,0,0,1
2023|05,Blackduck,Minnesota,United States,1,1,1,0,0,1,0,1
2023|05,Blacksburg,Virginia,United States,1,1,1,0,0,1,0,1
2023|05,Blaine,Minnesota,United States,11,11,11,2,0.1818,0.8182,0,11
2023|05,Bloomington,Minnesota,United States,15,14,12,5,0.3333,0.6667,0,21
2023|05,Blue Earth,Minnesota,United States,1,1,0,0,0,1,0,1
2023|05,Blytheville,Arkansas,United States,1,1,0,0,0,1,0,0
2023|05,Boardman,Oregon,United States,2,2,2,1,0.5,0.5,0,3
2023|05,Bolivar,Missouri,United States,2,2,1,2,1,0,0,4
2023|05,Bonham,Texas,United States,2,2,2,0,0,1,0,2
2023|05,Boonville,Missouri,United States,1,1,1,1,1,0,0,2
2023|05,Brandon,Mississippi,United States,1,1,1,0,0,1,0,1
2023|05,Britt,Iowa,United States,3,1,1,1,0.3333,0.6667,0,8
2023|05,Brookfield,Missouri,United States,1,1,1,0,0,1,0,1
2023|05,Brooklyn Center,Minnesota,United States,1,1,1,0,0,1,0,1
2023|05,Brooklyn Park,Minnesota,United States,8,8,8,1,0.125,0.875,0,9
2023|05,Buffalo,Minnesota,United States,4,3,3,2,0.5,0.5,0,6
2023|05,Burlington,Iowa,United States,1,1,1,1,1,0,0,1
2023|05,Burnsville,Minnesota,United States,1,1,1,0,0,1,0,1
2023|05,Butler,Missouri,United States,1,1,1,1,1,0,0,5
2023|05,Cabot,Arkansas,United States,2,2,2,1,0.5,0.5,0,3
2023|05,Calhoun City,Mississippi,United States,2,2,1,0,0,1,0,2
2023|05,Cambridge,Minnesota,United States,1,1,1,1,1,0,0,3
2023|05,Camden,Tennessee,United States,1,1,1,0,0,1,0,1
2023|05,Carver,Minnesota,United States,2,2,2,2,1,0,0,3
2023|05,Castroville,Texas,United States,1,1,1,0,0,1,0,1
2023|05,Champlin,Minnesota,United States,1,1,1,0,0,1,0,1
2023|05,Chanhassen,Minnesota,United States,3,3,3,1,0.3333,0.6667,0,4
2023|05,Charles City,Iowa,United States,1,1,0,0,0,1,0,1
2023|05,Charleston,Missouri,United States,1,1,0,0,0,1,0,0
2023|05,Chaska,Minnesota,United States,8,8,8,4,0.5,0.5,0,13
2023|05,Chatham,Illinois,United States,1,1,1,0,0,1,0,1
2023|05,Cherokee,Iowa,United States,1,1,1,1,1,0,0,4
2023|05,Chicago,Illinois,United States,98,70,63,38,0.3878,0.6122,0,136
2023|05,Chokio,Minnesota,United States,2,2,2,1,0.5,0.5,0,5
2023|05,Clarksville,Arkansas,United States,1,1,0,0,0,1,0,1
2023|05,Coalgate,Oklahoma,United States,1,1,1,0,0,1,0,1
2023|05,Cohasset,Minnesota,United States,2,1,0,2,1,0,0,3
2023|05,Coleman,Texas,United States,3,3,2,0,0,1,0,3
2023|05,Collingswood,New Jersey,United States,1,1,1,1,1,0,0,2
2023|05,Columbia Heights,Minnesota,United States,4,3,3,2,0.5,0.5,0,5
2023|05,Columbus,Ohio,United States,12,12,12,0,0,1,0,12
2023|05,Coon Rapids,Minnesota,United States,5,5,5,0,0,1,0,5
2023|05,Cottage Grove,Minnesota,United States,2,2,2,0,0,1,0,2
2023|05,Council Bluffs,Iowa,United States,1,1,0,1,1,0,0,1
2023|05,Council Grove,Kansas,United States,2,2,1,0,0,1,0,3
2023|05,Covington,Virginia,United States,1,1,1,1,1,0,0,2
2023|05,Creston,Iowa,United States,1,1,0,0,0,1,0,1
2023|05,Crockett,Texas,United States,2,1,0,1,0.5,0.5,0,4
2023|05,Crookston,Minnesota,United States,1,1,1,0,0,1,0,1
2023|05,Crowder,Oklahoma,United States,1,1,0,0,0,1,0,1
2023|05,Crystal,Minnesota,United States,3,3,2,0,0,1,0,3
2023|05,Crystal Falls,Michigan,United States,1,1,0,0,0,1,0,1
2023|05,Dalhart,Texas,United States,1,1,1,1,1,0,0,2
2023|05,Dallas,Texas,United States,42,38,31,18,0.4286,0.5714,0,77
2023|05,Delano,Minnesota,United States,1,1,1,1,1,0,0,4
2023|05,Denver,Colorado,United States,1,1,1,0,0,1,0,1
2023|05,Dublin,County Dublin,Ireland,1,1,1,1,1,0,0,5
2023|05,Eagan,Minnesota,United States,5,5,5,1,0.2,0.8,0,6
2023|05,Eau Claire,Wisconsin,United States,2,2,1,0,0,1,0,4
2023|05,Eden Prairie,Minnesota,United States,11,9,8,3,0.2727,0.7273,0,12
2023|05,Edina,Minnesota,United States,5,5,3,1,0.2,0.8,0,6
2023|05,Elk Grove Village,Illinois,United States,1,1,1,1,1,0,0,4
2023|05,Elk River,Minnesota,United States,2,2,2,1,0.5,0.5,0,2
2023|05,Ellsworth,Kansas,United States,1,1,1,1,1,0,0,2
2023|05,Englewood,Colorado,United States,1,1,1,1,1,0,0,1
2023|05,Enid,Oklahoma,United States,2,2,0,0,0,1,0,1
2023|05,Estherville,Iowa,United States,1,1,1,1,1,0,0,2
2023|05,Eureka,Kansas,United States,3,2,0,2,0.6667,0.3333,0,5
2023|05,Fairfax,Oklahoma,United States,1,1,1,0,0,1,0,1
2023|05,Fairfield,Texas,United States,1,1,1,1,1,0,0,5
2023|05,Fargo,North Dakota,United States,3,3,1,1,0.3333,0.6667,0,2
2023|05,Fort Dodge,Iowa,United States,2,1,1,0,0,1,0,1
2023|05,Frederick,Oklahoma,United States,1,1,1,0,0,1,0,1
2023|05,Fridley,Minnesota,United States,6,6,6,1,0.1667,0.8333,0,6
2023|05,Gallatin,Missouri,United States,1,1,0,0,0,1,0,1
2023|05,Gallatin,Tennessee,United States,1,1,0,0,0,1,0,1
2023|05,Garden City,Kansas,United States,1,1,1,0,0,1,0,1
2023|05,Geneva,Alabama,United States,1,1,0,0,0,1,0,0
2023|05,Glenwood,Arkansas,United States,1,1,0,0,0,1,0,1
2023|05,Golden Valley,Minnesota,United States,2,2,2,2,1,0,0,5
2023|05,Grafton,North Dakota,United States,1,1,0,0,0,1,0,2
2023|05,Greenville,Ohio,United States,1,1,1,0,0,1,0,1
2023|05,Grenada,Mississippi,United States,1,1,0,0,0,1,0,2
2023|05,Grinnell,Iowa,United States,1,1,1,0,0,1,0,1
2023|05,Grove Hill,Alabama,United States,1,1,1,0,0,1,0,1
2023|05,Gulfport,Mississippi,United States,1,1,0,0,0,1,0,1
2023|05,Guymon,Oklahoma,United States,1,1,1,0,0,1,0,1
2023|05,Hardinsburg,Kentucky,United States,1,1,0,0,0,1,0,4
2023|05,Harlingen,Texas,United States,2,2,2,0,0,1,0,2
2023|05,Hartselle,Alabama,United States,1,1,1,0,0,1,0,1
2023|05,Hastings,Minnesota,United States,1,1,1,0,0,1,0,1
2023|05,Hayward,Wisconsin,United States,1,1,1,0,0,1,0,1
2023|05,Henderson,Texas,United States,1,1,0,0,0,1,0,1
2023|05,Hennessey,Oklahoma,United States,1,1,1,0,0,1,0,1
2023|05,Herreid,South Dakota,United States,1,1,0,0,0,1,0,0
2023|05,Hitchcock,Texas,United States,1,1,0,0,0,1,0,2
2023|05,Hopkins,Minnesota,United States,3,3,2,1,0.3333,0.6667,0,3
2023|05,Hudson,Wisconsin,United States,1,1,0,1,1,0,0,1
2023|05,Hugo,Minnesota,United States,5,1,1,4,0.8,0.2,0,22
2023|05,Humeston,Iowa,United States,1,1,1,0,0,1,0,1
2023|05,Huntsville,Alabama,United States,2,1,1,1,0.5,0.5,0,7
2023|05,Ida Grove,Iowa,United States,1,1,1,1,1,0,0,6
2023|05,Idabel,Oklahoma,United States,2,2,2,1,0.5,0.5,0,3
2023|05,Indianapolis,Indiana,United States,1,1,1,0,0,1,0,1
2023|05,Indianola,Iowa,United States,1,1,1,0,0,1,0,1
2023|05,Inver Grove Heights,Minnesota,United States,2,2,2,0,0,1,0,2
2023|05,Iron Mountain,Michigan,United States,2,2,2,2,1,0,0,2
2023|05,Iuka,Mississippi,United States,2,2,1,0,0,1,0,1
2023|05,Jacksonville,Illinois,United States,1,1,1,0,0,1,0,1
2023|05,Jasper,Texas,United States,1,1,0,0,0,1,0,1
2023|05,Jerseyville,Illinois,United States,1,1,1,1,1,0,0,1
2023|05,Joliet,Illinois,United States,1,1,0,0,0,1,0,0
2023|05,Junction City,Kansas,United States,1,1,0,0,0,1,0,0
2023|05,Juneau,Wisconsin,United States,1,1,1,0,0,1,0,1
2023|05,Kansas City,Kansas,United States,1,1,0,0,0,1,0,1
2023|05,Karachi,Sindh,Pakistan,1,1,1,1,1,0,0,2
2023|05,Karlstad,Minnesota,United States,1,1,0,0,0,1,0,0
2023|05,Kaufman,Texas,United States,1,1,1,0,0,1,0,1
2023|05,Kent,Washington,United States,1,1,1,1,1,0,0,1
2023|05,Kimball,South Dakota,United States,1,1,1,1,1,0,0,1
2023|05,Kirovo-Chepetsk,Kirov Oblast,Russia,1,1,1,0,0,1,0,1
2023|05,La Grange,Texas,United States,2,2,1,0,0,1,0,1
2023|05,Lake Mills,Iowa,United States,2,2,1,2,1,0,0,5
2023|05,Lake Village,Arkansas,United States,1,1,1,0,0,1,0,1
2023|05,Lakeville,Minnesota,United States,10,9,9,2,0.2,0.8,0,12
2023|05,Lamar,Missouri,United States,2,2,2,0,0,1,0,2
2023|05,Laredo,Texas,United States,1,1,1,0,0,1,0,1
2023|05,Las Vegas,Nevada,United States,1,1,1,1,1,0,0,1
2023|05,Litchfield,Minnesota,United States,1,1,0,0,0,1,0,1
2023|05,Livingston,Tennessee,United States,1,1,1,0,0,1,0,1
2023|05,Lonsdale,Minnesota,United States,1,1,1,0,0,1,0,1
2023|05,Loretto,Tennessee,United States,2,2,1,1,0.5,0.5,0,10
2023|05,Los Angeles,California,United States,2,2,2,1,0.5,0.5,0,3
2023|05,Macon,Missouri,United States,2,2,2,0,0,1,0,2
2023|05,Madison,Wisconsin,United States,1,1,1,1,1,0,0,2
2023|05,Magee,Mississippi,United States,1,1,0,0,0,1,0,1
2023|05,Malden,Missouri,United States,1,1,1,0,0,1,0,1
2023|05,Manor,Texas,United States,1,1,1,1,1,0,0,3
2023|05,Maple Grove,Minnesota,United States,16,14,14,4,0.25,0.75,0,26
2023|05,Maplewood,Minnesota,United States,7,7,7,3,0.4286,0.5714,0,9
2023|05,Marinette,Wisconsin,United States,1,1,1,0,0,1,0,1
2023|05,Marion,Alabama,United States,2,1,0,1,0.5,0.5,0,3
2023|05,Marshall,Texas,United States,1,1,1,1,1,0,0,3
2023|05,Martin,Tennessee,United States,2,2,1,1,0.5,0.5,0,4
2023|05,Marysville,Kansas,United States,1,1,0,1,1,0,0,2
2023|05,Mayville,North Dakota,United States,2,2,2,1,0.5,0.5,0,5
2023|05,McCamey,Texas,United States,3,3,2,1,0.3333,0.6667,0,3
2023|05,Medford,Wisconsin,United States,1,1,1,0,0,1,0,1
2023|05,Medina,Minnesota,United States,2,1,0,2,1,0,0,3
2023|05,Merida,Yucatan,Mexico,2,1,1,1,0.5,0.5,0,2
2023|05,Merkel,Texas,United States,1,1,1,0,0,1,0,1
2023|05,Miami,Oklahoma,United States,1,1,1,1,1,0,0,1
2023|05,Minden,Nebraska,United States,1,1,0,0,0,1,0,1
2023|05,Minneapolis,Minnesota,United States,396,363,354,133,0.3359,0.6641,0,491
2023|05,Minnetonka,Minnesota,United States,16,12,12,6,0.375,0.625,0,25
2023|05,Minnetrista,Minnesota,United States,2,1,1,0,0,1,0,1
2023|05,Mitchellville,Iowa,United States,1,1,1,1,1,0,0,2
2023|05,Monroeville,Alabama,United States,1,1,1,0,0,1,0,1
2023|05,Montgomery,Alabama,United States,1,1,1,1,1,0,0,2
2023|05,Monticello,Minnesota,United States,1,1,1,0,0,1,0,1
2023|05,Morton,Texas,United States,1,1,0,0,0,1,0,0
2023|05,Mounds View,Minnesota,United States,1,1,1,0,0,1,0,1
2023|05,Moville,Iowa,United States,1,1,1,0,0,1,0,1
2023|05,Murray,Kentucky,United States,1,1,1,0,0,1,0,1
2023|05,New Brighton,Minnesota,United States,5,4,4,2,0.4,0.6,0,6
2023|05,New Hampton,Iowa,United States,1,1,1,1,1,0,0,6
2023|05,New Hope,Minnesota,United States,2,2,2,1,0.5,0.5,0,5
2023|05,New Orleans,Louisiana,United States,1,1,0,1,1,0,0,4
2023|05,New Prague,Minnesota,United States,1,1,1,0,0,1,0,1
2023|05,New York,New York,United States,3,3,3,1,0.3333,0.6667,0,4
2023|05,Niceville,Florida,United States,1,1,0,0,0,1,0,0
2023|05,Northfield,Minnesota,United States,1,1,1,0,0,1,0,1
2023|05,Oakdale,Minnesota,United States,2,2,2,1,0.5,0.5,0,2
2023|05,Oklahoma City,Oklahoma,United States,1,1,1,0,0,1,0,1
2023|05,Orono,Minnesota,United States,3,3,3,2,0.6667,0.3333,0,3
2023|05,Osage City,Kansas,United States,1,1,1,0,0,1,0,1
2023|05,Osceola,Missouri,United States,1,1,0,0,0,1,0,1
2023|05,Oskaloosa,Iowa,United States,1,1,1,0,0,1,0,1
2023|05,Osseo,Minnesota,United States,1,1,1,1,1,0,0,5
2023|05,Otsego,Minnesota,United States,1,1,1,0,0,1,0,1
2023|05,Overland Park,Kansas,United States,1,1,0,0,0,1,0,1
2023|05,Ozark,Alabama,United States,1,1,1,0,0,1,0,1
2023|05,Ozona,Texas,United States,1,1,1,1,1,0,0,2
2023|05,Paris,Illinois,United States,2,2,0,1,0.5,0.5,0,7
2023|05,Parsons,Tennessee,United States,1,1,1,1,1,0,0,6
2023|05,Pasadena,Texas,United States,1,1,1,0,0,1,0,1
2023|05,Pawnee City,Nebraska,United States,2,2,1,0,0,1,0,2
2023|05,Pearsall,Texas,United States,1,1,0,1,1,0,0,2
2023|05,Pittsfield,Illinois,United States,3,2,0,2,0.6667,0.3333,0,11
2023|05,Plymouth,Minnesota,United States,15,14,14,9,0.6,0.4,0,25
2023|05,Plymouth,Wisconsin,United States,1,1,1,0,0,1,0,1
2023|05,Pocahontas,Arkansas,United States,1,1,1,0,0,1,0,1
2023|05,Port Lavaca,Texas,United States,3,3,2,0,0,1,0,3
2023|05,Port Wing,Wisconsin,United States,2,2,1,1,0.5,0.5,0,2
2023|05,Portage,Wisconsin,United States,1,1,1,1,1,0,0,3
2023|05,Portland,Tennessee,United States,1,1,1,1,1,0,0,2
2023|05,Prentiss,Mississippi,United States,1,1,1,1,1,0,0,1
2023|05,Prescott,Arkansas,United States,2,2,2,1,0.5,0.5,0,2
2023|05,Princeton,Minnesota,United States,2,2,2,1,0.5,0.5,0,4
2023|05,Prior Lake,Minnesota,United States,3,3,3,3,1,0,0,3
2023|05,Pulaski,Tennessee,United States,1,1,1,0,0,1,0,1
2023|05,Ramsey,Minnesota,United States,2,2,2,0,0,1,0,2
2023|05,Ravenna,Nebraska,United States,2,2,0,0,0,1,0,2
2023|05,Raymond,Mississippi,United States,1,1,1,0,0,1,0,1
2023|05,Reston,Virginia,United States,1,1,1,1,1,0,0,1
2023|05,Rice,Minnesota,United States,1,1,0,0,0,1,0,1
2023|05,Richfield,Minnesota,United States,9,9,8,3,0.3333,0.6667,0,19
2023|05,River Falls,Wisconsin,United States,1,1,1,1,1,0,0,1
2023|05,Roanoke,Alabama,United States,3,2,2,1,0.3333,0.6667,0,4
2023|05,Robbinsdale,Minnesota,United States,2,2,2,1,0.5,0.5,0,2
2023|05,Rochester,Minnesota,United States,1,1,1,0,0,1,0,1
2023|05,Rogers,Minnesota,United States,2,2,2,1,0.5,0.5,0,6
2023|05,Rosemount,Minnesota,United States,1,1,1,1,1,0,0,3
2023|05,Roseville,Minnesota,United States,6,6,5,4,0.6667,0.3333,0,9
2023|05,Rushford,Minnesota,United States,1,1,1,1,1,0,0,1
2023|05,Russell Springs,Kentucky,United States,1,1,1,0,0,1,0,1
2023|05,Ruston,Louisiana,United States,1,1,1,1,1,0,0,3
2023|05,Saint Michael,Minnesota,United States,2,2,2,1,0.5,0.5,0,2
2023|05,Saint Paul,Minnesota,United States,33,31,29,10,0.303,0.697,0,39
2023|05,Salem,Kentucky,United States,2,2,2,0,0,1,0,2
2023|05,Salina,Kansas,United States,1,1,1,0,0,1,0,1
2023|05,San Francisco,California,United States,1,1,1,0,0,1,0,1
2023|05,San Jose,California,United States,1,1,1,0,0,1,0,1
2023|05,Sanger,Texas,United States,1,1,1,0,0,1,0,1
2023|05,Santa Claus,Indiana,United States,1,1,1,1,1,0,0,5
2023|05,Savage,Minnesota,United States,3,3,3,1,0.3333,0.6667,0,5
2023|05,Scott City,Kansas,United States,1,1,1,1,1,0,0,3
2023|05,Seagoville,Texas,United States,1,1,0,1,1,0,0,2
2023|05,Seattle,Washington,United States,1,1,1,1,1,0,0,1
2023|05,Selma,Alabama,United States,1,1,1,1,1,0,0,2
2023|05,Selmer,Tennessee,United States,1,1,1,1,1,0,0,7
2023|05,Seminole,Texas,United States,1,1,0,1,1,0,0,2
2023|05,Shakopee,Minnesota,United States,6,6,5,2,0.3333,0.6667,0,6
2023|05,Shelbyville,Illinois,United States,1,1,1,0,0,1,0,1
2023|05,Shoreview,Minnesota,United States,1,1,1,0,0,1,0,1
2023|05,Shreveport,Louisiana,United States,1,1,0,0,0,1,0,1
2023|05,Sioux Falls,South Dakota,United States,7,2,2,5,0.7143,0.2857,0,18
2023|05,Sioux Rapids,Iowa,United States,1,1,1,0,0,1,0,1
2023|05,Sparta,Illinois,United States,2,2,2,1,0.5,0.5,0,2
2023|05,Sparta,Missouri,United States,1,1,1,0,0,1,0,1
2023|05,Spring Lake Park,Minnesota,United States,1,1,1,0,0,1,0,1
2023|05,Springhill,Louisiana,United States,1,1,0,0,0,1,0,1
2023|05,St. Cloud,Minnesota,United States,2,2,2,2,1,0,0,2
2023|05,St. Louis Park,Minnesota,United States,9,7,5,5,0.5556,0.4444,0,21
2023|05,Stephenson,Michigan,United States,4,4,2,2,0.5,0.5,0,10
2023|05,Stigler,Oklahoma,United States,1,1,0,0,0,1,0,1
2023|05,Stillwater,Minnesota,United States,1,1,0,0,0,1,0,1
2023|05,Stillwater,Oklahoma,United States,1,1,1,0,0,1,0,1
2023|05,Stuttgart,Arkansas,United States,1,1,0,0,0,1,0,0
2023|05,Tahlequah,Oklahoma,United States,1,1,0,0,0,1,0,1
2023|05,Tallulah,Louisiana,United States,1,1,0,0,0,1,0,0
2023|05,Tekamah,Nebraska,United States,2,2,2,0,0,1,0,2
2023|05,Tell City,Indiana,United States,1,1,0,1,1,0,0,1
2023|05,Tomahawk,Wisconsin,United States,3,3,2,1,0.3333,0.6667,0,3
2023|05,Tuttle,Oklahoma,United States,1,1,0,0,0,1,0,1
2023|05,Tyler,Texas,United States,1,1,0,0,0,1,0,1
2023|05,Vernon,Alabama,United States,1,1,0,0,0,1,0,1
2023|05,Victoria,Minnesota,United States,1,1,1,1,1,0,0,2
2023|05,Villa Grove,Illinois,United States,4,4,3,1,0.25,0.75,0,5
2023|05,Virden,Illinois,United States,1,1,1,0,0,1,0,1
2023|05,Waconia,Minnesota,United States,1,1,1,0,0,1,0,1
2023|05,Waite Park,Minnesota,United States,1,1,0,0,0,1,0,1
2023|05,Walnut Ridge,Arkansas,United States,1,1,1,1,1,0,0,2
2023|05,Warrensburg,Missouri,United States,1,1,1,1,1,0,0,2
2023|05,Warrenton,Missouri,United States,2,2,2,0,0,1,0,2
2023|05,Waseca,Minnesota,United States,1,1,1,0,0,1,0,1
2023|05,Waxahachie,Texas,United States,1,1,1,0,0,1,0,1
2023|05,Wayzata,Minnesota,United States,1,1,1,1,1,0,0,2
2023|05,Weatherford,Oklahoma,United States,1,1,1,0,0,1,0,1
2023|05,West Saint Paul,Minnesota,United States,4,4,4,4,1,0,0,6
2023|05,Wetumpka,Alabama,United States,1,1,1,0,0,1,0,1
2023|05,Wheaton,Illinois,United States,3,2,0,2,0.6667,0.3333,0,20
2023|05,White Bear Lake,Minnesota,United States,4,4,4,1,0.25,0.75,0,5
2023|05,Wichita Falls,Texas,United States,1,1,1,0,0,1,0,1
2023|05,Wilton,Iowa,United States,4,4,3,0,0,1,0,3
2023|05,Winnsboro,Louisiana,United States,3,3,1,0,0,1,0,2
2023|05,Winona,Missouri,United States,1,1,1,0,0,1,0,1
2023|05,Wittenberg,Wisconsin,United States,1,1,0,1,1,0,0,2
2023|05,Woodbury,Minnesota,United States,7,7,7,4,0.5714,0.4286,0,16
2023|05,Wymore,Nebraska,United States,2,1,0,1,0.5,0.5,0,4
2023|05,Wyoming,Minnesota,United States,3,2,1,1,0.3333,0.6667,0,4
2023|05,Yankton,South Dakota,United States,1,1,0,0,0,1,0,1
2023|05,Ylivieska sub-region,Northern Ostrobothnia,Finland,1,1,1,1,1,0,0,6
2023|05,Zimmerman,Minnesota,United States,2,2,1,0,0,1,0,2
2023|06,(not set),(not set),(not set),4,4,4,0,0,1,0,4
2023|06,(not set),(not set),China,2,2,2,1,0.5,0.5,0,3
2023|06,(not set),(not set),Germany,1,1,1,0,0,1,0,1
2023|06,(not set),(not set),Spain,1,1,1,0,0,1,0,1
2023|06,(not set),(not set),United Kingdom,1,1,1,0,0,1,0,1
2023|06,(not set),(not set),United States,5,5,5,1,0.2,0.8,0,6
2023|06,(not set),Alabama,United States,1,1,1,1,1,0,0,2
2023|06,(not set),Illinois,United States,1,1,0,0,0,1,0,1
2023|06,(not set),Iowa,United States,4,4,4,3,0.75,0.25,0,8
2023|06,(not set),Kansas,United States,2,2,2,0,0,1,0,2
2023|06,(not set),Minnesota,United States,9,8,5,3,0.3333,0.6667,0,9
2023|06,(not set),Missouri,United States,3,3,2,0,0,1,0,3
2023|06,(not set),Region XII,Philippines,2,1,1,2,1,0,0,5
2023|06,(not set),Texas,United States,4,3,2,1,0.25,0.75,0,3
2023|06,Abilene,Kansas,United States,1,1,0,0,0,1,0,1
2023|06,Afton,Minnesota,United States,1,1,1,1,1,0,0,2
2023|06,Aitkin,Minnesota,United States,1,1,0,0,0,1,0,1
2023|06,Anadarko,Oklahoma,United States,1,1,1,1,1,0,0,11
2023|06,Apple Valley,Minnesota,United States,1,1,1,1,1,0,0,5
2023|06,Arcadia,Louisiana,United States,1,1,1,1,1,0,0,1
2023|06,Ashburn,Virginia,United States,1,1,1,0,0,1,0,1
2023|06,Athens,Texas,United States,1,1,1,0,0,1,0,1
2023|06,Audubon,Iowa,United States,3,2,0,1,0.3333,0.6667,0,3
2023|06,Austin,Minnesota,United States,1,1,1,1,1,0,0,1
2023|06,Austin,Texas,United States,4,1,1,3,0.75,0.25,0,8
2023|06,Baldwin,Wisconsin,United States,2,2,1,2,1,0,0,5
2023|06,Barron,Wisconsin,United States,1,1,1,1,1,0,0,2
2023|06,Bastrop,Texas,United States,1,1,0,0,0,1,0,1
2023|06,Beebe,Arkansas,United States,1,1,1,0,0,1,0,1
2023|06,Berlin,Berlin,Germany,1,1,0,1,1,0,0,1
2023|06,Big Lake,Minnesota,United States,1,1,1,1,1,0,0,1
2023|06,Blaine,Minnesota,United States,14,13,12,10,0.7143,0.2857,0,29
2023|06,Bloomington,Minnesota,United States,12,5,5,8,0.6667,0.3333,0,26
2023|06,Boardman,Oregon,United States,6,6,6,1,0.1667,0.8333,0,7
2023|06,Breaux Bridge,Louisiana,United States,4,4,2,0,0,1,0,7
2023|06,Brewton,Alabama,United States,1,1,0,0,0,1,0,0
2023|06,Bridgeville,Delaware,United States,1,1,1,1,1,0,0,1
2023|06,Brookland,Arkansas,United States,3,1,0,0,0,1,0,3
2023|06,Brooklyn Park,Minnesota,United States,4,4,4,2,0.5,0.5,0,5
2023|06,Buffalo,Minnesota,United States,1,1,1,0,0,1,0,1
2023|06,Burnsville,Minnesota,United States,5,4,4,0,0,1,0,4
2023|06,Cabot,Arkansas,United States,1,1,1,1,1,0,0,1
2023|06,Cadiz,Kentucky,United States,1,1,1,0,0,1,0,1
2023|06,Caldwell,Kansas,United States,1,1,0,0,0,1,0,1
2023|06,Cambridge,Minnesota,United States,2,2,2,0,0,1,0,2
2023|06,Camden,Arkansas,United States,1,1,0,0,0,1,0,1
2023|06,Camdenton,Missouri,United States,1,1,1,0,0,1,0,1
2023|06,Canton,Ohio,United States,1,1,1,1,1,0,0,1
2023|06,Canyon,Texas,United States,1,1,0,0,0,1,0,1
2023|06,Carthage,Tennessee,United States,1,1,0,0,0,1,0,1
2023|06,Caruthersville,Missouri,United States,1,1,1,1,1,0,0,2
2023|06,Carver,Minnesota,United States,1,1,1,1,1,0,0,1
2023|06,Chanhassen,Minnesota,United States,1,1,1,1,1,0,0,2
2023|06,Chaska,Minnesota,United States,1,1,0,1,1,0,0,3
2023|06,Cheltenham,England,United Kingdom,1,1,1,0,0,1,0,1
2023|06,Chicago,Illinois,United States,49,36,26,24,0.4898,0.5102,0,90
2023|06,Clarksville,Texas,United States,1,1,0,0,0,1,0,1
2023|06,Cleveland,Ohio,United States,1,1,1,1,1,0,0,1
2023|06,Coalgate,Oklahoma,United States,2,2,1,1,0.5,0.5,0,5
2023|06,Cohasset,Minnesota,United States,2,1,0,2,1,0,0,8
2023|06,College Park,Georgia,United States,1,1,1,0,0,1,0,1
2023|06,Columbia Heights,Minnesota,United States,1,1,1,1,1,0,0,1
2023|06,Columbus,Ohio,United States,13,13,13,0,0,1,0,13
2023|06,Coon Rapids,Minnesota,United States,2,2,2,2,1,0,0,5
2023|06,Cottage Grove,Minnesota,United States,4,2,2,2,0.5,0.5,0,4
2023|06,Coushatta,Louisiana,United States,1,1,0,1,1,0,0,1
2023|06,Crookston,Minnesota,United States,1,1,1,0,0,1,0,1
2023|06,Crystal,Minnesota,United States,6,6,6,1,0.1667,0.8333,0,9
2023|06,Dallas,Texas,United States,13,13,12,5,0.3846,0.6154,0,24
2023|06,Denver,Colorado,United States,1,1,1,0,0,1,0,1
2023|06,Detroit,Michigan,United States,1,1,1,1,1,0,0,1
2023|06,Dublin,County Dublin,Ireland,1,1,1,0,0,1,0,1
2023|06,Eagan,Minnesota,United States,3,3,3,2,0.6667,0.3333,0,3
2023|06,Eastland,Texas,United States,1,1,0,0,0,1,0,1
2023|06,Eden Prairie,Minnesota,United States,9,9,8,2,0.2222,0.7778,0,10
2023|06,Eden Valley,Minnesota,United States,1,1,0,0,0,1,0,1
2023|06,Edina,Minnesota,United States,2,2,1,1,0.5,0.5,0,2
2023|06,Ellisville,Mississippi,United States,1,1,1,1,1,0,0,2
2023|06,Eufaula,Alabama,United States,1,1,1,0,0,1,0,1
2023|06,Eureka,Kansas,United States,1,1,1,1,1,0,0,2
2023|06,Farmington,Minnesota,United States,1,1,1,0,0,1,0,1
2023|06,Fayetteville,Tennessee,United States,1,1,1,1,1,0,0,5
2023|06,Forsyth,Missouri,United States,1,1,1,0,0,1,0,1
2023|06,Fort Davis,Texas,United States,1,1,1,1,1,0,0,2
2023|06,Fort Dodge,Iowa,United States,2,2,1,1,0.5,0.5,0,3
2023|06,Fort Irwin,California,United States,1,1,1,1,1,0,0,2
2023|06,Fridley,Minnesota,United States,2,2,2,0,0,1,0,2
2023|06,Gadsden,Alabama,United States,1,1,0,0,0,1,0,1
2023|06,Galveston,Texas,United States,1,1,1,1,1,0,0,2
2023|06,Golden Valley,Minnesota,United States,2,2,2,2,1,0,0,7
2023|06,Gooding,Idaho,United States,1,1,1,1,1,0,0,2
2023|06,Grand Forks,North Dakota,United States,1,1,1,0,0,1,0,1
2023|06,Grenada,Mississippi,United States,1,1,0,0,0,1,0,1
2023|06,Hannibal,Missouri,United States,1,1,0,0,0,1,0,0
2023|06,Headland,Alabama,United States,1,1,1,1,1,0,0,2
2023|06,Henderson,Texas,United States,2,2,2,2,1,0,0,4
2023|06,Hopkins,Minnesota,United States,1,1,1,0,0,1,0,1
2023|06,Houston,Texas,United States,1,1,1,1,1,0,0,1
2023|06,Humboldt,Tennessee,United States,3,3,2,2,0.6667,0.3333,0,3
2023|06,Humeston,Iowa,United States,1,1,0,1,1,0,0,2
2023|06,Idabel,Oklahoma,United States,1,1,0,0,0,1,0,1
2023|06,Inver Grove Heights,Minnesota,United States,2,2,2,1,0.5,0.5,0,3
2023|06,Isanti,Minnesota,United States,1,1,1,1,1,0,0,3
2023|06,Jefferson,Iowa,United States,1,1,1,1,1,0,0,2
2023|06,Jordan,Minnesota,United States,1,1,1,1,1,0,0,3
2023|06,Kanawha,Iowa,United States,1,1,1,0,0,1,0,1
2023|06,Karachi,Sindh,Pakistan,1,1,1,1,1,0,0,2
2023|06,Kearney,Nebraska,United States,1,1,0,0,0,1,0,1
2023|06,Kermit,Texas,United States,1,1,1,1,1,0,0,3
2023|06,Lake Jackson,Texas,United States,1,1,1,1,1,0,0,4
2023|06,Lakeville,Minnesota,United States,7,7,7,3,0.4286,0.5714,0,7
2023|06,Lesterville,Missouri,United States,1,1,0,1,1,0,0,1
2023|06,Lewisburg,Tennessee,United States,1,1,0,0,0,1,0,1
2023|06,Livingston,Alabama,United States,1,1,1,0,0,1,0,1
2023|06,Livingston,Tennessee,United States,1,1,1,0,0,1,0,1
2023|06,London,England,United Kingdom,1,1,1,1,1,0,0,3
2023|06,Long Beach,Mississippi,United States,1,1,0,0,0,1,0,1
2023|06,Madison,Kansas,United States,1,1,0,0,0,1,0,1
2023|06,Madison,Wisconsin,United States,1,1,1,0,0,1,0,1
2023|06,Magee,Mississippi,United States,1,1,0,0,0,1,0,0
2023|06,Maple Grove,Minnesota,United States,12,8,8,4,0.3333,0.6667,0,30
2023|06,Maplewood,Minnesota,United States,3,3,2,1,0.3333,0.6667,0,3
2023|06,Marlin,Texas,United States,1,1,0,0,0,1,0,1
2023|06,Mattoon,Illinois,United States,1,1,1,0,0,1,0,1
2023|06,Mauston,Wisconsin,United States,1,1,0,0,0,1,0,1
2023|06,Mellen,Wisconsin,United States,2,2,1,1,0.5,0.5,0,3
2023|06,Mendota Heights,Minnesota,United States,1,1,1,1,1,0,0,6
2023|06,Milwaukee,Wisconsin,United States,3,3,3,2,0.6667,0.3333,0,5
2023|06,Minneapolis,Minnesota,United States,210,191,189,91,0.4333,0.5667,0,295
2023|06,Minnetonka,Minnesota,United States,8,6,5,4,0.5,0.5,0,17
2023|06,Minnetrista,Minnesota,United States,1,1,1,1,1,0,0,1
2023|06,Minot,North Dakota,United States,1,1,1,1,1,0,0,4
2023|06,Montevallo,Alabama,United States,1,1,1,1,1,0,0,3
2023|06,Montgomery,Alabama,United States,1,1,0,1,1,0,0,1
2023|06,Mora,Minnesota,United States,1,1,1,0,0,1,0,1
2023|06,Morgantown,Kentucky,United States,1,1,0,0,0,1,0,1
2023|06,Nekoosa,Wisconsin,United States,1,1,1,0,0,1,0,1
2023|06,New Brighton,Minnesota,United States,1,1,1,0,0,1,0,1
2023|06,New Hope,Minnesota,United States,1,1,1,0,0,1,0,1
2023|06,Niceville,Florida,United States,1,1,0,0,0,1,0,1
2023|06,North Bergen,New Jersey,United States,1,1,1,1,1,0,0,2
2023|06,Oakdale,Minnesota,United States,2,2,2,1,0.5,0.5,0,2
2023|06,Omaha,Nebraska,United States,2,2,2,1,0.5,0.5,0,5
2023|06,Orlando,Florida,United States,1,1,1,0,0,1,0,1
2023|06,Orono,Minnesota,United States,3,3,2,1,0.3333,0.6667,0,3
2023|06,Osage City,Kansas,United States,1,1,1,0,0,1,0,1
2023|06,Otsego,Minnesota,United States,3,2,1,2,0.6667,0.3333,0,11
2023|06,Overland Park,Kansas,United States,2,2,0,0,0,1,0,2
2023|06,Pea Ridge,Arkansas,United States,1,1,0,0,0,1,0,1
2023|06,Pearsall,Texas,United States,1,1,1,1,1,0,0,2
2023|06,Pella,Iowa,United States,1,1,1,0,0,1,0,1
2023|06,Perryville,Missouri,United States,1,1,0,0,0,1,0,1
2023|06,Phoenix,Arizona,United States,1,1,1,1,1,0,0,3
2023|06,Pineville,Louisiana,United States,1,1,1,1,1,0,0,6
2023|06,Piopolis,Quebec,Canada,1,1,1,0,0,1,0,1
2023|06,Plymouth,Minnesota,United States,5,5,5,1,0.2,0.8,0,5
2023|06,Prentiss,Mississippi,United States,1,1,0,0,0,1,0,0
2023|06,Princeton,Minnesota,United States,3,3,3,1,0.3333,0.6667,0,5
2023|06,Prior Lake,Minnesota,United States,6,6,5,2,0.3333,0.6667,0,6
2023|06,Ramsey,Minnesota,United States,1,1,1,1,1,0,0,2
2023|06,Red Bay,Alabama,United States,1,1,0,1,1,0,0,1
2023|06,Rice,Minnesota,United States,2,2,2,2,1,0,0,4
2023|06,Richfield,Minnesota,United States,4,4,3,4,1,0,0,15
2023|06,Ridgecrest,California,United States,1,1,1,0,0,1,0,1
2023|06,Robbinsdale,Minnesota,United States,3,2,1,2,0.6667,0.3333,0,22
2023|06,Rockport,Texas,United States,1,1,1,0,0,1,0,1
2023|06,Rockwell City,Iowa,United States,1,1,1,1,1,0,0,2
2023|06,Rogersville,Missouri,United States,1,1,0,0,0,1,0,0
2023|06,Rosemount,Minnesota,United States,1,1,1,0,0,1,0,1
2023|06,Roseville,Minnesota,United States,3,2,2,2,0.6667,0.3333,0,5
2023|06,Saint Michael,Minnesota,United States,1,1,1,1,1,0,0,2
2023|06,Saint Paul,Minnesota,United States,16,16,13,4,0.25,0.75,0,19
2023|06,Saint Petersburg,Saint Petersburg,Russia,1,1,1,0,0,1,0,1
2023|06,San Augustine,Texas,United States,1,1,1,0,0,1,0,1
2023|06,San Jose,California,United States,2,2,1,1,0.5,0.5,0,4
2023|06,Santa Anna,Texas,United States,1,1,1,0,0,1,0,1
2023|06,Shakopee,Minnesota,United States,2,2,0,2,1,0,0,9
2023|06,Shoreview,Minnesota,United States,1,1,1,1,1,0,0,1
2023|06,Sioux Center,Iowa,United States,1,1,1,0,0,1,0,1
2023|06,Sioux Falls,South Dakota,United States,2,1,0,1,0.5,0.5,0,3
2023|06,Smyrna,Georgia,United States,1,1,1,1,1,0,0,1
2023|06,Solon,Iowa,United States,1,1,1,1,1,0,0,2
2023|06,South Saint Paul,Minnesota,United States,1,1,1,0,0,1,0,1
2023|06,Sparta,Illinois,United States,2,2,1,1,0.5,0.5,0,3
2023|06,Spring Grove,Minnesota,United States,1,1,1,1,1,0,0,2
2023|06,Spring Lake Park,Minnesota,United States,1,1,1,0,0,1,0,1
2023|06,St. Louis Park,Minnesota,United States,6,5,5,2,0.3333,0.6667,0,7
2023|06,Stewartville,Minnesota,United States,1,1,0,0,0,1,0,1
2023|06,Stigler,Oklahoma,United States,1,1,1,0,0,1,0,1
2023|06,Van Horn,Texas,United States,1,1,0,0,0,1,0,1
2023|06,Victoria,Minnesota,United States,1,1,1,1,1,0,0,1
2023|06,Villa Grove,Illinois,United States,1,1,0,1,1,0,0,2
2023|06,Vinita,Oklahoma,United States,2,2,1,1,0.5,0.5,0,2
2023|06,Warren,Minnesota,United States,1,1,0,0,0,1,0,1
2023|06,Warrensburg,Missouri,United States,1,1,1,0,0,1,0,1
2023|06,West Saint Paul,Minnesota,United States,1,1,1,0,0,1,0,1
2023|06,Wilburton,Oklahoma,United States,1,1,0,0,0,1,0,1
2023|06,Willard,Missouri,United States,1,1,1,0,0,1,0,1
2023|06,Wilson,North Carolina,United States,1,1,1,1,1,0,0,9
2023|06,Winona,Minnesota,United States,1,1,1,1,1,0,0,7
2023|06,Winona,Missouri,United States,1,1,1,0,0,1,0,1
2023|06,Winterset,Iowa,United States,2,2,1,1,0.5,0.5,0,3
2023|06,Woodbury,Minnesota,United States,3,3,3,0,0,1,0,3
2023|06,Woolstock,Iowa,United States,1,1,0,0,0,1,0,1
2023|06,Wymore,Nebraska,United States,2,2,0,1,0.5,0.5,0,1
2023|06,York,Nebraska,United States,1,1,1,1,1,0,0,1
2023|06,9076,Otago,New Zealand,1,1,1,1,1,0,0,1
2023|07,(not set),(not set),Austria,1,1,1,0,0,1,0,1
2023|07,(not set),(not set),China,2,2,2,1,0.5,0.5,0,3
2023|07,(not set),(not set),Estonia,1,1,1,0,0,1,0,1
2023|07,(not set),(not set),Iran,1,1,1,0,0,1,0,1
2023|07,(not set),(not set),Latvia,1,1,1,0,0,1,0,1
2023|07,(not set),(not set),Seychelles,1,1,1,0,0,1,0,1
2023|07,(not set),(not set),United States,9,9,9,0,0,1,0,9
2023|07,(not set),California,United States,2,2,2,0,0,1,0,2
2023|07,(not set),Connecticut,United States,1,1,1,1,1,0,0,5
2023|07,(not set),Decentralized Administration of Attica,Greece,1,1,1,1,1,0,0,1
2023|07,(not set),Florida,United States,2,2,1,0,0,1,0,2
2023|07,(not set),Georgia,United States,1,1,1,0,0,1,0,1
2023|07,(not set),Illinois,United States,1,1,0,1,1,0,0,4
2023|07,(not set),Iowa,United States,4,2,2,1,0.25,0.75,0,9
2023|07,(not set),Kansas,United States,1,1,0,1,1,0,0,6
2023|07,(not set),Michigan,United States,1,1,1,1,1,0,0,1
2023|07,(not set),Minnesota,United States,9,8,7,5,0.5556,0.4444,0,15
2023|07,(not set),New York,United States,2,2,2,2,1,0,0,5
2023|07,(not set),Oklahoma,United States,1,1,1,0,0,1,0,1
2023|07,(not set),Oregon,United States,1,1,1,0,0,1,0,1
2023|07,(not set),Texas,United States,3,3,2,0,0,1,0,3
2023|07,(not set),Wisconsin,United States,1,1,1,1,1,0,0,10
2023|07,Abilene,Kansas,United States,1,1,1,0,0,1,0,1
2023|07,Ada,Oklahoma,United States,1,1,1,0,0,1,0,1
2023|07,Altoona,Iowa,United States,1,1,1,0,0,1,0,1
2023|07,Amarillo,Texas,United States,1,1,1,1,1,0,0,3
2023|07,Anoka,Minnesota,United States,2,2,2,0,0,1,0,2
2023|07,Antlers,Oklahoma,United States,1,1,1,1,1,0,0,1
2023|07,Apple Valley,Minnesota,United States,4,4,4,3,0.75,0.25,0,6
2023|07,Ashburn,Virginia,United States,3,3,3,2,0.6667,0.3333,0,3
2023|07,Ashland,Mississippi,United States,1,1,1,0,0,1,0,1
2023|07,Athens,Texas,United States,1,1,0,0,0,1,0,1
2023|07,Atlanta,Georgia,United States,1,1,1,1,1,0,0,1
2023|07,Baldwin,Wisconsin,United States,3,2,0,1,0.3333,0.6667,0,3
2023|07,Baltimore,Maryland,United States,1,1,1,1,1,0,0,2
2023|07,Bella Vista,Arkansas,United States,1,1,1,1,1,0,0,1
2023|07,Bengaluru,Karnataka,India,1,1,1,1,1,0,0,1
2023|07,Big Lake,Minnesota,United States,2,2,2,1,0.5,0.5,0,2
2023|07,Blaine,Minnesota,United States,8,6,5,5,0.625,0.375,0,14
2023|07,Bloomington,Minnesota,United States,11,10,9,7,0.6364,0.3636,0,19
2023|07,Boardman,Oregon,United States,2,2,2,1,0.5,0.5,0,3
2023|07,Bolivar,Missouri,United States,1,1,0,0,0,1,0,1
2023|07,Bottineau,North Dakota,United States,1,1,1,1,1,0,0,4
2023|07,Bowie,Texas,United States,1,1,0,0,0,1,0,0
2023|07,Boynton Beach,Florida,United States,2,1,1,1,0.5,0.5,0,2
2023|07,Brainerd,Minnesota,United States,1,1,1,1,1,0,0,2
2023|07,Branson,Missouri,United States,1,1,1,0,0,1,0,1
2023|07,Brookhaven,Mississippi,United States,1,1,0,0,0,1,0,1
2023|07,Brooklyn Center,Minnesota,United States,4,4,4,3,0.75,0.25,0,5
2023|07,Brooklyn Park,Minnesota,United States,5,5,5,3,0.6,0.4,0,14
2023|07,Buffalo,Minnesota,United States,1,1,1,1,1,0,0,1
2023|07,Bunkie,Louisiana,United States,1,1,1,0,0,1,0,1
2023|07,Burlingame,California,United States,2,2,2,2,1,0,0,8
2023|07,Burnsville,Minnesota,United States,3,3,3,2,0.6667,0.3333,0,7
2023|07,California,Missouri,United States,1,1,1,1,1,0,0,1
2023|07,Camdenton,Missouri,United States,1,1,1,1,1,0,0,1
2023|07,Carney,Michigan,United States,1,1,1,0,0,1,0,1
2023|07,Carthage,Tennessee,United States,1,1,1,0,0,1,0,1
2023|07,Caruthersville,Missouri,United States,2,2,2,1,0.5,0.5,0,2
2023|07,Casselton,North Dakota,United States,1,1,1,0,0,1,0,1
2023|07,Castroville,Texas,United States,2,2,2,2,1,0,0,7
2023|07,Central City,Nebraska,United States,1,1,0,0,0,1,0,1
2023|07,Charlotte,North Carolina,United States,3,3,3,2,0.6667,0.3333,0,6
2023|07,Chaska,Minnesota,United States,6,4,3,3,0.5,0.5,0,11
2023|07,Chicago,Illinois,United States,35,33,25,20,0.5714,0.4286,0,62
2023|07,Chokio,Minnesota,United States,1,1,0,0,0,1,0,1
2023|07,Clarksville,Arkansas,United States,1,1,0,0,0,1,0,0
2023|07,Coalgate,Oklahoma,United States,1,1,1,1,1,0,0,5
2023|07,Coffeyville,Kansas,United States,1,1,1,1,1,0,0,2
2023|07,Cohasset,Minnesota,United States,4,1,0,3,0.75,0.25,0,6
2023|07,Columbia Heights,Minnesota,United States,1,1,1,0,0,1,0,1
2023|07,Columbus,Indiana,United States,1,1,1,1,1,0,0,1
2023|07,Columbus,Ohio,United States,12,12,12,0,0,1,0,12
2023|07,Coon Rapids,Minnesota,United States,3,3,3,2,0.6667,0.3333,0,3
2023|07,Cordoba,Cordoba,Argentina,1,1,1,1,1,0,0,1
2023|07,Council Grove,Kansas,United States,1,1,0,0,0,1,0,1
2023|07,Crystal,Minnesota,United States,1,1,1,1,1,0,0,1
2023|07,Cushing,Texas,United States,1,1,1,0,0,1,0,1
2023|07,Dallas,Texas,United States,12,10,8,5,0.4167,0.5833,0,27
2023|07,Decatur,Texas,United States,1,1,1,0,0,1,0,1
2023|07,Decorah,Iowa,United States,1,1,0,1,1,0,0,2
2023|07,Denison,Iowa,United States,1,1,1,1,1,0,0,2
2023|07,Duchesne,Utah,United States,1,1,1,1,1,0,0,1
2023|07,Eagan,Minnesota,United States,7,7,6,1,0.1429,0.8571,0,7
2023|07,Eden Prairie,Minnesota,United States,5,4,4,4,0.8,0.2,0,9
2023|07,Edina,Minnesota,United States,3,3,3,1,0.3333,0.6667,0,3
2023|07,Elk River,Minnesota,United States,2,2,2,1,0.5,0.5,0,2
2023|07,Ellisville,Mississippi,United States,1,1,0,1,1,0,0,2
2023|07,Ellsworth,Kansas,United States,1,1,1,0,0,1,0,1
2023|07,Eureka,Kansas,United States,1,1,1,1,1,0,0,2
2023|07,Fairbury,Nebraska,United States,1,1,1,1,1,0,0,6
2023|07,Fairfield,Texas,United States,1,1,0,0,0,1,0,0
2023|07,Farmington,New Mexico,United States,2,2,2,0,0,1,0,2
2023|07,Floodwood,Minnesota,United States,1,1,1,0,0,1,0,1
2023|07,Forest City,North Carolina,United States,1,1,1,0,0,1,0,1
2023|07,Fort Madison,Iowa,United States,1,1,0,0,0,1,0,0
2023|07,Fridley,Minnesota,United States,5,5,5,2,0.4,0.6,0,12
2023|07,Galveston,Texas,United States,2,2,1,1,0.5,0.5,0,4
2023|07,Giddings,Texas,United States,1,1,1,0,0,1,0,1
2023|07,Golden Valley,Minnesota,United States,1,1,1,0,0,1,0,1
2023|07,Green Bay,Wisconsin,United States,1,1,0,1,1,0,0,3
2023|07,Greenville,Kentucky,United States,1,1,1,0,0,1,0,1
2023|07,Grenada,Mississippi,United States,1,1,1,1,1,0,0,2
2023|07,Grove,Oklahoma,United States,1,1,0,0,0,1,0,1
2023|07,Ham Lake,Minnesota,United States,1,1,1,0,0,1,0,1
2023|07,Hammond,Louisiana,United States,2,2,1,1,0.5,0.5,0,2
2023|07,Hampton,Georgia,United States,1,1,1,1,1,0,0,2
2023|07,Hartford,Wisconsin,United States,1,1,0,0,0,1,0,1
2023|07,Harvard,Illinois,United States,1,1,0,0,0,1,0,1
2023|07,Hendersonville,Tennessee,United States,1,1,0,1,1,0,0,2
2023|07,Hennessey,Oklahoma,United States,1,1,0,0,0,1,0,1
2023|07,Holmen,Wisconsin,United States,1,1,1,0,0,1,0,1
2023|07,Hopkins,Minnesota,United States,6,4,4,3,0.5,0.5,0,12
2023|07,Hugo,Minnesota,United States,1,1,1,1,1,0,0,1
2023|07,Humboldt,Tennessee,United States,2,2,1,0,0,1,0,1
2023|07,Hutchinson,Minnesota,United States,1,1,1,1,1,0,0,3
2023|07,Ida Grove,Iowa,United States,2,2,1,1,0.5,0.5,0,3
2023|07,Idabel,Oklahoma,United States,1,1,1,1,1,0,0,2
2023|07,Inver Grove Heights,Minnesota,United States,2,2,2,1,0.5,0.5,0,2
2023|07,Jackson,Tennessee,United States,1,1,0,0,0,1,0,1
2023|07,Jacksonville,Illinois,United States,1,1,0,0,0,1,0,1
2023|07,Jamestown,Tennessee,United States,1,1,1,0,0,1,0,1
2023|07,Jay,Oklahoma,United States,1,1,1,1,1,0,0,4
2023|07,Karachi,Sindh,Pakistan,1,1,1,1,1,0,0,2
2023|07,Kentwood,Michigan,United States,1,1,1,0,0,1,0,1
2023|07,Kimball,South Dakota,United States,1,1,0,1,1,0,0,5
2023|07,Kirksville,Missouri,United States,1,1,0,0,0,1,0,1
2023|07,Laguna Niguel,California,United States,2,1,1,0,0,1,0,1
2023|07,Lake Elmo,Minnesota,United States,3,3,2,1,0.3333,0.6667,0,4
2023|07,Lakeville,Minnesota,United States,4,4,4,2,0.5,0.5,0,5
2023|07,Lamoni,Iowa,United States,1,1,0,0,0,1,0,1
2023|07,Las Pinas,Metro Manila,Philippines,1,1,1,1,1,0,0,1
2023|07,Lawrence,Massachusetts,United States,1,1,1,1,1,0,0,4
2023|07,Le Mars,Iowa,United States,1,1,1,1,1,0,0,2
2023|07,Lino Lakes,Minnesota,United States,1,1,1,1,1,0,0,2
2023|07,Littlefield,Texas,United States,1,1,0,0,0,1,0,0
2023|07,Livingston,Alabama,United States,1,1,0,0,0,1,0,6
2023|07,Livingston,Tennessee,United States,3,3,0,0,0,1,0,2
2023|07,London,England,United Kingdom,1,1,1,0,0,1,0,1
2023|07,Long Prairie,Minnesota,United States,1,1,1,0,0,1,0,1
2023|07,Macon,Missouri,United States,1,1,0,0,0,1,0,0
2023|07,Madison,Kansas,United States,1,1,0,0,0,1,0,2
2023|07,Magee,Mississippi,United States,2,2,0,1,0.5,0.5,0,2
2023|07,Mahtomedi,Minnesota,United States,1,1,1,1,1,0,0,1
2023|07,Malvern,Arkansas,United States,1,1,1,1,1,0,0,2
2023|07,Maple Grove,Minnesota,United States,5,5,4,3,0.6,0.4,0,4
2023|07,Maplewood,Minnesota,United States,4,4,3,3,0.75,0.25,0,7
2023|07,Marinette,Wisconsin,United States,1,1,1,0,0,1,0,1
2023|07,Mart,Texas,United States,1,1,1,1,1,0,0,4
2023|07,Martin,Tennessee,United States,1,1,1,0,0,1,0,1
2023|07,Mayville,North Dakota,United States,1,1,0,0,0,1,0,3
2023|07,McLeansboro,Illinois,United States,1,1,0,0,0,1,0,1
2023|07,McMinnville,Tennessee,United States,2,2,2,1,0.5,0.5,0,2
2023|07,Mellen,Wisconsin,United States,1,1,0,0,0,1,0,2
2023|07,Memphis,Tennessee,United States,1,1,1,0,0,1,0,1
2023|07,Mendota,Illinois,United States,1,1,0,0,0,1,0,1
2023|07,Meridian,Texas,United States,1,1,1,1,1,0,0,4
2023|07,Miami,Florida,United States,1,1,1,1,1,0,0,3
2023|07,Milwaukee,Wisconsin,United States,1,1,0,0,0,1,0,0
2023|07,Minden,Nebraska,United States,1,1,1,1,1,0,0,4
2023|07,Minneapolis,Minnesota,United States,219,197,191,73,0.3333,0.6667,0,313
2023|07,Minnetonka,Minnesota,United States,5,5,4,2,0.4,0.6,0,11
2023|07,Minnetrista,Minnesota,United States,1,1,1,0,0,1,0,1
2023|07,Moline,Illinois,United States,1,1,0,0,0,1,0,1
2023|07,Montevallo,Alabama,United States,1,1,0,1,1,0,0,2
2023|07,Montgomery,Minnesota,United States,1,1,1,1,1,0,0,1
2023|07,Moulton,Alabama,United States,1,1,0,0,0,1,0,1
2023|07,Mound,Minnesota,United States,1,1,1,0,0,1,0,1
2023|07,Multan,Punjab,Pakistan,1,1,1,1,1,0,0,2
2023|07,Mumbai,Maharashtra,India,4,4,4,0,0,1,0,4
2023|07,Natchez,Mississippi,United States,1,1,1,1,1,0,0,2
2023|07,Neosho,Missouri,United States,1,1,1,0,0,1,0,1
2023|07,New Hope,Minnesota,United States,1,1,0,0,0,1,0,1
2023|07,New York,New York,United States,1,1,1,1,1,0,0,2
2023|07,Newport,Arkansas,United States,1,1,1,1,1,0,0,3
2023|07,Niceville,Florida,United States,1,1,1,1,1,0,0,5
2023|07,Noida,Uttar Pradesh,India,1,1,1,1,1,0,0,1
2023|07,North Saint Paul,Minnesota,United States,1,1,1,1,1,0,0,3
2023|07,Oakdale,Minnesota,United States,3,3,3,1,0.3333,0.6667,0,3
2023|07,Omak,Washington,United States,1,1,1,0,0,1,0,1
2023|07,Otsego,Minnesota,United States,2,2,2,0,0,1,0,2
2023|07,Overland Park,Kansas,United States,1,1,1,0,0,1,0,1
2023|07,Ozark,Alabama,United States,1,1,1,1,1,0,0,1
2023|07,Pea Ridge,Arkansas,United States,1,1,1,1,1,0,0,2
2023|07,Pekin,Illinois,United States,1,1,1,1,1,0,0,2
2023|07,Phoenix,Arizona,United States,3,3,3,1,0.3333,0.6667,0,4
2023|07,Pine Bluff,Arkansas,United States,1,1,0,0,0,1,0,0
2023|07,Pine City,Minnesota,United States,1,1,1,0,0,1,0,1
2023|07,Pittsfield,Illinois,United States,1,1,1,1,1,0,0,1
2023|07,Plain Dealing,Louisiana,United States,1,1,1,1,1,0,0,1
2023|07,Plymouth,Minnesota,United States,5,5,5,0,0,1,0,5
2023|07,Port Arthur,Texas,United States,3,3,0,1,0.3333,0.6667,0,7
2023|07,Port Isabel,Texas,United States,2,2,0,1,0.5,0.5,0,3
2023|07,Prentiss,Mississippi,United States,1,1,0,0,0,1,0,2
2023|07,Prineville,Oregon,United States,1,1,1,0,0,1,0,1
2023|07,Racine,Wisconsin,United States,1,1,1,1,1,0,0,8
2023|07,Ramsey,Minnesota,United States,2,2,2,2,1,0,0,2
2023|07,Richfield,Minnesota,United States,4,4,4,3,0.75,0.25,0,8
2023|07,Robbinsdale,Minnesota,United States,1,1,1,0,0,1,0,1
2023|07,Rogersville,Missouri,United States,1,1,1,1,1,0,0,2
2023|07,Rosemount,Minnesota,United States,2,1,1,1,0.5,0.5,0,5
2023|07,Roseville,Minnesota,United States,3,3,3,1,0.3333,0.6667,0,3
2023|07,Russell Springs,Kentucky,United States,1,1,1,0,0,1,0,1
2023|07,Saint Paul,Minnesota,United States,16,15,14,5,0.3125,0.6875,0,24
2023|07,Sandefjord,Vestfold og Telemark,Norway,1,1,1,0,0,1,0,1
2023|07,Sao Jose do Rio Preto,State of Sao Paulo,Brazil,1,1,1,1,1,0,0,1
2023|07,Savage,Minnesota,United States,2,2,2,0,0,1,0,2
2023|07,Shakopee,Minnesota,United States,4,4,4,1,0.25,0.75,0,5
2023|07,Shelby Township,Michigan,United States,1,1,1,1,1,0,0,6
2023|07,Shenandoah,Iowa,United States,1,1,0,0,0,1,0,1
2023|07,Shoreview,Minnesota,United States,1,1,1,0,0,1,0,1
2023|07,Shorewood,Minnesota,United States,1,1,1,1,1,0,0,1
2023|07,Sioux Center,Iowa,United States,2,2,1,2,1,0,0,3
2023|07,Sioux Falls,South Dakota,United States,9,2,1,3,0.3333,0.6667,0,13
2023|07,Smith Center,Kansas,United States,1,1,1,1,1,0,0,1
2023|07,Sparta,Missouri,United States,1,1,0,1,1,0,0,2
2023|07,Spring Lake Park,Minnesota,United States,1,1,1,0,0,1,0,1
2023|07,St. Louis Park,Minnesota,United States,8,7,7,4,0.5,0.5,0,9
2023|07,Stephenson,Michigan,United States,1,1,0,0,0,1,0,0
2023|07,Stillwater,Oklahoma,United States,1,1,1,0,0,1,0,1
2023|07,Stuart,Nebraska,United States,1,1,1,0,0,1,0,1
2023|07,Tehran,Tehran,Iran,10,10,10,0,0,1,0,10
2023|07,Torrington,Wyoming,United States,1,1,1,0,0,1,0,1
2023|07,Vinita,Oklahoma,United States,1,1,0,0,0,1,0,0
2023|07,Virden,Illinois,United States,1,1,0,0,0,1,0,1
2023|07,Wahoo,Nebraska,United States,1,1,1,1,1,0,0,1
2023|07,Warrensburg,Missouri,United States,1,1,0,0,0,1,0,2
2023|07,Warsaw,Missouri,United States,1,1,0,0,0,1,0,0
2023|07,Weatherford,Oklahoma,United States,1,1,1,1,1,0,0,1
2023|07,West Saint Paul,Minnesota,United States,4,4,4,2,0.5,0.5,0,8
2023|07,White Bear Lake,Minnesota,United States,7,7,7,1,0.1429,0.8571,0,10
2023|07,Wilburton,Oklahoma,United States,1,1,1,1,1,0,0,1
2023|07,Winlock,Washington,United States,1,1,1,1,1,0,0,1
2023|07,Wittenberg,Wisconsin,United States,1,1,1,0,0,1,0,1
2023|07,Woodbury,Minnesota,United States,2,2,2,2,1,0,0,2
2023|07,Wynne,Arkansas,United States,1,1,1,1,1,0,0,1
2023|07,96272,Gorontalo,Indonesia,1,1,0,0,0,1,0,1
2023|08,(not set),(not set),(not set),4,4,4,0,0,1,0,4
2023|08,(not set),(not set),China,1,1,1,1,1,0,0,2
2023|08,(not set),(not set),Germany,2,2,2,0,0,1,0,2
2023|08,(not set),(not set),Iran,1,1,1,0,0,1,0,1
2023|08,(not set),(not set),United Kingdom,1,1,1,0,0,1,0,1
2023|08,(not set),(not set),United States,7,6,5,2,0.2857,0.7143,0,7
2023|08,(not set),Georgia,United States,1,1,1,0,0,1,0,1
2023|08,(not set),Illinois,United States,1,1,0,1,1,0,0,5
2023|08,(not set),Kansas,United States,1,1,1,1,1,0,0,1
2023|08,(not set),Minnesota,United States,3,2,1,1,0.3333,0.6667,0,11
2023|08,(not set),New Jersey,United States,1,1,1,1,1,0,0,1
2023|08,(not set),Pennsylvania,United States,2,1,1,0,0,1,0,1
2023|08,(not set),Wisconsin,United States,1,1,1,1,1,0,0,1
2023|08,Abilene,Kansas,United States,1,1,1,1,1,0,0,2
2023|08,Adams,Wisconsin,United States,1,1,0,1,1,0,0,2
2023|08,Aitkin,Minnesota,United States,1,1,0,1,1,0,0,1
2023|08,Antigo,Wisconsin,United States,1,1,0,1,1,0,0,11
2023|08,Apple Valley,Minnesota,United States,1,1,1,1,1,0,0,1
2023|08,Appleton,Minnesota,United States,1,1,0,0,0,1,0,0
2023|08,Ashburn,Virginia,United States,2,2,2,0,0,1,0,2
2023|08,Atlanta,Georgia,United States,1,1,1,0,0,1,0,1
2023|08,Audubon,Iowa,United States,1,1,0,0,0,1,0,1
2023|08,Ava,Missouri,United States,1,1,0,0,0,1,0,0
2023|08,Baxter Springs,Kansas,United States,1,1,1,1,1,0,0,1
2023|08,Belle Plaine,Kansas,United States,2,2,0,2,1,0,0,4
2023|08,Bellville,Texas,United States,2,2,1,1,0.5,0.5,0,3
2023|08,Bengaluru,Karnataka,India,1,1,1,1,1,0,0,1
2023|08,Big Lake,Minnesota,United States,2,2,2,1,0.5,0.5,0,4
2023|08,Blaine,Minnesota,United States,2,1,0,1,0.5,0.5,0,4
2023|08,Bloomington,Minnesota,United States,9,5,4,5,0.5556,0.4444,0,11
2023|08,Boardman,Oregon,United States,5,5,5,2,0.4,0.6,0,7
2023|08,Booneville,Arkansas,United States,3,2,0,1,0.3333,0.6667,0,3
2023|08,Boscobel,Wisconsin,United States,1,1,1,1,1,0,0,2
2023|08,Bottineau,North Dakota,United States,1,1,0,0,0,1,0,0
2023|08,Bradenton,Florida,United States,1,1,0,0,0,1,0,0
2023|08,Brewton,Alabama,United States,2,2,0,0,0,1,0,2
2023|08,Brookfield,Missouri,United States,1,1,0,0,0,1,0,1
2023|08,Brookhaven,Mississippi,United States,1,1,0,1,1,0,0,4
2023|08,Brookings,South Dakota,United States,1,1,1,1,1,0,0,1
2023|08,Brooklyn,Iowa,United States,1,1,0,1,1,0,0,2
2023|08,Brooklyn Park,Minnesota,United States,5,4,4,3,0.6,0.4,0,8
2023|08,Buffalo,Minnesota,United States,1,1,1,1,1,0,0,3
2023|08,Burlington,Colorado,United States,1,1,1,1,1,0,0,2
2023|08,Burnsville,Minnesota,United States,3,3,3,2,0.6667,0.3333,0,3
2023|08,Cambridge,Minnesota,United States,1,1,1,1,1,0,0,1
2023|08,Camden,Tennessee,United States,1,1,0,0,0,1,0,1
2023|08,Canton,Illinois,United States,1,1,1,1,1,0,0,1
2023|08,Canyon,Texas,United States,2,2,1,1,0.5,0.5,0,5
2023|08,Centralia,Missouri,United States,1,1,0,0,0,1,0,0
2023|08,Champlin,Minnesota,United States,1,1,1,1,1,0,0,3
2023|08,Chanhassen,Minnesota,United States,2,1,1,1,0.5,0.5,0,3
2023|08,Chaska,Minnesota,United States,3,2,2,1,0.3333,0.6667,0,3
2023|08,Chicago,Illinois,United States,41,26,15,24,0.5854,0.4146,0,86
2023|08,Chippewa Falls,Wisconsin,United States,1,1,1,0,0,1,0,1
2023|08,Clarendon,Texas,United States,2,2,0,0,0,1,0,2
2023|08,Clinton,Illinois,United States,1,1,1,1,1,0,0,2
2023|08,Coffeyville,Kansas,United States,1,1,1,0,0,1,0,1
2023|08,Cohasset,Minnesota,United States,1,1,1,1,1,0,0,2
2023|08,Cokato,Minnesota,United States,1,1,1,0,0,1,0,1
2023|08,Columbus,Nebraska,United States,1,1,1,1,1,0,0,1
2023|08,Columbus,Ohio,United States,6,6,6,0,0,1,0,6
2023|08,Columbus,Wisconsin,United States,2,2,2,1,0.5,0.5,0,2
2023|08,Commerce,Texas,United States,1,1,0,1,1,0,0,2
2023|08,Coon Rapids,Minnesota,United States,1,1,1,0,0,1,0,1
2023|08,Cottage Grove,Minnesota,United States,1,1,1,0,0,1,0,1
2023|08,Cuba,Missouri,United States,1,1,0,0,0,1,0,0
2023|08,Dallas,Texas,United States,10,6,3,9,0.9,0.1,0,57
2023|08,Davao City,Davao Region,Philippines,1,1,1,1,1,0,0,2
2023|08,Denver,Colorado,United States,1,1,1,1,1,0,0,1
2023|08,Eagan,Minnesota,United States,4,4,4,4,1,0,0,7
2023|08,Eau Claire,Wisconsin,United States,1,1,1,1,1,0,0,1
2023|08,Eden Prairie,Minnesota,United States,1,1,0,1,1,0,0,1
2023|08,Edina,Minnesota,United States,2,2,2,2,1,0,0,3
2023|08,Enid,Oklahoma,United States,1,1,0,0,0,1,0,1
2023|08,Estes Park,Colorado,United States,1,1,1,1,1,0,0,2
2023|08,Estherville,Iowa,United States,1,1,0,0,0,1,0,0
2023|08,Fort Leonard Wood,Missouri,United States,1,1,1,1,1,0,0,2
2023|08,Fort Worth,Texas,United States,1,1,1,1,1,0,0,1
2023|08,Fulton,Mississippi,United States,1,1,1,0,0,1,0,1
2023|08,Garland,Texas,United States,1,1,1,1,1,0,0,3
2023|08,Georgetown,Ohio,United States,1,1,0,1,1,0,0,1
2023|08,Georgetown Township,Michigan,United States,1,1,0,0,0,1,0,1
2023|08,Golden Valley,Minnesota,United States,6,4,4,5,0.8333,0.1667,0,17
2023|08,Grenada,Mississippi,United States,1,1,0,0,0,1,0,3
2023|08,Haarlem,North Holland,Netherlands,1,1,1,0,0,1,0,1
2023|08,Hammond,Louisiana,United States,1,1,0,0,0,1,0,0
2023|08,Hancock,Michigan,United States,1,1,1,1,1,0,0,2
2023|08,Harlingen,Texas,United States,1,1,1,1,1,0,0,2
2023|08,Hastings,Nebraska,United States,1,1,1,0,0,1,0,1
2023|08,Hesston,Kansas,United States,2,2,0,2,1,0,0,31
2023|08,Hopkins,Minnesota,United States,4,4,4,3,0.75,0.25,0,11
2023|08,Houston,Texas,United States,1,1,1,0,0,1,0,1
2023|08,Indianapolis,Indiana,United States,1,1,1,0,0,1,0,1
2023|08,Iuka,Mississippi,United States,1,1,0,0,0,1,0,1
2023|08,Jacksonville,Illinois,United States,1,1,1,1,1,0,0,5
2023|08,Jordan,Minnesota,United States,2,2,2,0,0,1,0,2
2023|08,Kilmarnock,Virginia,United States,1,1,0,0,0,1,0,1
2023|08,Lake Jackson,Texas,United States,1,1,0,0,0,1,0,1
2023|08,Lake Village,Arkansas,United States,1,1,1,0,0,1,0,1
2023|08,Lakeville,Minnesota,United States,3,3,3,2,0.6667,0.3333,0,5
2023|08,Lamoni,Iowa,United States,2,2,0,1,0.5,0.5,0,4
2023|08,Las Cruces,New Mexico,United States,1,1,1,1,1,0,0,1
2023|08,Lawrenceburg,Tennessee,United States,1,1,0,0,0,1,0,1
2023|08,Leakesville,Mississippi,United States,1,1,0,0,0,1,0,0
2023|08,Lenora,Kansas,United States,1,1,0,0,0,1,0,1
2023|08,Lesterville,Missouri,United States,1,1,1,1,1,0,0,2
2023|08,Livingston,Tennessee,United States,1,1,1,1,1,0,0,3
2023|08,Los Angeles,California,United States,1,1,1,0,0,1,0,1
2023|08,Macon,Georgia,United States,1,1,0,0,0,1,0,1
2023|08,Manhattan,Kansas,United States,1,1,1,1,1,0,0,7
2023|08,Maple Grove,Minnesota,United States,7,6,5,4,0.5714,0.4286,0,7
2023|08,Marfa,Texas,United States,1,1,1,1,1,0,0,1
2023|08,Marinette,Wisconsin,United States,1,1,1,1,1,0,0,1
2023|08,Marion,Alabama,United States,1,1,1,1,1,0,0,5
2023|08,Marion,Kansas,United States,2,2,0,1,0.5,0.5,0,3
2023|08,Marion,North Carolina,United States,1,1,1,0,0,1,0,1
2023|08,Marshfield,Wisconsin,United States,1,1,1,0,0,1,0,1
2023|08,Marysville,Kansas,United States,1,1,0,0,0,1,0,0
2023|08,McCamey,Texas,United States,1,1,1,1,1,0,0,2
2023|08,Meridian,Texas,United States,1,1,1,1,1,0,0,1
2023|08,Mesa,Arizona,United States,1,1,1,1,1,0,0,1
2023|08,Miami,Florida,United States,2,1,1,0,0,1,0,2
2023|08,Milltown,Wisconsin,United States,1,1,1,0,0,1,0,1
2023|08,Minneapolis,Minnesota,United States,86,70,68,26,0.3023,0.6977,0,109
2023|08,Minnetonka,Minnesota,United States,8,4,3,6,0.75,0.25,0,33
2023|08,Monmouth,Oregon,United States,1,1,1,0,0,1,0,1
2023|08,Montevallo,Alabama,United States,1,1,1,0,0,1,0,1
2023|08,Montreal,Quebec,Canada,1,1,1,0,0,1,0,1
2023|08,Mound,Minnesota,United States,1,1,1,0,0,1,0,1
2023|08,Mountain View,California,United States,2,2,2,1,0.5,0.5,0,2
2023|08,New Hope,Minnesota,United States,1,1,1,1,1,0,0,2
2023|08,New Orleans,Louisiana,United States,2,1,1,1,0.5,0.5,0,6
2023|08,New Richmond,Wisconsin,United States,1,1,1,1,1,0,0,4
2023|08,New York,New York,United States,2,2,2,0,0,1,0,2
2023|08,Newport,Arkansas,United States,1,1,0,0,0,1,0,1
2023|08,Nora Springs,Iowa,United States,1,1,1,1,1,0,0,5
2023|08,North Vernon,Indiana,United States,1,1,1,1,1,0,0,3
2023|08,Northfield,Minnesota,United States,1,1,1,0,0,1,0,1
2023|08,Novato,California,United States,2,1,1,0,0,1,0,1
2023|08,Oakley,Kansas,United States,2,2,1,0,0,1,0,2
2023|08,Oklahoma City,Oklahoma,United States,1,1,0,0,0,1,0,1
2023|08,Orono,Minnesota,United States,1,1,1,1,1,0,0,2
2023|08,Oswego,Kansas,United States,1,1,1,1,1,0,0,3
2023|08,Otsego,Minnesota,United States,1,1,1,1,1,0,0,2
2023|08,Pasadena,Texas,United States,1,1,0,0,0,1,0,1
2023|08,Phillipsburg,Kansas,United States,1,1,1,1,1,0,0,3
2023|08,Piqua,Ohio,United States,1,1,1,1,1,0,0,2
2023|08,Pittsfield,Illinois,United States,1,1,0,0,0,1,0,1
2023|08,Plainville,Kansas,United States,1,1,0,0,0,1,0,0
2023|08,Plymouth,Minnesota,United States,2,2,2,2,1,0,0,3
2023|08,Pontotoc,Mississippi,United States,1,1,0,1,1,0,0,1
2023|08,Poplar Bluff,Missouri,United States,5,1,0,0,0,1,0,5
2023|08,Prentiss,Mississippi,United States,1,1,1,0,0,1,0,1
2023|08,Princeton,Minnesota,United States,1,1,1,1,1,0,0,4
2023|08,Quezon City,Metro Manila,Philippines,1,1,1,1,1,0,0,2
2023|08,Reinbeck,Iowa,United States,1,1,0,0,0,1,0,1
2023|08,Richfield,Minnesota,United States,2,2,2,0,0,1,0,2
2023|08,Rochester,Minnesota,United States,1,1,1,0,0,1,0,1
2023|08,Rockvale,Tennessee,United States,2,2,2,1,0.5,0.5,0,2
2023|08,Rockwell City,Iowa,United States,1,1,1,1,1,0,0,2
2023|08,Rosemount,Minnesota,United States,1,1,1,0,0,1,0,1
2023|08,Roseville,Minnesota,United States,1,1,1,0,0,1,0,1
2023|08,Russellville,Alabama,United States,1,1,1,1,1,0,0,1
2023|08,Saint Paul,Minnesota,United States,12,12,12,7,0.5833,0.4167,0,27
2023|08,San Antonio,Texas,United States,1,1,1,1,1,0,0,1
2023|08,San Diego,California,United States,1,1,1,0,0,1,0,1
2023|08,San Francisco,California,United States,2,1,1,0,0,1,0,1
2023|08,San Jose,California,United States,1,1,1,0,0,1,0,1
2023|08,Santa Anna,Texas,United States,1,1,1,1,1,0,0,2
2023|08,Santa Claus,Indiana,United States,1,1,0,0,0,1,0,1
2023|08,Selma,Alabama,United States,1,1,0,0,0,1,0,1
2023|08,Shakopee,Minnesota,United States,2,2,2,1,0.5,0.5,0,2
2023|08,Sikeston,Missouri,United States,1,1,0,0,0,1,0,1
2023|08,Sinking Spring,Pennsylvania,United States,1,1,1,1,1,0,0,2
2023|08,Sioux Falls,South Dakota,United States,4,2,1,1,0.25,0.75,0,5
2023|08,Sioux Rapids,Iowa,United States,1,1,1,1,1,0,0,3
2023|08,Smithton,Missouri,United States,1,1,1,0,0,1,0,1
2023|08,Smithville,Missouri,United States,1,1,0,0,0,1,0,1
2023|08,South Saint Paul,Minnesota,United States,1,1,1,0,0,1,0,1
2023|08,Sparta,Illinois,United States,1,1,1,0,0,1,0,1
2023|08,St. Cloud,Minnesota,United States,1,1,1,0,0,1,0,1
2023|08,St. Louis,Missouri,United States,1,1,1,0,0,1,0,1
2023|08,Starke,Florida,United States,1,1,0,0,0,1,0,0
2023|08,Statesville,North Carolina,United States,1,1,1,1,1,0,0,1
2023|08,Tampa,Florida,United States,1,1,0,1,1,0,0,2
2023|08,Taylors,South Carolina,United States,1,1,1,1,1,0,0,1
2023|08,Tehran,Tehran,Iran,3,3,3,0,0,1,0,3
2023|08,Tempe,Arizona,United States,1,1,1,1,1,0,0,4
2023|08,Trumann,Arkansas,United States,1,1,1,1,1,0,0,3
2023|08,Tuttle,Oklahoma,United States,1,1,0,0,0,1,0,1
2023|08,Two Rivers,Wisconsin,United States,1,1,0,0,0,1,0,0
2023|08,Vancouver,British Columbia,Canada,2,1,1,1,0.5,0.5,0,4
2023|08,Vaterstetten,Bavaria,Germany,1,1,1,0,0,1,0,1
2023|08,Waco,Texas,United States,1,1,0,1,1,0,0,2
2023|08,Waconia,Minnesota,United States,1,1,1,1,1,0,0,1
2023|08,Wagner,South Dakota,United States,2,2,0,2,1,0,0,37
2023|08,Warrenton,Missouri,United States,1,1,1,1,1,0,0,4
2023|08,Warsaw,Indiana,United States,1,1,0,0,0,1,0,1
2023|08,Washington,Virginia,United States,1,1,1,0,0,1,0,1
2023|08,Waukesha,Wisconsin,United States,1,1,1,0,0,1,0,1
2023|08,West Goshen,Pennsylvania,United States,1,1,1,1,1,0,0,3
2023|08,Westerville,Ohio,United States,1,1,1,1,1,0,0,1
2023|08,White Bear Lake,Minnesota,United States,1,1,1,1,1,0,0,1
2023|08,Wichita Falls,Texas,United States,1,1,0,0,0,1,0,0
2023|08,Wiggins,Mississippi,United States,3,2,0,3,1,0,0,114
2023|08,Willard,Ohio,United States,1,1,0,0,0,1,0,1
2023|08,Wilton,Iowa,United States,1,1,1,1,1,0,0,2
2023|08,Woodbury,Minnesota,United States,1,1,1,0,0,1,0,1
2023|08,Wyldwood,Texas,United States,1,1,0,0,0,1,0,1
2023|08,Zossen,Brandenburg,Germany,1,1,1,1,1,0,0,1
2023|09,(not set),(not set),China,1,1,1,1,1,0,0,2
2023|09,(not set),(not set),Germany,1,1,1,1,1,0,0,2
2023|09,(not set),(not set),Netherlands,1,1,1,0,0,1,0,1
2023|09,(not set),(not set),United States,13,13,13,1,0.0769,0.9231,0,13
2023|09,(not set),California,United States,2,2,2,0,0,1,0,2
2023|09,(not set),Maryland,United States,3,2,2,1,0.3333,0.6667,0,5
2023|09,(not set),Minnesota,United States,1,1,1,1,1,0,0,8
2023|09,(not set),Oklahoma,United States,1,1,0,1,1,0,0,1
2023|09,(not set),South Dakota,United States,1,1,1,0,0,1,0,1
2023|09,(not set),Texas,United States,4,2,0,0,0,1,0,4
2023|09,(not set),Wisconsin,United States,1,1,1,0,0,1,0,1
2023|09,Alma,Georgia,United States,1,1,0,0,0,1,0,1
2023|09,Amarillo,Texas,United States,1,1,1,1,1,0,0,2
2023|09,Antlers,Oklahoma,United States,1,1,0,0,0,1,0,1
2023|09,Ashburn,Virginia,United States,2,2,2,1,0.5,0.5,0,7
2023|09,Ashland,Wisconsin,United States,3,3,1,3,1,0,0,9
2023|09,Atchison,Kansas,United States,1,1,0,1,1,0,0,3
2023|09,Audubon,Iowa,United States,1,1,1,1,1,0,0,2
2023|09,Aurora,Illinois,United States,1,1,1,1,1,0,0,1
2023|09,Bagley,Minnesota,United States,1,1,1,0,0,1,0,1
2023|09,Bastrop,Texas,United States,1,1,0,0,0,1,0,6
2023|09,Baton Rouge,Louisiana,United States,1,1,0,0,0,1,0,1
2023|09,Beatrice,Nebraska,United States,1,1,0,1,1,0,0,2
2023|09,Beebe,Arkansas,United States,1,1,1,1,1,0,0,1
2023|09,Bella Vista,Arkansas,United States,1,1,0,0,0,1,0,1
2023|09,Belzoni,Mississippi,United States,1,1,0,1,1,0,0,1
2023|09,Big Lake,Minnesota,United States,1,1,1,1,1,0,0,2
2023|09,Birmingham,Alabama,United States,1,1,1,1,1,0,0,1
2023|09,Bissen,(not set),Luxembourg,2,2,2,0,0,1,0,2
2023|09,Blaine,Minnesota,United States,1,1,1,1,1,0,0,1
2023|09,Bloomington,Minnesota,United States,8,6,3,6,0.75,0.25,0,18
2023|09,Blue Earth,Minnesota,United States,1,1,0,1,1,0,0,2
2023|09,Boardman,Oregon,United States,6,6,6,1,0.1667,0.8333,0,7
2023|09,Bonham,Texas,United States,1,1,1,1,1,0,0,2
2023|09,Boonville,Missouri,United States,1,1,1,1,1,0,0,8
2023|09,Boscobel,Wisconsin,United States,1,1,1,1,1,0,0,1
2023|09,Bristow,Oklahoma,United States,1,1,0,0,0,1,0,3
2023|09,Broken Bow,Nebraska,United States,1,1,0,1,1,0,0,0
2023|09,Brookland,Arkansas,United States,1,1,0,0,0,1,0,1
2023|09,Brooklyn Park,Minnesota,United States,2,1,0,1,0.5,0.5,0,1
2023|09,Brownfield,Texas,United States,1,1,1,1,1,0,0,4
2023|09,Calhoun City,Mississippi,United States,1,1,0,0,0,1,0,1
2023|09,Cameron,Wisconsin,United States,4,2,2,3,0.75,0.25,0,19
2023|09,Canton,Mississippi,United States,1,1,1,1,1,0,0,1
2023|09,Canyon,Texas,United States,1,1,0,0,0,1,0,1
2023|09,Carbondale,Illinois,United States,2,2,2,2,1,0,0,13
2023|09,Carthage,Mississippi,United States,1,1,0,0,0,1,0,1
2023|09,Central City,Nebraska,United States,1,1,0,1,1,0,0,2
2023|09,Chanhassen,Minnesota,United States,1,1,1,1,1,0,0,2
2023|09,Chaska,Minnesota,United States,6,1,0,5,0.8333,0.1667,0,11
2023|09,Chetopa,Kansas,United States,1,1,0,1,1,0,0,1
2023|09,Chicago,Illinois,United States,35,18,10,16,0.4571,0.5429,0,85
2023|09,Childress,Texas,United States,1,1,1,1,1,0,0,3
2023|09,Chippewa Falls,Wisconsin,United States,1,1,1,0,0,1,0,1
2023|09,Chokio,Minnesota,United States,3,2,0,3,1,0,0,7
2023|09,Cincinnati,Ohio,United States,1,1,1,1,1,0,0,2
2023|09,Clarendon,Texas,United States,1,1,1,1,1,0,0,2
2023|09,Coalgate,Oklahoma,United States,1,1,0,0,0,1,0,0
2023|09,Coffeyville,Kansas,United States,1,1,1,0,0,1,0,1
2023|09,Columbus,Ohio,United States,7,7,7,0,0,1,0,7
2023|09,Coon Rapids,Minnesota,United States,3,2,2,2,0.6667,0.3333,0,14
2023|09,Crivitz,Wisconsin,United States,1,1,1,0,0,1,0,1
2023|09,Crystal Falls,Michigan,United States,1,1,0,0,0,1,0,1
2023|09,Cullman,Alabama,United States,1,1,1,0,0,1,0,1
2023|09,Dalhart,Texas,United States,2,2,1,1,0.5,0.5,0,3
2023|09,Dallas,Texas,United States,17,11,5,10,0.5882,0.4118,0,38
2023|09,Denison,Iowa,United States,1,1,1,0,0,1,0,1
2023|09,Des Moines,Iowa,United States,1,1,1,0,0,1,0,1
2023|09,Dickson,Tennessee,United States,1,1,0,1,1,0,0,0
2023|09,Dumas,Arkansas,United States,1,1,0,0,0,1,0,1
2023|09,Eden Prairie,Minnesota,United States,6,4,4,4,0.6667,0.3333,0,13
2023|09,Edmonton,Kentucky,United States,1,1,1,1,1,0,0,4
2023|09,Elko New Market,Minnesota,United States,1,1,1,1,1,0,0,2
2023|09,Endicott,New York,United States,1,1,1,1,1,0,0,2
2023|09,Estherville,Iowa,United States,2,2,0,0,0,1,0,2
2023|09,Fairfax,Oklahoma,United States,1,1,1,1,1,0,0,2
2023|09,Falls City,Nebraska,United States,1,1,1,0,0,1,0,1
2023|09,Fargo,North Dakota,United States,1,1,1,0,0,1,0,1
2023|09,Florissant,Missouri,United States,2,2,0,1,0.5,0.5,0,3
2023|09,Forest City,North Carolina,United States,1,1,1,0,0,1,0,1
2023|09,Gatesville,Texas,United States,1,1,0,1,1,0,0,2
2023|09,Georgetown,Texas,United States,1,1,0,1,1,0,0,1
2023|09,Ghaziabad,Uttar Pradesh,India,2,1,1,0,0,1,0,2
2023|09,Golden Valley,Minnesota,United States,3,2,2,3,1,0,0,13
2023|09,Grenada,Mississippi,United States,1,1,0,1,1,0,0,1
2023|09,Hampton,Arkansas,United States,1,1,0,0,0,1,0,1
2023|09,Harlingen,Texas,United States,1,1,0,1,1,0,0,2
2023|09,Hartford,Wisconsin,United States,1,1,0,1,1,0,0,1
2023|09,Henderson,Texas,United States,1,1,1,1,1,0,0,1
2023|09,Hopkins,Minnesota,United States,6,4,4,4,0.6667,0.3333,0,17
2023|09,Ingram,Texas,United States,2,2,0,2,1,0,0,6
2023|09,Jefferson,Iowa,United States,1,1,0,1,1,0,0,15
2023|09,Jena,Louisiana,United States,1,1,0,1,1,0,0,1
2023|09,Jonesboro,Arkansas,United States,2,2,0,2,1,0,0,32
2023|09,Karachi,Sindh,Pakistan,4,4,4,4,1,0,0,12
2023|09,Karnes City,Texas,United States,1,1,0,1,1,0,0,1
2023|09,Kaufman,Texas,United States,1,1,0,0,0,1,0,2
2023|09,Knox,Indiana,United States,1,1,0,0,0,1,0,1
2023|09,Lakeville,Minnesota,United States,2,2,2,1,0.5,0.5,0,4
2023|09,Lamar,Missouri,United States,1,1,0,0,0,1,0,1
2023|09,Lapu-Lapu City,Central Visayas,Philippines,1,1,1,1,1,0,0,1
2023|09,Lebanon,Tennessee,United States,1,1,1,1,1,0,0,3
2023|09,Lexington,Kentucky,United States,1,1,1,1,1,0,0,3
2023|09,Liberal,Kansas,United States,1,1,0,1,1,0,0,3
2023|09,Lindsay,Oklahoma,United States,1,1,1,0,0,1,0,1
2023|09,Livingston,Alabama,United States,2,2,0,2,1,0,0,9
2023|09,Lockhart,Texas,United States,1,1,0,0,0,1,0,1
2023|09,London,England,United Kingdom,4,4,4,0,0,1,0,4
2023|09,Loretto,Tennessee,United States,1,1,0,1,1,0,0,1
2023|09,Los Angeles,California,United States,1,1,1,0,0,1,0,1
2023|09,Macon,Missouri,United States,1,1,0,1,1,0,0,1
2023|09,Malvern,Arkansas,United States,1,1,0,0,0,1,0,0
2023|09,Maple Grove,Minnesota,United States,3,2,1,1,0.3333,0.6667,0,3
2023|09,Marietta,Georgia,United States,1,1,1,0,0,1,0,1
2023|09,Marion,Iowa,United States,1,1,1,0,0,1,0,1
2023|09,Marion,Kansas,United States,1,1,0,0,0,1,0,0
2023|09,Martin,Tennessee,United States,1,1,1,1,1,0,0,2
2023|09,Marysville,Kansas,United States,2,2,0,1,0.5,0.5,0,3
2023|09,McCamey,Texas,United States,1,1,0,0,0,1,0,1
2023|09,McLeansboro,Illinois,United States,1,1,0,0,0,1,0,1
2023|09,Mendota Heights,Minnesota,United States,1,1,1,0,0,1,0,1
2023|09,Miami,Florida,United States,1,1,1,0,0,1,0,1
2023|09,Minneapolis,Minnesota,United States,17,16,11,13,0.7647,0.2353,0,50
2023|09,Minnetonka,Minnesota,United States,3,2,2,3,1,0,0,17
2023|09,Montgomery,Alabama,United States,1,1,0,0,0,1,0,1
2023|09,Mound,Minnesota,United States,1,1,1,1,1,0,0,2
2023|09,Nampa,Idaho,United States,1,1,1,1,1,0,0,3
2023|09,New York,New York,United States,4,4,4,0,0,1,0,4
2023|09,Niceville,Florida,United States,1,1,0,0,0,1,0,1
2023|09,North Andover,Massachusetts,United States,1,1,1,1,1,0,0,3
2023|09,North Creek,Washington,United States,1,1,1,1,1,0,0,1
2023|09,North Ridgeville,Ohio,United States,1,1,1,1,1,0,0,1
2023|09,Orono,Minnesota,United States,1,1,1,1,1,0,0,2
2023|09,Oshkosh,Wisconsin,United States,1,1,0,0,0,1,0,1
2023|09,Paynesville,Minnesota,United States,1,1,1,1,1,0,0,1
2023|09,Pearland,Texas,United States,1,1,0,0,0,1,0,1
2023|09,Pittsburgh,Pennsylvania,United States,1,1,1,0,0,1,0,1
2023|09,Plainview,Nebraska,United States,1,1,0,0,0,1,0,0
2023|09,Plover,Wisconsin,United States,1,1,1,1,1,0,0,2
2023|09,Plymouth,Minnesota,United States,4,3,2,4,1,0,0,8
2023|09,Port Lavaca,Texas,United States,1,1,0,0,0,1,0,1
2023|09,Portland,Oregon,United States,2,2,2,0,0,1,0,2
2023|09,Prentiss,Mississippi,United States,1,1,0,1,1,0,0,1
2023|09,Princeton,Minnesota,United States,2,2,0,1,0.5,0.5,0,2
2023|09,Robstown,Texas,United States,1,1,0,0,0,1,0,1
2023|09,Rochelle,Illinois,United States,1,1,0,0,0,1,0,1
2023|09,Rockvale,Tennessee,United States,2,2,1,1,0.5,0.5,0,2
2023|09,Rogersville,Missouri,United States,1,1,0,0,0,1,0,1
2023|09,Rolling Fork,Mississippi,United States,1,1,0,1,1,0,0,2
2023|09,Rusk,Texas,United States,1,1,1,0,0,1,0,1
2023|09,Saint Paul,Minnesota,United States,4,3,3,3,0.75,0.25,0,7
2023|09,San Jose,California,United States,1,1,1,0,0,1,0,1
2023|09,Santa Cruz,California,United States,1,1,1,1,1,0,0,2
2023|09,Sayre,Oklahoma,United States,1,1,0,1,1,0,0,1
2023|09,Sparta,Illinois,United States,1,1,0,1,1,0,0,1
2023|09,St. Louis,Missouri,United States,1,1,1,0,0,1,0,1
2023|09,Stephenville,Texas,United States,1,1,0,0,0,1,0,1
2023|09,Stevens Point,Wisconsin,United States,2,2,0,0,0,1,0,1
2023|09,Stewartville,Minnesota,United States,1,1,0,1,1,0,0,0
2023|09,Stillwater,Minnesota,United States,1,1,1,1,1,0,0,4
2023|09,Stillwater,Oklahoma,United States,1,1,0,1,1,0,0,1
2023|09,Sullivan,Missouri,United States,2,1,0,1,0.5,0.5,0,4
2023|09,Tallulah,Louisiana,United States,3,3,1,1,0.3333,0.6667,0,3
2023|09,Tehran,Tehran,Iran,5,5,5,0,0,1,0,5
2023|09,Tekamah,Nebraska,United States,1,1,1,1,1,0,0,4
2023|09,Tipton,Iowa,United States,1,1,0,0,0,1,0,1
2023|09,Van Horn,Texas,United States,1,1,1,1,1,0,0,2
2023|09,Vinita,Oklahoma,United States,1,1,0,0,0,1,0,0
2023|09,Walker,Michigan,United States,1,1,1,1,1,0,0,4
2023|09,Waseca,Minnesota,United States,1,1,1,1,1,0,0,5
2023|09,Washington,Utah,United States,1,1,1,1,1,0,0,1
2023|09,Waterford Township,Michigan,United States,1,1,1,1,1,0,0,3
2023|09,Weatherford,Oklahoma,United States,1,1,0,0,0,1,0,1
2023|09,Weslaco,Texas,United States,1,1,0,0,0,1,0,1
2023|09,West Saint Paul,Minnesota,United States,1,1,1,1,1,0,0,4
2023|09,Wichita Falls,Texas,United States,1,1,0,1,1,0,0,1
2023|09,Wilton,Iowa,United States,1,1,0,1,1,0,0,2
2023|09,Winnsboro,Louisiana,United States,1,1,0,0,0,1,0,1
2023|09,Winterset,Iowa,United States,1,1,1,0,0,1,0,1
2023|09,Woodbury,Minnesota,United States,1,1,1,1,1,0,0,4
2023|10,(not set),(not set),China,1,1,1,0,0,1,0,1
2023|10,(not set),(not set),United States,2,2,2,1,0.5,0.5,0,2
2023|10,(not set),Alabama,United States,1,1,0,1,1,0,0,1
2023|10,(not set),Arkansas,United States,1,1,1,1,1,0,0,2
2023|10,(not set),California,United States,3,2,1,3,1,0,0,5
2023|10,(not set),Illinois,United States,3,1,1,1,0.3333,0.6667,0,3
2023|10,(not set),Kansas,United States,2,2,2,2,1,0,0,16
2023|10,(not set),Maryland,United States,3,2,2,3,1,0,0,3
2023|10,(not set),Texas,United States,2,2,0,0,0,1,0,2
2023|10,Abbeville,South Carolina,United States,1,1,1,0,0,1,0,1
2023|10,Alexis,Illinois,United States,1,1,0,0,0,1,0,1
2023|10,Amsterdam,North Holland,Netherlands,1,1,1,1,1,0,0,2
2023|10,Antlers,Oklahoma,United States,1,1,1,0,0,1,0,1
2023|10,Arab,Alabama,United States,1,1,1,0,0,1,0,1
2023|10,Ashburn,Virginia,United States,2,2,2,0,0,1,0,2
2023|10,Athens,Alabama,United States,1,1,0,1,1,0,0,0
2023|10,Athens,Texas,United States,1,1,0,0,0,1,0,0
2023|10,Atlanta,Georgia,United States,1,1,1,1,1,0,0,1
2023|10,Austin,Minnesota,United States,2,2,2,2,1,0,0,3
2023|10,Bay Minette,Alabama,United States,1,1,0,0,0,1,0,1
2023|10,Bella Vista,Arkansas,United States,1,1,1,1,1,0,0,7
2023|10,Belle Plaine,Kansas,United States,1,1,0,1,1,0,0,2
2023|10,Bengaluru,Karnataka,India,3,3,3,1,0.3333,0.6667,0,3
2023|10,Birmingham,Alabama,United States,1,1,1,1,1,0,0,4
2023|10,Blaine,Minnesota,United States,3,3,2,1,0.3333,0.6667,0,6
2023|10,Bloomington,Minnesota,United States,10,4,3,6,0.6,0.4,0,20
2023|10,Boardman,Oregon,United States,8,8,8,1,0.125,0.875,0,9
2023|10,Boonville,Missouri,United States,2,2,0,0,0,1,0,2
2023|10,Boston,Massachusetts,United States,1,1,1,0,0,1,0,1
2023|10,Boydton,Virginia,United States,1,1,1,1,1,0,0,2
2023|10,Brookfield,Missouri,United States,1,1,1,1,1,0,0,2
2023|10,Brooklyn Center,Minnesota,United States,1,1,1,1,1,0,0,3
2023|10,Bullhead City,Arizona,United States,1,1,1,1,1,0,0,1
2023|10,Burnsville,Minnesota,United States,2,2,1,1,0.5,0.5,0,1
2023|10,Cabot,Arkansas,United States,1,1,0,1,1,0,0,0
2023|10,Camden,Arkansas,United States,1,1,0,0,0,1,0,1
2023|10,Cameron,Wisconsin,United States,3,1,0,1,0.3333,0.6667,0,6
2023|10,Chanhassen,Minnesota,United States,6,4,3,3,0.5,0.5,0,8
2023|10,Chaska,Minnesota,United States,7,4,3,4,0.5714,0.4286,0,16
2023|10,Cheyenne,Wyoming,United States,3,3,3,2,0.6667,0.3333,0,3
2023|10,Chicago,Illinois,United States,20,17,13,11,0.55,0.45,0,41
2023|10,Ciudad Apodaca,Nuevo Leon,Mexico,1,1,1,0,0,1,0,1
2023|10,Clarinda,Iowa,United States,1,1,0,1,1,0,0,1
2023|10,Cleveland,Ohio,United States,1,1,1,1,1,0,0,6
2023|10,Columbus,Ohio,United States,12,12,12,0,0,1,0,12
2023|10,Crystal,Minnesota,United States,1,1,1,0,0,1,0,1
2023|10,Cumilla,Chittagong Division,Bangladesh,1,1,1,1,1,0,0,1
2023|10,Dallas,Texas,United States,14,8,4,8,0.5714,0.4286,0,31
2023|10,Dawson,Georgia,United States,1,1,0,0,0,1,0,1
2023|10,Decatur,Alabama,United States,1,1,1,1,1,0,0,2
2023|10,Delhi,Delhi,India,1,1,1,0,0,1,0,1
2023|10,Des Moines,Iowa,United States,1,1,1,1,1,0,0,2
2023|10,Detroit Lakes,Minnesota,United States,1,1,1,1,1,0,0,3
2023|10,Eagan,Minnesota,United States,7,2,2,4,0.5714,0.4286,0,29
2023|10,Eden Prairie,Minnesota,United States,5,2,2,3,0.6,0.4,0,6
2023|10,Edina,Minnesota,United States,1,1,1,1,1,0,0,2
2023|10,Fairfield,Texas,United States,1,1,1,0,0,1,0,1
2023|10,Farmer City,Illinois,United States,1,1,1,1,1,0,0,1
2023|10,Fayetteville,Tennessee,United States,1,1,1,1,1,0,0,2
2023|10,Florence,Colorado,United States,1,1,1,0,0,1,0,1
2023|10,Geneseo,Illinois,United States,1,1,0,0,0,1,0,1
2023|10,Gillett,Wisconsin,United States,1,1,1,0,0,1,0,1
2023|10,Grenada,Mississippi,United States,1,1,0,1,1,0,0,2
2023|10,Guymon,Oklahoma,United States,1,1,0,0,0,1,0,1
2023|10,Hastings,Nebraska,United States,1,1,0,1,1,0,0,0
2023|10,Helena,Montana,United States,1,1,1,0,0,1,0,1
2023|10,Hendersonville,Tennessee,United States,1,1,1,1,1,0,0,4
2023|10,Herreid,South Dakota,United States,1,1,0,1,1,0,0,3
2023|10,Hewitt,Texas,United States,1,1,0,0,0,1,0,0
2023|10,Hialeah Gardens,Florida,United States,1,1,1,0,0,1,0,1
2023|10,Hopkins,Minnesota,United States,1,1,1,1,1,0,0,2
2023|10,Houston,Texas,United States,1,1,1,1,1,0,0,4
2023|10,Hutchinson,Minnesota,United States,1,1,0,1,1,0,0,1
2023|10,Idabel,Oklahoma,United States,1,1,0,0,0,1,0,1
2023|10,Jacksonville,Illinois,United States,1,1,0,1,1,0,0,1
2023|10,Jonesboro,Arkansas,United States,1,1,1,0,0,1,0,1
2023|10,Karachi,Sindh,Pakistan,1,1,1,1,1,0,0,2
2023|10,Kimball,South Dakota,United States,1,1,1,1,1,0,0,3
2023|10,Langdon,North Dakota,United States,1,1,1,0,0,1,0,1
2023|10,Las Vegas,Nevada,United States,1,1,1,1,1,0,0,1
2023|10,Lena,Illinois,United States,1,1,0,0,0,1,0,1
2023|10,Littlefield,Texas,United States,1,1,0,0,0,1,0,1
2023|10,Lomira,Wisconsin,United States,2,2,2,2,1,0,0,3
2023|10,Loretto,Tennessee,United States,1,1,0,0,0,1,0,1
2023|10,Madison,Wisconsin,United States,1,1,1,1,1,0,0,1
2023|10,Maple Grove,Minnesota,United States,2,2,2,1,0.5,0.5,0,2
2023|10,Marion,Illinois,United States,1,1,1,1,1,0,0,1
2023|10,Marion,Kansas,United States,1,1,1,1,1,0,0,2
2023|10,Marshall,Missouri,United States,1,1,0,1,1,0,0,4
2023|10,Marysville,Kansas,United States,1,1,0,1,1,0,0,3
2023|10,Mayville,North Dakota,United States,1,1,1,1,1,0,0,2
2023|10,McMinnville,Tennessee,United States,1,1,0,0,0,1,0,1
2023|10,Minneapolis,Minnesota,United States,17,10,8,11,0.6471,0.3529,0,46
2023|10,Minnetonka,Minnesota,United States,6,5,5,5,0.8333,0.1667,0,17
2023|10,Minnetrista,Minnesota,United States,1,1,0,1,1,0,0,1
2023|10,Monroeville,Alabama,United States,1,1,1,1,1,0,0,5
2023|10,Montevallo,Alabama,United States,1,1,1,0,0,1,0,1
2023|10,Monticello,Florida,United States,1,1,1,1,1,0,0,1
2023|10,Moses Lake,Washington,United States,4,4,4,4,1,0,0,8
2023|10,Mound,Minnesota,United States,1,1,1,1,1,0,0,2
2023|10,Mounds View,Minnesota,United States,2,1,0,2,1,0,0,4
2023|10,Murfreesboro,Tennessee,United States,1,1,1,0,0,1,0,1
2023|10,Naperville,Illinois,United States,1,1,1,1,1,0,0,4
2023|10,Nashville,Tennessee,United States,1,1,1,1,1,0,0,1
2023|10,New Brighton,Minnesota,United States,2,2,2,2,1,0,0,4
2023|10,New York,New York,United States,1,1,1,1,1,0,0,2
2023|10,Newport,Arkansas,United States,1,1,0,1,1,0,0,1
2023|10,North Bergen,New Jersey,United States,2,2,2,1,0.5,0.5,0,3
2023|10,North Canton,Ohio,United States,2,1,1,1,0.5,0.5,0,3
2023|10,Novosibirsk,Novosibirsk Oblast,Russia,1,1,1,0,0,1,0,1
2023|10,Oklahoma City,Oklahoma,United States,1,1,1,1,1,0,0,5
2023|10,Okolona,Mississippi,United States,1,1,1,1,1,0,0,1
2023|10,Paris,Illinois,United States,1,1,1,0,0,1,0,1
2023|10,Perry,Oklahoma,United States,1,1,0,1,1,0,0,6
2023|10,Perryville,Missouri,United States,1,1,0,0,0,1,0,1
2023|10,Phoenix,Arizona,United States,1,1,1,0,0,1,0,1
2023|10,Pittsburg,Kansas,United States,1,1,0,0,0,1,0,1
2023|10,Plymouth,Minnesota,United States,1,1,1,1,1,0,0,3
2023|10,Prescott,Arkansas,United States,1,1,0,0,0,1,0,1
2023|10,Racine,Wisconsin,United States,1,1,1,1,1,0,0,2
2023|10,Ramsey,Minnesota,United States,1,1,1,1,1,0,0,4
2023|10,Roanoke,Alabama,United States,1,1,1,1,1,0,0,2
2023|10,Robstown,Texas,United States,1,1,0,1,1,0,0,0
2023|10,Rogers,Minnesota,United States,1,1,1,1,1,0,0,9
2023|10,Rogersville,Missouri,United States,1,1,0,1,1,0,0,3
2023|10,Rusk,Texas,United States,2,1,0,0,0,1,0,1
2023|10,Sacramento,California,United States,2,2,2,0,0,1,0,2
2023|10,Saint Paul,Minnesota,United States,1,1,1,0,0,1,0,1
2023|10,Salt Lake City,Utah,United States,1,1,0,0,0,1,0,0
2023|10,San Antonio,Texas,United States,3,3,3,1,0.3333,0.6667,0,4
2023|10,San Jose,California,United States,1,1,1,0,0,1,0,1
2023|10,Santa Anna,Texas,United States,1,1,0,1,1,0,0,2
2023|10,Savage,Minnesota,United States,2,2,2,1,0.5,0.5,0,7
2023|10,Scranton,Pennsylvania,United States,1,1,1,1,1,0,0,3
2023|10,Sparta,Illinois,United States,1,1,1,1,1,0,0,1
2023|10,St. Cloud,Minnesota,United States,1,1,1,1,1,0,0,2
2023|10,St. Louis,Missouri,United States,2,2,2,0,0,1,0,2
2023|10,St. Louis Park,Minnesota,United States,1,1,1,1,1,0,0,1
2023|10,Stigler,Oklahoma,United States,1,1,1,0,0,1,0,1
2023|10,Stoke-on-Trent,England,United Kingdom,1,1,1,0,0,1,0,1
2023|10,Sullivan,Missouri,United States,1,1,0,0,0,1,0,1
2023|10,Tempe,Arizona,United States,3,2,2,3,1,0,0,6
2023|10,Vancouver,Washington,United States,1,1,1,0,0,1,0,1
2023|10,Victoria,Minnesota,United States,1,1,1,1,1,0,0,2
2023|10,Warrensburg,Missouri,United States,1,1,1,1,1,0,0,2
2023|10,Warsaw,Missouri,United States,1,1,0,0,0,1,0,1
2023|10,Waseca,Minnesota,United States,1,1,1,1,1,0,0,3
2023|10,Washington,District of Columbia,United States,1,1,0,1,1,0,0,0
2023|10,Watford City,North Dakota,United States,1,1,0,1,1,0,0,1
2023|10,Waynesboro,Mississippi,United States,1,1,1,0,0,1,0,1
2023|10,Weslaco,Texas,United States,1,1,0,1,1,0,0,5
2023|10,Whitehouse,Texas,United States,1,1,0,1,1,0,0,2
2023|10,Wiggins,Mississippi,United States,2,2,0,2,1,0,0,12
2023|10,Willis,Texas,United States,1,1,0,0,0,1,0,1
2023|10,Winchester,Illinois,United States,1,1,0,0,0,1,0,1
2023|10,Winnsboro,Louisiana,United States,1,1,1,1,1,0,0,6
2023|10,Winter,Wisconsin,United States,1,1,0,0,0,1,0,1
2023|10,Wymore,Nebraska,United States,1,1,0,1,1,0,0,1
2023|10,Zamboanga,Zamboanga Peninsula,Philippines,3,2,2,1,0.3333,0.6667,0,2
2023|11,(not set),(not set),India,1,1,1,0,0,1,0,1
2023|11,(not set),(not set),United States,16,16,16,2,0.125,0.875,0,15
2023|11,(not set),Alabama,United States,1,1,0,1,1,0,0,2
2023|11,(not set),Arizona,United States,1,1,0,1,1,0,0,0
2023|11,(not set),California,United States,1,1,1,0,0,1,0,1
2023|11,(not set),Florida,United States,2,2,2,2,1,0,0,4
2023|11,(not set),Illinois,United States,1,1,1,1,1,0,0,1
2023|11,(not set),Iowa,United States,1,1,1,0,0,1,0,1
2023|11,(not set),Kansas,United States,1,1,1,0,0,1,0,1
2023|11,(not set),Pennsylvania,United States,1,1,0,1,1,0,0,1
2023|11,(not set),West Virginia,United States,1,1,0,0,0,1,0,1
2023|11,(not set),Wisconsin,United States,1,1,1,0,0,1,0,1
2023|11,Aguascalientes,Aguascalientes,Mexico,1,1,1,1,1,0,0,3
2023|11,Akron,Ohio,United States,1,1,1,1,1,0,0,1
2023|11,Ashburn,Virginia,United States,3,3,1,1,0.3333,0.6667,0,4
2023|11,Ashwaubenon,Wisconsin,United States,1,1,1,1,1,0,0,4
2023|11,Atlanta,Georgia,United States,1,1,1,1,1,0,0,4
2023|11,Barcelona,Catalonia,Spain,2,2,2,2,1,0,0,9
2023|11,Batesville,Arkansas,United States,1,1,0,0,0,1,0,1
2023|11,Benson,Minnesota,United States,1,1,0,0,0,1,0,0
2023|11,Birmingham,Alabama,United States,1,1,1,0,0,1,0,1
2023|11,Blaine,Minnesota,United States,5,4,2,4,0.8,0.2,0,10
2023|11,Bloomington,Minnesota,United States,1,1,1,1,1,0,0,2
2023|11,Boardman,Oregon,United States,1,1,1,1,1,0,0,2
2023|11,Brooklyn Park,Minnesota,United States,1,1,1,1,1,0,0,8
2023|11,Cagayan de Oro,Northern Mindanao,Philippines,1,1,1,1,1,0,0,3
2023|11,Canandaigua,New York,United States,1,1,1,1,1,0,0,3
2023|11,Carroll,Iowa,United States,1,1,1,1,1,0,0,3
2023|11,Central City,Nebraska,United States,1,1,1,0,0,1,0,1
2023|11,Chanhassen,Minnesota,United States,1,1,1,1,1,0,0,2
2023|11,Charlottesville,Virginia,United States,1,1,0,0,0,1,0,1
2023|11,Chaska,Minnesota,United States,4,3,2,3,0.75,0.25,0,8
2023|11,Cheyenne,Wyoming,United States,1,1,1,0,0,1,0,1
2023|11,Chicago,Illinois,United States,32,23,18,21,0.6563,0.3438,0,100
2023|11,Chokio,Minnesota,United States,1,1,1,0,0,1,0,1
2023|11,Cody,Wyoming,United States,1,1,1,0,0,1,0,1
2023|11,Columbus,Indiana,United States,1,1,0,0,0,1,0,1
2023|11,Coon Rapids,Minnesota,United States,4,1,1,4,1,0,0,9
2023|11,Dallas,Texas,United States,7,7,6,4,0.5714,0.4286,0,21
2023|11,Delhi,Delhi,India,1,1,1,1,1,0,0,1
2023|11,Denver,Colorado,United States,2,1,1,2,1,0,0,8
2023|11,Des Moines,Iowa,United States,1,1,1,1,1,0,0,1
2023|11,Dublin,County Dublin,Ireland,1,1,1,1,1,0,0,5
2023|11,Eden Prairie,Minnesota,United States,1,1,1,1,1,0,0,10
2023|11,Edina,Minnesota,United States,3,3,2,2,0.6667,0.3333,0,6
2023|11,Fairmont,Minnesota,United States,1,1,1,1,1,0,0,13
2023|11,Fayetteville,Tennessee,United States,2,1,0,2,1,0,0,32
2023|11,Forest Lake,Minnesota,United States,1,1,0,1,1,0,0,2
2023|11,Ghaziabad,Uttar Pradesh,India,1,1,1,0,0,1,0,1
2023|11,Gujranwala,Punjab,Pakistan,2,2,2,2,1,0,0,2
2023|11,Hannibal,Missouri,United States,1,1,1,1,1,0,0,1
2023|11,Harvard,Illinois,United States,1,1,0,0,0,1,0,1
2023|11,Heflin,Alabama,United States,1,1,0,0,0,1,0,1
2023|11,Herreid,South Dakota,United States,1,1,0,0,0,1,0,1
2023|11,Hewitt,Texas,United States,2,2,2,1,0.5,0.5,0,2
2023|11,Hobart,Oklahoma,United States,1,1,0,0,0,1,0,1
2023|11,Hopkins,Minnesota,United States,3,2,2,3,1,0,0,12
2023|11,Houston,Texas,United States,1,1,1,1,1,0,0,1
2023|11,Hudson,Wisconsin,United States,2,1,1,0,0,1,0,1
2023|11,Idabel,Oklahoma,United States,1,1,0,0,0,1,0,1
2023|11,Iuka,Mississippi,United States,1,1,1,0,0,1,0,1
2023|11,Jacksonville,Illinois,United States,1,1,0,1,1,0,0,3
2023|11,Jordan,Minnesota,United States,2,1,1,2,1,0,0,4
2023|11,Karachi,Sindh,Pakistan,2,2,2,2,1,0,0,3
2023|11,Kimball,South Dakota,United States,1,1,1,0,0,1,0,1
2023|11,Kirkland,Washington,United States,1,1,1,1,1,0,0,2
2023|11,La Grange,Kentucky,United States,1,1,0,0,0,1,0,1
2023|11,La Grange,Texas,United States,1,1,1,1,1,0,0,2
2023|11,Lake Jackson,Texas,United States,1,1,1,1,1,0,0,2
2023|11,Lake Village,Arkansas,United States,1,1,1,1,1,0,0,3
2023|11,Laval,Quebec,Canada,1,1,1,1,1,0,0,1
2023|11,Leakesville,Mississippi,United States,1,1,0,1,1,0,0,2
2023|11,Licking,Missouri,United States,2,2,1,2,1,0,0,8
2023|11,Madison,Wisconsin,United States,1,1,1,0,0,1,0,1
2023|11,Maple Grove,Minnesota,United States,1,1,1,0,0,1,0,1
2023|11,Memphis,Tennessee,United States,2,1,0,2,1,0,0,5
2023|11,Metropolis,Illinois,United States,1,1,0,1,1,0,0,1
2023|11,Milan,Lombardy,Italy,1,1,1,1,1,0,0,1
2023|11,Milwaukee,Wisconsin,United States,1,1,1,0,0,1,0,1
2023|11,Minneapolis,Minnesota,United States,12,10,10,9,0.75,0.25,0,39
2023|11,Minnetonka,Minnesota,United States,7,3,3,4,0.5714,0.4286,0,17
2023|11,Montevideo,Minnesota,United States,1,1,0,0,0,1,0,1
2023|11,Morris,Minnesota,United States,1,1,1,1,1,0,0,6
2023|11,Mumbai,Maharashtra,India,1,1,1,1,1,0,0,1
2023|11,Murphy,North Carolina,United States,1,1,0,0,0,1,0,1
2023|11,New Brighton,Minnesota,United States,2,1,0,1,0.5,0.5,0,2
2023|11,Newton,Iowa,United States,1,1,1,1,1,0,0,5
2023|11,Oswego,New York,United States,1,1,0,1,1,0,0,2
2023|11,Park Falls,Wisconsin,United States,1,1,0,0,0,1,0,1
2023|11,Pennsville Township,New Jersey,United States,1,1,0,0,0,1,0,1
2023|11,Perry,Iowa,United States,1,1,0,0,0,1,0,1
2023|11,Pipestone,Minnesota,United States,1,1,1,1,1,0,0,3
2023|11,Portland,Maine,United States,1,1,1,1,1,0,0,1
2023|11,Prairie du Chien,Wisconsin,United States,1,1,1,1,1,0,0,1
2023|11,Prospect Heights,Illinois,United States,1,1,1,0,0,1,0,1
2023|11,Quemado,Texas,United States,1,1,0,1,1,0,0,0
2023|11,Ravenna,Nebraska,United States,1,1,0,0,0,1,0,0
2023|11,Ripley,Tennessee,United States,1,1,0,0,0,1,0,0
2023|11,Rochester,Minnesota,United States,2,1,1,1,0.5,0.5,0,5
2023|11,Rockvale,Tennessee,United States,1,1,1,0,0,1,0,1
2023|11,Rogers,Minnesota,United States,1,1,0,0,0,1,0,1
2023|11,Romney,West Virginia,United States,1,1,0,0,0,1,0,1
2023|11,Sacramento,California,United States,2,1,1,2,1,0,0,10
2023|11,San Antonio,Texas,United States,1,1,1,0,0,1,0,1
2023|11,San Augustine,Texas,United States,1,1,0,0,0,1,0,1
2023|11,Santa Clara,California,United States,1,1,1,1,1,0,0,1
2023|11,Sparta,Wisconsin,United States,1,1,0,0,0,1,0,1
2023|11,St. Louis,Missouri,United States,1,1,1,0,0,1,0,1
2023|11,St. Louis Park,Minnesota,United States,2,2,2,2,1,0,0,2
2023|11,Toms River,New Jersey,United States,1,1,0,1,1,0,0,1
2023|11,Toronto,Ontario,Canada,2,2,2,0,0,1,0,2
2023|11,Trumann,Arkansas,United States,1,1,0,1,1,0,0,3
2023|11,Vicksburg,Mississippi,United States,1,1,0,1,1,0,0,1
2023|11,Villa Grove,Illinois,United States,1,1,0,0,0,1,0,1
2023|11,Vinita,Oklahoma,United States,1,1,1,1,1,0,0,5
2023|11,Waconia,Minnesota,United States,1,1,1,1,1,0,0,8
2023|11,Washington,Virginia,United States,1,1,1,1,1,0,0,1
2023|11,Wynne,Arkansas,United States,1,1,1,0,0,1,0,1
2023|12,(not set),(not set),China,4,4,4,0,0,1,0,4
2023|12,(not set),(not set),United States,2,2,2,1,0.5,0.5,0,2
2023|12,(not set),Florida,United States,2,2,2,2,1,0,0,9
2023|12,(not set),Minnesota,United States,1,1,1,1,1,0,0,2
2023|12,(not set),Texas,United States,1,1,1,0,0,1,0,1
2023|12,(not set),Virginia,United States,1,1,1,1,1,0,0,1
2023|12,Accra,Greater Accra Region,Ghana,1,1,1,1,1,0,0,1
2023|12,Adams,Wisconsin,United States,2,2,0,2,1,0,0,19
2023|12,Akron,Ohio,United States,1,1,1,1,1,0,1,5
2023|12,Albuquerque,New Mexico,United States,1,1,1,1,1,0,0,2
2023|12,Antlers,Oklahoma,United States,1,1,1,0,0,1,0,1
2023|12,Atlanta,Georgia,United States,1,1,1,0,0,1,0,1
2023|12,Austin,Texas,United States,1,1,1,1,1,0,0,4
2023|12,Baguio,Cordillera Administrative Region,Philippines,1,1,1,1,1,0,0,1
2023|12,Baku,(not set),Azerbaijan,1,1,1,1,1,0,0,1
2023|12,Bay Minette,Alabama,United States,1,1,1,0,0,1,0,1
2023|12,Beachwood,Ohio,United States,1,1,1,1,1,0,0,6
2023|12,Benton,Kentucky,United States,1,1,1,1,1,0,0,1
2023|12,Birmingham,England,United Kingdom,1,1,1,0,0,1,0,1
2023|12,Boardman,Oregon,United States,2,2,2,0,0,1,0,2
2023|12,Boonville,Missouri,United States,1,1,1,1,1,0,0,2
2023|12,Boston,Massachusetts,United States,3,2,1,1,0.3333,0.6667,0,7
2023|12,Bowie,Texas,United States,2,2,0,1,0.5,0.5,0,3
2023|12,Brooklyn,Iowa,United States,1,1,1,1,1,0,0,2
2023|12,Brooklyn Park,Minnesota,United States,3,2,1,3,1,0,1,7
2023|12,Busan,Busan,South Korea,1,1,1,0,0,1,0,1
2023|12,Canyon,Texas,United States,1,1,0,0,0,1,0,0
2023|12,Charles City,Iowa,United States,1,1,0,0,0,1,0,1
2023|12,Chaska,Minnesota,United States,12,2,0,6,0.5,0.5,0,47
2023|12,Cheyenne,Wyoming,United States,1,1,1,0,0,1,0,1
2023|12,Chicago,Illinois,United States,25,16,12,13,0.52,0.48,0,51
2023|12,Clear Lake,Iowa,United States,2,1,1,2,1,0,0,11
2023|12,Cloquet,Minnesota,United States,1,1,1,0,0,1,0,1
2023|12,Columbus,Ohio,United States,14,14,14,1,0.0714,0.9286,0,14
2023|12,Crookston,Minnesota,United States,1,1,0,0,0,1,0,1
2023|12,Cuba,Missouri,United States,2,1,0,2,1,0,0,18
2023|12,Cuernavaca,Morelos,Mexico,1,1,1,1,1,0,0,1
2023|12,Dallas,Texas,United States,4,3,0,1,0.25,0.75,0,5
2023|12,Danville,Illinois,United States,2,2,0,1,0.5,0.5,0,2
2023|12,Denver,Colorado,United States,1,1,1,0,0,1,0,1
2023|12,Des Moines,Iowa,United States,1,1,1,0,0,1,0,1
2023|12,Eddyville,Kentucky,United States,1,1,1,1,1,0,0,5
2023|12,Eden Prairie,Minnesota,United States,4,3,3,3,0.75,0.25,0,6
2023|12,Elk City,Oklahoma,United States,1,1,1,1,1,0,0,3
2023|12,Faribault,Minnesota,United States,1,1,1,1,1,0,0,2
2023|12,Farmington,Minnesota,United States,2,1,1,2,1,0,0,4
2023|12,Flower Mound,Texas,United States,1,1,0,1,1,0,0,2
2023|12,Frankfurt,Hessen,Germany,2,2,2,0,0,1,0,2
2023|12,Fridley,Minnesota,United States,1,1,1,1,1,0,0,9
2023|12,Grand Marais,Minnesota,United States,1,1,1,1,1,0,0,2
2023|12,Grenada,Mississippi,United States,1,1,1,0,0,1,0,1
2023|12,Gurugram,Haryana,India,1,1,1,1,1,0,0,7
2023|12,Gustine,California,United States,1,1,1,1,1,0,0,4
2023|12,Hastings,Nebraska,United States,1,1,1,1,1,0,0,7
2023|12,Hays,Kansas,United States,1,1,1,1,1,0,0,3
2023|12,Headland,Alabama,United States,1,1,0,1,1,0,0,2
2023|12,Herreid,South Dakota,United States,1,1,0,1,1,0,0,2
2023|12,Highmore,South Dakota,United States,1,1,1,1,1,0,0,5
2023|12,Honey Grove,Texas,United States,1,1,1,1,1,0,0,3
2023|12,Hopkins,Minnesota,United States,1,1,1,1,1,0,0,3
2023|12,Huntsville,Arkansas,United States,1,1,1,0,0,1,0,1
2023|12,Hyderabad,Telangana,India,1,1,1,1,1,0,0,3
2023|12,Karachi,Sindh,Pakistan,3,3,3,3,1,0,0,5
2023|12,Kingston,St. Andrew Parish,Jamaica,2,2,2,1,0.5,0.5,1,4
2023|12,Lake Forest,California,United States,1,1,1,0,0,1,0,1
2023|12,Leavenworth,Kansas,United States,1,1,1,0,0,1,0,1
2023|12,Licking,Missouri,United States,1,1,1,1,1,0,0,2
2023|12,Lino Lakes,Minnesota,United States,2,1,1,1,0.5,0.5,0,7
2023|12,London,England,United Kingdom,1,1,1,0,0,1,0,1
2023|12,Louisiana,Missouri,United States,1,1,0,0,0,1,0,1
2023|12,Manchester,Tennessee,United States,1,1,0,1,1,0,0,0
2023|12,Marion,Kansas,United States,1,1,0,0,0,1,0,1
2023|12,McLeansboro,Illinois,United States,3,2,0,3,1,0,0,19
2023|12,McMinnville,Tennessee,United States,1,1,0,0,0,1,0,1
2023|12,Minneapolis,Minnesota,United States,15,10,8,10,0.6667,0.3333,0,49
2023|12,Minnetonka,Minnesota,United States,3,3,3,2,0.6667,0.3333,0,9
2023|12,Montevallo,Alabama,United States,1,1,1,0,0,1,0,1
2023|12,Moses Lake,Washington,United States,2,2,2,0,0,1,0,2
2023|12,New Brighton,Minnesota,United States,1,1,0,1,1,0,0,3
2023|12,New York,New York,United States,11,11,10,2,0.1818,0.8182,0,12
2023|12,Newport,Maine,United States,1,1,1,0,0,1,0,1
2023|12,Paris,Ile-de-France,France,1,1,1,1,1,0,0,1
2023|12,Pella,Iowa,United States,1,1,0,1,1,0,0,4
2023|12,Pimpri-Chinchwad,Maharashtra,India,1,1,1,1,1,0,0,1
2023|12,Pipestone,Minnesota,United States,1,1,1,1,1,0,0,1
2023|12,Pittsburg,Kansas,United States,2,2,0,1,0.5,0.5,0,5
2023|12,Prairie du Chien,Wisconsin,United States,1,1,1,1,1,0,0,1
2023|12,Prentiss,Mississippi,United States,4,2,0,3,0.75,0.25,0,5
2023|12,Prior Lake,Minnesota,United States,2,2,2,2,1,0,0,10
2023|12,Quezon City,Metro Manila,Philippines,1,1,1,1,1,0,0,2
2023|12,Raleigh,Mississippi,United States,1,1,0,0,0,1,0,1
2023|12,Rice,Minnesota,United States,1,1,1,1,1,0,0,2
2023|12,Riverton,Wyoming,United States,1,1,1,1,1,0,0,2
2023|12,Robbinsdale,Minnesota,United States,2,1,1,2,1,0,0,11
2023|12,Robinson,Illinois,United States,1,1,1,0,0,1,0,1
2023|12,Sacramento,California,United States,2,2,1,1,0.5,0.5,0,2
2023|12,Saint Marys,Ontario,Canada,1,1,1,1,1,0,0,2
2023|12,Saint Paul,Minnesota,United States,6,6,6,1,0.1667,0.8333,0,6
2023|12,Salt Lake City,Utah,United States,1,1,0,0,0,1,0,0
2023|12,San Antonio,Texas,United States,1,1,1,0,0,1,0,1
2023|12,San Diego,California,United States,1,1,1,0,0,1,0,1
2023|12,Santa Anna,Texas,United States,1,1,0,1,1,0,0,6
2023|12,Santa Claus,Indiana,United States,1,1,0,1,1,0,0,1
2023|12,Shorewood,Minnesota,United States,2,1,1,1,0.5,0.5,0,8
2023|12,Slippery Rock,Pennsylvania,United States,2,2,0,1,0.5,0.5,0,3
2023|12,Smithville,Missouri,United States,1,1,1,1,1,0,0,1
2023|12,Sparta,Missouri,United States,1,1,0,1,1,0,0,2
2023|12,Stow,Ohio,United States,1,1,1,1,1,0,0,3
2023|12,Syracuse,New York,United States,1,1,1,1,1,0,0,2
2023|12,Trenton,Missouri,United States,1,1,1,1,1,0,0,3
2023|12,Victoria,Minnesota,United States,1,1,1,1,1,0,0,1
2023|12,Warrenton,Missouri,United States,1,1,1,1,1,0,0,17
2023|12,Washington,Virginia,United States,2,2,2,0,0,1,0,2
2023|12,Wichita Falls,Texas,United States,1,1,1,1,1,0,0,2
2023|12,Winnsboro,Louisiana,United States,1,1,1,1,1,0,0,2
2023|12,Winona,Missouri,United States,1,1,1,1,1,0,0,4
2023|12,Winter,Wisconsin,United States,1,1,0,0,0,1,0,1
2023|12,Woodbury,Minnesota,United States,1,1,1,1,1,0,0,1
2024|01,(not set),(not set),(not set),0,1,0,0,,0,8,0
2024|01,(not set),(not set),China,3,3,3,1,0.3333,0.6667,0,4
2024|01,(not set),(not set),Netherlands,1,1,1,0,0,1,0,1
2024|01,(not set),(not set),United States,5,5,5,1,0.2,0.8,0,5
2024|01,(not set),Alabama,United States,1,1,0,1,1,0,0,3
2024|01,(not set),Auckland,New Zealand,1,1,1,1,1,0,0,2
2024|01,(not set),California,United States,1,1,1,1,1,0,0,1
2024|01,(not set),Illinois,United States,6,4,2,3,0.5,0.5,0,12
2024|01,(not set),Nevada,United States,1,1,0,0,0,1,0,0
2024|01,(not set),Saxony,Germany,1,1,1,0,0,1,0,1
2024|01,(not set),Texas,United States,1,1,1,1,1,0,0,1
2024|01,Aitkin,Minnesota,United States,1,1,0,1,1,0,0,1
2024|01,Altoona,Iowa,United States,1,1,1,0,0,1,0,1
2024|01,Ashburn,Virginia,United States,14,14,14,2,0.1429,0.8571,0,17
2024|01,Atlanta,Georgia,United States,3,2,1,0,0,1,0,2
2024|01,Audubon,Iowa,United States,1,1,1,1,1,0,0,2
2024|01,Aurora,Missouri,United States,1,1,1,0,0,1,0,1
2024|01,Baldwin,Wisconsin,United States,2,2,2,2,1,0,0,4
2024|01,Bastrop,Louisiana,United States,2,2,1,2,1,0,0,13
2024|01,Baxter,Minnesota,United States,1,1,1,1,1,0,0,2
2024|01,Becker,Minnesota,United States,1,1,1,1,1,0,0,5
2024|01,Bellingham,Washington,United States,2,2,1,1,0.5,0.5,0,5
2024|01,Belvidere,Illinois,United States,1,1,0,1,1,0,0,2
2024|01,Bend,Oregon,United States,2,1,1,1,0.5,0.5,0,5
2024|01,Blaine,Minnesota,United States,10,3,2,9,0.9,0.1,0,19
2024|01,Bloomington,Minnesota,United States,6,4,4,4,0.6667,0.3333,0,12
2024|01,Boise,Idaho,United States,1,1,1,1,1,0,0,1
2024|01,Boston,Massachusetts,United States,1,1,1,1,1,0,0,2
2024|01,Brookfield,Missouri,United States,1,1,1,1,1,0,0,1
2024|01,Brooklyn Park,Minnesota,United States,1,1,1,1,1,0,0,3
2024|01,Burnsville,Minnesota,United States,1,1,1,1,1,0,0,7
2024|01,Canby,Oregon,United States,1,1,1,0,0,1,0,1
2024|01,Canton,Mississippi,United States,1,1,0,0,0,1,0,0
2024|01,Cascade,Iowa,United States,1,1,0,1,1,0,0,2
2024|01,Chambers,Nebraska,United States,1,1,1,0,0,1,0,1
2024|01,Chanhassen,Minnesota,United States,1,1,1,1,1,0,0,2
2024|01,Chaska,Minnesota,United States,11,5,3,6,0.5455,0.4545,0,16
2024|01,Chattanooga,Tennessee,United States,1,1,1,0,0,1,0,1
2024|01,Cheyenne,Wyoming,United States,1,1,1,0,0,1,0,1
2024|01,Chicago,Illinois,United States,51,22,15,33,0.6471,0.3529,0,156
2024|01,Coeur d'Alene,Idaho,United States,5,2,1,2,0.4,0.6,0,17
2024|01,Coffeyville,Kansas,United States,1,1,1,0,0,1,0,1
2024|01,Columbus,Ohio,United States,18,18,18,0,0,1,0,18
2024|01,Cook,Minnesota,United States,2,2,0,1,0.5,0.5,0,2
2024|01,Crystal,Minnesota,United States,4,2,1,1,0.25,0.75,0,3
2024|01,Dallas,Texas,United States,14,8,5,9,0.6429,0.3571,0,42
2024|01,Delano,Minnesota,United States,1,1,1,1,1,0,0,5
2024|01,Denison,Iowa,United States,1,1,0,0,0,1,0,1
2024|01,Dhaka,Dhaka Division,Bangladesh,1,1,1,0,0,1,0,1
2024|01,Dorris,California,United States,1,1,1,1,1,0,0,1
2024|01,Dublin,County Dublin,Ireland,2,2,2,0,0,1,0,2
2024|01,Eagan,Minnesota,United States,2,2,2,2,1,0,0,4
2024|01,Eastland,Texas,United States,1,1,1,1,1,0,0,2
2024|01,Eden Prairie,Minnesota,United States,6,3,1,5,0.8333,0.1667,0,13
2024|01,Edina,Minnesota,United States,3,2,2,1,0.3333,0.6667,0,3
2024|01,Edmond,Oklahoma,United States,2,2,2,2,1,0,0,6
2024|01,El Paso,Texas,United States,1,1,1,1,1,0,0,2
2024|01,Ellisville,Mississippi,United States,1,1,1,0,0,1,0,1
2024|01,Evansville,Wisconsin,United States,1,1,0,1,1,0,0,3
2024|01,Fayetteville,Tennessee,United States,1,1,0,1,1,0,0,0
2024|01,Frederic,Wisconsin,United States,5,2,2,3,0.6,0.4,0,14
2024|01,Green Bay,Wisconsin,United States,2,1,1,1,0.5,0.5,0,4
2024|01,Hastings,Minnesota,United States,1,1,1,1,1,0,0,4
2024|01,Hawarden,Iowa,United States,3,2,0,2,0.6667,0.3333,0,7
2024|01,Hayden,Idaho,United States,1,1,0,0,0,1,0,1
2024|01,Homewood,Illinois,United States,1,1,1,0,0,1,0,1
2024|01,Honey Grove,Texas,United States,1,1,1,1,1,0,0,3
2024|01,Hopkins,Minnesota,United States,4,3,3,3,0.75,0.25,0,19
2024|01,Hopkinsville,Kentucky,United States,1,1,0,0,0,1,0,1
2024|01,Huntsville,Arkansas,United States,1,1,1,1,1,0,0,2
2024|01,Ida Grove,Iowa,United States,1,1,0,1,1,0,0,2
2024|01,Idabel,Oklahoma,United States,1,1,1,1,1,0,0,3
2024|01,Jaipur,Rajasthan,India,1,1,1,1,1,0,0,2
2024|01,Jena,Louisiana,United States,1,1,1,0,0,1,0,1
2024|01,Karachi,Sindh,Pakistan,1,1,1,1,1,0,0,2
2024|01,Keokuk,Iowa,United States,1,1,0,1,1,0,0,0
2024|01,Kissimmee,Florida,United States,1,1,1,1,1,0,0,1
2024|01,Lamoni,Iowa,United States,1,1,1,0,0,1,0,1
2024|01,Langdon,North Dakota,United States,1,1,0,0,0,1,0,1
2024|01,Lawrenceburg,Tennessee,United States,1,1,0,1,1,0,0,0
2024|01,Lombard,Illinois,United States,1,1,1,1,1,0,0,4
2024|01,Longboat Key,Florida,United States,3,2,2,3,1,0,0,10
2024|01,Madison,Wisconsin,United States,1,1,1,1,1,0,0,1
2024|01,Magee,Mississippi,United States,1,1,0,0,0,1,0,1
2024|01,Malvern,Arkansas,United States,6,3,0,3,0.5,0.5,0,8
2024|01,Maple Grove,Minnesota,United States,6,3,2,4,0.6667,0.3333,0,11
2024|01,Marianna,Florida,United States,1,1,1,0,0,1,0,1
2024|01,Martin,Tennessee,United States,1,1,0,0,0,1,0,0
2024|01,McCamey,Texas,United States,1,1,1,1,1,0,0,1
2024|01,Meridian,Texas,United States,2,1,0,1,0.5,0.5,0,4
2024|01,Minneapolis,Minnesota,United States,28,19,13,18,0.6429,0.3571,0,58
2024|01,Minnetonka,Minnesota,United States,1,1,1,1,1,0,0,1
2024|01,Minnetrista,Minnesota,United States,2,2,1,2,1,0,0,5
2024|01,Moline,Illinois,United States,1,1,1,1,1,0,0,3
2024|01,Montgomery,Alabama,United States,1,1,0,1,1,0,0,1
2024|01,Mound,Minnesota,United States,1,1,1,1,1,0,0,1
2024|01,Multan,Punjab,Pakistan,1,1,1,1,1,0,0,1
2024|01,Mumbai,Maharashtra,India,3,3,3,3,1,0,0,9
2024|01,New Hampton,Iowa,United States,2,2,0,1,0.5,0.5,0,2
2024|01,New York,New York,United States,1,1,1,1,1,0,0,3
2024|01,Niceville,Florida,United States,2,2,0,1,0.5,0.5,0,5
2024|01,Norton,Kansas,United States,1,1,1,1,1,0,0,2
2024|01,Onamia,Minnesota,United States,1,1,1,1,1,0,0,3
2024|01,Orlando,Florida,United States,2,2,2,2,1,0,0,3
2024|01,Orono,Minnesota,United States,1,1,1,1,1,0,0,3
2024|01,Osage City,Kansas,United States,1,1,1,0,0,1,0,1
2024|01,Phillipsburg,Kansas,United States,1,1,1,0,0,1,0,1
2024|01,Pittsfield,Illinois,United States,1,1,0,0,0,1,0,1
2024|01,Plaza,North Dakota,United States,1,1,0,1,1,0,0,0
2024|01,Plymouth,Minnesota,United States,3,3,3,3,1,0,0,9
2024|01,Plymouth,Wisconsin,United States,1,1,1,1,1,0,0,3
2024|01,Port Lavaca,Texas,United States,2,2,0,1,0.5,0.5,0,3
2024|01,Port Wing,Wisconsin,United States,1,1,0,1,1,0,0,0
2024|01,Portland,Oregon,United States,1,1,1,1,1,0,0,1
2024|01,Prentiss,Mississippi,United States,1,1,0,0,0,1,0,1
2024|01,Prineville,Oregon,United States,1,1,1,0,0,1,0,1
2024|01,Prior Lake,Minnesota,United States,1,1,1,1,1,0,0,1
2024|01,Qalyub,Al-Qalyubia Governorate,Egypt,1,1,1,1,1,0,0,2
2024|01,Quincy,Washington,United States,2,2,1,0,0,1,0,1
2024|01,Rockland,Massachusetts,United States,2,1,1,1,0.5,0.5,0,2
2024|01,Rogers,Minnesota,United States,7,2,1,5,0.7143,0.2857,0,13
2024|01,Saarbrucken,Saarland,Germany,1,1,1,0,0,1,0,1
2024|01,Sacramento,California,United States,2,1,1,1,0.5,0.5,0,2
2024|01,Saint Michael,Minnesota,United States,1,1,0,1,1,0,0,0
2024|01,Saint Paul,Minnesota,United States,8,8,6,8,1,0,0,22
2024|01,Salinas,California,United States,1,1,0,0,0,1,0,0
2024|01,Salt Lake City,Utah,United States,1,1,1,1,1,0,0,2
2024|01,San Jose,California,United States,6,2,1,4,0.6667,0.3333,0,8
2024|01,Seattle,Washington,United States,1,1,1,0,0,1,0,1
2024|01,Selmer,Tennessee,United States,1,1,1,1,1,0,0,1
2024|01,Shakopee,Minnesota,United States,2,1,1,2,1,0,0,3
2024|01,Sherburn,Minnesota,United States,1,1,0,0,0,1,0,0
2024|01,Shorewood,Minnesota,United States,3,3,2,1,0.3333,0.6667,0,3
2024|01,South Lake Tahoe,California,United States,1,1,1,1,1,0,0,5
2024|01,St. Louis Park,Minnesota,United States,6,3,3,4,0.6667,0.3333,0,16
2024|01,Stillwater,Oklahoma,United States,1,1,1,1,1,0,0,1
2024|01,Sullivan,Missouri,United States,1,1,0,1,1,0,0,1
2024|01,Sydney,New South Wales,Australia,1,1,1,0,0,1,0,1
2024|01,Tallulah,Louisiana,United States,1,1,1,1,1,0,0,2
2024|01,Tampa,Florida,United States,1,1,0,1,1,0,0,4
2024|01,Taupo,Waikato,New Zealand,1,1,0,0,0,1,0,1
2024|01,Tekamah,Nebraska,United States,1,1,0,1,1,0,0,0
2024|01,Toronto,Ontario,Canada,1,1,1,1,1,0,0,1
2024|01,Trinity,Texas,United States,1,1,1,1,1,0,0,2
2024|01,Van Horn,Texas,United States,1,1,1,1,1,0,0,2
2024|01,Victoria,Minnesota,United States,1,1,1,1,1,0,0,3
2024|01,Vinita,Oklahoma,United States,1,1,0,1,1,0,0,2
2024|01,Virden,Illinois,United States,1,1,0,1,1,0,0,1
2024|01,Walnut Ridge,Arkansas,United States,1,1,1,1,1,0,0,2
2024|01,Watford City,North Dakota,United States,1,1,1,1,1,0,0,2
2024|01,Wayzata,Minnesota,United States,1,1,0,0,0,1,0,0
2024|01,Weatherford,Oklahoma,United States,1,1,1,1,1,0,0,1
2024|01,Wilton,Iowa,United States,1,1,0,0,0,1,0,1
2024|01,Windsor,Quebec,Canada,1,1,1,0,0,1,0,1
2024|01,Winnsboro,Louisiana,United States,2,2,2,1,0.5,0.5,0,4
2024|01,Zumbrota,Minnesota,United States,5,1,1,3,0.6,0.4,0,21
2024|02,(not set),(not set),(not set),0,1,0,0,,0,22,0
2024|02,(not set),(not set),China,2,2,2,0,0,1,0,2
2024|02,(not set),(not set),Estonia,1,1,1,1,1,0,0,1
2024|02,(not set),(not set),France,10,10,10,0,0,1,0,10
2024|02,(not set),(not set),Hong Kong,1,1,1,1,1,0,0,5
2024|02,(not set),(not set),United States,9,9,9,4,0.4444,0.5556,0,9
2024|02,(not set),Alabama,United States,1,1,0,1,1,0,0,0
2024|02,(not set),California,United States,1,1,1,0,0,1,0,1
2024|02,(not set),Illinois,United States,5,5,5,2,0.4,0.6,0,11
2024|02,(not set),Kansas,United States,1,1,1,0,0,1,0,1
2024|02,(not set),Minnesota,United States,7,7,6,1,0.1429,0.8571,0,8
2024|02,(not set),Mississippi,United States,1,1,1,1,1,0,0,1
2024|02,(not set),Missouri,United States,1,1,1,1,1,0,0,1
2024|02,(not set),Montana,United States,1,1,1,0,0,1,0,1
2024|02,(not set),Nineveh Governorate,Iraq,1,1,1,0,0,1,0,1
2024|02,(not set),North Carolina,United States,1,1,1,1,1,0,0,3
2024|02,(not set),Ohio,United States,1,1,1,1,1,0,0,7
2024|02,(not set),Saxony,Germany,5,5,5,1,0.2,0.8,0,6
2024|02,(not set),Texas,United States,1,1,1,1,1,0,0,3
2024|02,(not set),Tokyo,Japan,1,1,1,1,1,0,0,9
2024|02,Adams,Wisconsin,United States,1,1,0,1,1,0,0,1
2024|02,Akron,Iowa,United States,1,1,1,0,0,1,0,1
2024|02,Albertville,Minnesota,United States,1,1,1,1,1,0,0,1
2024|02,Alma,Arkansas,United States,1,1,1,1,1,0,0,1
2024|02,Alpine,Texas,United States,1,1,1,1,1,0,0,1
2024|02,Amarillo,Texas,United States,1,1,0,0,0,1,0,1
2024|02,Andover,Minnesota,United States,5,4,4,4,0.8,0.2,0,6
2024|02,Antlers,Oklahoma,United States,1,1,0,0,0,1,0,1
2024|02,Appleton,Wisconsin,United States,1,1,0,1,1,0,0,3
2024|02,Arkadelphia,Arkansas,United States,1,1,0,0,0,1,0,1
2024|02,Arlington Heights,Illinois,United States,1,1,1,0,0,1,0,1
2024|02,Ashburn,Virginia,United States,2,2,2,0,0,1,0,2
2024|02,Ashtabula,Ohio,United States,1,1,0,1,1,0,0,0
2024|02,Audubon,Iowa,United States,1,1,0,1,1,0,0,2
2024|02,Bay Springs,Mississippi,United States,1,1,1,1,1,0,0,1
2024|02,Bella Vista,Arkansas,United States,1,1,1,1,1,0,0,1
2024|02,Belle Plaine,Minnesota,United States,1,1,1,1,1,0,0,5
2024|02,Belzoni,Mississippi,United States,1,1,1,0,0,1,0,1
2024|02,Big Lake,Minnesota,United States,3,3,3,1,0.3333,0.6667,0,4
2024|02,Blaine,Minnesota,United States,7,7,7,2,0.2857,0.7143,0,7
2024|02,Bloomington,Minnesota,United States,13,13,13,7,0.5385,0.4615,0,35
2024|02,Boardman,Oregon,United States,2,2,2,1,0.5,0.5,0,10
2024|02,Bolivar,Missouri,United States,1,1,0,1,1,0,0,0
2024|02,Bonham,Texas,United States,1,1,0,1,1,0,0,2
2024|02,Boston,Massachusetts,United States,2,1,1,1,0.5,0.5,0,5
2024|02,Bowie,Texas,United States,1,1,0,1,1,0,0,2
2024|02,Brandon,Florida,United States,1,1,1,1,1,0,0,1
2024|02,Brookfield,Missouri,United States,1,1,1,1,1,0,0,1
2024|02,Brookhaven,Mississippi,United States,1,1,1,1,1,0,0,6
2024|02,Brooklyn Center,Minnesota,United States,2,2,1,2,1,0,0,5
2024|02,Brooklyn Park,Minnesota,United States,18,15,14,8,0.4444,0.5556,0,47
2024|02,Buffalo,New York,United States,1,1,0,0,0,1,0,1
2024|02,Cabot,Arkansas,United States,3,2,1,0,0,1,0,3
2024|02,Calhoun City,Mississippi,United States,2,2,0,2,1,0,0,7
2024|02,Cambridge,Minnesota,United States,1,1,1,1,1,0,0,1
2024|02,Camden,Arkansas,United States,1,1,1,1,1,0,0,4
2024|02,Camden,Tennessee,United States,1,1,0,0,0,1,0,1
2024|02,Camdenton,Missouri,United States,1,1,1,1,1,0,0,3
2024|02,Carthage,Tennessee,United States,1,1,0,1,1,0,0,8
2024|02,Caruthersville,Missouri,United States,3,3,3,2,0.6667,0.3333,0,6
2024|02,Castroville,Texas,United States,1,1,0,0,0,1,0,1
2024|02,Centralia,Missouri,United States,2,2,0,1,0.5,0.5,0,0
2024|02,Champlin,Minnesota,United States,2,2,2,0,0,1,0,2
2024|02,Chanhassen,Minnesota,United States,2,2,2,1,0.5,0.5,0,8
2024|02,Charlotte,North Carolina,United States,1,1,0,0,0,1,0,1
2024|02,Chaska,Minnesota,United States,36,8,5,26,0.7222,0.2778,0,104
2024|02,Chicago,Illinois,United States,57,39,29,27,0.4737,0.5263,0,82
2024|02,Childress,Texas,United States,1,1,1,1,1,0,0,4
2024|02,Chisholm,Minnesota,United States,1,1,1,0,0,1,0,1
2024|02,Chokio,Minnesota,United States,1,1,1,0,0,1,0,1
2024|02,Clarinda,Iowa,United States,1,1,0,1,1,0,0,1
2024|02,Columbia Heights,Minnesota,United States,2,2,2,1,0.5,0.5,0,5
2024|02,Columbus,Nebraska,United States,2,2,1,2,1,0,0,6
2024|02,Columbus,Ohio,United States,14,14,14,0,0,1,0,14
2024|02,Coon Rapids,Minnesota,United States,3,3,3,1,0.3333,0.6667,0,5
2024|02,Coral Springs,Florida,United States,1,1,1,1,1,0,0,2
2024|02,Crested Butte,Colorado,United States,1,1,1,0,0,1,0,1
2024|02,Crystal,Minnesota,United States,2,2,2,1,0.5,0.5,0,2
2024|02,Cumming,Georgia,United States,1,1,1,1,1,0,0,6
2024|02,Dallas,Texas,United States,32,22,13,16,0.5,0.5,0,43
2024|02,Davao City,Davao Region,Philippines,1,1,1,0,0,1,0,1
2024|02,De Queen,Arkansas,United States,1,1,0,0,0,1,0,1
2024|02,Decorah,Iowa,United States,1,1,1,1,1,0,0,4
2024|02,Detroit Lakes,Minnesota,United States,1,1,1,0,0,1,0,1
2024|02,Dickson,Tennessee,United States,2,2,1,0,0,1,0,2
2024|02,Diller,Nebraska,United States,1,1,0,1,1,0,0,1
2024|02,Dubuque,Iowa,United States,2,2,1,2,1,0,0,19
2024|02,Durango,Colorado,United States,1,1,1,0,0,1,0,1
2024|02,Eagan,Minnesota,United States,1,1,1,0,0,1,0,1
2024|02,Eden Prairie,Minnesota,United States,19,11,9,11,0.5789,0.4211,0,71
2024|02,Edina,Minnesota,United States,9,8,7,6,0.6667,0.3333,0,13
2024|02,Edmond,Oklahoma,United States,1,1,1,0,0,1,0,1
2024|02,El Paso,Texas,United States,1,1,0,1,1,0,0,1
2024|02,Elizabeth City,North Carolina,United States,1,1,1,1,1,0,0,2
2024|02,Elk City,Oklahoma,United States,1,1,0,1,1,0,0,1
2024|02,Elk River,Minnesota,United States,4,4,4,2,0.5,0.5,0,5
2024|02,Florence,Alabama,United States,1,1,1,0,0,1,0,1
2024|02,Florissant,Missouri,United States,1,1,1,1,1,0,0,3
2024|02,Flower Mound,Texas,United States,1,1,1,1,1,0,0,9
2024|02,Fridley,Minnesota,United States,2,2,2,1,0.5,0.5,0,3
2024|02,Gainesville,Missouri,United States,1,1,1,0,0,1,0,1
2024|02,Galesburg,Illinois,United States,1,1,0,0,0,1,0,1
2024|02,Galveston,Texas,United States,1,1,0,1,1,0,0,1
2024|02,Geneseo,Illinois,United States,1,1,1,0,0,1,0,1
2024|02,Glenwood,Arkansas,United States,1,1,1,1,1,0,0,1
2024|02,Golden Valley,Minnesota,United States,2,2,1,1,0.5,0.5,0,3
2024|02,Greenwood,Louisiana,United States,1,1,0,0,0,1,0,1
2024|02,Grove,Oklahoma,United States,2,2,1,1,0.5,0.5,0,4
2024|02,Ham Lake,Minnesota,United States,2,2,1,2,1,0,0,2
2024|02,Hamilton,Missouri,United States,3,3,1,1,0.3333,0.6667,0,5
2024|02,Hannibal,Missouri,United States,1,1,1,0,0,1,0,1
2024|02,Harlingen,Texas,United States,1,1,1,0,0,1,0,1
2024|02,Hartford,Wisconsin,United States,1,1,1,0,0,1,0,1
2024|02,Harvard,Illinois,United States,1,1,1,1,1,0,0,2
2024|02,Hastings,Minnesota,United States,1,1,1,0,0,1,0,1
2024|02,Hawarden,Iowa,United States,1,1,1,1,1,0,0,1
2024|02,Hector,Minnesota,United States,1,1,1,1,1,0,0,2
2024|02,Helsinki,Uusimaa,Finland,1,1,0,1,1,0,0,0
2024|02,Henderson,Texas,United States,1,1,1,1,1,0,0,5
2024|02,Hennessey,Oklahoma,United States,1,1,0,0,0,1,0,1
2024|02,Hewitt,Texas,United States,1,1,1,0,0,1,0,1
2024|02,Hinckley,Minnesota,United States,1,1,0,1,1,0,0,0
2024|02,Hopkins,Minnesota,United States,11,6,6,8,0.7273,0.2727,0,31
2024|02,Houston,Texas,United States,1,1,1,1,1,0,0,3
2024|02,Howard Lake,Minnesota,United States,1,1,1,0,0,1,0,1
2024|02,Ida Grove,Iowa,United States,2,2,0,0,0,1,0,1
2024|02,Idabel,Oklahoma,United States,2,2,0,2,1,0,0,0
2024|02,Indio,California,United States,1,1,1,1,1,0,0,5
2024|02,Industry,Texas,United States,1,1,1,0,0,1,0,1
2024|02,Issaquah,Washington,United States,1,1,1,1,1,0,0,3
2024|02,Jordan,Minnesota,United States,2,1,0,1,0.5,0.5,0,2
2024|02,Kansas City,Missouri,United States,1,1,1,0,0,1,0,1
2024|02,Karachi,Sindh,Pakistan,1,1,1,1,1,0,0,2
2024|02,Kearney,Nebraska,United States,1,1,0,1,1,0,0,1
2024|02,Kermit,Texas,United States,1,1,1,0,0,1,0,1
2024|02,Lake Elmo,Minnesota,United States,1,1,1,0,0,1,0,1
2024|02,Lake Jackson,Texas,United States,1,1,0,0,0,1,0,1
2024|02,Lakeville,Minnesota,United States,1,1,1,1,1,0,0,1
2024|02,Lamar,Missouri,United States,1,1,0,1,1,0,0,4
2024|02,Lamoni,Iowa,United States,1,1,0,1,1,0,0,0
2024|02,Langley,British Columbia,Canada,1,1,1,1,1,0,0,2
2024|02,Le Mars,Iowa,United States,2,2,1,2,1,0,0,3
2024|02,Licking,Missouri,United States,1,1,0,0,0,1,0,1
2024|02,Litchfield,Minnesota,United States,1,1,1,1,1,0,0,5
2024|02,Lombard,Illinois,United States,1,1,1,1,1,0,0,3
2024|02,London,England,United Kingdom,1,1,1,1,1,0,0,2
2024|02,Longboat Key,Florida,United States,4,3,1,2,0.5,0.5,0,3
2024|02,Loretto,Tennessee,United States,2,2,0,1,0.5,0.5,0,3
2024|02,Louisville,Kentucky,United States,1,1,1,0,0,1,0,1
2024|02,Macon,Missouri,United States,1,1,0,1,1,0,0,1
2024|02,Malvern,Arkansas,United States,2,2,1,1,0.5,0.5,0,3
2024|02,Maple Grove,Minnesota,United States,10,10,10,8,0.8,0.2,0,15
2024|02,Marion,Alabama,United States,2,2,2,1,0.5,0.5,0,7
2024|02,Marlin,Texas,United States,1,1,1,1,1,0,0,3
2024|02,Martin,Tennessee,United States,1,1,1,0,0,1,0,1
2024|02,Martinsburg,West Virginia,United States,1,1,0,0,0,1,0,0
2024|02,McAllen,Texas,United States,1,1,0,1,1,0,0,1
2024|02,McCamey,Texas,United States,3,3,2,1,0.3333,0.6667,0,3
2024|02,McCordsville,Indiana,United States,1,1,1,0,0,1,0,1
2024|02,Medina,Minnesota,United States,4,4,4,2,0.5,0.5,0,7
2024|02,Meridian,Texas,United States,2,2,2,2,1,0,0,4
2024|02,Miami,Oklahoma,United States,1,1,1,0,0,1,0,1
2024|02,Minden,Nebraska,United States,1,1,1,1,1,0,0,2
2024|02,Mineral Wells,Texas,United States,1,1,0,0,0,1,0,1
2024|02,Minneapolis,Minnesota,United States,352,318,307,136,0.3864,0.6136,0,470
2024|02,Minnetonka,Minnesota,United States,10,10,10,3,0.3,0.7,0,10
2024|02,Mission Viejo,California,United States,1,1,1,1,1,0,0,4
2024|02,Montevallo,Alabama,United States,1,1,1,1,1,0,0,2
2024|02,Monticello,Minnesota,United States,1,1,1,1,1,0,0,2
2024|02,Morganton,North Carolina,United States,1,1,1,0,0,1,0,1
2024|02,Morris,Minnesota,United States,1,1,1,1,1,0,0,2
2024|02,Mound,Minnesota,United States,9,7,7,4,0.4444,0.5556,0,17
2024|02,Mounds View,Minnesota,United States,1,1,1,1,1,0,0,7
2024|02,New Hampton,Iowa,United States,1,1,1,1,1,0,0,4
2024|02,New Hope,Minnesota,United States,2,2,2,0,0,1,0,2
2024|02,New York,New York,United States,3,3,3,0,0,1,0,3
2024|02,Niceville,Florida,United States,1,1,1,0,0,1,0,1
2024|02,Olimpia,State of Sao Paulo,Brazil,1,1,0,1,1,0,0,0
2024|02,Oneonta,Alabama,United States,2,2,0,2,1,0,0,8
2024|02,Orono,Minnesota,United States,1,1,1,1,1,0,0,2
2024|02,Osage,Iowa,United States,2,2,0,1,0.5,0.5,0,2
2024|02,Oskaloosa,Iowa,United States,1,1,1,1,1,0,1,7
2024|02,Otsego,Minnesota,United States,1,1,1,1,1,0,0,2
2024|02,Overland Park,Kansas,United States,3,1,1,2,0.6667,0.3333,0,5
2024|02,Owatonna,Minnesota,United States,1,1,1,1,1,0,0,2
2024|02,Pereira,Risaralda,Colombia,1,1,1,1,1,0,0,1
2024|02,Perry,Iowa,United States,1,1,1,0,0,1,0,1
2024|02,Perry,Oklahoma,United States,2,2,1,2,1,0,0,1
2024|02,Phillipsburg,Kansas,United States,1,1,1,0,0,1,0,1
2024|02,Phoenix,Arizona,United States,1,1,1,0,0,1,0,1
2024|02,Pipestone,Minnesota,United States,1,1,1,1,1,0,0,2
2024|02,Pittsburgh,Pennsylvania,United States,1,1,1,0,0,1,0,1
2024|02,Plymouth,Minnesota,United States,7,7,7,2,0.2857,0.7143,0,7
2024|02,Pontotoc,Mississippi,United States,2,2,2,1,0.5,0.5,0,2
2024|02,Prentiss,Mississippi,United States,1,1,0,1,1,0,0,1
2024|02,Prineville,Oregon,United States,1,1,1,0,0,1,0,1
2024|02,Prior Lake,Minnesota,United States,1,1,1,0,0,1,0,1
2024|02,Ramsey,Minnesota,United States,2,2,2,1,0.5,0.5,0,2
2024|02,Reedley,California,United States,1,1,1,1,1,0,0,3
2024|02,Reston,Virginia,United States,1,1,1,0,0,1,0,1
2024|02,Richfield,Minnesota,United States,7,7,7,4,0.5714,0.4286,0,8
2024|02,Rogers,Minnesota,United States,2,2,2,2,1,0,0,3
2024|02,Roseville,Minnesota,United States,2,1,0,1,0.5,0.5,0,2
2024|02,Rushford,Minnesota,United States,2,2,0,2,1,0,0,2
2024|02,Russell,Kansas,United States,1,1,0,1,1,0,0,2
2024|02,Saint Paul,Minnesota,United States,12,11,9,7,0.5833,0.4167,0,26
2024|02,Saint Paul Park,Minnesota,United States,1,1,1,0,0,1,0,1
2024|02,Salem,Kentucky,United States,1,1,0,1,1,0,0,2
2024|02,San Jose,California,United States,1,1,1,0,0,1,0,1
2024|02,Santa Anna,Texas,United States,3,3,0,3,1,0,0,2
2024|02,Santa Claus,Indiana,United States,1,1,1,1,1,0,0,1
2024|02,Sarasota,Florida,United States,2,2,2,0,0,1,0,2
2024|02,Scottsboro,Alabama,United States,1,1,1,0,0,1,0,1
2024|02,Sedan,Kansas,United States,2,2,2,2,1,0,0,5
2024|02,Shakopee,Minnesota,United States,5,4,3,2,0.4,0.6,0,5
2024|02,Shelbyville,Illinois,United States,1,1,0,1,1,0,0,0
2024|02,Sherburn,Minnesota,United States,3,3,3,3,1,0,0,4
2024|02,Shibuya City,Tokyo,Japan,2,2,2,2,1,0,0,14
2024|02,Shorewood,Minnesota,United States,2,2,2,0,0,1,0,2
2024|02,Smith Center,Kansas,United States,1,1,1,1,1,0,0,3
2024|02,Sparta,Wisconsin,United States,1,1,0,0,0,1,0,1
2024|02,Spring Lake Park,Minnesota,United States,1,1,1,0,0,1,0,1
2024|02,Springfield,Oregon,United States,1,1,1,0,0,1,0,1
2024|02,Springville,Alabama,United States,1,1,0,0,0,1,0,1
2024|02,St. Louis Park,Minnesota,United States,2,2,1,1,0.5,0.5,0,6
2024|02,Stephenson,Michigan,United States,2,2,1,2,1,0,0,3
2024|02,Stewartville,Minnesota,United States,1,1,1,1,1,0,0,1
2024|02,Sullivan,Missouri,United States,1,1,0,1,1,0,0,2
2024|02,Surprise,Arizona,United States,1,1,1,0,0,1,0,1
2024|02,Tampa,Florida,United States,4,3,1,2,0.5,0.5,0,5
2024|02,Toronto,Ontario,Canada,1,1,1,1,1,0,0,2
2024|02,Tupelo,Mississippi,United States,2,2,0,2,1,0,0,8
2024|02,Tyler,Texas,United States,1,1,1,0,0,1,0,1
2024|02,Villa Grove,Illinois,United States,2,2,1,0,0,1,0,2
2024|02,Vinita,Oklahoma,United States,2,2,1,2,1,0,0,2
2024|02,Waconia,Minnesota,United States,1,1,1,1,1,0,0,26
2024|02,Walnut,Iowa,United States,1,1,0,1,1,0,0,6
2024|02,Warren,Arkansas,United States,1,1,0,1,1,0,0,1
2024|02,Warrensburg,Missouri,United States,1,1,1,0,0,1,0,1
2024|02,Warrenton,Missouri,United States,1,1,0,1,1,0,0,2
2024|02,Warsaw,Masovian Voivodeship,Poland,831,832,832,0,0,1,0,832
2024|02,Washington,District of Columbia,United States,1,1,1,0,0,1,0,1
2024|02,Watertown,Minnesota,United States,2,2,2,1,0.5,0.5,0,2
2024|02,Waukesha,Wisconsin,United States,1,1,1,0,0,1,0,1
2024|02,Wayzata,Minnesota,United States,2,2,1,2,1,0,0,6
2024|02,Wiggins,Mississippi,United States,2,2,1,0,0,1,0,2
2024|02,Willard,Missouri,United States,1,1,1,1,1,0,0,1
2024|02,Willmar,Minnesota,United States,1,1,1,0,0,1,0,1
2024|02,Wilton,Iowa,United States,1,1,1,1,1,0,0,2
2024|02,Winona,Missouri,United States,1,1,0,0,0,1,0,1
2024|02,Winsted,Minnesota,United States,1,1,0,0,0,1,0,1
2024|02,Winter,Wisconsin,United States,1,1,0,1,1,0,0,0
2024|02,Wittenberg,Wisconsin,United States,1,1,1,1,1,0,0,2
2024|02,Woodbury,Minnesota,United States,2,2,1,2,1,0,0,2
2024|02,Yonkers,New York,United States,1,1,1,0,0,1,0,1
2024|02,York,Nebraska,United States,2,2,0,2,1,0,0,0
2024|02,09603,Saxony,Germany,1,1,1,0,0,1,0,1
2024|03,(not set),(not set),(not set),0,1,0,0,,0,24,0
2024|03,(not set),(not set),Canada,1,1,1,0,0,1,0,1
2024|03,(not set),(not set),China,2,2,2,0,0,1,0,2
2024|03,(not set),(not set),France,2,2,0,0,0,1,0,12
2024|03,(not set),(not set),United Kingdom,2,2,1,0,0,1,0,1
2024|03,(not set),(not set),United States,2,2,2,1,0.5,0.5,0,2
2024|03,(not set),California,United States,3,3,3,2,0.6667,0.3333,0,93
2024|03,(not set),Florida,United States,1,1,1,0,0,1,0,1
2024|03,(not set),Georgia,United States,1,1,1,0,0,1,0,1
2024|03,(not set),Illinois,United States,6,3,1,5,0.8333,0.1667,0,44
2024|03,(not set),Kansas,United States,2,2,2,2,1,0,0,5
2024|03,(not set),Kentucky,United States,1,1,0,1,1,0,0,3
2024|03,(not set),Louisiana,United States,2,2,1,2,1,0,0,2
2024|03,(not set),Minnesota,United States,7,7,7,3,0.4286,0.5714,0,11
2024|03,(not set),North Carolina,United States,1,1,1,1,1,0,0,4
2024|03,(not set),Ohio,United States,1,1,1,0,0,1,0,1
2024|03,(not set),Texas,United States,2,2,2,1,0.5,0.5,0,2
2024|03,(not set),Tokyo,Japan,1,1,1,1,1,0,0,4
2024|03,(not set),Wisconsin,United States,2,2,2,1,0.5,0.5,0,2
2024|03,Alexis,Illinois,United States,1,1,1,1,1,0,0,4
2024|03,Anadarko,Oklahoma,United States,1,1,1,1,1,0,0,2
2024|03,Andover,Minnesota,United States,2,2,2,1,0.5,0.5,0,6
2024|03,Anoka,Minnesota,United States,1,1,1,0,0,1,0,1
2024|03,Apple Valley,Minnesota,United States,1,1,1,0,0,1,0,1
2024|03,Arkadelphia,Arkansas,United States,1,1,0,1,1,0,0,3
2024|03,Ashburn,Virginia,United States,2,2,2,0,0,1,0,2
2024|03,Atlanta,Georgia,United States,2,2,2,1,0.5,0.5,0,4
2024|03,Aurora,Missouri,United States,1,1,0,0,0,1,0,1
2024|03,Axis,Alabama,United States,1,1,1,0,0,1,0,1
2024|03,Baldwin,Wisconsin,United States,4,3,0,1,0.25,0.75,0,7
2024|03,Barnesville,Minnesota,United States,1,1,0,0,0,1,0,0
2024|03,Barron,Wisconsin,United States,1,1,1,0,0,1,0,1
2024|03,Bastrop,Louisiana,United States,1,1,1,1,1,0,0,1
2024|03,Bay Minette,Alabama,United States,1,1,0,1,1,0,0,0
2024|03,Big Lake,Minnesota,United States,2,2,2,2,1,0,0,6
2024|03,Blaine,Minnesota,United States,5,5,5,3,0.6,0.4,0,12
2024|03,Bloomington,Minnesota,United States,13,12,11,6,0.4615,0.5385,0,29
2024|03,Boardman,Oregon,United States,2,2,2,1,0.5,0.5,0,2
2024|03,Boston,Massachusetts,United States,1,1,0,0,0,1,0,1
2024|03,Breaux Bridge,Louisiana,United States,1,1,0,1,1,0,0,2
2024|03,Bristow,Oklahoma,United States,1,1,0,0,0,1,0,1
2024|03,Brookhaven,Mississippi,United States,1,1,1,1,1,0,0,1
2024|03,Brooklyn Center,Minnesota,United States,2,2,2,1,0.5,0.5,0,2
2024|03,Brooklyn Park,Minnesota,United States,10,9,8,5,0.5,0.5,0,24
2024|03,Brunswick,Maine,United States,1,1,1,1,1,0,0,3
2024|03,Buffalo,Minnesota,United States,1,1,1,1,1,0,0,1
2024|03,Cabot,Arkansas,United States,1,1,0,0,0,1,0,1
2024|03,Cadiz,Kentucky,United States,1,1,0,1,1,0,0,1
2024|03,Canton,Texas,United States,1,1,1,0,0,1,0,1
2024|03,Carlsbad,California,United States,1,1,1,1,1,0,0,5
2024|03,Carver,Minnesota,United States,1,1,0,1,1,0,0,0
2024|03,Casselton,North Dakota,United States,1,1,1,0,0,1,0,1
2024|03,Castroville,Texas,United States,1,1,0,0,0,1,0,1
2024|03,Cedar Vale,Kansas,United States,1,1,1,0,0,1,0,1
2024|03,Champlin,Minnesota,United States,1,1,1,0,0,1,0,1
2024|03,Chanhassen,Minnesota,United States,3,3,3,1,0.3333,0.6667,0,4
2024|03,Chaska,Minnesota,United States,36,9,4,16,0.4444,0.5556,0,71
2024|03,Chicago,Illinois,United States,68,54,47,38,0.5588,0.4412,0,115
2024|03,Circle Pines,Minnesota,United States,1,1,1,1,1,0,0,2
2024|03,Clarksville,Arkansas,United States,1,1,1,1,1,0,0,2
2024|03,Coalgate,Oklahoma,United States,1,1,1,0,0,1,0,1
2024|03,Coffeyville,Kansas,United States,1,1,1,0,0,1,0,1
2024|03,Cohasset,Minnesota,United States,6,1,1,6,1,0,0,25
2024|03,Coleman,Texas,United States,2,2,1,1,0.5,0.5,0,2
2024|03,Columbia,Mississippi,United States,1,1,1,1,1,0,0,2
2024|03,Columbia Heights,Minnesota,United States,3,3,3,0,0,1,0,3
2024|03,Columbus,Ohio,United States,6,6,6,0,0,1,0,6
2024|03,Coon Rapids,Minnesota,United States,5,5,5,1,0.2,0.8,0,5
2024|03,Crookston,Minnesota,United States,1,1,0,1,1,0,0,0
2024|03,Crystal,Minnesota,United States,4,2,2,1,0.25,0.75,0,9
2024|03,Crystal City,Texas,United States,1,1,1,1,1,0,0,2
2024|03,Dallas,Texas,United States,12,12,7,10,0.8333,0.1667,0,26
2024|03,Delhi,Delhi,India,2,2,2,1,0.5,0.5,0,2
2024|03,Des Moines,Iowa,United States,1,1,1,0,0,1,0,1
2024|03,Dickson,Tennessee,United States,1,1,1,1,1,0,0,3
2024|03,Dumont,Iowa,United States,1,1,0,0,0,1,0,1
2024|03,Eagan,Minnesota,United States,2,2,2,2,1,0,0,3
2024|03,Eastland,Texas,United States,1,1,0,1,1,0,0,4
2024|03,Eden Prairie,Minnesota,United States,41,19,16,27,0.6585,0.3415,0,108
2024|03,Edina,Minnesota,United States,8,6,6,4,0.5,0.5,0,14
2024|03,El Dorado,Kansas,United States,1,1,1,1,1,0,0,1
2024|03,El Paso,Texas,United States,1,1,0,1,1,0,0,1
2024|03,Elk River,Minnesota,United States,2,2,2,2,1,0,0,3
2024|03,Enid,Oklahoma,United States,1,1,0,0,0,1,0,1
2024|03,Fairbury,Nebraska,United States,2,2,1,1,0.5,0.5,0,4
2024|03,Fairmont,Minnesota,United States,3,1,1,1,0.3333,0.6667,0,5
2024|03,Fall Creek,Wisconsin,United States,1,1,0,0,0,1,0,0
2024|03,Fargo,North Dakota,United States,1,1,1,0,0,1,0,1
2024|03,Fayetteville,Tennessee,United States,1,1,1,1,1,0,0,4
2024|03,Floodwood,Minnesota,United States,1,1,0,1,1,0,0,3
2024|03,Fort Dodge,Iowa,United States,2,2,2,0,0,1,0,2
2024|03,Fort Washington,Pennsylvania,United States,1,1,1,0,0,1,0,1
2024|03,Fort Worth,Texas,United States,1,1,1,0,0,1,0,1
2024|03,Fridley,Minnesota,United States,3,3,3,1,0.3333,0.6667,0,3
2024|03,Golden Valley,Minnesota,United States,5,4,3,1,0.2,0.8,0,5
2024|03,Grand Rapids,Michigan,United States,1,1,1,1,1,0,0,2
2024|03,Grove,Oklahoma,United States,1,1,0,0,0,1,0,1
2024|03,Guymon,Oklahoma,United States,1,1,0,1,1,0,0,1
2024|03,Ham Lake,Minnesota,United States,2,1,0,2,1,0,0,4
2024|03,Hampton,Iowa,United States,1,1,1,0,0,1,0,1
2024|03,Hannibal,Missouri,United States,2,2,2,1,0.5,0.5,0,6
2024|03,Hawarden,Iowa,United States,1,1,1,1,1,0,0,2
2024|03,Headland,Alabama,United States,1,1,0,0,0,1,0,1
2024|03,Hialeah Gardens,Florida,United States,2,1,1,0,0,1,0,1
2024|03,Hopkins,Minnesota,United States,11,9,8,9,0.8182,0.1818,0,23
2024|03,Horn Lake,Mississippi,United States,1,1,0,0,0,1,0,1
2024|03,Houston,Texas,United States,1,1,0,0,0,1,0,1
2024|03,Howard Lake,Minnesota,United States,1,1,1,1,1,0,0,1
2024|03,Hudson,Wisconsin,United States,1,1,1,1,1,0,0,3
2024|03,Humboldt,Tennessee,United States,1,1,0,1,1,0,0,2
2024|03,Humeston,Iowa,United States,1,1,0,1,1,0,0,1
2024|03,Huntsville,Arkansas,United States,1,1,0,1,1,0,0,2
2024|03,Indianapolis,Indiana,United States,1,1,1,1,1,0,0,1
2024|03,Iron River,Michigan,United States,1,1,1,1,1,0,0,1
2024|03,Jackson,Mississippi,United States,1,1,1,0,0,1,0,1
2024|03,Jackson,Tennessee,United States,1,1,1,1,1,0,0,6
2024|03,Jacksonville,Illinois,United States,1,1,0,1,1,0,0,2
2024|03,Jordan,Minnesota,United States,2,2,2,2,1,0,0,4
2024|03,Junction City,Kansas,United States,1,1,1,0,0,1,0,1
2024|03,Karachi,Sindh,Pakistan,1,1,1,1,1,0,0,2
2024|03,Kenyon,Minnesota,United States,1,1,1,0,0,1,0,1
2024|03,Keokuk,Iowa,United States,1,1,0,1,1,0,0,0
2024|03,La Paz,Baja California Sur,Mexico,1,1,1,0,0,1,0,1
2024|03,Lake City,Minnesota,United States,2,1,1,1,0.5,0.5,0,5
2024|03,Lamoni,Iowa,United States,1,1,0,0,0,1,0,1
2024|03,Lino Lakes,Minnesota,United States,2,2,2,0,0,1,0,2
2024|03,Lomira,Wisconsin,United States,1,1,1,1,1,0,0,1
2024|03,London,England,United Kingdom,1,1,1,0,0,1,0,1
2024|03,London,Ontario,Canada,1,1,1,1,1,0,0,1
2024|03,Longboat Key,Florida,United States,1,1,1,1,1,0,0,1
2024|03,Los Angeles,California,United States,2,1,1,0,0,1,0,1
2024|03,Macon,Missouri,United States,1,1,1,1,1,0,0,2
2024|03,Madison,Wisconsin,United States,3,2,2,1,0.3333,0.6667,0,2
2024|03,Maple Grove,Minnesota,United States,6,4,4,4,0.6667,0.3333,0,11
2024|03,Maple Plain,Minnesota,United States,1,1,1,1,1,0,0,2
2024|03,Maplewood,Minnesota,United States,1,1,1,0,0,1,0,1
2024|03,Marinette,Wisconsin,United States,4,3,1,4,1,0,0,31
2024|03,Marion,Alabama,United States,2,2,1,1,0.5,0.5,0,3
2024|03,Marlin,Texas,United States,1,1,0,0,0,1,0,1
2024|03,Marshfield,Wisconsin,United States,1,1,0,1,1,0,0,3
2024|03,Marysville,Kansas,United States,1,1,0,0,0,1,0,1
2024|03,Massena,Iowa,United States,1,1,0,0,0,1,0,1
2024|03,Mathis,Texas,United States,1,1,0,1,1,0,0,2
2024|03,Mayville,North Dakota,United States,2,2,1,1,0.5,0.5,0,3
2024|03,McCamey,Texas,United States,1,1,0,0,0,1,0,1
2024|03,Medina,Minnesota,United States,1,1,1,0,0,1,0,1
2024|03,Menifee,California,United States,2,1,1,0,0,1,0,1
2024|03,Miami,Oklahoma,United States,1,1,0,0,0,1,0,1
2024|03,Milan,Tennessee,United States,1,1,1,1,1,0,0,4
2024|03,Milton,Washington,United States,1,1,1,1,1,0,0,1
2024|03,Minneapolis,Minnesota,United States,402,346,334,142,0.3532,0.6468,0,550
2024|03,Minnetonka,Minnesota,United States,8,7,7,5,0.625,0.375,0,27
2024|03,Minnetrista,Minnesota,United States,1,1,1,0,0,1,0,1
2024|03,Minot,North Dakota,United States,1,1,1,1,1,0,0,2
2024|03,Montgomery,Alabama,United States,1,1,1,1,1,0,0,1
2024|03,Monticello,Minnesota,United States,1,1,1,1,1,0,0,1
2024|03,Morton Grove,Illinois,United States,1,1,1,1,1,0,0,1
2024|03,Moses Lake,Washington,United States,1,1,1,1,1,0,0,1
2024|03,Moulton,Iowa,United States,1,1,0,0,0,1,0,1
2024|03,Mound,Minnesota,United States,1,1,1,1,1,0,0,2
2024|03,Mounds View,Minnesota,United States,1,1,1,0,0,1,0,1
2024|03,Mount Ida,Arkansas,United States,1,1,0,1,1,0,0,0
2024|03,Mount Pleasant,Wisconsin,United States,1,1,1,1,1,0,0,4
2024|03,Mountain View,California,United States,1,1,1,1,1,0,0,2
2024|03,Mumbai,Maharashtra,India,2,2,2,2,1,0,0,5
2024|03,Nashville,Tennessee,United States,1,1,1,1,1,0,0,4
2024|03,Nekoosa,Wisconsin,United States,1,1,1,0,0,1,0,1
2024|03,New Hampton,Iowa,United States,1,1,1,0,0,1,0,1
2024|03,New Hope,Minnesota,United States,3,3,3,2,0.6667,0.3333,0,4
2024|03,New York,New York,United States,4,4,4,3,0.75,0.25,0,4
2024|03,Newport,Arkansas,United States,1,1,0,0,0,1,0,1
2024|03,Newton,Kansas,United States,1,1,0,0,0,1,0,0
2024|03,Niceville,Florida,United States,1,1,1,1,1,0,0,4
2024|03,Norwood Young America,Minnesota,United States,1,1,1,0,0,1,0,1
2024|03,Oklahoma City,Oklahoma,United States,1,1,0,1,1,0,0,1
2024|03,Omaha,Nebraska,United States,1,1,1,0,0,1,0,1
2024|03,Orono,Minnesota,United States,2,2,2,0,0,1,0,2
2024|03,Osakis,Minnesota,United States,1,1,1,0,0,1,0,1
2024|03,Osborne,Kansas,United States,1,1,1,0,0,1,0,1
2024|03,Otsego,Minnesota,United States,1,1,1,0,0,1,0,1
2024|03,Overland Park,Kansas,United States,1,1,1,0,0,1,0,1
2024|03,Ozark,Alabama,United States,1,1,1,0,0,1,0,1
2024|03,Palmyra,Missouri,United States,1,1,1,0,0,1,0,1
2024|03,Paynesville,Minnesota,United States,1,1,0,0,0,1,0,1
2024|03,Piopolis,Quebec,Canada,1,1,1,0,0,1,0,1
2024|03,Pipestone,Minnesota,United States,2,2,0,1,0.5,0.5,0,2
2024|03,Pittsfield,Illinois,United States,1,1,1,0,0,1,0,1
2024|03,Plymouth,Minnesota,United States,10,10,8,5,0.5,0.5,0,18
2024|03,Prior Lake,Minnesota,United States,1,1,1,1,1,0,0,2
2024|03,Raleigh,North Carolina,United States,1,1,1,1,1,0,0,1
2024|03,Ramsey,Minnesota,United States,1,1,1,0,0,1,0,1
2024|03,Red Wing,Minnesota,United States,1,1,1,1,1,0,0,1
2024|03,Redmond,Washington,United States,2,2,2,2,1,0,0,7
2024|03,Reutov,Moscow Oblast,Russia,1,1,1,0,0,1,0,1
2024|03,Rice,Minnesota,United States,1,1,0,0,0,1,0,1
2024|03,Richfield,Minnesota,United States,7,7,7,5,0.7143,0.2857,0,11
2024|03,Robbinsdale,Minnesota,United States,2,2,2,1,0.5,0.5,0,2
2024|03,Rogers,Minnesota,United States,2,1,1,1,0.5,0.5,0,1
2024|03,Rolling Fork,Mississippi,United States,3,2,0,1,0.3333,0.6667,0,4
2024|03,Rosemount,Minnesota,United States,1,1,1,1,1,0,0,1
2024|03,Roseville,Minnesota,United States,1,1,1,0,0,1,0,1
2024|03,Sahibzada Ajit Singh Nagar,Punjab,India,1,1,1,1,1,0,0,1
2024|03,Saint Michael,Minnesota,United States,1,1,1,0,0,1,0,1
2024|03,Saint Paul,Minnesota,United States,15,10,9,6,0.4,0.6,0,19
2024|03,Salt Lake City,Utah,United States,3,3,3,3,1,0,0,6
2024|03,San Diego,California,United States,1,1,0,1,1,0,0,1
2024|03,San Jose,California,United States,2,2,2,2,1,0,0,15
2024|03,San Jose,San Jose Province,Costa Rica,1,1,1,0,0,1,0,1
2024|03,Santa Claus,Indiana,United States,1,1,0,0,0,1,0,1
2024|03,Sarasota,Florida,United States,1,1,1,1,1,0,0,4
2024|03,Sauk Centre,Minnesota,United States,1,1,1,0,0,1,0,1
2024|03,Savage,Minnesota,United States,2,2,2,1,0.5,0.5,0,2
2024|03,Selmer,Tennessee,United States,1,1,1,1,1,0,0,1
2024|03,Seminole,Texas,United States,1,1,1,0,0,1,0,1
2024|03,Shakopee,Minnesota,United States,5,5,4,4,0.8,0.2,0,15
2024|03,Shanghai,Shanghai,China,1,1,1,0,0,1,0,1
2024|03,Shorewood,Minnesota,United States,1,1,1,1,1,0,0,4
2024|03,Sibley,Iowa,United States,1,1,0,0,0,1,0,1
2024|03,Skiatook,Oklahoma,United States,1,1,1,1,1,0,0,1
2024|03,St. Louis,Missouri,United States,2,2,2,0,0,1,0,2
2024|03,St. Louis Park,Minnesota,United States,4,3,3,3,0.75,0.25,0,16
2024|03,Stephenson,Michigan,United States,1,1,1,0,0,1,0,1
2024|03,Stevens Point,Wisconsin,United States,1,1,0,1,1,0,0,3
2024|03,Stewartville,Minnesota,United States,1,1,1,0,0,1,0,1
2024|03,Stillwater,Oklahoma,United States,2,2,1,1,0.5,0.5,0,8
2024|03,Sullivan,Missouri,United States,1,1,0,1,1,0,0,1
2024|03,Superior,Wisconsin,United States,1,1,0,0,0,1,0,1
2024|03,Szeged,Csongrad,Hungary,1,1,1,0,0,1,0,1
2024|03,Tallulah,Louisiana,United States,1,1,0,0,0,1,0,1
2024|03,Tampa,Florida,United States,3,2,2,2,0.6667,0.3333,0,5
2024|03,Vernon,Alabama,United States,3,3,1,2,0.6667,0.3333,0,3
2024|03,Virginia Beach,Virginia,United States,1,1,1,1,1,0,0,2
2024|03,Waconia,Minnesota,United States,2,1,1,1,0.5,0.5,0,6
2024|03,Wagoner,Oklahoma,United States,1,1,1,1,1,0,0,5
2024|03,Walnut Ridge,Arkansas,United States,1,1,0,0,0,1,0,1
2024|03,Warren,Minnesota,United States,1,1,1,0,0,1,0,1
2024|03,Warsaw,Masovian Voivodeship,Poland,74,74,74,0,0,1,0,74
2024|03,Water Valley,Mississippi,United States,1,1,0,1,1,0,0,0
2024|03,Watertown,Minnesota,United States,1,1,1,0,0,1,0,1
2024|03,Wausau,Wisconsin,United States,1,1,0,0,0,1,0,1
2024|03,Wayzata,Minnesota,United States,1,1,0,1,1,0,0,2
2024|03,West Valley City,Utah,United States,1,1,1,0,0,1,0,1
2024|03,White Bear Lake,Minnesota,United States,2,2,2,0,0,1,0,2
2024|03,Wichita Falls,Texas,United States,1,1,1,0,0,1,0,1
2024|03,Willmar,Minnesota,United States,1,1,1,0,0,1,0,1
2024|03,Winnsboro,Louisiana,United States,3,3,1,2,0.6667,0.3333,0,4
2024|03,Woodbury,Minnesota,United States,1,1,1,1,1,0,0,5
2024|03,Wyldwood,Texas,United States,1,1,1,0,0,1,0,1
2024|03,York,Nebraska,United States,1,1,0,1,1,0,0,1
2024|03,80330,Hauts-de-France,France,1,1,1,1,1,0,0,1
2024|04,(not set),(not set),(not set),0,1,0,0,,0,11,0
2024|04,(not set),(not set),Belgium,1,1,1,1,1,0,0,2
2024|04,(not set),(not set),Germany,10,10,0,0,0,1,0,1
2024|04,(not set),(not set),United States,5,5,5,0,0,1,0,3
2024|04,(not set),Centre-Val de Loire,France,1,1,1,1,1,0,0,3
2024|04,(not set),Florida,United States,1,1,1,0,0,1,0,1
2024|04,(not set),Kentucky,United States,1,1,1,1,1,0,0,2
2024|04,(not set),Minnesota,United States,10,9,7,4,0.4,0.6,0,14
2024|04,(not set),Mississippi,United States,1,1,1,1,1,0,0,3
2024|04,(not set),New Mexico,United States,1,1,1,1,1,0,0,4
2024|04,(not set),Texas,United States,1,1,0,0,0,1,0,1
2024|04,(not set),Wisconsin,United States,3,3,1,1,0.3333,0.6667,0,2
2024|04,Aberdeen,South Dakota,United States,1,1,0,0,0,1,0,1
2024|04,Ackerman,Mississippi,United States,1,1,0,0,0,1,0,1
2024|04,Aitkin,Minnesota,United States,1,1,0,1,1,0,0,2
2024|04,Allentown,Pennsylvania,United States,1,1,1,0,0,1,0,1
2024|04,Altus,Oklahoma,United States,1,1,1,0,0,1,0,1
2024|04,Amarillo,Texas,United States,1,1,1,1,1,0,0,2
2024|04,Amery,Wisconsin,United States,1,1,1,1,1,0,0,2
2024|04,Andover,Minnesota,United States,3,3,3,2,0.6667,0.3333,0,6
2024|04,Anoka,Minnesota,United States,1,1,1,0,0,1,0,1
2024|04,Antlers,Oklahoma,United States,1,1,1,1,1,0,0,1
2024|04,Arkadelphia,Arkansas,United States,1,1,0,0,0,1,0,1
2024|04,Arlington,South Dakota,United States,1,1,0,1,1,0,0,4
2024|04,Ashburn,Virginia,United States,7,5,2,1,0.1429,0.8571,0,7
2024|04,Atlanta,Georgia,United States,1,1,0,0,0,1,0,0
2024|04,Audubon,Iowa,United States,3,3,1,1,0.3333,0.6667,0,2
2024|04,Austin,Texas,United States,3,1,0,2,0.6667,0.3333,0,2
2024|04,Bay Minette,Alabama,United States,1,1,0,0,0,1,0,1
2024|04,Bellevue,Wisconsin,United States,1,1,1,0,0,1,0,1
2024|04,Bemidji,Minnesota,United States,2,2,2,1,0.5,0.5,0,6
2024|04,Bessemer,Alabama,United States,2,2,0,1,0.5,0.5,0,2
2024|04,Big Lake,Minnesota,United States,1,1,1,0,0,1,0,1
2024|04,Blaine,Minnesota,United States,3,3,3,2,0.6667,0.3333,0,5
2024|04,Bloomington,Minnesota,United States,7,7,7,5,0.7143,0.2857,0,15
2024|04,Bolivar,Tennessee,United States,1,1,0,1,1,0,0,2
2024|04,Bonham,Texas,United States,1,1,0,1,1,0,0,1
2024|04,Bossier City,Louisiana,United States,1,1,1,0,0,1,0,1
2024|04,Bozeman,Montana,United States,1,1,1,0,0,1,0,1
2024|04,Branson,Missouri,United States,1,1,1,0,0,1,0,1
2024|04,Brookfield,Wisconsin,United States,2,1,1,2,1,0,0,2
2024|04,Brookhaven,Georgia,United States,1,1,1,1,1,0,0,5
2024|04,Brookhaven,Mississippi,United States,1,1,0,0,0,1,0,1
2024|04,Brooklyn,Iowa,United States,1,1,0,1,1,0,0,0
2024|04,Brooklyn Center,Minnesota,United States,2,2,2,0,0,1,0,2
2024|04,Brooklyn Park,Minnesota,United States,6,6,5,4,0.6667,0.3333,0,13
2024|04,Buffalo,Minnesota,United States,1,1,1,1,1,0,0,1
2024|04,Bunkie,Louisiana,United States,1,1,0,0,0,1,0,1
2024|04,Burnsville,Minnesota,United States,1,1,1,1,1,0,0,5
2024|04,Cabot,Arkansas,United States,1,1,1,1,1,0,0,1
2024|04,Cambridge,Minnesota,United States,1,1,1,1,1,0,0,1
2024|04,Canton,Mississippi,United States,1,1,0,0,0,1,0,1
2024|04,Canton,Texas,United States,1,1,1,0,0,1,0,1
2024|04,Canyon,Texas,United States,1,1,1,0,0,1,0,1
2024|04,Caruthersville,Missouri,United States,2,2,1,1,0.5,0.5,0,2
2024|04,Carver,Minnesota,United States,1,1,1,1,1,0,0,2
2024|04,Central City,Nebraska,United States,1,1,1,1,1,0,0,10
2024|04,Chanhassen,Minnesota,United States,4,4,4,2,0.5,0.5,0,5
2024|04,Chaska,Minnesota,United States,18,7,2,12,0.6667,0.3333,0,32
2024|04,Chicago,Illinois,United States,64,54,46,33,0.5156,0.4844,0,124
2024|04,Childress,Texas,United States,1,1,1,0,0,1,0,1
2024|04,Cicero,Illinois,United States,2,1,1,0,0,1,0,2
2024|04,Circle Pines,Minnesota,United States,1,1,0,1,1,0,0,2
2024|04,Cohasset,Minnesota,United States,1,1,0,1,1,0,0,3
2024|04,Coleman,Texas,United States,1,1,1,1,1,0,0,8
2024|04,Columbia,Missouri,United States,1,1,0,1,1,0,0,0
2024|04,Conyers,Georgia,United States,1,1,1,1,1,0,0,6
2024|04,Coon Rapids,Minnesota,United States,4,4,4,3,0.75,0.25,0,5
2024|04,Cottage Grove,Minnesota,United States,1,1,1,1,1,0,0,1
2024|04,Council Bluffs,Iowa,United States,6,6,6,0,0,1,0,6
2024|04,Cuba,Missouri,United States,3,3,3,3,1,0,0,5
2024|04,Dallas,Texas,United States,9,9,5,4,0.4444,0.5556,0,19
2024|04,Dayton,Minnesota,United States,2,2,2,2,1,0,0,6
2024|04,Decatur,Alabama,United States,2,2,0,0,0,1,0,2
2024|04,Delavan,Wisconsin,United States,1,1,1,0,0,1,0,1
2024|04,Denison,Iowa,United States,1,1,1,1,1,0,0,1
2024|04,Denver,Colorado,United States,8,3,2,6,0.75,0.25,1,15
2024|04,Duluth,Minnesota,United States,2,2,2,2,1,0,0,8
2024|04,Dumas,Arkansas,United States,1,1,1,1,1,0,0,2
2024|04,Dumont,Iowa,United States,1,1,0,0,0,1,0,1
2024|04,Eden Prairie,Minnesota,United States,20,10,8,13,0.65,0.35,0,41
2024|04,Edina,Minnesota,United States,4,3,2,3,0.75,0.25,0,10
2024|04,Ely,Minnesota,United States,1,1,1,1,1,0,0,2
2024|04,Englewood,Colorado,United States,1,1,1,0,0,1,0,1
2024|04,Englewood Cliffs,New Jersey,United States,1,1,1,1,1,0,0,2
2024|04,Enid,Oklahoma,United States,1,1,1,1,1,0,0,2
2024|04,Faribault,Minnesota,United States,2,2,2,2,1,0,0,2
2024|04,Farmington,Minnesota,United States,1,1,1,1,1,0,0,9
2024|04,Fayetteville,Tennessee,United States,1,1,1,1,1,0,0,3
2024|04,Florissant,Missouri,United States,2,2,2,1,0.5,0.5,0,2
2024|04,Forest City,North Carolina,United States,1,1,1,1,1,0,0,7
2024|04,Fort Leonard Wood,Missouri,United States,1,1,1,1,1,0,0,2
2024|04,Fridley,Minnesota,United States,4,2,2,0,0,1,0,4
2024|04,Galveston,Texas,United States,1,1,1,0,0,1,0,1
2024|04,Gardnertown,New York,United States,1,1,1,0,0,1,0,1
2024|04,Glasgow,Scotland,United Kingdom,1,1,1,0,0,1,0,1
2024|04,Glencoe,Minnesota,United States,1,1,1,1,1,0,0,3
2024|04,Golden Valley,Minnesota,United States,4,3,3,3,0.75,0.25,0,10
2024|04,Grafton,North Dakota,United States,1,1,1,1,1,0,0,1
2024|04,Ham Lake,Minnesota,United States,1,1,1,0,0,1,0,1
2024|04,Hamilton,Missouri,United States,2,2,2,1,0.5,0.5,0,3
2024|04,Hannibal,Missouri,United States,1,1,0,1,1,0,0,0
2024|04,Harlingen,Texas,United States,2,2,0,0,0,1,0,1
2024|04,Henderson,Texas,United States,1,1,0,0,0,1,0,1
2024|04,Hennessey,Oklahoma,United States,2,2,2,1,0.5,0.5,0,5
2024|04,Hewitt,Texas,United States,1,1,1,1,1,0,0,1
2024|04,Hillsboro,Texas,United States,1,1,0,1,1,0,0,1
2024|04,Honolulu,Hawaii,United States,1,1,1,1,1,0,0,1
2024|04,Hopkins,Minnesota,United States,2,2,1,2,1,0,0,3
2024|04,Houston,Mississippi,United States,1,1,0,1,1,0,0,2
2024|04,Houston,Texas,United States,3,3,2,2,0.6667,0.3333,0,3
2024|04,Huxley,Iowa,United States,1,1,0,1,1,0,0,0
2024|04,Hyderabad,Telangana,India,1,1,1,1,1,0,0,1
2024|04,Ida Grove,Iowa,United States,2,2,2,1,0.5,0.5,0,2
2024|04,Idabel,Oklahoma,United States,1,1,0,1,1,0,0,5
2024|04,Indiana,Pennsylvania,United States,1,1,1,1,1,0,0,1
2024|04,Jacksonville,Illinois,United States,2,2,1,1,0.5,0.5,0,3
2024|04,Jefferson City,Missouri,United States,1,1,0,0,0,1,0,0
2024|04,Jonesboro,Arkansas,United States,1,1,1,0,0,1,0,1
2024|04,Kallithea,Attica,Greece,1,1,1,1,1,0,0,2
2024|04,Karachi,Sindh,Pakistan,1,1,1,1,1,0,0,2
2024|04,King City,Missouri,United States,2,2,0,0,0,1,0,1
2024|04,Kirksville,Missouri,United States,2,2,0,0,0,1,0,1
2024|04,Lamar,Missouri,United States,3,2,0,1,0.3333,0.6667,0,4
2024|04,Little Rock,Arkansas,United States,1,1,1,1,1,0,0,2
2024|04,London,England,United Kingdom,2,2,2,1,0.5,0.5,0,4
2024|04,Los Angeles,California,United States,1,1,1,0,0,1,0,1
2024|04,Madison,Wisconsin,United States,2,2,1,2,1,0,0,4
2024|04,Mankato,Minnesota,United States,1,1,0,1,1,0,0,1
2024|04,Many,Louisiana,United States,1,1,1,0,0,1,0,1
2024|04,Maple Grove,Minnesota,United States,9,8,7,7,0.7778,0.2222,0,21
2024|04,Maplewood,Minnesota,United States,3,3,3,3,1,0,0,7
2024|04,Marion,Kansas,United States,2,2,1,2,1,0,0,5
2024|04,Marysville,Kansas,United States,1,1,1,1,1,0,0,4
2024|04,Maryville,Missouri,United States,1,1,1,0,0,1,0,1
2024|04,Mayville,North Dakota,United States,1,1,1,0,0,1,0,1
2024|04,Medina,Minnesota,United States,2,2,2,1,0.5,0.5,0,2
2024|04,Metropolis,Illinois,United States,1,1,0,1,1,0,0,2
2024|04,Miami,Florida,United States,1,1,1,1,1,0,0,3
2024|04,Milford,Delaware,United States,1,1,1,0,0,1,0,1
2024|04,Milton,Georgia,United States,1,1,1,0,0,1,0,1
2024|04,Minneapolis,Minnesota,United States,216,181,172,62,0.287,0.713,0,279
2024|04,Minnetonka,Minnesota,United States,3,3,2,2,0.6667,0.3333,0,4
2024|04,Minnetrista,Minnesota,United States,1,1,1,1,1,0,0,1
2024|04,Minot,North Dakota,United States,1,1,0,0,0,1,0,1
2024|04,Miramar Beach,Florida,United States,1,1,1,0,0,1,0,1
2024|04,Montevallo,Alabama,United States,1,1,0,1,1,0,0,1
2024|04,Montgomery,Alabama,United States,2,2,1,1,0.5,0.5,0,2
2024|04,Montrose,Minnesota,United States,1,1,1,1,1,0,0,1
2024|04,Mound,Minnesota,United States,5,3,3,3,0.6,0.4,0,13
2024|04,Mukwonago,Wisconsin,United States,1,1,0,0,0,1,0,1
2024|04,New Hope,Minnesota,United States,1,1,1,1,1,0,0,1
2024|04,New Ulm,Minnesota,United States,1,1,1,1,1,0,0,1
2024|04,New York,New York,United States,18,16,16,9,0.5,0.5,0,22
2024|04,North Andover,Massachusetts,United States,2,1,1,2,1,0,0,5
2024|04,Oberlin,Ohio,United States,1,1,1,1,1,0,0,3
2024|04,Orlando,Florida,United States,1,1,1,1,1,0,0,1
2024|04,Otsego,Minnesota,United States,2,2,2,1,0.5,0.5,0,2
2024|04,Owatonna,Minnesota,United States,1,1,1,1,1,0,0,1
2024|04,Palmyra,Missouri,United States,2,2,0,1,0.5,0.5,0,5
2024|04,Paris,Illinois,United States,1,1,0,0,0,1,0,1
2024|04,Pearland,Texas,United States,1,1,1,1,1,0,0,4
2024|04,Philadelphia,Pennsylvania,United States,1,1,1,1,1,0,0,1
2024|04,Piopolis,Quebec,Canada,1,1,0,1,1,0,0,2
2024|04,Pittsburgh,Pennsylvania,United States,1,1,1,0,0,1,0,1
2024|04,Plain Dealing,Louisiana,United States,1,1,0,0,0,1,0,1
2024|04,Plainville,Kansas,United States,1,1,1,1,1,0,0,2
2024|04,Pleasanton,Texas,United States,1,1,1,1,1,0,0,8
2024|04,Plymouth,Minnesota,United States,5,5,4,4,0.8,0.2,0,13
2024|04,Pocahontas,Arkansas,United States,1,1,0,0,0,1,0,1
2024|04,Poplarville,Mississippi,United States,1,1,0,1,1,0,0,4
2024|04,Porterdale,Georgia,United States,1,1,0,1,1,0,0,11
2024|04,Prairie du Chien,Wisconsin,United States,1,1,1,1,1,0,0,3
2024|04,Prentiss,Mississippi,United States,1,1,0,1,1,0,0,2
2024|04,Ramsey,Minnesota,United States,1,1,1,0,0,1,0,1
2024|04,Raymondville,Texas,United States,1,1,0,1,1,0,0,2
2024|04,Redland,Maryland,United States,1,1,1,0,0,1,0,1
2024|04,Redmond,Washington,United States,1,1,1,1,1,0,0,3
2024|04,Robbinsdale,Minnesota,United States,1,1,1,1,1,0,0,1
2024|04,Rochester,Minnesota,United States,2,1,1,1,0.5,0.5,0,10
2024|04,Rockaway Township,New Jersey,United States,2,1,1,0,0,1,0,2
2024|04,Rogers,Minnesota,United States,1,1,1,1,1,0,0,2
2024|04,Rusk,Texas,United States,2,2,2,2,1,0,0,5
2024|04,Sahibzada Ajit Singh Nagar,Punjab,India,1,1,1,1,1,0,0,3
2024|04,Saint James,Minnesota,United States,1,1,1,0,0,1,0,1
2024|04,Saint Paul,Minnesota,United States,9,9,9,3,0.3333,0.6667,0,11
2024|04,Salmon Creek,Washington,United States,1,1,1,1,1,0,0,2
2024|04,Salt Lake City,Utah,United States,1,1,1,0,0,1,0,1
2024|04,San Jose,California,United States,1,1,1,1,1,0,0,1
2024|04,Santa Anna,Texas,United States,1,1,0,0,0,1,0,1
2024|04,Sarasota,Florida,United States,1,1,1,1,1,0,0,3
2024|04,Savage,Minnesota,United States,1,1,1,1,1,0,0,2
2024|04,Selma,Alabama,United States,1,1,1,1,1,0,0,1
2024|04,Shakopee,Minnesota,United States,2,2,1,2,1,0,0,7
2024|04,Shorewood,Minnesota,United States,1,1,1,1,1,0,0,5
2024|04,Sioux Falls,South Dakota,United States,1,1,1,1,1,0,0,9
2024|04,Sioux Rapids,Iowa,United States,1,1,1,0,0,1,0,1
2024|04,Sparta,Illinois,United States,1,1,0,1,1,0,0,0
2024|04,Spooner,Wisconsin,United States,1,1,0,0,0,1,0,1
2024|04,St. Louis,Missouri,United States,2,2,0,0,0,1,0,2
2024|04,St. Louis Park,Minnesota,United States,3,3,3,2,0.6667,0.3333,0,4
2024|04,Stewartville,Minnesota,United States,1,1,0,0,0,1,0,1
2024|04,Stockton,Kansas,United States,1,1,0,0,0,1,0,0
2024|04,Swanzey,New Hampshire,United States,1,1,0,0,0,1,0,0
2024|04,Tallulah,Louisiana,United States,1,1,1,1,1,0,0,2
2024|04,Tyler,Texas,United States,1,1,1,0,0,1,0,1
2024|04,Van Horn,Texas,United States,1,1,0,1,1,0,0,2
2024|04,Vernon,Alabama,United States,1,1,1,1,1,0,0,2
2024|04,Villa Grove,Illinois,United States,1,1,0,0,0,1,0,1
2024|04,Vinita,Oklahoma,United States,2,2,1,1,0.5,0.5,0,3
2024|04,Wantagh,New York,United States,1,1,1,0,0,1,0,1
2024|04,Warrensburg,Missouri,United States,1,1,0,0,0,1,0,1
2024|04,Wausau,Wisconsin,United States,1,1,0,0,0,1,0,1
2024|04,Weatherford,Oklahoma,United States,1,1,0,0,0,1,0,0
2024|04,Wheaton,Illinois,United States,1,1,0,0,0,1,0,1
2024|04,Willard,Missouri,United States,1,1,0,0,0,1,0,1
2024|04,Wilton,Iowa,United States,1,1,1,1,1,0,0,3
2024|04,Winnsboro,Louisiana,United States,1,1,1,1,1,0,0,2
2024|04,Wittenberg,Wisconsin,United States,1,1,0,1,1,0,0,1
2024|04,Woodbury,Minnesota,United States,1,1,1,0,0,1,0,1
2024|04,Wynne,Arkansas,United States,1,1,0,0,0,1,0,1
2024|05,(not set),(not set),(not set),0,1,0,0,,0,16,0
2024|05,(not set),(not set),North Macedonia,2,1,1,1,0.5,0.5,0,8
2024|05,(not set),(not set),United States,1,1,1,0,0,1,0,1
2024|05,(not set),Arkansas,United States,2,2,2,2,1,0,0,5
2024|05,(not set),Central Visayas,Philippines,3,1,1,2,0.6667,0.3333,0,3
2024|05,(not set),England,United Kingdom,1,1,0,1,1,0,0,2
2024|05,(not set),Illinois,United States,2,2,2,2,1,0,0,3
2024|05,(not set),Iowa,United States,5,2,2,2,0.4,0.6,0,21
2024|05,(not set),Minnesota,United States,2,2,2,2,1,0,0,4
2024|05,(not set),Mississippi,United States,1,1,0,0,0,1,0,0
2024|05,(not set),Missouri,United States,1,1,1,1,1,0,0,3
2024|05,(not set),New York,United States,1,1,1,1,1,0,0,2
2024|05,(not set),Texas,United States,1,1,1,1,1,0,0,2
2024|05,(not set),Wisconsin,United States,2,2,2,1,0.5,0.5,0,2
2024|05,Anadarko,Oklahoma,United States,1,1,1,0,0,1,0,1
2024|05,Antlers,Oklahoma,United States,1,1,0,0,0,1,0,1
2024|05,Appleton,Wisconsin,United States,1,1,0,1,1,0,0,6
2024|05,Ashburn,Virginia,United States,1,1,0,0,0,1,0,0
2024|05,Austin,Texas,United States,1,1,1,1,1,0,0,2
2024|05,Barcelona,Catalonia,Spain,3,3,3,3,1,0,0,12
2024|05,Bengaluru,Karnataka,India,1,1,1,1,1,0,0,2
2024|05,Blaine,Minnesota,United States,6,6,6,2,0.3333,0.6667,0,6
2024|05,Bloomington,Minnesota,United States,7,7,7,4,0.5714,0.4286,0,28
2024|05,Boardman,Oregon,United States,3,3,3,1,0.3333,0.6667,0,3
2024|05,Breaux Bridge,Louisiana,United States,1,1,1,0,0,1,0,1
2024|05,Brooklyn Center,Minnesota,United States,1,1,1,1,1,0,0,5
2024|05,Brooklyn Park,Minnesota,United States,6,6,5,4,0.6667,0.3333,0,8
2024|05,Buffalo,Minnesota,United States,2,2,2,2,1,0,0,6
2024|05,Burnsville,Minnesota,United States,1,1,1,1,1,0,0,10
2024|05,Cambridge,Minnesota,United States,2,2,2,2,1,0,0,2
2024|05,Camden,Tennessee,United States,1,1,0,1,1,0,0,1
2024|05,Canby,Oregon,United States,1,1,1,0,0,1,0,1
2024|05,Carthage,Tennessee,United States,1,1,1,1,1,0,0,2
2024|05,Champaign,Illinois,United States,1,1,1,1,1,0,0,2
2024|05,Champlin,Minnesota,United States,2,2,2,1,0.5,0.5,0,6
2024|05,Chanhassen,Minnesota,United States,1,1,1,0,0,1,0,1
2024|05,Charlotte,North Carolina,United States,1,1,1,1,1,0,0,3
2024|05,Chaska,Minnesota,United States,21,6,2,6,0.2857,0.7143,0,27
2024|05,Chicago,Illinois,United States,29,16,12,17,0.5862,0.4138,0,53
2024|05,Circle Pines,Minnesota,United States,2,2,1,2,1,0,0,7
2024|05,Clanton,Alabama,United States,1,1,0,1,1,0,0,1
2024|05,Clarkfield,Minnesota,United States,1,1,1,0,0,1,0,1
2024|05,Clearwater,Minnesota,United States,1,1,0,0,0,1,0,0
2024|05,Coffeyville,Kansas,United States,1,1,1,0,0,1,0,1
2024|05,Cohasset,Minnesota,United States,1,1,0,1,1,0,0,1
2024|05,Cologne,Minnesota,United States,1,1,1,0,0,1,0,1
2024|05,Columbus,Ohio,United States,17,16,16,2,0.1176,0.8824,0,23
2024|05,Cook,Minnesota,United States,1,1,1,1,1,0,0,2
2024|05,Coon Rapids,Minnesota,United States,6,4,4,0,0,1,0,6
2024|05,Cottage Grove,Minnesota,United States,1,1,1,0,0,1,0,1
2024|05,Courtland,Virginia,United States,1,1,1,0,0,1,0,1
2024|05,Crystal Falls,Michigan,United States,1,1,0,1,1,0,0,0
2024|05,Dalhart,Texas,United States,1,1,0,1,1,0,0,2
2024|05,Dallas,Texas,United States,30,23,19,14,0.4667,0.5333,0,59
2024|05,Delavan,Wisconsin,United States,1,1,0,1,1,0,0,2
2024|05,Denver,Colorado,United States,5,4,2,3,0.6,0.4,0,12
2024|05,Devine,Texas,United States,1,1,0,1,1,0,0,0
2024|05,Diller,Nebraska,United States,1,1,1,1,1,0,0,2
2024|05,Duluth,Minnesota,United States,5,2,1,3,0.6,0.4,0,29
2024|05,Eagan,Minnesota,United States,4,3,3,2,0.5,0.5,0,9
2024|05,Eden Prairie,Minnesota,United States,3,3,2,3,1,0,0,5
2024|05,Edina,Minnesota,United States,2,2,2,1,0.5,0.5,0,3
2024|05,El Dorado,Arkansas,United States,1,1,0,0,0,1,0,1
2024|05,Elk City,Oklahoma,United States,1,1,0,1,1,0,0,2
2024|05,Elk River,Minnesota,United States,2,2,2,2,1,0,0,6
2024|05,Elko New Market,Minnesota,United States,1,1,1,1,1,0,0,2
2024|05,Ellsworth,Kansas,United States,1,1,1,1,1,0,0,5
2024|05,Falcon Heights,Minnesota,United States,1,1,1,1,1,0,0,3
2024|05,Fargo,North Dakota,United States,1,1,0,1,1,0,0,1
2024|05,Faribault,Minnesota,United States,1,1,1,1,1,0,0,1
2024|05,Forest Lake,Minnesota,United States,1,1,1,0,0,1,0,1
2024|05,Fort Worth,Texas,United States,1,1,1,1,1,0,0,2
2024|05,Fridley,Minnesota,United States,4,4,4,2,0.5,0.5,0,12
2024|05,Golden Valley,Minnesota,United States,1,1,1,1,1,0,0,1
2024|05,Greensburg,Kansas,United States,1,1,0,1,1,0,1,6
2024|05,Hebbronville,Texas,United States,1,1,0,0,0,1,0,0
2024|05,Hennessey,Oklahoma,United States,1,1,0,0,0,1,0,1
2024|05,Hewitt,Texas,United States,1,1,0,0,0,1,0,1
2024|05,Highland Park,New Jersey,United States,1,1,1,1,1,0,0,6
2024|05,Honey Grove,Texas,United States,1,1,1,0,0,1,0,1
2024|05,Hopkins,Minnesota,United States,1,1,0,1,1,0,0,3
2024|05,Houston,Texas,United States,1,1,1,0,0,1,0,1
2024|05,Hudson,Wisconsin,United States,1,1,0,1,1,0,0,3
2024|05,Hyderabad,Telangana,India,2,2,2,2,1,0,0,2
2024|05,Ida Grove,Iowa,United States,1,1,0,1,1,0,0,0
2024|05,Jasper,Alabama,United States,1,1,1,1,1,0,0,5
2024|05,Karachi,Sindh,Pakistan,1,1,1,1,1,0,0,2
2024|05,Kenosha,Wisconsin,United States,1,1,0,1,1,0,0,2
2024|05,Kingston,New Hampshire,United States,1,1,1,0,0,1,0,1
2024|05,Knoxville,Tennessee,United States,2,2,2,1,0.5,0.5,0,4
2024|05,Kolomna,Moscow Oblast,Russia,1,1,1,0,0,1,0,1
2024|05,Kuala Lumpur,Federal Territory of Kuala Lumpur,Malaysia,1,1,1,1,1,0,0,9
2024|05,La Porte,Indiana,United States,1,1,0,1,1,0,0,1
2024|05,Lake Mills,Iowa,United States,1,1,1,1,1,0,0,2
2024|05,Lake Village,Arkansas,United States,3,2,0,3,1,0,0,4
2024|05,Le Mars,Iowa,United States,1,1,0,1,1,0,0,0
2024|05,Lindsay,Oklahoma,United States,1,1,0,1,1,0,0,2
2024|05,Lino Lakes,Minnesota,United States,1,1,0,0,0,1,0,1
2024|05,Littlefield,Texas,United States,1,1,1,1,1,0,0,3
2024|05,Many,Louisiana,United States,1,1,0,0,0,1,0,0
2024|05,Maple Grove,Minnesota,United States,7,6,5,4,0.5714,0.4286,0,10
2024|05,Maple Lake,Minnesota,United States,1,1,0,0,0,1,0,1
2024|05,Marshfield,Wisconsin,United States,1,1,0,1,1,0,0,1
2024|05,Miami,Florida,United States,1,1,0,1,1,0,0,3
2024|05,Miami,Oklahoma,United States,1,1,1,1,1,0,0,5
2024|05,Minneapolis,Minnesota,United States,164,134,127,65,0.3963,0.6037,0,242
2024|05,Minnetonka,Minnesota,United States,12,10,10,9,0.75,0.25,0,48
2024|05,Montgomery,Alabama,United States,1,1,0,0,0,1,0,0
2024|05,Monticello,Minnesota,United States,2,2,2,1,0.5,0.5,0,3
2024|05,Moses Lake,Washington,United States,1,1,1,0,0,1,0,1
2024|05,Nashville,Tennessee,United States,1,1,1,0,0,1,0,1
2024|05,New Brighton,Minnesota,United States,1,1,1,0,0,1,0,1
2024|05,New Hope,Minnesota,United States,9,2,2,7,0.7778,0.2222,0,35
2024|05,New Ulm,Minnesota,United States,1,1,1,1,1,0,0,2
2024|05,New York,New York,United States,4,4,4,3,0.75,0.25,0,5
2024|05,Otsego,Minnesota,United States,1,1,0,1,1,0,0,2
2024|05,Parker,South Dakota,United States,1,1,1,0,0,1,0,1
2024|05,Pennsville Township,New Jersey,United States,1,1,1,1,1,0,0,1
2024|05,Pipestone,Minnesota,United States,1,1,1,1,1,0,0,1
2024|05,Plainview,Nebraska,United States,1,1,1,1,1,0,0,5
2024|05,Plymouth,Minnesota,United States,10,6,5,7,0.7,0.3,0,24
2024|05,Portland,Oregon,United States,2,2,2,2,1,0,0,2
2024|05,Prentiss,Mississippi,United States,1,1,0,0,0,1,0,0
2024|05,Ramsey,Minnesota,United States,5,5,5,2,0.4,0.6,0,6
2024|05,Rice,Minnesota,United States,3,2,0,2,0.6667,0.3333,0,5
2024|05,Richfield,Minnesota,United States,1,1,1,1,1,0,0,1
2024|05,Robbinsdale,Minnesota,United States,3,3,3,0,0,1,0,3
2024|05,Rockport,Texas,United States,1,1,1,1,1,0,0,3
2024|05,Roseville,Minnesota,United States,2,2,2,1,0.5,0.5,0,9
2024|05,Russell,Kansas,United States,1,1,0,0,0,1,0,0
2024|05,Russell Springs,Kentucky,United States,1,1,0,0,0,1,0,0
2024|05,Russellville,Arkansas,United States,1,1,1,1,1,0,0,2
2024|05,Saint Francis,Minnesota,United States,1,1,1,0,0,1,0,1
2024|05,Saint Michael,Minnesota,United States,2,2,2,1,0.5,0.5,0,4
2024|05,Saint Paul,Minnesota,United States,8,8,6,5,0.625,0.375,0,15
2024|05,San Jose,California,United States,1,1,1,1,1,0,0,1
2024|05,Sandusky,Ohio,United States,1,1,1,0,0,1,0,1
2024|05,Santa Clara,California,United States,1,1,1,1,1,0,0,1
2024|05,Savage,Minnesota,United States,1,1,1,0,0,1,0,1
2024|05,Shakopee,Minnesota,United States,5,5,5,1,0.2,0.8,0,5
2024|05,Shorewood,Minnesota,United States,1,1,1,1,1,0,0,3
2024|05,Sioux Falls,South Dakota,United States,3,2,1,3,1,0,0,6
2024|05,Sioux Rapids,Iowa,United States,2,2,0,2,1,0,0,1
2024|05,Slayton,Minnesota,United States,1,1,1,1,1,0,0,3
2024|05,St. Louis,Missouri,United States,1,1,0,0,0,1,0,1
2024|05,St. Louis Park,Minnesota,United States,1,1,1,0,0,1,0,1
2024|05,Stillwater,Oklahoma,United States,1,1,0,1,1,0,0,0
2024|05,Stuart,Nebraska,United States,1,1,0,1,1,0,0,2
2024|05,Sullivan,Missouri,United States,1,1,1,1,1,0,0,8
2024|05,Sydney,New South Wales,Australia,1,1,1,0,0,1,0,1
2024|05,Tampa,Florida,United States,1,1,1,1,1,0,0,3
2024|05,Tucson,Arizona,United States,2,1,1,1,0.5,0.5,0,4
2024|05,Tupelo,Mississippi,United States,1,1,0,1,1,0,0,2
2024|05,Tuscaloosa,Alabama,United States,1,1,1,1,1,0,0,2
2024|05,Valley City,North Dakota,United States,1,1,1,1,1,0,0,6
2024|05,Van Horn,Texas,United States,1,1,1,0,0,1,0,1
2024|05,Vancouver,British Columbia,Canada,1,1,1,1,1,0,0,2
2024|05,Waco,Texas,United States,3,2,0,2,0.6667,0.3333,0,6
2024|05,Waconia,Minnesota,United States,1,1,1,0,0,1,0,1
2024|05,Wagoner,Oklahoma,United States,2,2,1,1,0.5,0.5,0,6
2024|05,Wakefield,Michigan,United States,1,1,0,1,1,0,0,0
2024|05,Warrenton,Missouri,United States,2,2,1,2,1,0,0,6
2024|05,Washburn,Wisconsin,United States,1,1,1,1,1,0,0,6
2024|05,Washington,Missouri,United States,1,1,1,1,1,0,0,4
2024|05,Watertown,Minnesota,United States,1,1,1,0,0,1,0,1
2024|05,Watford City,North Dakota,United States,1,1,0,1,1,0,0,1
2024|05,Waverly,Minnesota,United States,2,1,1,1,0.5,0.5,0,2
2024|05,Wayzata,Minnesota,United States,2,2,2,1,0.5,0.5,0,3
2024|05,Wichita Falls,Texas,United States,1,1,1,1,1,0,0,1
2024|05,Winnsboro,Louisiana,United States,1,1,0,1,1,0,0,2
2024|05,Winterset,Iowa,United States,1,1,0,1,1,0,0,2
2024|05,Woodbury,Minnesota,United States,1,1,1,0,0,1,0,1
2024|05,Wymore,Nebraska,United States,1,1,0,0,0,1,0,1
2024|05,8348,Veszprem,Hungary,2,1,1,1,0.5,0.5,0,6
2024|06,(not set),(not set),(not set),13,14,13,0,0,1,21,13
2024|06,(not set),(not set),China,1,1,1,0,0,1,0,1
2024|06,(not set),(not set),Germany,4,4,4,0,0,1,0,4
2024|06,(not set),(not set),Hong Kong,1,1,1,1,1,0,0,7
2024|06,(not set),(not set),Singapore,1,1,1,0,0,1,0,1
2024|06,(not set),(not set),United States,11,11,10,0,0,1,0,10
2024|06,(not set),Baden-Wurttemberg,Germany,2,2,2,0,0,1,0,2
2024|06,(not set),Iowa,United States,3,2,2,1,0.3333,0.6667,0,4
2024|06,(not set),Minnesota,United States,1,1,1,1,1,0,0,1
2024|06,(not set),North Carolina,United States,1,1,1,1,1,0,0,4
2024|06,(not set),Ohio,United States,1,1,1,0,0,1,0,1
2024|06,(not set),Zamboanga Peninsula,Philippines,1,1,1,1,1,0,0,1
2024|06,Andover,Minnesota,United States,1,1,1,0,0,1,0,1
2024|06,Annandale,Minnesota,United States,3,1,1,1,0.3333,0.6667,0,4
2024|06,Ashburn,Virginia,United States,3,3,3,0,0,1,0,3
2024|06,Atlanta,Georgia,United States,1,1,0,1,1,0,0,1
2024|06,Aurora,Illinois,United States,1,1,0,1,1,0,0,1
2024|06,Austin,Minnesota,United States,1,1,1,1,1,0,0,1
2024|06,Bastrop,Texas,United States,1,1,1,1,1,0,0,5
2024|06,Bemidji,Minnesota,United States,1,1,1,1,1,0,0,2
2024|06,Bengaluru,Karnataka,India,2,2,2,2,1,0,0,3
2024|06,Birmingham,Alabama,United States,4,2,2,3,0.75,0.25,0,7
2024|06,Bismarck,North Dakota,United States,1,1,1,1,1,0,0,3
2024|06,Blaine,Minnesota,United States,8,8,6,2,0.25,0.75,0,9
2024|06,Bloomington,Minnesota,United States,3,3,3,1,0.3333,0.6667,0,3
2024|06,Boardman,Oregon,United States,1,1,1,1,1,0,0,7
2024|06,Bogota,Bogota,Colombia,3,2,2,1,0.3333,0.6667,0,5
2024|06,Bolivar,Missouri,United States,1,1,0,0,0,1,0,0
2024|06,Bolivar,Tennessee,United States,1,1,1,0,0,1,0,1
2024|06,Braham,Minnesota,United States,1,1,1,1,1,0,0,9
2024|06,Breaux Bridge,Louisiana,United States,2,2,1,0,0,1,0,2
2024|06,Breezy Point,Minnesota,United States,1,1,0,0,0,1,0,0
2024|06,Brewton,Alabama,United States,1,1,1,0,0,1,0,1
2024|06,Bristow,Oklahoma,United States,1,1,0,0,0,1,0,1
2024|06,Brookfield,Wisconsin,United States,1,1,1,1,1,0,0,4
2024|06,Brooklyn Center,Minnesota,United States,3,3,3,2,0.6667,0.3333,0,15
2024|06,Brooklyn Park,Minnesota,United States,9,7,7,6,0.6667,0.3333,0,12
2024|06,Burnsville,Minnesota,United States,9,2,1,7,0.7778,0.2222,0,101
2024|06,Calhoun City,Mississippi,United States,1,1,0,1,1,0,0,1
2024|06,Cannon Falls,Minnesota,United States,2,1,1,0,0,1,0,1
2024|06,Carver,Minnesota,United States,1,1,1,1,1,0,0,1
2024|06,Cedar Rapids,Iowa,United States,1,1,0,1,1,0,0,0
2024|06,Champlin,Minnesota,United States,1,1,1,1,1,0,0,1
2024|06,Charlotte,North Carolina,United States,1,1,0,1,1,0,0,3
2024|06,Chaska,Minnesota,United States,25,6,2,12,0.48,0.52,0,51
2024|06,Cheyenne,Wyoming,United States,1,1,1,0,0,1,0,1
2024|06,Chicago,Illinois,United States,87,52,43,51,0.5862,0.4138,0,176
2024|06,Circle Pines,Minnesota,United States,4,2,0,4,1,0,0,10
2024|06,Columbia Heights,Minnesota,United States,1,1,1,1,1,0,0,3
2024|06,Columbus,Ohio,United States,8,8,8,0,0,1,0,8
2024|06,Coon Rapids,Minnesota,United States,4,4,4,2,0.5,0.5,0,6
2024|06,Cottage Grove,Minnesota,United States,1,1,1,1,1,0,0,2
2024|06,Dallas,Texas,United States,29,23,20,11,0.3793,0.6207,0,45
2024|06,Daytona Beach,Florida,United States,1,1,0,0,0,1,0,0
2024|06,Delano,Minnesota,United States,1,1,1,1,1,0,0,3
2024|06,Delhi,Delhi,India,1,1,1,1,1,0,0,1
2024|06,Des Moines,Iowa,United States,1,1,1,1,1,0,0,1
2024|06,Dripping Springs,Texas,United States,1,1,1,0,0,1,0,1
2024|06,Dublin,County Dublin,Ireland,1,1,1,1,1,0,0,2
2024|06,Eden Prairie,Minnesota,United States,9,7,5,6,0.6667,0.3333,0,14
2024|06,Edina,Minnesota,United States,1,1,1,1,1,0,0,1
2024|06,El Dorado,Arkansas,United States,1,1,1,1,1,0,0,1
2024|06,Elgin,Illinois,United States,1,1,1,0,0,1,0,1
2024|06,Elk River,Minnesota,United States,3,3,3,2,0.6667,0.3333,0,11
2024|06,Englewood,Colorado,United States,3,1,1,2,0.6667,0.3333,0,10
2024|06,Essen,North Rhine-Westphalia,Germany,1,1,1,0,0,1,0,1
2024|06,Fairfield,Iowa,United States,2,2,2,2,1,0,0,4
2024|06,Falls City,Nebraska,United States,1,1,1,1,1,0,0,1
2024|06,Fargo,North Dakota,United States,1,1,1,1,1,0,0,2
2024|06,Florence,Alabama,United States,1,1,1,1,1,0,0,2
2024|06,Fort Leonard Wood,Missouri,United States,1,1,1,0,0,1,0,1
2024|06,Fridley,Minnesota,United States,2,2,2,1,0.5,0.5,0,2
2024|06,Golden Valley,Minnesota,United States,3,3,3,0,0,1,0,3
2024|06,Grafton,North Dakota,United States,1,1,0,1,1,0,0,7
2024|06,Greeley,Colorado,United States,1,1,1,1,1,0,0,2
2024|06,Greenbush,Minnesota,United States,1,1,0,0,0,1,0,1
2024|06,Groesbeck,Texas,United States,1,1,1,1,1,0,0,12
2024|06,Ham Lake,Minnesota,United States,1,1,1,0,0,1,0,1
2024|06,Harlingen,Texas,United States,1,1,0,0,0,1,0,1
2024|06,Hastings,Nebraska,United States,4,4,4,2,0.5,0.5,0,4
2024|06,Hayward,Wisconsin,United States,1,1,1,1,1,0,0,1
2024|06,Hewitt,Texas,United States,1,1,1,0,0,1,0,1
2024|06,Hopkins,Minnesota,United States,4,4,4,4,1,0,0,10
2024|06,Hyderabad,Telangana,India,1,1,1,0,0,1,0,1
2024|06,Inver Grove Heights,Minnesota,United States,1,1,1,0,0,1,0,1
2024|06,Isle of Palms,South Carolina,United States,1,1,1,0,0,1,0,1
2024|06,Iuka,Mississippi,United States,1,1,0,1,1,0,0,2
2024|06,Jackson,Tennessee,United States,1,1,1,1,1,0,0,1
2024|06,Jacksonville,Illinois,United States,1,1,0,0,0,1,0,1
2024|06,Jordan,Minnesota,United States,3,3,3,2,0.6667,0.3333,0,6
2024|06,Kansas City,Missouri,United States,1,1,1,1,1,0,0,2
2024|06,Karachi,Sindh,Pakistan,2,2,2,2,1,0,0,4
2024|06,Lake Elmo,Minnesota,United States,1,1,1,0,0,1,0,1
2024|06,Lake Mills,Iowa,United States,1,1,0,0,0,1,0,0
2024|06,Lakeville,Minnesota,United States,1,1,0,0,0,1,0,1
2024|06,Lamoni,Iowa,United States,1,1,0,0,0,1,0,1
2024|06,Le Mars,Iowa,United States,2,2,0,2,1,0,0,3
2024|06,Leakesville,Mississippi,United States,1,1,0,0,0,1,0,1
2024|06,Lenora,Kansas,United States,1,1,0,0,0,1,0,1
2024|06,Lesterville,Missouri,United States,1,1,0,1,1,0,0,2
2024|06,Macon,Missouri,United States,1,1,1,0,0,1,0,1
2024|06,Madison,Wisconsin,United States,1,1,1,1,1,0,0,1
2024|06,Madrid,Community of Madrid,Spain,1,1,1,1,1,0,0,1
2024|06,Maple Grove,Minnesota,United States,3,3,3,2,0.6667,0.3333,0,4
2024|06,Maple Lake,Minnesota,United States,1,1,1,0,0,1,0,1
2024|06,Maplewood,Minnesota,United States,1,1,1,1,1,0,0,2
2024|06,Medina,Minnesota,United States,4,2,2,3,0.75,0.25,0,13
2024|06,Menomonie,Wisconsin,United States,1,1,0,1,1,0,0,1
2024|06,Mexico City,Mexico City,Mexico,2,2,2,2,1,0,0,7
2024|06,Minneapolis,Minnesota,United States,206,183,170,99,0.4806,0.5194,0,349
2024|06,Minnetonka,Minnesota,United States,24,13,13,17,0.7083,0.2917,0,57
2024|06,Minnetrista,Minnesota,United States,3,3,3,2,0.6667,0.3333,0,3
2024|06,Monticello,Minnesota,United States,5,5,5,3,0.6,0.4,0,6
2024|06,Moultrie,Georgia,United States,1,1,1,1,1,0,0,1
2024|06,Naples,Campania,Italy,1,1,1,0,0,1,0,1
2024|06,Natchitoches,Louisiana,United States,1,1,0,0,0,1,0,1
2024|06,New York,New York,United States,3,3,3,3,1,0,0,4
2024|06,Opelika,Alabama,United States,1,1,1,0,0,1,0,1
2024|06,Otsego,Minnesota,United States,1,1,1,1,1,0,0,1
2024|06,Owasso,Oklahoma,United States,1,1,1,1,1,0,0,2
2024|06,Owenton,Kentucky,United States,1,1,0,1,1,0,0,1
2024|06,Parker,South Dakota,United States,2,1,1,0,0,1,0,1
2024|06,Paynesville,Minnesota,United States,1,1,1,0,0,1,0,1
2024|06,Pearland,Texas,United States,1,1,0,1,1,0,0,1
2024|06,Phoenix,Arizona,United States,1,1,1,1,1,0,0,1
2024|06,Pipestone,Minnesota,United States,1,1,1,0,0,1,0,1
2024|06,Pleasanton,Texas,United States,1,1,0,1,1,0,0,0
2024|06,Plymouth,Minnesota,United States,4,4,4,2,0.5,0.5,0,5
2024|06,Prairie du Chien,Wisconsin,United States,1,1,1,0,0,1,0,1
2024|06,Prentiss,Mississippi,United States,2,2,0,1,0.5,0.5,0,2
2024|06,Princeton,Minnesota,United States,1,1,1,0,0,1,0,1
2024|06,Prior Lake,Minnesota,United States,3,2,1,1,0.3333,0.6667,0,1
2024|06,Quincy,California,United States,1,1,1,1,1,0,0,1
2024|06,Quincy,Washington,United States,1,1,0,0,0,1,0,0
2024|06,Redwood Falls,Minnesota,United States,1,1,1,1,1,0,0,1
2024|06,Reston,Virginia,United States,1,1,1,1,1,0,0,2
2024|06,Richfield,Minnesota,United States,2,2,1,1,0.5,0.5,0,2
2024|06,Robbinsdale,Minnesota,United States,2,2,2,2,1,0,0,2
2024|06,Rockvale,Tennessee,United States,1,1,0,0,0,1,0,0
2024|06,Rogers,Minnesota,United States,4,3,3,3,0.75,0.25,0,7
2024|06,Roseville,Minnesota,United States,1,1,1,1,1,0,0,11
2024|06,Russell,Kansas,United States,1,1,1,0,0,1,0,1
2024|06,Saint Francis,Minnesota,United States,1,1,1,0,0,1,0,1
2024|06,Saint Joseph,Minnesota,United States,2,2,2,1,0.5,0.5,0,3
2024|06,Saint Paul,Minnesota,United States,5,4,4,3,0.6,0.4,0,14
2024|06,Sanford,Florida,United States,1,1,1,0,0,1,0,1
2024|06,Santa Anna,Texas,United States,1,1,1,1,1,0,0,2
2024|06,Savage,Minnesota,United States,1,1,1,1,1,0,0,1
2024|06,Seattle,Washington,United States,2,2,2,2,1,0,0,8
2024|06,Shakopee,Minnesota,United States,4,4,4,2,0.5,0.5,0,6
2024|06,Shorewood,Minnesota,United States,2,1,1,0,0,1,0,1
2024|06,Shorewood,Wisconsin,United States,2,1,0,1,0.5,0.5,0,4
2024|06,Sioux Falls,South Dakota,United States,1,1,0,1,1,0,0,2
2024|06,Spencer,New York,United States,1,1,0,1,1,0,0,0
2024|06,Spirit Lake,Iowa,United States,1,1,0,0,0,1,0,1
2024|06,St. Cloud,Minnesota,United States,1,1,1,0,0,1,0,1
2024|06,St. Louis Park,Minnesota,United States,6,5,5,5,0.8333,0.1667,0,13
2024|06,Stillwater,Oklahoma,United States,3,2,0,2,0.6667,0.3333,0,4
2024|06,Sun Prairie,Wisconsin,United States,1,1,0,1,1,0,0,0
2024|06,Swansboro,North Carolina,United States,1,1,1,1,1,0,0,5
2024|06,Thomasville,Alabama,United States,1,1,0,0,0,1,0,1
2024|06,Trumann,Arkansas,United States,1,1,1,0,0,1,0,1
2024|06,Walnut,Iowa,United States,1,1,0,1,1,0,0,1
2024|06,Warren,Minnesota,United States,1,1,1,1,1,0,0,3
2024|06,Warrensburg,Missouri,United States,1,1,1,1,1,0,0,2
2024|06,Watertown,Minnesota,United States,1,1,1,1,1,0,0,3
2024|06,Watonga,Oklahoma,United States,1,1,0,0,0,1,0,1
2024|06,Wellston,Oklahoma,United States,1,1,0,1,1,0,0,3
2024|06,West Saint Paul,Minnesota,United States,1,1,1,1,1,0,0,2
2024|06,Willard,Missouri,United States,1,1,0,1,1,0,0,2
2024|06,Winchester,Massachusetts,United States,1,1,1,0,0,1,0,1
2024|06,Woodbury,Minnesota,United States,2,2,2,1,0.5,0.5,0,2
2024|07,(not set),(not set),(not set),22,23,22,0,0,1,22,22
2024|07,(not set),(not set),China,2,2,2,0,0,1,0,2
2024|07,(not set),(not set),France,1,1,1,0,0,1,0,1
2024|07,(not set),(not set),Singapore,1,1,1,0,0,1,0,1
2024|07,(not set),(not set),United Kingdom,1,1,1,1,1,0,0,4
2024|07,(not set),(not set),United States,1,1,1,0,0,1,0,1
2024|07,(not set),Dambovita,Romania,1,1,0,0,0,1,0,1
2024|07,(not set),Iowa,United States,1,1,1,0,0,1,0,1
2024|07,(not set),Minnesota,United States,6,3,2,5,0.8333,0.1667,0,11
2024|07,(not set),Montana,United States,1,1,0,0,0,1,0,1
2024|07,(not set),North Carolina,United States,1,1,1,0,0,1,0,1
2024|07,(not set),Virginia,United States,3,1,1,1,0.3333,0.6667,0,7
2024|07,Aalsmeer,North Holland,Netherlands,1,1,1,0,0,1,0,1
2024|07,Alexandria,Minnesota,United States,1,1,0,1,1,0,0,4
2024|07,Amarillo,Texas,United States,1,1,1,1,1,0,0,2
2024|07,Antlers,Oklahoma,United States,1,1,0,1,1,0,0,6
2024|07,Apple Valley,Minnesota,United States,1,1,1,0,0,1,0,1
2024|07,Ashburn,Virginia,United States,1,1,1,1,1,0,0,2
2024|07,Austin,Texas,United States,2,2,2,1,0.5,0.5,0,3
2024|07,Bacoor,Calabarzon,Philippines,1,1,1,1,1,0,0,1
2024|07,Baltimore,Maryland,United States,1,1,1,1,1,0,0,5
2024|07,Bengaluru,Karnataka,India,1,1,1,1,1,0,0,1
2024|07,Big Lake,Minnesota,United States,1,1,0,0,0,1,0,1
2024|07,Blaine,Minnesota,United States,4,3,3,3,0.75,0.25,0,8
2024|07,Bloomington,Minnesota,United States,3,3,3,1,0.3333,0.6667,0,5
2024|07,Boardman,Oregon,United States,4,4,4,2,0.5,0.5,0,4
2024|07,Bolivar,Missouri,United States,1,1,0,1,1,0,0,1
2024|07,Boonville,Missouri,United States,2,2,1,0,0,1,0,2
2024|07,Brandon,Florida,United States,1,1,1,0,0,1,0,1
2024|07,Brisbane,Queensland,Australia,1,1,1,1,1,0,0,1
2024|07,Brooklyn,Iowa,United States,1,1,1,0,0,1,0,1
2024|07,Brooklyn Center,Minnesota,United States,1,1,0,1,1,0,0,0
2024|07,Brooklyn Park,Minnesota,United States,1,1,1,0,0,1,0,1
2024|07,Bucharest,Bucharest,Romania,1,1,1,0,0,1,0,1
2024|07,Buffalo,Texas,United States,1,1,0,0,0,1,0,0
2024|07,Burnsville,Minnesota,United States,3,3,2,2,0.6667,0.3333,0,10
2024|07,Byron,Minnesota,United States,3,1,1,1,0.3333,0.6667,0,2
2024|07,Calamba,Calabarzon,Philippines,1,1,1,1,1,0,0,1
2024|07,Cambridge,Minnesota,United States,1,1,1,0,0,1,0,1
2024|07,Cannon Falls,Minnesota,United States,9,1,0,4,0.4444,0.5556,0,10
2024|07,Champlin,Minnesota,United States,3,3,3,1,0.3333,0.6667,0,5
2024|07,Chanhassen,Minnesota,United States,1,1,0,1,1,0,0,3
2024|07,Chaska,Minnesota,United States,19,11,6,8,0.4211,0.5789,0,34
2024|07,Chatfield,Minnesota,United States,1,1,0,0,0,1,0,0
2024|07,Chicago,Illinois,United States,53,35,31,31,0.5849,0.4151,0,105
2024|07,Circle Pines,Minnesota,United States,5,2,0,4,0.8,0.2,0,14
2024|07,Columbia Heights,Minnesota,United States,2,1,1,2,1,0,0,3
2024|07,Columbus,Ohio,United States,1,1,1,0,0,1,0,1
2024|07,Commerce,Georgia,United States,1,1,1,0,0,1,0,1
2024|07,Coon Rapids,Minnesota,United States,3,3,3,1,0.3333,0.6667,0,3
2024|07,Council Bluffs,Iowa,United States,1,1,1,0,0,1,0,1
2024|07,Credit River,Minnesota,United States,1,1,1,1,1,0,0,2
2024|07,Crockett,Texas,United States,1,1,0,1,1,0,0,2
2024|07,Crystal,Minnesota,United States,1,1,1,1,1,0,0,4
2024|07,Dallas,Texas,United States,34,17,15,18,0.5294,0.4706,0,67
2024|07,Davao City,Davao Region,Philippines,1,1,1,1,1,0,0,2
2024|07,Decorah,Iowa,United States,3,1,0,1,0.3333,0.6667,0,2
2024|07,Dimmitt,Texas,United States,1,1,0,1,1,0,0,2
2024|07,Dublin,County Dublin,Ireland,2,2,2,1,0.5,0.5,0,6
2024|07,Eagan,Minnesota,United States,2,2,2,1,0.5,0.5,0,5
2024|07,Eden Prairie,Minnesota,United States,6,5,5,6,1,0,0,14
2024|07,Edina,Minnesota,United States,1,1,1,1,1,0,0,2
2024|07,Emily,Minnesota,United States,2,2,2,1,0.5,0.5,0,3
2024|07,Faribault,Minnesota,United States,1,1,1,1,1,0,0,5
2024|07,Fayetteville,Tennessee,United States,1,1,0,1,1,0,0,0
2024|07,Gardiner,Montana,United States,1,1,1,0,0,1,0,1
2024|07,Gatineau,Quebec,Canada,1,1,1,1,1,0,0,1
2024|07,Golden Valley,Minnesota,United States,2,2,2,2,1,0,0,5
2024|07,Gresham,Oregon,United States,1,1,1,0,0,1,0,1
2024|07,Guntown,Mississippi,United States,1,1,1,0,0,1,0,1
2024|07,Guwahati,Assam,India,1,1,1,1,1,0,0,2
2024|07,Hamilton,Missouri,United States,2,2,0,1,0.5,0.5,0,2
2024|07,Hopkins,Minnesota,United States,2,2,1,2,1,0,0,6
2024|07,Hudson,Wisconsin,United States,2,2,1,0,0,1,0,1
2024|07,Inver Grove Heights,Minnesota,United States,2,2,2,2,1,0,0,2
2024|07,Jefferson City,Missouri,United States,1,1,1,0,0,1,0,1
2024|07,Karachi,Sindh,Pakistan,1,1,1,1,1,0,0,1
2024|07,Kasson,Minnesota,United States,2,1,0,1,0.5,0.5,0,2
2024|07,Kohler,Wisconsin,United States,2,1,1,1,0.5,0.5,0,3
2024|07,Lawrenceburg,Tennessee,United States,1,1,0,0,0,1,0,1
2024|07,Lehigh Acres,Florida,United States,1,1,1,0,0,1,0,1
2024|07,Lincoln,Montana,United States,1,1,1,1,1,0,0,5
2024|07,Los Angeles,California,United States,1,1,1,0,0,1,0,1
2024|07,Maple Grove,Minnesota,United States,4,4,3,3,0.75,0.25,0,5
2024|07,Maplewood,Minnesota,United States,1,1,1,1,1,0,0,8
2024|07,Marion,Alabama,United States,1,1,0,0,0,1,0,1
2024|07,Medina,Minnesota,United States,1,1,1,0,0,1,0,1
2024|07,Mendota Heights,Minnesota,United States,1,1,1,0,0,1,0,1
2024|07,Minneapolis,Minnesota,United States,127,98,88,56,0.4409,0.5591,0,198
2024|07,Minnetonka,Minnesota,United States,13,9,8,10,0.7692,0.2308,0,31
2024|07,Minnetrista,Minnesota,United States,1,1,1,1,1,0,0,1
2024|07,Mounds View,Minnesota,United States,2,1,1,1,0.5,0.5,0,6
2024|07,Nashville,Tennessee,United States,1,1,0,1,1,0,0,2
2024|07,New Orleans,Louisiana,United States,1,1,0,1,1,0,0,1
2024|07,New Prague,Minnesota,United States,1,1,1,1,1,0,0,1
2024|07,New Richmond,Wisconsin,United States,1,1,1,1,1,0,0,4
2024|07,New York,New York,United States,4,4,4,2,0.5,0.5,0,5
2024|07,North Andover,Massachusetts,United States,1,1,1,1,1,0,0,2
2024|07,Norwood Young America,Minnesota,United States,1,1,1,1,1,0,0,5
2024|07,Old Bridge,New Jersey,United States,1,1,1,0,0,1,0,1
2024|07,Omaha,Nebraska,United States,2,2,2,0,0,1,0,2
2024|07,Oslo Municipality,Oslo,Norway,1,1,1,0,0,1,0,1
2024|07,Palmyra,Missouri,United States,1,1,1,0,0,1,0,1
2024|07,Pauls Valley,Oklahoma,United States,1,1,0,0,0,1,0,0
2024|07,Perry,Oklahoma,United States,1,1,1,1,1,0,0,1
2024|07,Plymouth,Minnesota,United States,5,5,4,3,0.6,0.4,0,7
2024|07,Potomac Falls,Virginia,United States,1,1,1,1,1,0,0,1
2024|07,Princeton,Minnesota,United States,1,1,0,0,0,1,0,0
2024|07,Prior Lake,Minnesota,United States,1,1,1,0,0,1,0,1
2024|07,Quemado,Texas,United States,1,1,0,1,1,0,0,2
2024|07,Ramsey,Minnesota,United States,4,2,0,2,0.5,0.5,0,6
2024|07,Richfield,Minnesota,United States,3,3,3,2,0.6667,0.3333,0,3
2024|07,Rogers,Minnesota,United States,2,2,2,1,0.5,0.5,0,2
2024|07,Saint Michael,Minnesota,United States,1,1,1,0,0,1,0,1
2024|07,Saint Paul,Minnesota,United States,9,5,5,4,0.4444,0.5556,0,25
2024|07,Saint Paul Park,Minnesota,United States,1,1,1,0,0,1,0,1
2024|07,Salt Lake City,Utah,United States,1,1,1,0,0,1,0,1
2024|07,Savage,Minnesota,United States,1,1,1,1,1,0,0,1
2024|07,Scottsdale,Arizona,United States,1,1,1,1,1,0,0,1
2024|07,Scottsville,Kentucky,United States,1,1,0,1,1,0,0,0
2024|07,Seattle,Washington,United States,1,1,1,1,1,0,0,2
2024|07,Shakopee,Minnesota,United States,2,2,2,1,0.5,0.5,0,4
2024|07,Spring Valley,Minnesota,United States,1,1,1,1,1,0,0,3
2024|07,St. Louis,Missouri,United States,1,1,0,1,1,0,0,1
2024|07,St. Louis Park,Minnesota,United States,1,1,1,1,1,0,0,2
2024|07,Stephenson,Michigan,United States,1,1,0,1,1,0,0,2
2024|07,Stigler,Oklahoma,United States,1,1,0,0,0,1,0,1
2024|07,Stillwater,Oklahoma,United States,1,1,1,0,0,1,0,1
2024|07,Taos,New Mexico,United States,1,1,1,1,1,0,0,6
2024|07,The Meadows,Florida,United States,1,1,1,1,1,0,1,6
2024|07,Waconia,Minnesota,United States,1,1,1,1,1,0,0,1
2024|07,Wahpeton,North Dakota,United States,1,1,0,0,0,1,0,1
2024|07,Walker,Minnesota,United States,1,1,1,0,0,1,0,1
2024|07,Warren,Minnesota,United States,1,1,0,0,0,1,0,1
2024|07,Warsaw,Masovian Voivodeship,Poland,1,1,1,0,0,1,0,1
2024|07,Washington,District of Columbia,United States,1,1,1,0,0,1,0,1
2024|08,(not set),(not set),(not set),8,9,8,0,0,1,10,8
2024|08,(not set),(not set),Germany,1,1,1,0,0,1,0,1
2024|08,(not set),Bicol,Philippines,1,1,1,1,1,0,0,1
2024|08,(not set),Illinois,United States,1,1,1,1,1,0,0,5
2024|08,(not set),North Dakota,United States,1,1,1,1,1,0,0,3
2024|08,(not set),Oklahoma,United States,1,1,0,0,0,1,0,0
2024|08,(not set),Trencin Region,Slovakia,1,1,1,0,0,1,0,1
2024|08,(not set),Wisconsin,United States,1,1,1,1,1,0,0,6
2024|08,Afton,Minnesota,United States,2,2,1,2,1,0,0,1
2024|08,Appleton,Minnesota,United States,1,1,1,0,0,1,0,1
2024|08,Ashburn,Virginia,United States,4,4,4,3,0.75,0.25,0,5
2024|08,Atlanta,Georgia,United States,1,1,1,0,0,1,0,1
2024|08,Babakan Madang,West Java,Indonesia,1,1,1,0,0,1,0,1
2024|08,Baraboo,Wisconsin,United States,1,1,0,0,0,1,0,1
2024|08,Birmingham,Alabama,United States,1,1,0,1,1,0,0,2
2024|08,Blaine,Minnesota,United States,1,1,0,0,0,1,0,1
2024|08,Bloomington,Minnesota,United States,1,1,1,1,1,0,0,4
2024|08,Blue Earth,Minnesota,United States,1,1,1,0,0,1,0,1
2024|08,Boardman,Oregon,United States,3,3,3,2,0.6667,0.3333,0,9
2024|08,Bristow,Oklahoma,United States,1,1,0,1,1,0,0,6
2024|08,Brookfield,Wisconsin,United States,2,1,1,0,0,1,0,1
2024|08,Brooklyn Center,Minnesota,United States,1,1,0,1,1,0,0,2
2024|08,Brooklyn Park,Minnesota,United States,5,3,1,3,0.6,0.4,0,5
2024|08,Burnsville,Minnesota,United States,3,2,2,2,0.6667,0.3333,0,4
2024|08,Cambridge,Minnesota,United States,1,1,1,1,1,0,0,1
2024|08,Centennial,Colorado,United States,3,2,2,2,0.6667,0.3333,0,12
2024|08,Charlotte,North Carolina,United States,1,1,0,1,1,0,0,2
2024|08,Chaska,Minnesota,United States,25,10,5,15,0.6,0.4,0,48
2024|08,Chicago,Illinois,United States,51,26,17,28,0.549,0.451,0,110
2024|08,Circle Pines,Minnesota,United States,1,1,1,1,1,0,0,1
2024|08,Clifton,New Jersey,United States,1,1,1,1,1,0,0,1
2024|08,Coalgate,Oklahoma,United States,1,1,0,1,1,0,0,1
2024|08,Coffeyville,Kansas,United States,1,1,1,1,1,0,0,24
2024|08,Columbus,Ohio,United States,6,6,6,0,0,1,0,6
2024|08,Council Bluffs,Iowa,United States,1,1,1,1,1,0,0,1
2024|08,Crosslake,Minnesota,United States,4,2,0,3,0.75,0.25,0,4
2024|08,Dallas,Texas,United States,28,12,8,16,0.5714,0.4286,0,71
2024|08,Davao City,Davao Region,Philippines,2,2,2,2,1,0,0,6
2024|08,Des Moines,Iowa,United States,3,3,3,0,0,1,0,3
2024|08,Dexter,Missouri,United States,1,1,1,1,1,0,0,3
2024|08,Dumont,Iowa,United States,1,1,0,1,1,0,0,1
2024|08,Eagan,Minnesota,United States,2,1,1,0,0,1,0,1
2024|08,Eden Prairie,Minnesota,United States,1,1,1,0,0,1,0,1
2024|08,Ennis,Texas,United States,1,1,1,1,1,0,0,4
2024|08,Envigado,Antioquia,Colombia,1,1,1,1,1,0,0,1
2024|08,Fargo,North Dakota,United States,1,1,1,1,1,0,0,1
2024|08,Fayetteville,Tennessee,United States,1,1,0,1,1,0,0,2
2024|08,Flower Mound,Texas,United States,1,1,0,1,1,0,0,2
2024|08,Forest City,North Carolina,United States,1,1,1,1,1,0,0,1
2024|08,Glencoe,Alabama,United States,2,1,1,2,1,0,0,6
2024|08,Glenwood,Arkansas,United States,1,1,1,0,0,1,0,1
2024|08,Guymon,Oklahoma,United States,1,1,0,1,1,0,0,0
2024|08,Hancock,Michigan,United States,1,1,1,0,0,1,0,1
2024|08,Hillsboro,Texas,United States,1,1,0,1,1,0,0,5
2024|08,Hopkins,Minnesota,United States,3,2,1,2,0.6667,0.3333,0,2
2024|08,Hutchinson,Minnesota,United States,1,1,1,0,0,1,0,1
2024|08,Inver Grove Heights,Minnesota,United States,1,1,1,1,1,0,0,4
2024|08,Iuka,Mississippi,United States,1,1,0,0,0,1,0,1
2024|08,Jena,Louisiana,United States,1,1,1,1,1,0,0,6
2024|08,Karachi,Sindh,Pakistan,1,1,1,1,1,0,0,2
2024|08,Karlstad,Minnesota,United States,1,1,0,0,0,1,0,0
2024|08,Kenosha,Wisconsin,United States,2,1,0,0,0,1,0,1
2024|08,Kingston,New Hampshire,United States,1,1,1,0,0,1,0,1
2024|08,Knoxville,Tennessee,United States,2,1,0,0,0,1,0,2
2024|08,London,England,United Kingdom,1,1,1,1,1,0,0,1
2024|08,Lucknow,Uttar Pradesh,India,2,1,1,2,1,0,0,3
2024|08,Madrid,Community of Madrid,Spain,1,1,1,1,1,0,0,2
2024|08,Marlin,Texas,United States,1,1,1,0,0,1,0,1
2024|08,Mexico City,Mexico City,Mexico,1,1,1,1,1,0,0,1
2024|08,Minneapolis,Minnesota,United States,43,31,24,25,0.5814,0.4186,0,74
2024|08,Minnetonka,Minnesota,United States,6,4,3,4,0.6667,0.3333,0,17
2024|08,Minot,North Dakota,United States,1,1,1,1,1,0,0,3
2024|08,Montevallo,Alabama,United States,1,1,0,0,0,1,0,1
2024|08,Montgomery,Alabama,United States,1,1,0,1,1,0,0,4
2024|08,Mound,Minnesota,United States,2,1,1,2,1,0,0,17
2024|08,New Brighton,Minnesota,United States,1,1,1,1,1,0,0,1
2024|08,New York,New York,United States,3,2,2,1,0.3333,0.6667,0,3
2024|08,North Bethesda,Maryland,United States,1,1,1,1,1,0,0,3
2024|08,Orono,Minnesota,United States,1,1,1,1,1,0,0,1
2024|08,Osage City,Kansas,United States,2,2,1,1,0.5,0.5,0,2
2024|08,Paris,Ile-de-France,France,1,1,1,0,0,1,0,1
2024|08,Park Rapids,Minnesota,United States,1,1,1,1,1,0,0,1
2024|08,Plummer,Idaho,United States,1,1,1,1,1,0,0,4
2024|08,Plymouth,Minnesota,United States,1,1,0,1,1,0,0,2
2024|08,Reston,Virginia,United States,1,1,1,1,1,0,0,4
2024|08,Richfield,Minnesota,United States,1,1,1,1,1,0,0,9
2024|08,Roanoke Rapids,North Carolina,United States,1,1,0,0,0,1,0,1
2024|08,Rochester,Minnesota,United States,2,2,0,2,1,0,0,12
2024|08,Roseville,Minnesota,United States,1,1,0,1,1,0,0,1
2024|08,Rusk,Texas,United States,1,1,1,0,0,1,0,1
2024|08,Saint Paul,Minnesota,United States,6,6,5,4,0.6667,0.3333,0,17
2024|08,Salem,Arkansas,United States,2,2,0,2,1,0,0,4
2024|08,Sandstone,Minnesota,United States,1,1,1,1,1,0,0,2
2024|08,Santa Anna,Texas,United States,1,1,0,0,0,1,0,1
2024|08,Sault Ste. Marie,Michigan,United States,1,1,1,1,1,0,0,2
2024|08,Savage,Minnesota,United States,1,1,1,1,1,0,0,2
2024|08,Scituate,Massachusetts,United States,1,1,1,1,1,0,0,2
2024|08,Selmer,Tennessee,United States,1,1,0,0,0,1,0,1
2024|08,Shakopee,Minnesota,United States,2,1,1,1,0.5,0.5,0,4
2024|08,Singapore,(not set),Singapore,2,1,1,2,1,0,0,3
2024|08,Sioux Falls,South Dakota,United States,1,1,1,1,1,0,0,1
2024|08,South Burlington,Vermont,United States,1,1,1,1,1,0,0,1
2024|08,St. Louis Park,Minnesota,United States,4,2,1,3,0.75,0.25,0,7
2024|08,Stillwater,Minnesota,United States,1,1,1,1,1,0,0,2
2024|08,Sydney,New South Wales,Australia,2,2,2,1,0.5,0.5,0,2
2024|08,Vernon,Alabama,United States,1,1,0,0,0,1,0,1
2024|08,Vitebsk,Vitebsk Region,Belarus,1,1,1,0,0,1,0,1
2024|08,Warsaw,Missouri,United States,1,1,0,1,1,0,0,0
2024|08,Waterford Township,Michigan,United States,2,1,1,2,1,0,0,5
2024|08,Woodbury,Minnesota,United States,1,1,1,1,1,0,0,9
2024|08,Wyldwood,Texas,United States,2,2,1,2,1,0,0,2
2024|08,Wymore,Nebraska,United States,1,1,1,1,1,0,0,3
2024|08,7225,Tolna County,Hungary,1,1,0,1,1,0,0,4
2024|08,95199,Bavaria,Germany,1,1,1,0,0,1,0,1
2024|09,(not set),(not set),(not set),33,34,33,2,0.0606,0.9394,13,60
2024|09,(not set),(not set),Germany,6,6,6,1,0.1667,0.8333,0,7
2024|09,(not set),(not set),India,1,1,1,0,0,1,0,1
2024|09,(not set),(not set),United States,16,13,11,2,0.125,0.875,0,21
2024|09,(not set),Alabama,United States,1,1,1,1,1,0,0,2
2024|09,(not set),Baden-Wurttemberg,Germany,2,2,2,0,0,1,0,2
2024|09,(not set),California,United States,12,12,12,0,0,1,0,12
2024|09,(not set),Florida,United States,2,1,1,0,0,1,0,2
2024|09,(not set),Minnesota,United States,7,6,5,3,0.4286,0.5714,0,18
2024|09,(not set),Texas,United States,1,1,1,1,1,0,0,2
2024|09,(not set),Utah,United States,1,1,1,0,0,1,0,1
2024|09,Andover,Minnesota,United States,1,1,1,1,1,0,0,1
2024|09,Anoka,Minnesota,United States,3,3,3,2,0.6667,0.3333,0,3
2024|09,Ashburn,Virginia,United States,5,4,4,3,0.6,0.4,0,7
2024|09,Ashland,Wisconsin,United States,1,1,0,0,0,1,0,1
2024|09,Atlanta,Georgia,United States,3,3,2,1,0.3333,0.6667,0,3
2024|09,Avondale,Arizona,United States,1,1,0,0,0,1,0,1
2024|09,Barnesville,Minnesota,United States,1,1,0,1,1,0,0,1
2024|09,Bedford,Massachusetts,United States,1,1,1,1,1,0,0,2
2024|09,Beebe,Arkansas,United States,1,1,1,1,1,0,0,3
2024|09,Bemidji,Minnesota,United States,2,1,1,1,0.5,0.5,0,2
2024|09,Bengaluru,Karnataka,India,2,2,2,1,0.5,0.5,0,2
2024|09,Big Lake,Minnesota,United States,1,1,1,0,0,1,0,1
2024|09,Bigfork,Montana,United States,1,1,1,1,1,0,0,2
2024|09,Birmingham,Alabama,United States,3,2,2,2,0.6667,0.3333,0,4
2024|09,Blaine,Minnesota,United States,3,3,3,1,0.3333,0.6667,0,3
2024|09,Bloomington,Minnesota,United States,2,2,2,1,0.5,0.5,0,2
2024|09,Boardman,Oregon,United States,4,4,4,1,0.25,0.75,0,4
2024|09,Bolivar,Missouri,United States,1,1,1,1,1,0,0,1
2024|09,Bonham,Texas,United States,1,1,1,0,0,1,0,1
2024|09,Boscobel,Wisconsin,United States,1,1,1,1,1,0,0,1
2024|09,Brentwood,Tennessee,United States,2,1,1,0,0,1,0,2
2024|09,Brooklyn Center,Minnesota,United States,1,1,1,1,1,0,0,1
2024|09,Brooklyn Park,Minnesota,United States,10,8,6,6,0.6,0.4,0,12
2024|09,Buffalo,Minnesota,United States,1,1,1,1,1,0,0,1
2024|09,Burnsville,Minnesota,United States,10,6,6,5,0.5,0.5,0,12
2024|09,Cannon Falls,Minnesota,United States,1,1,0,0,0,1,0,1
2024|09,Canyon,Texas,United States,1,1,0,0,0,1,0,1
2024|09,Cape Town,Western Cape,South Africa,1,1,1,1,1,0,0,3
2024|09,Carney,Michigan,United States,4,2,0,3,0.75,0.25,0,10
2024|09,Champlin,Minnesota,United States,1,1,1,0,0,1,0,1
2024|09,Chanhassen,Minnesota,United States,9,4,4,7,0.7778,0.2222,0,19
2024|09,Charlotte,North Carolina,United States,3,2,1,1,0.3333,0.6667,0,8
2024|09,Chaska,Minnesota,United States,13,6,2,7,0.5385,0.4615,0,41
2024|09,Cheyenne,Wyoming,United States,1,1,1,0,0,1,0,1
2024|09,Chicago,Illinois,United States,93,61,51,50,0.5376,0.4624,2,162
2024|09,Cincinnati,Ohio,United States,1,1,1,1,1,0,0,3
2024|09,Clermont,Florida,United States,1,1,1,0,0,1,0,1
2024|09,Clifton,New Jersey,United States,1,1,1,1,1,0,0,1
2024|09,Coalgate,Oklahoma,United States,1,1,0,0,0,1,0,1
2024|09,Cohasset,Minnesota,United States,1,1,1,1,1,0,0,2
2024|09,Columbia Heights,Minnesota,United States,2,2,2,0,0,1,0,2
2024|09,Columbus,Ohio,United States,6,6,6,0,0,1,0,6
2024|09,Coon Rapids,Minnesota,United States,4,4,4,2,0.5,0.5,0,4
2024|09,Corryton,Tennessee,United States,1,1,1,1,1,0,0,1
2024|09,Council Bluffs,Iowa,United States,1,1,1,0,0,1,0,1
2024|09,Crystal,Minnesota,United States,2,2,2,0,0,1,0,2
2024|09,Crystal City,Texas,United States,1,1,0,1,1,0,0,0
2024|09,Cullman,Alabama,United States,1,1,1,0,0,1,0,1
2024|09,Dahlonega,Georgia,United States,1,1,1,0,0,1,0,1
2024|09,Dallas,Texas,United States,33,18,14,16,0.4848,0.5152,0,69
2024|09,Davao City,Davao Region,Philippines,1,1,0,1,1,0,0,3
2024|09,Decorah,Iowa,United States,2,2,0,0,0,1,0,1
2024|09,Delhi,Delhi,India,1,1,1,1,1,0,0,10
2024|09,Denver,Colorado,United States,2,2,2,1,0.5,0.5,0,4
2024|09,Des Moines,Iowa,United States,4,3,3,3,0.75,0.25,0,7
2024|09,Dewey,Oklahoma,United States,1,1,1,1,1,0,0,9
2024|09,Dublin,County Dublin,Ireland,3,3,3,2,0.6667,0.3333,0,7
2024|09,Duluth,Minnesota,United States,1,1,1,0,0,1,0,1
2024|09,Eagan,Minnesota,United States,1,1,1,1,1,0,0,2
2024|09,Eagle Grove,Iowa,United States,1,1,1,1,1,0,0,1
2024|09,Eden Prairie,Minnesota,United States,8,7,5,7,0.875,0.125,0,32
2024|09,Edina,Minnesota,United States,4,3,2,1,0.25,0.75,0,2
2024|09,Elk River,Minnesota,United States,1,1,1,1,1,0,0,1
2024|09,Elkader,Iowa,United States,1,1,1,0,0,1,0,1
2024|09,Emmetsburg,Iowa,United States,1,1,1,0,0,1,0,1
2024|09,Emory,Texas,United States,1,1,1,1,1,0,0,6
2024|09,Enid,Oklahoma,United States,1,1,1,0,0,1,0,1
2024|09,Fairfield,Texas,United States,1,1,1,0,0,1,0,1
2024|09,Fargo,North Dakota,United States,3,1,1,2,0.6667,0.3333,0,8
2024|09,Ferry Pass,Florida,United States,1,1,1,0,0,1,0,1
2024|09,Fort Leonard Wood,Missouri,United States,1,1,1,1,1,0,0,2
2024|09,Fort Worth,Texas,United States,1,1,1,1,1,0,0,1
2024|09,Frankfurt,Hessen,Germany,2,2,2,0,0,1,0,2
2024|09,Fridley,Minnesota,United States,1,1,1,0,0,1,0,1
2024|09,Galesburg,Illinois,United States,1,1,0,0,0,1,0,1
2024|09,Gallatin,Missouri,United States,1,1,0,0,0,1,0,1
2024|09,Garden Grove,California,United States,1,1,1,0,0,1,0,1
2024|09,Glenwood,Minnesota,United States,3,3,3,3,1,0,0,9
2024|09,Golden Valley,Minnesota,United States,2,2,2,2,1,0,0,2
2024|09,Goose Creek,South Carolina,United States,1,1,1,0,0,1,0,1
2024|09,Harlingen,Texas,United States,2,2,1,1,0.5,0.5,0,6
2024|09,Harrison,New Jersey,United States,1,1,1,0,0,1,0,1
2024|09,Harwich,Massachusetts,United States,1,1,1,1,1,0,0,2
2024|09,Hazel Green,Wisconsin,United States,1,1,1,0,0,1,0,1
2024|09,Headland,Alabama,United States,1,1,0,1,1,0,0,1
2024|09,Hewitt,Texas,United States,1,1,1,1,1,0,0,1
2024|09,Hillsboro,Texas,United States,1,1,1,1,1,0,0,2
2024|09,Hinckley,Minnesota,United States,1,1,1,1,1,0,0,1
2024|09,Honolulu,Hawaii,United States,1,1,1,0,0,1,0,1
2024|09,Hopkins,Minnesota,United States,4,4,4,3,0.75,0.25,0,13
2024|09,Hudson,Florida,United States,1,1,1,0,0,1,0,1
2024|09,Hugo,Minnesota,United States,1,1,1,1,1,0,0,1
2024|09,Humeston,Iowa,United States,2,2,1,2,1,0,0,13
2024|09,Hutchinson,Minnesota,United States,1,1,1,0,0,1,0,1
2024|09,Hyderabad,Telangana,India,1,1,1,1,1,0,0,2
2024|09,Jackson,Mississippi,United States,1,1,1,1,1,0,0,3
2024|09,Jackson,Tennessee,United States,1,1,0,1,1,0,0,0
2024|09,Jacksonville,Illinois,United States,1,1,1,0,0,1,0,1
2024|09,Jasper,Texas,United States,1,1,1,1,1,0,0,1
2024|09,Jefferson,Iowa,United States,1,1,1,0,0,1,0,1
2024|09,Johnstown,Pennsylvania,United States,1,1,1,0,0,1,0,1
2024|09,Karachi,Sindh,Pakistan,1,1,1,1,1,0,0,2
2024|09,Lahore,Punjab,Pakistan,1,1,1,1,1,0,0,1
2024|09,Las Vegas,Nevada,United States,1,1,0,0,0,1,0,1
2024|09,Lexington,Kentucky,United States,1,1,1,0,0,1,0,1
2024|09,Lincoln,Illinois,United States,1,1,0,0,0,1,0,1
2024|09,Litchfield,Minnesota,United States,1,1,1,1,1,0,0,2
2024|09,Livingston,Alabama,United States,2,2,0,2,1,0,0,14
2024|09,London,England,United Kingdom,4,4,4,3,0.75,0.25,0,5
2024|09,Loretto,Tennessee,United States,1,1,1,1,1,0,0,1
2024|09,Lulea,Norrbotten County,Sweden,1,1,1,1,1,0,0,1
2024|09,Luling,Louisiana,United States,2,2,0,1,0.5,0.5,0,2
2024|09,Macon,Missouri,United States,1,1,1,1,1,0,0,3
2024|09,Maple Grove,Minnesota,United States,6,5,4,3,0.5,0.5,0,7
2024|09,Marinette,Wisconsin,United States,1,1,1,1,1,0,0,1
2024|09,Medford,Oregon,United States,1,1,0,0,0,1,0,0
2024|09,Midway,Utah,United States,1,1,1,1,1,0,0,8
2024|09,Minneapolis,Minnesota,United States,154,133,124,55,0.3571,0.6429,0,199
2024|09,Minnetonka,Minnesota,United States,10,7,5,6,0.6,0.4,0,17
2024|09,Minnetrista,Minnesota,United States,1,1,1,1,1,0,0,2
2024|09,Mobridge,South Dakota,United States,1,1,1,0,0,1,0,1
2024|09,Montgomery,Alabama,United States,2,2,0,0,0,1,0,1
2024|09,Montreal,Quebec,Canada,1,1,1,1,1,0,0,1
2024|09,Moses Lake,Washington,United States,1,1,1,0,0,1,0,1
2024|09,Mound,Minnesota,United States,2,2,2,2,1,0,0,6
2024|09,Mountain Village,Colorado,United States,2,1,1,1,0.5,0.5,0,1
2024|09,Neosho,Missouri,United States,1,1,1,1,1,0,0,3
2024|09,New Brighton,Minnesota,United States,1,1,1,1,1,0,0,3
2024|09,New Hope,Minnesota,United States,3,3,3,0,0,1,0,3
2024|09,New Orleans,Louisiana,United States,1,1,0,1,1,0,0,1
2024|09,New York,New York,United States,4,3,3,2,0.5,0.5,0,5
2024|09,Nocera Inferiore,Campania,Italy,1,1,1,0,0,1,0,1
2024|09,Nyack,New York,United States,2,1,1,1,0.5,0.5,0,2
2024|09,Oak Grove,Minnesota,United States,1,1,1,1,1,0,0,1
2024|09,Oakdale,Minnesota,United States,1,1,1,1,1,0,0,3
2024|09,Oakland,New Jersey,United States,1,1,1,0,0,1,0,1
2024|09,Oklahoma City,Oklahoma,United States,1,1,1,1,1,0,0,2
2024|09,Orlando,Florida,United States,1,1,1,1,1,0,0,1
2024|09,Orono,Minnesota,United States,1,1,1,1,1,0,0,4
2024|09,Painted Post,New York,United States,1,1,1,0,0,1,0,1
2024|09,Parsippany-Troy Hills,New Jersey,United States,2,2,2,2,1,0,0,4
2024|09,Philadelphia,Pennsylvania,United States,5,4,3,4,0.8,0.2,0,9
2024|09,Pine Ridge,South Dakota,United States,1,1,0,0,0,1,0,1
2024|09,Plymouth,Minnesota,United States,10,8,8,6,0.6,0.4,0,12
2024|09,Port Clinton,Ohio,United States,1,1,1,0,0,1,0,1
2024|09,Portland,Oregon,United States,1,1,1,0,0,1,0,1
2024|09,Portola,California,United States,1,1,1,0,0,1,0,1
2024|09,Prineville,Oregon,United States,1,1,1,0,0,1,0,1
2024|09,Pulaski,Tennessee,United States,1,1,0,1,1,0,0,0
2024|09,Red Wing,Minnesota,United States,1,1,1,0,0,1,0,1
2024|09,Regina,Saskatchewan,Canada,1,1,1,0,0,1,0,1
2024|09,Richfield,Minnesota,United States,2,2,2,1,0.5,0.5,0,2
2024|09,Richmond,British Columbia,Canada,1,1,1,0,0,1,0,1
2024|09,Robbinsdale,Minnesota,United States,2,2,2,0,0,1,0,2
2024|09,Robstown,Texas,United States,1,1,1,0,0,1,0,1
2024|09,Rogers,Minnesota,United States,1,1,1,0,0,1,0,1
2024|09,Roseville,Minnesota,United States,4,2,1,4,1,0,0,16
2024|09,Saint Joseph,Missouri,United States,6,6,6,0,0,1,0,6
2024|09,Saint Michael,Minnesota,United States,1,1,1,0,0,1,0,1
2024|09,Saint Paul,Minnesota,United States,13,13,11,9,0.6923,0.3077,0,34
2024|09,San Antonio,Texas,United States,1,1,1,0,0,1,0,1
2024|09,Savage,Minnesota,United States,1,1,1,0,0,1,0,1
2024|09,Searcy,Arkansas,United States,1,1,0,0,0,1,0,0
2024|09,Seattle,Washington,United States,1,1,1,1,1,0,0,3
2024|09,Sedan,Kansas,United States,1,1,1,1,1,0,0,1
2024|09,Shakopee,Minnesota,United States,1,1,1,1,1,0,0,1
2024|09,Shenandoah,Iowa,United States,1,1,0,1,1,0,0,1
2024|09,South Harrison,New Jersey,United States,1,1,1,0,0,1,0,1
2024|09,South Kingstown,Rhode Island,United States,3,1,1,2,0.6667,0.3333,0,11
2024|09,Sparta,Wisconsin,United States,1,1,1,0,0,1,0,1
2024|09,Spokane Valley,Washington,United States,1,1,1,1,1,0,0,2
2024|09,St. Cloud,Minnesota,United States,1,1,1,1,1,0,0,1
2024|09,St. Louis Park,Minnesota,United States,7,7,7,3,0.4286,0.5714,0,8
2024|09,Stillwater,Minnesota,United States,1,1,1,0,0,1,0,1
2024|09,Sydney,New South Wales,Australia,1,1,1,0,0,1,0,1
2024|09,Tecumseh,Nebraska,United States,1,1,1,0,0,1,0,1
2024|09,The Meadows,Florida,United States,1,1,0,1,1,0,0,1
2024|09,Treasure Island,Florida,United States,1,1,1,0,0,1,0,1
2024|09,Venice,Florida,United States,1,1,1,0,0,1,0,1
2024|09,Victoria,Minnesota,United States,1,1,1,0,0,1,0,1
2024|09,Villa Rica,Georgia,United States,1,1,1,0,0,1,0,1
2024|09,Virginia Beach,Virginia,United States,2,2,2,1,0.5,0.5,0,2
2024|09,Waconia,Minnesota,United States,1,1,1,1,1,0,0,3
2024|09,Warrensburg,Missouri,United States,1,1,0,1,1,0,0,2
2024|09,Waverly,Minnesota,United States,1,1,1,1,1,0,0,1
2024|09,Waverly,Tennessee,United States,1,1,0,1,1,0,0,7
2024|09,Wayzata,Minnesota,United States,2,2,1,1,0.5,0.5,0,3
2024|09,White Bear Lake,Minnesota,United States,4,2,1,2,0.5,0.5,0,7
2024|09,Wichita Falls,Texas,United States,2,2,1,1,0.5,0.5,0,3
2024|09,Wilton,Iowa,United States,1,1,1,1,1,0,0,2
2024|09,Woodbury,Minnesota,United States,2,2,2,1,0.5,0.5,0,12
2024|09,Wymore,Nebraska,United States,1,1,1,1,1,0,0,3
2024|09,Zimmerman,Minnesota,United States,1,1,1,0,0,1,0,1
2024|10,(not set),(not set),(not set),51,52,51,1,0.0196,0.9804,20,51
2024|10,(not set),(not set),China,1,1,1,1,1,0,0,2
2024|10,(not set),(not set),France,1,1,1,0,0,1,0,1
2024|10,(not set),(not set),India,1,1,0,1,1,0,0,5
2024|10,(not set),(not set),Japan,1,1,0,1,1,0,0,3
2024|10,(not set),(not set),United States,4,4,3,1,0.25,0.75,0,6
2024|10,(not set),California,United States,32,32,31,1,0.0313,0.9688,0,36
2024|10,(not set),Florida,United States,1,1,1,1,1,0,0,2
2024|10,(not set),Georgia,United States,1,1,1,0,0,1,0,1
2024|10,(not set),Illinois,United States,1,1,1,1,1,0,0,1
2024|10,(not set),Minnesota,United States,1,1,0,1,1,0,0,0
2024|10,(not set),Nebraska,United States,1,1,1,0,0,1,0,1
2024|10,(not set),North Carolina,United States,1,1,1,0,0,1,0,1
2024|10,(not set),Texas,United States,3,3,2,2,0.6667,0.3333,0,13
2024|10,(not set),Tokyo,Japan,1,1,1,1,1,0,0,9
2024|10,(not set),Wisconsin,United States,1,1,0,1,1,0,0,1
2024|10,Abuja,Federal Capital Territory,Nigeria,1,1,1,1,1,0,0,1
2024|10,Amos,Quebec,Canada,2,1,1,1,0.5,0.5,0,5
2024|10,Andover,Minnesota,United States,1,1,1,1,1,0,0,3
2024|10,Andover,Ohio,United States,1,1,1,1,1,0,0,1
2024|10,Apple Valley,Minnesota,United States,1,1,1,1,1,0,0,1
2024|10,Arcadia,Wisconsin,United States,1,1,1,1,1,0,0,1
2024|10,Ashburn,Virginia,United States,3,3,3,2,0.6667,0.3333,0,5
2024|10,Atchison,Kansas,United States,1,1,1,1,1,0,0,2
2024|10,Baldwin,Wisconsin,United States,1,1,0,1,1,0,0,1
2024|10,Belle Plaine,Kansas,United States,1,1,0,1,1,0,0,2
2024|10,Blaine,Minnesota,United States,11,7,5,9,0.8182,0.1818,0,20
2024|10,Bloomington,Minnesota,United States,6,6,6,2,0.3333,0.6667,0,8
2024|10,Boardman,Oregon,United States,6,6,6,1,0.1667,0.8333,0,6
2024|10,Bolivar,Missouri,United States,1,1,1,1,1,0,0,3
2024|10,Bonham,Texas,United States,1,1,0,1,1,0,0,2
2024|10,Brooklyn Center,Minnesota,United States,2,2,2,1,0.5,0.5,0,3
2024|10,Brooklyn Park,Minnesota,United States,2,2,2,0,0,1,0,2
2024|10,Buffalo,Minnesota,United States,1,1,1,1,1,0,0,1
2024|10,Burnaby,British Columbia,Canada,1,1,1,1,1,0,0,1
2024|10,Burnsville,Minnesota,United States,1,1,1,0,0,1,0,1
2024|10,Byron,Minnesota,United States,11,2,2,4,0.3636,0.6364,0,19
2024|10,Cambridge,Massachusetts,United States,3,1,1,1,0.3333,0.6667,0,3
2024|10,Canton,Illinois,United States,1,1,1,0,0,1,0,1
2024|10,Cedar Vale,Kansas,United States,1,1,1,1,1,0,0,2
2024|10,Champlin,Minnesota,United States,2,2,2,0,0,1,0,2
2024|10,Chanhassen,Minnesota,United States,6,6,5,5,0.8333,0.1667,0,9
2024|10,Charlotte,North Carolina,United States,1,1,1,1,1,0,0,1
2024|10,Chaska,Minnesota,United States,37,12,7,18,0.4865,0.5135,0,73
2024|10,Chatham,Illinois,United States,1,1,0,0,0,1,0,1
2024|10,Chicago,Illinois,United States,43,36,28,25,0.5814,0.4186,0,128
2024|10,Chickasha,Oklahoma,United States,1,1,1,0,0,1,0,1
2024|10,Circle Pines,Minnesota,United States,3,1,0,3,1,0,0,6
2024|10,Cohasset,Minnesota,United States,1,1,0,1,1,0,0,2
2024|10,Columbus,Ohio,United States,2,2,2,1,0.5,0.5,0,3
2024|10,Coon Rapids,Minnesota,United States,3,3,2,2,0.6667,0.3333,0,4
2024|10,Cottage Grove,Minnesota,United States,1,1,1,0,0,1,0,1
2024|10,Cottonwood,California,United States,1,1,1,0,0,1,0,1
2024|10,Council Bluffs,Iowa,United States,1,1,1,0,0,1,0,1
2024|10,Crosslake,Minnesota,United States,2,2,2,2,1,0,0,3
2024|10,Dallas,Texas,United States,48,24,20,25,0.5208,0.4792,0,205
2024|10,Davenport,Iowa,United States,1,1,1,0,0,1,0,1
2024|10,Dayton,Minnesota,United States,2,2,2,1,0.5,0.5,0,2
2024|10,DeWitt,Iowa,United States,1,1,1,1,1,0,0,1
2024|10,Delano,Minnesota,United States,1,1,1,1,1,0,0,5
2024|10,Dublin,County Dublin,Ireland,1,1,1,0,0,1,0,1
2024|10,Eagan,Minnesota,United States,3,2,2,1,0.3333,0.6667,0,4
2024|10,East Bethel,Minnesota,United States,1,1,1,0,0,1,0,1
2024|10,Eden Prairie,Minnesota,United States,11,8,7,7,0.6364,0.3636,0,36
2024|10,Edina,Minnesota,United States,3,3,3,3,1,0,0,18
2024|10,Edwardsville,Illinois,United States,1,1,1,0,0,1,0,1
2024|10,Elk River,Minnesota,United States,1,1,1,1,1,0,0,1
2024|10,Ellenwood,Georgia,United States,1,1,1,1,1,0,0,2
2024|10,Fair Oaks Ranch,Texas,United States,1,1,1,0,0,1,0,1
2024|10,Farmer City,Illinois,United States,1,1,1,0,0,1,0,1
2024|10,Flower Mound,Texas,United States,1,1,0,1,1,0,1,4
2024|10,Folsom,California,United States,1,1,1,0,0,1,0,1
2024|10,Forest City,North Carolina,United States,1,1,1,1,1,0,0,1
2024|10,Frankfurt,Hessen,Germany,1,1,1,1,1,0,0,1
2024|10,Fridley,Minnesota,United States,2,2,2,1,0.5,0.5,0,2
2024|10,Fulton,New York,United States,1,1,1,1,1,0,0,3
2024|10,Grenada,Mississippi,United States,1,1,1,1,1,0,0,1
2024|10,Hammond,Louisiana,United States,1,1,1,0,0,1,0,1
2024|10,Harlingen,Texas,United States,1,1,0,1,1,0,0,1
2024|10,Headland,Alabama,United States,1,1,0,0,0,1,0,1
2024|10,Hoover,Alabama,United States,1,1,1,1,1,0,0,3
2024|10,Hopkins,Minnesota,United States,7,6,6,3,0.4286,0.5714,0,7
2024|10,Howrah,West Bengal,India,1,1,1,1,1,0,0,2
2024|10,Huntsville,Arkansas,United States,1,1,0,0,0,1,0,1
2024|10,Ida Grove,Iowa,United States,2,2,0,2,1,0,0,2
2024|10,Jasper,Texas,United States,1,1,0,1,1,0,0,1
2024|10,Jonesboro,Arkansas,United States,2,2,0,2,1,0,0,8
2024|10,Kansas City,Kansas,United States,1,1,1,0,0,1,0,1
2024|10,Kansas City,Missouri,United States,1,1,1,1,1,0,0,1
2024|10,Karachi,Sindh,Pakistan,3,3,3,3,1,0,0,6
2024|10,Kolar Gold Fields,Karnataka,India,1,1,1,1,1,0,0,1
2024|10,La Mesa,California,United States,1,1,1,1,1,0,0,1
2024|10,Lake Mills,Iowa,United States,1,1,1,1,1,0,0,3
2024|10,Lakenheath,England,United Kingdom,1,1,1,0,0,1,0,1
2024|10,Lamar,Missouri,United States,1,1,0,0,0,1,0,0
2024|10,Lawrenceburg,Tennessee,United States,1,1,0,1,1,0,0,2
2024|10,Le Mars,Iowa,United States,2,2,2,2,1,0,0,3
2024|10,Leominster,Massachusetts,United States,1,1,1,1,1,0,0,1
2024|10,Lexington,Kentucky,United States,1,1,1,0,0,1,0,1
2024|10,Lincoln,California,United States,1,1,1,0,0,1,0,1
2024|10,Lino Lakes,Minnesota,United States,1,1,0,0,0,1,0,0
2024|10,London,England,United Kingdom,1,1,1,0,0,1,0,1
2024|10,Los Angeles,California,United States,1,1,1,0,0,1,0,1
2024|10,Lulea,Norrbotten County,Sweden,1,1,1,1,1,0,0,1
2024|10,Luton,England,United Kingdom,1,1,1,1,1,0,0,1
2024|10,Madison,Kansas,United States,1,1,0,1,1,0,0,4
2024|10,Madison,Wisconsin,United States,1,1,1,1,1,0,0,1
2024|10,Maple Grove,Minnesota,United States,5,5,5,1,0.2,0.8,0,7
2024|10,Marshfield,Wisconsin,United States,1,1,0,0,0,1,0,1
2024|10,Martin,Tennessee,United States,1,1,0,1,1,0,0,2
2024|10,Meadville,Pennsylvania,United States,1,1,1,1,1,0,0,8
2024|10,Mendota Heights,Minnesota,United States,1,1,1,0,0,1,0,1
2024|10,Metropolis,Illinois,United States,1,1,0,0,0,1,0,1
2024|10,Midwest City,Oklahoma,United States,1,1,1,0,0,1,0,1
2024|10,Milbank,South Dakota,United States,1,1,1,0,0,1,0,1
2024|10,Milwaukee,Wisconsin,United States,1,1,0,1,1,0,0,1
2024|10,Minneapolis,Minnesota,United States,193,139,122,85,0.4404,0.5596,0,342
2024|10,Minnetonka,Minnesota,United States,11,9,7,4,0.3636,0.6364,0,12
2024|10,Minnetrista,Minnesota,United States,1,1,1,1,1,0,0,3
2024|10,Montevallo,Alabama,United States,1,1,0,1,1,0,0,0
2024|10,Monticello,Minnesota,United States,1,1,1,0,0,1,0,1
2024|10,Montrose,Minnesota,United States,1,1,1,1,1,0,0,1
2024|10,Morton Grove,Illinois,United States,1,1,0,0,0,1,0,1
2024|10,Moses Lake,Washington,United States,1,1,1,1,1,0,0,1
2024|10,Mound,Minnesota,United States,1,1,1,1,1,0,0,2
2024|10,Mounds View,Minnesota,United States,2,2,1,2,1,0,0,4
2024|10,Mumbai,Maharashtra,India,1,1,1,0,0,1,0,1
2024|10,Nashville,Tennessee,United States,1,1,1,1,1,0,0,1
2024|10,Nebraska City,Nebraska,United States,2,2,0,2,1,0,0,6
2024|10,New Brighton,Minnesota,United States,3,2,0,2,0.6667,0.3333,0,5
2024|10,New Hope,Minnesota,United States,2,1,1,0,0,1,0,2
2024|10,New York,New York,United States,6,6,5,2,0.3333,0.6667,0,5
2024|10,Oakdale,Minnesota,United States,2,2,2,2,1,0,0,4
2024|10,Oakley,Kansas,United States,1,1,0,1,1,0,0,1
2024|10,Oakville,Ontario,Canada,1,1,1,1,1,0,0,3
2024|10,Orangeburg,New York,United States,1,1,1,1,1,0,0,2
2024|10,Orangeburg,South Carolina,United States,1,1,1,0,0,1,0,1
2024|10,Orono,Minnesota,United States,1,1,1,1,1,0,0,4
2024|10,Osceola,Wisconsin,United States,1,1,1,1,1,0,0,3
2024|10,Overland Park,Kansas,United States,1,1,1,1,1,0,0,1
2024|10,Pawnee City,Nebraska,United States,1,1,1,1,1,0,0,4
2024|10,Philadelphia,Pennsylvania,United States,1,1,1,1,1,0,0,1
2024|10,Phillipsburg,Kansas,United States,1,1,0,0,0,1,0,1
2024|10,Pipestone,Minnesota,United States,1,1,0,1,1,0,0,4
2024|10,Plymouth,Minnesota,United States,1,1,1,1,1,0,0,1
2024|10,Pocahontas,Arkansas,United States,1,1,1,0,0,1,0,1
2024|10,Prior Lake,Minnesota,United States,1,1,1,0,0,1,0,1
2024|10,Quemado,Texas,United States,1,1,0,1,1,0,0,3
2024|10,Rib Lake,Wisconsin,United States,1,1,0,1,1,0,0,1
2024|10,Rice,Minnesota,United States,2,2,0,2,1,0,0,7
2024|10,Richfield,Minnesota,United States,2,2,2,0,0,1,0,2
2024|10,Riverside,California,United States,1,1,1,0,0,1,0,1
2024|10,Rushford,Minnesota,United States,1,1,0,0,0,1,0,1
2024|10,Rusk,Texas,United States,1,1,0,0,0,1,0,1
2024|10,Russell,Kansas,United States,1,1,0,1,1,0,0,1
2024|10,Saint Francis,Minnesota,United States,1,1,1,0,0,1,0,1
2024|10,Saint Paul,Minnesota,United States,10,8,7,5,0.5,0.5,0,12
2024|10,Salem,Kentucky,United States,1,1,1,1,1,0,0,2
2024|10,Salt Lake City,Utah,United States,1,1,1,0,0,1,0,1
2024|10,San Diego,California,United States,1,1,0,1,1,0,0,2
2024|10,San Jose,California,United States,2,2,2,1,0.5,0.5,0,5
2024|10,Shakopee,Minnesota,United States,3,3,3,3,1,0,0,9
2024|10,Shreveport,Louisiana,United States,1,1,0,1,1,0,0,11
2024|10,Sioux Falls,South Dakota,United States,2,1,1,1,0.5,0.5,0,3
2024|10,Skiatook,Oklahoma,United States,1,1,1,1,1,0,0,1
2024|10,Sloatsburg,New York,United States,2,1,1,1,0.5,0.5,0,2
2024|10,South Kingstown,Rhode Island,United States,4,1,0,1,0.25,0.75,0,28
2024|10,Spirit Lake,Iowa,United States,1,1,1,0,0,1,0,1
2024|10,St. Louis Park,Minnesota,United States,5,4,3,2,0.4,0.6,0,6
2024|10,Syracuse,New York,United States,1,1,0,0,0,1,0,0
2024|10,Tallmadge,Ohio,United States,1,1,1,1,1,0,0,1
2024|10,The Hague,South Holland,Netherlands,1,1,1,0,0,1,0,1
2024|10,Tomah,Wisconsin,United States,2,2,0,0,0,1,0,0
2024|10,Villa Grove,Illinois,United States,1,1,1,1,1,0,0,1
2024|10,Waconia,Minnesota,United States,1,1,1,1,1,0,0,4
2024|10,Warsaw,Masovian Voivodeship,Poland,1,1,1,0,0,1,0,1
2024|10,Watertown,Minnesota,United States,1,1,1,1,1,0,0,3
2024|10,Wayzata,Minnesota,United States,1,1,1,1,1,0,0,1
2024|10,Wells,Minnesota,United States,1,1,1,1,1,0,0,2
2024|10,West Sacramento,California,United States,1,1,1,1,1,0,0,1
2024|10,West Saint Paul,Minnesota,United States,1,1,1,1,1,0,0,7
2024|10,Wilburton,Oklahoma,United States,1,1,1,1,1,0,0,2
2024|10,Willmar,Minnesota,United States,2,2,2,1,0.5,0.5,0,3
2024|10,Winona,Missouri,United States,1,1,0,0,0,1,0,1
2024|10,Winter Park,Florida,United States,1,1,1,0,0,1,0,1
2024|10,Woodbury,Minnesota,United States,5,2,1,2,0.4,0.6,0,14
2024|10,Wymore,Nebraska,United States,1,1,0,0,0,1,0,0
2024|10,Wyoming,Minnesota,United States,1,1,1,1,1,0,0,3
2024|10,Yankton,South Dakota,United States,1,1,0,0,0,1,0,1
2024|11,(not set),(not set),(not set),32,33,32,0,0,1,12,32
2024|11,(not set),(not set),United States,4,4,4,1,0.25,0.75,0,4
2024|11,(not set),Balochistan,Pakistan,1,1,1,1,1,0,1,2
2024|11,(not set),California,United States,1,1,1,0,0,1,0,1
2024|11,(not set),Florida,United States,1,1,1,0,0,1,0,1
2024|11,(not set),Kansas,United States,1,1,1,0,0,1,0,1
2024|11,(not set),Louisiana,United States,1,1,1,0,0,1,0,1
2024|11,(not set),Minnesota,United States,34,26,19,13,0.3824,0.6176,0,55
2024|11,(not set),Montana,United States,1,1,1,0,0,1,0,1
2024|11,(not set),Ohio,United States,1,1,1,1,1,0,0,1
2024|11,(not set),Rangpur Division,Bangladesh,1,1,1,1,1,0,0,1
2024|11,(not set),Utah,United States,1,1,1,0,0,1,0,1
2024|11,Afton,Minnesota,United States,1,1,1,1,1,0,0,1
2024|11,Altoona,Iowa,United States,3,3,3,2,0.6667,0.3333,0,3
2024|11,Andover,Minnesota,United States,1,1,1,0,0,1,0,1
2024|11,Anoka,Minnesota,United States,2,2,1,2,1,0,0,7
2024|11,Antlers,Oklahoma,United States,1,1,1,0,0,1,0,1
2024|11,Ashburn,Virginia,United States,4,4,4,1,0.25,0.75,0,4
2024|11,Atchison,Kansas,United States,1,1,0,1,1,0,0,2
2024|11,Athens,Alabama,United States,1,1,0,1,1,0,0,0
2024|11,Ballinger,Texas,United States,1,1,0,1,1,0,0,2
2024|11,Bangkok,Bangkok,Thailand,3,3,3,1,0.3333,0.6667,0,3
2024|11,Bay Minette,Alabama,United States,1,1,1,0,0,1,0,1
2024|11,Bellville,Texas,United States,1,1,0,0,0,1,0,1
2024|11,Belmont,North Carolina,United States,1,1,1,0,0,1,0,1
2024|11,Blaine,Minnesota,United States,3,3,3,1,0.3333,0.6667,0,3
2024|11,Bloomington,Minnesota,United States,3,3,3,2,0.6667,0.3333,0,7
2024|11,Boardman,Oregon,United States,4,4,4,0,0,1,0,4
2024|11,Bolivar,Missouri,United States,1,1,1,1,1,0,0,1
2024|11,Brainerd,Minnesota,United States,1,1,1,1,1,0,0,4
2024|11,Brooklyn Center,Minnesota,United States,1,1,1,1,1,0,0,1
2024|11,Brooklyn Park,Minnesota,United States,5,5,5,2,0.4,0.6,0,7
2024|11,Burnaby,British Columbia,Canada,1,1,1,1,1,0,0,1
2024|11,Burnsville,Minnesota,United States,2,2,2,0,0,1,0,2
2024|11,Byron,Minnesota,United States,2,2,0,2,1,0,0,7
2024|11,Cagayan de Oro,Northern Mindanao,Philippines,1,1,1,1,1,0,0,1
2024|11,Campbellsville,Kentucky,United States,1,1,0,0,0,1,0,1
2024|11,Carlinville,Illinois,United States,1,1,1,1,1,0,0,1
2024|11,Carney,Michigan,United States,2,2,0,2,1,0,0,6
2024|11,Cedar Hill,Texas,United States,1,1,1,1,1,0,0,9
2024|11,Chanhassen,Minnesota,United States,3,3,3,0,0,1,0,3
2024|11,Charlotte,North Carolina,United States,1,1,1,1,1,0,0,2
2024|11,Chaska,Minnesota,United States,19,6,3,10,0.5263,0.4737,0,37
2024|11,Chicago,Illinois,United States,71,36,30,42,0.5915,0.4085,0,177
2024|11,Chisago City,Minnesota,United States,1,1,0,0,0,1,0,1
2024|11,Clovis,New Mexico,United States,1,1,1,1,1,0,0,1
2024|11,Coalgate,Oklahoma,United States,1,1,1,0,0,1,0,1
2024|11,Cohasset,Minnesota,United States,1,1,1,1,1,0,0,3
2024|11,Columbia Heights,Minnesota,United States,1,1,1,0,0,1,0,1
2024|11,Columbus,Ohio,United States,16,16,16,1,0.0625,0.9375,1,16
2024|11,Coon Rapids,Minnesota,United States,6,6,6,4,0.6667,0.3333,0,8
2024|11,Council Bluffs,Iowa,United States,1,1,1,0,0,1,0,1
2024|11,Crete,Nebraska,United States,1,1,1,0,0,1,0,1
2024|11,Crystal,Minnesota,United States,2,1,1,0,0,1,0,2
2024|11,Dallas,Texas,United States,30,10,6,18,0.6,0.4,0,109
2024|11,Dayton,Minnesota,United States,1,1,1,1,1,0,0,2
2024|11,Dublin,County Dublin,Ireland,12,12,12,7,0.5833,0.4167,0,16
2024|11,Eagan,Minnesota,United States,1,1,1,1,1,0,0,3
2024|11,Eden Prairie,Minnesota,United States,8,7,6,4,0.5,0.5,0,14
2024|11,Edina,Minnesota,United States,4,4,4,2,0.5,0.5,0,9
2024|11,El Paso,Texas,United States,1,1,1,1,1,0,0,1
2024|11,Fairmont,Minnesota,United States,1,1,1,1,1,0,0,9
2024|11,Fargo,North Dakota,United States,2,1,1,2,1,0,0,5
2024|11,Faridabad,Haryana,India,1,1,1,1,1,0,0,1
2024|11,Forest City,North Carolina,United States,4,4,4,1,0.25,0.75,0,4
2024|11,Fort Leonard Wood,Missouri,United States,2,2,0,2,1,0,0,14
2024|11,Fort Worth,Texas,United States,1,1,1,0,0,1,0,1
2024|11,Frankfurt,Hessen,Germany,1,1,1,1,1,0,0,1
2024|11,Fuzhou,Fujian,China,1,1,1,0,0,1,0,1
2024|11,Geneseo,Illinois,United States,2,2,0,2,1,0,0,4
2024|11,Grand Rapids,Minnesota,United States,2,2,2,2,1,0,0,6
2024|11,Hastings,Minnesota,United States,1,1,1,0,0,1,0,1
2024|11,Hopkins,Minnesota,United States,2,2,2,2,1,0,0,12
2024|11,Hot Springs Village,Arkansas,United States,1,1,0,0,0,1,0,0
2024|11,Hudson,Wisconsin,United States,1,1,1,1,1,0,0,2
2024|11,Hugo,Minnesota,United States,1,1,1,0,0,1,0,1
2024|11,Huntington,West Virginia,United States,1,1,1,1,1,0,0,2
2024|11,Hutchinson,Minnesota,United States,1,1,1,1,1,0,0,2
2024|11,Independence,Minnesota,United States,2,2,2,1,0.5,0.5,0,4
2024|11,Iuka,Mississippi,United States,1,1,0,0,0,1,0,1
2024|11,Jacksonville Beach,Florida,United States,1,1,1,0,0,1,0,1
2024|11,Joliet,Illinois,United States,1,1,1,0,0,1,0,1
2024|11,Jordan,Minnesota,United States,1,1,1,0,0,1,0,1
2024|11,Karachi,Sindh,Pakistan,1,1,1,1,1,0,0,2
2024|11,Lakeville,Minnesota,United States,1,1,1,1,1,0,0,1
2024|11,Leesville,Louisiana,United States,1,1,0,1,1,0,0,2
2024|11,Littlefield,Texas,United States,1,1,1,1,1,0,0,4
2024|11,Los Angeles,California,United States,1,1,1,0,0,1,0,1
2024|11,Lulea,Norrbotten County,Sweden,5,5,5,4,0.8,0.2,0,5
2024|11,Malvern,Arkansas,United States,1,1,1,0,0,1,0,1
2024|11,Mankato,Minnesota,United States,1,1,1,0,0,1,0,1
2024|11,Mansfield,Ohio,United States,1,1,1,1,1,0,0,1
2024|11,Maple Grove,Minnesota,United States,9,8,7,4,0.4444,0.5556,0,15
2024|11,Martin,Tennessee,United States,1,1,0,1,1,0,0,12
2024|11,Marysville,Kansas,United States,1,1,1,1,1,0,0,1
2024|11,Metropolis,Illinois,United States,1,1,1,1,1,0,0,1
2024|11,Miami,Florida,United States,1,1,0,0,0,1,0,1
2024|11,Milwaukee,Wisconsin,United States,2,2,0,0,0,1,0,2
2024|11,Minneapolis,Minnesota,United States,219,174,156,98,0.4475,0.5525,0,425
2024|11,Minnetonka,Minnesota,United States,6,6,5,5,0.8333,0.1667,0,14
2024|11,Minnetrista,Minnesota,United States,1,1,1,1,1,0,0,1
2024|11,Monticello,Minnesota,United States,1,1,1,1,1,0,0,1
2024|11,Mora,Minnesota,United States,1,1,0,0,0,1,0,1
2024|11,Mosinee,Wisconsin,United States,1,1,0,0,0,1,0,0
2024|11,Moundridge,Kansas,United States,1,1,0,1,1,0,0,0
2024|11,Nampa,Idaho,United States,1,1,1,0,0,1,0,1
2024|11,Napa,California,United States,1,1,1,0,0,1,0,1
2024|11,New Brighton,Minnesota,United States,1,1,1,0,0,1,0,1
2024|11,New York,New York,United States,5,5,5,2,0.4,0.6,1,6
2024|11,Oconto Falls,Wisconsin,United States,1,1,1,1,1,0,0,2
2024|11,Omaha,Nebraska,United States,1,1,1,1,1,0,0,5
2024|11,Otsego,Minnesota,United States,3,3,2,0,0,1,0,2
2024|11,Overland Park,Kansas,United States,1,1,1,0,0,1,0,1
2024|11,Owatonna,Minnesota,United States,1,1,1,0,0,1,0,1
2024|11,Owensboro,Kentucky,United States,2,2,0,2,1,0,0,15
2024|11,Palembang,South Sumatra,Indonesia,1,1,1,0,0,1,0,1
2024|11,Paranaque,Metro Manila,Philippines,1,1,1,1,1,0,0,2
2024|11,Pawnee City,Nebraska,United States,1,1,0,1,1,0,0,0
2024|11,Peabody,Kansas,United States,1,1,0,0,0,1,0,0
2024|11,Philadelphia,Pennsylvania,United States,1,1,0,1,1,0,0,2
2024|11,Phoenix,Arizona,United States,2,2,2,1,0.5,0.5,0,3
2024|11,Plainview,Nebraska,United States,1,1,0,0,0,1,0,1
2024|11,Plymouth,Minnesota,United States,4,4,4,2,0.5,0.5,0,4
2024|11,Port Arthur,Texas,United States,1,1,1,1,1,0,0,3
2024|11,Prairie du Chien,Wisconsin,United States,1,1,1,1,1,0,0,3
2024|11,Prineville,Oregon,United States,11,11,11,4,0.3636,0.6364,0,11
2024|11,Prior Lake,Minnesota,United States,2,2,2,0,0,1,0,2
2024|11,Ramsey,Minnesota,United States,2,2,2,2,1,0,0,11
2024|11,Rhome,Texas,United States,1,1,1,0,0,1,0,1
2024|11,Rice,Minnesota,United States,1,1,0,0,0,1,0,1
2024|11,Richfield,Minnesota,United States,1,1,1,1,1,0,0,3
2024|11,Robinson,Illinois,United States,1,1,0,1,1,0,0,1
2024|11,Rochester,Minnesota,United States,2,2,1,1,0.5,0.5,0,5
2024|11,Roseville,Minnesota,United States,3,2,1,3,1,0,0,8
2024|11,Russell Springs,Kentucky,United States,1,1,0,0,0,1,0,1
2024|11,Russellville,Alabama,United States,2,2,0,2,1,0,0,7
2024|11,Saint Michael,Minnesota,United States,2,2,2,1,0.5,0.5,0,2
2024|11,Saint Paul,Minnesota,United States,4,4,4,2,0.5,0.5,0,8
2024|11,San Diego,California,United States,1,1,1,0,0,1,0,1
2024|11,Savage,Minnesota,United States,1,1,1,1,1,0,0,1
2024|11,Savanna,Illinois,United States,1,1,1,1,1,0,0,1
2024|11,Seattle,Washington,United States,2,2,2,0,0,1,0,2
2024|11,Selmer,Tennessee,United States,1,1,0,0,0,1,0,1
2024|11,Shakopee,Minnesota,United States,10,8,8,8,0.8,0.2,0,28
2024|11,Shenandoah,Iowa,United States,1,1,0,1,1,0,0,2
2024|11,Shoreview,Minnesota,United States,1,1,1,1,1,0,0,1
2024|11,Sioux Falls,South Dakota,United States,1,1,1,0,0,1,0,1
2024|11,Socorro,New Mexico,United States,1,1,1,1,1,0,0,1
2024|11,Spirit Lake,Iowa,United States,1,1,1,0,0,1,0,1
2024|11,Springfield,Illinois,United States,3,2,1,0,0,1,0,3
2024|11,St. Louis Park,Minnesota,United States,4,4,4,2,0.5,0.5,0,5
2024|11,St. Peters,Missouri,United States,1,1,1,0,0,1,0,1
2024|11,Tempe,Arizona,United States,1,1,0,1,1,0,0,0
2024|11,Toronto,Ontario,Canada,1,1,1,0,0,1,0,1
2024|11,Villa Grove,Illinois,United States,1,1,0,1,1,0,0,3
2024|11,Waconia,Minnesota,United States,1,1,1,0,0,1,0,1
2024|11,Washington,District of Columbia,United States,1,1,1,1,1,0,0,2
2024|11,Wayzata,Minnesota,United States,1,1,1,0,0,1,0,1
2024|11,West Saint Paul,Minnesota,United States,1,1,0,1,1,0,0,2
2024|11,Winchester,Kentucky,United States,1,1,1,0,0,1,0,1
2024|11,Woodbury,Minnesota,United States,3,2,1,2,0.6667,0.3333,0,2
2024|11,Wymore,Nebraska,United States,1,1,0,0,0,1,0,1
2024|11,York,Pennsylvania,United States,1,1,0,0,0,1,0,0
2024|12,(not set),(not set),(not set),17,17,17,0,0,1,0,17
2024|12,(not set),(not set),Puerto Rico,1,1,0,1,1,0,0,2
2024|12,(not set),Illinois,United States,1,1,1,0,0,1,0,1
2024|12,(not set),Kansas,United States,1,1,0,1,1,0,0,1
2024|12,(not set),Minnesota,United States,10,10,10,5,0.5,0.5,0,8
2024|12,(not set),Ohio,United States,1,1,1,1,1,0,0,1
2024|12,(not set),Texas,United States,1,1,0,0,0,1,0,1
2024|12,Altoona,Iowa,United States,1,1,1,0,0,1,0,1
2024|12,Angeles,Central Luzon,Philippines,1,1,1,1,1,0,1,2
2024|12,Anoka,Minnesota,United States,1,1,1,1,1,0,0,1
2024|12,Artesia,New Mexico,United States,1,1,0,1,1,0,0,2
2024|12,Ashburn,Virginia,United States,4,3,3,1,0.25,0.75,0,3
2024|12,Atlanta,Georgia,United States,3,3,3,2,0.6667,0.3333,2,8
2024|12,Austin,Minnesota,United States,5,3,3,4,0.8,0.2,1,20
2024|12,Barrington,New Hampshire,United States,1,1,1,1,1,0,0,2
2024|12,Bellevue,Washington,United States,2,1,1,1,0.5,0.5,0,2
2024|12,Bemidji,Minnesota,United States,1,1,0,0,0,1,0,1
2024|12,Bengaluru,Karnataka,India,1,1,1,1,1,0,0,1
2024|12,Birmingham,Alabama,United States,1,1,1,0,0,1,0,1
2024|12,Blaine,Minnesota,United States,1,1,1,1,1,0,0,1
2024|12,Bloomington,Indiana,United States,1,1,1,0,0,1,0,1
2024|12,Bloomington,Minnesota,United States,6,5,5,3,0.5,0.5,0,7
2024|12,Boardman,Oregon,United States,2,2,2,1,0.5,0.5,0,2
2024|12,Boston,Massachusetts,United States,1,1,1,0,0,1,0,1
2024|12,Brewton,Alabama,United States,2,2,1,2,1,0,0,6
2024|12,Brookhaven,Georgia,United States,1,1,1,0,0,1,0,1
2024|12,Brooklyn Park,Minnesota,United States,6,6,5,3,0.5,0.5,0,11
2024|12,Buffalo,Minnesota,United States,2,2,2,1,0.5,0.5,0,4
2024|12,Burnsville,Minnesota,United States,1,1,1,0,0,1,0,1
2024|12,Canfield,Ohio,United States,1,1,1,1,1,0,0,1
2024|12,Cao Bang,Cao Bang,Vietnam,1,1,1,0,0,1,0,1
2024|12,Centerville,Minnesota,United States,1,1,1,0,0,1,0,1
2024|12,Chalco,Nebraska,United States,1,1,1,0,0,1,0,1
2024|12,Chambers,Nebraska,United States,1,1,0,0,0,1,0,1
2024|12,Chaska,Minnesota,United States,20,8,2,8,0.4,0.6,0,31
2024|12,Chennai,Tamil Nadu,India,1,1,1,1,1,0,1,2
2024|12,Chicago,Illinois,United States,60,36,27,23,0.3833,0.6167,3,93
2024|12,Clarendon,Texas,United States,1,1,0,1,1,0,2,4
2024|12,Clark,New Jersey,United States,1,1,1,1,1,0,0,1
2024|12,Clewiston,Florida,United States,1,1,1,1,1,0,0,1
2024|12,Cohasset,Minnesota,United States,1,1,1,1,1,0,0,3
2024|12,Columbus,Ohio,United States,5,5,5,1,0.2,0.8,1,5
2024|12,Conroe,Texas,United States,1,1,0,1,1,0,1,3
2024|12,Coon Rapids,Minnesota,United States,3,3,3,1,0.3333,0.6667,0,3
2024|12,Cottage Grove,Minnesota,United States,5,1,0,1,0.2,0.8,0,7
2024|12,Council Bluffs,Iowa,United States,1,1,1,0,0,1,0,1
2024|12,Crystal,Minnesota,United States,1,1,1,0,0,1,0,1
2024|12,Dallas,Texas,United States,16,13,10,13,0.8125,0.1875,2,51
2024|12,Davao City,Davao Region,Philippines,1,1,1,1,1,0,0,1
2024|12,Denver,Colorado,United States,1,1,1,0,0,1,0,1
2024|12,Des Moines,Iowa,United States,2,2,2,1,0.5,0.5,0,4
2024|12,Dublin,County Dublin,Ireland,1,1,1,0,0,1,0,1
2024|12,Duisburg,North Rhine-Westphalia,Germany,5,5,5,1,0.2,0.8,1,5
2024|12,Eagan,Minnesota,United States,2,1,1,0,0,1,0,1
2024|12,Eden Prairie,Minnesota,United States,6,6,5,6,1,0,1,21
2024|12,Edina,Minnesota,United States,1,1,1,0,0,1,0,1
2024|12,Eureka,Kansas,United States,1,1,1,0,0,1,0,1
2024|12,Fawn Grove,Pennsylvania,United States,1,1,1,1,1,0,0,3
2024|12,Forest City,North Carolina,United States,2,2,2,1,0.5,0.5,0,2
2024|12,Fort Lauderdale,Florida,United States,1,1,1,0,0,1,0,1
2024|12,Fort Worth,Texas,United States,1,1,0,0,0,1,0,0
2024|12,Greenfield,Minnesota,United States,1,1,1,0,0,1,0,1
2024|12,Hennessey,Oklahoma,United States,1,1,1,1,1,0,0,1
2024|12,Hong Kong,(not set),Hong Kong,2,2,2,0,0,1,0,2
2024|12,Hopkins,Minnesota,United States,4,3,2,2,0.5,0.5,0,4
2024|12,Hugo,Minnesota,United States,1,1,1,1,1,0,0,6
2024|12,Hutchinson,Minnesota,United States,1,1,1,0,0,1,0,1
2024|12,Independence,Minnesota,United States,1,1,0,1,1,0,0,2
2024|12,Junction City,Kansas,United States,2,2,1,1,0.5,0.5,0,1
2024|12,Karachi,Sindh,Pakistan,3,3,3,2,0.6667,0.3333,2,6
2024|12,Kitchener,Ontario,Canada,1,1,1,1,1,0,0,1
2024|12,Lagos,Lagos,Nigeria,1,1,1,1,1,0,0,4
2024|12,Lahore,Punjab,Pakistan,1,1,1,1,1,0,0,1
2024|12,Lakeville,Minnesota,United States,6,5,4,3,0.5,0.5,0,8
2024|12,Lamar,Missouri,United States,1,1,0,0,0,1,0,1
2024|12,Lansing,Kansas,United States,1,1,1,1,1,0,0,2
2024|12,Los Angeles,California,United States,1,1,1,0,0,1,0,1
2024|12,Lulea,Norrbotten County,Sweden,3,3,3,2,0.6667,0.3333,0,3
2024|12,Magee,Mississippi,United States,1,1,0,0,0,1,0,1
2024|12,Manor,Texas,United States,2,2,0,0,0,1,0,1
2024|12,Maple Grove,Minnesota,United States,1,1,1,1,1,0,0,5
2024|12,Maplewood,Minnesota,United States,2,1,1,0,0,1,0,1
2024|12,Milwaukee,Wisconsin,United States,1,1,1,1,1,0,0,1
2024|12,Minneapolis,Minnesota,United States,153,128,109,68,0.4444,0.5556,3,244
2024|12,Minnetonka,Minnesota,United States,8,6,6,5,0.625,0.375,0,16
2024|12,Montgomery,Alabama,United States,2,2,1,1,0.5,0.5,0,1
2024|12,Monticello,Minnesota,United States,1,1,1,0,0,1,0,1
2024|12,New Brighton,Minnesota,United States,1,1,1,1,1,0,0,1
2024|12,New York,New York,United States,12,10,9,4,0.3333,0.6667,0,11
2024|12,Niederkruchten,North Rhine-Westphalia,Germany,1,1,1,0,0,1,0,1
2024|12,Oak Grove,Minnesota,United States,2,2,2,2,1,0,0,5
2024|12,Ozark,Alabama,United States,1,1,0,1,1,0,0,1
2024|12,Pagosa Springs,Colorado,United States,1,1,1,1,1,0,0,2
2024|12,Pasadena,Texas,United States,1,1,1,0,0,1,0,1
2024|12,Pea Ridge,Arkansas,United States,1,1,1,0,0,1,0,1
2024|12,Pearland,Texas,United States,1,1,1,1,1,0,0,2
2024|12,Perham,Minnesota,United States,1,1,0,0,0,1,0,1
2024|12,Perry,Georgia,United States,1,1,1,0,0,1,0,1
2024|12,Phoenix,Arizona,United States,1,1,1,0,0,1,0,1
2024|12,Piedmont,Alabama,United States,1,1,0,0,0,1,0,0
2024|12,Plainview,Nebraska,United States,1,1,1,1,1,0,0,2
2024|12,Plymouth,Minnesota,United States,4,3,3,4,1,0,1,8
2024|12,Port Wing,Wisconsin,United States,1,1,0,1,1,0,0,3
2024|12,Portland,Oregon,United States,1,1,1,1,1,0,0,1
2024|12,Prineville,Oregon,United States,3,3,3,2,0.6667,0.3333,0,3
2024|12,Prior Lake,Minnesota,United States,1,1,1,1,1,0,0,1
2024|12,Quanzhou,Fujian,China,1,1,1,0,0,1,0,1
2024|12,Roseville,Minnesota,United States,2,2,2,1,0.5,0.5,0,10
2024|12,Sacramento,California,United States,1,1,1,0,0,1,0,1
2024|12,Saint Michael,Minnesota,United States,3,2,2,1,0.3333,0.6667,0,8
2024|12,Saint Paul,Minnesota,United States,10,8,7,7,0.7,0.3,0,13
2024|12,San Augustine,Texas,United States,1,1,0,1,1,0,0,0
2024|12,San Diego,California,United States,4,4,4,0,0,1,0,4
2024|12,Sarasota,Florida,United States,1,1,1,1,1,0,0,2
2024|12,Savage,Minnesota,United States,1,1,1,1,1,0,0,1
2024|12,Sayre,Oklahoma,United States,1,1,0,1,1,0,0,1
2024|12,Seattle,Washington,United States,1,1,1,1,1,0,0,1
2024|12,Selmer,Tennessee,United States,1,1,1,0,0,1,0,1
2024|12,Shakopee,Minnesota,United States,7,4,3,5,0.7143,0.2857,0,14
2024|12,St. Louis Park,Minnesota,United States,1,1,1,1,1,0,0,1
2024|12,Staples,Minnesota,United States,1,1,1,1,1,0,0,1
2024|12,Tallahassee,Florida,United States,1,1,1,1,1,0,0,1
2024|12,Tekamah,Nebraska,United States,1,1,1,1,1,0,0,3
2024|12,Tempe,Arizona,United States,1,1,0,1,1,0,1,3
2024|12,Vadnais Heights,Minnesota,United States,1,1,1,1,1,0,1,6
2024|12,Vincennes,Indiana,United States,1,1,1,0,0,1,0,1
2024|12,Waukesha,Wisconsin,United States,2,2,1,1,0.5,0.5,0,5
2024|12,Weatherford,Oklahoma,United States,1,1,0,0,0,1,0,0
2024|12,Weslaco,Texas,United States,1,1,0,0,0,1,0,1
2024|12,White Bear Lake,Minnesota,United States,1,1,1,1,1,0,0,2
2024|12,Wyldwood,Texas,United States,1,1,0,1,1,0,1,1
2025|01,(not set),(not set),(not set),13,13,13,1,0.0769,0.9231,1,16
2025|01,(not set),(not set),China,1,1,1,1,1,0,0,2
2025|01,(not set),(not set),France,1,1,1,0,0,1,0,1
2025|01,(not set),(not set),Germany,2,2,2,0,0,1,0,2
2025|01,(not set),(not set),India,2,2,2,0,0,1,0,2
2025|01,(not set),(not set),United States,1,1,1,1,1,0,1,2
2025|01,(not set),Arkansas,United States,2,1,1,2,1,0,1,6
2025|01,(not set),Colorado,United States,6,6,6,0,0,1,0,4
2025|01,(not set),Iowa,United States,1,1,1,0,0,1,0,1
2025|01,(not set),Michigan,United States,1,1,1,1,1,0,0,1
2025|01,(not set),Minnesota,United States,4,4,4,2,0.5,0.5,0,8
2025|01,(not set),Missouri,United States,1,1,1,1,1,0,0,1
2025|01,(not set),Wisconsin,United States,1,1,1,1,1,0,0,3
2025|01,Albert Lea,Minnesota,United States,1,1,0,1,1,0,0,2
2025|01,Amritsar,Punjab,India,1,1,1,1,1,0,0,2
2025|01,Anoka,Minnesota,United States,2,2,2,1,0.5,0.5,0,4
2025|01,Apple Valley,Minnesota,United States,1,1,1,1,1,0,0,4
2025|01,Ashburn,Virginia,United States,7,7,7,4,0.5714,0.4286,0,8
2025|01,Ashland,Kentucky,United States,1,1,1,1,1,0,0,3
2025|01,Aurora,Illinois,United States,1,1,1,1,1,0,0,3
2025|01,Bengaluru,Karnataka,India,1,1,1,1,1,0,0,1
2025|01,Bielefeld,North Rhine-Westphalia,Germany,1,1,1,1,1,0,0,1
2025|01,Blaine,Minnesota,United States,1,1,1,0,0,1,0,1
2025|01,Bloomington,Minnesota,United States,2,2,2,1,0.5,0.5,0,2
2025|01,Boardman,Oregon,United States,3,3,3,0,0,1,0,3
2025|01,Boston,Massachusetts,United States,1,1,1,1,1,0,0,1
2025|01,Bothell,Washington,United States,1,1,1,1,1,0,0,2
2025|01,Bottineau,North Dakota,United States,1,1,1,0,0,1,0,1
2025|01,Boydton,Virginia,United States,1,1,1,0,0,1,0,1
2025|01,Brookings,Oregon,United States,1,1,1,1,1,0,0,5
2025|01,Burnsville,Minnesota,United States,2,2,2,0,0,1,0,2
2025|01,Caldwell,Kansas,United States,1,1,1,1,1,0,0,2
2025|01,Cancun,Quintana Roo,Mexico,1,1,1,1,1,0,0,4
2025|01,Carlsbad,California,United States,1,1,1,0,0,1,0,1
2025|01,Chanhassen,Minnesota,United States,7,2,2,3,0.4286,0.5714,0,13
2025|01,Chaska,Minnesota,United States,55,9,2,26,0.4727,0.5273,0,137
2025|01,Chennai,Tamil Nadu,India,1,1,1,0,0,1,0,1
2025|01,Chicago,Illinois,United States,30,28,21,15,0.5,0.5,0,51
2025|01,Chintamani,Karnataka,India,3,2,2,3,1,0,0,3
2025|01,Ciudad Nezahualcoyotl,State of Mexico,Mexico,1,1,1,0,0,1,0,1
2025|01,Clearwater,Florida,United States,1,1,1,1,1,0,0,1
2025|01,Columbus,Ohio,United States,8,7,7,1,0.125,0.875,1,7
2025|01,Coon Rapids,Minnesota,United States,3,3,3,2,0.6667,0.3333,0,9
2025|01,Coral Gables,Florida,United States,1,1,1,0,0,1,0,1
2025|01,Cottage Grove,Minnesota,United States,1,1,0,1,1,0,0,3
2025|01,Council Bluffs,Iowa,United States,1,1,1,0,0,1,0,1
2025|01,Crystal,Minnesota,United States,1,1,0,1,1,0,0,3
2025|01,Dallas,Texas,United States,4,4,3,2,0.5,0.5,0,5
2025|01,DeLand,Florida,United States,1,1,1,0,0,1,0,1
2025|01,Denver,Colorado,United States,1,1,1,0,0,1,0,1
2025|01,Dodgeville,Wisconsin,United States,1,1,1,1,1,0,0,2
2025|01,Downers Grove,Illinois,United States,2,2,0,1,0.5,0.5,0,1
2025|01,Dublin,County Dublin,Ireland,5,5,5,4,0.8,0.2,0,6
2025|01,Dundas,Minnesota,United States,1,1,1,1,1,0,0,1
2025|01,Eagan,Minnesota,United States,2,2,2,1,0.5,0.5,0,4
2025|01,Eden Prairie,Minnesota,United States,9,7,6,6,0.6667,0.3333,0,15
2025|01,Edina,Minnesota,United States,2,2,2,1,0.5,0.5,0,12
2025|01,El Dorado,Arkansas,United States,1,1,0,0,0,1,0,0
2025|01,Elk River,Minnesota,United States,1,1,1,1,1,0,0,5
2025|01,Falcon Heights,Minnesota,United States,1,1,1,0,0,1,0,1
2025|01,Fargo,North Dakota,United States,2,2,2,1,0.5,0.5,0,2
2025|01,Forest City,North Carolina,United States,5,5,5,2,0.4,0.6,0,5
2025|01,Fort Worth,Texas,United States,2,2,2,2,1,0,0,2
2025|01,Ghaziabad,Uttar Pradesh,India,1,1,1,1,1,0,0,1
2025|01,Golden Valley,Minnesota,United States,1,1,0,0,0,1,0,1
2025|01,Greenfield,Minnesota,United States,11,5,4,5,0.4545,0.5455,0,27
2025|01,Gustine,California,United States,1,1,0,0,0,1,0,1
2025|01,Hong Kong,(not set),Hong Kong,1,1,1,0,0,1,0,1
2025|01,Hopkins,Minnesota,United States,3,2,2,2,0.6667,0.3333,0,5
2025|01,Hutchinson,Minnesota,United States,1,1,1,0,0,1,0,1
2025|01,Independence,Minnesota,United States,2,1,1,2,1,0,0,8
2025|01,Inver Grove Heights,Minnesota,United States,2,1,1,0,0,1,0,2
2025|01,Jordan,Minnesota,United States,1,1,1,0,0,1,0,1
2025|01,Karachi,Sindh,Pakistan,1,1,1,1,1,0,1,2
2025|01,Khimki,Moscow Oblast,Russia,1,1,1,0,0,1,0,1
2025|01,Kingston,New Hampshire,United States,1,1,1,1,1,0,0,1
2025|01,Lincoln,Illinois,United States,1,1,0,1,1,0,0,1
2025|01,Little Canada,Minnesota,United States,1,1,1,1,1,0,0,1
2025|01,Lulea,Norrbotten County,Sweden,8,8,8,7,0.875,0.125,0,9
2025|01,Madison,Wisconsin,United States,2,1,1,1,0.5,0.5,0,5
2025|01,Maple Grove,Minnesota,United States,3,3,2,2,0.6667,0.3333,0,8
2025|01,Medina,Minnesota,United States,1,1,1,0,0,1,0,1
2025|01,Miami,Florida,United States,2,2,2,0,0,1,0,2
2025|01,Minneapolis,Minnesota,United States,140,92,73,67,0.4786,0.5214,4,254
2025|01,Minnetonka,Minnesota,United States,10,8,8,8,0.8,0.2,1,18
2025|01,Minnetrista,Minnesota,United States,3,3,3,3,1,0,0,5
2025|01,Morris,Illinois,United States,1,1,0,0,0,1,0,1
2025|01,Mulhouse,Grand Est,France,1,1,0,1,1,0,0,0
2025|01,Nashville,Tennessee,United States,1,1,0,1,1,0,0,0
2025|01,Neustrelitz,Mecklenburg-Vorpommern,Germany,1,1,0,0,0,1,0,1
2025|01,New Brighton,Minnesota,United States,2,2,1,0,0,1,0,2
2025|01,New Richmond,Wisconsin,United States,4,1,1,2,0.5,0.5,0,10
2025|01,New York,New York,United States,10,5,4,3,0.3,0.7,0,34
2025|01,North New Hyde Park,New York,United States,1,1,1,0,0,1,0,1
2025|01,Omaha,Nebraska,United States,2,2,2,2,1,0,0,3
2025|01,Oranjestad,(not set),Aruba,1,1,0,0,0,1,0,1
2025|01,Orono,Minnesota,United States,3,2,2,2,0.6667,0.3333,0,4
2025|01,Owatonna,Minnesota,United States,2,2,2,1,0.5,0.5,0,2
2025|01,Palm Springs,Florida,United States,1,1,1,1,1,0,0,1
2025|01,Pawnee City,Nebraska,United States,1,1,0,1,1,0,0,2
2025|01,Phoenix,Arizona,United States,3,2,2,1,0.3333,0.6667,1,3
2025|01,Pierre,South Dakota,United States,1,1,1,1,1,0,0,2
2025|01,Plymouth,Minnesota,United States,3,3,3,2,0.6667,0.3333,0,8
2025|01,Portland,Oregon,United States,1,1,1,1,1,0,0,2
2025|01,Prentiss,Mississippi,United States,1,1,1,0,0,1,0,1
2025|01,Prineville,Oregon,United States,5,5,5,4,0.8,0.2,0,5
2025|01,Puebla,Puebla,Mexico,1,1,1,1,1,0,0,1
2025|01,Pulaski,Tennessee,United States,1,1,1,1,1,0,0,5
2025|01,Pune,Maharashtra,India,1,1,1,1,1,0,1,3
2025|01,Ramsey,Minnesota,United States,3,2,1,0,0,1,0,3
2025|01,Raymondville,Texas,United States,1,1,0,1,1,0,0,1
2025|01,Rennes,Brittany,France,1,1,1,1,1,0,0,1
2025|01,Richfield,Minnesota,United States,2,1,1,1,0.5,0.5,0,2
2025|01,Richmond,Indiana,United States,1,1,1,0,0,1,0,1
2025|01,Richmond Hill,Georgia,United States,1,1,1,0,0,1,0,1
2025|01,Robbinsdale,Minnesota,United States,1,1,1,1,1,0,0,1
2025|01,Rochester,Minnesota,United States,2,1,1,1,0.5,0.5,0,2
2025|01,Rogers,Minnesota,United States,1,1,1,1,1,0,1,12
2025|01,Roseville,Minnesota,United States,3,3,3,0,0,1,0,3
2025|01,Sahibzada Ajit Singh Nagar,Punjab,India,5,3,3,2,0.4,0.6,1,4
2025|01,Saint Paul,Minnesota,United States,7,7,6,6,0.8571,0.1429,0,20
2025|01,Saint Paul Park,Minnesota,United States,1,1,1,0,0,1,0,1
2025|01,San Antonio,Texas,United States,1,1,1,0,0,1,0,1
2025|01,San Jose,California,United States,2,1,1,1,0.5,0.5,0,2
2025|01,Sarasota,Florida,United States,1,1,0,1,1,0,1,6
2025|01,Savage,Minnesota,United States,3,2,2,2,0.6667,0.3333,0,23
2025|01,SeaTac,Washington,United States,1,1,0,0,0,1,0,1
2025|01,Sedalia,Missouri,United States,1,1,0,0,0,1,0,0
2025|01,Shoreview,Minnesota,United States,2,2,1,1,0.5,0.5,0,2
2025|01,Sister Bay,Wisconsin,United States,1,1,1,1,1,0,0,1
2025|01,St. Louis,Missouri,United States,1,1,1,1,1,0,0,1
2025|01,St. Louis Park,Minnesota,United States,8,5,5,4,0.5,0.5,2,12
2025|01,Tigard,Oregon,United States,1,1,1,1,1,0,0,3
2025|01,Two Rivers,Wisconsin,United States,1,1,1,1,1,0,0,1
2025|01,Vadnais Heights,Minnesota,United States,1,1,1,1,1,0,1,3
2025|01,Venice,Florida,United States,1,1,1,0,0,1,0,1
2025|01,Victoria,Minnesota,United States,1,1,1,1,1,0,0,1
2025|01,Villa Grove,Illinois,United States,1,1,1,1,1,0,0,1
2025|01,Waconia,Minnesota,United States,2,2,2,2,1,0,0,2
2025|01,Warrensburg,Missouri,United States,1,1,1,1,1,0,1,3
2025|01,Wayzata,Minnesota,United States,1,1,0,1,1,0,0,1
2025|01,Wheaton,Illinois,United States,1,1,1,0,0,1,0,1
2025|01,Williston,North Dakota,United States,2,1,1,2,1,0,0,3
2025|01,Wisconsin Rapids,Wisconsin,United States,1,1,0,1,1,0,0,2
2025|01,Woodbury,Minnesota,United States,2,2,1,1,0.5,0.5,0,4
2025|01,Worthing,England,United Kingdom,1,1,1,0,0,1,0,1
2025|02,(not set),(not set),(not set),14,14,14,0,0,1,0,14
2025|02,(not set),(not set),Germany,2,2,2,0,0,1,0,2
2025|02,(not set),(not set),United Kingdom,1,1,1,0,0,1,0,1
2025|02,(not set),Iowa,United States,2,2,2,2,1,0,0,4
2025|02,(not set),Tokyo,Japan,1,1,1,0,0,1,0,1
2025|02,Ackerman,Mississippi,United States,1,1,0,1,1,0,0,3
2025|02,Albert Lea,Minnesota,United States,1,1,0,1,1,0,0,2
2025|02,Altoona,Iowa,United States,2,2,2,1,0.5,0.5,0,2
2025|02,Amsterdam,North Holland,Netherlands,1,1,1,1,1,0,0,1
2025|02,Antlers,Oklahoma,United States,1,1,1,1,1,0,0,6
2025|02,Apple Valley,Minnesota,United States,2,2,2,1,0.5,0.5,0,2
2025|02,Ashburn,Virginia,United States,18,8,8,4,0.2222,0.7778,0,21
2025|02,Ashland,Kentucky,United States,8,2,1,8,1,0,0,27
2025|02,Ashland,Wisconsin,United States,1,1,0,1,1,0,0,3
2025|02,Atchison,Kansas,United States,1,1,1,0,0,1,0,1
2025|02,Athens,Alabama,United States,1,1,0,0,0,1,0,0
2025|02,Atlanta,Georgia,United States,4,2,1,0,0,1,0,4
2025|02,Baldwin,Wisconsin,United States,1,1,1,1,1,0,0,3
2025|02,Bellingham,Washington,United States,1,1,1,1,1,0,0,2
2025|02,Berea,South Carolina,United States,1,1,1,0,0,1,0,1
2025|02,Blaine,Minnesota,United States,5,2,1,4,0.8,0.2,1,7
2025|02,Bloomington,Minnesota,United States,4,3,3,2,0.5,0.5,0,11
2025|02,Boardman,Oregon,United States,2,2,2,1,0.5,0.5,0,2
2025|02,Bonham,Texas,United States,1,1,0,0,0,1,0,1
2025|02,Boscobel,Wisconsin,United States,1,1,0,1,1,0,0,1
2025|02,Boydton,Virginia,United States,1,1,1,0,0,1,0,1
2025|02,Brooklyn Center,Minnesota,United States,1,1,1,1,1,0,0,2
2025|02,Brooklyn Park,Minnesota,United States,3,3,2,3,1,0,0,4
2025|02,Buffalo,Minnesota,United States,2,2,2,1,0.5,0.5,1,3
2025|02,Burnsville,Minnesota,United States,2,2,2,1,0.5,0.5,0,4
2025|02,Cagayan de Oro,Northern Mindanao,Philippines,2,1,1,2,1,0,0,3
2025|02,Caledonia,Wisconsin,United States,4,2,2,4,1,0,1,21
2025|02,Cambridge,Minnesota,United States,1,1,1,0,0,1,0,1
2025|02,Canby,Oregon,United States,1,1,1,1,1,0,0,2
2025|02,Chaska,Minnesota,United States,76,10,3,37,0.4868,0.5132,1,186
2025|02,Chicago,Illinois,United States,28,17,12,16,0.5714,0.4286,2,53
2025|02,Cohasset,Minnesota,United States,1,1,1,1,1,0,0,2
2025|02,Coimbatore,Tamil Nadu,India,2,2,2,2,1,0,0,2
2025|02,Columbus,Ohio,United States,1,1,1,1,1,0,1,8
2025|02,Coon Rapids,Minnesota,United States,1,1,0,1,1,0,1,2
2025|02,Cottage Grove,Minnesota,United States,3,1,1,2,0.6667,0.3333,0,26
2025|02,Crockett,Texas,United States,1,1,0,1,1,0,0,0
2025|02,Dallas,Texas,United States,6,5,4,2,0.3333,0.6667,0,6
2025|02,DeKalb,Illinois,United States,1,1,1,0,0,1,0,1
2025|02,Des Moines,Iowa,United States,1,1,1,0,0,1,0,1
2025|02,Dublin,County Dublin,Ireland,10,10,10,6,0.6,0.4,0,13
2025|02,Eden Prairie,Minnesota,United States,9,8,8,7,0.7778,0.2222,0,13
2025|02,Edina,Minnesota,United States,2,2,2,1,0.5,0.5,0,4
2025|02,El Cajon,California,United States,1,1,1,0,0,1,0,1
2025|02,Elko New Market,Minnesota,United States,1,1,0,0,0,1,0,1
2025|02,Fennimore,Wisconsin,United States,1,1,1,1,1,0,0,2
2025|02,Forest City,North Carolina,United States,3,3,3,2,0.6667,0.3333,0,3
2025|02,Fort Collins,Colorado,United States,1,1,1,0,0,1,0,1
2025|02,Fort Worth,Texas,United States,1,1,1,0,0,1,0,1
2025|02,Fridley,Minnesota,United States,1,1,1,1,1,0,0,2
2025|02,Fuzhou,Fujian,China,1,1,1,1,1,0,0,2
2025|02,Gainesville,Virginia,United States,1,1,1,0,0,1,0,1
2025|02,Greenfield,Minnesota,United States,1,1,1,1,1,0,0,2
2025|02,Ham Lake,Minnesota,United States,10,5,4,7,0.7,0.3,0,22
2025|02,Hennessey,Oklahoma,United States,1,1,1,1,1,0,0,1
2025|02,Hialeah Gardens,Florida,United States,1,1,1,0,0,1,0,1
2025|02,Hopkins,Minnesota,United States,11,6,5,8,0.7273,0.2727,0,27
2025|02,Houston,Texas,United States,1,1,1,1,1,0,0,1
2025|02,Hudson,Wisconsin,United States,1,1,1,1,1,0,0,1
2025|02,Hugo,Minnesota,United States,1,1,1,1,1,0,0,1
2025|02,Idabel,Oklahoma,United States,1,1,0,1,1,0,0,1
2025|02,Istanbul,Istanbul,Türkiye,1,1,1,1,1,0,0,2
2025|02,Jena,Louisiana,United States,1,1,0,0,0,1,0,1
2025|02,Karachi,Sindh,Pakistan,2,2,2,2,1,0,2,4
2025|02,Lafayette,Louisiana,United States,2,2,2,1,0.5,0.5,0,2
2025|02,Lake Elmo,Minnesota,United States,4,1,1,2,0.5,0.5,0,5
2025|02,Lake Havasu City,Arizona,United States,1,1,1,1,1,0,1,2
2025|02,Lake Wildwood,California,United States,1,1,1,1,1,0,1,2
2025|02,Lakeville,Minnesota,United States,4,3,3,2,0.5,0.5,0,3
2025|02,Lakewood Ranch,Florida,United States,1,1,1,1,1,0,0,1
2025|02,Littleton,Colorado,United States,2,1,1,0,0,1,0,1
2025|02,Los Angeles,California,United States,2,2,1,1,0.5,0.5,0,2
2025|02,Lulea,Norrbotten County,Sweden,1,1,1,1,1,0,0,1
2025|02,Macon,Missouri,United States,2,2,2,1,0.5,0.5,2,3
2025|02,Manor,Texas,United States,1,1,1,1,1,0,0,3
2025|02,Maple Grove,Minnesota,United States,1,1,1,1,1,0,3,19
2025|02,Maplewood,Minnesota,United States,3,2,2,2,0.6667,0.3333,1,6
2025|02,Middleton,Wisconsin,United States,2,2,1,1,0.5,0.5,0,3
2025|02,Minneapolis,Minnesota,United States,137,84,70,85,0.6204,0.3796,7,270
2025|02,Minnetonka,Minnesota,United States,4,4,4,2,0.5,0.5,0,5
2025|02,Minnetrista,Minnesota,United States,1,1,0,1,1,0,1,1
2025|02,Montgomery,Minnesota,United States,1,1,1,1,1,0,0,2
2025|02,Moses Lake,Washington,United States,2,2,2,1,0.5,0.5,0,2
2025|02,Mount Vista,Washington,United States,1,1,1,1,1,0,0,6
2025|02,New Orleans,Louisiana,United States,1,1,0,1,1,0,0,4
2025|02,New York,New York,United States,6,4,3,3,0.5,0.5,0,8
2025|02,Newbern,Tennessee,United States,1,1,0,1,1,0,0,3
2025|02,Omaha,Nebraska,United States,2,1,1,1,0.5,0.5,0,4
2025|02,Osborne,Kansas,United States,1,1,1,1,1,0,0,1
2025|02,Owatonna,Minnesota,United States,2,2,2,1,0.5,0.5,0,2
2025|02,Paynesville,Minnesota,United States,1,1,1,0,0,1,0,1
2025|02,Perham,Minnesota,United States,1,1,0,0,0,1,0,1
2025|02,Perth,Western Australia,Australia,1,1,1,1,1,0,0,1
2025|02,Plymouth,Minnesota,United States,3,3,2,3,1,0,0,10
2025|02,Portland,Oregon,United States,3,3,3,2,0.6667,0.3333,2,6
2025|02,Prairie du Chien,Wisconsin,United States,5,5,5,4,0.8,0.2,0,8
2025|02,Prineville,Oregon,United States,3,3,3,2,0.6667,0.3333,0,3
2025|02,Red Wing,Minnesota,United States,1,1,1,0,0,1,0,1
2025|02,Richfield,Minnesota,United States,1,1,1,1,1,0,0,14
2025|02,Ridgecrest,California,United States,1,1,1,1,1,0,0,1
2025|02,Rogers,Minnesota,United States,3,3,3,2,0.6667,0.3333,0,7
2025|02,Sahibzada Ajit Singh Nagar,Punjab,India,2,1,1,0,0,1,0,1
2025|02,Saint Paul,Minnesota,United States,3,3,2,3,1,0,0,15
2025|02,San Jose,California,United States,2,2,2,0,0,1,0,2
2025|02,Santa Anna,Texas,United States,1,1,0,0,0,1,0,1
2025|02,Santa Claus,Indiana,United States,1,1,1,1,1,0,1,2
2025|02,Sarasota,Florida,United States,1,1,1,0,0,1,0,1
2025|02,Sartell,Minnesota,United States,1,1,1,1,1,0,0,7
2025|02,Sauk Rapids,Minnesota,United States,1,1,1,1,1,0,0,1
2025|02,Seattle,Washington,United States,3,2,2,3,1,0,0,8
2025|02,Shenandoah,Iowa,United States,1,1,0,1,1,0,0,2
2025|02,Shoreview,Minnesota,United States,2,2,2,1,0.5,0.5,0,7
2025|02,Sibley,Iowa,United States,1,1,0,0,0,1,0,0
2025|02,Sioux Falls,South Dakota,United States,2,1,0,2,1,0,1,3
2025|02,Somerset,Wisconsin,United States,1,1,1,0,0,1,0,1
2025|02,Sparta,Illinois,United States,1,1,1,1,1,0,0,2
2025|02,Spring Hill,Tennessee,United States,1,1,1,1,1,0,0,2
2025|02,St. Louis,Missouri,United States,1,1,0,1,1,0,0,0
2025|02,St. Louis Park,Minnesota,United States,2,2,2,2,1,0,0,3
2025|02,Szeged,Csongrad,Hungary,1,1,1,1,1,0,0,1
2025|02,Thessaloniki,Decentralized Administration of Macedonia and Thrace,Greece,1,1,1,1,1,0,0,1
2025|02,Toronto,Ontario,Canada,1,1,1,1,1,0,0,2
2025|02,Trostberg,Bavaria,Germany,2,1,1,2,1,0,0,3
2025|02,Tucson,Arizona,United States,1,1,0,0,0,1,0,1
2025|02,Uniontown,Alabama,United States,1,1,0,0,0,1,0,1
2025|02,Washington,District of Columbia,United States,1,1,1,1,1,0,0,2
2025|02,Watonga,Oklahoma,United States,1,1,1,1,1,0,0,3
2025|02,Wayzata,Minnesota,United States,3,1,1,1,0.3333,0.6667,0,2
2025|02,West Mifflin,Pennsylvania,United States,1,1,1,0,0,1,0,1
2025|02,White Bear Lake,Minnesota,United States,2,1,1,1,0.5,0.5,0,4
2025|02,Winnsboro,Louisiana,United States,1,1,0,0,0,1,0,1
2025|03,(not set),(not set),(not set),13,13,13,0,0,1,0,13
2025|03,(not set),(not set),France,1,1,1,0,0,1,0,1
2025|03,(not set),(not set),United Kingdom,1,1,1,1,1,0,1,1
2025|03,(not set),(not set),United States,1,1,1,0,0,1,0,1
2025|03,(not set),California,United States,2,2,2,0,0,1,0,2
2025|03,(not set),Iowa,United States,1,1,1,0,0,1,0,1
2025|03,(not set),Michigan,United States,2,2,1,1,0.5,0.5,0,3
2025|03,(not set),Oklahoma,United States,1,1,1,0,0,1,0,1
2025|03,(not set),Texas,United States,1,1,0,1,1,0,0,2
2025|03,(not set),Zamboanga Peninsula,Philippines,1,1,1,0,0,1,0,1
2025|03,Abu Dhabi,Abu Dhabi,United Arab Emirates,2,1,1,0,0,1,0,1
2025|03,Altoona,Iowa,United States,1,1,1,1,1,0,0,1
2025|03,Amarillo,Texas,United States,1,1,0,0,0,1,0,1
2025|03,Anoka,Minnesota,United States,2,1,1,1,0.5,0.5,0,5
2025|03,Ashburn,Virginia,United States,21,7,6,3,0.1429,0.8571,0,23
2025|03,Atlanta,Georgia,United States,4,3,2,2,0.5,0.5,0,4
2025|03,Avondale,Arizona,United States,1,1,0,1,1,0,0,1
2025|03,Bangkok,Bangkok,Thailand,1,1,0,1,1,0,1,3
2025|03,Bannockburn,Illinois,United States,3,1,1,2,0.6667,0.3333,1,4
2025|03,Bartlesville,Oklahoma,United States,1,1,1,0,0,1,0,1
2025|03,Bastrop,Louisiana,United States,1,1,0,0,0,1,0,1
2025|03,Birmingham,England,United Kingdom,1,1,1,0,0,1,0,1
2025|03,Blaine,Minnesota,United States,5,4,3,3,0.6,0.4,0,10
2025|03,Bloomington,Minnesota,United States,3,3,3,3,1,0,0,4
2025|03,Boardman,Oregon,United States,2,2,2,0,0,1,0,2
2025|03,Boston,Massachusetts,United States,1,1,0,1,1,0,0,1
2025|03,Brampton,Ontario,Canada,1,1,1,1,1,0,0,1
2025|03,Brandon,Florida,United States,1,1,1,0,0,1,0,1
2025|03,Calhoun City,Mississippi,United States,1,1,0,0,0,1,0,1
2025|03,Cebu City,Central Visayas,Philippines,1,1,1,1,1,0,0,1
2025|03,Chadron,Nebraska,United States,1,1,1,1,1,0,0,6
2025|03,Chanhassen,Minnesota,United States,2,2,1,1,0.5,0.5,0,6
2025|03,Charlotte,North Carolina,United States,1,1,1,1,1,0,0,2
2025|03,Chaska,Minnesota,United States,115,14,6,77,0.6696,0.3304,0,316
2025|03,Chiang Mai,Chiang Mai,Thailand,1,1,1,1,1,0,1,2
2025|03,Chicago,Illinois,United States,40,29,22,20,0.5,0.5,3,75
2025|03,Cincinnati,Ohio,United States,1,1,1,0,0,1,0,1
2025|03,Clearwater,Florida,United States,1,1,1,1,1,0,0,1
2025|03,Cohasset,Minnesota,United States,2,1,0,2,1,0,0,4
2025|03,Colorado City,Texas,United States,1,1,1,1,1,0,0,2
2025|03,Columbus,Ohio,United States,5,5,5,1,0.2,0.8,1,5
2025|03,Colwyn Bay,Wales,United Kingdom,1,1,1,0,0,1,0,1
2025|03,Cottage Grove,Minnesota,United States,2,2,2,0,0,1,0,2
2025|03,Council Bluffs,Iowa,United States,2,2,2,1,0.5,0.5,0,2
2025|03,Crawfordsville,Indiana,United States,1,1,1,1,1,0,0,1
2025|03,Crete,Nebraska,United States,1,1,0,0,0,1,0,1
2025|03,Cuyahoga Falls,Ohio,United States,1,1,1,0,0,1,0,1
2025|03,Dallas,Texas,United States,6,5,2,2,0.3333,0.6667,0,6
2025|03,Danville,Vermont,United States,1,1,1,0,0,1,0,1
2025|03,Des Moines,Iowa,United States,1,1,1,0,0,1,0,1
2025|03,Desert Hot Springs,California,United States,2,2,0,2,1,0,1,12
2025|03,Dublin,County Dublin,Ireland,5,5,5,4,0.8,0.2,0,5
2025|03,Eagan,Minnesota,United States,1,1,0,1,1,0,0,1
2025|03,Eagle Butte,South Dakota,United States,2,2,1,1,0.5,0.5,0,2
2025|03,East Los Angeles,California,United States,2,2,0,0,0,1,0,2
2025|03,Eatonton,Georgia,United States,1,1,1,0,0,1,0,1
2025|03,Eau Claire,Wisconsin,United States,1,1,1,1,1,0,0,3
2025|03,Eden Prairie,Minnesota,United States,14,4,3,7,0.5,0.5,0,37
2025|03,Edina,Minnesota,United States,3,3,3,1,0.3333,0.6667,0,3
2025|03,Egaleo,Attica,Greece,2,1,1,1,0.5,0.5,0,1
2025|03,Elk River,Minnesota,United States,1,1,1,1,1,0,0,6
2025|03,Falls City,Oregon,United States,1,1,1,1,1,0,0,4
2025|03,Feasterville-Trevose,Pennsylvania,United States,3,1,1,0,0,1,0,2
2025|03,Forest City,North Carolina,United States,4,4,4,1,0.25,0.75,0,4
2025|03,Fort Worth,Texas,United States,1,1,1,0,0,1,0,1
2025|03,Galveston,Texas,United States,1,1,0,1,1,0,0,1
2025|03,Gardendale,Alabama,United States,2,1,1,0,0,1,0,2
2025|03,Gilbert,Arizona,United States,1,1,1,1,1,0,0,1
2025|03,Golden Valley,Minnesota,United States,1,1,1,1,1,0,1,2
2025|03,Gowrie,Iowa,United States,1,1,0,1,1,0,0,0
2025|03,Ham Lake,Minnesota,United States,3,2,0,1,0.3333,0.6667,0,4
2025|03,Hamad Town,Northern Governorate,Bahrain,1,1,1,1,1,0,0,1
2025|03,Hamilton,Ontario,Canada,1,1,1,0,0,1,0,1
2025|03,Henderson,Minnesota,United States,1,1,1,1,1,0,0,1
2025|03,Holyrood,Kansas,United States,1,1,1,1,1,0,0,6
2025|03,Hopkins,Minnesota,United States,7,5,4,4,0.5714,0.4286,0,24
2025|03,Houghton le Spring,England,United Kingdom,1,1,1,1,1,0,1,3
2025|03,Houston,Texas,United States,1,1,1,0,0,1,0,1
2025|03,Huxley,Iowa,United States,1,1,0,1,1,0,0,1
2025|03,Independence,Minnesota,United States,1,1,1,0,0,1,0,1
2025|03,Jonesboro,Arkansas,United States,1,1,0,1,1,0,0,0
2025|03,Jordan,Minnesota,United States,1,1,1,1,1,0,0,2
2025|03,Kansas City,Missouri,United States,1,1,1,1,1,0,1,2
2025|03,Karachi,Sindh,Pakistan,4,4,4,4,1,0,3,9
2025|03,Kenosha,Wisconsin,United States,1,1,1,1,1,0,0,1
2025|03,Las Vegas,Nevada,United States,2,1,1,1,0.5,0.5,0,2
2025|03,Le Sueur,Minnesota,United States,1,1,1,1,1,0,0,2
2025|03,Lindsay,Oklahoma,United States,1,1,0,1,1,0,0,3
2025|03,Lindsborg,Kansas,United States,1,1,0,0,0,1,0,1
2025|03,London,England,United Kingdom,1,1,1,0,0,1,0,1
2025|03,Los Angeles,California,United States,1,1,0,1,1,0,0,3
2025|03,Maple Grove,Minnesota,United States,2,2,2,2,1,0,0,9
2025|03,Medina,Minnesota,United States,1,1,1,1,1,0,0,1
2025|03,Middlefield,Ohio,United States,1,1,1,0,0,1,0,1
2025|03,Milton Keynes,England,United Kingdom,1,1,1,0,0,1,0,1
2025|03,Milwaukee,Wisconsin,United States,2,1,0,1,0.5,0.5,0,3
2025|03,Minneapolis,Minnesota,United States,96,57,44,51,0.5313,0.4688,4,191
2025|03,Minnetonka,Minnesota,United States,6,6,6,4,0.6667,0.3333,0,13
2025|03,Minnetrista,Minnesota,United States,1,1,1,1,1,0,0,1
2025|03,Moses Lake,Washington,United States,1,1,1,1,1,0,0,1
2025|03,Mumbai,Maharashtra,India,1,1,1,1,1,0,1,2
2025|03,New Hope,Minnesota,United States,1,1,1,0,0,1,0,1
2025|03,New York,New York,United States,1,1,1,1,1,0,1,1
2025|03,North Mankato,Minnesota,United States,1,1,1,1,1,0,0,1
2025|03,Northfield,Minnesota,United States,1,1,1,1,1,0,0,1
2025|03,Oakdale,Minnesota,United States,2,2,2,1,0.5,0.5,0,2
2025|03,Orlando,Florida,United States,1,1,1,0,0,1,0,1
2025|03,Palm Springs,California,United States,1,1,0,0,0,1,0,1
2025|03,Phoenix,Arizona,United States,1,1,0,1,1,0,0,1
2025|03,Plymouth,Minnesota,United States,5,5,5,3,0.6,0.4,0,12
2025|03,Port Charlotte,Florida,United States,2,2,1,1,0.5,0.5,0,2
2025|03,Portales,New Mexico,United States,1,1,1,0,0,1,0,1
2025|03,Prairie du Chien,Wisconsin,United States,1,1,1,1,1,0,0,3
2025|03,Princeton,Minnesota,United States,1,1,1,1,1,0,0,6
2025|03,Prineville,Oregon,United States,1,1,1,1,1,0,0,1
2025|03,Prior Lake,Minnesota,United States,2,1,1,0,0,1,0,1
2025|03,Pulaski,Tennessee,United States,1,1,0,1,1,0,0,1
2025|03,Ramat Hasharon,Tel Aviv District,Israel,1,1,1,0,0,1,0,1
2025|03,Ramsey,Minnesota,United States,2,1,1,1,0.5,0.5,0,3
2025|03,Richmond,Illinois,United States,1,1,1,0,0,1,0,1
2025|03,Robbinsdale,Minnesota,United States,5,3,2,2,0.4,0.6,0,10
2025|03,Rochester,Minnesota,United States,1,1,1,1,1,0,0,4
2025|03,Rockaway Township,New Jersey,United States,1,1,1,1,1,0,0,2
2025|03,Roseville,Minnesota,United States,1,1,1,1,1,0,0,2
2025|03,Rushford,Minnesota,United States,1,1,0,1,1,0,0,0
2025|03,Sahibzada Ajit Singh Nagar,Punjab,India,2,1,1,1,0.5,0.5,0,2
2025|03,Saint Joseph,Minnesota,United States,2,1,1,1,0.5,0.5,0,1
2025|03,Saint Michael,Minnesota,United States,2,1,1,2,1,0,1,6
2025|03,Saint Paul,Minnesota,United States,3,3,1,2,0.6667,0.3333,0,4
2025|03,Sarasota,Florida,United States,1,1,0,1,1,0,0,1
2025|03,Savage,Minnesota,United States,1,1,1,0,0,1,0,1
2025|03,Sayre,Oklahoma,United States,1,1,1,1,1,0,0,1
2025|03,Seattle,Washington,United States,4,3,2,4,1,0,0,12
2025|03,Shakopee,Minnesota,United States,3,2,2,2,0.6667,0.3333,0,9
2025|03,Sheboygan,Wisconsin,United States,1,1,1,1,1,0,0,2
2025|03,Shoreview,Minnesota,United States,1,1,1,1,1,0,0,1
2025|03,Shorewood,Minnesota,United States,1,1,1,1,1,0,0,4
2025|03,South Saint Paul,Minnesota,United States,2,1,1,1,0.5,0.5,0,3
2025|03,Sparta,Missouri,United States,1,1,0,0,0,1,0,1
2025|03,St. Cloud,Minnesota,United States,1,1,1,1,1,0,0,1
2025|03,St. Louis Park,Minnesota,United States,10,5,5,7,0.7,0.3,0,13
2025|03,Stewartville,Minnesota,United States,1,1,0,1,1,0,0,1
2025|03,Stockholm,Stockholm County,Sweden,1,1,1,1,1,0,0,1
2025|03,Talladega,Alabama,United States,1,1,0,1,1,0,0,1
2025|03,Walsall,England,United Kingdom,1,1,1,0,0,1,0,1
2025|03,Waukesha,Wisconsin,United States,2,2,2,0,0,1,0,2
2025|03,Wayzata,Minnesota,United States,1,1,1,0,0,1,0,1
2025|03,Wheaton,Illinois,United States,1,1,0,0,0,1,0,1
2025|03,White Oak,Ohio,United States,1,1,1,1,1,0,1,2
2025|03,Wichita,Kansas,United States,1,1,0,0,0,1,0,1
2025|03,Wiggins,Mississippi,United States,1,1,1,1,1,0,0,4
2025|03,Woburn,Massachusetts,United States,1,1,1,0,0,1,0,1
2025|03,Woodbury,Minnesota,United States,2,1,0,0,0,1,0,2
2025|03,Wyoming,Minnesota,United States,1,1,1,1,1,0,0,5
2025|03,Yankton,South Dakota,United States,1,1,1,0,0,1,0,1
2025|04,(not set),(not set),(not set),3,3,3,0,0,1,0,3
2025|04,(not set),(not set),France,3,3,3,3,1,0,0,15
2025|04,(not set),(not set),India,1,1,0,1,1,0,0,5
2025|04,(not set),(not set),Netherlands,2,2,2,2,1,0,0,10
2025|04,(not set),(not set),United States,8,8,7,2,0.25,0.75,1,7
2025|04,(not set),Calabarzon,Philippines,2,1,1,1,0.5,0.5,0,2
2025|04,(not set),Madhya Pradesh,India,1,1,1,1,1,0,0,2
2025|04,(not set),Minnesota,United States,3,2,2,2,0.6667,0.3333,0,5
2025|04,Albertville,Minnesota,United States,1,1,1,1,1,0,0,4
2025|04,Aliceville,Alabama,United States,1,1,0,1,1,0,0,7
2025|04,Altoona,Iowa,United States,2,2,2,1,0.5,0.5,0,2
2025|04,Amsterdam,North Holland,Netherlands,3,2,1,2,0.6667,0.3333,0,7
2025|04,Ashburn,Virginia,United States,6,4,2,0,0,1,0,4
2025|04,Atlanta,Georgia,United States,1,1,1,1,1,0,0,1
2025|04,Birmingham,Alabama,United States,2,1,0,0,0,1,0,2
2025|04,Blaine,Minnesota,United States,5,2,0,5,1,0,1,26
2025|04,Bloomington,Minnesota,United States,4,4,3,3,0.75,0.25,0,9
2025|04,Boardman,Oregon,United States,20,20,18,2,0.1,0.9,1,18
2025|04,Brooklyn Park,Minnesota,United States,4,3,1,2,0.5,0.5,0,5
2025|04,Buffalo,Minnesota,United States,1,1,1,1,1,0,0,3
2025|04,Burlington,Iowa,United States,1,1,1,1,1,0,0,14
2025|04,Burnsville,Minnesota,United States,2,1,0,1,0.5,0.5,0,2
2025|04,Cambridge,Minnesota,United States,3,2,2,2,0.6667,0.3333,0,14
2025|04,Canby,Oregon,United States,1,1,1,1,1,0,1,3
2025|04,Champlin,Minnesota,United States,1,1,1,1,1,0,0,1
2025|04,Chanhassen,Minnesota,United States,3,2,2,1,0.3333,0.6667,0,4
2025|04,Chaska,Minnesota,United States,79,10,3,47,0.5949,0.4051,0,202
2025|04,Chicago,Illinois,United States,22,16,10,13,0.5909,0.4091,0,44
2025|04,Cleveland,Florida,United States,2,2,2,2,1,0,0,3
2025|04,Coalgate,Oklahoma,United States,1,1,1,1,1,0,0,1
2025|04,Colorado Springs,Colorado,United States,1,1,0,1,1,0,0,1
2025|04,Columbus,Ohio,United States,2,2,2,1,0.5,0.5,1,5
2025|04,Coon Rapids,Minnesota,United States,1,1,1,1,1,0,0,4
2025|04,Cottage Grove,Oregon,United States,1,1,1,1,1,0,0,2
2025|04,Council Bluffs,Iowa,United States,1,1,1,0,0,1,0,1
2025|04,Dallas,Texas,United States,13,9,6,8,0.6154,0.3846,0,29
2025|04,Dassel,Minnesota,United States,2,2,1,1,0.5,0.5,0,2
2025|04,Deerfield,Illinois,United States,1,1,0,1,1,0,0,2
2025|04,Delhi,Delhi,India,2,2,2,2,1,0,2,2
2025|04,Denver,Colorado,United States,1,1,1,1,1,0,0,2
2025|04,Detroit,Michigan,United States,1,1,1,1,1,0,0,3
2025|04,Eagan,Minnesota,United States,1,1,1,1,1,0,0,7
2025|04,Eden Prairie,Minnesota,United States,19,9,7,15,0.7895,0.2105,0,38
2025|04,Edina,Minnesota,United States,4,4,4,3,0.75,0.25,1,17
2025|04,Elk River,Minnesota,United States,1,1,1,1,1,0,0,3
2025|04,Fairfield,California,United States,1,1,0,0,0,1,0,0
2025|04,Forest City,North Carolina,United States,4,4,4,2,0.5,0.5,0,4
2025|04,Fort Collins,Colorado,United States,1,1,0,1,1,0,0,0
2025|04,Fort Worth,Texas,United States,1,1,1,1,1,0,0,1
2025|04,Franklin,Tennessee,United States,2,2,2,0,0,1,0,2
2025|04,Fremont,California,United States,1,1,1,1,1,0,0,1
2025|04,Gavle,Gavleborg County,Sweden,1,1,1,0,0,1,0,1
2025|04,Glendale,Arizona,United States,1,1,1,1,1,0,0,7
2025|04,Golden Valley,Minnesota,United States,1,1,1,0,0,1,0,1
2025|04,Greenwich,Connecticut,United States,2,2,2,1,0.5,0.5,0,4
2025|04,Hawarden,Iowa,United States,1,1,1,1,1,0,0,5
2025|04,Hennessey,Oklahoma,United States,1,1,1,0,0,1,0,1
2025|04,Hopkins,Minnesota,United States,1,1,1,1,1,0,0,5
2025|04,Horn Lake,Mississippi,United States,1,1,1,1,1,0,0,1
2025|04,Hugo,Minnesota,United States,3,2,1,3,1,0,1,5
2025|04,Hyderabad,Telangana,India,1,1,1,1,1,0,0,1
2025|04,Iloilo City,Western Visayas,Philippines,1,1,1,0,0,1,0,1
2025|04,Inver Grove Heights,Minnesota,United States,1,1,0,1,1,0,0,1
2025|04,Iuka,Mississippi,United States,1,1,1,1,1,0,0,3
2025|04,Jacksonville,Florida,United States,1,1,0,1,1,0,0,4
2025|04,Jordan,Minnesota,United States,1,1,1,1,1,0,0,2
2025|04,Lahore,Punjab,Pakistan,2,1,1,0,0,1,0,2
2025|04,Lakeville,Minnesota,United States,1,1,1,1,1,0,0,3
2025|04,Laval,Quebec,Canada,2,1,1,0,0,1,0,1
2025|04,Le Mars,Iowa,United States,1,1,1,0,0,1,0,1
2025|04,Lino Lakes,Minnesota,United States,1,1,0,1,1,0,0,1
2025|04,Los Angeles,California,United States,2,2,1,1,0.5,0.5,0,2
2025|04,Macon,Missouri,United States,1,1,1,1,1,0,0,1
2025|04,Maple Grove,Minnesota,United States,11,4,1,2,0.1818,0.8182,1,27
2025|04,Marquette,Michigan,United States,1,1,1,1,1,0,0,2
2025|04,Mayville,North Dakota,United States,1,1,0,0,0,1,0,0
2025|04,Miami,Florida,United States,2,2,2,1,0.5,0.5,0,5
2025|04,Minneapolis,Minnesota,United States,95,51,32,42,0.4421,0.5579,5,217
2025|04,Minnetonka,Minnesota,United States,7,6,5,6,0.8571,0.1429,2,18
2025|04,Minnetrista,Minnesota,United States,1,1,1,1,1,0,0,4
2025|04,Montgomery,Minnesota,United States,1,1,1,1,1,0,0,3
2025|04,Morgan,Utah,United States,1,1,1,1,1,0,0,1
2025|04,Muscatine,Iowa,United States,1,1,0,0,0,1,0,1
2025|04,Nanticoke,Pennsylvania,United States,1,1,1,1,1,0,0,2
2025|04,Nelle,East Nusa Tenggara,Indonesia,1,1,1,1,1,0,0,1
2025|04,New Ulm,Minnesota,United States,5,1,1,4,0.8,0.2,0,12
2025|04,New York,New York,United States,7,7,6,1,0.1429,0.8571,0,10
2025|04,Norwalk,California,United States,1,1,1,1,1,0,0,1
2025|04,Ord,Nebraska,United States,1,1,1,1,1,0,0,2
2025|04,Orono,Minnesota,United States,1,1,1,1,1,0,0,3
2025|04,Osborne,Kansas,United States,1,1,0,1,1,0,0,2
2025|04,Owatonna,Minnesota,United States,1,1,1,1,1,0,0,1
2025|04,Paris,Illinois,United States,1,1,1,1,1,0,0,2
2025|04,Plano,Texas,United States,1,1,1,1,1,0,0,1
2025|04,Playa del Carmen,Quintana Roo,Mexico,2,1,1,0,0,1,0,2
2025|04,Plymouth,Minnesota,United States,2,2,2,1,0.5,0.5,1,3
2025|04,Portland,Oregon,United States,1,1,1,1,1,0,0,1
2025|04,Richfield,Minnesota,United States,1,1,0,0,0,1,0,0
2025|04,Rolling Fork,Mississippi,United States,1,1,0,0,0,1,0,1
2025|04,Roseville,Minnesota,United States,1,1,1,0,0,1,0,1
2025|04,Saint Joseph,Minnesota,United States,1,1,0,1,1,0,0,1
2025|04,Saint Paul,Minnesota,United States,3,3,3,1,0.3333,0.6667,0,4
2025|04,Sammamish,Washington,United States,1,1,0,0,0,1,0,1
2025|04,San Diego,California,United States,2,2,1,1,0.5,0.5,0,2
2025|04,San Jose,San Jose Province,Costa Rica,2,1,1,0,0,1,0,2
2025|04,Scottsdale,Arizona,United States,1,1,0,1,1,0,0,4
2025|04,Seattle,Washington,United States,7,5,2,4,0.5714,0.4286,1,13
2025|04,Shakopee,Minnesota,United States,5,3,3,3,0.6,0.4,0,9
2025|04,Shorewood,Minnesota,United States,3,2,2,2,0.6667,0.3333,0,4
2025|04,Sioux Falls,South Dakota,United States,1,1,1,0,0,1,0,1
2025|04,Smith Center,Kansas,United States,1,1,1,1,1,0,0,1
2025|04,St. Louis Park,Minnesota,United States,1,1,1,0,0,1,0,1
2025|04,Tulungagung Regency,East Java,Indonesia,1,1,1,0,0,1,0,1
2025|04,Villa Grove,Illinois,United States,1,1,0,1,1,0,0,0
2025|04,Vilnius,Vilnius County,Lithuania,1,1,1,1,1,0,0,2
2025|04,Waconia,Minnesota,United States,1,1,1,1,1,0,1,3
2025|04,Wheatland,Iowa,United States,1,1,0,0,0,1,0,1
2025|04,Willmar,Minnesota,United States,1,1,1,1,1,0,0,1
2025|04,Wilton,Iowa,United States,1,1,1,1,1,0,0,3
2025|04,Winlock,Washington,United States,1,1,0,0,0,1,0,1
2025|04,Woodbury,Minnesota,United States,1,1,0,1,1,0,1,5
2025|04,96272,Gorontalo,Indonesia,1,1,0,1,1,0,0,1
2025|05,(not set),(not set),(not set),8,8,8,0,0,1,0,8
2025|05,(not set),(not set),Germany,43,43,43,3,0.0698,0.9302,1,44
2025|05,(not set),(not set),United States,3,3,3,1,0.3333,0.6667,0,6
2025|05,(not set),Eastern Visayas,Philippines,1,1,1,0,0,1,0,1
2025|05,(not set),Mecklenburg-Vorpommern,Germany,1,1,1,0,0,1,0,1
2025|05,(not set),Michigan,United States,1,1,0,0,0,1,0,1
2025|05,(not set),Ohio,United States,1,1,1,1,1,0,0,3
2025|05,(not set),Oregon,United States,1,1,1,1,1,0,0,1
2025|05,(not set),Washington,United States,1,1,1,0,0,1,0,1
2025|05,Altoona,Iowa,United States,1,1,1,1,1,0,0,1
2025|05,Anoka,Minnesota,United States,1,1,1,1,1,0,0,5
2025|05,Apple Valley,Minnesota,United States,3,2,2,0,0,1,0,2
2025|05,Ashburn,Virginia,United States,13,12,12,3,0.2308,0.7692,0,13
2025|05,Bacolod,Western Visayas,Philippines,1,1,1,1,1,0,0,1
2025|05,Bahawalpur,Punjab,Pakistan,1,1,1,0,0,1,0,1
2025|05,Beresford,South Dakota,United States,1,1,1,1,1,0,0,1
2025|05,Blaine,Minnesota,United States,1,1,1,1,1,0,0,1
2025|05,Bloomington,Minnesota,United States,3,1,0,2,0.6667,0.3333,0,3
2025|05,Boardman,Oregon,United States,9,9,9,3,0.3333,0.6667,1,17
2025|05,Boston,Massachusetts,United States,2,2,2,1,0.5,0.5,0,6
2025|05,Boydton,Virginia,United States,1,1,1,1,1,0,0,1
2025|05,Bremen,Bremen,Germany,1,1,1,1,1,0,0,1
2025|05,Brisbane,Queensland,Australia,1,1,1,0,0,1,0,1
2025|05,Brooklyn Park,Minnesota,United States,2,1,0,2,1,0,0,6
2025|05,Buffalo,New York,United States,1,1,1,0,0,1,0,1
2025|05,Camden,Arkansas,United States,2,2,0,1,0.5,0.5,1,2
2025|05,Canton,Texas,United States,1,1,1,1,1,0,0,1
2025|05,Carver,Minnesota,United States,1,1,1,1,1,0,0,1
2025|05,Chanhassen,Minnesota,United States,6,5,5,5,0.8333,0.1667,2,38
2025|05,Chaska,Minnesota,United States,44,10,2,20,0.4545,0.5455,0,79
2025|05,Chicago,Illinois,United States,31,24,21,13,0.4194,0.5806,0,65
2025|05,Chilliwack,British Columbia,Canada,1,1,1,1,1,0,0,2
2025|05,Cleveland,Ohio,United States,1,1,1,0,0,1,0,1
2025|05,Colombo,Western Province,Sri Lanka,1,1,1,1,1,0,0,1
2025|05,Columbus,Ohio,United States,5,5,5,1,0.2,0.8,1,5
2025|05,Colusa,California,United States,1,1,0,1,1,0,0,1
2025|05,Colwood,British Columbia,Canada,1,1,1,1,1,0,0,1
2025|05,Coon Rapids,Minnesota,United States,1,1,1,1,1,0,0,2
2025|05,Council Bluffs,Iowa,United States,1,1,1,0,0,1,0,1
2025|05,Crystal Falls,Michigan,United States,1,1,0,0,0,1,0,1
2025|05,Dallas,Texas,United States,15,11,7,7,0.4667,0.5333,0,19
2025|05,Detroit,Michigan,United States,1,1,0,0,0,1,0,1
2025|05,Dublin,County Dublin,Ireland,1,1,1,1,1,0,0,1
2025|05,Eagan,Minnesota,United States,1,1,0,0,0,1,0,0
2025|05,Easton,Maryland,United States,2,1,1,0,0,1,0,1
2025|05,Eden Prairie,Minnesota,United States,10,6,3,8,0.8,0.2,0,15
2025|05,Edina,Minnesota,United States,5,2,1,4,0.8,0.2,1,8
2025|05,Euless,Texas,United States,1,1,1,1,1,0,0,1
2025|05,Falls City,Nebraska,United States,1,1,1,1,1,0,0,2
2025|05,Fargo,North Dakota,United States,1,1,1,1,1,0,0,1
2025|05,Faribault,Minnesota,United States,1,1,1,1,1,0,0,3
2025|05,Forest City,North Carolina,United States,3,3,3,2,0.6667,0.3333,0,3
2025|05,Fort Leonard Wood,Missouri,United States,1,1,1,1,1,0,0,2
2025|05,Fort Worth,Texas,United States,2,2,2,1,0.5,0.5,0,2
2025|05,Fuzhou,Fujian,China,1,1,1,0,0,1,0,1
2025|05,Galveston,Texas,United States,1,1,0,1,1,0,0,2
2025|05,Golden Valley,Minnesota,United States,2,2,2,2,1,0,1,6
2025|05,Gulfport,Mississippi,United States,1,1,0,1,1,0,0,2
2025|05,Ham Lake,Minnesota,United States,1,1,0,1,1,0,0,1
2025|05,Hong Kong,(not set),Hong Kong,1,1,1,0,0,1,0,1
2025|05,Hopkins,Minnesota,United States,5,3,3,4,0.8,0.2,1,19
2025|05,Houston,Texas,United States,1,1,1,0,0,1,0,1
2025|05,Hudson,Wisconsin,United States,7,4,4,4,0.5714,0.4286,0,8
2025|05,Huntersville,North Carolina,United States,1,1,1,0,0,1,0,1
2025|05,Hutchinson,Minnesota,United States,1,1,1,1,1,0,0,3
2025|05,Inver Grove Heights,Minnesota,United States,1,1,1,1,1,0,0,4
2025|05,Karachi,Sindh,Pakistan,2,2,2,1,0.5,0.5,1,3
2025|05,Kevelaer,North Rhine-Westphalia,Germany,2,2,2,1,0.5,0.5,1,4
2025|05,Lakeville,Minnesota,United States,2,2,0,1,0.5,0.5,0,2
2025|05,Lamoni,Iowa,United States,2,2,1,1,0.5,0.5,1,3
2025|05,Las Vegas,Nevada,United States,1,1,1,0,0,1,0,1
2025|05,Lincoln,Illinois,United States,1,1,0,0,0,1,0,0
2025|05,Lino Lakes,Minnesota,United States,1,1,1,0,0,1,0,1
2025|05,Lomira,Wisconsin,United States,1,1,0,0,0,1,0,1
2025|05,Loretto,Tennessee,United States,1,1,1,1,1,0,0,2
2025|05,Los Angeles,California,United States,2,2,1,1,0.5,0.5,0,2
2025|05,Madison,Wisconsin,United States,1,1,1,1,1,0,0,1
2025|05,Manila,Metro Manila,Philippines,1,1,1,1,1,0,0,1
2025|05,Maple Grove,Minnesota,United States,2,2,1,1,0.5,0.5,0,2
2025|05,Marshall,Minnesota,United States,1,1,1,1,1,0,0,1
2025|05,Metropolis,Illinois,United States,1,1,0,0,0,1,0,0
2025|05,Milan,Lombardy,Italy,2,1,1,2,1,0,0,12
2025|05,Milwaukee,Wisconsin,United States,1,1,1,1,1,0,0,2
2025|05,Minneapolis,Minnesota,United States,80,46,29,41,0.5125,0.4875,2,130
2025|05,Minnetonka,Minnesota,United States,6,3,2,5,0.8333,0.1667,0,20
2025|05,Montabaur,Rhineland-Palatinate,Germany,2,2,2,0,0,1,0,2
2025|05,Montrose,Minnesota,United States,1,1,1,1,1,0,0,3
2025|05,Moscow,Moscow,Russia,1,1,1,0,0,1,0,1
2025|05,Multan,Punjab,Pakistan,1,1,1,1,1,0,0,1
2025|05,Nai Khlong Bang Pla Kot,Samut Prakan,Thailand,1,1,1,1,1,0,0,1
2025|05,Nashville,Tennessee,United States,2,2,1,0,0,1,0,2
2025|05,New Haven,Connecticut,United States,1,1,1,1,1,0,0,1
2025|05,Onamia,Minnesota,United States,1,1,1,0,0,1,0,0
2025|05,Orange,Virginia,United States,1,1,1,0,0,1,0,1
2025|05,Otsego,Minnesota,United States,1,1,1,1,1,0,0,4
2025|05,Palmyra,Missouri,United States,1,1,0,1,1,0,0,1
2025|05,Pawnee City,Nebraska,United States,1,1,0,1,1,0,1,2
2025|05,Pearland,Texas,United States,1,1,0,1,1,0,1,1
2025|05,Pipestone,Minnesota,United States,1,1,1,1,1,0,0,3
2025|05,Plymouth,Minnesota,United States,4,4,3,4,1,0,0,13
2025|05,Prineville,Oregon,United States,3,3,3,1,0.3333,0.6667,0,3
2025|05,Quanzhou,Fujian,China,1,1,1,0,0,1,0,1
2025|05,Rajkot,Gujarat,India,1,1,1,1,1,0,0,1
2025|05,Rangpur,Rangpur Division,Bangladesh,1,1,1,1,1,0,0,2
2025|05,Richfield,Minnesota,United States,1,1,1,1,1,0,0,1
2025|05,Richmond,Missouri,United States,1,1,1,0,0,1,0,1
2025|05,Rogersville,Missouri,United States,1,1,0,1,1,0,0,1
2025|05,Royal Oak,Michigan,United States,1,1,1,0,0,1,0,1
2025|05,Saint Paul,Minnesota,United States,4,4,3,4,1,0,1,6
2025|05,San Marcos,Texas,United States,2,1,1,0,0,1,0,1
2025|05,Seattle,Washington,United States,1,1,1,0,0,1,0,1
2025|05,Seneca,Kansas,United States,1,1,0,1,1,0,0,2
2025|05,Shakopee,Minnesota,United States,5,4,4,2,0.4,0.6,0,15
2025|05,Shoreview,Minnesota,United States,1,1,1,1,1,0,0,1
2025|05,Sioux Falls,South Dakota,United States,1,1,1,1,1,0,0,1
2025|05,St. Louis Park,Minnesota,United States,4,2,2,1,0.25,0.75,0,3
2025|05,Tallulah,Louisiana,United States,1,1,1,0,0,1,0,1
2025|05,Trenton,Missouri,United States,1,1,1,1,1,0,0,1
2025|05,Villa Grove,Illinois,United States,1,1,0,0,0,1,0,1
2025|05,Waconia,Minnesota,United States,1,1,1,1,1,0,0,2
2025|05,Walnut Ridge,Arkansas,United States,1,1,0,1,1,0,0,1
2025|05,Warren,Michigan,United States,1,1,0,0,0,1,0,1
2025|05,Watford City,North Dakota,United States,1,1,1,1,1,0,0,1
2025|05,Waukesha,Wisconsin,United States,3,2,2,2,0.6667,0.3333,0,4
2025|05,Wausau,Wisconsin,United States,1,1,1,0,0,1,0,1
2025|05,Wheaton,Illinois,United States,2,2,0,0,0,1,0,1
2025|05,Wiggins,Mississippi,United States,1,1,0,0,0,1,0,0
2025|05,Woodbury,Minnesota,United States,2,2,1,1,0.5,0.5,0,1
2025|05,74254,Baden-Wurttemberg,Germany,1,1,1,0,0,1,0,1
2025|06,(not set),(not set),(not set),34,34,34,0,0,1,0,34
2025|06,(not set),(not set),China,1,1,1,0,0,1,0,1
2025|06,(not set),(not set),United States,23,21,23,9,0.3913,0.6087,1,31
2025|06,(not set),Calabarzon,Philippines,1,1,1,1,1,0,2,3
2025|06,(not set),California,United States,1,1,0,1,1,0,0,1
2025|06,(not set),Florida,United States,3,3,2,1,0.3333,0.6667,0,3
2025|06,(not set),Iowa,United States,6,5,5,3,0.5,0.5,0,6
2025|06,(not set),Kentucky,United States,1,1,0,1,1,0,0,2
2025|06,(not set),Louisiana,United States,1,1,1,0,0,1,0,1
2025|06,(not set),Maine,United States,1,1,1,1,1,0,0,2
2025|06,(not set),Minnesota,United States,9,7,7,4,0.4444,0.5556,0,12
2025|06,(not set),New York,United States,1,1,0,1,1,0,0,9
2025|06,(not set),Ohio,United States,2,2,2,1,0.5,0.5,0,4
2025|06,(not set),Oklahoma,United States,2,2,0,1,0.5,0.5,0,4
2025|06,(not set),Pennsylvania,United States,1,1,1,1,1,0,0,2
2025|06,(not set),Telangana,India,1,1,0,1,1,0,0,0
2025|06,(not set),Texas,United States,3,3,3,1,0.3333,0.6667,0,5
2025|06,(not set),Wisconsin,United States,2,2,1,0,0,1,0,2
2025|06,Accra,Greater Accra Region,Ghana,5,5,6,5,1,0,0,10
2025|06,Albany,Minnesota,United States,1,1,1,0,0,1,0,1
2025|06,Albany,New York,United States,1,1,1,1,1,0,1,2
2025|06,Alexandria,Minnesota,United States,1,1,0,0,0,1,0,0
2025|06,Alexandria,Virginia,United States,1,1,1,0,0,1,0,1
2025|06,Alexis,Illinois,United States,1,1,1,0,0,1,0,1
2025|06,Altoona,Iowa,United States,2,2,2,1,0.5,0.5,0,2
2025|06,Altus,Oklahoma,United States,1,1,0,1,1,0,0,2
2025|06,Anoka,Minnesota,United States,1,1,1,0,0,1,0,1
2025|06,Appleton,Wisconsin,United States,1,1,1,1,1,0,0,1
2025|06,Ashburn,Virginia,United States,10,10,9,4,0.4,0.6,0,10
2025|06,Ashland,Wisconsin,United States,1,1,1,0,0,1,0,1
2025|06,Athens,Texas,United States,1,1,0,0,0,1,0,0
2025|06,Atlanta,Georgia,United States,1,1,1,1,1,0,0,1
2025|06,Auburn,Alabama,United States,2,2,2,0,0,1,0,2
2025|06,Austin,Minnesota,United States,1,1,1,0,0,1,0,1
2025|06,Baxter,Minnesota,United States,1,1,1,1,1,0,0,2
2025|06,Beatrice,Nebraska,United States,1,1,1,0,0,1,0,1
2025|06,Beloit,Wisconsin,United States,1,1,1,0,0,1,0,1
2025|06,Bengaluru,Karnataka,India,4,3,2,4,1,0,0,7
2025|06,Bhupalpalli,Telangana,India,1,1,1,1,1,0,0,2
2025|06,Blaine,Minnesota,United States,2,2,1,2,1,0,0,5
2025|06,Bloomington,Indiana,United States,1,1,1,1,1,0,0,1
2025|06,Bloomington,Minnesota,United States,5,4,4,2,0.4,0.6,0,7
2025|06,Blue Earth,Minnesota,United States,1,1,1,1,1,0,0,2
2025|06,Boardman,Oregon,United States,3,3,3,1,0.3333,0.6667,0,3
2025|06,Bottineau,North Dakota,United States,1,1,1,0,0,1,0,1
2025|06,Bowie,Texas,United States,2,2,2,0,0,1,0,2
2025|06,Bradford,Vermont,United States,1,1,2,1,1,0,0,3
2025|06,Brainerd,Minnesota,United States,4,2,2,2,0.5,0.5,0,4
2025|06,Breckenridge,Texas,United States,1,1,1,0,0,1,0,1
2025|06,Brooklyn Park,Minnesota,United States,2,2,2,0,0,1,0,2
2025|06,Burnsville,Minnesota,United States,6,6,6,4,0.6667,0.3333,0,7
2025|06,Cabot,Arkansas,United States,1,1,1,0,0,1,0,1
2025|06,Caledonia,Wisconsin,United States,2,1,0,2,1,0,1,21
2025|06,Carrollton,Missouri,United States,1,1,0,0,0,1,0,0
2025|06,Castroville,Texas,United States,1,1,1,0,0,1,0,1
2025|06,Chanhassen,Minnesota,United States,2,2,2,2,1,0,0,6
2025|06,Chaska,Minnesota,United States,73,16,6,48,0.6575,0.3425,5,331
2025|06,Chetek,Wisconsin,United States,1,1,1,0,0,1,0,1
2025|06,Chicago,Illinois,United States,59,49,43,23,0.3898,0.6102,3,113
2025|06,Chino,California,United States,1,1,1,1,1,0,0,1
2025|06,Clarkfield,Minnesota,United States,1,1,1,0,0,1,0,1
2025|06,Clinton,Illinois,United States,1,1,0,0,0,1,0,1
2025|06,Cody,Wyoming,United States,1,1,1,1,1,0,0,3
2025|06,Cohasset,Minnesota,United States,2,2,2,2,1,0,0,3
2025|06,Colorado City,Texas,United States,1,1,1,0,0,1,0,1
2025|06,Columbus,Ohio,United States,12,12,12,2,0.1667,0.8333,2,12
2025|06,Corcoran,Minnesota,United States,1,1,1,0,0,1,0,1
2025|06,Corona,California,United States,1,1,1,1,1,0,0,2
2025|06,Cottage Grove,Minnesota,United States,2,2,1,0,0,1,0,2
2025|06,Council Bluffs,Iowa,United States,3,3,3,0,0,1,0,3
2025|06,Crookston,Minnesota,United States,1,1,0,1,1,0,0,2
2025|06,Crystal,Minnesota,United States,1,1,0,1,1,0,1,1
2025|06,Dallas,Texas,United States,19,18,14,7,0.3684,0.6316,0,20
2025|06,Decorah,Iowa,United States,1,1,1,1,1,0,0,2
2025|06,Denver,Colorado,United States,2,2,2,2,1,0,0,10
2025|06,Detroit,Michigan,United States,1,1,1,1,1,0,0,1
2025|06,Dublin,County Dublin,Ireland,4,4,4,3,0.75,0.25,0,4
2025|06,Dukuhturi,Central Java,Indonesia,1,1,1,0,0,1,0,1
2025|06,Eagan,Minnesota,United States,16,9,2,10,0.625,0.375,0,40
2025|06,East Gull Lake,Minnesota,United States,1,1,1,0,0,1,0,1
2025|06,Eastlawn Gardens,Pennsylvania,United States,3,3,3,3,1,0,1,5
2025|06,Eau Claire,Wisconsin,United States,1,1,1,0,0,1,0,1
2025|06,Eden Prairie,Minnesota,United States,14,6,5,8,0.5714,0.4286,0,22
2025|06,Edina,Minnesota,United States,4,4,3,2,0.5,0.5,0,10
2025|06,Elk River,Minnesota,United States,1,1,1,1,1,0,0,2
2025|06,Elyria,Ohio,United States,1,1,2,1,1,0,0,2
2025|06,Fairbanks,Alaska,United States,1,1,1,1,1,0,0,4
2025|06,Fargo,North Dakota,United States,2,2,3,1,0.5,0.5,0,3
2025|06,Fitchburg,Wisconsin,United States,1,1,1,1,1,0,0,1
2025|06,Florence,Alabama,United States,1,1,1,1,1,0,0,2
2025|06,Forest City,North Carolina,United States,5,5,5,4,0.8,0.2,0,5
2025|06,Forestbrook,South Carolina,United States,1,1,1,1,1,0,0,2
2025|06,Fort Benton,Montana,United States,1,1,0,0,0,1,0,1
2025|06,Fort Dodge,Iowa,United States,1,1,1,1,1,0,0,3
2025|06,Fort Lauderdale,Florida,United States,1,1,1,1,1,0,0,2
2025|06,Fort Worth,Texas,United States,1,1,1,1,1,0,0,1
2025|06,French Island,Wisconsin,United States,1,1,1,0,0,1,0,1
2025|06,Fridley,Minnesota,United States,1,1,1,1,1,0,0,1
2025|06,Garner,Iowa,United States,1,1,1,0,0,1,0,1
2025|06,Geneseo,Illinois,United States,1,1,1,1,1,0,0,4
2025|06,Gilbert,Arizona,United States,2,1,1,2,1,0,1,8
2025|06,Golden Valley,Minnesota,United States,3,3,3,2,0.6667,0.3333,0,6
2025|06,Grand Rapids,Michigan,United States,1,1,1,1,1,0,0,1
2025|06,Grand Rapids,Minnesota,United States,1,1,1,0,0,1,0,1
2025|06,Hamilton,Missouri,United States,1,1,1,0,0,1,0,1
2025|06,Hanamkonda,Telangana,India,1,1,1,1,1,0,0,2
2025|06,Harvard,Illinois,United States,1,1,0,1,1,0,0,0
2025|06,Hazard,Kentucky,United States,1,1,1,0,0,1,0,1
2025|06,Hesston,Kansas,United States,1,1,0,0,0,1,0,0
2025|06,Hewitt,Texas,United States,1,1,1,0,0,1,0,1
2025|06,Hilton Head Island,South Carolina,United States,2,2,2,2,1,0,0,6
2025|06,Holyoke,Massachusetts,United States,1,1,1,0,0,1,0,1
2025|06,Hopkins,Minnesota,United States,4,4,4,4,1,0,0,10
2025|06,Houston,Texas,United States,3,3,3,2,0.6667,0.3333,0,3
2025|06,Hoyt Lakes,Minnesota,United States,1,1,1,0,0,1,0,1
2025|06,Hyderabad,Telangana,India,8,8,8,7,0.875,0.125,1,17
2025|06,Indianapolis,Indiana,United States,16,15,14,0,0,1,0,16
2025|06,Inver Grove Heights,Minnesota,United States,3,1,1,2,0.6667,0.3333,0,5
2025|06,Isle,Minnesota,United States,1,1,1,0,0,1,0,1
2025|06,Jammikunta,Telangana,India,1,1,2,1,1,0,0,2
2025|06,Johns Creek,Georgia,United States,1,1,1,1,1,0,0,1
2025|06,Junction City,Kansas,United States,1,1,0,0,0,1,0,1
2025|06,Kansas City,Missouri,United States,3,3,2,2,0.6667,0.3333,0,5
2025|06,Karachi,Sindh,Pakistan,3,2,2,2,0.6667,0.3333,2,4
2025|06,Kearney,Nebraska,United States,1,1,1,0,0,1,0,1
2025|06,Kerrville,Texas,United States,1,1,1,1,1,0,0,6
2025|06,La Crescent,Minnesota,United States,1,1,1,1,1,0,0,1
2025|06,La Crosse,Wisconsin,United States,1,1,1,1,1,0,1,5
2025|06,Lahore,Punjab,Pakistan,4,3,2,3,0.75,0.25,0,4
2025|06,Lakeville,Minnesota,United States,5,4,4,3,0.6,0.4,0,7
2025|06,Lamoni,Iowa,United States,1,1,1,1,1,0,0,2
2025|06,Lawrence,Kansas,United States,1,1,0,1,1,0,0,0
2025|06,Litchfield,Minnesota,United States,1,1,1,0,0,1,0,1
2025|06,Little Canada,Minnesota,United States,1,1,1,1,1,0,0,1
2025|06,Littlefield,Texas,United States,1,1,1,0,0,1,0,1
2025|06,Lubbock,Texas,United States,1,1,1,1,1,0,0,3
2025|06,Lulea,Norrbotten County,Sweden,3,3,3,2,0.6667,0.3333,0,3
2025|06,Mabank,Texas,United States,1,1,1,0,0,1,0,1
2025|06,Manchester,Vermont,United States,1,1,1,0,0,1,0,1
2025|06,Mankato,Minnesota,United States,2,2,2,0,0,1,0,2
2025|06,Maple Grove,Minnesota,United States,3,3,3,1,0.3333,0.6667,0,4
2025|06,Maplewood,Minnesota,United States,2,2,2,0,0,1,0,2
2025|06,Marlin,Texas,United States,1,1,0,0,0,1,0,1
2025|06,McMinnville,Tennessee,United States,2,2,1,2,1,0,0,4
2025|06,Melrose,Minnesota,United States,1,1,1,1,1,0,0,1
2025|06,Menahga,Minnesota,United States,1,1,1,1,1,0,0,2
2025|06,Mendota Heights,Minnesota,United States,1,1,1,0,0,1,0,1
2025|06,Meridian,Texas,United States,1,1,1,1,1,0,0,1
2025|06,Milwaukee,Wisconsin,United States,1,1,1,0,0,1,0,1
2025|06,Minden,Louisiana,United States,1,1,1,0,0,1,0,1
2025|06,Minneapolis,Minnesota,United States,163,102,87,67,0.411,0.589,5,301
2025|06,Minnetonka,Minnesota,United States,15,11,11,11,0.7333,0.2667,3,27
2025|06,Minnetrista,Minnesota,United States,1,1,1,0,0,1,0,1
2025|06,Monroeville,Alabama,United States,1,1,1,1,1,0,0,1
2025|06,Moses Lake,Washington,United States,1,1,1,1,1,0,0,1
2025|06,Mounds View,Minnesota,United States,1,1,1,0,0,1,0,1
2025|06,Mount Olive,North Carolina,United States,1,1,1,0,0,1,0,1
2025|06,Mulbagal,Karnataka,India,1,1,1,1,1,0,0,1
2025|06,Nashville,Tennessee,United States,2,2,2,0,0,1,0,2
2025|06,New Hartford,Connecticut,United States,1,1,1,0,0,1,0,1
2025|06,New Haven,Connecticut,United States,2,2,2,0,0,1,0,2
2025|06,New Hope,Minnesota,United States,2,2,2,2,1,0,0,6
2025|06,New Prague,Minnesota,United States,1,1,1,1,1,0,0,1
2025|06,New York,New York,United States,13,13,14,7,0.5385,0.4615,0,21
2025|06,Nisswa,Minnesota,United States,1,1,1,0,0,1,0,1
2025|06,Oakdale,Minnesota,United States,2,2,2,0,0,1,0,2
2025|06,Old Forge,New York,United States,1,1,1,0,0,1,0,1
2025|06,Omaha,Nebraska,United States,1,1,1,1,1,0,0,2
2025|06,Osage City,Kansas,United States,1,1,1,1,1,0,0,1
2025|06,Osborne,Kansas,United States,1,1,0,1,1,0,0,0
2025|06,Park Rapids,Minnesota,United States,1,1,1,0,0,1,0,1
2025|06,Peabody,Kansas,United States,1,1,0,1,1,0,0,1
2025|06,Pearland,Texas,United States,2,2,1,0,0,1,0,2
2025|06,Pelican Rapids,Minnesota,United States,1,1,1,0,0,1,0,1
2025|06,Perry,Iowa,United States,1,1,1,1,1,0,1,2
2025|06,Pittsfield,Illinois,United States,1,1,1,1,1,0,0,1
2025|06,Plainview,Nebraska,United States,1,1,1,1,1,0,0,1
2025|06,Plymouth,Minnesota,United States,4,4,4,0,0,1,0,4
2025|06,Pocahontas,Arkansas,United States,1,1,1,1,1,0,0,4
2025|06,Pontotoc,Mississippi,United States,2,2,2,1,0.5,0.5,0,2
2025|06,Portage,Wisconsin,United States,1,1,0,1,1,0,0,0
2025|06,Prairie du Chien,Wisconsin,United States,1,1,1,1,1,0,0,2
2025|06,Prineville,Oregon,United States,4,4,4,2,0.5,0.5,0,4
2025|06,Prior Lake,Minnesota,United States,1,1,1,1,1,0,0,3
2025|06,Pune,Maharashtra,India,1,1,1,1,1,0,0,2
2025|06,Quezon City,Metro Manila,Philippines,1,1,1,0,0,1,0,1
2025|06,Rajkot,Gujarat,India,3,2,2,3,1,0,3,5
2025|06,Ramsey,Minnesota,United States,1,1,1,1,1,0,0,6
2025|06,Reston,Virginia,United States,3,3,3,3,1,0,0,12
2025|06,Rochester,Minnesota,United States,5,4,3,2,0.4,0.6,0,7
2025|06,Rocklin,California,United States,1,1,2,1,1,0,0,2
2025|06,Rockwell City,Iowa,United States,1,1,1,1,1,0,0,2
2025|06,Rogers,Minnesota,United States,1,1,1,1,1,0,0,2
2025|06,Sahiwal,Punjab,Pakistan,4,2,1,1,0.25,0.75,1,6
2025|06,Saint Paul,Minnesota,United States,15,10,10,4,0.2667,0.7333,0,21
2025|06,Saint Peter,Minnesota,United States,2,2,2,2,1,0,0,2
2025|06,Salem,South Dakota,United States,1,1,1,1,1,0,1,3
2025|06,San Francisco,California,United States,1,1,1,0,0,1,0,1
2025|06,San Juan,San Juan,Puerto Rico,1,1,1,0,0,1,0,1
2025|06,Santa Anna,Texas,United States,1,1,0,1,1,0,0,4
2025|06,Savage,Minnesota,United States,2,2,2,0,0,1,0,2
2025|06,Secunderabad,Telangana,India,1,1,1,0,0,1,0,1
2025|06,Shakopee,Minnesota,United States,3,3,2,1,0.3333,0.6667,0,6
2025|06,Shorewood,Minnesota,United States,1,1,1,0,0,1,0,1
2025|06,Singapore,(not set),Singapore,1,1,1,0,0,1,0,1
2025|06,Siren,Wisconsin,United States,2,1,1,1,0.5,0.5,0,2
2025|06,Slayton,Minnesota,United States,1,1,1,0,0,1,0,1
2025|06,Sparta,Wisconsin,United States,1,1,1,1,1,0,0,1
2025|06,Spirit Lake,Iowa,United States,1,1,1,0,0,1,0,1
2025|06,St. Louis,Missouri,United States,1,1,1,1,1,0,0,2
2025|06,St. Louis Park,Minnesota,United States,4,3,3,2,0.5,0.5,1,10
2025|06,Star City,Arkansas,United States,1,1,1,0,0,1,0,1
2025|06,Stigler,Oklahoma,United States,1,1,1,1,1,0,0,2
2025|06,Stockholm,Stockholm County,Sweden,3,1,1,2,0.6667,0.3333,0,5
2025|06,Sturgeon Bay,Wisconsin,United States,1,1,1,0,0,1,0,1
2025|06,Tallahassee,Florida,United States,2,2,2,0,0,1,0,2
2025|06,Tomahawk,Wisconsin,United States,1,1,0,1,1,0,1,3
2025|06,Vernon,Alabama,United States,1,1,1,0,0,1,0,1
2025|06,Victoria,Minnesota,United States,1,1,1,1,1,0,0,2
2025|06,Virginia Beach,Virginia,United States,1,1,1,0,0,1,0,1
2025|06,Wadena,Minnesota,United States,1,1,1,0,0,1,0,1
2025|06,Walker,Minnesota,United States,1,1,1,1,1,0,0,1
2025|06,Warangal,Telangana,India,1,1,0,1,1,0,0,0
2025|06,Warrenton,Missouri,United States,1,1,1,0,0,1,0,1
2025|06,Washington,District of Columbia,United States,5,5,5,5,1,0,0,9
2025|06,Watertown,Wisconsin,United States,2,2,1,1,0.5,0.5,0,2
2025|06,Waukesha,Wisconsin,United States,9,9,7,3,0.3333,0.6667,0,13
2025|06,Waunakee,Wisconsin,United States,2,2,2,0,0,1,0,2
2025|06,Wausau,Wisconsin,United States,1,1,1,1,1,0,0,1
2025|06,Weatherford,Oklahoma,United States,1,1,1,1,1,0,0,3
2025|06,Welch,West Virginia,United States,1,1,1,0,0,1,0,1
2025|06,Wheaton,Illinois,United States,1,1,1,0,0,1,0,1
2025|06,White Bear Lake,Minnesota,United States,2,2,2,1,0.5,0.5,0,3
2025|06,Woodbury,Minnesota,United States,2,2,1,0,0,1,0,2
2025|06,Wooster,Ohio,United States,1,1,0,0,0,1,0,0
2025|06,Yeovil,England,United Kingdom,1,1,1,1,1,0,0,1
2025|06,Yonkers,New York,United States,3,3,4,3,1,0,0,5
2025|06,Zephyrhills,Florida,United States,1,1,1,0,0,1,0,1
2025|06,96272,Gorontalo,Indonesia,1,1,0,1,1,0,0,0
2025|07,(not set),(not set),(not set),17,17,17,1,0.0588,0.9412,1,17
2025|07,(not set),(not set),China,3,3,3,0,0,1,0,3
2025|07,(not set),(not set),Germany,7,7,7,0,0,1,0,7
2025|07,(not set),(not set),United States,400,370,338,88,0.22,0.78,2,460
2025|07,(not set),Alabama,United States,1,1,1,1,1,0,0,3
2025|07,(not set),Baden-Wurttemberg,Germany,1,1,1,1,1,0,1,1
2025|07,(not set),Florida,United States,1,1,1,1,1,0,0,2
2025|07,(not set),Georgia,United States,2,2,1,1,0.5,0.5,0,3
2025|07,(not set),Illinois,United States,3,3,1,0,0,1,0,18
2025|07,(not set),Indiana,United States,2,2,2,0,0,1,0,2
2025|07,(not set),Kansas,United States,1,1,1,0,0,1,0,1
2025|07,(not set),Louisiana,United States,2,2,2,0,0,1,0,2
2025|07,(not set),Michigan,United States,1,1,0,1,1,0,0,0
2025|07,(not set),Minnesota,United States,25,24,22,6,0.24,0.76,0,36
2025|07,(not set),Missouri,United States,2,2,2,1,0.5,0.5,0,2
2025|07,(not set),Oklahoma,United States,2,2,1,1,0.5,0.5,0,2
2025|07,(not set),Ontario,Canada,1,1,1,1,1,0,0,1
2025|07,(not set),Pennsylvania,United States,3,3,3,0,0,1,0,3
2025|07,(not set),Quintana Roo,Mexico,1,1,1,1,1,0,0,2
2025|07,(not set),Telangana,India,2,2,2,1,0.5,0.5,0,3
2025|07,(not set),Texas,United States,15,15,15,1,0.0667,0.9333,0,15
2025|07,(not set),Wisconsin,United States,1,1,1,1,1,0,0,1
2025|07,Aberdeen,South Dakota,United States,1,1,0,0,0,1,0,1
2025|07,Abilene,Kansas,United States,6,6,4,0,0,1,0,5
2025|07,Accra,Greater Accra Region,Ghana,5,5,8,4,0.8,0.2,0,9
2025|07,Ackerman,Mississippi,United States,3,3,3,0,0,1,0,3
2025|07,Afton,Minnesota,United States,3,2,2,2,0.6667,0.3333,0,8
2025|07,Ainsworth,Nebraska,United States,1,1,1,0,0,1,0,1
2025|07,Aitkin,Minnesota,United States,2,2,2,0,0,1,0,2
2025|07,Akron,Iowa,United States,1,1,1,0,0,1,0,1
2025|07,Albert Lea,Minnesota,United States,2,2,2,0,0,1,0,2
2025|07,Alden,New York,United States,1,1,1,0,0,1,0,1
2025|07,Alpharetta,Georgia,United States,2,1,1,0,0,1,0,1
2025|07,Altavista,Virginia,United States,1,1,0,0,0,1,0,0
2025|07,Altoona,Iowa,United States,2,2,2,1,0.5,0.5,0,2
2025|07,Amarillo,Texas,United States,2,2,2,0,0,1,0,2
2025|07,Anadarko,Oklahoma,United States,1,1,1,0,0,1,0,1
2025|07,Andover,Minnesota,United States,4,4,4,1,0.25,0.75,0,4
2025|07,Andrews,Texas,United States,1,1,1,0,0,1,0,1
2025|07,Annandale,Minnesota,United States,1,1,1,0,0,1,0,1
2025|07,Anoka,Minnesota,United States,7,6,5,3,0.4286,0.5714,0,11
2025|07,Antlers,Oklahoma,United States,3,3,3,1,0.3333,0.6667,0,4
2025|07,Apple Valley,Minnesota,United States,10,10,10,1,0.1,0.9,0,11
2025|07,Appleton,Wisconsin,United States,2,2,2,0,0,1,0,2
2025|07,Arden Hills,Minnesota,United States,1,1,1,0,0,1,0,1
2025|07,Arkadelphia,Arkansas,United States,4,4,3,0,0,1,0,4
2025|07,Arlington,Minnesota,United States,1,1,1,0,0,1,0,1
2025|07,Ashburn,Virginia,United States,9,9,9,2,0.2222,0.7778,0,9
2025|07,Athens,Alabama,United States,2,2,2,1,0.5,0.5,0,2
2025|07,Athens,Texas,United States,2,2,2,1,0.5,0.5,0,2
2025|07,Atlanta,Georgia,United States,1,1,1,0,0,1,0,1
2025|07,Auburn,Alabama,United States,20,19,17,4,0.2,0.8,1,22
2025|07,Audubon,Iowa,United States,5,5,5,0,0,1,0,5
2025|07,Austin,Minnesota,United States,1,1,1,1,1,0,0,1
2025|07,Austin,Texas,United States,4,4,4,0,0,1,0,4
2025|07,Ava,Missouri,United States,1,1,1,0,0,1,0,1
2025|07,Bagley,Minnesota,United States,2,2,2,0,0,1,0,1
2025|07,Baierbrunn,Bavaria,Germany,1,1,1,1,1,0,0,1
2025|07,Baldwin,Wisconsin,United States,1,1,1,1,1,0,0,8
2025|07,Baldwyn,Mississippi,United States,1,1,1,0,0,1,0,1
2025|07,Ballinger,Texas,United States,1,1,1,1,1,0,0,1
2025|07,Baltimore,Maryland,United States,3,2,2,1,0.3333,0.6667,0,3
2025|07,Bastrop,Louisiana,United States,2,2,1,0,0,1,0,1
2025|07,Bastrop,Texas,United States,1,1,1,0,0,1,0,1
2025|07,Baxter,Minnesota,United States,2,2,2,0,0,1,0,2
2025|07,Bay Minette,Alabama,United States,2,2,2,1,0.5,0.5,0,3
2025|07,Bealeton,Virginia,United States,1,1,1,1,1,0,0,1
2025|07,Beaver Dam,Wisconsin,United States,1,1,1,0,0,1,0,1
2025|07,Bedminster,New Jersey,United States,2,1,2,0,0,1,0,2
2025|07,Beebe,Arkansas,United States,1,1,0,0,0,1,0,1
2025|07,Bella Vista,Arkansas,United States,1,1,1,0,0,1,0,1
2025|07,Belle Plaine,Minnesota,United States,3,3,3,0,0,1,0,3
2025|07,Bellville,Texas,United States,1,1,1,0,0,1,0,1
2025|07,Beloit,Wisconsin,United States,29,29,26,1,0.0345,0.9655,0,30
2025|07,Benton,Illinois,United States,1,1,0,0,0,1,0,1
2025|07,Berkeley,Missouri,United States,1,1,0,0,0,1,0,1
2025|07,Bhupalpalli,Telangana,India,1,1,1,1,1,0,0,2
2025|07,Bismarck,North Dakota,United States,1,1,1,1,1,0,0,1
2025|07,Blaine,Minnesota,United States,26,23,21,5,0.1923,0.8077,0,33
2025|07,Blakely,Georgia,United States,1,1,1,0,0,1,0,1
2025|07,Bloomfield,Iowa,United States,3,3,3,0,0,1,0,3
2025|07,Bloomington,Minnesota,United States,40,39,39,11,0.275,0.725,0,62
2025|07,Boardman,Oregon,United States,2,2,2,0,0,1,0,2
2025|07,Bolivar,Missouri,United States,2,2,1,1,0.5,0.5,0,2
2025|07,Bossier City,Louisiana,United States,2,2,2,0,0,1,0,2
2025|07,Boston,Massachusetts,United States,3,3,2,3,1,0,0,10
2025|07,Bowie,Texas,United States,6,6,5,0,0,1,0,6
2025|07,Bowling Green,Kentucky,United States,1,1,1,0,0,1,0,1
2025|07,Brandon,South Dakota,United States,1,1,1,0,0,1,0,1
2025|07,Breaux Bridge,Louisiana,United States,3,3,3,1,0.3333,0.6667,0,3
2025|07,Brighton,Michigan,United States,1,1,1,0,0,1,0,1
2025|07,Broken Arrow,Oklahoma,United States,1,1,1,0,0,1,0,1
2025|07,Brookhaven,Mississippi,United States,2,2,2,0,0,1,0,2
2025|07,Brookings,Oregon,United States,1,1,1,0,0,1,0,1
2025|07,Brookings,South Dakota,United States,1,1,1,1,1,0,0,2
2025|07,Brooklyn,Iowa,United States,1,1,1,0,0,1,0,1
2025|07,Brooklyn Center,Minnesota,United States,8,7,7,1,0.125,0.875,0,12
2025|07,Brooklyn Park,Minnesota,United States,26,25,24,5,0.1923,0.8077,0,33
2025|07,Brownsville,Tennessee,United States,1,1,2,1,1,0,0,2
2025|07,Budapest,Budapest,Hungary,1,1,1,0,0,1,0,1
2025|07,Buffalo,Minnesota,United States,1,1,1,1,1,0,0,5
2025|07,Buffalo,New York,United States,1,1,0,1,1,0,0,1
2025|07,Bunkie,Louisiana,United States,2,2,2,0,0,1,0,2
2025|07,Burlington,Vermont,United States,1,1,0,1,1,0,1,1
2025|07,Burnet,Texas,United States,1,1,1,0,0,1,0,1
2025|07,Burnsville,Minnesota,United States,12,11,10,1,0.0833,0.9167,1,14
2025|07,Cable,Wisconsin,United States,1,1,0,1,1,0,0,1
2025|07,Cabot,Arkansas,United States,6,6,6,0,0,1,0,6
2025|07,Cadillac,Michigan,United States,1,1,1,0,0,1,0,1
2025|07,Caledonia,Wisconsin,United States,4,2,1,4,1,0,1,19
2025|07,Cambridge,Minnesota,United States,3,3,3,0,0,1,0,3
2025|07,Camden,Arkansas,United States,4,4,4,0,0,1,0,4
2025|07,Camden,Tennessee,United States,1,1,1,0,0,1,0,1
2025|07,Canadian,Texas,United States,2,2,1,0,0,1,0,2
2025|07,Cancun,Quintana Roo,Mexico,1,1,1,1,1,0,0,1
2025|07,Canton,Mississippi,United States,3,3,3,0,0,1,0,3
2025|07,Canton,Texas,United States,2,2,2,0,0,1,0,2
2025|07,Carteret,New Jersey,United States,1,1,1,0,0,1,0,1
2025|07,Central,Louisiana,United States,1,1,1,0,0,1,0,1
2025|07,Chalmette,Louisiana,United States,2,2,2,0,0,1,0,2
2025|07,Champlin,Minnesota,United States,5,5,5,1,0.2,0.8,0,5
2025|07,Chanhassen,Minnesota,United States,9,6,6,7,0.7778,0.2222,3,47
2025|07,Charles City,Iowa,United States,1,1,1,1,1,0,0,1
2025|07,Chaska,Minnesota,United States,48,25,16,22,0.4583,0.5417,0,77
2025|07,Chatham,Illinois,United States,2,2,2,0,0,1,0,2
2025|07,Cheektowaga,New York,United States,1,1,1,0,0,1,0,1
2025|07,Cheyenne,Oklahoma,United States,1,1,1,1,1,0,0,1
2025|07,Chicago,Illinois,United States,348,325,298,55,0.158,0.842,1,381
2025|07,Chokio,Minnesota,United States,2,2,2,0,0,1,0,2
2025|07,Chrisman,Illinois,United States,1,1,0,0,0,1,0,1
2025|07,Clarendon,Texas,United States,1,1,1,0,0,1,0,1
2025|07,Clarinda,Iowa,United States,1,1,1,0,0,1,0,1
2025|07,Clarkfield,Minnesota,United States,1,1,1,0,0,1,0,1
2025|07,Clarksville,Arkansas,United States,1,1,1,1,1,0,0,4
2025|07,Clayton,Oklahoma,United States,1,1,1,0,0,1,0,1
2025|07,Clinton,Illinois,United States,4,4,4,0,0,1,0,4
2025|07,Clinton,Louisiana,United States,1,1,1,0,0,1,0,1
2025|07,Clinton,Oklahoma,United States,1,1,1,0,0,1,0,1
2025|07,Cloquet,Minnesota,United States,1,1,1,0,0,1,0,1
2025|07,Coalgate,Oklahoma,United States,3,3,3,1,0.3333,0.6667,0,7
2025|07,Colorado City,Texas,United States,1,1,1,0,0,1,0,1
2025|07,Columbia Heights,Minnesota,United States,4,4,4,2,0.5,0.5,0,5
2025|07,Columbus,Wisconsin,United States,1,1,1,1,1,0,0,2
2025|07,Conway,Arkansas,United States,1,1,1,0,0,1,0,1
2025|07,Cook,Minnesota,United States,1,1,1,0,0,1,0,1
2025|07,Coon Rapids,Minnesota,United States,16,16,15,2,0.125,0.875,0,21
2025|07,Corcoran,Minnesota,United States,5,4,4,1,0.2,0.8,0,5
2025|07,Corpus Christi,Texas,United States,1,1,1,0,0,1,0,1
2025|07,Corsicana,Texas,United States,1,1,1,0,0,1,0,1
2025|07,Cottage Grove,Minnesota,United States,2,2,2,0,0,1,0,2
2025|07,Council Bluffs,Iowa,United States,1,1,1,0,0,1,0,1
2025|07,Covington,Louisiana,United States,1,1,1,0,0,1,0,1
2025|07,Cozad,Nebraska,United States,1,1,1,1,1,0,0,1
2025|07,Crane,Texas,United States,1,1,1,0,0,1,0,1
2025|07,Crete,Nebraska,United States,1,1,1,0,0,1,0,1
2025|07,Crystal,Minnesota,United States,7,7,7,1,0.1429,0.8571,0,7
2025|07,Crystal Falls,Michigan,United States,3,3,1,2,0.6667,0.3333,0,2
2025|07,Cuba,Missouri,United States,2,2,2,0,0,1,0,2
2025|07,Cushing,Texas,United States,2,2,2,0,0,1,0,2
2025|07,Cuthbert,Georgia,United States,1,1,0,0,0,1,0,1
2025|07,Dalhart,Texas,United States,1,1,1,0,0,1,0,1
2025|07,Dallas,Texas,United States,40,37,29,9,0.225,0.775,0,39
2025|07,Dayton,Minnesota,United States,3,2,2,1,0.3333,0.6667,0,4
2025|07,De Leon,Texas,United States,1,1,1,0,0,1,0,1
2025|07,De Queen,Arkansas,United States,1,1,1,0,0,1,0,1
2025|07,Decatur,Alabama,United States,1,1,1,0,0,1,0,1
2025|07,Decorah,Iowa,United States,1,1,1,0,0,1,0,1
2025|07,Delano,Minnesota,United States,1,1,1,0,0,1,0,1
2025|07,Dellwood,Minnesota,United States,1,1,1,0,0,1,0,1
2025|07,Denham Springs,Louisiana,United States,1,1,1,0,0,1,0,1
2025|07,Denver City,Texas,United States,1,1,1,0,0,1,0,1
2025|07,Des Moines,Iowa,United States,1,1,1,0,0,1,0,1
2025|07,Dimmitt,Texas,United States,1,1,1,0,0,1,0,1
2025|07,Doniphan,Missouri,United States,1,1,1,0,0,1,0,1
2025|07,Dublin,County Dublin,Ireland,5,5,5,5,1,0,0,5
2025|07,Dubuque,Iowa,United States,4,4,4,0,0,1,0,4
2025|07,Dumas,Arkansas,United States,1,1,1,0,0,1,0,1
2025|07,Dumont,Iowa,United States,2,2,2,1,0.5,0.5,0,2
2025|07,Eagan,Minnesota,United States,6,6,6,0,0,1,0,6
2025|07,Eagle Butte,South Dakota,United States,1,1,1,0,0,1,0,1
2025|07,Eagle Grove,Iowa,United States,4,4,3,1,0.25,0.75,0,4
2025|07,Eagle Pass,Texas,United States,1,1,0,0,0,1,0,0
2025|07,Eastland,Texas,United States,3,3,3,2,0.6667,0.3333,0,5
2025|07,Easton,Pennsylvania,United States,1,1,1,0,0,1,0,1
2025|07,Eden Prairie,Minnesota,United States,28,24,24,13,0.4643,0.5357,1,75
2025|07,Edina,Minnesota,United States,20,16,14,7,0.35,0.65,0,23
2025|07,Eldon,Missouri,United States,1,1,1,0,0,1,0,1
2025|07,Elgin,Illinois,United States,1,1,1,0,0,1,0,1
2025|07,Elk River,Minnesota,United States,1,1,1,0,0,1,0,1
2025|07,Elko New Market,Minnesota,United States,2,2,2,1,0.5,0.5,0,3
2025|07,Estherville,Iowa,United States,3,3,3,1,0.3333,0.6667,0,3
2025|07,Eufaula,Alabama,United States,1,1,1,0,0,1,0,1
2025|07,Eureka,Kansas,United States,3,3,2,0,0,1,0,3
2025|07,Fairfax,Oklahoma,United States,1,1,1,0,0,1,0,1
2025|07,Fairfield,Texas,United States,2,2,2,0,0,1,0,2
2025|07,Faisalabad,Punjab,Pakistan,2,2,2,2,1,0,0,4
2025|07,Falls City,Nebraska,United States,2,2,2,0,0,1,0,2
2025|07,Farmington,Michigan,United States,1,1,1,0,0,1,0,1
2025|07,Farmington,Minnesota,United States,3,3,3,1,0.3333,0.6667,0,3
2025|07,Fayetteville,Arkansas,United States,20,20,19,0,0,1,0,20
2025|07,Fergus Falls,Minnesota,United States,1,1,1,0,0,1,0,1
2025|07,Festus,Missouri,United States,1,1,1,0,0,1,0,1
2025|07,Flint Hill,Virginia,United States,2,2,2,0,0,1,0,2
2025|07,Flower Mound,Texas,United States,3,3,3,0,0,1,0,3
2025|07,Fond du Lac,Wisconsin,United States,1,1,1,0,0,1,0,1
2025|07,Forest City,North Carolina,United States,3,3,3,3,1,0,0,3
2025|07,Forest Lake,Minnesota,United States,2,2,2,0,0,1,0,2
2025|07,Forsyth,Missouri,United States,1,1,0,1,1,0,0,1
2025|07,Fort Leonard Wood,Missouri,United States,3,3,3,0,0,1,0,3
2025|07,Fort Payne,Alabama,United States,1,1,1,0,0,1,0,1
2025|07,Fort Wayne,Indiana,United States,1,1,1,0,0,1,0,1
2025|07,Fridley,Minnesota,United States,6,6,6,2,0.3333,0.6667,0,7
2025|07,Gainesville,Texas,United States,1,1,0,0,0,1,0,1
2025|07,Galesburg,Illinois,United States,2,2,2,0,0,1,0,2
2025|07,Galveston,Texas,United States,6,6,6,0,0,1,0,5
2025|07,Geneseo,Illinois,United States,2,2,2,0,0,1,0,2
2025|07,Geneva,Alabama,United States,1,1,1,0,0,1,0,1
2025|07,Giddings,Texas,United States,1,1,1,1,1,0,0,2
2025|07,Glencoe,Minnesota,United States,2,2,2,0,0,1,0,2
2025|07,Glenwood,Arkansas,United States,1,1,1,0,0,1,0,1
2025|07,Golden Valley,Minnesota,United States,11,9,9,5,0.4545,0.5455,1,41
2025|07,Green Bay,Wisconsin,United States,1,1,0,1,1,0,1,1
2025|07,Grenada,Mississippi,United States,1,1,1,0,0,1,0,1
2025|07,Grinnell,Iowa,United States,1,1,1,0,0,1,0,1
2025|07,Guntur,Andhra Pradesh,India,2,1,1,2,1,0,0,4
2025|07,Gurugram,Haryana,India,2,2,2,2,1,0,0,2
2025|07,Guymon,Oklahoma,United States,1,1,1,0,0,1,0,1
2025|07,Hamburg,Hamburg,Germany,1,1,1,0,0,1,0,1
2025|07,Hamburg,New York,United States,1,1,1,0,0,1,0,1
2025|07,Hanamkonda,Telangana,India,1,1,1,1,1,0,0,1
2025|07,Hannibal,Missouri,United States,3,3,2,0,0,1,0,3
2025|07,Hardin,Montana,United States,1,1,1,1,1,0,0,2
2025|07,Harlingen,Texas,United States,3,3,3,1,0.3333,0.6667,0,3
2025|07,Harrisburg,Illinois,United States,1,1,1,0,0,1,0,1
2025|07,Harrison,Arkansas,United States,1,1,1,0,0,1,0,1
2025|07,Hartford,Wisconsin,United States,3,3,2,1,0.3333,0.6667,0,3
2025|07,Harvard,Illinois,United States,1,1,1,0,0,1,0,1
2025|07,Harvest,Alabama,United States,1,1,0,1,1,0,0,0
2025|07,Haskell,Texas,United States,1,1,0,1,1,0,0,0
2025|07,Hastings,Minnesota,United States,2,1,1,0,0,1,0,1
2025|07,Hastings,Nebraska,United States,2,2,2,0,0,1,0,2
2025|07,Hays,Kansas,United States,1,1,0,0,0,1,0,1
2025|07,Hayward,Wisconsin,United States,1,1,1,1,1,0,0,1
2025|07,Headland,Alabama,United States,3,3,3,0,0,1,0,3
2025|07,Heflin,Alabama,United States,1,1,1,0,0,1,0,1
2025|07,Henderson,Texas,United States,1,1,1,0,0,1,0,1
2025|07,Hennessey,Oklahoma,United States,4,4,4,1,0.25,0.75,1,5
2025|07,Hermantown,Minnesota,United States,1,1,1,0,0,1,0,1
2025|07,Hibbing,Minnesota,United States,1,1,1,0,0,1,0,1
2025|07,Hillsboro,Texas,United States,1,1,1,0,0,1,0,1
2025|07,Hillsville,Virginia,United States,2,2,2,0,0,1,0,2
2025|07,Hoisington,Kansas,United States,2,2,2,0,0,1,0,2
2025|07,Holdrege,Nebraska,United States,1,1,1,0,0,1,0,1
2025|07,Holstein,Iowa,United States,1,1,1,0,0,1,0,1
2025|07,Holyrood,Kansas,United States,1,1,1,0,0,1,0,1
2025|07,Honey Grove,Texas,United States,1,1,1,0,0,1,0,1
2025|07,Hopkins,Minnesota,United States,4,4,4,3,0.75,0.25,0,9
2025|07,Horn Lake,Mississippi,United States,1,1,1,0,0,1,0,1
2025|07,Hot Springs Village,Arkansas,United States,1,1,1,0,0,1,0,1
2025|07,Houston,Texas,United States,7,7,7,0,0,1,0,7
2025|07,Hugo,Minnesota,United States,2,2,2,0,0,1,0,2
2025|07,Humboldt,Tennessee,United States,5,5,4,1,0.2,0.8,0,6
2025|07,Hutchinson,Minnesota,United States,1,1,0,1,1,0,0,0
2025|07,Hyderabad,Telangana,India,6,5,6,5,0.8333,0.1667,1,7
2025|07,Idabel,Oklahoma,United States,6,6,5,0,0,1,0,5
2025|07,Idaho Falls,Idaho,United States,1,1,1,1,1,0,0,1
2025|07,Independence,Kansas,United States,1,1,1,0,0,1,0,1
2025|07,Indianapolis,Indiana,United States,6,4,3,2,0.3333,0.6667,0,9
2025|07,Inver Grove Heights,Minnesota,United States,5,5,5,1,0.2,0.8,0,5
2025|07,Iola,Kansas,United States,1,1,1,0,0,1,0,1
2025|07,Iron River,Wisconsin,United States,1,1,0,0,0,1,0,1
2025|07,Isanti,Minnesota,United States,1,1,1,0,0,1,0,1
2025|07,Iuka,Mississippi,United States,1,1,1,0,0,1,0,1
2025|07,Jackson,Tennessee,United States,3,3,3,0,0,1,0,3
2025|07,Janesville,Wisconsin,United States,2,2,2,0,0,1,0,2
2025|07,Jena,Louisiana,United States,2,2,1,0,0,1,0,2
2025|07,Jonesboro,Arkansas,United States,3,3,3,2,0.6667,0.3333,0,5
2025|07,Jordan,Minnesota,United States,4,4,4,1,0.25,0.75,0,6
2025|07,Kalona,Iowa,United States,1,1,0,0,0,1,0,1
2025|07,Kanawha,Iowa,United States,2,2,1,0,0,1,0,2
2025|07,Kankakee,Illinois,United States,1,1,1,0,0,1,0,1
2025|07,Karachi,Sindh,Pakistan,3,3,3,2,0.6667,0.3333,1,6
2025|07,Karlstad,Minnesota,United States,2,2,2,0,0,1,0,2
2025|07,Kearney,Nebraska,United States,3,3,2,1,0.3333,0.6667,0,3
2025|07,Keene,New Hampshire,United States,2,2,2,0,0,1,0,1
2025|07,Kennett,Missouri,United States,1,1,1,0,0,1,0,1
2025|07,Keokuk,Iowa,United States,1,1,0,1,1,0,0,0
2025|07,Ketchum,Idaho,United States,1,1,1,0,0,1,0,1
2025|07,Kewanee,Illinois,United States,2,2,2,1,0.5,0.5,0,2
2025|07,Kimball,South Dakota,United States,1,1,1,0,0,1,0,1
2025|07,Kountze,Texas,United States,1,1,1,0,0,1,0,1
2025|07,La Crosse,Kansas,United States,1,1,1,0,0,1,0,1
2025|07,La Grange,Texas,United States,1,1,1,0,0,1,0,1
2025|07,Lac du Flambeau,Wisconsin,United States,1,1,1,0,0,1,0,1
2025|07,Lafayette,Louisiana,United States,1,1,1,0,0,1,0,1
2025|07,Lagos,Lagos,Nigeria,2,2,1,1,0.5,0.5,1,3
2025|07,Lahore,Punjab,Pakistan,1,1,1,0,0,1,0,1
2025|07,Lake Charles,Louisiana,United States,1,1,1,0,0,1,0,1
2025|07,Lake Elmo,Minnesota,United States,5,5,5,1,0.2,0.8,0,13
2025|07,Lakeville,Minnesota,United States,14,13,11,3,0.2143,0.7857,0,14
2025|07,Lakin,Kansas,United States,1,1,1,0,0,1,0,1
2025|07,Lamoni,Iowa,United States,1,1,0,0,0,1,0,0
2025|07,Lansing,Kansas,United States,1,1,1,0,0,1,0,1
2025|07,Las Vegas,Nevada,United States,1,1,1,1,1,0,0,1
2025|07,Laurel,Mississippi,United States,1,1,1,0,0,1,0,1
2025|07,Le Mars,Iowa,United States,4,4,3,0,0,1,0,4
2025|07,Leesville,Louisiana,United States,1,1,1,0,0,1,0,1
2025|07,Lenora,Kansas,United States,1,1,1,0,0,1,0,1
2025|07,Lesterville,Missouri,United States,1,1,1,0,0,1,0,1
2025|07,Liberty Hill,Texas,United States,1,1,1,1,1,0,0,0
2025|07,Lille,Hauts-de-France,France,2,2,2,0,0,1,0,2
2025|07,Lincoln,Nebraska,United States,1,1,1,1,1,0,0,2
2025|07,Lino Lakes,Minnesota,United States,5,5,4,1,0.2,0.8,0,4
2025|07,Litchfield,Minnesota,United States,2,2,2,0,0,1,0,2
2025|07,Little Canada,Minnesota,United States,2,2,2,0,0,1,0,2
2025|07,Little Rock,Arkansas,United States,1,1,1,0,0,1,0,1
2025|07,Littlefield,Texas,United States,4,4,3,1,0.25,0.75,0,3
2025|07,Livingston,Alabama,United States,1,1,1,0,0,1,0,1
2025|07,Livingston,Tennessee,United States,1,1,1,0,0,1,0,1
2025|07,Lockport,New York,United States,1,1,1,0,0,1,0,1
2025|07,Lomira,Wisconsin,United States,1,1,1,0,0,1,0,1
2025|07,Long Beach,Mississippi,United States,2,2,2,0,0,1,0,2
2025|07,Longview,Texas,United States,1,1,1,0,0,1,0,1
2025|07,Loretto,Tennessee,United States,3,3,2,1,0.3333,0.6667,0,3
2025|07,Los Angeles,California,United States,4,4,3,3,0.75,0.25,0,6
2025|07,Louisa,Kentucky,United States,1,1,0,0,0,1,0,1
2025|07,Louisiana,Missouri,United States,1,1,0,0,0,1,0,1
2025|07,Louisville,Kentucky,United States,1,1,1,0,0,1,0,1
2025|07,Lulea,Norrbotten County,Sweden,1,1,1,0,0,1,0,1
2025|07,Luling,Louisiana,United States,1,1,1,0,0,1,0,1
2025|07,Luling,Texas,United States,1,1,0,0,0,1,0,0
2025|07,Macon,Mississippi,United States,1,1,1,0,0,1,0,1
2025|07,Macon,Missouri,United States,2,2,2,0,0,1,0,2
2025|07,Madisonville,Tennessee,United States,1,1,1,0,0,1,0,1
2025|07,Magee,Mississippi,United States,2,2,2,0,0,1,0,2
2025|07,Mahnomen,Minnesota,United States,1,1,1,0,0,1,0,1
2025|07,Mahtomedi,Minnesota,United States,1,1,1,0,0,1,0,1
2025|07,Malvern,Arkansas,United States,1,1,1,0,0,1,0,1
2025|07,Manhattan,Kansas,United States,3,3,3,1,0.3333,0.6667,0,3
2025|07,Manitowoc,Wisconsin,United States,1,1,1,0,0,1,0,1
2025|07,Manning,Iowa,United States,1,1,1,0,0,1,0,1
2025|07,Manor,Texas,United States,1,1,1,0,0,1,0,1
2025|07,Maple Grove,Minnesota,United States,36,34,33,10,0.2778,0.7222,1,45
2025|07,Maplewood,Minnesota,United States,10,8,7,3,0.3,0.7,0,10
2025|07,Marine City,Michigan,United States,1,1,1,0,0,1,0,1
2025|07,Marion,Alabama,United States,1,1,1,0,0,1,0,1
2025|07,Marion,Kansas,United States,4,4,4,0,0,1,0,4
2025|07,Marshall,Minnesota,United States,4,4,3,1,0.25,0.75,0,3
2025|07,Marshalltown,Iowa,United States,1,1,1,0,0,1,0,1
2025|07,Marshfield,Wisconsin,United States,1,1,1,1,1,0,0,4
2025|07,Martin,Tennessee,United States,1,1,0,0,0,1,0,1
2025|07,Marysville,Kansas,United States,1,1,1,0,0,1,0,1
2025|07,Marysville,Ohio,United States,1,1,1,0,0,1,0,1
2025|07,Maryville,Missouri,United States,1,1,1,0,0,1,0,1
2025|07,Mayville,North Dakota,United States,2,2,2,0,0,1,0,2
2025|07,McAlester,Oklahoma,United States,1,1,0,0,0,1,0,0
2025|07,McCamey,Texas,United States,1,1,1,0,0,1,0,1
2025|07,McComb,Mississippi,United States,1,1,1,0,0,1,0,1
2025|07,McMinnville,Tennessee,United States,1,1,1,0,0,1,0,1
2025|07,Medina,Minnesota,United States,1,1,1,0,0,1,0,1
2025|07,Medina,New York,United States,1,1,1,0,0,1,0,1
2025|07,Mellen,Wisconsin,United States,3,3,3,0,0,1,0,3
2025|07,Memphis,Tennessee,United States,1,1,1,0,0,1,0,1
2025|07,Mendota,Illinois,United States,1,1,1,0,0,1,0,1
2025|07,Mendota Heights,Minnesota,United States,4,3,3,2,0.5,0.5,1,6
2025|07,Meridian,Texas,United States,1,1,0,0,0,1,0,0
2025|07,Merkel,Texas,United States,1,1,1,0,0,1,0,1
2025|07,Mexico,Missouri,United States,1,1,1,1,1,0,0,1
2025|07,Mexico City,Mexico City,Mexico,1,1,2,1,1,0,0,2
2025|07,Miami,Oklahoma,United States,2,2,2,0,0,1,0,2
2025|07,Milwaukee,Wisconsin,United States,2,1,1,0,0,1,0,2
2025|07,Minden,Nebraska,United States,6,6,5,0,0,1,0,6
2025|07,Minneapolis,Minnesota,United States,935,821,780,188,0.2011,0.7989,7,1154
2025|07,Minnetonka,Minnesota,United States,27,23,20,15,0.5556,0.4444,2,52
2025|07,Mobridge,South Dakota,United States,2,2,1,0,0,1,0,2
2025|07,Modesto,California,United States,1,1,0,0,0,1,0,1
2025|07,Montgomery,Alabama,United States,2,2,2,1,0.5,0.5,0,3
2025|07,Montgomery,Minnesota,United States,1,1,1,0,0,1,0,1
2025|07,Monticello,Minnesota,United States,7,7,7,0,0,1,0,7
2025|07,Mora,Minnesota,United States,2,2,1,0,0,1,0,2
2025|07,Morton,Mississippi,United States,1,1,0,0,0,1,0,1
2025|07,Mounds View,Minnesota,United States,1,1,0,0,0,1,0,1
2025|07,Mount Vernon,Ohio,United States,1,1,1,1,1,0,0,1
2025|07,Moville,Iowa,United States,1,1,1,0,0,1,0,1
2025|07,Mumbai,Maharashtra,India,2,2,2,2,1,0,0,2
2025|07,Nacogdoches,Texas,United States,1,1,1,0,0,1,0,1
2025|07,Nagarkurnool,Telangana,India,1,1,0,1,1,0,0,0
2025|07,Nagpur,Maharashtra,India,1,1,1,1,1,0,1,3
2025|07,Nashville,Tennessee,United States,3,3,2,1,0.3333,0.6667,1,16
2025|07,Natchez,Mississippi,United States,3,3,3,0,0,1,0,3
2025|07,Navarre,Florida,United States,2,2,0,1,0.5,0.5,0,2
2025|07,New Boston,Texas,United States,1,1,1,0,0,1,0,1
2025|07,New Brighton,Minnesota,United States,3,3,3,1,0.3333,0.6667,0,4
2025|07,New Hampton,Iowa,United States,1,1,1,0,0,1,0,1
2025|07,New Hope,Minnesota,United States,6,6,6,0,0,1,0,6
2025|07,New Prague,Minnesota,United States,2,1,1,0,0,1,0,1
2025|07,New York,New York,United States,15,15,15,6,0.4,0.6,0,18
2025|07,Newport,Arkansas,United States,1,1,1,0,0,1,0,1
2025|07,Newton,Mississippi,United States,1,1,0,0,0,1,0,1
2025|07,Niceville,Florida,United States,2,2,2,0,0,1,0,2
2025|07,North Charleston,South Carolina,United States,6,6,6,4,0.6667,0.3333,0,6
2025|07,North Saint Paul,Minnesota,United States,2,2,1,0,0,1,0,1
2025|07,Norwood Young America,Minnesota,United States,1,1,1,0,0,1,0,1
2025|07,Oakdale,Minnesota,United States,7,6,6,2,0.2857,0.7143,0,13
2025|07,Oakley,Kansas,United States,3,3,2,1,0.3333,0.6667,0,4
2025|07,Oconto Falls,Wisconsin,United States,1,1,0,0,0,1,0,1
2025|07,Omaha,Nebraska,United States,1,1,1,0,0,1,0,1
2025|07,Onalaska,Wisconsin,United States,7,7,5,4,0.5714,0.4286,0,8
2025|07,Onaway,Michigan,United States,1,1,1,0,0,1,0,1
2025|07,Orono,Minnesota,United States,1,1,1,0,0,1,0,1
2025|07,Osage City,Kansas,United States,3,3,2,0,0,1,0,3
2025|07,Oskaloosa,Iowa,United States,2,2,2,0,0,1,0,2
2025|07,Otsego,Minnesota,United States,2,2,2,1,0.5,0.5,0,2
2025|07,Overland Park,Kansas,United States,1,1,1,0,0,1,0,1
2025|07,Owatonna,Minnesota,United States,2,2,2,1,0.5,0.5,0,2
2025|07,Ozark,Alabama,United States,1,1,0,0,0,1,0,1
2025|07,Pace,Florida,United States,2,2,2,1,0.5,0.5,0,2
2025|07,Palmyra,Missouri,United States,2,2,2,0,0,1,0,2
2025|07,Paris,Ile-de-France,France,1,1,1,0,0,1,0,1
2025|07,Park Falls,Wisconsin,United States,1,1,1,0,0,1,0,1
2025|07,Parker,South Dakota,United States,2,2,2,0,0,1,0,2
2025|07,Parkers Prairie,Minnesota,United States,2,2,1,1,0.5,0.5,0,1
2025|07,Pascagoula,Mississippi,United States,1,1,1,0,0,1,0,1
2025|07,Pawnee City,Nebraska,United States,1,1,1,0,0,1,0,1
2025|07,Paynesville,Minnesota,United States,3,3,3,0,0,1,0,3
2025|07,Peabody,Kansas,United States,1,1,1,0,0,1,0,1
2025|07,Pearland,Texas,United States,3,3,3,1,0.3333,0.6667,0,4
2025|07,Pecos,Texas,United States,1,1,1,0,0,1,0,1
2025|07,Pella,Iowa,United States,1,1,0,0,0,1,0,1
2025|07,Pequot Lakes,Minnesota,United States,1,1,1,0,0,1,0,1
2025|07,Perry,Iowa,United States,1,1,1,1,1,0,0,2
2025|07,Peru,Nebraska,United States,1,1,0,1,1,0,0,0
2025|07,Petersburg,Virginia,United States,1,1,1,0,0,1,0,1
2025|07,Phillips,Wisconsin,United States,1,1,0,0,0,1,0,1
2025|07,Phillipsburg,Kansas,United States,1,1,0,0,0,1,0,1
2025|07,Phoenix,Arizona,United States,1,1,1,1,1,0,1,3
2025|07,Pine Bluff,Arkansas,United States,1,1,1,0,0,1,0,1
2025|07,Pine Mountain,Georgia,United States,1,1,0,1,1,0,0,0
2025|07,Pipestone,Minnesota,United States,5,5,5,2,0.4,0.6,0,6
2025|07,Pittsfield,Illinois,United States,3,3,2,1,0.3333,0.6667,0,3
2025|07,Plainview,Nebraska,United States,2,2,1,1,0.5,0.5,0,3
2025|07,Plymouth,Minnesota,United States,24,22,22,8,0.3333,0.6667,0,37
2025|07,Pocahontas,Arkansas,United States,3,3,3,0,0,1,0,3
2025|07,Ponca City,Oklahoma,United States,1,1,0,0,0,1,0,1
2025|07,Pontotoc,Mississippi,United States,1,1,1,1,1,0,0,1
2025|07,Port Gibson,Mississippi,United States,1,1,1,0,0,1,0,1
2025|07,Port Harcourt,Rivers,Nigeria,1,1,1,1,1,0,1,3
2025|07,Port Lavaca,Texas,United States,1,1,1,0,0,1,0,1
2025|07,Port Sulphur,Louisiana,United States,1,1,1,0,0,1,0,1
2025|07,Port-Cartier,Quebec,Canada,1,1,1,0,0,1,0,1
2025|07,Portage,Wisconsin,United States,2,2,1,0,0,1,0,2
2025|07,Postville,Iowa,United States,1,1,1,0,0,1,0,1
2025|07,Potosi,Missouri,United States,2,2,2,1,0.5,0.5,0,3
2025|07,Prentiss,Mississippi,United States,2,2,2,0,0,1,0,2
2025|07,Prescott,Arkansas,United States,3,3,3,0,0,1,0,3
2025|07,Prescott,Wisconsin,United States,1,1,1,0,0,1,0,1
2025|07,Princeton,Minnesota,United States,1,1,1,0,0,1,0,1
2025|07,Prineville,Oregon,United States,4,4,4,2,0.5,0.5,0,4
2025|07,Prior Lake,Minnesota,United States,3,3,2,1,0.3333,0.6667,0,2
2025|07,Pulaski,Tennessee,United States,1,1,1,1,1,0,0,1
2025|07,Quincy,Florida,United States,1,1,0,0,0,1,0,1
2025|07,Racine,Wisconsin,United States,1,1,1,0,0,1,0,1
2025|07,Raichur,Karnataka,India,1,1,1,1,1,0,0,2
2025|07,Raleigh,Mississippi,United States,2,2,2,0,0,1,0,2
2025|07,Ramsey,Minnesota,United States,14,13,13,1,0.0714,0.9286,0,16
2025|07,Ravenna,Nebraska,United States,1,1,1,0,0,1,0,1
2025|07,Raymondville,Texas,United States,1,1,1,0,0,1,0,1
2025|07,Rensselaer,Indiana,United States,1,1,1,0,0,1,0,1
2025|07,Rib Lake,Wisconsin,United States,3,3,2,0,0,1,0,3
2025|07,Rice,Minnesota,United States,1,1,1,0,0,1,0,1
2025|07,Richfield,Minnesota,United States,9,8,8,2,0.2222,0.7778,0,9
2025|07,River Falls,Wisconsin,United States,3,3,3,0,0,1,0,3
2025|07,Robbinsdale,Minnesota,United States,4,4,4,2,0.5,0.5,0,5
2025|07,Robinson,Illinois,United States,1,1,1,0,0,1,0,1
2025|07,Rochelle,Illinois,United States,1,1,1,0,0,1,0,1
2025|07,Rochester,Minnesota,United States,3,2,2,1,0.3333,0.6667,0,3
2025|07,Rockford,Illinois,United States,1,1,1,0,0,1,0,1
2025|07,Rockwell City,Iowa,United States,1,1,1,0,0,1,0,1
2025|07,Rogers,Minnesota,United States,2,2,2,0,0,1,0,2
2025|07,Rolling Fork,Mississippi,United States,1,1,1,0,0,1,0,1
2025|07,Rosemount,Minnesota,United States,12,9,11,0,0,1,0,12
2025|07,Roseville,Minnesota,United States,17,14,14,2,0.1176,0.8824,0,17
2025|07,Round Rock,Texas,United States,1,1,1,0,0,1,0,1
2025|07,Russell Springs,Kentucky,United States,4,4,3,0,0,1,0,4
2025|07,Russellville,Alabama,United States,2,2,1,0,0,1,0,2
2025|07,Sahibzada Ajit Singh Nagar,Punjab,India,1,1,1,0,0,1,0,1
2025|07,Saint Michael,Minnesota,United States,5,5,5,0,0,1,0,5
2025|07,Saint Paul,Minnesota,United States,120,114,107,20,0.1667,0.8333,0,128
2025|07,Salem,Kentucky,United States,3,3,2,1,0.3333,0.6667,0,2
2025|07,San Augustine,Texas,United States,1,1,1,0,0,1,0,1
2025|07,San Diego,California,United States,1,1,1,0,0,1,0,1
2025|07,San Francisco,California,United States,2,1,1,2,1,0,0,5
2025|07,San Jose,California,United States,2,2,1,1,0.5,0.5,0,1
2025|07,San Jose del Cabo,Baja California Sur,Mexico,2,1,1,1,0.5,0.5,0,2
2025|07,Sandusky,Ohio,United States,1,1,0,0,0,1,0,1
2025|07,Santa Anna,Texas,United States,5,5,5,1,0.2,0.8,0,6
2025|07,Santa Claus,Indiana,United States,1,1,1,0,0,1,0,1
2025|07,Savage,Minnesota,United States,9,9,9,3,0.3333,0.6667,0,11
2025|07,Sayre,Oklahoma,United States,1,1,1,0,0,1,0,1
2025|07,Scott City,Kansas,United States,1,1,1,1,1,0,0,1
2025|07,Scottsboro,Alabama,United States,1,1,1,0,0,1,0,1
2025|07,Scottsburg,Indiana,United States,1,1,1,0,0,1,0,1
2025|07,Searcy,Arkansas,United States,1,1,0,0,0,1,0,1
2025|07,Sedalia,Missouri,United States,2,2,1,1,0.5,0.5,0,1
2025|07,Sedan,Kansas,United States,1,1,0,0,0,1,0,1
2025|07,Selma,Alabama,United States,2,2,1,1,0.5,0.5,0,1
2025|07,Selmer,Tennessee,United States,4,4,4,1,0.25,0.75,0,4
2025|07,Shah Alam,Selangor,Malaysia,3,1,1,1,0.3333,0.6667,0,2
2025|07,Shakopee,Minnesota,United States,19,13,12,4,0.2105,0.7895,0,24
2025|07,Shoreview,Minnesota,United States,8,6,5,1,0.125,0.875,0,7
2025|07,Shorewood,Minnesota,United States,3,3,2,2,0.6667,0.3333,0,7
2025|07,Sinton,Texas,United States,1,1,1,0,0,1,0,1
2025|07,Sioux Center,Iowa,United States,7,7,6,0,0,1,0,7
2025|07,Sioux Falls,South Dakota,United States,4,2,1,4,1,0,1,10
2025|07,Sisseton,South Dakota,United States,2,2,2,0,0,1,0,2
2025|07,Skokomish,Washington,United States,1,1,1,1,1,0,0,1
2025|07,Slippery Rock,Pennsylvania,United States,2,2,2,0,0,1,0,2
2025|07,Smithville,Missouri,United States,1,1,1,0,0,1,0,1
2025|07,Smithville,Tennessee,United States,1,1,1,0,0,1,0,1
2025|07,Sonora,Texas,United States,1,1,1,0,0,1,0,1
2025|07,South Bend,Washington,United States,1,1,2,1,1,0,0,2
2025|07,South Saint Paul,Minnesota,United States,6,6,6,0,0,1,0,6
2025|07,Sparks,Nevada,United States,1,1,1,1,1,0,0,2
2025|07,Sparta,Georgia,United States,1,1,1,0,0,1,0,1
2025|07,Sparta,Illinois,United States,4,4,4,1,0.25,0.75,0,5
2025|07,Spirit Lake,Iowa,United States,2,2,2,1,0.5,0.5,0,3
2025|07,Splendora,Texas,United States,1,1,1,0,0,1,0,1
2025|07,Springfield,Missouri,United States,1,1,1,0,0,1,0,1
2025|07,Springfield,Tennessee,United States,2,2,1,1,0.5,0.5,0,1
2025|07,St. Cloud,Minnesota,United States,1,1,1,0,0,1,0,1
2025|07,St. Louis,Missouri,United States,3,3,3,1,0.3333,0.6667,0,5
2025|07,St. Louis Park,Minnesota,United States,18,17,16,8,0.4444,0.5556,1,33
2025|07,Standish,Michigan,United States,2,2,1,1,0.5,0.5,0,2
2025|07,Stanton,Nebraska,United States,1,1,1,0,0,1,0,1
2025|07,Steele,North Dakota,United States,1,1,1,1,1,0,0,2
2025|07,Stephenson,Michigan,United States,3,3,3,0,0,1,0,3
2025|07,Stewartville,Minnesota,United States,1,1,1,0,0,1,0,1
2025|07,Stillwater,Minnesota,United States,3,3,3,0,0,1,0,3
2025|07,Stockton,Kansas,United States,2,2,2,0,0,1,0,2
2025|07,Stuart,Nebraska,United States,1,1,1,0,0,1,0,1
2025|07,Sullivan,Missouri,United States,1,1,1,0,0,1,0,1
2025|07,Sun Prairie,Wisconsin,United States,14,14,13,3,0.2143,0.7857,0,15
2025|07,Susanville,California,United States,1,1,0,0,0,1,0,1
2025|07,Tallulah,Louisiana,United States,1,1,1,0,0,1,0,1
2025|07,Tama,Iowa,United States,1,1,1,0,0,1,0,1
2025|07,Tiffin,Ohio,United States,1,1,1,0,0,1,0,1
2025|07,Tomahawk,Wisconsin,United States,2,2,2,0,0,1,0,2
2025|07,Trinity,Texas,United States,2,2,2,0,0,1,0,2
2025|07,Trumann,Arkansas,United States,1,1,1,0,0,1,0,1
2025|07,Tubingen,Baden-Wurttemberg,Germany,3,3,3,0,0,1,0,3
2025|07,Tuscaloosa,Alabama,United States,1,1,1,0,0,1,0,1
2025|07,Tuscola,Illinois,United States,1,1,1,1,1,0,0,2
2025|07,Two Rivers,Wisconsin,United States,1,1,0,0,0,1,0,0
2025|07,Udall,Kansas,United States,1,1,1,0,0,1,0,1
2025|07,Ulen,Minnesota,United States,1,1,1,0,0,1,0,1
2025|07,Ulysses,Kansas,United States,1,1,1,0,0,1,0,1
2025|07,Uniontown,Alabama,United States,1,1,1,0,0,1,0,1
2025|07,Vadnais Heights,Minnesota,United States,1,1,1,0,0,1,0,1
2025|07,Van Buren,Missouri,United States,1,1,1,0,0,1,0,1
2025|07,Van Horn,Texas,United States,2,2,0,2,1,0,0,2
2025|07,Vernon,Alabama,United States,1,1,1,0,0,1,0,1
2025|07,Victoria,Minnesota,United States,2,2,2,0,0,1,0,2
2025|07,Villa Grove,Illinois,United States,7,7,5,2,0.2857,0.7143,0,6
2025|07,Vinings,Georgia,United States,1,1,1,0,0,1,0,1
2025|07,Waco,Texas,United States,1,1,1,0,0,1,0,1
2025|07,Waconia,Minnesota,United States,10,9,9,3,0.3,0.7,1,14
2025|07,Wagoner,Oklahoma,United States,5,5,4,0,0,1,0,4
2025|07,Warangal,Telangana,India,4,4,4,4,1,0,0,8
2025|07,Warner Robins,Georgia,United States,1,1,0,1,1,0,0,1
2025|07,Warrens,Wisconsin,United States,1,1,1,0,0,1,0,1
2025|07,Warrensburg,Missouri,United States,2,2,2,1,0.5,0.5,0,2
2025|07,Warrenton,Missouri,United States,4,4,4,0,0,1,0,4
2025|07,Warsaw,Masovian Voivodeship,Poland,1,1,1,1,1,0,0,1
2025|07,Warsaw,Missouri,United States,2,1,0,0,0,1,0,0
2025|07,Water Valley,Mississippi,United States,1,1,1,0,0,1,0,1
2025|07,Watertown,Minnesota,United States,2,2,2,0,0,1,0,2
2025|07,Watertown,Wisconsin,United States,15,15,14,2,0.1333,0.8667,0,15
2025|07,Watford City,North Dakota,United States,2,2,1,0,0,1,0,2
2025|07,Waukee,Iowa,United States,1,1,1,1,1,0,0,1
2025|07,Waukesha,Wisconsin,United States,23,20,18,3,0.1304,0.8696,0,24
2025|07,Waunakee,Wisconsin,United States,6,6,6,0,0,1,0,6
2025|07,Waurika,Oklahoma,United States,1,1,1,0,0,1,0,1
2025|07,Wausau,Wisconsin,United States,3,3,2,0,0,1,0,3
2025|07,Wayzata,Minnesota,United States,3,3,3,2,0.6667,0.3333,0,12
2025|07,Weatherford,Texas,United States,2,2,2,0,0,1,0,2
2025|07,Webster,Wisconsin,United States,1,1,1,0,0,1,0,1
2025|07,Wellington,Texas,United States,1,1,1,0,0,1,0,1
2025|07,West Saint Paul,Minnesota,United States,2,2,2,0,0,1,0,2
2025|07,Wetumpka,Alabama,United States,1,1,1,0,0,1,0,1
2025|07,Wheaton,Illinois,United States,3,3,3,0,0,1,0,3
2025|07,White Bear Lake,Minnesota,United States,7,7,7,1,0.1429,0.8571,0,7
2025|07,Whitehouse,Texas,United States,2,2,2,0,0,1,0,2
2025|07,Whiteville,North Carolina,United States,1,1,1,0,0,1,0,1
2025|07,Wichita Falls,Texas,United States,4,4,3,2,0.5,0.5,0,3
2025|07,Wiggins,Mississippi,United States,1,1,0,1,1,0,0,0
2025|07,Wilburton,Oklahoma,United States,2,2,1,0,0,1,0,2
2025|07,Williston,North Dakota,United States,1,1,0,1,1,0,0,3
2025|07,Willmar,Minnesota,United States,1,1,1,0,0,1,0,1
2025|07,Wilton,Iowa,United States,2,2,1,1,0.5,0.5,0,7
2025|07,Winnsboro,Louisiana,United States,2,2,1,1,0.5,0.5,0,4
2025|07,Winona,Minnesota,United States,2,2,2,0,0,1,0,2
2025|07,Winona,Missouri,United States,2,2,2,0,0,1,0,2
2025|07,Winter,Wisconsin,United States,3,3,2,0,0,1,0,3
2025|07,Wittenberg,Wisconsin,United States,5,5,4,1,0.2,0.8,0,4
2025|07,Wonosari,Special Region of Yogyakarta,Indonesia,1,1,1,0,0,1,0,1
2025|07,Woodbury,Minnesota,United States,17,16,16,3,0.1765,0.8235,0,24
2025|07,Woodward,Oklahoma,United States,1,1,0,0,0,1,0,0
2025|07,Wyldwood,Texas,United States,3,3,2,0,0,1,0,3
2025|07,Wymore,Nebraska,United States,3,3,3,0,0,1,0,3
2025|07,Wynne,Arkansas,United States,1,1,1,0,0,1,0,1
2025|07,Yonkers,New York,United States,1,1,1,1,1,0,0,1
2025|07,York,Nebraska,United States,1,1,1,0,0,1,0,1
2025|07,Yorkville,Illinois,United States,1,1,1,0,0,1,0,1
2025|08,(not set),(not set),(not set),2,2,2,0,0,1,0,2
2025|08,(not set),(not set),China,2,2,2,0,0,1,0,2
2025|08,(not set),(not set),Germany,9,9,8,5,0.5556,0.4444,2,10
2025|08,(not set),(not set),United States,23,23,23,10,0.4348,0.5652,2,31
2025|08,(not set),California,United States,2,2,2,2,1,0,1,10
2025|08,(not set),Colorado,United States,2,2,2,0,0,1,0,2
2025|08,(not set),Iowa,United States,1,1,1,1,1,0,0,3
2025|08,(not set),Louisiana,United States,1,1,1,1,1,0,0,2
2025|08,(not set),Masovian Voivodeship,Poland,1,1,1,0,0,1,0,1
2025|08,(not set),Minnesota,United States,1,1,1,1,1,0,0,1
2025|08,(not set),Oregon,United States,1,1,1,0,0,1,0,1
2025|08,(not set),Telangana,India,1,1,1,1,1,0,0,3
2025|08,(not set),Texas,United States,36,30,22,26,0.7222,0.2778,0,60
2025|08,Accra,Greater Accra Region,Ghana,3,3,3,1,0.3333,0.6667,0,7
2025|08,Albert Lea,Minnesota,United States,1,1,1,0,0,1,0,1
2025|08,Altus,Oklahoma,United States,1,1,0,0,0,1,0,1
2025|08,Ames,Iowa,United States,1,1,1,1,1,0,0,1
2025|08,Anadarko,Oklahoma,United States,1,1,0,0,0,1,0,1
2025|08,Annandale,Minnesota,United States,1,1,1,1,1,0,0,1
2025|08,Apple Valley,Minnesota,United States,4,2,1,3,0.75,0.25,0,21
2025|08,Arlington,Virginia,United States,1,1,1,1,1,0,0,2
2025|08,Ashburn,Virginia,United States,2,2,2,1,0.5,0.5,1,2
2025|08,Atchison,Kansas,United States,2,2,2,1,0.5,0.5,0,2
2025|08,Atlanta,Georgia,United States,1,1,1,0,0,1,0,1
2025|08,Avadi,Tamil Nadu,India,2,1,1,1,0.5,0.5,0,3
2025|08,Barrington Hills,Illinois,United States,1,1,1,1,1,0,1,4
2025|08,Beavercreek,Ohio,United States,1,1,1,1,1,0,0,1
2025|08,Belvidere,Illinois,United States,1,1,1,1,1,0,0,3
2025|08,Bemidji,Minnesota,United States,1,1,1,1,1,0,0,2
2025|08,Blaine,Minnesota,United States,5,4,4,5,1,0,0,9
2025|08,Bloomington,Minnesota,United States,4,4,4,3,0.75,0.25,0,12
2025|08,Blue Earth,Minnesota,United States,1,1,1,0,0,1,0,1
2025|08,Boardman,Oregon,United States,3,3,3,1,0.3333,0.6667,0,6
2025|08,Booneville,Arkansas,United States,1,1,1,1,1,0,0,3
2025|08,Boston,Massachusetts,United States,2,1,0,0,0,1,0,2
2025|08,Brewton,Alabama,United States,2,2,1,0,0,1,0,2
2025|08,Bridgeport,Connecticut,United States,1,1,1,0,0,1,0,1
2025|08,Brighton,Michigan,United States,1,1,0,1,1,0,0,0
2025|08,Brookfield,Missouri,United States,1,1,0,0,0,1,0,0
2025|08,Brooklyn Center,Minnesota,United States,4,4,4,3,0.75,0.25,0,5
2025|08,Brooklyn Park,Minnesota,United States,5,4,3,3,0.6,0.4,0,6
2025|08,Buffalo,Minnesota,United States,1,1,0,1,1,0,0,1
2025|08,Burnsville,Minnesota,United States,2,2,2,2,1,0,0,6
2025|08,Carbondale,Illinois,United States,1,1,1,0,0,1,0,1
2025|08,Carthage,Texas,United States,1,1,1,0,0,1,0,1
2025|08,Champlin,Minnesota,United States,1,1,1,1,1,0,0,4
2025|08,Chanhassen,Minnesota,United States,3,3,3,2,0.6667,0.3333,0,6
2025|08,Chaska,Minnesota,United States,27,5,1,4,0.1481,0.8519,0,28
2025|08,Chicago,Illinois,United States,73,62,48,43,0.589,0.411,0,135
2025|08,City of San Pedro,Calabarzon,Philippines,1,1,0,1,1,0,1,1
2025|08,Clayton,Oklahoma,United States,1,1,0,1,1,0,0,0
2025|08,Clinton,Illinois,United States,1,1,0,1,1,0,0,1
2025|08,Coimbatore,Tamil Nadu,India,2,2,2,0,0,1,0,2
2025|08,Collingswood,New Jersey,United States,3,1,1,2,0.6667,0.3333,0,11
2025|08,Columbia Heights,Minnesota,United States,1,1,1,1,1,0,0,3
2025|08,Columbus,Ohio,United States,6,6,6,1,0.1667,0.8333,1,6
2025|08,Coon Rapids,Minnesota,United States,2,2,2,2,1,0,0,2
2025|08,Council Bluffs,Iowa,United States,1,1,1,0,0,1,0,1
2025|08,Credit River,Minnesota,United States,1,1,1,1,1,0,0,1
2025|08,Crockett,Texas,United States,1,1,1,1,1,0,0,2
2025|08,Cuba,Missouri,United States,2,2,1,2,1,0,0,2
2025|08,Dallas,Texas,United States,3,3,2,1,0.3333,0.6667,0,3
2025|08,Dehradun,Uttarakhand,India,3,3,3,3,1,0,0,3
2025|08,Delavan,Wisconsin,United States,1,1,0,1,1,0,0,1
2025|08,Delhi,Delhi,India,1,1,1,1,1,0,0,2
2025|08,Denver,Colorado,United States,2,2,1,0,0,1,0,2
2025|08,Devine,Texas,United States,1,1,1,0,0,1,0,1
2025|08,Dublin,County Dublin,Ireland,1,1,1,1,1,0,0,1
2025|08,Eagan,Minnesota,United States,1,1,1,1,1,0,0,1
2025|08,East Grinstead,England,United Kingdom,1,1,1,1,1,0,0,1
2025|08,Eden Prairie,Minnesota,United States,14,10,8,9,0.6429,0.3571,0,24
2025|08,Edina,Minnesota,United States,2,1,1,0,0,1,0,1
2025|08,Evans,Georgia,United States,1,1,1,1,1,0,0,1
2025|08,Farmington,Minnesota,United States,1,1,1,1,1,0,0,1
2025|08,Florence,Alabama,United States,2,2,1,2,1,0,0,1
2025|08,Florissant,Missouri,United States,1,1,0,1,1,0,0,4
2025|08,Forest City,North Carolina,United States,1,1,1,0,0,1,0,1
2025|08,Forrest City,Arkansas,United States,1,1,1,1,1,0,0,1
2025|08,Fort Worth,Texas,United States,1,1,1,1,1,0,0,1
2025|08,Franklin,New Hampshire,United States,1,1,1,1,1,0,0,2
2025|08,Fridley,Minnesota,United States,2,2,2,1,0.5,0.5,0,7
2025|08,Golden Valley,Minnesota,United States,4,4,4,3,0.75,0.25,0,7
2025|08,Grafton,North Dakota,United States,1,1,1,1,1,0,0,1
2025|08,Guymon,Oklahoma,United States,1,1,1,1,1,0,0,1
2025|08,Hartford,Wisconsin,United States,1,1,1,1,1,0,0,4
2025|08,Headland,Alabama,United States,3,3,1,1,0.3333,0.6667,0,3
2025|08,Hennessey,Oklahoma,United States,1,1,1,1,1,0,0,1
2025|08,Hopkins,Minnesota,United States,3,2,2,0,0,1,0,2
2025|08,Horn Lake,Mississippi,United States,1,1,0,1,1,0,0,2
2025|08,Houston,Texas,United States,2,1,1,1,0.5,0.5,0,1
2025|08,Hugo,Minnesota,United States,2,1,0,1,0.5,0.5,0,7
2025|08,Huntsville,Alabama,United States,1,1,0,1,1,0,0,4
2025|08,Hyderabad,Telangana,India,10,9,9,3,0.3,0.7,0,11
2025|08,Ichalkaranji,Maharashtra,India,1,1,0,0,0,1,0,1
2025|08,Ida Grove,Iowa,United States,1,1,0,1,1,0,0,1
2025|08,Indianapolis,Indiana,United States,1,1,0,1,1,0,0,2
2025|08,Jacksonville,Alabama,United States,1,1,1,1,1,0,0,2
2025|08,Jena,Louisiana,United States,1,1,1,1,1,0,0,2
2025|08,Karachi,Sindh,Pakistan,2,2,2,2,1,0,2,4
2025|08,Karimnagar,Telangana,India,1,1,1,1,1,0,0,1
2025|08,Karlstad,Minnesota,United States,1,1,0,1,1,0,0,2
2025|08,Kent,Washington,United States,1,1,1,0,0,1,0,1
2025|08,Kimball,South Dakota,United States,1,1,0,1,1,0,0,1
2025|08,La Grange,Texas,United States,1,1,0,0,0,1,0,1
2025|08,Lagos,Lagos,Nigeria,1,1,1,1,1,0,0,1
2025|08,Lakeville,Minnesota,United States,1,1,1,1,1,0,0,8
2025|08,Las Vegas,Nevada,United States,1,1,1,1,1,0,0,6
2025|08,Lesterville,Missouri,United States,1,1,0,0,0,1,0,1
2025|08,Liberty Hill,Texas,United States,1,1,1,1,1,0,0,7
2025|08,Lincoln,Nebraska,United States,2,2,1,2,1,0,0,4
2025|08,Lino Lakes,Minnesota,United States,1,1,1,1,1,0,0,4
2025|08,Los Angeles,California,United States,1,1,1,1,1,0,0,1
2025|08,Louisville,Kentucky,United States,1,1,1,0,0,1,0,1
2025|08,Lulea,Norrbotten County,Sweden,1,1,1,1,1,0,0,1
2025|08,Luxemburg,Wisconsin,United States,2,1,1,1,0.5,0.5,0,3
2025|08,Maple Grove,Minnesota,United States,5,4,3,4,0.8,0.2,0,16
2025|08,Mendota Heights,Minnesota,United States,1,1,1,1,1,0,0,2
2025|08,Merkel,Texas,United States,1,1,1,0,0,1,0,1
2025|08,Metropolis,Illinois,United States,1,1,0,0,0,1,0,0
2025|08,Miami,Florida,United States,2,2,2,1,0.5,0.5,0,2
2025|08,Minneapolis,Minnesota,United States,179,122,111,105,0.5866,0.4134,5,339
2025|08,Minnetonka,Minnesota,United States,12,11,11,11,0.9167,0.0833,2,37
2025|08,Morton Grove,Illinois,United States,1,1,1,1,1,0,0,1
2025|08,Munich,Bavaria,Germany,1,1,1,0,0,1,0,1
2025|08,Myers Corner,New York,United States,1,1,0,0,0,1,0,1
2025|08,Nagpur,Maharashtra,India,1,1,1,1,1,0,0,2
2025|08,Natchez,Mississippi,United States,1,1,1,1,1,0,0,7
2025|08,New Brighton,Minnesota,United States,2,2,2,2,1,0,0,3
2025|08,New Delhi,Delhi,India,1,1,1,1,1,0,0,3
2025|08,New Hope,Minnesota,United States,3,1,1,1,0.3333,0.6667,0,2
2025|08,New Orleans,Louisiana,United States,1,1,1,0,0,1,0,1
2025|08,New York,New York,United States,4,3,3,1,0.25,0.75,0,5
2025|08,Newton,Mississippi,United States,1,1,1,0,0,1,0,1
2025|08,Niceville,Florida,United States,1,1,1,1,1,0,0,1
2025|08,Noida,Uttar Pradesh,India,1,1,1,1,1,0,0,1
2025|08,North Charleston,South Carolina,United States,1,1,1,1,1,0,0,1
2025|08,Old Orchard Beach,Maine,United States,1,1,1,0,0,1,0,1
2025|08,Omaha,Nebraska,United States,1,1,1,1,1,0,0,1
2025|08,Onalaska,Wisconsin,United States,9,9,3,6,0.6667,0.3333,0,23
2025|08,Osage City,Kansas,United States,1,1,1,1,1,0,0,2
2025|08,Otsego,Minnesota,United States,6,5,5,4,0.6667,0.3333,0,14
2025|08,Overland Park,Kansas,United States,1,1,0,1,1,0,0,1
2025|08,Owasso,Oklahoma,United States,1,1,0,1,1,0,0,2
2025|08,Palmyra,Missouri,United States,1,1,1,1,1,0,0,2
2025|08,Paris,Ile-de-France,France,1,1,1,1,1,0,0,1
2025|08,Parker,South Dakota,United States,1,1,1,1,1,0,0,1
2025|08,Parkers Prairie,Minnesota,United States,1,1,1,1,1,0,0,8
2025|08,Phoenix,Arizona,United States,1,1,1,1,1,0,0,1
2025|08,Pine City,Minnesota,United States,1,1,1,1,1,0,0,2
2025|08,Pineville,Louisiana,United States,1,1,0,1,1,0,0,0
2025|08,Plainview,Nebraska,United States,1,1,1,1,1,0,0,4
2025|08,Plymouth,Minnesota,United States,16,13,11,13,0.8125,0.1875,1,45
2025|08,Pocahontas,Arkansas,United States,1,1,0,1,1,0,0,2
2025|08,Pontotoc,Mississippi,United States,1,1,1,1,1,0,0,3
2025|08,Port Harcourt,Rivers,Nigeria,1,1,1,0,0,1,0,1
2025|08,Prairie du Chien,Wisconsin,United States,2,2,2,2,1,0,0,5
2025|08,Prineville,Oregon,United States,1,1,1,1,1,0,0,1
2025|08,Raichur,Karnataka,India,1,1,0,1,1,0,0,3
2025|08,Rajamahendravaram,Andhra Pradesh,India,1,1,1,1,1,0,0,1
2025|08,Raleigh,Mississippi,United States,1,1,1,1,1,0,0,3
2025|08,Raleigh,North Carolina,United States,1,1,0,1,1,0,0,2
2025|08,Randolph,New Jersey,United States,1,1,1,0,0,1,0,1
2025|08,Rewari,Haryana,India,1,1,1,0,0,1,0,1
2025|08,Rice,Minnesota,United States,2,2,1,1,0.5,0.5,0,2
2025|08,Richfield,Minnesota,United States,2,2,2,1,0.5,0.5,0,3
2025|08,Ridgecrest,California,United States,1,1,0,1,1,0,0,1
2025|08,Robbinsdale,Minnesota,United States,3,3,3,2,0.6667,0.3333,0,4
2025|08,Robstown,Texas,United States,1,1,1,0,0,1,0,1
2025|08,Rochester,Minnesota,United States,1,1,1,1,1,0,0,5
2025|08,Roseville,Minnesota,United States,1,1,1,1,1,0,0,1
2025|08,Rotterdam,South Holland,Netherlands,1,1,1,1,1,0,0,1
2025|08,Sahibzada Ajit Singh Nagar,Punjab,India,1,1,1,0,0,1,0,1
2025|08,Saint Paul,Minnesota,United States,7,7,7,5,0.7143,0.2857,2,28
2025|08,Salem,Arkansas,United States,1,1,1,1,1,0,0,2
2025|08,San Jose,California,United States,1,1,1,0,0,1,0,1
2025|08,San Luis Obispo,California,United States,1,1,1,1,1,0,0,2
2025|08,Saratoga Springs,New York,United States,2,2,2,1,0.5,0.5,0,3
2025|08,Sartell,Minnesota,United States,1,1,1,1,1,0,0,10
2025|08,Savage,Minnesota,United States,2,2,2,1,0.5,0.5,0,2
2025|08,Sayre,Oklahoma,United States,1,1,0,0,0,1,0,0
2025|08,Secunderabad,Telangana,India,1,1,1,1,1,0,0,2
2025|08,Seward,Nebraska,United States,1,1,1,0,0,1,0,1
2025|08,Singapore,(not set),Singapore,1,1,1,0,0,1,0,1
2025|08,Sioux Falls,South Dakota,United States,1,1,0,1,1,0,0,1
2025|08,Smith Center,Kansas,United States,1,1,1,1,1,0,0,1
2025|08,Spirit Lake,Iowa,United States,2,2,0,1,0.5,0.5,0,5
2025|08,St. Louis,Missouri,United States,1,1,1,1,1,0,0,1
2025|08,St. Louis Park,Minnesota,United States,6,5,4,5,0.8333,0.1667,0,10
2025|08,Stillwater,Minnesota,United States,1,1,1,1,1,0,0,2
2025|08,Sunnyslope,Washington,United States,1,1,1,1,1,0,0,3
2025|08,Tenali,Andhra Pradesh,India,1,1,1,1,1,0,0,1
2025|08,Tomahawk,Wisconsin,United States,1,1,1,1,1,0,0,1
2025|08,Tupelo,Mississippi,United States,1,1,1,0,0,1,0,1
2025|08,Turlock,California,United States,1,1,0,1,1,0,0,4
2025|08,Tuscaloosa,Alabama,United States,1,1,0,1,1,0,0,0
2025|08,Villa Grove,Illinois,United States,1,1,1,1,1,0,0,1
2025|08,Wabasha,Minnesota,United States,4,1,1,0,0,1,0,3
2025|08,Waconia,Minnesota,United States,1,1,1,1,1,0,0,1
2025|08,Wagoner,Oklahoma,United States,1,1,1,1,1,0,0,1
2025|08,Walnut,Iowa,United States,1,1,1,0,0,1,0,1
2025|08,Walnut Ridge,Arkansas,United States,1,1,0,1,1,0,0,1
2025|08,Waterford,New Jersey,United States,1,1,1,0,0,1,0,1
2025|08,Waterville,Ohio,United States,1,1,1,1,1,0,0,1
2025|08,Waunakee,Wisconsin,United States,1,1,0,1,1,0,0,1
2025|08,Waverly,Tennessee,United States,1,1,1,1,1,0,0,1
2025|08,Wayzata,Minnesota,United States,2,2,1,0,0,1,0,1
2025|08,White Bear Lake,Minnesota,United States,1,1,0,1,1,0,0,5
2025|08,Whitesboro,Texas,United States,1,1,1,1,1,0,1,4
2025|08,Willmar,Minnesota,United States,2,1,1,2,1,0,0,4
2025|08,Wittenberg,Wisconsin,United States,1,1,0,1,1,0,0,1
2025|08,Woodbury,Minnesota,United States,6,3,2,2,0.3333,0.6667,0,8
2025|08,Wymore,Nebraska,United States,1,1,1,1,1,0,0,4
2025|08,Wyoming,Minnesota,United States,3,1,1,2,0.6667,0.3333,0,53
2025|08,Yonkers,New York,United States,2,2,1,1,0.5,0.5,0,3
2025|08,Zumbrota,Minnesota,United States,1,1,0,0,0,1,0,1
2025|09,(not set),(not set),(not set),1,1,1,0,0,1,0,1
2025|09,(not set),(not set),Germany,3,3,3,1,0.3333,0.6667,1,3
2025|09,(not set),(not set),India,2,2,0,2,1,0,0,31
2025|09,(not set),(not set),Lithuania,1,1,1,0,0,1,0,1
2025|09,(not set),(not set),United States,4,4,3,2,0.5,0.5,0,6
2025|09,(not set),California,United States,2,2,1,2,1,0,1,3
2025|09,(not set),Florida,United States,1,1,1,1,1,0,0,3
2025|09,(not set),Georgia,United States,1,1,1,1,1,0,0,2
2025|09,(not set),Illinois,United States,2,2,2,1,0.5,0.5,0,2
2025|09,(not set),Maharashtra,India,1,1,0,1,1,0,0,5
2025|09,(not set),Minnesota,United States,3,2,2,2,0.6667,0.3333,0,13
2025|09,(not set),Ohio,United States,1,1,0,1,1,0,0,2
2025|09,(not set),State of Rio Grande do Sul,Brazil,1,1,1,0,0,1,0,1
2025|09,(not set),Texas,United States,25,21,16,17,0.68,0.32,1,61
2025|09,(not set),Virginia,United States,2,2,2,1,0.5,0.5,0,2
2025|09,Albany,Kentucky,United States,1,1,0,1,1,0,0,10
2025|09,Albert Lea,Minnesota,United States,1,1,1,1,1,0,0,2
2025|09,Anaheim,California,United States,1,1,0,1,1,0,1,6
2025|09,Anoka,Minnesota,United States,1,1,1,0,0,1,0,1
2025|09,Antlers,Oklahoma,United States,1,1,0,0,0,1,0,1
2025|09,Appleton,Minnesota,United States,1,1,0,1,1,0,0,1
2025|09,Arden-Arcade,California,United States,1,1,1,1,1,0,0,1
2025|09,Ashburn,Virginia,United States,28,28,27,23,0.8214,0.1786,1,27
2025|09,Auburn,Alabama,United States,2,2,1,1,0.5,0.5,0,3
2025|09,Aurora,Missouri,United States,1,1,0,1,1,0,0,3
2025|09,Bahawalpur,Punjab,Pakistan,2,2,2,1,0.5,0.5,1,4
2025|09,Bartlesville,Oklahoma,United States,1,1,1,0,0,1,0,1
2025|09,Belle Plaine,Kansas,United States,1,1,1,1,1,0,0,8
2025|09,Bhubaneswar,Odisha,India,1,1,1,1,1,0,1,3
2025|09,Blaine,Minnesota,United States,2,2,2,2,1,0,0,12
2025|09,Bloomington,Minnesota,United States,2,2,0,1,0.5,0.5,0,1
2025|09,Blytheville,Arkansas,United States,1,1,1,0,0,1,0,1
2025|09,Boardman,Oregon,United States,5,5,3,0,0,1,0,3
2025|09,Bonham,Texas,United States,1,1,1,1,1,0,0,1
2025|09,Bottineau,North Dakota,United States,1,1,0,1,1,0,0,1
2025|09,Brainerd,Minnesota,United States,1,1,1,1,1,0,0,2
2025|09,Brooklyn Center,Minnesota,United States,1,1,1,1,1,0,0,1
2025|09,Brooklyn Park,Minnesota,United States,2,2,1,0,0,1,0,2
2025|09,Canyon,Texas,United States,1,1,1,1,1,0,1,3
2025|09,Centerville,Ohio,United States,1,1,0,0,0,1,0,0
2025|09,Champlin,Minnesota,United States,2,1,0,2,1,0,0,8
2025|09,Chanhassen,Minnesota,United States,7,5,4,4,0.5714,0.4286,2,18
2025|09,Chaska,Minnesota,United States,23,6,1,11,0.4783,0.5217,0,36
2025|09,Chicago,Illinois,United States,27,24,17,14,0.5185,0.4815,0,40
2025|09,Clarendon,Texas,United States,1,1,0,0,0,1,0,1
2025|09,Clarinda,Iowa,United States,1,1,0,1,1,0,0,3
2025|09,Clarksville,Arkansas,United States,2,2,1,0,0,1,0,2
2025|09,Clifton,New Jersey,United States,1,1,0,0,0,1,0,0
2025|09,Cloquet,Minnesota,United States,1,1,1,1,1,0,0,1
2025|09,Council Bluffs,Iowa,United States,10,10,10,2,0.2,0.8,0,10
2025|09,Crete,Nebraska,United States,1,1,0,1,1,0,0,2
2025|09,Crystal,Minnesota,United States,1,1,1,1,1,0,1,6
2025|09,Dallas,Texas,United States,1,1,1,0,0,1,0,1
2025|09,Downingtown,Pennsylvania,United States,1,1,1,1,1,0,0,1
2025|09,Dublin,County Dublin,Ireland,1,1,1,1,1,0,0,1
2025|09,Eagle Grove,Iowa,United States,1,1,0,0,0,1,0,1
2025|09,Eau Claire,Wisconsin,United States,1,1,1,1,1,0,0,1
2025|09,Eden Prairie,Minnesota,United States,12,5,5,11,0.9167,0.0833,0,30
2025|09,Edina,Minnesota,United States,2,1,1,0,0,1,0,1
2025|09,Emigrant,Montana,United States,1,1,0,1,1,0,0,1
2025|09,Erie,Pennsylvania,United States,1,1,1,0,0,1,0,1
2025|09,Farmington,Minnesota,United States,1,1,0,1,1,0,0,1
2025|09,Forest City,North Carolina,United States,1,1,1,0,0,1,0,1
2025|09,Foristell,Missouri,United States,1,1,0,1,1,0,0,3
2025|09,Fort Worth,Texas,United States,1,1,1,1,1,0,0,1
2025|09,Fridley,Minnesota,United States,2,2,1,1,0.5,0.5,0,3
2025|09,Galesburg,Illinois,United States,1,1,0,1,1,0,0,2
2025|09,Glencoe,Minnesota,United States,1,1,0,1,1,0,0,0
2025|09,Grand Rapids,Minnesota,United States,1,1,0,1,1,0,0,0
2025|09,Greenfield,Minnesota,United States,4,2,2,4,1,0,0,8
2025|09,Ham Lake,Minnesota,United States,6,2,2,2,0.3333,0.6667,0,15
2025|09,Harrisburg,Illinois,United States,1,1,0,0,0,1,0,1
2025|09,Helena,Montana,United States,1,1,1,1,1,0,0,1
2025|09,Hopkins,Minnesota,United States,4,4,4,3,0.75,0.25,0,11
2025|09,Indianapolis,Indiana,United States,1,1,1,0,0,1,0,1
2025|09,Jackson,Tennessee,United States,1,1,0,0,0,1,0,0
2025|09,Jamestown,Ohio,United States,1,1,0,1,1,0,1,1
2025|09,Jena,Louisiana,United States,2,2,0,2,1,0,0,3
2025|09,Karachi,Sindh,Pakistan,3,3,3,3,1,0,3,6
2025|09,Knox,Indiana,United States,1,1,0,0,0,1,0,1
2025|09,Kountze,Texas,United States,1,1,1,0,0,1,0,1
2025|09,Lagos,Lagos,Nigeria,1,1,1,1,1,0,0,2
2025|09,Lakeville,Minnesota,United States,4,3,3,4,1,0,1,11
2025|09,Lamar,Missouri,United States,2,2,1,2,1,0,1,6
2025|09,Le Center,Minnesota,United States,3,1,1,3,1,0,0,7
2025|09,Lebanon,Tennessee,United States,1,1,0,1,1,0,0,2
2025|09,Lenexa,Kansas,United States,1,1,1,1,1,0,0,3
2025|09,Little Rock,Arkansas,United States,1,1,1,1,1,0,1,2
2025|09,Los Angeles,California,United States,4,3,3,2,0.5,0.5,0,8
2025|09,Lulea,Norrbotten County,Sweden,3,3,3,2,0.6667,0.3333,0,3
2025|09,Mankato,Minnesota,United States,2,1,1,1,0.5,0.5,1,2
2025|09,Maple Grove,Minnesota,United States,3,2,2,1,0.3333,0.6667,0,4
2025|09,Maplewood,Minnesota,United States,1,1,1,1,1,0,0,3
2025|09,Martin,Tennessee,United States,2,2,1,2,1,0,0,2
2025|09,Milwaukee,Wisconsin,United States,2,2,1,2,1,0,0,7
2025|09,Minneapolis,Minnesota,United States,90,49,31,43,0.4778,0.5222,3,189
2025|09,Minnetonka,Minnesota,United States,25,16,12,19,0.76,0.24,0,50
2025|09,Monticello,Minnesota,United States,2,1,0,2,1,0,0,4
2025|09,Moorhead,Minnesota,United States,1,1,1,1,1,0,0,2
2025|09,Morris,Minnesota,United States,1,1,1,1,1,0,0,1
2025|09,Mumbai,Maharashtra,India,1,1,1,1,1,0,2,4
2025|09,New Brighton,Minnesota,United States,2,2,1,1,0.5,0.5,0,6
2025|09,New York,New York,United States,1,1,1,0,0,1,0,1
2025|09,Northfield,Minnesota,United States,2,1,1,1,0.5,0.5,0,3
2025|09,Oakton,Virginia,United States,1,1,0,0,0,1,0,0
2025|09,Olathe,Kansas,United States,1,1,1,1,1,0,0,2
2025|09,Onalaska,Wisconsin,United States,3,3,1,1,0.3333,0.6667,0,4
2025|09,Otsego,Minnesota,United States,6,2,1,3,0.5,0.5,0,5
2025|09,Overland Park,Kansas,United States,2,1,1,0,0,1,0,2
2025|09,Owatonna,Minnesota,United States,1,1,1,1,1,0,0,3
2025|09,Paris,Ile-de-France,France,1,1,1,0,0,1,0,1
2025|09,Perham,Minnesota,United States,1,1,0,1,1,0,0,2
2025|09,Phoenix,Arizona,United States,1,1,1,0,0,1,0,1
2025|09,Pittsfield,Illinois,United States,1,1,0,0,0,1,0,1
2025|09,Plymouth,Minnesota,United States,9,6,5,7,0.7778,0.2222,2,33
2025|09,Port Harcourt,Rivers,Nigeria,1,1,1,1,1,0,0,3
2025|09,Portland,Maine,United States,1,1,1,0,0,1,0,1
2025|09,Prior Lake,Minnesota,United States,3,2,2,3,1,0,0,5
2025|09,Pune,Maharashtra,India,1,1,1,0,0,1,0,1
2025|09,Rochester,Minnesota,United States,4,3,2,2,0.5,0.5,0,5
2025|09,Rosemount,Minnesota,United States,1,1,0,0,0,1,0,0
2025|09,Roseville,Minnesota,United States,1,1,1,1,1,0,0,8
2025|09,Rushford,Minnesota,United States,1,1,0,0,0,1,0,1
2025|09,Rusk,Texas,United States,1,1,1,1,1,0,0,2
2025|09,Saint Paul,Minnesota,United States,1,1,1,1,1,0,0,1
2025|09,San Jose,California,United States,1,1,1,0,0,1,0,1
2025|09,Santa Claus,Indiana,United States,1,1,1,1,1,0,0,1
2025|09,Savage,Minnesota,United States,3,2,2,3,1,0,0,10
2025|09,Schneeberg,Saxony,Germany,1,1,1,0,0,1,0,1
2025|09,Shakopee,Minnesota,United States,1,1,1,0,0,1,0,1
2025|09,Shenandoah,Iowa,United States,3,3,0,3,1,0,1,7
2025|09,Shinjuku City,Tokyo,Japan,1,1,1,1,1,0,0,9
2025|09,Shreveport,Louisiana,United States,1,1,0,1,1,0,0,0
2025|09,Smithville,Missouri,United States,1,1,0,0,0,1,0,1
2025|09,St. Louis Park,Minnesota,United States,1,1,1,1,1,0,0,3
2025|09,Tomah,Wisconsin,United States,1,1,1,1,1,0,0,1
2025|09,Vadnais Heights,Minnesota,United States,3,2,1,1,0.3333,0.6667,0,3
2025|09,Villa Grove,Illinois,United States,1,1,0,0,0,1,0,1
2025|09,Virginia Beach,Virginia,United States,1,1,0,0,0,1,0,1
2025|09,Waconia,Minnesota,United States,1,1,1,1,1,0,0,1
2025|09,Waterbury,Connecticut,United States,2,1,1,1,0.5,0.5,0,3
2025|09,Waukesha,Wisconsin,United States,3,3,2,2,0.6667,0.3333,1,8
2025|09,Waynesboro,Mississippi,United States,1,1,1,1,1,0,0,1
2025|09,Wayzata,Minnesota,United States,1,1,1,1,1,0,0,4
2025|09,White Bear Lake,Minnesota,United States,3,2,1,1,0.3333,0.6667,1,5
2025|09,Woodbury,Minnesota,United States,1,1,0,0,0,1,0,1
2025|09,Wymore,Nebraska,United States,1,1,0,1,1,0,0,0
2025|09,Yankton,South Dakota,United States,1,1,0,1,1,0,0,0
2025|09,80330,Hauts-de-France,France,1,1,0,1,1,0,0,1
2025|10,(not set),(not set),(not set),20,20,20,0,0,1,0,20
2025|10,(not set),(not set),China,2,2,2,0,0,1,0,2
2025|10,(not set),(not set),Germany,2,2,2,2,1,0,2,2
2025|10,(not set),(not set),India,3,3,1,3,1,0,0,27
2025|10,(not set),(not set),Singapore,2,2,0,2,1,0,0,0
2025|10,(not set),(not set),United States,10,10,8,3,0.3,0.7,2,15
2025|10,(not set),Colorado,United States,3,3,3,1,0.3333,0.6667,1,3
2025|10,(not set),Illinois,United States,1,1,1,1,1,0,0,2
2025|10,(not set),Masovian Voivodeship,Poland,1,1,1,0,0,1,0,1
2025|10,(not set),Massachusetts,United States,1,1,0,0,0,1,0,1
2025|10,(not set),Minnesota,United States,2,1,0,0,0,1,0,2
2025|10,(not set),Tamil Nadu,India,1,1,1,0,0,1,0,1
2025|10,(not set),Texas,United States,30,22,15,18,0.6,0.4,1,68
2025|10,(not set),Virginia,United States,2,2,1,1,0.5,0.5,0,6
2025|10,Aliso Viejo,California,United States,2,1,0,1,0.5,0.5,0,2
2025|10,Altoona,Iowa,United States,1,1,1,1,1,0,0,1
2025|10,Amsterdam,North Holland,Netherlands,2,2,2,1,0.5,0.5,1,3
2025|10,Andover,Minnesota,United States,1,1,1,1,1,0,0,2
2025|10,Angola,Indiana,United States,1,1,0,0,0,1,0,1
2025|10,Annandale,Minnesota,United States,4,2,1,1,0.25,0.75,0,7
2025|10,Anoka,Minnesota,United States,2,1,1,2,1,0,0,6
2025|10,Apple Valley,Minnesota,United States,3,3,1,1,0.3333,0.6667,0,3
2025|10,Ashburn,Virginia,United States,11,3,2,8,0.7273,0.2727,2,20
2025|10,Auburn,Alabama,United States,1,1,0,0,0,1,0,1
2025|10,Barron,Wisconsin,United States,1,1,0,1,1,0,0,0
2025|10,Bengaluru,Karnataka,India,1,1,1,1,1,0,0,1
2025|10,Blackduck,Minnesota,United States,1,1,1,0,0,1,0,1
2025|10,Bloomington,Minnesota,United States,3,3,1,1,0.3333,0.6667,0,4
2025|10,Boardman,Oregon,United States,3,3,3,1,0.3333,0.6667,0,13
2025|10,Boydton,Virginia,United States,1,1,1,0,0,1,0,1
2025|10,Bristol,Virginia,United States,1,1,0,1,1,0,0,0
2025|10,Brooklyn Park,Minnesota,United States,4,2,2,4,1,0,3,6
2025|10,Brunswick,Ohio,United States,1,1,1,1,1,0,0,1
2025|10,Burnaby,British Columbia,Canada,1,1,1,0,0,1,0,1
2025|10,Burnsville,Minnesota,United States,1,1,0,0,0,1,0,1
2025|10,Cedar Park,Texas,United States,2,2,0,2,1,0,0,3
2025|10,Champlin,Minnesota,United States,1,1,0,1,1,0,0,1
2025|10,Chanhassen,Minnesota,United States,4,2,2,4,1,0,0,5
2025|10,Chaska,Minnesota,United States,28,9,0,11,0.3929,0.6071,0,39
2025|10,Chicago,Illinois,United States,35,22,18,19,0.5429,0.4571,2,91
2025|10,Clarkston,Washington,United States,1,1,0,0,0,1,0,1
2025|10,Clearwater,Minnesota,United States,2,1,0,0,0,1,0,2
2025|10,Clifton,New Jersey,United States,273,275,275,271,0.9927,0.0073,0,519
2025|10,Cohasset,Minnesota,United States,1,1,1,1,1,0,0,4
2025|10,Columbus,Ohio,United States,6,6,6,1,0.1667,0.8333,1,6
2025|10,Coon Rapids,Minnesota,United States,4,2,2,4,1,0,1,11
2025|10,Council Bluffs,Iowa,United States,3,3,3,0,0,1,0,3
2025|10,Dallas,Texas,United States,4,2,2,2,0.5,0.5,0,7
2025|10,Dayton,Minnesota,United States,1,1,1,0,0,1,0,1
2025|10,Decorah,Iowa,United States,1,1,1,0,0,1,0,1
2025|10,Delhi,Delhi,India,1,1,1,1,1,0,1,1
2025|10,Des Moines,Iowa,United States,3,3,2,2,0.6667,0.3333,0,4
2025|10,Dublin,County Dublin,Ireland,1,1,1,0,0,1,0,1
2025|10,Eagan,Minnesota,United States,1,1,1,1,1,0,0,1
2025|10,Eden Prairie,Minnesota,United States,15,6,3,9,0.6,0.4,0,30
2025|10,Edina,Minnesota,United States,1,1,1,1,1,0,0,1
2025|10,Erie,Pennsylvania,United States,1,1,0,0,0,1,0,1
2025|10,Eureka,Kansas,United States,1,1,0,0,0,1,0,1
2025|10,Farmington,Minnesota,United States,2,2,1,1,0.5,0.5,0,2
2025|10,Fayetteville,North Carolina,United States,1,1,1,1,1,0,0,2
2025|10,Florence,Alabama,United States,1,1,0,1,1,0,0,1
2025|10,Forest City,North Carolina,United States,2,2,2,1,0.5,0.5,0,2
2025|10,Fort Worth,Texas,United States,1,1,1,0,0,1,0,1
2025|10,Frankfurt am Main,Hessen,Germany,1,1,0,0,0,1,0,1
2025|10,Fridley,Minnesota,United States,3,2,2,2,0.6667,0.3333,0,3
2025|10,Golden Valley,Minnesota,United States,3,2,2,3,1,0,0,5
2025|10,Gujranwala,Punjab,Pakistan,2,2,2,2,1,0,2,2
2025|10,Hannibal,Missouri,United States,1,1,0,1,1,0,0,2
2025|10,Hanover,New Jersey,United States,1,1,1,1,1,0,0,1
2025|10,Hastings,Nebraska,United States,1,1,0,0,0,1,0,0
2025|10,Hopkins,Minnesota,United States,4,3,2,3,0.75,0.25,0,8
2025|10,Huntsville,Alabama,United States,3,1,1,1,0.3333,0.6667,0,4
2025|10,Indianapolis,Indiana,United States,1,1,1,0,0,1,0,1
2025|10,Inver Grove Heights,Minnesota,United States,2,1,1,1,0.5,0.5,0,7
2025|10,Jakarta,Jakarta,Indonesia,1,1,1,0,0,1,0,1
2025|10,Jiaxing,Zhejiang,China,1,1,0,0,0,1,0,0
2025|10,Jordan,Minnesota,United States,11,6,1,3,0.2727,0.7273,0,10
2025|10,Kamp-Lintfort,North Rhine-Westphalia,Germany,1,1,1,1,1,0,0,3
2025|10,Karachi,Sindh,Pakistan,2,2,2,2,1,0,1,3
2025|10,Kewanee,Illinois,United States,1,1,0,1,1,0,0,0
2025|10,La Crosse,Kansas,United States,1,1,1,1,1,0,0,2
2025|10,La Grande,Oregon,United States,1,1,1,0,0,1,0,1
2025|10,Lahore,Punjab,Pakistan,2,2,2,1,0.5,0.5,1,3
2025|10,Lakeville,Minnesota,United States,4,4,3,4,1,0,0,6
2025|10,Lanzhou,Gansu,China,27,27,27,7,0.2593,0.7407,0,27
2025|10,Lulea,Norrbotten County,Sweden,5,5,5,2,0.4,0.6,0,5
2025|10,Luverne,Alabama,United States,1,1,1,0,0,1,0,1
2025|10,Mankato,Minnesota,United States,2,2,2,1,0.5,0.5,1,3
2025|10,Maple Grove,Minnesota,United States,4,3,1,4,1,0,0,6
2025|10,Miami,Oklahoma,United States,1,1,0,0,0,1,0,0
2025|10,Minden,Nebraska,United States,1,1,0,1,1,0,0,0
2025|10,Minneapolis,Minnesota,United States,90,54,35,48,0.5333,0.4667,4,144
2025|10,Minnetonka,Minnesota,United States,16,10,8,11,0.6875,0.3125,0,35
2025|10,Minnetrista,Minnesota,United States,1,1,1,1,1,0,0,3
2025|10,Montgomery,Minnesota,United States,1,1,1,0,0,1,0,1
2025|10,Monticello,Minnesota,United States,3,1,0,2,0.6667,0.3333,0,6
2025|10,Nabeul‎,Nabeul Governorate,Tunisia,1,1,1,1,1,0,0,1
2025|10,Natchez,Mississippi,United States,1,1,0,0,0,1,0,1
2025|10,Nebraska City,Nebraska,United States,1,1,1,0,0,1,0,1
2025|10,New Albany,Mississippi,United States,1,1,0,0,0,1,0,1
2025|10,New Berlin,Wisconsin,United States,1,1,1,1,1,0,0,1
2025|10,New Hope,Minnesota,United States,1,1,0,1,1,0,0,1
2025|10,New York,New York,United States,4,4,3,2,0.5,0.5,0,11
2025|10,Northfield,Minnesota,United States,3,2,2,0,0,1,0,3
2025|10,Onalaska,Wisconsin,United States,1,1,0,1,1,0,0,0
2025|10,Orono,Minnesota,United States,1,1,1,1,1,0,0,2
2025|10,Othello,Washington,United States,1,1,0,1,1,0,0,1
2025|10,Otsego,Minnesota,United States,2,1,1,2,1,0,0,5
2025|10,Overland Park,Kansas,United States,1,1,1,1,1,0,0,2
2025|10,Owatonna,Minnesota,United States,1,1,1,1,1,0,0,1
2025|10,Paris,Texas,United States,1,1,0,1,1,0,0,5
2025|10,Pflugerville,Texas,United States,1,1,1,0,0,1,0,1
2025|10,Plymouth,Minnesota,United States,5,5,2,5,1,0,0,11
2025|10,Port Arthur,Texas,United States,1,1,1,0,0,1,0,1
2025|10,Prineville,Oregon,United States,1,1,1,1,1,0,0,1
2025|10,Richmond,Virginia,United States,1,1,0,1,1,0,0,1
2025|10,Roseville,Minnesota,United States,3,1,0,0,0,1,0,3
2025|10,Saco,Maine,United States,2,2,2,1,0.5,0.5,0,2
2025|10,Saint Joseph,Minnesota,United States,1,1,0,1,1,0,0,2
2025|10,Saint Paul,Minnesota,United States,5,3,2,2,0.4,0.6,0,4
2025|10,San Jose,California,United States,3,3,3,0,0,1,0,3
2025|10,Santa Clara,California,United States,286,286,286,285,0.9965,0.0035,0,547
2025|10,Santa Claus,Indiana,United States,1,1,1,0,0,1,0,1
2025|10,Santos,State of Sao Paulo,Brazil,1,1,0,0,0,1,0,0
2025|10,Sao Paulo,State of Sao Paulo,Brazil,1,1,1,0,0,1,0,1
2025|10,Seattle,Washington,United States,1,1,0,1,1,0,0,3
2025|10,Selma,Alabama,United States,2,2,0,1,0.5,0.5,0,2
2025|10,Shakopee,Minnesota,United States,13,6,5,8,0.6154,0.3846,0,26
2025|10,Shenandoah,Iowa,United States,1,1,0,1,1,0,0,1
2025|10,Shorewood,Minnesota,United States,2,2,2,2,1,0,0,3
2025|10,Singapore,(not set),Singapore,21,21,0,5,0.2381,0.7619,0,0
2025|10,Spokane Valley,Washington,United States,1,1,1,1,1,0,0,1
2025|10,St. Cloud,Minnesota,United States,1,1,1,1,1,0,1,5
2025|10,St. Louis,Missouri,United States,2,1,1,1,0.5,0.5,0,11
2025|10,St. Louis Park,Minnesota,United States,4,3,2,4,1,0,0,34
2025|10,Sun Prairie,Wisconsin,United States,1,1,0,0,0,1,0,1
2025|10,Tamarac,Florida,United States,1,1,1,1,1,0,0,1
2025|10,Tekamah,Nebraska,United States,1,1,0,1,1,0,0,1
2025|10,Trumann,Arkansas,United States,1,1,0,0,0,1,0,1
2025|10,Trussville,Alabama,United States,2,1,0,1,0.5,0.5,0,5
2025|10,Vadnais Heights,Minnesota,United States,6,1,0,4,0.6667,0.3333,0,15
2025|10,Victoria,Minnesota,United States,1,1,1,1,1,0,0,1
2025|10,Watertown,Wisconsin,United States,1,1,0,1,1,0,0,2
2025|10,Waukesha,Wisconsin,United States,7,7,5,5,0.7143,0.2857,0,9
2025|10,Wayzata,Minnesota,United States,1,1,0,1,1,0,0,3
2025|10,White Bear Lake,Minnesota,United States,2,1,0,1,0.5,0.5,0,27
2025|10,Winchester,Kentucky,United States,1,1,1,1,1,0,0,1
2025|10,Winnsboro,Louisiana,United States,1,1,0,1,1,0,0,1
2025|10,Wolcott,New York,United States,1,1,0,1,1,0,0,3
2025|10,Woodbury,Minnesota,United States,3,1,0,0,0,1,0,3
2025|11,(not set),(not set),(not set),32,32,32,1,0.0313,0.9688,0,36
2025|11,(not set),(not set),China,4,4,4,1,0.25,0.75,0,4
2025|11,(not set),(not set),Netherlands,1,1,1,1,1,0,0,4
2025|11,(not set),(not set),United States,7,7,7,0,0,1,0,7
2025|11,(not set),California,United States,2,2,1,1,0.5,0.5,0,11
2025|11,(not set),Florida,United States,1,1,1,0,0,1,0,1
2025|11,(not set),Gujarat,India,1,1,1,1,1,0,0,2
2025|11,(not set),Illinois,United States,16,13,5,10,0.625,0.375,2,21
2025|11,(not set),Maharashtra,India,1,1,0,1,1,0,0,1
2025|11,(not set),Minnesota,United States,5,3,2,1,0.2,0.8,0,9
2025|11,(not set),North Rhine-Westphalia,Germany,1,1,1,1,1,0,1,1
2025|11,(not set),Rajasthan,India,1,1,0,1,1,0,0,3
2025|11,(not set),St. Catherine Parish,Jamaica,1,1,1,1,1,0,0,1
2025|11,(not set),Texas,United States,38,33,20,20,0.5263,0.4737,1,72
2025|11,(not set),Wisconsin,United States,2,2,1,1,0.5,0.5,0,2
2025|11,Albuquerque,New Mexico,United States,1,1,1,1,1,0,0,1
2025|11,Alexandria,Virginia,United States,1,1,1,0,0,1,0,1
2025|11,Altoona,Iowa,United States,2,2,2,2,1,0,0,2
2025|11,Amsterdam,North Holland,Netherlands,5,5,5,3,0.6,0.4,3,8
2025|11,Anoka,Minnesota,United States,1,1,0,0,0,1,0,1
2025|11,Ashburn,Virginia,United States,1,1,1,0,0,1,0,1
2025|11,Atlanta,Georgia,United States,1,1,0,0,0,1,0,1
2025|11,Atmore,Alabama,United States,1,1,1,1,1,0,0,2
2025|11,Auburn,Alabama,United States,1,1,0,0,0,1,0,1
2025|11,Baudette,Minnesota,United States,2,1,1,2,1,0,0,5
2025|11,Beloit,Wisconsin,United States,3,3,1,1,0.3333,0.6667,0,3
2025|11,Big Lake,Minnesota,United States,5,3,3,3,0.6,0.4,1,18
2025|11,Blaine,Minnesota,United States,1,1,1,1,1,0,0,1
2025|11,Bloomington,Minnesota,United States,8,5,4,5,0.625,0.375,1,19
2025|11,Boardman,Oregon,United States,4,4,4,2,0.5,0.5,0,13
2025|11,Brooklyn Center,Minnesota,United States,5,3,3,4,0.8,0.2,0,12
2025|11,Brooklyn Park,Minnesota,United States,1,1,1,1,1,0,0,1
2025|11,Calamba,Calabarzon,Philippines,1,1,1,1,1,0,1,3
2025|11,Cebu City,Central Visayas,Philippines,1,1,1,0,0,1,0,1
2025|11,Chanhassen,Minnesota,United States,1,1,1,1,1,0,0,1
2025|11,Chaska,Minnesota,United States,70,16,3,43,0.6143,0.3857,5,321
2025|11,Chicago,Illinois,United States,40,25,15,18,0.45,0.55,3,57
2025|11,Cincinnati,Ohio,United States,1,1,1,0,0,1,0,1
2025|11,Coalville,Utah,United States,1,1,1,0,0,1,0,1
2025|11,College Park,Georgia,United States,1,1,0,0,0,1,0,1
2025|11,Columbus,Ohio,United States,7,7,7,1,0.1429,0.8571,1,7
2025|11,Coon Rapids,Minnesota,United States,1,1,1,1,1,0,0,3
2025|11,Council Bluffs,Iowa,United States,2,2,2,0,0,1,0,2
2025|11,Dalhart,Texas,United States,1,1,1,1,1,0,0,3
2025|11,Dallas,Texas,United States,1,1,1,1,1,0,0,1
2025|11,Dassel,Minnesota,United States,2,1,1,1,0.5,0.5,0,5
2025|11,Dayton,Minnesota,United States,1,1,1,1,1,0,0,3
2025|11,Des Moines,Iowa,United States,3,3,3,2,0.6667,0.3333,0,9
2025|11,Dubai,Dubai,United Arab Emirates,2,2,2,0,0,1,0,2
2025|11,Duluth,Minnesota,United States,1,1,1,1,1,0,0,3
2025|11,Eagan,Minnesota,United States,3,3,3,3,1,0,0,5
2025|11,Eden Prairie,Minnesota,United States,8,4,2,5,0.625,0.375,1,21
2025|11,Edina,Minnesota,United States,1,1,0,1,1,0,0,2
2025|11,El Paso,Texas,United States,1,1,1,0,0,1,0,1
2025|11,Erbil,Erbil Governorate,Iraq,1,1,1,0,0,1,0,1
2025|11,Fayetteville,Arkansas,United States,1,1,1,1,1,0,1,4
2025|11,Fort Worth,Texas,United States,4,4,4,0,0,1,0,4
2025|11,Francisco Morato,State of Sao Paulo,Brazil,1,1,1,1,1,0,0,1
2025|11,Gurugram,Haryana,India,1,1,1,1,1,0,0,1
2025|11,Ham Lake,Minnesota,United States,1,1,0,0,0,1,0,0
2025|11,Havre,Montana,United States,1,1,1,1,1,0,0,1
2025|11,Ho Chi Minh City,Ho Chi Minh City,Vietnam,2,2,2,1,0.5,0.5,0,2
2025|11,Honey Grove,Texas,United States,1,1,0,1,1,0,0,0
2025|11,Hopkins,Minnesota,United States,5,3,1,4,0.8,0.2,1,29
2025|11,Hugo,Minnesota,United States,2,1,0,1,0.5,0.5,0,2
2025|11,Huntsville,Alabama,United States,1,1,0,1,1,0,0,2
2025|11,Hyderabad,Telangana,India,1,1,1,1,1,0,1,1
2025|11,Inver Grove Heights,Minnesota,United States,1,1,1,1,1,0,0,1
2025|11,Jordan,Minnesota,United States,1,1,1,1,1,0,0,3
2025|11,Karachi,Sindh,Pakistan,2,2,2,2,1,0,2,3
2025|11,Lagos,Lagos,Nigeria,3,3,3,0,0,1,0,3
2025|11,Lakeville,Minnesota,United States,8,4,4,4,0.5,0.5,0,18
2025|11,Lanzhou,Gansu,China,22,22,22,6,0.2727,0.7273,0,22
2025|11,Little Canada,Minnesota,United States,2,2,2,2,1,0,0,6
2025|11,London,England,United Kingdom,1,1,1,0,0,1,0,1
2025|11,Los Angeles,California,United States,2,2,2,2,1,0,1,3
2025|11,Lulea,Norrbotten County,Sweden,2,2,2,0,0,1,0,2
2025|11,Madrid,Madrid,Spain,1,1,1,0,0,1,0,1
2025|11,Mankato,Minnesota,United States,1,1,1,1,1,0,1,2
2025|11,Maple Grove,Minnesota,United States,2,1,1,1,0.5,0.5,0,15
2025|11,Marks,Mississippi,United States,1,1,1,1,1,0,0,3
2025|11,Marshall,Michigan,United States,2,2,2,0,0,1,0,2
2025|11,Mayer,Minnesota,United States,2,1,1,1,0.5,0.5,0,2
2025|11,McCamey,Texas,United States,1,1,0,1,1,0,0,0
2025|11,Melrose,Minnesota,United States,1,1,1,1,1,0,0,2
2025|11,Miami,Florida,United States,1,1,1,1,1,0,0,3
2025|11,Minneapolis,Minnesota,United States,118,57,37,62,0.5254,0.4746,3,199
2025|11,Minnetonka,Minnesota,United States,6,6,6,4,0.6667,0.3333,1,11
2025|11,Monticello,Minnesota,United States,1,1,0,1,1,0,0,4
2025|11,Morrinsville,Waikato Region,New Zealand,1,1,1,0,0,1,0,1
2025|11,Moses Lake,Washington,United States,2,2,2,2,1,0,0,2
2025|11,Mount Vernon,Kentucky,United States,1,1,0,1,1,0,0,5
2025|11,New Brighton,Minnesota,United States,4,3,2,2,0.5,0.5,0,5
2025|11,Newton,Mississippi,United States,1,1,1,1,1,0,0,2
2025|11,Onalaska,Wisconsin,United States,1,1,0,0,0,1,0,1
2025|11,Otsego,Minnesota,United States,2,2,2,2,1,0,0,2
2025|11,Philadelphia,Pennsylvania,United States,1,1,1,0,0,1,0,1
2025|11,Phoenix,Arizona,United States,2,2,2,1,0.5,0.5,0,2
2025|11,Plymouth,Minnesota,United States,9,6,2,9,1,0,1,27
2025|11,Prairie du Chien,Wisconsin,United States,1,1,1,0,0,1,0,1
2025|11,Prineville,Oregon,United States,6,6,6,3,0.5,0.5,0,6
2025|11,Ramsey,Minnesota,United States,1,1,1,0,0,1,0,1
2025|11,Richfield,Minnesota,United States,1,1,1,1,1,0,0,1
2025|11,Rochester,Minnesota,United States,1,1,0,0,0,1,0,1
2025|11,Rockford,Minnesota,United States,2,2,1,1,0.5,0.5,0,5
2025|11,Rogers,Minnesota,United States,3,1,1,2,0.6667,0.3333,0,6
2025|11,Saint Paul,Minnesota,United States,19,10,10,13,0.6842,0.3158,2,64
2025|11,Saint Paul Park,Minnesota,United States,2,2,0,2,1,0,0,16
2025|11,San Jose,California,United States,2,2,1,0,0,1,0,8
2025|11,Santiago,Santiago Metropolitan Region,Chile,1,1,1,0,0,1,0,1
2025|11,Scottsdale,Arizona,United States,2,2,2,0,0,1,0,2
2025|11,Seattle,Washington,United States,1,1,1,0,0,1,0,1
2025|11,Shakopee,Minnesota,United States,5,4,3,3,0.6,0.4,1,18
2025|11,Shorewood,Minnesota,United States,2,2,1,1,0.5,0.5,0,13
2025|11,Shorewood,Wisconsin,United States,1,1,1,1,1,0,0,2
2025|11,Singapore,(not set),Singapore,23,23,3,6,0.2609,0.7391,0,3
2025|11,Somerdale,New Jersey,United States,1,1,1,0,0,1,0,1
2025|11,Spring Hill,Florida,United States,1,1,1,1,1,0,0,2
2025|11,Springfield,Nebraska,United States,1,1,1,0,0,1,0,1
2025|11,St. Cloud,Minnesota,United States,6,1,1,5,0.8333,0.1667,1,21
2025|11,St. Louis,Missouri,United States,1,1,1,1,1,0,0,4
2025|11,St. Louis Park,Minnesota,United States,8,3,3,4,0.5,0.5,0,20
2025|11,Stockholm,Stockholm County,Sweden,2,2,2,0,0,1,0,2
2025|11,Stow,Ohio,United States,1,1,1,1,1,0,0,1
2025|11,Suginami City,Tokyo,Japan,1,1,1,1,1,0,0,9
2025|11,Tubingen,Baden-Wurttemberg,Germany,1,1,1,1,1,0,1,1
2025|11,Waconia,Minnesota,United States,1,1,1,1,1,0,0,2
2025|11,Warren,Michigan,United States,1,1,1,1,1,0,0,1
2025|11,Waukesha,Wisconsin,United States,5,5,3,3,0.6,0.4,0,8
2025|11,West Saint Paul,Minnesota,United States,1,1,1,1,1,0,0,2
2025|11,Woodbury,Minnesota,United States,2,1,1,1,0.5,0.5,0,3
2025|12,(not set),(not set),(not set),34,34,34,0,0,1,0,34
2025|12,(not set),(not set),China,3,3,3,0,0,1,0,3
2025|12,(not set),(not set),Germany,3,3,3,0,0,1,0,3
2025|12,(not set),(not set),Iran,1,1,0,1,1,0,1,1
2025|12,(not set),(not set),Luxembourg,1,1,0,1,1,0,0,2
2025|12,(not set),(not set),United States,7,7,4,2,0.2857,0.7143,0,7
2025|12,(not set),Bavaria,Germany,1,1,1,1,1,0,0,1
2025|12,(not set),California,United States,1,1,1,1,1,0,0,5
2025|12,(not set),Colorado,United States,2,2,2,0,0,1,0,2
2025|12,(not set),Illinois,United States,2,2,0,1,0.5,0.5,1,4
2025|12,(not set),Iowa,United States,1,1,1,1,1,0,0,1
2025|12,(not set),Montana,United States,1,1,1,1,1,0,0,1
2025|12,(not set),New York,United States,1,1,0,1,1,0,0,4
2025|12,(not set),Tehran,Iran,1,1,0,1,1,0,0,1
2025|12,(not set),Texas,United States,20,18,14,12,0.6,0.4,0,41
2025|12,(not set),Virginia,United States,1,1,1,1,1,0,0,1
2025|12,(not set),Wisconsin,United States,1,1,1,0,0,1,0,1
2025|12,Anoka,Minnesota,United States,1,1,1,1,1,0,0,1
2025|12,Apple Valley,Minnesota,United States,2,2,2,2,1,0,0,3
2025|12,Arden Hills,Minnesota,United States,1,1,0,1,1,0,0,3
2025|12,Ashburn,Virginia,United States,9,9,6,1,0.1111,0.8889,0,7
2025|12,Aspen,Colorado,United States,1,1,1,0,0,1,0,1
2025|12,Atlanta,Georgia,United States,4,4,2,2,0.5,0.5,0,6
2025|12,Battle Creek,Michigan,United States,1,1,1,0,0,1,0,1
2025|12,Berlin,Berlin,Germany,1,1,0,1,1,0,0,1
2025|12,Birmingham,Alabama,United States,1,1,1,1,1,0,0,1
2025|12,Blaine,Minnesota,United States,2,2,2,1,0.5,0.5,0,3
2025|12,Bloomington,Minnesota,United States,2,2,1,1,0.5,0.5,0,3
2025|12,Boydton,Virginia,United States,1,1,1,0,0,1,0,1
2025|12,Bradford,Pennsylvania,United States,1,1,0,1,1,0,0,3
2025|12,Brentwood,California,United States,1,1,1,0,0,1,0,1
2025|12,Brookhaven,New York,United States,1,1,0,0,0,1,0,1
2025|12,Buffalo,Minnesota,United States,2,1,1,0,0,1,0,2
2025|12,Burnsville,Minnesota,United States,1,1,1,1,1,0,0,5
2025|12,Champlin,Minnesota,United States,1,1,0,0,0,1,0,1
2025|12,Chanhassen,Minnesota,United States,4,2,1,3,0.75,0.25,0,5
2025|12,Charleston,Maine,United States,1,1,0,1,1,0,0,0
2025|12,Chaska,Minnesota,United States,14,4,2,6,0.4286,0.5714,1,19
2025|12,Chatham,Illinois,United States,1,1,0,0,0,1,0,1
2025|12,Chicago,Illinois,United States,23,17,14,10,0.4348,0.5652,0,37
2025|12,Colchester,Vermont,United States,1,1,1,1,1,0,0,11
2025|12,Columbus,Ohio,United States,2,1,1,0,0,1,0,1
2025|12,Coon Rapids,Minnesota,United States,1,1,1,1,1,0,0,2
2025|12,Council Bluffs,Iowa,United States,3,3,3,0,0,1,0,3
2025|12,Crosslake,Minnesota,United States,1,1,1,1,1,0,0,3
2025|12,Dallas,Texas,United States,1,1,1,1,1,0,0,2
2025|12,Decatur,Alabama,United States,1,1,0,1,1,0,0,3
2025|12,Denver,Colorado,United States,1,1,1,1,1,0,0,1
2025|12,Des Moines,Iowa,United States,2,2,2,2,1,0,0,3
2025|12,Dothan,Alabama,United States,3,1,0,2,0.6667,0.3333,0,4
2025|12,Dublin,County Dublin,Ireland,1,1,1,0,0,1,0,1
2025|12,Eagan,Minnesota,United States,1,1,1,1,1,0,0,1
2025|12,Eden Prairie,Minnesota,United States,5,4,4,4,0.8,0.2,0,8
2025|12,Edina,Minnesota,United States,2,2,2,2,1,0,1,6
2025|12,Elizabeth,Colorado,United States,1,1,1,0,0,1,0,1
2025|12,Englewood,Colorado,United States,1,1,1,0,0,1,0,1
2025|12,Fairfield,California,United States,1,1,0,0,0,1,0,0
2025|12,Fairfield,New Jersey,United States,1,1,0,1,1,0,0,4
2025|12,Fayetteville,Arkansas,United States,1,1,0,0,0,1,0,1
2025|12,Forest City,North Carolina,United States,1,1,1,0,0,1,0,1
2025|12,Fort Worth,Texas,United States,1,1,1,0,0,1,0,1
2025|12,Gastonia,North Carolina,United States,1,1,0,1,1,0,0,3
2025|12,Geneseo,Illinois,United States,1,1,1,1,1,0,1,3
2025|12,Grand Rapids,Minnesota,United States,1,1,0,0,0,1,0,1
2025|12,Gunnison,Colorado,United States,1,1,1,1,1,0,0,5
2025|12,Gurugram,Haryana,India,1,1,1,1,1,0,1,2
2025|12,Hopkins,Minnesota,United States,1,1,1,1,1,0,0,2
2025|12,Huntsville,Alabama,United States,1,1,0,0,0,1,0,1
2025|12,Indianapolis,Indiana,United States,1,1,0,0,0,1,0,1
2025|12,Johannesburg,Gauteng,South Africa,1,1,1,1,1,0,0,1
2025|12,Karachi,Sindh,Pakistan,3,2,2,1,0.3333,0.6667,1,3
2025|12,Kilmarnock,Virginia,United States,1,1,0,0,0,1,0,0
2025|12,Lagos,Lagos,Nigeria,2,1,1,1,0.5,0.5,1,3
2025|12,Lake City,South Carolina,United States,1,1,0,0,0,1,0,1
2025|12,Lakeville,Minnesota,United States,1,1,1,1,1,0,0,2
2025|12,Lanzhou,Gansu,China,13,13,13,2,0.1538,0.8462,0,13
2025|12,Las Vegas,Nevada,United States,2,1,1,0,0,1,0,2
2025|12,Legazpi City,Bicol,Philippines,1,1,1,1,1,0,1,3
2025|12,Lille,Hauts-de-France,France,5,5,5,1,0.2,0.8,1,5
2025|12,Long Prairie,Minnesota,United States,1,1,1,0,0,1,0,1
2025|12,Los Angeles,California,United States,1,1,1,0,0,1,0,1
2025|12,Luxemburg,Wisconsin,United States,1,1,1,1,1,0,1,9
2025|12,Maple Grove,Minnesota,United States,5,3,3,4,0.8,0.2,0,7
2025|12,Mayer,Arizona,United States,1,1,0,1,1,0,0,1
2025|12,Middleburgh,New York,United States,1,1,1,1,1,0,0,1
2025|12,Minneapolis,Minnesota,United States,76,45,29,46,0.6053,0.3947,1,118
2025|12,Minnetonka,Minnesota,United States,7,7,5,5,0.7143,0.2857,0,12
2025|12,Monticello,Minnesota,United States,1,1,1,1,1,0,0,1
2025|12,Newark,New Jersey,United States,1,1,0,1,1,0,0,0
2025|12,North Auburn,California,United States,1,1,0,0,0,1,0,1
2025|12,Olney,Maryland,United States,1,1,0,1,1,0,0,4
2025|12,Onalaska,Wisconsin,United States,3,3,1,2,0.6667,0.3333,0,4
2025|12,Orono,Minnesota,United States,1,1,1,1,1,0,0,1
2025|12,Paris,Ile-de-France,France,1,1,1,0,0,1,0,1
2025|12,Pelican Rapids,Minnesota,United States,1,1,1,1,1,0,0,4
2025|12,Phoenix,Arizona,United States,1,1,1,1,1,0,0,1
2025|12,Plymouth,Minnesota,United States,5,2,0,4,0.8,0.2,0,10
2025|12,Prineville,Oregon,United States,1,1,1,1,1,0,0,1
2025|12,Reston,Virginia,United States,1,1,1,1,1,0,0,1
2025|12,Rochester,Minnesota,United States,1,1,1,0,0,1,0,1
2025|12,Rogers,Minnesota,United States,1,1,1,1,1,0,1,9
2025|12,Rosemount,Minnesota,United States,3,2,2,1,0.3333,0.6667,0,3
2025|12,Saint James,Minnesota,United States,1,1,1,1,1,0,0,7
2025|12,Saint Joseph,Minnesota,United States,1,1,1,1,1,0,0,4
2025|12,Saint Michael,Minnesota,United States,2,2,2,0,0,1,0,2
2025|12,Saint Paul,Minnesota,United States,6,5,5,4,0.6667,0.3333,0,12
2025|12,San Antonio,Texas,United States,1,1,0,1,1,0,0,0
2025|12,San Jose,California,United States,3,3,3,1,0.3333,0.6667,0,4
2025|12,Sandefjord,Vestfold,Norway,1,1,0,1,1,0,0,1
2025|12,Shakopee,Minnesota,United States,4,3,3,4,1,0,0,6
2025|12,Shanghai,Shanghai,China,1,1,1,1,1,0,0,1
2025|12,Shoreview,Minnesota,United States,1,1,1,1,1,0,0,3
2025|12,Shorewood,Minnesota,United States,10,3,2,5,0.5,0.5,0,30
2025|12,Singapore,(not set),Singapore,10,10,0,1,0.1,0.9,0,0
2025|12,Sioux Falls,South Dakota,United States,1,1,1,1,1,0,0,1
2025|12,South Saint Paul,Minnesota,United States,2,1,1,1,0.5,0.5,0,6
2025|12,Springfield,Nebraska,United States,2,2,2,0,0,1,0,2
2025|12,St. Cloud,Minnesota,United States,1,1,1,0,0,1,0,1
2025|12,St. Louis Park,Minnesota,United States,10,3,2,6,0.6,0.4,1,23
2025|12,Stockholm,Stockholm County,Sweden,1,1,1,1,1,0,0,2
2025|12,Summerville,Georgia,United States,1,1,1,1,1,0,0,3
2025|12,Tehran,(not set),Iran,1,1,0,1,1,0,0,1
2025|12,Tel Aviv-Yafo,Tel Aviv District,Israel,1,1,1,1,1,0,0,2
2025|12,Torrington,Connecticut,United States,1,1,0,0,0,1,0,0
2025|12,Vinita,Oklahoma,United States,1,1,0,0,0,1,0,1
2025|12,Warsaw,Masovian Voivodeship,Poland,1,1,1,0,0,1,0,1
2025|12,Waukesha,Wisconsin,United States,4,4,3,2,0.5,0.5,0,5
2025|12,White Bear Lake,Minnesota,United States,1,1,1,1,1,0,0,1
2025|12,Wisconsin Rapids,Wisconsin,United States,1,1,1,1,1,0,0,2
2025|12,Woburn,Massachusetts,United States,1,1,1,1,1,0,0,3
2025|12,Woodbury,Minnesota,United States,4,3,2,2,0.5,0.5,1,8
2026|01,(not set),(not set),(not set),31,31,31,0,0,1,0,31
2026|01,(not set),(not set),China,1,1,1,0,0,1,0,1
2026|01,(not set),(not set),Germany,8,8,8,2,0.25,0.75,1,15
2026|01,(not set),(not set),India,1,1,0,1,1,0,0,2
2026|01,(not set),(not set),Netherlands,1,1,0,1,1,0,0,1
2026|01,(not set),(not set),Russia,1,1,1,1,1,0,1,2
2026|01,(not set),(not set),United Kingdom,2,2,1,1,0.5,0.5,0,4
2026|01,(not set),(not set),United States,8,8,8,3,0.375,0.625,0,9
2026|01,(not set),Bavaria,Germany,1,1,1,0,0,1,0,1
2026|01,(not set),Brandenburg,Germany,1,1,0,1,1,0,1,1
2026|01,(not set),California,United States,3,3,2,2,0.6667,0.3333,0,18
2026|01,(not set),Colorado,United States,4,4,4,0,0,1,0,4
2026|01,(not set),Fars,Iran,1,1,0,1,1,0,0,1
2026|01,(not set),Florida,United States,3,3,3,0,0,1,0,3
2026|01,(not set),Illinois,United States,1,1,1,1,1,0,0,1
2026|01,(not set),Minnesota,United States,3,3,2,2,0.6667,0.3333,0,2
2026|01,(not set),Taipei City,Taiwan,1,1,1,0,0,1,0,1
2026|01,(not set),Texas,United States,4,4,2,3,0.75,0.25,1,14
2026|01,(not set),Wisconsin,United States,2,2,1,2,1,0,0,3
2026|01,Albert Lea,Minnesota,United States,2,1,0,2,1,0,0,3
2026|01,Altoona,Iowa,United States,2,2,2,1,0.5,0.5,0,2
2026|01,Andover,Minnesota,United States,1,1,1,1,1,0,0,2
2026|01,Apple Valley,Minnesota,United States,2,2,2,2,1,0,0,3
2026|01,Arden Hills,Minnesota,United States,1,1,0,0,0,1,0,0
2026|01,Ashburn,Virginia,United States,4,4,4,0,0,1,0,4
2026|01,Atlanta,Georgia,United States,1,1,0,1,1,0,0,1
2026|01,Auburn,Alabama,United States,1,1,0,1,1,0,0,0
2026|01,Austin,Texas,United States,1,1,1,1,1,0,0,2
2026|01,Barnstable,Massachusetts,United States,1,1,1,1,1,0,0,1
2026|01,Battle Creek,Michigan,United States,1,1,0,0,0,1,0,0
2026|01,Becker,Minnesota,United States,1,1,0,0,0,1,0,1
2026|01,Beloit,Wisconsin,United States,1,1,0,1,1,0,0,1
2026|01,Bemidji,Minnesota,United States,1,1,0,1,1,0,0,2
2026|01,Bengaluru,Karnataka,India,1,1,1,1,1,0,0,1
2026|01,Bissen,(not set),Luxembourg,1,1,0,1,1,0,0,3
2026|01,Blaine,Minnesota,United States,3,2,2,2,0.6667,0.3333,0,8
2026|01,Bloomington,Minnesota,United States,6,5,5,5,0.8333,0.1667,1,16
2026|01,Boardman,Oregon,United States,3,3,3,1,0.3333,0.6667,0,3
2026|01,Brooklyn Center,Minnesota,United States,1,1,1,1,1,0,0,7
2026|01,Brooklyn Park,Minnesota,United States,3,1,1,2,0.6667,0.3333,1,9
2026|01,Burnsville,Minnesota,United States,6,4,3,3,0.5,0.5,0,5
2026|01,Butzbach,Hessen,Germany,11,11,11,1,0.0909,0.9091,1,11
2026|01,Champlin,Minnesota,United States,1,1,1,1,1,0,0,1
2026|01,Chanhassen,Minnesota,United States,1,1,1,1,1,0,0,1
2026|01,Chaska,Minnesota,United States,7,4,2,2,0.2857,0.7143,0,6
2026|01,Chicago,Illinois,United States,65,37,28,38,0.5846,0.4154,5,100
2026|01,Cochran,Georgia,United States,1,1,0,0,0,1,0,0
2026|01,Columbus,Ohio,United States,7,7,7,1,0.1429,0.8571,1,7
2026|01,Cottage Grove,Minnesota,United States,2,1,1,1,0.5,0.5,0,2
2026|01,Council Bluffs,Iowa,United States,4,4,4,1,0.25,0.75,0,7
2026|01,Culpeper,Virginia,United States,1,1,0,0,0,1,0,1
2026|01,Dade City,Florida,United States,1,1,0,1,1,0,0,2
2026|01,Dallas,Texas,United States,7,5,4,4,0.5714,0.4286,3,17
2026|01,Denver,Colorado,United States,1,1,0,1,1,0,0,1
2026|01,Des Moines,Iowa,United States,2,2,2,1,0.5,0.5,0,3
2026|01,Diepholz,Lower Saxony,Germany,2,2,2,0,0,1,0,2
2026|01,Dronten,Flevoland,Netherlands,1,1,0,1,1,0,0,5
2026|01,Dublin,County Dublin,Ireland,1,1,1,1,1,0,0,1
2026|01,Dyersburg,Tennessee,United States,1,1,1,1,1,0,1,2
2026|01,Eagan,Minnesota,United States,1,1,1,0,0,1,0,1
2026|01,Eden Prairie,Minnesota,United States,13,5,3,6,0.4615,0.5385,0,18
2026|01,Edina,Minnesota,United States,2,2,2,2,1,0,1,7
2026|01,Forest Lake,Minnesota,United States,3,1,1,1,0.3333,0.6667,0,5
2026|01,Fort Worth,Texas,United States,1,1,1,1,1,0,0,1
2026|01,Frankfurt am Main,Hessen,Germany,1,1,1,0,0,1,0,1
2026|01,Gallatin,Tennessee,United States,2,2,2,1,0.5,0.5,0,2
2026|01,Gilbert,Arizona,United States,2,2,2,0,0,1,0,2
2026|01,Golden Valley,Minnesota,United States,5,4,4,3,0.6,0.4,1,8
2026|01,Hanover,Lower Saxony,Germany,2,2,2,1,0.5,0.5,0,2
2026|01,Harris,Minnesota,United States,1,1,1,1,1,0,0,2
2026|01,Hartland,Michigan,United States,1,1,0,0,0,1,0,1
2026|01,Hermiston,Oregon,United States,1,1,0,0,0,1,0,1
2026|01,Hofheim,Hessen,Germany,3,3,3,0,0,1,0,3
2026|01,Honolulu,Hawaii,United States,1,1,1,0,0,1,0,1
2026|01,Hopkins,Minnesota,United States,14,3,1,1,0.0714,0.9286,0,15
2026|01,Hudson,Wisconsin,United States,1,1,1,1,1,0,0,1
2026|01,Huntsville,Alabama,United States,1,1,1,1,1,0,0,3
2026|01,Incline Village,Nevada,United States,1,1,0,0,0,1,0,1
2026|01,Industry,Texas,United States,1,1,0,1,1,0,0,0
2026|01,Lakeville,Minnesota,United States,1,1,1,1,1,0,0,1
2026|01,Lanzhou,Gansu,China,125,125,125,1,0.008,0.992,1,125
2026|01,Livonia,Michigan,United States,2,1,1,1,0.5,0.5,0,3
2026|01,London,England,United Kingdom,1,1,1,1,1,0,0,2
2026|01,Los Angeles,California,United States,5,4,3,1,0.2,0.8,0,5
2026|01,Manila,Metro Manila,Philippines,1,1,1,1,1,0,0,2
2026|01,Mankato,Minnesota,United States,1,1,0,0,0,1,0,1
2026|01,Maple Grove,Minnesota,United States,3,2,1,1,0.3333,0.6667,0,1
2026|01,Merkel,Texas,United States,2,2,1,1,0.5,0.5,0,4
2026|01,Miami,Florida,United States,1,1,1,1,1,0,1,8
2026|01,Milpitas,California,United States,1,1,1,0,0,1,0,1
2026|01,Minneapolis,Minnesota,United States,109,71,57,60,0.5505,0.4495,2,181
2026|01,Minnetonka,Minnesota,United States,2,2,2,2,1,0,0,6
2026|01,Minnetrista,Minnesota,United States,1,1,1,1,1,0,0,1
2026|01,Moscow,Moscow,Russia,1,1,0,1,1,0,0,3
2026|01,Moses Lake,Washington,United States,2,2,2,0,0,1,0,2
2026|01,Nairobi,Nairobi County,Kenya,1,1,1,1,1,0,1,2
2026|01,Neuss,North Rhine-Westphalia,Germany,1,1,1,0,0,1,0,1
2026|01,New Brighton,Minnesota,United States,2,2,2,2,1,0,0,4
2026|01,New York,New York,United States,2,2,2,1,0.5,0.5,2,6
2026|01,Oakdale,Minnesota,United States,2,1,1,2,1,0,0,4
2026|01,Onalaska,Wisconsin,United States,1,1,0,1,1,0,0,1
2026|01,Paramaribo,(not set),Suriname,1,1,1,1,1,0,0,1
2026|01,Paris,Ile-de-France,France,1,1,0,1,1,0,0,1
2026|01,Phoenix,Arizona,United States,3,3,3,1,0.3333,0.6667,0,3
2026|01,Plymouth,Minnesota,United States,8,5,3,6,0.75,0.25,3,16
2026|01,Poland,Ohio,United States,1,1,1,1,1,0,0,2
2026|01,Pompano Beach,Florida,United States,1,1,1,1,1,0,1,2
2026|01,Port Arthur,Texas,United States,1,1,1,1,1,0,0,2
2026|01,Port Said,Port Said Governorate,Egypt,1,1,1,0,0,1,0,1
2026|01,Portland,Oregon,United States,1,1,1,0,0,1,0,1
2026|01,Prentiss,Mississippi,United States,2,2,0,2,1,0,1,8
2026|01,Prineville,Oregon,United States,3,3,3,1,0.3333,0.6667,0,3
2026|01,Royalton,Minnesota,United States,1,1,1,1,1,0,0,3
2026|01,Saint James,Minnesota,United States,1,1,0,1,1,0,1,4
2026|01,Saint Paul,Minnesota,United States,9,5,4,8,0.8889,0.1111,1,16
2026|01,San Augustine,Texas,United States,1,1,0,0,0,1,0,1
2026|01,San Jose,California,United States,2,2,1,1,0.5,0.5,0,3
2026|01,Santa Clara,California,United States,1,1,1,0,0,1,0,1
2026|01,Seattle,Washington,United States,1,1,0,1,1,0,0,1
2026|01,Shakopee,Minnesota,United States,1,1,0,0,0,1,0,0
2026|01,Shiraz,(not set),Iran,1,1,0,1,1,0,0,3
2026|01,Shorewood,Minnesota,United States,1,1,1,0,0,1,0,1
2026|01,Singapore,(not set),Singapore,1,1,0,0,0,1,0,0
2026|01,Sioux City,Iowa,United States,2,1,0,0,0,1,0,2
2026|01,Spokane,Washington,United States,5,1,1,0,0,1,0,5
2026|01,St. Cloud,Minnesota,United States,19,2,1,15,0.7895,0.2105,0,34
2026|01,St. Louis Park,Minnesota,United States,11,7,7,8,0.7273,0.2727,0,21
2026|01,Suginami City,Tokyo,Japan,1,1,1,0,0,1,0,1
2026|01,Sun Prairie,Wisconsin,United States,2,2,0,1,0.5,0.5,1,3
2026|01,Tehran,(not set),Iran,2,2,1,2,1,0,1,7
2026|01,Two Harbors,Minnesota,United States,1,1,1,1,1,0,0,3
2026|01,Vadnais Heights,Minnesota,United States,1,1,1,1,1,0,1,6
2026|01,Victoria,Minnesota,United States,2,1,1,1,0.5,0.5,0,6
2026|01,Villa Grove,Illinois,United States,1,1,1,0,0,1,0,1
2026|01,Viroqua,Wisconsin,United States,1,1,1,1,1,0,0,5
2026|01,Waconia,Minnesota,United States,1,1,1,1,1,0,0,10
2026|01,Warner Robins,Georgia,United States,1,1,1,1,1,0,0,1
2026|01,Warsaw,Masovian Voivodeship,Poland,1,1,1,0,0,1,0,1
2026|01,Waukesha,Wisconsin,United States,4,4,2,4,1,0,1,12
2026|01,Waunakee,Wisconsin,United States,1,1,0,1,1,0,0,2
2026|01,West Bishop,California,United States,1,1,1,0,0,1,0,1
2026|01,Williamstown,Kentucky,United States,1,1,0,0,0,1,0,1
2026|01,Wisconsin Rapids,Wisconsin,United States,1,1,1,1,1,0,0,6
2026|01,Woodbury,Minnesota,United States,2,2,2,2,1,0,0,4
2026|02,(not set),(not set),(not set),28,28,28,0,0,1,0,28
2026|02,(not set),(not set),China,3,3,3,0,0,1,0,3
2026|02,(not set),(not set),Germany,2,2,1,1,0.5,0.5,1,5
2026|02,(not set),(not set),Russia,1,1,1,1,1,0,1,2
2026|02,(not set),(not set),Singapore,11,11,11,0,0,1,0,11
2026|02,(not set),(not set),South Africa,1,1,1,1,1,0,1,2
2026|02,(not set),(not set),Spain,1,1,1,0,0,1,0,1
2026|02,(not set),(not set),Sweden,1,1,0,1,1,0,0,1
2026|02,(not set),(not set),Ukraine,1,1,0,1,1,0,0,3
2026|02,(not set),(not set),United Kingdom,1,1,1,0,0,1,0,1
2026|02,(not set),(not set),United States,10,9,9,1,0.1,0.9,0,16
2026|02,(not set),California,United States,7,7,7,0,0,1,0,7
2026|02,(not set),Central Visayas,Philippines,1,1,1,1,1,0,1,4
2026|02,(not set),Colorado,United States,2,2,2,0,0,1,0,2
2026|02,(not set),Florida,United States,1,1,1,0,0,1,0,1
2026|02,(not set),Minnesota,United States,1,1,0,0,0,1,0,0
2026|02,(not set),New York,United States,1,1,1,0,0,1,0,1
2026|02,(not set),Ontario,Canada,2,2,1,0,0,1,0,2
2026|02,(not set),Sichuan,China,1,1,1,0,0,1,0,1
2026|02,(not set),Tennessee,United States,1,1,1,0,0,1,0,1
2026|02,(not set),Texas,United States,2,2,2,0,0,1,0,2
2026|02,(not set),Wisconsin,United States,1,1,1,1,1,0,0,1
2026|02,Albert Lea,Minnesota,United States,4,3,2,3,0.75,0.25,0,8
2026|02,Altoona,Iowa,United States,1,1,1,1,1,0,0,1
2026|02,Anaheim,California,United States,1,1,0,0,0,1,0,1
2026|02,Ann Arbor,Michigan,United States,1,1,1,0,0,1,0,1
2026|02,Ashburn,Virginia,United States,6,6,6,1,0.1667,0.8333,0,6
2026|02,Aspen,Colorado,United States,1,1,1,0,0,1,0,1
2026|02,Bahawalpur,Punjab,Pakistan,1,1,1,0,0,1,0,1
2026|02,Beloit,Wisconsin,United States,1,1,1,0,0,1,0,1
2026|02,Berlin,Berlin,Germany,1,1,1,0,0,1,0,1
2026|02,Bissen,(not set),Luxembourg,1,1,0,1,1,0,0,3
2026|02,Blaine,Minnesota,United States,6,3,1,6,1,0,2,27
2026|02,Bloomington,Minnesota,United States,8,4,3,4,0.5,0.5,0,16
2026|02,Boardman,Oregon,United States,1,1,1,1,1,0,1,9
2026|02,Brooklyn Center,Minnesota,United States,1,1,1,1,1,0,0,2
2026|02,Brooklyn Park,Minnesota,United States,7,4,2,5,0.7143,0.2857,1,12
2026|02,Burnsville,Minnesota,United States,1,1,1,0,0,1,0,1
2026|02,Calhoun City,Mississippi,United States,1,1,0,1,1,0,0,2
2026|02,Chanhassen,Minnesota,United States,6,3,2,2,0.3333,0.6667,0,7
2026|02,Chartham,England,United Kingdom,1,1,1,1,1,0,0,1
2026|02,Chaska,Minnesota,United States,3,2,1,3,1,0,0,7
2026|02,Chicago,Illinois,United States,51,34,27,28,0.549,0.451,2,113
2026|02,Columbus,Nebraska,United States,1,1,1,1,1,0,0,4
2026|02,Corrales,New Mexico,United States,4,1,1,2,0.5,0.5,0,9
2026|02,Council Bluffs,Iowa,United States,2,2,2,0,0,1,0,2
2026|02,Dallas,Texas,United States,1,1,1,0,0,1,0,1
2026|02,Delano,Minnesota,United States,1,1,0,0,0,1,0,1
2026|02,Denver,Colorado,United States,1,1,1,0,0,1,0,1
2026|02,Dronten,Flevoland,Netherlands,1,1,0,1,1,0,0,2
2026|02,Dublin,County Dublin,Ireland,7,7,7,3,0.4286,0.5714,0,7
2026|02,Duluth,Minnesota,United States,1,1,1,1,1,0,0,1
2026|02,Durham,England,United Kingdom,1,1,1,1,1,0,0,1
2026|02,Dyersburg,Tennessee,United States,1,1,0,1,1,0,1,2
2026|02,Eagan,Minnesota,United States,1,1,1,1,1,0,0,2
2026|02,Eau Claire,Wisconsin,United States,1,1,1,1,1,0,0,3
2026|02,Eden Prairie,Minnesota,United States,5,4,4,3,0.6,0.4,0,10
2026|02,Edina,Minnesota,United States,2,2,2,2,1,0,0,3
2026|02,Englewood,Colorado,United States,1,1,1,1,1,0,0,1
2026|02,Essen,North Rhine-Westphalia,Germany,1,1,1,1,1,0,1,5
2026|02,Forest City,North Carolina,United States,4,4,4,4,1,0,0,4
2026|02,Forest Lake,Minnesota,United States,2,2,1,2,1,0,0,3
2026|02,Fort Worth,Texas,United States,2,2,2,1,0.5,0.5,0,2
2026|02,Gurugram,Haryana,India,1,1,1,1,1,0,1,3
2026|02,Hartford,Connecticut,United States,1,1,1,1,1,0,0,1
2026|02,Hebron,Kentucky,United States,1,1,1,0,0,1,0,1
2026|02,Hopkins,Minnesota,United States,3,3,2,2,0.6667,0.3333,0,19
2026|02,Hutchinson,Minnesota,United States,10,3,3,5,0.5,0.5,0,23
2026|02,Inver Grove Heights,Minnesota,United States,1,1,1,1,1,0,0,4
2026|02,Ironton,Ohio,United States,1,1,1,0,0,1,0,1
2026|02,Jonesboro,Arkansas,United States,2,2,1,1,0.5,0.5,0,3
2026|02,Jordan,Minnesota,United States,1,1,1,0,0,1,0,1
2026|02,Karachi,Sindh,Pakistan,3,3,3,3,1,0,3,6
2026|02,Kingsville,Texas,United States,1,1,1,1,1,0,0,3
2026|02,Lakeville,Minnesota,United States,3,2,2,0,0,1,0,2
2026|02,Lanzhou,Gansu,China,35,35,34,1,0.0286,0.9714,1,34
2026|02,Laurel,Mississippi,United States,2,2,2,2,1,0,0,3
2026|02,Lille,Hauts-de-France,France,2,2,1,1,0.5,0.5,0,3
2026|02,Lindsborg,Kansas,United States,1,1,0,0,0,1,0,1
2026|02,Longboat Key,Florida,United States,1,1,1,1,1,0,0,2
2026|02,Los Angeles,California,United States,5,5,5,4,0.8,0.2,1,8
2026|02,Maple Grove,Minnesota,United States,1,1,1,1,1,0,0,1
2026|02,Marietta,Georgia,United States,1,1,1,0,0,1,0,1
2026|02,McAllen,Texas,United States,1,1,1,1,1,0,1,25
2026|02,Miami,Florida,United States,1,1,1,1,1,0,0,1
2026|02,Minneapolis,Minnesota,United States,97,53,43,53,0.5464,0.4536,6,158
2026|02,Minnetonka,Minnesota,United States,3,3,3,3,1,0,0,3
2026|02,Morton Grove,Illinois,United States,1,1,1,1,1,0,1,7
2026|02,Mumbai,Maharashtra,India,1,1,1,1,1,0,0,1
2026|02,New Richmond,Wisconsin,United States,1,1,1,1,1,0,0,2
2026|02,New York,New York,United States,3,3,3,0,0,1,0,3
2026|02,Nuremberg,Bavaria,Germany,1,1,1,1,1,0,1,2
2026|02,Oak Grove,Minnesota,United States,1,1,1,1,1,0,0,2
2026|02,Onalaska,Wisconsin,United States,1,1,1,1,1,0,0,1
2026|02,Otsego,Minnesota,United States,1,1,1,0,0,1,0,1
2026|02,Ottawa,Ontario,Canada,1,1,1,1,1,0,0,1
2026|02,Paris,Ile-de-France,France,1,1,0,0,0,1,0,0
2026|02,Park Rapids,Minnesota,United States,1,1,1,1,1,0,0,2
2026|02,Philadelphia,Pennsylvania,United States,3,3,3,0,0,1,0,3
2026|02,Phoenix,Arizona,United States,1,1,1,1,1,0,0,1
2026|02,Pickens,South Carolina,United States,4,1,1,1,0.25,0.75,0,8
2026|02,Plymouth,Minnesota,United States,8,6,4,4,0.5,0.5,0,10
2026|02,Portland,Oregon,United States,2,2,1,1,0.5,0.5,0,2
2026|02,Prineville,Oregon,United States,7,7,7,4,0.5714,0.4286,0,7
2026|02,Quezon City,Metro Manila,Philippines,1,1,1,1,1,0,1,2
2026|02,Racine,Wisconsin,United States,1,1,1,1,1,0,0,4
2026|02,Richfield,Minnesota,United States,2,2,2,2,1,0,0,4
2026|02,Rochester,Minnesota,United States,1,1,1,1,1,0,0,3
2026|02,Rock Creek,Minnesota,United States,1,1,1,1,1,0,0,2
2026|02,Rosemount,Minnesota,United States,1,1,1,1,1,0,0,3
2026|02,Roseville,Minnesota,United States,1,1,1,1,1,0,0,1
2026|02,Saint Joseph,Minnesota,United States,1,1,1,1,1,0,0,7
2026|02,Saint Paul,Minnesota,United States,3,3,3,3,1,0,0,10
2026|02,Sainte-Anne-des-Monts--Tourelle,Quebec,Canada,1,1,1,1,1,0,0,2
2026|02,Salt Lake City,Utah,United States,1,1,1,0,0,1,0,1
2026|02,San Jose,California,United States,1,1,1,1,1,0,0,1
2026|02,Santa Clara,California,United States,2,2,2,0,0,1,0,2
2026|02,Seattle,Washington,United States,2,2,2,1,0.5,0.5,0,2
2026|02,Shakopee,Minnesota,United States,1,1,1,0,0,1,0,1
2026|02,Sheffield,England,United Kingdom,1,1,1,1,1,0,0,1
2026|02,Shenzhen,Guangdong Province,China,1,1,1,1,1,0,0,1
2026|02,Shorewood,Minnesota,United States,2,1,1,1,0.5,0.5,0,4
2026|02,Singapore,(not set),Singapore,24,24,22,1,0.0417,0.9583,1,22
2026|02,Somerset,Wisconsin,United States,1,1,1,0,0,1,0,1
2026|02,Springfield,Nebraska,United States,3,3,3,3,1,0,0,3
2026|02,St. Cloud,Minnesota,United States,8,1,0,6,0.75,0.25,0,15
2026|02,St. Louis Park,Minnesota,United States,9,8,6,3,0.3333,0.6667,0,11
2026|02,Sun Prairie,Wisconsin,United States,1,1,0,0,0,1,0,1
2026|02,Tabriz,(not set),Iran,1,1,0,1,1,0,0,4
2026|02,Tehran,(not set),Iran,8,8,5,8,1,0,5,65
2026|02,Thessaloniki,Decentralized Administration of Macedonia and Thrace,Greece,1,1,1,1,1,0,0,1
2026|02,Warsaw,Masovian Voivodeship,Poland,1,1,1,0,0,1,0,1
2026|02,Washington Township,New Jersey,United States,1,1,1,0,0,1,0,1
2026|02,Waterloo,Ontario,Canada,1,1,1,0,0,1,0,1
2026|02,Watertown,Minnesota,United States,2,2,2,2,1,0,0,8
2026|02,Waukesha,Wisconsin,United States,6,5,3,1,0.1667,0.8333,0,7
2026|02,Waunakee,Wisconsin,United States,1,1,0,1,1,0,0,3
2026|02,White Bear Lake,Minnesota,United States,1,1,1,1,1,0,0,7
2026|02,Winchester,Connecticut,United States,1,1,1,0,0,1,0,1
2026|02,Wisconsin Rapids,Wisconsin,United States,1,1,1,1,1,0,0,2
2026|02,Yekaterinburg,Sverdlovsk Oblast,Russia,1,1,1,0,0,1,0,1
2026|03,(not set),(not set),(not set),36,42,36,1,0.0278,0.9722,4,36
2026|03,(not set),(not set),Austria,1,1,0,1,1,0,0,0
2026|03,(not set),(not set),China,4,4,4,0,0,1,0,4
2026|03,(not set),(not set),France,1,1,1,0,0,1,0,1
2026|03,(not set),(not set),Germany,4,4,3,3,0.75,0.25,2,6
2026|03,(not set),(not set),India,1,1,1,0,0,1,0,1
2026|03,(not set),(not set),Panama,1,1,0,1,1,0,0,2
2026|03,(not set),(not set),Seychelles,1,1,0,1,1,0,0,1
2026|03,(not set),(not set),Singapore,8,8,8,1,0.125,0.875,1,8
2026|03,(not set),(not set),Sweden,1,1,0,1,1,0,0,2
2026|03,(not set),(not set),United States,16,15,14,6,0.375,0.625,0,20
2026|03,(not set),California,United States,4,4,3,1,0.25,0.75,0,8
2026|03,(not set),Colorado,United States,1,1,1,0,0,1,0,1
2026|03,(not set),Florida,United States,8,6,4,3,0.375,0.625,0,11
2026|03,(not set),Minnesota,United States,10,8,6,5,0.5,0.5,0,26
2026|03,(not set),North Rhine-Westphalia,Germany,1,1,0,1,1,0,0,1
2026|03,(not set),Ohio,United States,1,1,0,1,1,0,0,0
2026|03,(not set),Pichincha,Ecuador,1,1,1,0,0,1,0,1
2026|03,(not set),Queretaro,Mexico,1,1,0,1,1,0,0,1
2026|03,(not set),Rajshahi Division,Bangladesh,1,1,0,0,0,1,0,0
2026|03,(not set),South Dakota,United States,1,1,1,0,0,1,0,1
2026|03,(not set),Texas,United States,2,2,2,1,0.5,0.5,0,2
2026|03,(not set),Tibet,China,1,1,1,0,0,1,0,1
2026|03,(not set),Virginia,United States,1,1,1,0,0,1,0,1
2026|03,(not set),Washington,United States,1,1,0,1,1,0,0,0
2026|03,Abilene,Kansas,United States,1,1,1,1,1,0,0,3
2026|03,Alexandria,Minnesota,United States,1,1,1,0,0,1,0,1
2026|03,Altoona,Iowa,United States,2,2,2,0,0,1,0,2
2026|03,An Nhon,Binh Dinh,Vietnam,1,1,1,1,1,0,0,1
2026|03,Andover,Minnesota,United States,1,1,1,1,1,0,0,1
2026|03,Annandale,Minnesota,United States,1,1,1,0,0,1,0,1
2026|03,Anoka,Minnesota,United States,1,1,0,0,0,1,0,0
2026|03,Apple Valley,Minnesota,United States,2,1,0,0,0,1,0,1
2026|03,Ashburn,Virginia,United States,5,5,5,0,0,1,0,5
2026|03,Austin,Texas,United States,1,1,1,1,1,0,0,1
2026|03,Baghdad,Baghdad Governorate,Iraq,1,1,0,1,1,0,0,0
2026|03,Belle Plaine,Minnesota,United States,1,1,1,0,0,1,0,1
2026|03,Bemidji,Minnesota,United States,3,2,2,2,0.6667,0.3333,0,13
2026|03,Benton,Illinois,United States,1,1,0,0,0,1,0,1
2026|03,Bergisch Gladbach,North Rhine-Westphalia,Germany,1,1,0,1,1,0,0,1
2026|03,Big Lake,Minnesota,United States,1,1,1,0,0,1,0,1
2026|03,Birmingham,Alabama,United States,2,2,1,1,0.5,0.5,0,3
2026|03,Bissen,(not set),Luxembourg,1,1,0,1,1,0,0,2
2026|03,Blaine,Minnesota,United States,4,3,2,3,0.75,0.25,0,8
2026|03,Bloomington,Minnesota,United States,1,1,0,1,1,0,0,2
2026|03,Boardman,Oregon,United States,4,4,4,3,0.75,0.25,1,12
2026|03,Boca Raton,Florida,United States,1,1,1,0,0,1,0,1
2026|03,Brookfield,Missouri,United States,2,2,0,2,1,0,0,0
2026|03,Brooklyn Park,Minnesota,United States,8,4,2,7,0.875,0.125,0,14
2026|03,Burnsville,Minnesota,United States,3,3,2,1,0.3333,0.6667,0,4
2026|03,Cebu City,Central Visayas,Philippines,1,1,1,1,1,0,0,1
2026|03,Chanhassen,Minnesota,United States,1,1,0,1,1,0,0,2
2026|03,Chaska,Minnesota,United States,3,2,1,1,0.3333,0.6667,0,4
2026|03,Cheyenne,Wyoming,United States,2,2,2,0,0,1,0,2
2026|03,Chicago,Illinois,United States,72,50,44,43,0.5972,0.4028,0,118
2026|03,Claremore,Oklahoma,United States,1,1,0,1,1,0,0,0
2026|03,Cleveland,Ohio,United States,1,1,1,1,1,0,0,1
2026|03,Coimbatore,Tamil Nadu,India,1,1,1,1,1,0,1,2
2026|03,Cold Spring,Minnesota,United States,1,1,1,1,1,0,0,2
2026|03,College Station,Texas,United States,1,1,0,1,1,0,0,0
2026|03,Columbus,Ohio,United States,2,2,2,0,0,1,0,2
2026|03,Coon Rapids,Minnesota,United States,2,2,2,0,0,1,0,2
2026|03,Cordoba,Cordoba Province,Argentina,1,1,1,0,0,1,0,1
2026|03,Cottage Grove,Minnesota,United States,1,1,1,1,1,0,0,2
2026|03,Council Bluffs,Iowa,United States,1,1,1,0,0,1,0,1
2026|03,Crystal,Minnesota,United States,1,1,1,1,1,0,0,2
2026|03,Dallas,Texas,United States,5,5,4,4,0.8,0.2,3,14
2026|03,Daly City,California,United States,1,1,1,0,0,1,0,1
2026|03,Daytona Beach,Florida,United States,1,1,1,0,0,1,0,1
2026|03,Deerfield,Illinois,United States,1,1,1,0,0,1,0,1
2026|03,Delhi,Delhi Division,India,1,1,1,1,1,0,1,1
2026|03,Denham Springs,Louisiana,United States,1,1,0,1,1,0,0,1
2026|03,Denver,Colorado,United States,7,6,5,3,0.4286,0.5714,1,7
2026|03,Des Moines,Iowa,United States,2,2,2,2,1,0,0,2
2026|03,Devils Lake,North Dakota,United States,1,1,1,1,1,0,0,2
2026|03,Dublin,County Dublin,Ireland,1,1,1,0,0,1,0,1
2026|03,Eagan,Minnesota,United States,6,4,4,2,0.3333,0.6667,0,7
2026|03,Eden Prairie,Minnesota,United States,6,5,4,4,0.6667,0.3333,0,13
2026|03,Edina,Minnesota,United States,1,1,1,1,1,0,0,1
2026|03,El Paso,Texas,United States,1,1,1,0,0,1,0,1
2026|03,Elk River,Minnesota,United States,1,1,1,1,1,0,0,4
2026|03,Englewood,Colorado,United States,1,1,0,1,1,0,0,9
2026|03,Faribault,Minnesota,United States,1,1,1,1,1,0,0,3
2026|03,Fayetteville,Arkansas,United States,1,1,0,0,0,1,0,1
2026|03,Flora,Illinois,United States,1,1,1,1,1,0,0,1
2026|03,Forest City,North Carolina,United States,2,2,2,1,0.5,0.5,0,2
2026|03,Fort Worth,Texas,United States,1,1,0,1,1,0,0,0
2026|03,Fresno,California,United States,1,1,1,0,0,1,0,1
2026|03,Fridley,Minnesota,United States,3,1,1,1,0.3333,0.6667,0,2
2026|03,Galloway,New Jersey,United States,1,1,1,1,1,0,0,1
2026|03,Garcia,Nuevo Leon,Mexico,1,1,1,0,0,1,0,1
2026|03,Goldthwaite,Texas,United States,1,1,1,0,0,1,0,1
2026|03,Grovetown,Georgia,United States,1,1,0,0,0,1,0,0
2026|03,Hancock,Michigan,United States,1,1,1,1,1,0,0,3
2026|03,Hartford,Connecticut,United States,1,1,1,1,1,0,0,1
2026|03,Healdton,Oklahoma,United States,1,1,1,1,1,0,0,1
2026|03,Hendersonville,North Carolina,United States,1,1,0,0,0,1,0,1
2026|03,Hopkins,Minnesota,United States,1,1,1,1,1,0,0,1
2026|03,Hutchinson,Minnesota,United States,4,3,1,4,1,0,0,9
2026|03,Idabel,Oklahoma,United States,1,1,0,1,1,0,0,0
2026|03,Ilsfeld,Baden-Wurttemberg,Germany,1,1,0,1,1,0,0,1
2026|03,Independence,Minnesota,United States,2,1,1,1,0.5,0.5,0,11
2026|03,Indianapolis,Indiana,United States,5,3,1,2,0.4,0.6,0,9
2026|03,Inver Grove Heights,Minnesota,United States,1,1,0,1,1,0,0,2
2026|03,Jackson,Mississippi,United States,2,1,1,0,0,1,0,1
2026|03,Karachi,Sindh,Pakistan,1,1,1,1,1,0,0,4
2026|03,King City,Missouri,United States,1,1,0,1,1,0,1,2
2026|03,Kingfisher,Oklahoma,United States,2,2,2,2,1,0,2,9
2026|03,Lakeville,Minnesota,United States,2,2,2,2,1,0,0,3
2026|03,Lanzhou,Gansu,China,12,12,11,0,0,1,0,11
2026|03,Lille,Hauts-de-France,France,3,3,3,0,0,1,0,3
2026|03,Lindsborg,Kansas,United States,1,1,1,1,1,0,1,5
2026|03,Lindstrom,Minnesota,United States,1,1,1,0,0,1,0,1
2026|03,Little Rock,Arkansas,United States,1,1,1,1,1,0,0,1
2026|03,London,England,United Kingdom,1,1,1,0,0,1,0,1
2026|03,Los Alamos,New Mexico,United States,1,1,0,1,1,0,0,2
2026|03,Los Angeles,California,United States,1,1,0,1,1,0,0,3
2026|03,Louisiana,Missouri,United States,2,2,2,2,1,0,1,9
2026|03,Lulea,Norrbotten County,Sweden,4,4,4,0,0,1,0,4
2026|03,Mandeville,Louisiana,United States,2,1,1,1,0.5,0.5,0,3
2026|03,Mansfield,Texas,United States,1,1,1,0,0,1,0,1
2026|03,Maple Grove,Minnesota,United States,4,3,3,3,0.75,0.25,0,6
2026|03,Martinsburg,West Virginia,United States,1,1,1,1,1,0,0,1
2026|03,Medford,Massachusetts,United States,2,1,1,0,0,1,0,1
2026|03,Meriden,Connecticut,United States,1,1,1,1,1,0,0,3
2026|03,Miami,Florida,United States,4,3,2,3,0.75,0.25,0,6
2026|03,Milwaukee,Wisconsin,United States,1,1,1,0,0,1,0,1
2026|03,Minneapolis,Minnesota,United States,138,82,60,58,0.4203,0.5797,6,253
2026|03,Minnetonka,Minnesota,United States,6,6,6,6,1,0,0,17
2026|03,Moscow,Moscow,Russia,1,1,0,1,1,0,0,1
2026|03,New Brighton,Minnesota,United States,1,1,1,1,1,0,0,1
2026|03,New York,New York,United States,7,6,5,2,0.2857,0.7143,0,22
2026|03,Nuremberg,Bavaria,Germany,1,1,0,1,1,0,0,1
2026|03,O'Fallon,Missouri,United States,1,1,1,0,0,1,0,1
2026|03,Oak Park Heights,Minnesota,United States,1,1,1,1,1,0,0,7
2026|03,Old Saybrook,Connecticut,United States,1,1,0,0,0,1,0,0
2026|03,Onalaska,Wisconsin,United States,1,1,1,1,1,0,0,1
2026|03,Ontario,California,United States,1,1,0,1,1,0,0,2
2026|03,Otsego,Minnesota,United States,1,1,1,1,1,0,0,6
2026|03,Pagosa Springs,Colorado,United States,1,1,0,1,1,0,0,5
2026|03,Pasadena,Texas,United States,1,1,1,1,1,0,0,1
2026|03,Phoenix,Arizona,United States,4,3,1,2,0.5,0.5,0,3
2026|03,Prineville,Oregon,United States,5,5,5,3,0.6,0.4,0,5
2026|03,Prior Lake,Minnesota,United States,1,1,0,1,1,0,0,0
2026|03,Red Wing,Minnesota,United States,1,1,0,0,0,1,0,0
2026|03,Robbinsdale,Minnesota,United States,1,1,1,0,0,1,0,1
2026|03,Rochester,Minnesota,United States,4,2,2,4,1,0,0,10
2026|03,Rochester,New York,United States,1,1,1,0,0,1,0,1
2026|03,Rostov-on-Don,Rostov Oblast,Russia,1,1,0,1,1,0,0,1
2026|03,Sahibzada Ajit Singh Nagar,Punjab,India,1,1,1,1,1,0,1,2
2026|03,Saint Joseph,Minnesota,United States,2,1,1,2,1,0,0,7
2026|03,Saint Paul,Minnesota,United States,12,10,6,9,0.75,0.25,1,33
2026|03,Saint Petersburg,Saint Petersburg,Russia,1,1,0,1,1,0,0,1
2026|03,San Jose,California,United States,4,4,3,2,0.5,0.5,0,6
2026|03,San Luis Obispo,California,United States,1,1,0,0,0,1,0,1
2026|03,Savage,Minnesota,United States,2,1,1,2,1,0,0,6
2026|03,Schiedam,South Holland,Netherlands,1,1,1,0,0,1,0,1
2026|03,Scottsdale,Arizona,United States,2,1,1,2,1,0,1,19
2026|03,Shakopee,Minnesota,United States,4,4,4,3,0.75,0.25,1,6
2026|03,Shivamogga,Karnataka,India,1,1,1,1,1,0,0,1
2026|03,Singapore,(not set),Singapore,49,49,49,0,0,1,0,49
2026|03,Sioux Center,Iowa,United States,1,1,0,1,1,0,0,1
2026|03,Sioux Falls,South Dakota,United States,2,1,1,2,1,0,0,5
2026|03,Smithville,Missouri,United States,1,1,0,0,0,1,0,0
2026|03,South Saint Paul,Minnesota,United States,1,1,1,1,1,0,0,3
2026|03,Spokane,Washington,United States,1,1,1,0,0,1,0,1
2026|03,St Albans,England,United Kingdom,1,1,1,0,0,1,0,1
2026|03,St. Cloud,Minnesota,United States,10,2,1,9,0.9,0.1,0,18
2026|03,St. Louis,Missouri,United States,1,1,1,1,1,0,0,6
2026|03,St. Louis Park,Minnesota,United States,10,7,6,8,0.8,0.2,0,30
2026|03,Starkville,Mississippi,United States,1,1,1,1,1,0,0,1
2026|03,Stockholm,Stockholm County,Sweden,1,1,1,1,1,0,1,4
2026|03,Sun City,Arizona,United States,1,1,1,1,1,0,0,2
2026|03,Sun Prairie,Wisconsin,United States,1,1,0,0,0,1,0,1
2026|03,Sundbyberg,Stockholm County,Sweden,1,1,1,1,1,0,1,2
2026|03,Watertown,South Dakota,United States,1,1,1,1,1,0,0,1
2026|03,Watertown,Wisconsin,United States,3,3,1,2,0.6667,0.3333,0,8
2026|03,Waukesha,Wisconsin,United States,4,4,1,2,0.5,0.5,0,8
2026|03,Waunakee,Wisconsin,United States,1,1,1,0,0,1,0,1
2026|03,Wautoma,Wisconsin,United States,2,2,1,1,0.5,0.5,0,3
2026|03,Westby,Wisconsin,United States,1,1,1,0,0,1,0,1
2026|03,White Bear Lake,Minnesota,United States,2,2,2,2,1,0,0,3
2026|03,Wiesbaden,Hessen,Germany,1,1,0,1,1,0,0,1
2026|03,Wingate,North Carolina,United States,1,1,0,1,1,0,0,0
2026|03,Wisconsin Rapids,Wisconsin,United States,1,1,0,1,1,0,0,1
2026|03,Woodbury,Minnesota,United States,2,1,1,1,0.5,0.5,0,2
2026|03,Zhuhai,Guangdong Province,China,1,1,1,0,0,1,0,1
2026|04,(not set),(not set),(not set),31,67,31,0,0,1,36,31
2026|04,(not set),(not set),China,4,4,4,0,0,1,0,4
2026|04,(not set),(not set),Denmark,1,1,0,1,1,0,0,3
2026|04,(not set),(not set),Germany,2,2,2,1,0.5,0.5,1,2
2026|04,(not set),(not set),India,1,1,1,0,0,1,0,1
2026|04,(not set),(not set),Netherlands,1,1,1,0,0,1,0,1
2026|04,(not set),(not set),Singapore,2,2,2,0,0,1,0,2
2026|04,(not set),(not set),United Kingdom,1,1,1,0,0,1,0,1
2026|04,(not set),(not set),United States,7,7,7,0,0,1,0,7
2026|04,(not set),Alabama,United States,1,1,0,1,1,0,0,2
2026|04,(not set),Bavaria,Germany,1,1,0,1,1,0,0,1
2026|04,(not set),California,United States,1,1,1,0,0,1,0,1
2026|04,(not set),Colorado,United States,1,1,1,0,0,1,0,1
2026|04,(not set),Florida,United States,4,4,3,0,0,1,0,3
2026|04,(not set),Georgia,United States,1,1,1,1,1,0,0,1
2026|04,(not set),Minnesota,United States,26,17,11,17,0.6538,0.3462,0,40
2026|04,(not set),Moscow Oblast,Russia,1,1,0,1,1,0,0,0
2026|04,(not set),Texas,United States,1,1,0,1,1,0,0,1
2026|04,Adelaide,South Australia,Australia,1,1,1,1,1,0,0,1
2026|04,Ahmedabad,Gujarat,India,1,1,1,1,1,0,0,2
2026|04,Algona,Iowa,United States,1,1,1,1,1,0,0,5
2026|04,Almaty,Almaty Region,Kazakhstan,1,1,0,0,0,1,0,0
2026|04,Altoona,Iowa,United States,3,3,3,1,0.3333,0.6667,0,3
2026|04,Apple Valley,Minnesota,United States,1,1,1,1,1,0,0,2
2026|04,Ashburn,Virginia,United States,2,2,2,0,0,1,0,2
2026|04,Asheville,North Carolina,United States,1,1,1,0,0,1,0,1
2026|04,Aspen,Colorado,United States,2,2,2,0,0,1,0,2
2026|04,Austin,Texas,United States,1,1,1,1,1,0,0,8
2026|04,Bad Rappenau,Baden-Wurttemberg,Germany,1,1,0,1,1,0,0,3
2026|04,Baldwin,Wisconsin,United States,1,1,0,0,0,1,0,1
2026|04,Becker,Minnesota,United States,1,1,1,0,0,1,0,1
2026|04,Bemidji,Minnesota,United States,3,2,0,1,0.3333,0.6667,0,3
2026|04,Bengaluru,Karnataka,India,1,1,1,1,1,0,0,1
2026|04,Berazategui,Buenos Aires Province,Argentina,1,1,0,1,1,0,0,0
2026|04,Berlin,Berlin,Germany,1,1,0,1,1,0,0,2
2026|04,Big Lake,Minnesota,United States,1,1,1,1,1,0,0,2
2026|04,Birmingham,Alabama,United States,3,3,3,1,0.3333,0.6667,0,3
2026|04,Blaine,Minnesota,United States,1,1,1,1,1,0,0,1
2026|04,Bloomington,Minnesota,United States,3,3,3,3,1,0,0,4
2026|04,Boardman,Oregon,United States,4,4,4,2,0.5,0.5,1,13
2026|04,Brainerd,Minnesota,United States,1,1,0,1,1,0,0,2
2026|04,Brooklyn Park,Minnesota,United States,15,7,6,9,0.6,0.4,2,31
2026|04,Buda,Texas,United States,1,1,1,0,0,1,0,1
2026|04,Burnsville,Minnesota,United States,1,1,1,0,0,1,0,1
2026|04,Camden,Arkansas,United States,1,1,0,1,1,0,0,1
2026|04,Cape Town,Western Cape,South Africa,1,1,1,1,1,0,0,1
2026|04,Chandler,Arizona,United States,1,1,1,1,1,0,0,6
2026|04,Chanhassen,Minnesota,United States,1,1,1,0,0,1,0,1
2026|04,Chaska,Minnesota,United States,5,4,3,5,1,0,0,10
2026|04,Chattogram,Chittagong Division,Bangladesh,1,1,1,0,0,1,0,1
2026|04,Chennai,Tamil Nadu,India,1,1,1,1,1,0,0,1
2026|04,Cheyenne,Wyoming,United States,4,4,4,2,0.5,0.5,0,4
2026|04,Chicago,Illinois,United States,75,47,39,47,0.6267,0.3733,6,160
2026|04,Cold Spring,Minnesota,United States,2,1,1,2,1,0,0,7
2026|04,Cologne,Minnesota,United States,1,1,1,1,1,0,0,1
2026|04,Coon Rapids,Minnesota,United States,5,5,5,2,0.4,0.6,0,6
2026|04,Cottage Grove,Minnesota,United States,1,1,0,1,1,0,0,0
2026|04,Council Bluffs,Iowa,United States,3,3,3,2,0.6667,0.3333,1,4
2026|04,Credit River,Minnesota,United States,1,1,1,1,1,0,0,2
2026|04,Cuba,Missouri,United States,1,1,0,0,0,1,0,0
2026|04,Dallas,Texas,United States,3,3,1,3,1,0,0,5
2026|04,Denton,Texas,United States,2,2,1,1,0.5,0.5,0,3
2026|04,Denver,Colorado,United States,1,1,1,0,0,1,0,1
2026|04,Detroit Lakes,Minnesota,United States,3,1,1,1,0.3333,0.6667,0,2
2026|04,Dhaka,Dhaka Division,Bangladesh,1,1,0,0,0,1,0,0
2026|04,Dublin,County Dublin,Ireland,9,9,9,3,0.3333,0.6667,1,9
2026|04,Dubuque,Iowa,United States,1,1,0,1,1,0,0,13
2026|04,Eagan,Minnesota,United States,1,1,1,1,1,0,0,1
2026|04,Eastland,Texas,United States,1,1,1,1,1,0,0,2
2026|04,Eden Prairie,Minnesota,United States,14,8,6,6,0.4286,0.5714,3,28
2026|04,Edina,Minnesota,United States,5,2,2,4,0.8,0.2,2,19
2026|04,Elk Grove Village,Illinois,United States,1,1,1,0,0,1,0,1
2026|04,Elk River,Minnesota,United States,1,1,1,1,1,0,0,2
2026|04,Elko New Market,Minnesota,United States,1,1,1,1,1,0,0,2
2026|04,Englewood,Colorado,United States,1,1,1,1,1,0,0,1
2026|04,Faribault,Minnesota,United States,2,2,2,2,1,0,0,8
2026|04,Farmington,Minnesota,United States,1,1,1,1,1,0,0,1
2026|04,Fort Worth,Texas,United States,1,1,1,1,1,0,0,1
2026|04,Fresno,California,United States,2,2,3,2,1,0,0,7
2026|04,Gainesville,Florida,United States,1,1,1,1,1,0,1,3
2026|04,Golden Valley,Minnesota,United States,1,1,1,1,1,0,0,1
2026|04,Greenfield,Minnesota,United States,2,1,1,1,0.5,0.5,0,2
2026|04,Gunnison,Colorado,United States,1,1,1,0,0,1,0,1
2026|04,Gutersloh,North Rhine-Westphalia,Germany,1,1,0,1,1,0,0,1
2026|04,Ham Lake,Minnesota,United States,1,1,1,1,1,0,0,1
2026|04,Hancock,Michigan,United States,1,1,1,1,1,0,1,4
2026|04,Hennessey,Oklahoma,United States,1,1,1,0,0,1,0,1
2026|04,Hong Kong,(not set),Hong Kong,2,2,2,0,0,1,0,2
2026|04,Ida Grove,Iowa,United States,1,1,1,1,1,0,0,2
2026|04,Idaho Falls,Idaho,United States,1,1,1,0,0,1,0,1
2026|04,Ili,Xinjiang,China,1,1,1,0,0,1,0,1
2026|04,Indianapolis,Indiana,United States,2,2,1,1,0.5,0.5,0,4
2026|04,Karachi,Sindh,Pakistan,3,3,2,2,0.6667,0.3333,2,4
2026|04,Kazan,Republic of Tatarstan,Russia,1,1,1,1,1,0,1,3
2026|04,Lake City,Minnesota,United States,1,1,1,0,0,1,0,1
2026|04,Lake Elmo,Minnesota,United States,1,1,0,1,1,0,0,3
2026|04,Lakeville,Minnesota,United States,1,1,0,1,1,0,0,2
2026|04,Las Vegas,Nevada,United States,1,1,1,1,1,0,0,1
2026|04,Lille,Hauts-de-France,France,2,2,2,0,0,1,0,2
2026|04,Little Chute,Wisconsin,United States,1,1,1,1,1,0,0,3
2026|04,Little Rock,Arkansas,United States,2,2,0,2,1,0,2,1
2026|04,Livingston,Alabama,United States,2,2,1,1,0.5,0.5,0,2
2026|04,Los Angeles,California,United States,1,1,1,0,0,1,0,1
2026|04,Lulea,Norrbotten County,Sweden,1,1,1,1,1,0,0,1
2026|04,Madison,Wisconsin,United States,1,1,1,1,1,0,0,3
2026|04,Maple Grove,Minnesota,United States,2,2,1,2,1,0,0,1
2026|04,Medina,Minnesota,United States,1,1,1,1,1,0,0,3
2026|04,Mesquite,Texas,United States,1,1,1,0,0,1,0,1
2026|04,Metropolis,Illinois,United States,1,1,0,1,1,0,0,2
2026|04,Miami,Florida,United States,1,1,1,1,1,0,0,4
2026|04,Mijdrecht,Utrecht,Netherlands,3,3,3,0,0,1,0,3
2026|04,Minneapolis,Minnesota,United States,128,83,67,69,0.5391,0.4609,15,345
2026|04,Minnetonka,Minnesota,United States,7,6,5,5,0.7143,0.2857,1,11
2026|04,Morton Grove,Illinois,United States,2,2,2,1,0.5,0.5,0,3
2026|04,Moses Lake,Washington,United States,1,1,1,1,1,0,0,4
2026|04,Mounds View,Minnesota,United States,1,1,1,0,0,1,0,1
2026|04,Mukwonago,Wisconsin,United States,1,1,1,1,1,0,0,2
2026|04,New Haven,Connecticut,United States,1,1,1,1,1,0,0,2
2026|04,New Richmond,Wisconsin,United States,1,1,1,1,1,0,0,1
2026|04,New York,New York,United States,1,1,1,1,1,0,0,1
2026|04,North Charleston,South Carolina,United States,2,2,2,1,0.5,0.5,1,2
2026|04,Omaha,Nebraska,United States,1,1,1,1,1,0,0,1
2026|04,Onalaska,Wisconsin,United States,1,1,0,1,1,0,0,5
2026|04,Otsego,Minnesota,United States,1,1,1,1,1,0,0,2
2026|04,Park Rapids,Minnesota,United States,1,1,1,1,1,0,0,1
2026|04,Pella,Iowa,United States,1,1,1,1,1,0,0,2
2026|04,Phoenix,Arizona,United States,1,1,1,0,0,1,0,1
2026|04,Pickens,South Carolina,United States,1,1,1,0,0,1,0,1
2026|04,Plymouth,Minnesota,United States,8,4,4,4,0.5,0.5,1,8
2026|04,Prineville,Oregon,United States,2,2,2,1,0.5,0.5,0,2
2026|04,Purcellville,Virginia,United States,1,1,1,0,0,1,0,1
2026|04,Rancho Cordova,California,United States,1,1,1,0,0,1,0,1
2026|04,Red Wing,Minnesota,United States,1,1,1,0,0,1,0,1
2026|04,Richfield,Minnesota,United States,1,1,1,0,0,1,0,1
2026|04,Roseville,Minnesota,United States,1,1,1,1,1,0,0,2
2026|04,Sahibzada Ajit Singh Nagar,Punjab,India,1,1,1,1,1,0,1,2
2026|04,Saint Paul,Minnesota,United States,9,7,5,6,0.6667,0.3333,2,23
2026|04,San Jose,California,United States,2,2,2,0,0,1,0,2
2026|04,Santa Anna,Texas,United States,1,1,0,1,1,0,0,1
2026|04,Santa Clara,California,United States,3,3,3,1,0.3333,0.6667,1,5
2026|04,Sartell,Minnesota,United States,1,1,1,0,0,1,0,1
2026|04,Seattle,Washington,United States,4,3,3,1,0.25,0.75,0,4
2026|04,Shakopee,Minnesota,United States,5,4,2,4,0.8,0.2,0,11
2026|04,Shorewood,Minnesota,United States,2,2,1,2,1,0,0,5
2026|04,Singapore,(not set),Singapore,41,41,41,3,0.0732,0.9268,2,41
2026|04,Springfield,Illinois,United States,1,1,1,1,1,0,0,1
2026|04,Springfield,Nebraska,United States,1,1,1,0,0,1,0,1
2026|04,St. Cloud,Minnesota,United States,4,1,0,3,0.75,0.25,0,6
2026|04,St. Louis,Missouri,United States,2,2,2,1,0.5,0.5,0,3
2026|04,St. Louis Park,Minnesota,United States,3,3,1,2,0.6667,0.3333,0,3
2026|04,Sterling,Connecticut,United States,1,1,0,1,1,0,0,2
2026|04,Stillwater,Minnesota,United States,1,1,1,1,1,0,0,3
2026|04,Summit Park,Utah,United States,1,1,1,1,1,0,0,1
2026|04,Sun Prairie,Wisconsin,United States,3,3,1,1,0.3333,0.6667,0,3
2026|04,Sydney,New South Wales,Australia,1,1,1,0,0,1,0,1
2026|04,Toronto,Ontario,Canada,1,1,1,0,0,1,0,1
2026|04,Uniontown,Alabama,United States,1,1,1,1,1,0,0,1
2026|04,Valdosta,Georgia,United States,1,1,1,1,1,0,0,1
2026|04,Watertown,Wisconsin,United States,7,7,4,5,0.7143,0.2857,0,13
2026|04,Waukesha,Wisconsin,United States,2,2,2,2,1,0,3,21
2026|04,Wauwatosa,Wisconsin,United States,1,1,1,1,1,0,0,7
2026|04,Weaverville,North Carolina,United States,3,3,3,1,0.3333,0.6667,0,4
2026|04,Westby,Wisconsin,United States,2,2,0,2,1,0,1,1
2026|04,White Bear Lake,Minnesota,United States,1,1,1,1,1,0,0,2
2026|04,Winona,Minnesota,United States,1,1,1,0,0,1,0,1
2026|04,Wisconsin Dells,Wisconsin,United States,2,2,2,1,0.5,0.5,0,3
2026|04,Wisconsin Rapids,Wisconsin,United States,1,1,0,1,1,0,0,2
2026|04,Woodstock,Alabama,United States,1,1,1,0,0,1,0,1
2026|04,Zhuhai,Guangdong Province,China,1,1,1,0,0,1,0,1
2026|05,(not set),(not set),(not set),44,73,44,1,0.0227,0.9773,13,44
2026|05,(not set),(not set),China,4,4,4,0,0,1,0,4
2026|05,(not set),(not set),Denmark,2,2,0,2,1,0,0,3
2026|05,(not set),(not set),Germany,4,4,3,1,0.25,0.75,0,8
2026|05,(not set),(not set),Italy,1,1,1,1,1,0,1,1
2026|05,(not set),(not set),Netherlands,2,2,1,2,1,0,1,20
2026|05,(not set),(not set),Singapore,1,1,1,0,0,1,0,1
2026|05,(not set),(not set),Sweden,3,3,0,3,1,0,0,6
2026|05,(not set),(not set),United States,1,1,1,0,0,1,0,1
2026|05,(not set),California,United States,2,2,1,0,0,1,0,2
2026|05,(not set),Colorado,United States,9,9,9,0,0,1,0,9
2026|05,(not set),Florida,United States,6,6,5,1,0.1667,0.8333,0,7
2026|05,(not set),Iowa,United States,4,2,2,2,0.5,0.5,0,8
2026|05,(not set),Kansas,United States,4,4,2,1,0.25,0.75,0,4
2026|05,(not set),Minnesota,United States,12,10,7,10,0.8333,0.1667,0,31
2026|05,(not set),Nebraska,United States,1,1,1,1,1,0,0,1
2026|05,(not set),Rhineland-Palatinate,Germany,2,2,1,2,1,0,1,3
2026|05,(not set),Samara Oblast,Russia,1,1,0,1,1,0,0,2
2026|05,(not set),South Carolina,United States,1,1,1,0,0,1,0,1
2026|05,(not set),Telangana,India,1,1,1,1,1,0,0,2
2026|05,(not set),Texas,United States,3,3,3,1,0.3333,0.6667,0,3
2026|05,(not set),Washington,United States,1,1,1,1,1,0,0,1
2026|05,(not set),Wisconsin,United States,1,1,0,0,0,1,0,1
2026|05,Aitkin,Minnesota,United States,1,1,1,0,0,1,0,1
2026|05,Altoona,Iowa,United States,2,2,2,1,0.5,0.5,0,2
2026|05,Andover,Minnesota,United States,1,1,1,1,1,0,0,3
2026|05,Andrews,Texas,United States,1,1,1,1,1,0,0,3
2026|05,Anoka,Minnesota,United States,2,2,2,0,0,1,0,2
2026|05,Ashburn,Virginia,United States,6,6,6,1,0.1667,0.8333,0,7
2026|05,Aspen,Colorado,United States,6,6,6,0,0,1,0,6
2026|05,Atlanta,Georgia,United States,2,2,0,1,0.5,0.5,0,0
2026|05,Bahawalpur,Punjab,Pakistan,1,1,1,1,1,0,1,4
2026|05,Baldwin,Wisconsin,United States,1,1,1,1,1,0,1,5
2026|05,Beebe,Arkansas,United States,1,1,0,1,1,0,0,1
2026|05,Beloit,Wisconsin,United States,1,1,1,0,0,1,0,1
2026|05,Berlin,Berlin,Germany,2,2,1,2,1,0,0,3
2026|05,Blair,Nebraska,United States,1,1,0,1,1,0,0,0
2026|05,Bloomington,Minnesota,United States,5,4,4,4,0.8,0.2,0,13
2026|05,Blue Ash,Ohio,United States,1,1,1,0,0,1,0,1
2026|05,Boardman,Oregon,United States,2,2,2,2,1,0,2,28
2026|05,Bonham,Texas,United States,1,1,1,1,1,0,0,1
2026|05,Boston,Massachusetts,United States,1,1,0,1,1,0,0,0
2026|05,Braunschweig,Lower Saxony,Germany,1,1,0,1,1,0,0,1
2026|05,Brisbane,Queensland,Australia,3,1,1,0,0,1,0,2
2026|05,Brockton,Massachusetts,United States,1,1,1,1,1,0,0,1
2026|05,Brookfield,Missouri,United States,1,1,1,1,1,0,0,1
2026|05,Brooklyn Park,Minnesota,United States,8,6,3,6,0.75,0.25,2,17
2026|05,Burnsville,Minnesota,United States,2,2,2,2,1,0,0,3
2026|05,Cary,North Carolina,United States,1,1,1,1,1,0,0,1
2026|05,Chanhassen,Minnesota,United States,7,4,3,5,0.7143,0.2857,1,18
2026|05,Charleston,West Virginia,United States,1,1,1,0,0,1,0,1
2026|05,Chaska,Minnesota,United States,24,8,2,15,0.625,0.375,0,68
2026|05,Cheyenne,Wyoming,United States,2,2,2,0,0,1,0,2
2026|05,Chicago,Illinois,United States,107,59,48,55,0.514,0.486,3,185
2026|05,Chisago City,Minnesota,United States,1,1,1,0,0,1,0,1
2026|05,Clearwater,Minnesota,United States,1,1,1,1,1,0,0,4
2026|05,Cleveland,Ohio,United States,1,1,1,1,1,0,1,5
2026|05,Columbus,Ohio,United States,2,2,2,1,0.5,0.5,0,3
2026|05,Coon Rapids,Minnesota,United States,6,4,3,4,0.6667,0.3333,0,16
2026|05,Corbin,Kentucky,United States,1,1,1,1,1,0,0,1
2026|05,Cordoba,Veracruz,Mexico,2,1,1,2,1,0,0,6
2026|05,Council Bluffs,Iowa,United States,12,12,12,2,0.1667,0.8333,2,14
2026|05,Crystal,Minnesota,United States,1,1,0,0,0,1,0,1
2026|05,Dallas,Texas,United States,8,8,4,4,0.5,0.5,0,10
2026|05,Dana Point,California,United States,1,1,1,0,0,1,0,1
2026|05,Davao City,Davao Region,Philippines,1,1,1,1,1,0,0,1
2026|05,Dhaka,Dhaka Division,Bangladesh,1,1,1,0,0,1,0,1
2026|05,Dublin,County Dublin,Ireland,3,3,3,0,0,1,0,3
2026|05,Eagan,Minnesota,United States,5,3,3,2,0.4,0.6,1,4
2026|05,Eastland,Texas,United States,1,1,1,1,1,0,0,4
2026|05,Eden Prairie,Minnesota,United States,16,13,12,8,0.5,0.5,1,20
2026|05,Edina,Minnesota,United States,4,2,2,3,0.75,0.25,4,25
2026|05,El Paso,Texas,United States,1,1,0,1,1,0,0,3
2026|05,Engstingen,Baden-Wurttemberg,Germany,1,1,0,1,1,0,0,2
2026|05,Estero,Florida,United States,1,1,1,0,0,1,0,1
2026|05,Eveleth,Minnesota,United States,3,1,1,1,0.3333,0.6667,0,9
2026|05,Fairbanks,Alaska,United States,1,1,1,0,0,1,0,1
2026|05,Fayetteville,Arkansas,United States,1,1,0,0,0,1,0,1
2026|05,Flint Hill,Virginia,United States,2,2,2,1,0.5,0.5,0,4
2026|05,Forest City,North Carolina,United States,3,3,3,2,0.6667,0.3333,0,3
2026|05,Fort Dodge,Iowa,United States,1,1,0,0,0,1,0,1
2026|05,Fort Worth,Texas,United States,3,3,3,2,0.6667,0.3333,0,3
2026|05,Furth,Bavaria,Germany,1,1,1,1,1,0,1,2
2026|05,Gallatin,Tennessee,United States,2,2,2,1,0.5,0.5,0,2
2026|05,Germantown,Maryland,United States,1,1,1,0,0,1,0,1
2026|05,Gibsonia,Pennsylvania,United States,1,1,1,0,0,1,0,1
2026|05,Golden Valley,Minnesota,United States,2,2,2,2,1,0,0,5
2026|05,Gunnison,Colorado,United States,5,5,5,0,0,1,0,5
2026|05,Haines City,Florida,United States,1,1,1,0,0,1,0,1
2026|05,Ham Lake,Minnesota,United States,11,2,2,7,0.6364,0.3636,1,23
2026|05,Hamburg,Hamburg,Germany,1,1,1,0,0,1,0,1
2026|05,Hardinsburg,Kentucky,United States,1,1,1,1,1,0,0,2
2026|05,Headland,Alabama,United States,1,1,1,1,1,0,0,1
2026|05,Ho Chi Minh City,Ho Chi Minh,Vietnam,1,1,1,0,0,1,0,1
2026|05,Hof,Bavaria,Germany,2,2,2,2,1,0,2,2
2026|05,Holyrood,Kansas,United States,1,1,1,1,1,0,0,1
2026|05,Hopkins,Minnesota,United States,5,4,3,5,1,0,3,19
2026|05,Hounslow,England,United Kingdom,1,1,1,0,0,1,0,1
2026|05,Houston,Texas,United States,3,3,3,0,0,1,0,3
2026|05,Hudson,Wisconsin,United States,1,1,0,1,1,0,0,1
2026|05,Huntsville,Alabama,United States,1,1,1,1,1,0,0,1
2026|05,Hyderabad,Telangana,India,4,4,4,2,0.5,0.5,0,5
2026|05,Indianapolis,Indiana,United States,1,1,0,0,0,1,0,1
2026|05,Inver Grove Heights,Minnesota,United States,10,1,1,5,0.5,0.5,1,33
2026|05,Jaipur,Rajasthan,India,1,1,1,1,1,0,0,1
2026|05,Jasper,Texas,United States,1,1,0,1,1,0,0,0
2026|05,Jonesboro,Arkansas,United States,1,1,0,1,1,0,0,0
2026|05,Karachi,Sindh,Pakistan,2,2,2,2,1,0,1,3
2026|05,Kirksville,Missouri,United States,1,1,1,1,1,0,0,2
2026|05,Lafayette,California,United States,1,1,0,0,0,1,0,0
2026|05,Lakeville,Minnesota,United States,1,1,1,0,0,1,0,1
2026|05,Lehrte,Lower Saxony,Germany,2,2,2,0,0,1,0,2
2026|05,Lexington,South Carolina,United States,1,1,1,1,1,0,0,4
2026|05,Lille,Hauts-de-France,France,1,1,1,0,0,1,0,1
2026|05,Little Canada,Minnesota,United States,1,1,1,1,1,0,0,3
2026|05,Lockwood,Missouri,United States,1,1,1,0,0,1,0,1
2026|05,Los Angeles,California,United States,1,1,1,0,0,1,0,1
2026|05,Lucknow,Uttar Pradesh,India,1,1,1,1,1,0,1,2
2026|05,Lulea,Norrbotten County,Sweden,5,5,5,3,0.6,0.4,0,5
2026|05,Madrid,Madrid,Spain,1,1,1,1,1,0,0,1
2026|05,Mainz,Rhineland-Palatinate,Germany,1,1,1,1,1,0,1,2
2026|05,Manor,Texas,United States,1,1,0,1,1,0,0,2
2026|05,Maple Grove,Minnesota,United States,4,4,3,2,0.5,0.5,0,7
2026|05,Mayville,North Dakota,United States,1,1,0,0,0,1,0,0
2026|05,Metropolis,Illinois,United States,1,1,1,1,1,0,1,7
2026|05,Miami,Florida,United States,1,1,1,0,0,1,0,1
2026|05,Milwaukee,Wisconsin,United States,1,1,1,1,1,0,1,2
2026|05,Minato City,Tokyo,Japan,1,1,1,0,0,1,0,1
2026|05,Minneapolis,Minnesota,United States,212,115,93,134,0.6321,0.3679,15,609
2026|05,Minnetonka,Minnesota,United States,8,6,5,5,0.625,0.375,1,26
2026|05,Moscow,Moscow,Russia,2,2,0,2,1,0,0,5
2026|05,Moses Lake,Washington,United States,3,3,3,2,0.6667,0.3333,0,3
2026|05,Mougins,Provence-Alpes-Cote d'Azur,France,1,1,0,1,1,0,0,2
2026|05,Murphy,North Carolina,United States,1,1,0,0,0,1,0,1
2026|05,Muscat,Muscat Governorate,Oman,1,1,0,0,0,1,0,0
2026|05,New Brighton,Minnesota,United States,1,1,1,1,1,0,0,3
2026|05,New Prague,Minnesota,United States,1,1,1,1,1,0,0,1
2026|05,New York,New York,United States,3,3,2,2,0.6667,0.3333,1,7
2026|05,Newport Beach,California,United States,1,1,1,1,1,0,0,1
2026|05,Nong Lalok,Rayong,Thailand,1,1,1,0,0,1,0,1
2026|05,North Charleston,South Carolina,United States,3,3,2,2,0.6667,0.3333,1,3
2026|05,Nuremberg,Bavaria,Germany,1,1,1,0,0,1,0,1
2026|05,Oakdale,Minnesota,United States,2,2,2,1,0.5,0.5,0,2
2026|05,Oberdorla,Thuringia,Germany,1,1,1,0,0,1,0,1
2026|05,Oglesby,Illinois,United States,1,1,0,0,0,1,0,0
2026|05,Omaha,Nebraska,United States,1,1,1,1,1,0,0,1
2026|05,Onalaska,Wisconsin,United States,6,6,2,2,0.3333,0.6667,0,6
2026|05,Oskaloosa,Iowa,United States,1,1,0,1,1,0,0,1
2026|05,Ottawa,Ontario,Canada,1,1,1,1,1,0,0,2
2026|05,Oyster Bay,New York,United States,1,1,1,1,1,0,0,3
2026|05,Paris,Ile-de-France,France,1,1,0,0,0,1,0,0
2026|05,Pelican Rapids,Minnesota,United States,1,1,1,1,1,0,0,2
2026|05,Pendleton,Oregon,United States,1,1,0,0,0,1,0,1
2026|05,Perry,Oklahoma,United States,1,1,0,1,1,0,0,1
2026|05,Phoenix,Arizona,United States,1,1,0,1,1,0,0,2
2026|05,Pipestone,Minnesota,United States,1,1,0,0,0,1,0,1
2026|05,Piqua,Ohio,United States,2,2,1,1,0.5,0.5,0,4
2026|05,Pleasant Grove,Utah,United States,1,1,1,1,1,0,0,1
2026|05,Plymouth,Minnesota,United States,5,4,3,5,1,0,2,13
2026|05,Portage,Wisconsin,United States,1,1,0,1,1,0,0,0
2026|05,Prince George,Virginia,United States,1,1,1,0,0,1,0,1
2026|05,Prineville,Oregon,United States,3,3,3,2,0.6667,0.3333,0,3
2026|05,Ramsey,Minnesota,United States,3,3,3,2,0.6667,0.3333,0,5
2026|05,Ripon,Wisconsin,United States,1,1,0,1,1,0,0,3
2026|05,Roseau,Minnesota,United States,1,1,0,0,0,1,0,1
2026|05,Roseville,Minnesota,United States,2,1,1,1,0.5,0.5,1,8
2026|05,Rusk,Texas,United States,1,1,1,1,1,0,0,1
2026|05,Saint Paul,Minnesota,United States,6,5,4,5,0.8333,0.1667,0,10
2026|05,Saint Petersburg,Saint Petersburg,Russia,2,2,1,2,1,0,1,13
2026|05,Salt Lake City,Utah,United States,1,1,1,0,0,1,0,1
2026|05,San Antonio,Texas,United States,1,1,1,1,1,0,0,2
2026|05,San Francisco,California,United States,5,5,5,1,0.2,0.8,1,7
2026|05,Santa Clara,California,United States,3,3,3,1,0.3333,0.6667,1,5
2026|05,Scandia,Minnesota,United States,1,1,1,1,1,0,0,1
2026|05,Schaffhausen,Schaffhausen,Switzerland,1,1,0,1,1,0,0,1
2026|05,Seattle,Washington,United States,2,2,1,1,0.5,0.5,0,1
2026|05,Sedalia,Missouri,United States,1,1,1,0,0,1,0,1
2026|05,Shakopee,Minnesota,United States,5,5,4,4,0.8,0.2,0,5
2026|05,Shorewood,Minnesota,United States,3,2,2,1,0.3333,0.6667,1,5
2026|05,Singapore,(not set),Singapore,3,3,3,1,0.3333,0.6667,0,3
2026|05,Sioux Falls,South Dakota,United States,2,1,0,1,0.5,0.5,1,2
2026|05,Sosnovy Bor,Leningrad Oblast,Russia,1,1,0,1,1,0,0,3
2026|05,Spokane,Washington,United States,1,1,1,0,0,1,0,1
2026|05,Springfield,Nebraska,United States,1,1,1,0,0,1,0,1
2026|05,St. Cloud,Minnesota,United States,14,2,1,11,0.7857,0.2143,0,24
2026|05,St. Louis Park,Minnesota,United States,8,7,5,6,0.75,0.25,0,14
2026|05,Stillwater,Minnesota,United States,3,2,2,2,0.6667,0.3333,0,9
2026|05,Vernon,Alabama,United States,1,1,1,1,1,0,0,1
2026|05,Visakhapatnam,Andhra Pradesh,India,1,1,1,0,0,1,0,1
2026|05,Voorhees Township,New Jersey,United States,1,1,1,1,1,0,0,2
2026|05,Warangal,Telangana,India,1,1,1,1,1,0,0,3
2026|05,Warsaw,Masovian Voivodeship,Poland,1,1,1,0,0,1,0,1
2026|05,Washington,District of Columbia,United States,1,1,1,1,1,0,0,1
2026|05,Watertown,Wisconsin,United States,2,2,2,1,0.5,0.5,0,3
2026|05,Waukesha,Wisconsin,United States,1,1,0,1,1,0,1,3
2026|05,Waunakee,Wisconsin,United States,2,2,0,0,0,1,0,2
2026|05,Wayzata,Minnesota,United States,1,1,1,1,1,0,0,1
2026|05,West Little River,Florida,United States,1,1,1,0,0,1,0,1
2026|05,Wheaton,Illinois,United States,1,1,1,1,1,0,0,1
2026|05,Willis,Texas,United States,1,1,1,1,1,0,0,2
2026|05,Winston-Salem,North Carolina,United States,2,1,1,1,0.5,0.5,0,1
2026|05,Wisconsin Dells,Wisconsin,United States,1,1,1,1,1,0,0,1
2026|05,Yorkville,Illinois,United States,1,1,0,1,1,0,0,0
2026|06,(not set),(not set),(not set),31,49,31,26,0.8387,0.1613,47,31
2026|06,(not set),(not set),China,7,7,7,2,0.2857,0.7143,0,7
2026|06,(not set),(not set),Germany,1,1,1,1,1,0,1,1
2026|06,(not set),(not set),Lithuania,1,1,0,1,1,0,0,2
2026|06,(not set),(not set),Netherlands,1,1,1,1,1,0,1,2
2026|06,(not set),(not set),Singapore,1,1,1,0,0,1,0,1
2026|06,(not set),(not set),South Korea,1,1,1,0,0,1,0,1
2026|06,(not set),(not set),United States,8,8,7,3,0.375,0.625,0,8
2026|06,(not set),Andhra Pradesh,India,1,1,1,1,1,0,0,1
2026|06,(not set),California,United States,2,2,2,2,1,0,2,6
2026|06,(not set),Colorado,United States,2,2,2,1,0.5,0.5,0,2
2026|06,(not set),Fier County,Albania,1,1,1,0,0,1,0,1
2026|06,(not set),Florida,United States,7,6,6,2,0.2857,0.7143,0,7
2026|06,(not set),Indiana,United States,1,1,1,0,0,1,0,1
2026|06,(not set),Minnesota,United States,1,1,1,0,0,1,0,1
2026|06,(not set),Nebraska,United States,1,1,1,1,1,0,0,1
2026|06,(not set),Saint John,Antigua & Barbuda,1,1,1,0,0,1,0,1
2026|06,(not set),Texas,United States,2,1,0,1,0.5,0.5,1,1
2026|06,(not set),Vega Alta,Puerto Rico,1,1,1,0,0,1,0,1
2026|06,(not set),Virginia,United States,2,2,2,2,1,0,0,2
2026|06,A Coruna,Galicia,Spain,1,1,1,0,0,1,0,1
2026|06,Aberdeen,North Carolina,United States,1,1,1,0,0,1,0,1
2026|06,Abu Dhabi,Abu Dhabi,United Arab Emirates,1,1,1,0,0,1,0,1
2026|06,Accra,Greater Accra Region,Ghana,7,7,7,6,0.8571,0.1429,0,11
2026|06,Altamonte Springs,Florida,United States,1,1,1,1,1,0,1,6
2026|06,Amery,Wisconsin,United States,1,1,1,0,0,1,0,0
2026|06,Amsterdam,North Holland,Netherlands,6,6,6,0,0,1,0,6
2026|06,Andalusia,Alabama,United States,1,1,1,0,0,1,0,1
2026|06,Apple Valley,Minnesota,United States,1,1,1,1,1,0,0,1
2026|06,Appleton,Wisconsin,United States,2,1,1,1,0.5,0.5,0,5
2026|06,Aranda de Duero,Castile and Leon,Spain,1,1,1,0,0,1,0,1
2026|06,Ashburn,Virginia,United States,1,1,1,0,0,1,0,1
2026|06,Aspen,Colorado,United States,2,2,2,0,0,1,0,2
2026|06,Atlanta,Georgia,United States,2,2,1,1,0.5,0.5,0,1
2026|06,Aurora,Minnesota,United States,1,1,0,1,1,0,1,1
2026|06,Austin,Texas,United States,1,1,1,0,0,1,0,1
2026|06,Bay Minette,Alabama,United States,2,2,1,2,1,0,0,3
2026|06,Bayonet Point,Florida,United States,1,1,1,0,0,1,0,1
2026|06,Beaumont,California,United States,1,1,1,0,0,1,0,1
2026|06,Beaverton,Oregon,United States,2,2,1,1,0.5,0.5,0,2
2026|06,Becker,Minnesota,United States,2,2,2,0,0,1,0,2
2026|06,Beijing,Beijing,China,2,2,2,0,0,1,0,2
2026|06,Belmont,Mississippi,United States,1,1,1,0,0,1,0,1
2026|06,Bengaluru,Karnataka,India,1,1,0,1,1,0,0,0
2026|06,Berazategui,Buenos Aires Province,Argentina,1,1,1,0,0,1,0,1
2026|06,Bhavnagar,Gujarat,India,1,1,1,0,0,1,0,1
2026|06,Birmingham,Alabama,United States,1,1,0,1,1,0,0,1
2026|06,Bloomington,Minnesota,United States,3,3,3,3,1,0,0,3
2026|06,Bluffton,South Carolina,United States,1,1,1,0,0,1,0,1
2026|06,Boardman,Oregon,United States,6,6,6,1,0.1667,0.8333,2,9
2026|06,Bournemouth,England,United Kingdom,1,1,1,0,0,1,0,1
2026|06,Brandon,South Dakota,United States,1,1,1,1,1,0,1,6
2026|06,Brasilia,Federal District,Brazil,1,1,1,0,0,1,0,1
2026|06,Brisbane,Queensland,Australia,1,1,1,0,0,1,0,1
2026|06,Brooklyn Park,Minnesota,United States,3,3,3,2,0.6667,0.3333,0,3
2026|06,Buenos Aires,Buenos Aires,Argentina,1,1,1,0,0,1,0,1
2026|06,Burlington,Massachusetts,United States,1,1,1,0,0,1,0,1
2026|06,Burlington,Vermont,United States,1,1,1,1,1,0,0,1
2026|06,Burnsville,Minnesota,United States,5,3,2,2,0.4,0.6,1,8
2026|06,Cali,Valle del Cauca,Colombia,1,1,1,0,0,1,0,1
2026|06,Cambridge,Massachusetts,United States,1,1,1,1,1,0,0,1
2026|06,Chanhassen,Minnesota,United States,3,3,2,3,1,0,0,6
2026|06,Chaska,Minnesota,United States,44,10,3,30,0.6818,0.3182,35,218
2026|06,Chengdu,Sichuan,China,1,1,1,0,0,1,0,1
2026|06,Chicago,Illinois,United States,54,38,27,22,0.4074,0.5926,8,89
2026|06,Chongqing,Chongqing,China,1,1,1,0,0,1,0,1
2026|06,Chula Vista,California,United States,1,1,1,1,1,0,0,3
2026|06,Clearwater,Florida,United States,1,1,1,1,1,0,0,1
2026|06,Cleveland,Ohio,United States,1,1,1,0,0,1,0,1
2026|06,Cokato,Minnesota,United States,1,1,1,0,0,1,0,1
2026|06,Compton,Quebec,Canada,1,1,1,1,1,0,0,1
2026|06,Cook,Minnesota,United States,1,1,0,1,1,0,0,1
2026|06,Coon Rapids,Minnesota,United States,6,3,2,4,0.6667,0.3333,1,9
2026|06,Cottage Grove,Minnesota,United States,2,2,2,2,1,0,0,2
2026|06,Council Bluffs,Iowa,United States,11,11,11,0,0,1,0,11
2026|06,Crystal,Minnesota,United States,1,1,1,1,1,0,0,1
2026|06,Curuzu Cuatia,Corrientes Province,Argentina,1,1,1,0,0,1,0,1
2026|06,Cuttack,Odisha,India,1,1,1,0,0,1,0,1
2026|06,Dallas,Texas,United States,1,1,0,0,0,1,0,1
2026|06,Darien,Connecticut,United States,1,1,1,0,0,1,0,1
2026|06,Debe,Penal/Debe Regional Corporation,Trinidad & Tobago,1,1,1,0,0,1,0,1
2026|06,Delano,Minnesota,United States,1,1,1,1,1,0,0,3
2026|06,Delhi,Delhi Division,India,1,1,1,1,1,0,0,2
2026|06,Detroit,Michigan,United States,2,2,2,0,0,1,0,2
2026|06,Don Torcuato,Buenos Aires Province,Argentina,1,1,1,0,0,1,0,1
2026|06,Drogheda,County Louth,Ireland,1,1,1,0,0,1,0,1
2026|06,Eagan,Minnesota,United States,2,2,2,2,1,0,0,6
2026|06,Eastover,North Carolina,United States,1,1,1,0,0,1,0,1
2026|06,Eden Prairie,Minnesota,United States,24,17,14,10,0.4167,0.5833,3,28
2026|06,Edina,Minnesota,United States,1,1,1,1,1,0,0,1
2026|06,Elk River,Minnesota,United States,1,1,1,1,1,0,1,4
2026|06,Exmore,Virginia,United States,1,1,0,0,0,1,0,1
2026|06,Falcon Heights,Minnesota,United States,2,2,1,2,1,0,1,4
2026|06,Fargo,North Dakota,United States,1,1,1,0,0,1,0,1
2026|06,Forest City,North Carolina,United States,3,3,3,0,0,1,0,3
2026|06,Fort Worth,Texas,United States,1,1,1,0,0,1,0,1
2026|06,Fredericton,New Brunswick,Canada,1,1,1,0,0,1,0,1
2026|06,Fresno,California,United States,1,1,1,0,0,1,0,1
2026|06,Fridley,Minnesota,United States,1,1,1,1,1,0,0,3
2026|06,Funchal,Madeira,Portugal,1,1,1,0,0,1,0,1
2026|06,Gary,Indiana,United States,1,1,1,0,0,1,0,1
2026|06,Georgetown,Delaware,United States,1,1,1,0,0,1,0,1
2026|06,Ghaziabad,Uttar Pradesh,India,1,1,1,0,0,1,0,1
2026|06,Gilbert,Minnesota,United States,3,2,1,2,0.6667,0.3333,3,5
2026|06,Golden Valley,Minnesota,United States,2,2,2,2,1,0,0,3
2026|06,Hanamkonda,Telangana,India,1,1,1,1,1,0,0,1
2026|06,Hangzhou,Zhejiang,China,1,1,1,0,0,1,0,1
2026|06,Harker Heights,Texas,United States,1,1,1,0,0,1,0,1
2026|06,Hastings,Minnesota,United States,1,1,1,1,1,0,0,2
2026|06,Hilo,Hawaii,United States,1,1,0,1,1,0,0,1
2026|06,Ho Chi Minh City,Ho Chi Minh,Vietnam,1,1,1,0,0,1,0,1
2026|06,Hong Kong,(not set),Hong Kong,1,1,1,0,0,1,0,1
2026|06,Hopkins,Minnesota,United States,4,3,3,3,0.75,0.25,0,6
2026|06,Hutchinson,Minnesota,United States,1,1,1,1,1,0,0,6
2026|06,Hyderabad,Telangana,India,17,17,17,10,0.5882,0.4118,2,54
2026|06,Idaho Falls,Idaho,United States,2,2,2,1,0.5,0.5,0,3
2026|06,Independence,Iowa,United States,1,1,0,1,1,0,1,1
2026|06,Indianapolis,Indiana,United States,1,1,1,1,1,0,1,2
2026|06,Ingram,Texas,United States,2,2,1,2,1,0,1,11
2026|06,Inver Grove Heights,Minnesota,United States,1,1,0,1,1,0,1,2
2026|06,Irmo,South Carolina,United States,1,1,1,0,0,1,0,1
2026|06,Jacksonville,Florida,United States,1,1,1,0,0,1,0,1
2026|06,Jacksonville,Illinois,United States,1,1,1,1,1,0,0,1
2026|06,Jamestown,New York,United States,1,1,1,0,0,1,0,1
2026|06,Jeju-si,Jeju-do,South Korea,1,1,1,0,0,1,0,1
2026|06,Kadapa,Andhra Pradesh,India,1,1,1,1,1,0,0,2
2026|06,Kadiri,Andhra Pradesh,India,1,1,1,0,0,1,0,1
2026|06,Kahului,Hawaii,United States,1,1,1,1,1,0,0,1
2026|06,Karachi,Sindh,Pakistan,3,3,3,2,0.6667,0.3333,2,5
2026|06,Karimnagar,Telangana,India,1,1,1,1,1,0,0,2
2026|06,Killamarsh,England,United Kingdom,1,1,1,0,0,1,0,1
2026|06,Kinsley,Kansas,United States,1,1,0,1,1,0,0,1
2026|06,La Consulta,Mendoza Province,Argentina,1,1,1,0,0,1,0,1
2026|06,La Mirada,California,United States,1,1,1,0,0,1,0,1
2026|06,Lanzhou,Gansu,China,1,1,1,0,0,1,0,1
2026|06,Laughlin,Nevada,United States,1,1,1,0,0,1,0,1
2026|06,Lawton,Oklahoma,United States,1,1,1,0,0,1,0,1
2026|06,Le Mars,Iowa,United States,1,1,1,0,0,1,0,1
2026|06,Leiden,South Holland,Netherlands,1,1,1,0,0,1,0,1
2026|06,Lille,Hauts-de-France,France,1,1,1,0,0,1,0,1
2026|06,Lindenwold,New Jersey,United States,1,1,1,0,0,1,0,1
2026|06,Little Falls,Minnesota,United States,1,1,1,1,1,0,0,1
2026|06,London,England,United Kingdom,2,2,2,1,0.5,0.5,1,3
2026|06,Los Angeles,California,United States,4,4,4,1,0.25,0.75,0,4
2026|06,Lucknow,Uttar Pradesh,India,2,2,2,0,0,1,0,2
2026|06,Lulea,Norrbotten County,Sweden,3,3,3,0,0,1,0,3
2026|06,Mahtomedi,Minnesota,United States,2,1,1,2,1,0,0,5
2026|06,Maiduguri,Borno,Nigeria,1,1,1,0,0,1,0,1
2026|06,Mandaluyong City,Metro Manila,Philippines,1,1,1,1,1,0,0,2
2026|06,Manila,Metro Manila,Philippines,1,1,0,0,0,1,0,0
2026|06,Maple Grove,Minnesota,United States,1,1,1,0,0,1,0,1
2026|06,Marsh Harbour,(not set),Bahamas,1,1,1,0,0,1,0,1
2026|06,Melbourne,Victoria,Australia,1,1,1,0,0,1,0,1
2026|06,Melville,New York,United States,1,1,1,1,1,0,0,1
2026|06,Memphis,Tennessee,United States,1,1,1,0,0,1,0,1
2026|06,Mexico,Central Luzon,Philippines,1,1,0,0,0,1,0,0
2026|06,Mexico City,Mexico City,Mexico,1,1,1,0,0,1,0,1
2026|06,Middletown,Pennsylvania,United States,1,1,1,0,0,1,0,1
2026|06,Minneapolis,Minnesota,United States,198,84,65,133,0.6717,0.3283,69,573
2026|06,Minnehaha,Washington,United States,1,1,1,0,0,1,0,1
2026|06,Minnetonka,Minnesota,United States,9,8,8,6,0.6667,0.3333,0,16
2026|06,Minnetrista,Minnesota,United States,1,1,1,1,1,0,0,1
2026|06,Monaca,Pennsylvania,United States,1,1,1,0,0,1,0,1
2026|06,Montgomery,Minnesota,United States,1,1,1,1,1,0,0,1
2026|06,Monticello,Minnesota,United States,1,1,1,0,0,1,0,1
2026|06,Monument,Colorado,United States,1,1,1,0,0,1,0,1
2026|06,Moreno,Buenos Aires Province,Argentina,1,1,1,0,0,1,0,1
2026|06,Moscow,Moscow,Russia,1,1,1,1,1,0,1,4
2026|06,Muscat,Muscat Governorate,Oman,1,1,0,0,0,1,0,0
2026|06,Muscatine,Iowa,United States,1,1,1,1,1,0,2,3
2026|06,Naaldwijk,South Holland,Netherlands,2,1,0,1,0.5,0.5,2,3
2026|06,Nashville,Tennessee,United States,1,1,1,0,0,1,0,1
2026|06,Nassau,(not set),Bahamas,1,1,1,0,0,1,0,1
2026|06,Neihu District,Taipei City,Taiwan,1,1,1,0,0,1,0,1
2026|06,New Brighton,Minnesota,United States,1,1,0,0,0,1,0,0
2026|06,New Prague,Minnesota,United States,2,1,1,0,0,1,0,2
2026|06,New Town,West Bengal,India,1,1,1,1,1,0,0,1
2026|06,New York,New York,United States,5,5,5,1,0.2,0.8,0,6
2026|06,Newton-le-Willows,England,United Kingdom,1,1,1,0,0,1,0,1
2026|06,Niort,Nouvelle-Aquitaine,France,1,1,1,0,0,1,0,1
2026|06,Noida,Uttar Pradesh,India,1,1,1,0,0,1,0,1
2026|06,Northgate,Ohio,United States,1,1,1,0,0,1,0,1
2026|06,Nutley,New Jersey,United States,1,1,1,0,0,1,0,1
2026|06,Oakdale,Minnesota,United States,2,2,2,2,1,0,2,3
2026|06,Onalaska,Wisconsin,United States,4,4,4,2,0.5,0.5,3,7
2026|06,Orlando,Florida,United States,1,1,1,0,0,1,0,1
2026|06,Osceola,Wisconsin,United States,1,1,0,1,1,0,0,1
2026|06,Owatonna,Minnesota,United States,1,1,1,1,1,0,0,1
2026|06,Palm Desert,California,United States,1,1,1,0,0,1,0,1
2026|06,Palmdale,California,United States,1,1,1,0,0,1,0,1
2026|06,Pando,Canelones Department,Uruguay,1,1,1,0,0,1,0,1
2026|06,Paris,Ile-de-France,France,3,3,3,0,0,1,0,3
2026|06,Peoria,Arizona,United States,1,1,1,0,0,1,0,1
2026|06,Petaluma,California,United States,1,1,1,0,0,1,0,1
2026|06,Philadelphia,Pennsylvania,United States,1,1,1,0,0,1,0,1
2026|06,Phoenix,Arizona,United States,3,3,3,1,0.3333,0.6667,0,3
2026|06,Pine City,Minnesota,United States,1,1,1,0,0,1,0,1
2026|06,Plymouth,Minnesota,United States,1,1,0,1,1,0,1,3
2026|06,Port-Gentil,Ogooue-Maritime,Gabon,1,1,1,0,0,1,0,1
2026|06,Pottstown,Pennsylvania,United States,1,1,1,0,0,1,0,1
2026|06,Prague,Prague,Czechia,3,3,3,0,0,1,0,3
2026|06,Princeton,Minnesota,United States,1,1,1,1,1,0,0,3
2026|06,Prineville,Oregon,United States,2,2,2,1,0.5,0.5,0,2
2026|06,Prior Lake,Minnesota,United States,1,1,1,1,1,0,0,1
2026|06,Regina,Saskatchewan,Canada,1,1,1,0,0,1,0,1
2026|06,Reston,Virginia,United States,1,1,1,1,1,0,0,2
2026|06,Rib Lake,Wisconsin,United States,1,1,1,0,0,1,0,1
2026|06,Richfield,Minnesota,United States,1,1,0,0,0,1,0,0
2026|06,Riga,Riga,Latvia,1,1,1,0,0,1,0,1
2026|06,Rio Cuarto,Cordoba Province,Argentina,1,1,1,0,0,1,0,1
2026|06,Rio de Janeiro,State of Rio de Janeiro,Brazil,1,1,1,0,0,1,0,1
2026|06,Rock Island,Illinois,United States,1,1,1,0,0,1,0,1
2026|06,Rockville,Minnesota,United States,12,3,1,10,0.8333,0.1667,1,27
2026|06,Rosemount,Minnesota,United States,1,1,1,1,1,0,0,2
2026|06,Roseville,Minnesota,United States,4,3,3,3,0.75,0.25,0,7
2026|06,Saint Joseph,Minnesota,United States,1,1,1,1,1,0,0,9
2026|06,Saint Joseph,Missouri,United States,1,1,1,0,0,1,0,1
2026|06,Saint Michael,Minnesota,United States,1,1,1,1,1,0,0,3
2026|06,Saint Paul,Minnesota,United States,5,4,4,4,0.8,0.2,0,8
2026|06,Salt Lake City,Utah,United States,2,2,2,0,0,1,0,2
2026|06,San Francisco,California,United States,1,1,1,0,0,1,0,1
2026|06,San Marcos,California,United States,1,1,1,0,0,1,0,1
2026|06,Sandefjord,Vestfold,Norway,1,1,0,1,1,0,0,1
2026|06,Santa Anna,Texas,United States,1,1,0,1,1,0,0,0
2026|06,Santa Barbara,California,United States,1,1,1,0,0,1,0,1
2026|06,Santa Clara,California,United States,3,3,3,0,0,1,0,3
2026|06,Santiago del Estero,Santiago del Estero Province,Argentina,1,1,1,0,0,1,0,1
2026|06,Saro,Halland County,Sweden,1,1,0,1,1,0,0,3
2026|06,Sartell,Minnesota,United States,1,1,1,1,1,0,0,4
2026|06,Savage,Minnesota,United States,2,1,1,1,0.5,0.5,1,5
2026|06,Sayre,Oklahoma,United States,1,1,1,1,1,0,0,2
2026|06,Secunderabad,Telangana,India,4,4,4,1,0.25,0.75,0,4
2026|06,Selma,Alabama,United States,1,1,0,1,1,0,0,1
2026|06,Seoul,Seoul,South Korea,1,1,1,0,0,1,0,1
2026|06,Shanghai,Shanghai,China,3,3,3,0,0,1,0,3
2026|06,Shorewood,Minnesota,United States,1,1,0,1,1,0,3,3
2026|06,Singapore,(not set),Singapore,47,47,47,3,0.0638,0.9362,0,47
2026|06,South Saint Paul,Minnesota,United States,2,1,1,1,0.5,0.5,1,2
2026|06,Springfield,Illinois,United States,1,1,1,0,0,1,0,1
2026|06,St. Cloud,Minnesota,United States,6,1,0,5,0.8333,0.1667,0,10
2026|06,St. Louis,Missouri,United States,1,1,1,0,0,1,0,1
2026|06,St. Louis Park,Minnesota,United States,6,4,4,1,0.1667,0.8333,0,5
2026|06,Stevens Point,Wisconsin,United States,8,8,8,0,0,1,0,8
2026|06,Stratford,Prince Edward Island,Canada,1,1,1,0,0,1,0,1
2026|06,Sunderland,England,United Kingdom,1,1,1,0,0,1,0,1
2026|06,Tamiami,Florida,United States,1,1,1,0,0,1,0,1
2026|06,Tampa,Florida,United States,1,1,1,0,0,1,0,1
2026|06,Tangier,Tangier-Tetouan-Al Hoceima,Morocco,1,1,1,0,0,1,0,1
2026|06,Tanuku,Andhra Pradesh,India,1,1,1,1,1,0,0,1
2026|06,Tehran,(not set),Iran,3,3,1,2,0.6667,0.3333,1,13
2026|06,Temple,Texas,United States,1,1,1,0,0,1,0,1
2026|06,Tewksbury,New Jersey,United States,1,1,1,0,0,1,0,1
2026|06,The Dalles,Oregon,United States,4,4,4,0,0,1,0,4
2026|06,Tirupati,Andhra Pradesh,India,1,1,1,0,0,1,0,1
2026|06,Trelleborg,Skane County,Sweden,1,1,1,0,0,1,0,1
2026|06,Turin,Piedmont,Italy,1,1,1,0,0,1,0,1
2026|06,Two Rivers,Wisconsin,United States,2,2,2,1,0.5,0.5,0,3
2026|06,Tyler,Texas,United States,1,1,1,0,0,1,0,1
2026|06,Viana,Luanda Province,Angola,2,2,2,0,0,1,0,2
2026|06,Victoria,Minnesota,United States,10,6,5,8,0.8,0.2,3,21
2026|06,Vienna,Vienna,Austria,1,1,1,0,0,1,0,1
2026|06,Villa Mercedes,San Luis Province,Argentina,1,1,1,0,0,1,0,1
2026|06,Walker Mill,Maryland,United States,1,1,1,0,0,1,0,1
2026|06,Warsaw,Indiana,United States,1,1,1,0,0,1,0,1
2026|06,Washington,District of Columbia,United States,2,2,2,0,0,1,0,2
2026|06,Waukegan,Illinois,United States,1,1,1,0,0,1,0,1
2026|06,Waukesha,Wisconsin,United States,3,3,2,2,0.6667,0.3333,2,4
2026|06,Wausau,Wisconsin,United States,1,1,1,0,0,1,0,1
2026|06,Wayzata,Minnesota,United States,1,1,1,1,1,0,0,5
2026|06,West Palm Beach,Florida,United States,1,1,1,0,0,1,0,1
2026|06,West Point,Utah,United States,1,1,1,1,1,0,0,2
2026|06,Westhoughton,England,United Kingdom,1,1,1,0,0,1,0,1
2026|06,Wilton,Iowa,United States,2,2,0,2,1,0,0,4
2026|06,Wisconsin Dells,Wisconsin,United States,2,2,0,2,1,0,1,3
2026|06,Woodville,Ohio,United States,3,3,3,2,0.6667,0.3333,0,5
2026|06,Yonkers,New York,United States,2,2,2,2,1,0,0,2
2026|07,(not set),(not set),(not set),33,50,32,31,0.9394,0.0606,46,34
2026|07,(not set),(not set),China,1,1,1,0,0,1,0,1
2026|07,(not set),(not set),Germany,1,1,1,0,0,1,0,1
2026|07,(not set),(not set),Singapore,2,2,2,1,0.5,0.5,0,2
2026|07,(not set),(not set),United States,28,28,29,16,0.5714,0.4286,8,37
2026|07,(not set),California,United States,3,3,3,2,0.6667,0.3333,0,3
2026|07,(not set),Colorado,United States,5,5,5,2,0.4,0.6,1,5
2026|07,(not set),Enugu,Nigeria,1,1,1,1,1,0,0,1
2026|07,(not set),Idaho,United States,1,1,1,1,1,0,0,2
2026|07,(not set),Illinois,United States,1,1,0,1,1,0,1,1
2026|07,(not set),Indiana,United States,1,1,1,1,1,0,2,7
2026|07,(not set),Iowa,United States,2,2,2,0,0,1,0,2
2026|07,(not set),Kansas,United States,4,4,2,3,0.75,0.25,2,8
2026|07,(not set),Ladakh,India,1,1,0,0,0,1,0,1
2026|07,(not set),Michigan,United States,1,1,1,1,1,0,0,1
2026|07,(not set),Minnesota,United States,5,4,4,4,0.8,0.2,2,17
2026|07,(not set),Missouri,United States,2,2,2,1,0.5,0.5,0,3
2026|07,(not set),Montana,United States,1,1,1,1,1,0,0,2
2026|07,(not set),New York,United States,1,1,1,0,0,1,0,1
2026|07,(not set),Ohio,United States,1,1,0,1,1,0,0,2
2026|07,(not set),Oklahoma,United States,1,1,1,1,1,0,0,2
2026|07,(not set),Porto District,Portugal,1,1,1,0,0,1,0,1
2026|07,(not set),Punjab,Pakistan,1,1,1,1,1,0,0,1
2026|07,(not set),Saint Thomas,Barbados,1,1,1,0,0,1,0,1
2026|07,(not set),State of Mato Grosso,Brazil,1,1,1,0,0,1,0,1
2026|07,(not set),State of Mexico,Mexico,1,1,0,1,1,0,0,0
2026|07,(not set),State of Sao Paulo,Brazil,1,1,1,0,0,1,0,1
2026|07,(not set),Telangana,India,2,2,2,2,1,0,0,2
2026|07,(not set),Texas,United States,2,2,2,1,0.5,0.5,0,3
2026|07,(not set),Thanh Hoa,Vietnam,1,1,1,0,0,1,0,1
2026|07,(not set),Virginia,United States,4,4,4,2,0.5,0.5,0,4
2026|07,(not set),Washington,United States,1,1,0,0,0,1,0,1
2026|07,(not set),Wisconsin,United States,3,3,2,2,0.6667,0.3333,0,4
2026|07,Abbeville,South Carolina,United States,1,1,1,1,1,0,1,2
2026|07,Aberdeen,South Dakota,United States,2,2,1,1,0.5,0.5,0,3
2026|07,Abidjan,Abidjan Autonomous District,Côte d’Ivoire,1,1,1,0,0,1,0,1
2026|07,Abilene,Kansas,United States,2,2,2,2,1,0,1,5
2026|07,Accra,Greater Accra Region,Ghana,3,3,3,2,0.6667,0.3333,1,3
2026|07,Ada,Oklahoma,United States,1,1,0,0,0,1,0,0
2026|07,Aitkin,Minnesota,United States,1,1,0,1,1,0,1,4
2026|07,Akron,Colorado,United States,1,1,1,1,1,0,0,1
2026|07,Alexandria,Minnesota,United States,3,2,0,2,0.6667,0.3333,1,14
2026|07,Alpharetta,Georgia,United States,2,2,2,2,1,0,1,4
2026|07,Amman,Amman Governorate,Jordan,1,1,0,0,0,1,0,0
2026|07,Amsterdam,North Holland,Netherlands,3,3,3,3,1,0,2,13
2026|07,Andover,Minnesota,United States,2,1,0,1,0.5,0.5,0,3
2026|07,Annandale,Minnesota,United States,1,1,1,0,0,1,0,1
2026|07,Antlers,Oklahoma,United States,1,1,1,1,1,0,1,3
2026|07,Apple Valley,Minnesota,United States,2,2,2,1,0.5,0.5,1,3
2026|07,Appleton,Minnesota,United States,1,1,0,1,1,0,0,4
2026|07,Argyle,Texas,United States,1,1,1,0,0,1,0,1
2026|07,Arlington,Virginia,United States,1,1,1,0,0,1,0,1
2026|07,Ashburn,Virginia,United States,5,5,5,0,0,1,0,5
2026|07,Ashland,Wisconsin,United States,1,1,1,0,0,1,0,1
2026|07,Atlanta,Georgia,United States,2,2,2,1,0.5,0.5,1,4
2026|07,Audubon,Iowa,United States,1,1,0,1,1,0,1,1
2026|07,Austin,Texas,United States,1,1,1,0,0,1,0,1
2026|07,Baldwin,Wisconsin,United States,2,2,1,1,0.5,0.5,0,0
2026|07,Balsam Lake,Wisconsin,United States,2,1,1,2,1,0,2,6
2026|07,Baltimore,Maryland,United States,2,2,2,0,0,1,0,2
2026|07,Bangor,Maine,United States,1,1,1,1,1,0,0,3
2026|07,Barcelona,Catalonia,Spain,1,1,1,1,1,0,0,2
2026|07,Basingstoke,England,United Kingdom,1,1,1,0,0,1,0,1
2026|07,Bastrop,Texas,United States,2,2,1,0,0,1,0,2
2026|07,Baxter,Minnesota,United States,2,2,2,1,0.5,0.5,1,3
2026|07,Bay Minette,Alabama,United States,1,1,0,1,1,0,0,0
2026|07,Bear,Delaware,United States,1,1,1,0,0,1,0,1
2026|07,Beebe,Arkansas,United States,1,1,0,1,1,0,0,1
2026|07,Bemidji,Minnesota,United States,1,1,1,1,1,0,0,1
2026|07,Bengaluru,Karnataka,India,1,1,1,1,1,0,0,1
2026|07,Berlin,Berlin,Germany,1,1,1,0,0,1,0,1
2026|07,Bhubaneswar,Odisha,India,2,2,2,1,0.5,0.5,0,2
2026|07,Big Lake,Texas,United States,1,1,0,1,1,0,0,3
2026|07,Bijnapalli,Telangana,India,1,1,1,0,0,1,0,1
2026|07,Birmingham,Alabama,United States,1,1,1,1,1,0,0,4
2026|07,Bishkek,Bishkek City,Kyrgyzstan,1,1,0,1,1,0,0,0
2026|07,Bissen,Mersch,Luxembourg,1,1,0,1,1,0,1,1
2026|07,Blackduck,Minnesota,United States,1,1,1,1,1,0,0,2
2026|07,Blaine,Minnesota,United States,3,3,3,2,0.6667,0.3333,0,8
2026|07,Bloomington,Minnesota,United States,10,10,9,5,0.5,0.5,1,16
2026|07,Blue Earth,Minnesota,United States,1,1,0,0,0,1,0,1
2026|07,Boardman,Oregon,United States,3,3,3,1,0.3333,0.6667,0,3
2026|07,Bogota,Bogota,Colombia,1,1,1,0,0,1,0,1
2026|07,Bolivar,Missouri,United States,1,1,1,0,0,1,0,1
2026|07,Bongaigaon,Assam,India,1,1,1,0,0,1,0,1
2026|07,Bonifay,Florida,United States,1,1,0,1,1,0,1,2
2026|07,Boulder City,Nevada,United States,1,1,1,1,1,0,0,2
2026|07,Brazzaville,(not set),Congo - Brazzaville,1,1,0,1,1,0,0,0
2026|07,Breezy Point,Minnesota,United States,1,1,1,1,1,0,0,3
2026|07,Brisbane,Queensland,Australia,1,1,1,0,0,1,0,1
2026|07,Bristow,Oklahoma,United States,3,3,1,2,0.6667,0.3333,1,6
2026|07,Brookfield,Missouri,United States,1,1,0,1,1,0,1,2
2026|07,Brooklyn Center,Minnesota,United States,1,1,1,0,0,1,0,1
2026|07,Brooklyn Park,Minnesota,United States,7,6,4,3,0.4286,0.5714,1,9
2026|07,Bullhead City,Arizona,United States,2,2,1,2,1,0,0,2
2026|07,Burlington,Ontario,Canada,1,1,1,0,0,1,0,1
2026|07,Burlington,Vermont,United States,1,1,1,0,0,1,0,1
2026|07,Burnsville,Minnesota,United States,8,6,4,6,0.75,0.25,1,12
2026|07,Byron,Minnesota,United States,1,1,1,1,1,0,0,1
2026|07,Cabot,Arkansas,United States,3,3,1,2,0.6667,0.3333,1,2
2026|07,Calhoun City,Mississippi,United States,1,1,1,1,1,0,0,1
2026|07,Camden,Arkansas,United States,1,1,1,1,1,0,1,7
2026|07,Camden,New Jersey,United States,2,2,2,0,0,1,0,2
2026|07,Canton,Mississippi,United States,1,1,0,1,1,0,0,1
2026|07,Canyon,Texas,United States,2,2,2,2,1,0,0,3
2026|07,Carrollton,Missouri,United States,1,1,1,1,1,0,1,7
2026|07,Caruthersville,Missouri,United States,1,1,0,1,1,0,0,1
2026|07,Carver,Minnesota,United States,6,3,3,4,0.6667,0.3333,2,19
2026|07,Castroville,Texas,United States,1,1,1,1,1,0,0,2
2026|07,Center Township,Ohio,United States,1,1,1,0,0,1,0,1
2026|07,Centerville,Ohio,United States,1,1,0,1,1,0,0,0
2026|07,Chanhassen,Minnesota,United States,2,2,2,2,1,0,0,4
2026|07,Charles City,Iowa,United States,1,1,1,1,1,0,0,1
2026|07,Charlotte,North Carolina,United States,2,2,2,0,0,1,0,2
2026|07,Chaska,Minnesota,United States,29,9,3,12,0.4138,0.5862,0,58
2026|07,Chengdu,Sichuan,China,1,1,1,0,0,1,0,1
2026|07,Chicago,Illinois,United States,39,37,31,29,0.7436,0.2564,12,67
2026|07,Chisinau,Chisinau,Moldova,1,1,0,0,0,1,0,0
2026|07,Chongqing,Chongqing,China,1,1,1,0,0,1,0,1
2026|07,Clanton,Alabama,United States,1,1,1,0,0,1,0,1
2026|07,Clarinda,Iowa,United States,1,1,0,1,1,0,0,1
2026|07,Clewiston,Florida,United States,1,1,0,0,0,1,0,1
2026|07,Clinton,Illinois,United States,1,1,1,1,1,0,0,1
2026|07,Clovis,California,United States,1,1,1,1,1,0,1,1
2026|07,Clyde,Ohio,United States,1,1,0,0,0,1,0,1
2026|07,Cody,Wyoming,United States,1,1,1,1,1,0,1,2
2026|07,Cohasset,Minnesota,United States,1,1,1,1,1,0,0,1
2026|07,Coimbatore,Tamil Nadu,India,1,1,1,1,1,0,0,2
2026|07,Coleman,Texas,United States,1,1,1,0,0,1,0,1
2026|07,Commerce,Texas,United States,2,2,2,2,1,0,1,8
2026|07,Cook,Minnesota,United States,1,1,1,1,1,0,0,2
2026|07,Coon Rapids,Minnesota,United States,1,1,1,0,0,1,0,1
2026|07,Copperas Cove,Texas,United States,1,1,1,0,0,1,0,1
2026|07,Copperopolis,California,United States,1,1,1,0,0,1,0,1
2026|07,Coram,New York,United States,1,1,1,0,0,1,0,1
2026|07,Corcoran,Minnesota,United States,1,1,1,1,1,0,0,1
2026|07,Crockett,Texas,United States,2,2,1,1,0.5,0.5,1,11
2026|07,Crystal,Minnesota,United States,2,2,2,2,1,0,0,4
2026|07,Crystal City,Texas,United States,1,1,1,1,1,0,0,3
2026|07,Crystal Lake,Illinois,United States,1,1,0,1,1,0,0,1
2026|07,Cuba,Missouri,United States,2,2,1,0,0,1,0,1
2026|07,Cushing,Wisconsin,United States,1,1,1,1,1,0,0,2
2026|07,Dalian,Liaoning,China,1,1,1,0,0,1,0,1
2026|07,Danville,Illinois,United States,1,1,0,1,1,0,0,2
2026|07,Dayton,Minnesota,United States,4,3,3,3,0.75,0.25,1,16
2026|07,Delhi,Delhi Division,India,2,2,2,1,0.5,0.5,0,2
2026|07,Denver,Colorado,United States,6,4,1,2,0.3333,0.6667,1,7
2026|07,Dongguan,Guangdong Province,China,1,1,1,0,0,1,0,1
2026|07,Dothan,Alabama,United States,2,2,0,0,0,1,0,0
2026|07,Dreieich,Hessen,Germany,1,1,1,0,0,1,0,1
2026|07,Dubai,Dubai,United Arab Emirates,6,6,6,0,0,1,0,6
2026|07,Dublin,County Dublin,Ireland,2,2,2,2,1,0,0,2
2026|07,Duluth,Minnesota,United States,7,3,3,5,0.7143,0.2857,2,15
2026|07,Dumont,Iowa,United States,1,1,1,1,1,0,0,4
2026|07,Eagan,Minnesota,United States,6,5,4,3,0.5,0.5,0,6
2026|07,Eastlawn Gardens,Pennsylvania,United States,1,1,1,0,0,1,0,1
2026|07,Eden Prairie,Minnesota,United States,12,12,12,10,0.8333,0.1667,1,21
2026|07,Edina,Minnesota,United States,6,5,5,4,0.6667,0.3333,1,31
2026|07,Elk River,Minnesota,United States,1,1,1,1,1,0,1,2
2026|07,Eluru,Andhra Pradesh,India,1,1,1,0,0,1,0,1
2026|07,Enid,Oklahoma,United States,1,1,1,1,1,0,0,2
2026|07,Eureka,Kansas,United States,2,2,0,0,0,1,0,2
2026|07,Fairfield,Iowa,United States,1,1,1,1,1,0,0,2
2026|07,Fairfield,Texas,United States,1,1,1,1,1,0,0,1
2026|07,Fairfield,Washington,United States,1,1,0,0,0,1,0,1
2026|07,Fairmont,West Virginia,United States,1,1,1,1,1,0,0,1
2026|07,Falcon Heights,Minnesota,United States,48,3,1,30,0.625,0.375,37,113
2026|07,Fargo,North Dakota,United States,2,2,2,2,1,0,0,3
2026|07,Faribault,Minnesota,United States,1,1,1,1,1,0,0,1
2026|07,Farmington,Minnesota,United States,3,2,2,2,0.6667,0.3333,2,10
2026|07,Fayetteville,Arkansas,United States,6,6,4,5,0.8333,0.1667,3,9
2026|07,Fellsmere,Florida,United States,1,1,1,0,0,1,0,1
2026|07,Flint Hill,Virginia,United States,1,1,1,1,1,0,0,1
2026|07,Florence,Alabama,United States,2,2,0,2,1,0,0,6
2026|07,Florissant,Missouri,United States,1,1,0,1,1,0,0,1
2026|07,Forest Lake,Minnesota,United States,1,1,0,1,1,0,0,1
2026|07,Forsyth,Missouri,United States,1,1,0,1,1,0,0,2
2026|07,Fort Dodge,Iowa,United States,2,2,2,1,0.5,0.5,0,3
2026|07,Fort Madison,Iowa,United States,1,1,0,0,0,1,0,1
2026|07,Fort Worth,Texas,United States,2,2,1,2,1,0,1,3
2026|07,Fresno,California,United States,1,1,1,0,0,1,0,1
2026|07,Friday Harbor,Washington,United States,1,1,1,1,1,0,0,2
2026|07,Fridley,Minnesota,United States,2,2,2,1,0.5,0.5,1,3
2026|07,Fulda,Minnesota,United States,1,1,1,1,1,0,1,2
2026|07,Fuzhou,Fujian,China,1,1,1,0,0,1,0,1
2026|07,Galveston,Texas,United States,3,3,1,1,0.3333,0.6667,1,4
2026|07,Gannavaram,Andhra Pradesh,India,1,1,1,0,0,1,0,1
2026|07,Glenwood City,Wisconsin,United States,1,1,1,1,1,0,1,3
2026|07,Golden Valley,Minnesota,United States,1,1,1,1,1,0,1,3
2026|07,Grand Forks,North Dakota,United States,3,2,2,0,0,1,0,2
2026|07,Groesbeck,Texas,United States,1,1,1,1,1,0,0,2
2026|07,Grove,Oklahoma,United States,3,3,1,0,0,1,0,3
2026|07,Guangzhou,Guangdong Province,China,2,2,2,1,0.5,0.5,0,2
2026|07,Guntur,Andhra Pradesh,India,1,1,1,0,0,1,0,1
2026|07,Guymon,Oklahoma,United States,2,2,1,1,0.5,0.5,0,2
2026|07,Hamilton,Missouri,United States,1,1,1,1,1,0,0,5
2026|07,Hamilton,Ontario,Canada,1,1,1,0,0,1,0,1
2026|07,Hanoi,Ha Noi,Vietnam,1,1,1,0,0,1,0,1
2026|07,Harlingen,Texas,United States,1,1,1,0,0,1,0,1
2026|07,Hastings,Minnesota,United States,1,1,1,0,0,1,0,1
2026|07,Hastings,Nebraska,United States,2,2,1,2,1,0,0,1
2026|07,Hawthorne,Nevada,United States,1,1,1,0,0,1,0,1
2026|07,Hayward,Wisconsin,United States,2,2,1,2,1,0,1,5
2026|07,Headland,Alabama,United States,1,1,1,1,1,0,0,1
2026|07,Hendersonville,Tennessee,United States,1,1,1,1,1,0,0,1
2026|07,Heppner,Oregon,United States,1,1,0,1,1,0,0,2
2026|07,Hindupuram,Andhra Pradesh,India,1,1,1,0,0,1,0,1
2026|07,Ho Chi Minh City,Ho Chi Minh,Vietnam,1,1,1,0,0,1,0,1
2026|07,Hoisington,Kansas,United States,1,1,0,1,1,0,0,0
2026|07,Hopkins,Minnesota,United States,11,10,9,8,0.7273,0.2727,1,22
2026|07,Houston,Missouri,United States,2,2,2,2,1,0,1,6
2026|07,Houston,Texas,United States,2,2,1,2,1,0,0,2
2026|07,Hudson,Wisconsin,United States,5,3,3,0,0,1,0,5
2026|07,Hugo,Minnesota,United States,1,1,1,1,1,0,0,1
2026|07,Humboldt,Tennessee,United States,2,2,0,1,0.5,0.5,0,2
2026|07,Huxley,Iowa,United States,1,1,1,0,0,1,0,1
2026|07,Hyderabad,Telangana,India,17,16,15,9,0.5294,0.4706,1,19
2026|07,Ida Grove,Iowa,United States,3,3,1,2,0.6667,0.3333,1,5
2026|07,Iloilo City,Western Visayas,Philippines,1,1,1,1,1,0,0,1
2026|07,Industry,Texas,United States,1,1,0,0,0,1,0,1
2026|07,Inver Grove Heights,Minnesota,United States,1,1,1,1,1,0,0,3
2026|07,Iuka,Mississippi,United States,1,1,1,1,1,0,0,1
2026|07,Jackson,Tennessee,United States,1,1,0,1,1,0,1,1
2026|07,Jacksonville,Florida,United States,1,1,1,0,0,1,0,1
2026|07,Jacksonville,Illinois,United States,1,1,0,1,1,0,1,1
2026|07,Kakinada,Andhra Pradesh,India,1,1,1,1,1,0,0,1
2026|07,Kansas City,Kansas,United States,2,1,1,2,1,0,2,4
2026|07,Kansas City,Missouri,United States,9,4,4,7,0.7778,0.2222,5,16
2026|07,Karachi,Sindh,Pakistan,2,2,2,2,1,0,2,4
2026|07,Karlstad,Minnesota,United States,1,1,1,0,0,1,0,1
2026|07,Kearney,Nebraska,United States,1,1,1,0,0,1,0,1
2026|07,Kentwood,Michigan,United States,2,2,2,2,1,0,1,4
2026|07,Keokuk,Iowa,United States,1,1,0,1,1,0,0,0
2026|07,Kissimmee,Florida,United States,2,1,1,1,0.5,0.5,0,2
2026|07,Kunming,Yunnan,China,1,1,1,0,0,1,0,1
2026|07,Kuwait City,Al Asimah Governate,Kuwait,1,1,0,1,1,0,0,0
2026|07,La Grange,Texas,United States,1,1,1,0,0,1,0,1
2026|07,La Porte,Indiana,United States,1,1,1,1,1,0,0,2
2026|07,La Quinta,California,United States,1,1,1,0,0,1,0,1
2026|07,Lafayette,Louisiana,United States,1,1,1,1,1,0,0,1
2026|07,Lakeside,Florida,United States,1,1,0,1,1,0,0,3
2026|07,Lakeville,Minnesota,United States,1,1,1,1,1,0,0,1
2026|07,Lanzhou,Gansu,China,1,1,1,0,0,1,0,1
2026|07,Lebanon,Virginia,United States,1,1,1,1,1,0,0,2
2026|07,Leesville,Louisiana,United States,2,2,1,2,1,0,1,5
2026|07,Leiria,Leiria District,Portugal,1,1,1,0,0,1,0,1
2026|07,Lewisburg,Tennessee,United States,1,1,0,1,1,0,0,1
2026|07,Liberal,Kansas,United States,1,1,0,1,1,0,0,1
2026|07,Lincoln,Illinois,United States,1,1,1,1,1,0,0,3
2026|07,Lincolnton,North Carolina,United States,1,1,1,1,1,0,0,2
2026|07,Littlefield,Texas,United States,1,1,1,1,1,0,1,2
2026|07,Liverpool,England,United Kingdom,1,1,1,0,0,1,0,1
2026|07,Livingston,Alabama,United States,2,2,2,0,0,1,0,2
2026|07,Lodz,Lodz Voivodeship,Poland,1,1,1,0,0,1,0,1
2026|07,London,England,United Kingdom,1,1,1,0,0,1,0,1
2026|07,London,Kentucky,United States,1,1,1,0,0,1,0,1
2026|07,London,Ontario,Canada,1,1,1,0,0,1,0,1
2026|07,Lulea,Norrbotten County,Sweden,2,2,2,2,1,0,0,2
2026|07,Macon,Missouri,United States,3,3,1,2,0.6667,0.3333,1,3
2026|07,Madison,Connecticut,United States,1,1,1,0,0,1,0,1
2026|07,Madison Heights,Michigan,United States,2,2,2,2,1,0,2,5
2026|07,Madisonville,Kentucky,United States,1,1,1,1,1,0,0,1
2026|07,Maidstone,England,United Kingdom,1,1,1,0,0,1,0,1
2026|07,Managua,Managua,Nicaragua,1,1,0,0,0,1,0,0
2026|07,Manassas,Virginia,United States,1,1,1,0,0,1,0,1
2026|07,Mandaue,Central Visayas,Philippines,1,1,1,1,1,0,1,3
2026|07,Manhattan,Kansas,United States,2,2,0,2,1,0,1,1
2026|07,Mankato,Minnesota,United States,2,2,1,1,0.5,0.5,0,3
2026|07,Maple Grove,Minnesota,United States,1,1,0,1,1,0,0,1
2026|07,Marion,Alabama,United States,1,1,1,1,1,0,0,2
2026|07,Marion,Kansas,United States,1,1,1,1,1,0,0,2
2026|07,Martin,Tennessee,United States,1,1,0,0,0,1,0,0
2026|07,Mayville,North Dakota,United States,1,1,0,0,0,1,0,1
2026|07,McCamey,Texas,United States,1,1,0,1,1,0,0,0
2026|07,McKinney,Texas,United States,2,2,0,1,0.5,0.5,0,1
2026|07,Medak,Telangana,India,1,1,1,0,0,1,0,1
2026|07,Medina,Minnesota,United States,2,2,2,2,1,0,0,8
2026|07,Melbourne,Victoria,Australia,1,1,1,1,1,0,0,2
2026|07,Metropolis,Illinois,United States,1,1,0,1,1,0,0,1
2026|07,Millbrae,California,United States,1,1,1,0,0,1,0,1
2026|07,Milwaukee,Wisconsin,United States,2,2,2,1,0.5,0.5,3,10
2026|07,Minden,Nebraska,United States,1,1,1,0,0,1,0,1
2026|07,Minneapolis,Minnesota,United States,198,153,134,118,0.596,0.404,48,354
2026|07,Minnetonka,Minnesota,United States,22,19,16,18,0.8182,0.1818,11,64
2026|07,Minnetrista,Minnesota,United States,2,2,1,2,1,0,0,7
2026|07,Montgomery,Alabama,United States,1,1,1,0,0,1,0,1
2026|07,Morgan,Utah,United States,1,1,1,0,0,1,0,1
2026|07,Moses Lake,Washington,United States,1,1,0,1,1,0,0,1
2026|07,Mosinee,Wisconsin,United States,1,1,0,0,0,1,0,1
2026|07,Mound,Minnesota,United States,1,1,1,1,1,0,0,2
2026|07,Mount Shasta,California,United States,1,1,0,1,1,0,0,0
2026|07,Mumbai,Maharashtra,India,1,1,1,0,0,1,0,1
2026|07,Munich,Bavaria,Germany,1,1,1,0,0,1,0,1
2026|07,Mylavaram,Andhra Pradesh,India,1,1,1,0,0,1,0,1
2026|07,Myrtle Beach,South Carolina,United States,2,2,2,1,0.5,0.5,0,3
2026|07,Nahunta,Georgia,United States,1,1,1,1,1,0,1,2
2026|07,Nalgonda,Telangana,India,1,1,1,0,0,1,0,1
2026|07,Napa,California,United States,1,1,1,0,0,1,0,1
2026|07,Ness Ziona,Center District,Israel,1,1,1,0,0,1,0,1
2026|07,New Britain,Pennsylvania,United States,1,1,1,0,0,1,0,1
2026|07,New Hampton,Iowa,United States,1,1,0,1,1,0,0,1
2026|07,New Hope,Minnesota,United States,1,1,1,1,1,0,3,4
2026|07,New Prague,Minnesota,United States,4,3,3,3,0.75,0.25,1,6
2026|07,New York,New York,United States,30,28,28,10,0.3333,0.6667,5,39
2026|07,Newport,Arkansas,United States,1,1,0,1,1,0,0,1
2026|07,North Charleston,South Carolina,United States,2,2,2,0,0,1,0,2
2026|07,North Chicago,Illinois,United States,3,1,1,2,0.6667,0.3333,1,8
2026|07,North Manchester,Indiana,United States,1,1,1,1,1,0,0,1
2026|07,Oakdale,Minnesota,United States,1,1,1,1,1,0,0,1
2026|07,Oakhurst,California,United States,2,2,1,1,0.5,0.5,1,8
2026|07,Ontario,California,United States,1,1,1,0,0,1,0,1
2026|07,Orono,Minnesota,United States,2,2,2,1,0.5,0.5,0,2
2026|07,Othello,Washington,United States,1,1,1,1,1,0,1,9
2026|07,Overland Park,Kansas,United States,2,2,1,1,0.5,0.5,1,2
2026|07,Owatonna,Minnesota,United States,1,1,0,1,1,0,0,0
2026|07,Palladam,Tamil Nadu,India,1,1,1,0,0,1,0,1
2026|07,Panama City,Florida,United States,1,1,0,1,1,0,1,1
2026|07,Panihati,West Bengal,India,1,1,1,0,0,1,0,1
2026|07,Paris,Ile-de-France,France,1,1,0,0,0,1,0,0
2026|07,Pasadena,Texas,United States,1,1,1,0,0,1,0,1
2026|07,Paulding,Ohio,United States,1,1,1,0,0,1,0,1
2026|07,Pawnee City,Nebraska,United States,2,2,0,1,0.5,0.5,2,3
2026|07,Pea Ridge,Arkansas,United States,1,1,1,1,1,0,0,2
2026|07,Pearland,Texas,United States,1,1,0,1,1,0,1,1
2026|07,Pella,Iowa,United States,2,2,2,2,1,0,0,2
2026|07,Pequot Lakes,Minnesota,United States,2,2,2,2,1,0,2,9
2026|07,Perham,Minnesota,United States,1,1,1,1,1,0,0,1
2026|07,Philadelphia,Mississippi,United States,1,1,1,0,0,1,0,1
2026|07,Philadelphia,Pennsylvania,United States,1,1,1,0,0,1,0,1
2026|07,Pike Road,Alabama,United States,2,2,2,1,0.5,0.5,1,4
2026|07,Pittsfield,Illinois,United States,2,2,2,2,1,0,1,5
2026|07,Platteville,Wisconsin,United States,1,1,1,1,1,0,0,12
2026|07,Plymouth,Minnesota,United States,8,6,5,2,0.25,0.75,1,8
2026|07,Port Allen,Louisiana,United States,1,1,1,0,0,1,0,1
2026|07,Port Lavaca,Texas,United States,1,1,1,0,0,1,0,1
2026|07,Portage,Wisconsin,United States,1,1,0,1,1,0,0,2
2026|07,Prentiss,Mississippi,United States,1,1,0,0,0,1,0,1
2026|07,Prescott,Arizona,United States,1,1,1,0,0,1,0,1
2026|07,Prescott,Arkansas,United States,1,1,1,1,1,0,0,1
2026|07,Prineville,Oregon,United States,3,3,3,3,1,0,0,3
2026|07,Prior Lake,Minnesota,United States,3,1,1,2,0.6667,0.3333,0,6
2026|07,Providence,Rhode Island,United States,2,1,1,1,0.5,0.5,0,2
2026|07,Pueblo,Colorado,United States,1,1,1,0,0,1,0,1
2026|07,Pulaski,Tennessee,United States,2,2,2,1,0.5,0.5,0,2
2026|07,Pune,Maharashtra,India,2,2,2,1,0.5,0.5,0,2
2026|07,Quito,Pichincha,Ecuador,1,1,1,0,0,1,0,1
2026|07,Raleigh,Mississippi,United States,1,1,1,0,0,1,0,1
2026|07,Ray,North Dakota,United States,1,1,1,1,1,0,0,1
2026|07,Red Wing,Minnesota,United States,1,1,1,0,0,1,0,1
2026|07,Redding,California,United States,1,1,1,1,1,0,1,2
2026|07,Regensburg,Bavaria,Germany,1,1,1,0,0,1,0,1
2026|07,Rensselaer,Indiana,United States,1,1,1,0,0,1,0,1
2026|07,Reston,Virginia,United States,3,3,3,3,1,0,1,4
2026|07,Rib Lake,Wisconsin,United States,1,1,1,0,0,1,0,1
2026|07,Richfield,Minnesota,United States,1,1,1,1,1,0,1,1
2026|07,Riohacha,La Guajira,Colombia,1,1,0,1,1,0,0,0
2026|07,Riyadh,Riyadh Province,Saudi Arabia,1,1,0,0,0,1,0,0
2026|07,Robbinsdale,Minnesota,United States,5,5,3,2,0.4,0.6,0,5
2026|07,Rochester,Minnesota,United States,3,2,1,2,0.6667,0.3333,0,2
2026|07,Rockville,Minnesota,United States,1,1,0,1,1,0,1,1
2026|07,Rockwell City,Iowa,United States,1,1,1,1,1,0,0,1
2026|07,Rolling Fork,Mississippi,United States,1,1,1,0,0,1,0,1
2026|07,Rosendale,New York,United States,1,1,1,0,0,1,0,1
2026|07,Rotan,Texas,United States,1,1,0,1,1,0,0,0
2026|07,Rumford,Maine,United States,1,1,0,1,1,0,0,0
2026|07,Rushford,Minnesota,United States,1,1,0,1,1,0,0,0
2026|07,Russell Springs,Kentucky,United States,1,1,1,0,0,1,0,1
2026|07,Russellville,Alabama,United States,2,2,1,1,0.5,0.5,0,2
2026|07,Sacramento,California,United States,1,1,1,0,0,1,0,1
2026|07,Sahibzada Ajit Singh Nagar,Punjab,India,1,1,1,1,1,0,0,1
2026|07,Saint Michael,(not set),Barbados,1,1,1,0,0,1,0,1
2026|07,Saint Michael,Minnesota,United States,4,2,2,3,0.75,0.25,2,10
2026|07,Saint Paul,Minnesota,United States,24,23,23,18,0.75,0.25,5,41
2026|07,Salem,Indiana,United States,1,1,1,1,1,0,0,1
2026|07,Salina,Kansas,United States,2,2,2,1,0.5,0.5,0,2
2026|07,San Augustine,Texas,United States,1,1,1,0,0,1,0,1
2026|07,San Fernando,San Fernando City Corporation,Trinidad & Tobago,1,1,1,0,0,1,0,1
2026|07,San Francisco,California,United States,1,1,1,1,1,0,0,1
2026|07,San Jose,California,United States,3,3,3,1,0.3333,0.6667,0,3
2026|07,San Pedro Sula,Cortes Department,Honduras,1,1,1,0,0,1,0,1
2026|07,Santa Monica,California,United States,1,1,1,1,1,0,1,3
2026|07,Santiago,Santiago Metropolitan Region,Chile,1,1,1,0,0,1,0,1
2026|07,Sauk Rapids,Minnesota,United States,1,1,1,1,1,0,1,3
2026|07,Savage,Minnesota,United States,3,3,3,2,0.6667,0.3333,0,13
2026|07,Seattle,Washington,United States,3,1,1,0,0,1,0,2
2026|07,Sebring,Florida,United States,1,1,1,1,1,0,0,1
2026|07,Secunderabad,Telangana,India,4,4,3,1,0.25,0.75,0,4
2026|07,Selma,Alabama,United States,1,1,0,1,1,0,1,2
2026|07,Shakopee,Minnesota,United States,8,7,6,5,0.625,0.375,1,11
2026|07,Shelbyville,Illinois,United States,1,1,1,0,0,1,0,1
2026|07,Shorewood,Minnesota,United States,1,1,1,0,0,1,0,1
2026|07,Singapore,(not set),Singapore,64,64,64,9,0.1406,0.8594,1,64
2026|07,Skiatook,Oklahoma,United States,1,1,1,1,1,0,0,1
2026|07,Smithville,Missouri,United States,1,1,0,1,1,0,0,0
2026|07,Sparta,Illinois,United States,1,1,0,0,0,1,0,1
2026|07,Spirit Lake,Iowa,United States,2,2,1,1,0.5,0.5,1,4
2026|07,Srinagar,Jammu and Kashmir,India,1,1,1,0,0,1,0,1
2026|07,St. Cloud,Minnesota,United States,15,1,0,13,0.8667,0.1333,4,30
2026|07,St. Louis,Missouri,United States,2,1,1,1,0.5,0.5,0,4
2026|07,St. Louis Park,Minnesota,United States,8,5,5,1,0.125,0.875,2,9
2026|07,St. Petersburg,Florida,United States,1,1,1,0,0,1,0,1
2026|07,Stayton,Oregon,United States,1,1,0,1,1,0,0,1
2026|07,Stevens Point,Wisconsin,United States,19,19,19,0,0,1,0,19
2026|07,Sturgeon Bay,Wisconsin,United States,1,1,1,0,0,1,0,1
2026|07,Sultanpur,Uttar Pradesh,India,1,1,1,1,1,0,0,1
2026|07,Sunrise,Florida,United States,2,1,1,2,1,0,0,4
2026|07,Suwon-si,Gyeonggi-do,South Korea,1,1,1,0,0,1,0,1
2026|07,Tallahassee,Florida,United States,1,1,0,1,1,0,0,0
2026|07,Tallulah,Louisiana,United States,1,1,1,1,1,0,0,1
2026|07,Tampa,Florida,United States,3,3,3,2,0.6667,0.3333,0,8
2026|07,Tangshan,Hebei,China,1,1,1,0,0,1,0,1
2026|07,The Dalles,Oregon,United States,1,1,1,0,0,1,0,1
2026|07,Three Lakes,Florida,United States,1,1,1,1,1,0,0,2
2026|07,Tirana,(not set),Albania,2,2,2,0,0,1,0,2
2026|07,Trexlertown,Pennsylvania,United States,1,1,1,0,0,1,0,1
2026|07,Tulia,Texas,United States,1,1,1,1,1,0,0,3
2026|07,Tupelo,Mississippi,United States,1,1,1,0,0,1,0,1
2026|07,Two Rivers,Wisconsin,United States,1,1,0,0,0,1,0,0
2026|07,Uijeongbu-si,Gyeonggi-do,South Korea,1,1,1,0,0,1,0,1
2026|07,Uniontown,Alabama,United States,1,1,0,0,0,1,0,0
2026|07,Urumqi,Xinjiang,China,2,2,1,0,0,1,0,1
2026|07,Uxbridge,Ontario,Canada,1,1,1,0,0,1,0,1
2026|07,Valencia,Carabobo,Venezuela,1,1,0,1,1,0,0,0
2026|07,Valparaiso,Indiana,United States,1,1,1,1,1,0,0,1
2026|07,Van Horn,Texas,United States,1,1,1,1,1,0,0,2
2026|07,Velbert,North Rhine-Westphalia,Germany,1,1,1,0,0,1,0,1
2026|07,Vernon,Connecticut,United States,1,1,1,1,1,0,0,1
2026|07,Versailles,Ile-de-France,France,1,1,1,0,0,1,0,1
2026|07,Victoria,Minnesota,United States,2,2,1,2,1,0,0,3
2026|07,Vijayawada,Andhra Pradesh,India,1,1,1,0,0,1,0,1
2026|07,Villa Bruzual,Portuguesa,Venezuela,1,1,0,0,0,1,0,0
2026|07,Villa Grove,Illinois,United States,3,3,0,3,1,0,1,4
2026|07,Vinita,Oklahoma,United States,1,1,0,0,0,1,0,1
2026|07,Virginia,Minnesota,United States,1,1,0,1,1,0,1,1
2026|07,Volgograd,Volgograd Oblast,Russia,1,1,1,1,1,0,1,10
2026|07,Wagoner,Oklahoma,United States,4,4,1,2,0.5,0.5,0,5
2026|07,Wakefield,Michigan,United States,1,1,1,1,1,0,0,1
2026|07,Walker,Minnesota,United States,1,1,1,0,0,1,0,1
2026|07,Walker Mill,Maryland,United States,1,1,1,0,0,1,0,1
2026|07,Warangal,Telangana,India,1,1,1,0,0,1,0,1
2026|07,Washington Township,New Jersey,United States,1,1,1,0,0,1,0,1
2026|07,Waterloo,Iowa,United States,1,1,1,1,1,0,0,5
2026|07,Watertown,Wisconsin,United States,1,1,1,1,1,0,0,1
2026|07,Waukesha,Wisconsin,United States,5,5,3,4,0.8,0.2,0,4
2026|07,Waverly,Iowa,United States,1,1,1,1,1,0,0,1
2026|07,Weatherford,Oklahoma,United States,2,2,0,2,1,0,0,1
2026|07,West Bend,Wisconsin,United States,4,4,2,3,0.75,0.25,0,4
2026|07,West Saint Paul,Minnesota,United States,2,2,2,0,0,1,0,2
2026|07,West Wendover,Nevada,United States,2,2,2,2,1,0,1,4
2026|07,Wheaton,Illinois,United States,2,2,0,2,1,0,2,2
2026|07,Wichita Falls,Texas,United States,1,1,0,1,1,0,0,0
2026|07,Wiggins,Mississippi,United States,1,1,1,0,0,1,0,1
2026|07,Willows,California,United States,2,1,0,0,0,1,0,2
2026|07,Wilton,Iowa,United States,1,1,1,0,0,1,0,1
2026|07,Winchester,Kentucky,United States,1,1,1,0,0,1,0,1
2026|07,Woodbury,Minnesota,United States,10,5,1,3,0.3,0.7,1,12
2026|07,Woodward,Oklahoma,United States,1,1,1,0,0,1,0,1
2026|07,Wuhan,Hubei,China,1,1,1,0,0,1,0,1
2026|07,Wymore,Nebraska,United States,2,2,1,1,0.5,0.5,2,3
2026|07,Wyoming,Minnesota,United States,1,1,1,1,1,0,1,4
2026|07,Yanbian Korean Autonomous Prefecture,Jilin,China,1,1,1,0,0,1,0,1
2026|07,Yerevan,(not set),Armenia,2,2,2,0,0,1,0,2
2026|07,Yonkers,New York,United States,1,1,1,1,1,0,0,1
2026|07,96272,Gorontalo,Indonesia,1,1,1,1,1,0,0,2
2026|08,(not set),(not set),(not set),37,61,37,36,0.973,0.027,55,38
2026|08,(not set),(not set),Canada,1,1,1,0,0,1,0,1
2026|08,(not set),(not set),China,3,3,3,0,0,1,0,3
2026|08,(not set),(not set),Germany,3,3,3,0,0,1,0,3
2026|08,(not set),(not set),Singapore,2,2,2,1,0.5,0.5,0,2
2026|08,(not set),(not set),Tunisia,1,1,0,0,0,1,0,0
2026|08,(not set),(not set),United States,6,6,6,2,0.3333,0.6667,2,6
2026|08,(not set),California,United States,2,2,2,0,0,1,0,2
2026|08,(not set),Central Department,Paraguay,1,1,0,0,0,1,0,0
2026|08,(not set),Colorado,United States,3,3,3,0,0,1,0,3
2026|08,(not set),Florida,United States,1,1,1,1,1,0,0,1
2026|08,(not set),Heredia Province,Costa Rica,1,1,0,0,0,1,0,0
2026|08,(not set),Ilocos Region,Philippines,1,1,1,1,1,0,1,4
2026|08,(not set),Iowa,United States,2,2,1,1,0.5,0.5,1,2
2026|08,(not set),Kansas,United States,1,1,0,1,1,0,3,4
2026|08,(not set),Kentucky,United States,2,2,0,2,1,0,2,4
2026|08,(not set),Lam Dong,Vietnam,1,1,0,1,1,0,0,0
2026|08,(not set),Maharashtra,India,1,1,1,0,0,1,0,1
2026|08,(not set),Michigan,United States,1,1,1,1,1,0,0,5
2026|08,(not set),Minnesota,United States,4,4,2,3,0.75,0.25,0,8
2026|08,(not set),Nebraska,United States,2,2,1,2,1,0,0,3
2026|08,(not set),Ohio,United States,1,1,0,1,1,0,0,0
2026|08,(not set),State of Bahia,Brazil,1,1,0,0,0,1,0,0
2026|08,(not set),State of Sao Paulo,Brazil,1,1,1,1,1,0,1,1
2026|08,(not set),Texas,United States,5,5,4,3,0.6,0.4,2,7
2026|08,Abilene,Kansas,United States,1,1,1,0,0,1,0,1
2026|08,Abu Dhabi,Abu Dhabi,United Arab Emirates,1,1,1,0,0,1,0,1
2026|08,Afula,North District,Israel,1,1,0,1,1,0,0,0
2026|08,Ahmedabad,Gujarat,India,1,1,1,0,0,1,0,1
2026|08,Aitkin,Minnesota,United States,2,2,0,2,1,0,2,3
2026|08,Akron,Iowa,United States,1,1,1,0,0,1,0,1
2026|08,Akron,Ohio,United States,2,2,2,0,0,1,0,2
2026|08,Amman,Amman Governorate,Jordan,2,2,0,1,0.5,0.5,0,0
2026|08,Amsterdam,North Holland,Netherlands,4,4,4,4,1,0,5,27
2026|08,Andover,Minnesota,United States,4,3,3,3,0.75,0.25,0,6
2026|08,Anoka,Minnesota,United States,1,1,1,1,1,0,0,1
2026|08,Apple Valley,Minnesota,United States,6,5,4,4,0.6667,0.3333,1,12
2026|08,Appleton,Wisconsin,United States,1,1,1,1,1,0,0,1
2026|08,Arad,Arad,Romania,1,1,1,1,1,0,1,17
2026|08,Arden Hills,Minnesota,United States,3,1,1,1,0.3333,0.6667,0,4
2026|08,Ariana Superieur,Ariana Governorate,Tunisia,1,1,0,0,0,1,0,0
2026|08,Arkadelphia,Arkansas,United States,1,1,0,1,1,0,0,2
2026|08,Arvada,Colorado,United States,2,1,1,1,0.5,0.5,0,3
2026|08,Ashburn,Virginia,United States,3,3,3,1,0.3333,0.6667,0,7
2026|08,Ashland,Ohio,United States,1,1,0,0,0,1,0,0
2026|08,Ashland,Wisconsin,United States,1,1,1,1,1,0,0,6
2026|08,Asuncion,Asuncion,Paraguay,1,1,0,0,0,1,0,0
2026|08,Athens,Alabama,United States,1,1,0,1,1,0,0,0
2026|08,Audubon,Iowa,United States,3,3,2,1,0.3333,0.6667,1,5
2026|08,Aurora,Missouri,United States,1,1,1,0,0,1,0,1
2026|08,Autlan,Jalisco,Mexico,1,1,1,0,0,1,0,1
2026|08,Baldwin,Wisconsin,United States,1,1,1,1,1,0,0,1
2026|08,Barinas,Barinas,Venezuela,1,1,0,0,0,1,0,0
2026|08,Barueri,State of Sao Paulo,Brazil,1,1,0,0,0,1,0,0
2026|08,Baudette,Minnesota,United States,1,1,1,1,1,0,0,3
2026|08,Baxter,Minnesota,United States,1,1,1,1,1,0,0,1
2026|08,Beaver Dam,Kentucky,United States,1,1,1,1,1,0,0,2
2026|08,Beaverton,Oregon,United States,1,1,1,1,1,0,1,3
2026|08,Belize City,Belize District,Belize,1,1,1,0,0,1,0,1
2026|08,Bellevue,Washington,United States,1,1,1,0,0,1,0,1
2026|08,Bellville,Texas,United States,1,1,0,1,1,0,0,1
2026|08,Bengaluru,Karnataka,India,1,1,1,0,0,1,0,1
2026|08,Berlin,Berlin,Germany,1,1,1,1,1,0,1,10
2026|08,Bettws,Wales,United Kingdom,1,1,1,0,0,1,0,1
2026|08,Bismarck,North Dakota,United States,1,1,1,1,1,0,0,1
2026|08,Blaine,Minnesota,United States,2,2,2,0,0,1,0,2
2026|08,Bloomington,Minnesota,United States,8,8,7,6,0.75,0.25,0,11
2026|08,Boardman,Oregon,United States,5,5,5,4,0.8,0.2,5,11
2026|08,Bohemia,New York,United States,1,1,1,0,0,1,0,1
2026|08,Bondurant,Iowa,United States,1,1,1,0,0,1,0,1
2026|08,Boonville,Missouri,United States,1,1,1,0,0,1,0,1
2026|08,Bouake,Vallee du Bandama District,Côte d’Ivoire,1,1,0,1,1,0,0,0
2026|08,Branson,Missouri,United States,1,1,1,1,1,0,1,3
2026|08,Breezy Point,Minnesota,United States,1,1,1,1,1,0,0,1
2026|08,Brewton,Alabama,United States,3,3,1,2,0.6667,0.3333,2,4
2026|08,Brinkley,Arkansas,United States,1,1,0,1,1,0,1,1
2026|08,Brookland,Arkansas,United States,1,1,1,1,1,0,0,1
2026|08,Brooklyn Park,Minnesota,United States,5,5,4,3,0.6,0.4,0,9
2026|08,Buenos Aires,Buenos Aires,Argentina,2,2,2,1,0.5,0.5,0,2
2026|08,Buffalo,Missouri,United States,1,1,0,0,0,1,0,1
2026|08,Burlington,Colorado,United States,1,1,1,0,0,1,0,1
2026|08,Burnsville,Minnesota,United States,11,5,4,2,0.1818,0.8182,0,11
2026|08,Caico,State of Rio Grande do Norte,Brazil,1,1,0,0,0,1,0,0
2026|08,Cambridge,Minnesota,United States,1,1,1,1,1,0,0,1
2026|08,Camden,Arkansas,United States,1,1,0,1,1,0,1,1
2026|08,Caney,Kansas,United States,1,1,0,0,0,1,0,1
2026|08,Canton,Illinois,United States,2,2,1,0,0,1,0,0
2026|08,Canton,Texas,United States,1,1,0,1,1,0,1,2
2026|08,Carrollton,Missouri,United States,1,1,0,1,1,0,0,1
2026|08,Carver,Minnesota,United States,1,1,1,1,1,0,0,1
2026|08,Casselton,North Dakota,United States,1,1,1,1,1,0,0,2
2026|08,Cave Creek,Arizona,United States,1,1,1,1,1,0,0,2
2026|08,Celaya,Guanajuato,Mexico,1,1,0,1,1,0,0,0
2026|08,Central City,Nebraska,United States,1,1,1,1,1,0,0,2
2026|08,Champlin,Minnesota,United States,1,1,1,1,1,0,1,2
2026|08,Chanhassen,Minnesota,United States,3,2,1,1,0.3333,0.6667,0,3
2026|08,Chaska,Minnesota,United States,20,6,3,16,0.8,0.2,8,46
2026|08,Chatham,Illinois,United States,1,1,1,1,1,0,0,2
2026|08,Chengdu,Sichuan,China,1,1,1,0,0,1,0,1
2026|08,Chicago,Illinois,United States,32,22,19,19,0.5938,0.4063,7,39
2026|08,Chongqing,Chongqing,China,1,1,1,0,0,1,0,1
2026|08,Circle Pines,Minnesota,United States,1,1,1,0,0,1,0,1
2026|08,Cleveland,Ohio,United States,1,1,1,1,1,0,1,2
2026|08,Clinton,Illinois,United States,2,2,1,1,0.5,0.5,2,5
2026|08,Clinton,North Carolina,United States,1,1,1,1,1,0,0,9
2026|08,Coleman,Texas,United States,1,1,1,1,1,0,0,1
2026|08,Colorado Springs,Colorado,United States,1,1,1,1,1,0,1,1
2026|08,Columbia,Missouri,United States,1,1,0,1,1,0,0,0
2026|08,Columbus,Ohio,United States,2,2,2,2,1,0,0,6
2026|08,Concepcion,Bio Bio,Chile,1,1,0,0,0,1,0,0
2026|08,Coon Rapids,Minnesota,United States,1,1,1,1,1,0,1,2
2026|08,Council Bluffs,Iowa,United States,2,2,2,1,0.5,0.5,1,2
2026|08,Council Grove,Kansas,United States,2,2,0,2,1,0,1,4
2026|08,Crossett,Arkansas,United States,1,1,0,1,1,0,1,4
2026|08,Crowley,Louisiana,United States,1,1,1,0,0,1,0,1
2026|08,Cuba,Missouri,United States,1,1,0,0,0,1,0,0
2026|08,Damascus,(not set),Syria,1,1,0,0,0,1,0,0
2026|08,Davao City,Davao Region,Philippines,1,1,1,1,1,0,0,1
2026|08,De Pere,Wisconsin,United States,1,1,1,1,1,0,0,1
2026|08,Decatur,Alabama,United States,1,1,0,1,1,0,0,0
2026|08,Deephaven,Minnesota,United States,1,1,1,1,1,0,0,2
2026|08,Delano,Minnesota,United States,3,2,2,1,0.3333,0.6667,1,4
2026|08,Denver,Colorado,United States,2,2,1,2,1,0,0,3
2026|08,Dongguan,Guangdong Province,China,1,1,1,0,0,1,0,1
2026|08,Doylestown,Pennsylvania,United States,1,1,1,0,0,1,0,1
2026|08,Dubai,Dubai,United Arab Emirates,5,5,5,0,0,1,0,5
2026|08,Dumont,Iowa,United States,1,1,1,1,1,0,0,1
2026|08,Durres,Durres County,Albania,2,2,2,0,0,1,0,2
2026|08,Eagan,Minnesota,United States,2,2,2,0,0,1,0,2
2026|08,East Bethel,Minnesota,United States,1,1,1,0,0,1,0,1
2026|08,Eau Claire,Wisconsin,United States,1,1,1,1,1,0,0,1
2026|08,Eden Prairie,Minnesota,United States,13,10,7,11,0.8462,0.1538,6,32
2026|08,Edina,Minnesota,United States,6,4,3,5,0.8333,0.1667,0,11
2026|08,Elko New Market,Minnesota,United States,1,1,1,1,1,0,2,3
2026|08,Enid,Oklahoma,United States,3,3,3,2,0.6667,0.3333,0,7
2026|08,Erskine,Minnesota,United States,1,1,0,0,0,1,0,1
2026|08,Eureka,Kansas,United States,1,1,1,0,0,1,0,1
2026|08,Evansville,Wisconsin,United States,1,1,1,1,1,0,0,2
2026|08,Fargo,North Dakota,United States,1,1,1,1,1,0,0,1
2026|08,Faribault,Minnesota,United States,3,3,3,1,0.3333,0.6667,0,4
2026|08,Farmington,Minnesota,United States,1,1,0,1,1,0,1,2
2026|08,Florissant,Missouri,United States,1,1,0,0,0,1,0,1
2026|08,Flower Mound,Texas,United States,1,1,1,0,0,1,0,1
2026|08,Forest City,North Carolina,United States,1,1,1,1,1,0,0,1
2026|08,Fort Worth,Texas,United States,3,3,3,3,1,0,1,3
2026|08,Fredericton,New Brunswick,Canada,1,1,0,1,1,0,0,0
2026|08,Fridley,Minnesota,United States,1,1,1,0,0,1,0,1
2026|08,Fuzhou,Fujian,China,2,2,2,0,0,1,0,2
2026|08,Galveston,Texas,United States,1,1,1,0,0,1,0,1
2026|08,Gatesville,Texas,United States,1,1,0,0,0,1,0,1
2026|08,Gilbert,Minnesota,United States,1,1,0,1,1,0,1,1
2026|08,Glenview,Illinois,United States,4,4,4,1,0.25,0.75,1,4
2026|08,Glenwood City,Wisconsin,United States,1,1,1,1,1,0,1,1
2026|08,Golden Valley,Minnesota,United States,1,1,1,1,1,0,0,1
2026|08,Grand Bourg,Buenos Aires Province,Argentina,1,1,1,0,0,1,0,1
2026|08,Granite Falls,Minnesota,United States,1,1,0,1,1,0,0,0
2026|08,Greenwood,Mississippi,United States,1,1,1,1,1,0,0,1
2026|08,Grenada,Mississippi,United States,2,2,2,2,1,0,0,1
2026|08,Grinnell,Iowa,United States,1,1,0,0,0,1,0,1
2026|08,Grove,Oklahoma,United States,1,1,1,1,1,0,0,3
2026|08,Haiphong,Hai Phong,Vietnam,1,1,0,0,0,1,0,0
2026|08,Ham Lake,Minnesota,United States,1,1,1,0,0,1,0,1
2026|08,Hamilton,Missouri,United States,2,2,1,2,1,0,0,1
2026|08,Hammond,Louisiana,United States,1,1,1,0,0,1,0,1
2026|08,Hampton,Virginia,United States,2,2,1,1,0.5,0.5,0,3
2026|08,Hancock,Michigan,United States,6,3,3,6,1,0,2,10
2026|08,Hangzhou,Zhejiang,China,1,1,1,0,0,1,0,1
2026|08,Hannibal,Missouri,United States,1,1,1,1,1,0,1,5
2026|08,Hanoi,Ha Noi,Vietnam,1,1,0,1,1,0,0,0
2026|08,Hawarden,Iowa,United States,1,1,0,1,1,0,1,1
2026|08,Hector,Minnesota,United States,1,1,0,1,1,0,1,1
2026|08,Hefei,Anhui,China,1,1,1,0,0,1,0,1
2026|08,Henderson,Texas,United States,1,1,1,1,1,0,0,1
2026|08,Hennessey,Oklahoma,United States,1,1,0,0,0,1,0,1
2026|08,Hesston,Kansas,United States,1,1,1,1,1,0,1,7
2026|08,Higginsville,Missouri,United States,2,2,1,1,0.5,0.5,0,5
2026|08,Hoffman,Minnesota,United States,2,2,1,2,1,0,1,2
2026|08,Hohenwald,Tennessee,United States,1,1,0,1,1,0,1,1
2026|08,Holmen,Wisconsin,United States,1,1,1,0,0,1,0,1
2026|08,Hopkins,Minnesota,United States,5,3,1,4,0.8,0.2,2,8
2026|08,Houston,Texas,United States,2,2,2,1,0.5,0.5,0,3
2026|08,Hudson,Florida,United States,1,1,1,0,0,1,0,1
2026|08,Hudson,Wisconsin,United States,1,1,0,0,0,1,0,1
2026|08,Hugo,Minnesota,United States,1,1,1,1,1,0,0,3
2026|08,Huizhou,Guangdong Province,China,1,1,1,0,0,1,0,1
2026|08,Hutchinson,Minnesota,United States,1,1,1,1,1,0,0,2
2026|08,Ida Grove,Iowa,United States,2,2,0,0,0,1,0,2
2026|08,Idabel,Oklahoma,United States,1,1,1,1,1,0,0,1
2026|08,Idaho Falls,Idaho,United States,2,2,2,1,0.5,0.5,1,3
2026|08,Indaiatuba,State of Sao Paulo,Brazil,1,1,0,1,1,0,0,0
2026|08,Indianapolis,Indiana,United States,1,1,1,0,0,1,0,1
2026|08,Inver Grove Heights,Minnesota,United States,2,2,2,1,0.5,0.5,1,4
2026|08,Isle of Palms,South Carolina,United States,1,1,0,0,0,1,0,1
2026|08,Iuka,Mississippi,United States,1,1,1,1,1,0,0,6
2026|08,Jacksonville,Florida,United States,1,1,1,1,1,0,1,1
2026|08,Jacksonville,Illinois,United States,2,2,0,1,0.5,0.5,0,1
2026|08,Jacobina,State of Bahia,Brazil,1,1,0,1,1,0,0,0
2026|08,Jaipur,Rajasthan,India,1,1,1,0,0,1,0,1
2026|08,Jefferson City,Missouri,United States,1,1,1,1,1,0,0,2
2026|08,Jerseyville,Illinois,United States,1,1,0,1,1,0,0,1
2026|08,Jonesboro,Arkansas,United States,2,2,2,2,1,0,1,4
2026|08,Jordan,Minnesota,United States,3,3,3,0,0,1,0,3
2026|08,Kabul,Kabul,Afghanistan,3,3,3,1,0.3333,0.6667,1,3
2026|08,Kamianske,Dnipropetrovsk Oblast,Ukraine,1,1,0,1,1,0,0,0
2026|08,Kansas City,Missouri,United States,2,2,0,2,1,0,1,2
2026|08,Karachi,Sindh,Pakistan,1,1,0,0,0,1,0,0
2026|08,Kenosha,Wisconsin,United States,3,1,1,1,0.3333,0.6667,0,3
2026|08,Keokuk,Iowa,United States,1,1,1,1,1,0,0,2
2026|08,Kingsville,Texas,United States,2,2,2,2,1,0,1,4
2026|08,Kyiv,Kyiv city,Ukraine,1,1,0,0,0,1,0,0
2026|08,La Grange,Texas,United States,1,1,1,1,1,0,0,2
2026|08,Lafayette,Louisiana,United States,1,1,1,1,1,0,0,5
2026|08,Lagos,Lagos,Nigeria,1,1,0,1,1,0,0,0
2026|08,Lahore,Punjab,Pakistan,1,1,0,0,0,1,0,0
2026|08,Lakeville,Minnesota,United States,5,5,5,3,0.6,0.4,0,6
2026|08,Langdon,North Dakota,United States,1,1,0,1,1,0,1,1
2026|08,Lansing,Kansas,United States,1,1,0,1,1,0,0,1
2026|08,Las Vegas Valley,Nevada,United States,1,1,1,0,0,1,0,1
2026|08,Le Mars,Iowa,United States,1,1,1,1,1,0,0,3
2026|08,Lebanon,Missouri,United States,1,1,1,1,1,0,1,2
2026|08,Leesville,Louisiana,United States,1,1,1,0,0,1,0,1
2026|08,Leitchfield,Kentucky,United States,1,1,0,0,0,1,0,0
2026|08,Lille,Hauts-de-France,France,1,1,1,0,0,1,0,1
2026|08,Linares,Maule,Chile,1,1,0,1,1,0,0,0
2026|08,Lincoln,Illinois,United States,1,1,0,1,1,0,0,0
2026|08,Lincoln,Nebraska,United States,1,1,1,1,1,0,1,4
2026|08,Lindsay,Oklahoma,United States,1,1,1,1,1,0,0,2
2026|08,Lindsborg,Kansas,United States,1,1,1,1,1,0,0,4
2026|08,Litchfield,Minnesota,United States,3,3,1,3,1,0,0,2
2026|08,Little Canada,Minnesota,United States,1,1,1,0,0,1,0,1
2026|08,Livingston,Alabama,United States,1,1,1,1,1,0,0,2
2026|08,Livingston,Tennessee,United States,1,1,1,0,0,1,0,1
2026|08,Ljubljana,Ljubljana,Slovenia,1,1,0,1,1,0,0,0
2026|08,London,England,United Kingdom,2,2,4,2,1,0,2,4
2026|08,Loretto,Tennessee,United States,1,1,1,1,1,0,0,2
2026|08,Lowell,Michigan,United States,2,2,1,1,0.5,0.5,0,2
2026|08,Lucknow,Uttar Pradesh,India,2,2,2,2,1,0,2,4
2026|08,Luling,Texas,United States,1,1,1,0,0,1,0,1
2026|08,Luverne,Alabama,United States,1,1,1,0,0,1,0,1
2026|08,Maceio,State of Alagoas,Brazil,1,1,0,1,1,0,0,0
2026|08,Macon,Missouri,United States,3,3,3,3,1,0,1,7
2026|08,Madison,Wisconsin,United States,1,1,1,1,1,0,0,1
2026|08,Madisonville,Tennessee,United States,1,1,1,1,1,0,0,1
2026|08,Malvern,Arkansas,United States,1,1,1,1,1,0,0,1
2026|08,Manchester,England,United Kingdom,1,1,1,0,0,1,0,1
2026|08,Manhattan,Kansas,United States,2,2,1,2,1,0,1,2
2026|08,Maple Grove,Minnesota,United States,6,5,5,5,0.8333,0.1667,2,11
2026|08,Maplewood,Minnesota,United States,4,4,3,3,0.75,0.25,0,6
2026|08,Maracaibo,Zulia,Venezuela,1,1,0,0,0,1,0,0
2026|08,Marinette,Wisconsin,United States,1,1,1,0,0,1,0,1
2026|08,Marion,Alabama,United States,1,1,0,1,1,0,0,0
2026|08,Marion,Kansas,United States,1,1,1,0,0,1,0,1
2026|08,Marshfield,Wisconsin,United States,1,1,1,1,1,0,0,1
2026|08,Martin,Tennessee,United States,1,1,1,1,1,0,0,3
2026|08,Mayville,North Dakota,United States,1,1,1,0,0,1,0,1
2026|08,McCamey,Texas,United States,1,1,0,1,1,0,0,1
2026|08,McMinnville,Tennessee,United States,1,1,0,1,1,0,0,0
2026|08,Menomonie,Wisconsin,United States,1,1,1,0,0,1,0,1
2026|08,Meridian,Texas,United States,1,1,1,1,1,0,0,1
2026|08,Merkel,Texas,United States,1,1,1,1,1,0,0,1
2026|08,Metropolis,Illinois,United States,1,1,1,1,1,0,0,1
2026|08,Miles City,Montana,United States,1,1,0,0,0,1,0,1
2026|08,Milltown,Wisconsin,United States,1,1,1,1,1,0,1,4
2026|08,Minden,Louisiana,United States,1,1,1,1,1,0,0,1
2026|08,Ministro Rivadavia,Buenos Aires Province,Argentina,1,1,0,1,1,0,0,0
2026|08,Minneapolis,Minnesota,United States,188,136,120,121,0.6436,0.3564,53,403
2026|08,Minnetonka,Minnesota,United States,6,6,6,6,1,0,2,18
2026|08,Minnetrista,Minnesota,United States,1,1,1,0,0,1,0,1
2026|08,Minot,North Dakota,United States,1,1,1,1,1,0,0,2
2026|08,Moncton,New Brunswick,Canada,1,1,1,1,1,0,0,1
2026|08,Montevideo,Montevideo Department,Uruguay,1,1,0,1,1,0,0,0
2026|08,Montgomery,Alabama,United States,1,1,1,1,1,0,0,1
2026|08,Monticello,Minnesota,United States,1,1,1,1,1,0,0,1
2026|08,Mound,Minnesota,United States,1,1,1,0,0,1,0,1
2026|08,Murfreesboro,Tennessee,United States,1,1,1,1,1,0,0,1
2026|08,Nanticoke,Pennsylvania,United States,2,2,2,2,1,0,0,3
2026|08,Nassau Village-Ratliff,Florida,United States,1,1,1,0,0,1,0,1
2026|08,Natchez,Mississippi,United States,1,1,0,1,1,0,1,1
2026|08,Navi Mumbai,Maharashtra,India,1,1,1,1,1,0,0,1
2026|08,New Albany,Ohio,United States,1,1,1,1,1,0,0,3
2026|08,New Brighton,Minnesota,United States,2,2,2,2,1,0,0,2
2026|08,New Ulm,Minnesota,United States,1,1,1,1,1,0,0,3
2026|08,New York,New York,United States,13,12,12,4,0.3077,0.6923,1,16
2026|08,Ningbo,Zhejiang,China,1,1,1,0,0,1,0,1
2026|08,Nocona,Texas,United States,1,1,0,1,1,0,0,0
2026|08,North Charleston,South Carolina,United States,1,1,1,0,0,1,0,1
2026|08,North Prairie,Wisconsin,United States,1,1,1,0,0,1,0,1
2026|08,Oakdale,Minnesota,United States,2,2,2,2,1,0,0,4
2026|08,Ogdensburg,New York,United States,1,1,1,0,0,1,0,1
2026|08,Omaha,Nebraska,United States,1,1,1,1,1,0,0,1
2026|08,Onalaska,Wisconsin,United States,1,1,1,1,1,0,0,3
2026|08,Osseo,Wisconsin,United States,1,1,1,1,1,0,0,1
2026|08,Otsego,Minnesota,United States,2,2,2,1,0.5,0.5,0,2
2026|08,Overland Park,Kansas,United States,1,1,0,1,1,0,0,1
2026|08,Ozark,Alabama,United States,1,1,0,1,1,0,3,3
2026|08,Palmyra,Missouri,United States,1,1,1,1,1,0,0,4
2026|08,Parana,Entre Rios Province,Argentina,1,1,1,0,0,1,0,1
2026|08,Park Rapids,Minnesota,United States,1,1,1,1,1,0,0,1
2026|08,Parker,South Dakota,United States,1,1,1,1,1,0,0,2
2026|08,Parsons,Kansas,United States,1,1,0,0,0,1,0,1
2026|08,Pearsall,Texas,United States,1,1,0,0,0,1,1,3
2026|08,Pella,Iowa,United States,3,3,3,2,0.6667,0.3333,1,12
2026|08,Perry,Oklahoma,United States,1,1,1,0,0,1,0,1
2026|08,Peshawar,Khyber Pakhtunkhwa,Pakistan,1,1,1,0,0,1,0,1
2026|08,Petersburg,Virginia,United States,2,1,0,1,0.5,0.5,0,3
2026|08,Phoenix,Arizona,United States,2,2,1,1,0.5,0.5,0,1
2026|08,Pine City,Minnesota,United States,1,1,0,1,1,0,0,2
2026|08,Pipestone,Minnesota,United States,2,2,1,1,0.5,0.5,0,2
2026|08,Plainview,Nebraska,United States,1,1,0,0,0,1,0,0
2026|08,Plymouth,Minnesota,United States,8,5,5,4,0.5,0.5,0,13
2026|08,Pocahontas,Arkansas,United States,1,1,0,0,0,1,0,1
2026|08,Pontotoc,Mississippi,United States,1,1,0,0,0,1,0,1
2026|08,Pooler,Georgia,United States,1,1,1,1,1,0,0,2
2026|08,Port Arthur,Texas,United States,1,1,1,0,0,1,0,1
2026|08,Portland,Oregon,United States,2,2,2,2,1,0,0,2
2026|08,Portmore,St. Catherine Parish,Jamaica,1,1,0,0,0,1,0,0
2026|08,Poteau,Oklahoma,United States,1,1,1,0,0,1,0,1
2026|08,Prentiss,Mississippi,United States,2,2,0,1,0.5,0.5,0,1
2026|08,Prescott,Arkansas,United States,1,1,0,1,1,0,0,0
2026|08,Princeton,Minnesota,United States,1,1,1,0,0,1,0,1
2026|08,Prineville,Oregon,United States,6,6,6,3,0.5,0.5,0,6
2026|08,Prior Lake,Minnesota,United States,4,2,1,0,0,1,0,4
2026|08,Pueblo,Colorado,United States,1,1,1,0,0,1,0,1
2026|08,Quilmes,Buenos Aires Province,Argentina,1,1,0,1,1,0,0,0
2026|08,Racine,Wisconsin,United States,1,1,0,1,1,0,0,0
2026|08,Rainsville,Alabama,United States,1,1,1,1,1,0,1,3
2026|08,Raleigh,Mississippi,United States,1,1,1,1,1,0,3,6
2026|08,Ramsey,Minnesota,United States,1,1,1,0,0,1,0,1
2026|08,Rice,Minnesota,United States,1,1,0,1,1,0,0,0
2026|08,Rice Lake,Wisconsin,United States,1,1,0,0,0,1,0,1
2026|08,Richfield,Minnesota,United States,1,1,1,0,0,1,0,1
2026|08,Richland Center,Wisconsin,United States,1,1,0,1,1,0,1,1
2026|08,Richmond,Virginia,United States,3,2,2,2,0.6667,0.3333,0,9
2026|08,Rio Verde,Arizona,United States,1,1,1,1,1,0,0,3
2026|08,Rio de Janeiro,State of Rio de Janeiro,Brazil,1,1,0,1,1,0,0,0
2026|08,Riyadh,Riyadh Province,Saudi Arabia,2,2,0,0,0,1,0,0
2026|08,Robinson,Illinois,United States,1,1,0,0,0,1,0,1
2026|08,Robstown,Texas,United States,1,1,1,1,1,0,0,1
2026|08,Rochester,Minnesota,United States,1,1,1,1,1,0,0,1
2026|08,Rockwell City,Iowa,United States,1,1,0,0,0,1,0,1
2026|08,Rogers,Minnesota,United States,2,2,2,1,0.5,0.5,0,7
2026|08,Roseville,Minnesota,United States,2,1,1,0,0,1,0,2
2026|08,Rosh Pinna,North District,Israel,1,1,0,1,1,0,0,0
2026|08,Round Rock,Texas,United States,1,1,1,1,1,0,0,1
2026|08,Russell Springs,Kentucky,United States,3,3,1,2,0.6667,0.3333,0,5
2026|08,Sabadell,Catalonia,Spain,1,1,0,0,0,1,0,1
2026|08,Saint Joseph,Minnesota,United States,2,1,1,2,1,0,1,8
2026|08,Saint Michael,Minnesota,United States,2,2,2,1,0.5,0.5,0,4
2026|08,Saint Paul,Minnesota,United States,20,18,14,15,0.75,0.25,3,31
2026|08,Saint Paul Park,Minnesota,United States,1,1,1,1,1,0,0,1
2026|08,Sale,Rabat-Sale-Kenitra,Morocco,1,1,0,0,0,1,0,0
2026|08,Samarkand,(not set),Uzbekistan,2,2,0,0,0,1,0,0
2026|08,San Antonio,Texas,United States,2,2,2,2,1,0,0,5
2026|08,San Fernando,Central Luzon,Philippines,1,1,1,1,1,0,0,1
2026|08,San Jose,California,United States,2,2,2,1,0.5,0.5,0,4
2026|08,San Juan,San Juan-Laventille Regional Corporation,Trinidad & Tobago,2,2,1,0,0,1,0,1
2026|08,San Miguel,Buenos Aires Province,Argentina,1,1,0,0,0,1,0,0
2026|08,Sandton,Gauteng,South Africa,1,1,0,0,0,1,0,0
2026|08,Santa Clara,California,United States,1,1,1,0,0,1,0,1
2026|08,Sao Paulo,State of Sao Paulo,Brazil,1,1,0,0,0,1,0,0
2026|08,Savage,Minnesota,United States,6,5,5,3,0.5,0.5,0,10
2026|08,Selmer,Tennessee,United States,1,1,1,1,1,0,0,1
2026|08,Shakopee,Minnesota,United States,5,5,3,2,0.4,0.6,0,7
2026|08,Shelbyville,Illinois,United States,1,1,1,0,0,1,0,1
2026|08,Shenandoah,Iowa,United States,1,1,0,1,1,0,0,2
2026|08,Shenyang,Liaoning,China,1,1,1,0,0,1,0,1
2026|08,Shenzhen,Guangdong Province,China,1,1,1,0,0,1,0,1
2026|08,Shoreview,Minnesota,United States,3,3,3,3,1,0,0,8
2026|08,Shorewood,Minnesota,United States,1,1,1,1,1,0,0,1
2026|08,Simferopol,Crimea,Ukraine,1,1,0,0,0,1,0,0
2026|08,Singapore,(not set),Singapore,127,127,127,34,0.2677,0.7323,2,127
2026|08,Sioux Rapids,Iowa,United States,2,2,2,2,1,0,2,10
2026|08,Sister Bay,Wisconsin,United States,1,1,1,1,1,0,0,5
2026|08,Smith Center,Kansas,United States,1,1,0,1,1,0,1,2
2026|08,Sparta,Illinois,United States,1,1,0,0,0,1,0,1
2026|08,Sparta,Wisconsin,United States,1,1,1,1,1,0,0,1
2026|08,Spirit Lake,Iowa,United States,1,1,1,1,1,0,1,2
2026|08,Springfield,Missouri,United States,1,1,1,1,1,0,0,3
2026|08,Springfield,Nebraska,United States,1,1,1,1,1,0,0,1
2026|08,Springville,Alabama,United States,1,1,1,1,1,0,0,1
2026|08,St. Cloud,Minnesota,United States,8,2,1,8,1,0,0,20
2026|08,St. Louis,Missouri,United States,1,1,1,0,0,1,0,1
2026|08,St. Louis Park,Minnesota,United States,3,3,3,3,1,0,1,4
2026|08,St. Peters,Missouri,United States,1,1,1,1,1,0,0,1
2026|08,Stevens Point,Wisconsin,United States,6,6,6,0,0,1,0,6
2026|08,Stockton,Kansas,United States,1,1,0,1,1,0,0,0
2026|08,Sumare,State of Sao Paulo,Brazil,1,1,0,0,0,1,0,0
2026|08,Suzhou,Jiangsu,China,1,1,1,0,0,1,0,1
2026|08,Sydney,New South Wales,Australia,1,1,1,1,1,0,0,1
2026|08,Tehachapi,California,United States,1,1,1,1,1,0,1,4
2026|08,Teixeira de Freitas,State of Bahia,Brazil,1,1,0,0,0,1,0,0
2026|08,Tela,Atlantida Department,Honduras,1,1,1,0,0,1,0,1
2026|08,Texas City,Texas,United States,1,1,1,1,1,0,0,2
2026|08,Tianjin,Tianjin,China,1,1,1,0,0,1,0,1
2026|08,Tirana,(not set),Albania,3,3,3,0,0,1,0,3
2026|08,Tomahawk,Wisconsin,United States,4,4,2,4,1,0,0,4
2026|08,Tomar,Santarem District,Portugal,1,1,1,0,0,1,0,1
2026|08,Tyumen,Tyumen Oblast,Russia,1,1,0,0,0,1,0,0
2026|08,Ulysses,Kansas,United States,1,1,0,0,0,1,0,1
2026|08,Uniontown,Alabama,United States,1,1,1,1,1,0,0,1
2026|08,Van Horn,Texas,United States,1,1,1,1,1,0,0,2
2026|08,Varces-Allieres-et-Risset,Auvergne-Rhone-Alpes,France,1,1,0,1,1,0,0,0
2026|08,Vernon,Alabama,United States,2,2,0,1,0.5,0.5,1,2
2026|08,Victoria,Minnesota,United States,2,1,1,1,0.5,0.5,1,4
2026|08,Villa Grove,Illinois,United States,1,1,1,1,1,0,0,2
2026|08,Vina del Mar,Valparaiso,Chile,1,1,0,0,0,1,0,0
2026|08,Vinita,Oklahoma,United States,1,1,0,1,1,0,1,1
2026|08,Virginia,Minnesota,United States,1,1,0,1,1,0,1,1
2026|08,Virginia Beach,Virginia,United States,1,1,1,1,1,0,1,1
2026|08,Vitoria da Conquista,State of Bahia,Brazil,1,1,0,0,0,1,0,0
2026|08,Waco,Texas,United States,1,1,1,1,1,0,0,5
2026|08,Waconia,Minnesota,United States,4,2,1,3,0.75,0.25,2,14
2026|08,Wagoner,Oklahoma,United States,1,1,0,1,1,0,0,2
2026|08,Walnut Ridge,Arkansas,United States,1,1,1,1,1,0,0,5
2026|08,Walters,Oklahoma,United States,1,1,0,1,1,0,0,0
2026|08,Warrens,Wisconsin,United States,2,2,0,1,0.5,0.5,0,0
2026|08,Waterloo,Iowa,United States,1,1,0,1,1,0,1,1
2026|08,Waukesha,Wisconsin,United States,2,2,2,1,0.5,0.5,0,2
2026|08,Wausau,Wisconsin,United States,1,1,0,0,0,1,0,1
2026|08,Weatherford,Oklahoma,United States,1,1,1,1,1,0,0,1
2026|08,Wellston,Oklahoma,United States,1,1,0,1,1,0,0,7
2026|08,Weslaco,Texas,United States,1,1,1,1,1,0,0,1
2026|08,West Saint Paul,Minnesota,United States,1,1,1,1,1,0,0,2
2026|08,West Wendover,Nevada,United States,2,1,1,1,0.5,0.5,0,2
2026|08,Wheaton,Illinois,United States,2,2,0,2,1,0,1,2
2026|08,White Bear Lake,Minnesota,United States,1,1,1,1,1,0,0,2
2026|08,Wichita Falls,Texas,United States,2,2,1,1,0.5,0.5,1,6
2026|08,Wicklow,Wicklow,Ireland,1,1,1,0,0,1,0,1
2026|08,Wiggins,Mississippi,United States,2,2,1,1,0.5,0.5,0,1
2026|08,Winnsboro,Louisiana,United States,2,2,1,2,1,0,0,5
2026|08,Winona,Minnesota,United States,2,2,0,1,0.5,0.5,0,2
2026|08,Winona,Missouri,United States,1,1,1,1,1,0,0,3
2026|08,Winsted,Minnesota,United States,1,1,1,1,1,0,0,2
2026|08,Winter Haven,Florida,United States,1,1,0,0,0,1,0,1
2026|08,Wittenberg,Wisconsin,United States,1,1,1,1,1,0,0,3
2026|08,Wyldwood,Texas,United States,2,2,1,2,1,0,1,6
2026|08,Wylie,Texas,United States,1,1,1,1,1,0,0,1
2026|08,Wymore,Nebraska,United States,1,1,1,1,1,0,0,3
2026|08,Yankton,South Dakota,United States,1,1,0,0,0,1,0,1
2026|08,Yerevan,(not set),Armenia,2,2,2,0,0,1,0,2
2026|08,York,Nebraska,United States,1,1,1,0,0,1,0,1
2026|08,Zapopan,Jalisco,Mexico,1,1,0,0,0,1,0,0
2026|08,7341,Tolna County,Hungary,1,1,1,0,0,1,0,1
2026|08,30153,South Sumatra,Indonesia,1,1,1,0,0,1,0,1
2026|09,,,,1,3,1,1,1,0,3,1
2026|09,(not set),(not set),(not set),7,11,7,6,0.8571,0.1429,9,7
2026|09,(not set),(not set),China,1,1,1,0,0,1,0,1
2026|09,(not set),(not set),Germany,1,1,1,0,0,1,0,1
2026|09,(not set),(not set),Hong Kong,1,1,1,0,0,1,0,1
2026|09,(not set),(not set),Malta,1,1,0,0,0,1,0,0
2026|09,(not set),(not set),Singapore,1,1,1,1,1,0,0,1
2026|09,(not set),(not set),United States,1,1,1,0,0,1,0,1
2026|09,(not set),Colorado,United States,1,1,1,0,0,1,0,1
2026|09,(not set),Minnesota,United States,3,3,2,3,1,0,2,6
2026|09,(not set),Texas,United States,1,1,1,1,1,0,0,1
2026|09,Antlers,Oklahoma,United States,1,1,1,1,1,0,0,2
2026|09,Ashburn,Virginia,United States,4,4,4,0,0,1,0,4
2026|09,Beaver,Oklahoma,United States,1,1,0,0,0,1,0,1
2026|09,Blaine,Minnesota,United States,1,1,1,1,1,0,0,1
2026|09,Brooklyn Park,Minnesota,United States,2,2,2,2,1,0,0,4
2026|09,Cabot,Arkansas,United States,2,2,0,1,0.5,0.5,0,2
2026|09,Champlin,Minnesota,United States,1,1,1,0,0,1,0,1
2026|09,Chaska,Minnesota,United States,7,3,2,3,0.4286,0.5714,2,10
2026|09,Chicago,Illinois,United States,9,7,4,4,0.4444,0.5556,2,13
2026|09,Chongqing,Chongqing,China,1,1,1,0,0,1,0,1
2026|09,Columbus,Ohio,United States,1,1,1,1,1,0,0,4
2026|09,Coon Rapids,Minnesota,United States,2,2,2,2,1,0,0,4
2026|09,Council Grove,Kansas,United States,1,1,0,1,1,0,0,1
2026|09,Crossville,Tennessee,United States,1,1,1,1,1,0,0,4
2026|09,Cuba,Missouri,United States,1,1,0,1,1,0,0,0
2026|09,Dallas,Texas,United States,1,1,1,1,1,0,0,3
2026|09,Denham Springs,Louisiana,United States,1,1,1,0,0,1,0,1
2026|09,Eden Prairie,Minnesota,United States,7,4,2,5,0.7143,0.2857,3,12
2026|09,Eldon,Missouri,United States,1,1,1,0,0,1,0,1
2026|09,Fort Dodge,Iowa,United States,2,2,2,2,1,0,0,2
2026|09,Galesburg,Illinois,United States,2,2,1,0,0,1,0,2
2026|09,Georgetown,Kentucky,United States,1,1,1,1,1,0,0,1
2026|09,Golden Valley,Minnesota,United States,1,1,1,1,1,0,0,1
2026|09,Grinnell,Iowa,United States,1,1,1,1,1,0,0,2
2026|09,Grove,Oklahoma,United States,1,1,0,0,0,1,0,1
2026|09,Guatemala City,Guatemala Department,Guatemala,1,1,0,0,0,1,0,0
2026|09,Hastings,Nebraska,United States,1,1,1,1,1,0,0,2
2026|09,Holdrege,Nebraska,United States,1,1,1,1,1,0,0,1
2026|09,Hudson,Ohio,United States,1,1,1,0,0,1,0,1
2026|09,Huntsville,Alabama,United States,1,1,0,1,1,0,1,6
2026|09,Isanti,Minnesota,United States,1,1,1,0,0,1,0,1
2026|09,Isle,Minnesota,United States,1,1,1,1,1,0,0,2
2026|09,Karlstad,Minnesota,United States,1,1,1,0,0,1,0,1
2026|09,Kirksville,Missouri,United States,1,1,1,0,0,1,0,1
2026|09,Lake Elmo,Minnesota,United States,2,1,1,1,0.5,0.5,0,4
2026|09,Lakeville,Minnesota,United States,2,1,1,1,0.5,0.5,5,19
2026|09,Lakewood,Ohio,United States,1,1,1,1,1,0,0,3
2026|09,Lansing,Kansas,United States,1,1,0,1,1,0,0,1
2026|09,Lino Lakes,Minnesota,United States,1,1,1,1,1,0,0,1
2026|09,Littlefield,Texas,United States,1,1,0,1,1,0,0,1
2026|09,Los Angeles,California,United States,1,1,1,1,1,0,0,2
2026|09,Lucknow,Uttar Pradesh,India,1,1,1,1,1,0,1,2
2026|09,Malvern,Arkansas,United States,1,1,1,0,0,1,0,1
2026|09,Maple Grove,Minnesota,United States,3,3,3,2,0.6667,0.3333,0,9
2026|09,Mason City,Iowa,United States,1,1,0,0,0,1,0,0
2026|09,Mayville,North Dakota,United States,1,1,0,0,0,1,0,1
2026|09,Milwaukee,Wisconsin,United States,1,1,1,1,1,0,0,3
2026|09,Minneapolis,Minnesota,United States,27,24,22,15,0.5556,0.4444,5,42
2026|09,Minnetonka,Minnesota,United States,1,1,1,0,0,1,0,1
2026|09,Moses Lake,Washington,United States,1,1,1,1,1,0,0,1
2026|09,New Ulm,Minnesota,United States,1,1,1,0,0,1,0,1
2026|09,New York,New York,United States,2,2,2,0,0,1,0,2
2026|09,North Prairie,Wisconsin,United States,3,2,1,3,1,0,1,16
2026|09,Otsego,Minnesota,United States,1,1,1,1,1,0,1,5
2026|09,Owenton,Kentucky,United States,1,1,1,0,0,1,0,1
2026|09,Parker,South Dakota,United States,1,1,0,1,1,0,0,1
2026|09,Phoenix,Arizona,United States,2,1,1,0,0,1,0,1
2026|09,Portland,Oregon,United States,1,1,1,1,1,0,0,1
2026|09,Prior Lake,Minnesota,United States,1,1,1,0,0,1,0,1
2026|09,Rhome,Texas,United States,1,1,1,0,0,1,0,1
2026|09,Rib Lake,Wisconsin,United States,1,1,0,1,1,0,0,1
2026|09,Rosemount,Minnesota,United States,2,2,2,1,0.5,0.5,0,3
2026|09,Roseville,Minnesota,United States,1,1,1,1,1,0,0,2
2026|09,Saint Anthony,Minnesota,United States,1,1,1,0,0,1,0,1
2026|09,Saint Michael,Minnesota,United States,1,1,1,1,1,0,2,8
2026|09,Saint Paul,Minnesota,United States,4,3,2,2,0.5,0.5,1,4
2026|09,San Francisco,California,United States,1,1,0,0,0,1,0,0
2026|09,Seeb,Muscat Governorate,Oman,1,1,0,1,1,0,0,0
2026|09,Shakopee,Minnesota,United States,1,1,1,1,1,0,0,2
2026|09,Sharjah,Sharjah,United Arab Emirates,1,1,0,0,0,1,0,0
2026|09,Shoreview,Minnesota,United States,1,1,1,0,0,1,0,1
2026|09,Singapore,(not set),Singapore,6,6,6,2,0.3333,0.6667,0,6
2026|09,Somerset,Kentucky,United States,1,1,1,0,0,1,0,1
2026|09,Springfield,Missouri,United States,1,1,1,1,1,0,0,1
2026|09,Springville,New York,United States,1,1,0,0,0,1,0,1
2026|09,St. Louis Park,Minnesota,United States,9,4,4,4,0.4444,0.5556,1,16
2026|09,Toronto,Ontario,Canada,2,2,2,0,0,1,0,2
2026|09,Tullins,Auvergne-Rhone-Alpes,France,1,1,0,0,0,1,0,0
2026|09,Vadnais Heights,Minnesota,United States,1,1,1,1,1,0,1,3
2026|09,Wyoming,Minnesota,United States,1,1,1,1,1,0,1,4
2026|09,Zimmerman,Minnesota,United States,2,1,1,1,0.5,0.5,0,4
