pollution_class,detection_field,detection_value,yearMonth,eventName,eventCount,sessions,ga4_conversions,revenue_usd,month_total_events,month_total_conversions,month_total_purchase_events,pct_of_month_events,pct_of_month_conversions,verdict
A_tag_assistant_debug,pageReferrer,tagassistant.google.com,2025|06,page_view,6,4,0,0.0,4471,38,10,0.134,0.0,JUNK - remove from any count
A_tag_assistant_debug,pageReferrer,tagassistant.google.com,2025|06,schedule_appointment,4,3,0,0.0,4471,38,10,0.089,0.0,JUNK - remove from any count
A_tag_assistant_debug,pageReferrer,tagassistant.google.com,2025|06,scroll,4,3,0,0.0,4471,38,10,0.089,0.0,JUNK - remove from any count
A_tag_assistant_debug,pageReferrer,tagassistant.google.com,2025|06,session_start,2,2,0,0.0,4471,38,10,0.045,0.0,JUNK - remove from any count
A_tag_assistant_debug,pageReferrer,tagassistant.google.com,2025|06,user_engagement,4,2,0,0.0,4471,38,10,0.089,0.0,JUNK - remove from any count
A_tag_assistant_debug,sessionSourceMedium,tagassistant.google.com / referral,2025|06,meet_dr__haley,1,1,0,0.0,4471,38,10,0.022,0.0,JUNK - remove from any count
A_tag_assistant_debug,sessionSourceMedium,tagassistant.google.com / referral,2025|06,meet_dr__jacob,1,1,0,0.0,4471,38,10,0.022,0.0,JUNK - remove from any count
A_tag_assistant_debug,sessionSourceMedium,tagassistant.google.com / referral,2025|06,page_view,25,11,0,0.0,4471,38,10,0.559,0.0,JUNK - remove from any count
A_tag_assistant_debug,sessionSourceMedium,tagassistant.google.com / referral,2025|06,schedule_appointment,9,6,0,0.0,4471,38,10,0.201,0.0,JUNK - remove from any count
A_tag_assistant_debug,sessionSourceMedium,tagassistant.google.com / referral,2025|06,scroll,12,9,0,0.0,4471,38,10,0.268,0.0,JUNK - remove from any count
A_tag_assistant_debug,sessionSourceMedium,tagassistant.google.com / referral,2025|06,session_start,15,15,0,0.0,4471,38,10,0.335,0.0,JUNK - remove from any count
A_tag_assistant_debug,sessionSourceMedium,tagassistant.google.com / referral,2025|06,user_engagement,20,9,0,0.0,4471,38,10,0.447,0.0,JUNK - remove from any count
A_tag_assistant_debug,sessionSourceMedium,tagassistant.google.com / referral,2025|06,why_pnh,1,1,0,0.0,4471,38,10,0.022,0.0,JUNK - remove from any count
A_tag_assistant_debug,pageReferrer,tagassistant.google.com,2026|04,page_view,4,2,0,0.0,3458,88,54,0.116,0.0,JUNK - remove from any count
A_tag_assistant_debug,pageReferrer,tagassistant.google.com,2026|04,purchase,2,1,2,0.0,3458,88,54,0.058,2.273,JUNK - remove from any count
A_tag_assistant_debug,pageReferrer,tagassistant.google.com,2026|04,schedule_appointment,1,1,0,0.0,3458,88,54,0.029,0.0,JUNK - remove from any count
A_tag_assistant_debug,pageReferrer,tagassistant.google.com,2026|04,scroll,1,1,0,0.0,3458,88,54,0.029,0.0,JUNK - remove from any count
A_tag_assistant_debug,pageReferrer,tagassistant.google.com,2026|04,session_start,1,1,0,0.0,3458,88,54,0.029,0.0,JUNK - remove from any count
A_tag_assistant_debug,pageReferrer,tagassistant.google.com,2026|04,user_engagement,1,1,0,0.0,3458,88,54,0.029,0.0,JUNK - remove from any count
A_tag_assistant_debug,sessionSourceMedium,tagassistant.google.com / referral,2026|04,meet_dr__haley,1,1,0,0.0,3458,88,54,0.029,0.0,JUNK - remove from any count
A_tag_assistant_debug,sessionSourceMedium,tagassistant.google.com / referral,2026|04,meet_dr__jacob,1,1,0,0.0,3458,88,54,0.029,0.0,JUNK - remove from any count
A_tag_assistant_debug,sessionSourceMedium,tagassistant.google.com / referral,2026|04,page_view,25,3,0,0.0,3458,88,54,0.723,0.0,JUNK - remove from any count
A_tag_assistant_debug,sessionSourceMedium,tagassistant.google.com / referral,2026|04,purchase,4,2,4,0.0,3458,88,54,0.116,4.545,JUNK - remove from any count
A_tag_assistant_debug,sessionSourceMedium,tagassistant.google.com / referral,2026|04,schedule_appointment,10,2,0,0.0,3458,88,54,0.289,0.0,JUNK - remove from any count
A_tag_assistant_debug,sessionSourceMedium,tagassistant.google.com / referral,2026|04,scroll,8,3,0,0.0,3458,88,54,0.231,0.0,JUNK - remove from any count
A_tag_assistant_debug,sessionSourceMedium,tagassistant.google.com / referral,2026|04,session_start,3,3,0,0.0,3458,88,54,0.087,0.0,JUNK - remove from any count
A_tag_assistant_debug,sessionSourceMedium,tagassistant.google.com / referral,2026|04,user_engagement,17,3,0,0.0,3458,88,54,0.492,0.0,JUNK - remove from any count
A_tag_assistant_debug,sessionSourceMedium,tagassistant.google.com / referral,2026|04,why_pnh,1,1,0,0.0,3458,88,54,0.029,0.0,JUNK - remove from any count
A_tag_assistant_debug,sessionSourceMedium,tagassistant.google.com / referral,2026|05,generate_lead,3,2,3,0.0,4782,75,25,0.063,4.0,JUNK - remove from any count
A_tag_assistant_debug,sessionSourceMedium,tagassistant.google.com / referral,2026|05,meet_dr__haley,3,3,0,0.0,4782,75,25,0.063,0.0,JUNK - remove from any count
A_tag_assistant_debug,sessionSourceMedium,tagassistant.google.com / referral,2026|05,meet_dr__jacob,2,2,0,0.0,4782,75,25,0.042,0.0,JUNK - remove from any count
A_tag_assistant_debug,sessionSourceMedium,tagassistant.google.com / referral,2026|05,page_view,56,20,0,0.0,4782,75,25,1.171,0.0,JUNK - remove from any count
A_tag_assistant_debug,sessionSourceMedium,tagassistant.google.com / referral,2026|05,schedule_appointment,7,6,0,0.0,4782,75,25,0.146,0.0,JUNK - remove from any count
A_tag_assistant_debug,sessionSourceMedium,tagassistant.google.com / referral,2026|05,scroll,6,5,0,0.0,4782,75,25,0.125,0.0,JUNK - remove from any count
A_tag_assistant_debug,sessionSourceMedium,tagassistant.google.com / referral,2026|05,session_start,25,25,0,0.0,4782,75,25,0.523,0.0,JUNK - remove from any count
A_tag_assistant_debug,sessionSourceMedium,tagassistant.google.com / referral,2026|05,user_engagement,44,19,0,0.0,4782,75,25,0.92,0.0,JUNK - remove from any count
A_tag_assistant_debug,pageReferrer,tagassistant.google.com,2026|06,page_view,2,1,0,0.0,4587,212,44,0.044,0.0,JUNK - remove from any count
A_tag_assistant_debug,pageReferrer,tagassistant.google.com,2026|06,purchase,2,1,2,0.0,4587,212,44,0.044,0.943,JUNK - remove from any count
A_tag_assistant_debug,pageReferrer,tagassistant.google.com,2026|06,schedule_appointment,2,1,0,0.0,4587,212,44,0.044,0.0,JUNK - remove from any count
A_tag_assistant_debug,pageReferrer,tagassistant.google.com,2026|06,scroll,2,1,0,0.0,4587,212,44,0.044,0.0,JUNK - remove from any count
A_tag_assistant_debug,pageReferrer,tagassistant.google.com,2026|06,session_start,1,1,0,0.0,4587,212,44,0.022,0.0,JUNK - remove from any count
A_tag_assistant_debug,sessionSourceMedium,tagassistant.google.com / referral,2026|06,page_view,2,1,0,0.0,4587,212,44,0.044,0.0,JUNK - remove from any count
A_tag_assistant_debug,sessionSourceMedium,tagassistant.google.com / referral,2026|06,purchase,2,1,2,0.0,4587,212,44,0.044,0.943,JUNK - remove from any count
A_tag_assistant_debug,sessionSourceMedium,tagassistant.google.com / referral,2026|06,schedule_appointment,2,1,0,0.0,4587,212,44,0.044,0.0,JUNK - remove from any count
A_tag_assistant_debug,sessionSourceMedium,tagassistant.google.com / referral,2026|06,scroll,2,1,0,0.0,4587,212,44,0.044,0.0,JUNK - remove from any count
A_tag_assistant_debug,sessionSourceMedium,tagassistant.google.com / referral,2026|06,session_start,1,1,0,0.0,4587,212,44,0.022,0.0,JUNK - remove from any count
B_google_ads_ui_clickthrough,pageReferrer,ads.google.com,2026|06,page_view,2,1,0,0.0,4587,212,44,0.044,0.0,JUNK - remove from any count
B_google_ads_ui_clickthrough,pageReferrer,ads.google.com,2026|06,session_start,1,1,0,0.0,4587,212,44,0.022,0.0,JUNK - remove from any count
B_google_ads_ui_clickthrough,pageReferrer,ads.google.com,2026|06,user_engagement,2,1,0,0.0,4587,212,44,0.044,0.0,JUNK - remove from any count
B_google_ads_ui_clickthrough,sessionSourceMedium,ads.google.com / referral,2026|06,click,2,2,0,0.0,4587,212,44,0.044,0.0,JUNK - remove from any count
B_google_ads_ui_clickthrough,sessionSourceMedium,ads.google.com / referral,2026|06,file_download,1,1,0,0.0,4587,212,44,0.022,0.0,JUNK - remove from any count
B_google_ads_ui_clickthrough,sessionSourceMedium,ads.google.com / referral,2026|06,generate_lead,7,5,7,0.0,4587,212,44,0.153,3.302,JUNK - remove from any count
B_google_ads_ui_clickthrough,sessionSourceMedium,ads.google.com / referral,2026|06,meet_dr__haley,1,1,0,0.0,4587,212,44,0.022,0.0,JUNK - remove from any count
B_google_ads_ui_clickthrough,sessionSourceMedium,ads.google.com / referral,2026|06,meet_dr__jacob,1,1,0,0.0,4587,212,44,0.022,0.0,JUNK - remove from any count
B_google_ads_ui_clickthrough,sessionSourceMedium,ads.google.com / referral,2026|06,page_view,123,33,0,0.0,4587,212,44,2.681,0.0,JUNK - remove from any count
B_google_ads_ui_clickthrough,sessionSourceMedium,ads.google.com / referral,2026|06,purchase,7,3,7,0.0,4587,212,44,0.153,3.302,JUNK - remove from any count
B_google_ads_ui_clickthrough,sessionSourceMedium,ads.google.com / referral,2026|06,schedule_appointment,23,15,23,0.0,4587,212,44,0.501,10.849,JUNK - remove from any count
B_google_ads_ui_clickthrough,sessionSourceMedium,ads.google.com / referral,2026|06,scroll,28,15,0,0.0,4587,212,44,0.61,0.0,JUNK - remove from any count
B_google_ads_ui_clickthrough,sessionSourceMedium,ads.google.com / referral,2026|06,session_start,37,37,0,0.0,4587,212,44,0.807,0.0,JUNK - remove from any count
B_google_ads_ui_clickthrough,sessionSourceMedium,ads.google.com / referral,2026|06,user_engagement,68,29,0,0.0,4587,212,44,1.482,0.0,JUNK - remove from any count
B_google_ads_ui_clickthrough,sessionSourceMedium,ads.google.com / referral,2026|06,why_pnh,1,1,0,0.0,4587,212,44,0.022,0.0,JUNK - remove from any count
B_google_ads_ui_clickthrough,sessionSourceMedium,ads.google.com / referral,2026|07,page_view,51,18,0,0.0,6400,302,39,0.797,0.0,JUNK - remove from any count
B_google_ads_ui_clickthrough,sessionSourceMedium,ads.google.com / referral,2026|07,purchase,1,1,1,0.0,6400,302,39,0.016,0.331,JUNK - remove from any count
B_google_ads_ui_clickthrough,sessionSourceMedium,ads.google.com / referral,2026|07,schedule_appointment,7,7,7,0.0,6400,302,39,0.109,2.318,JUNK - remove from any count
B_google_ads_ui_clickthrough,sessionSourceMedium,ads.google.com / referral,2026|07,scroll,7,7,0,0.0,6400,302,39,0.109,0.0,JUNK - remove from any count
B_google_ads_ui_clickthrough,sessionSourceMedium,ads.google.com / referral,2026|07,session_start,28,28,0,0.0,6400,302,39,0.438,0.0,JUNK - remove from any count
B_google_ads_ui_clickthrough,sessionSourceMedium,ads.google.com / referral,2026|07,user_engagement,22,16,0,0.0,6400,302,39,0.344,0.0,JUNK - remove from any count
B_google_ads_ui_clickthrough,sessionSourceMedium,ads.google.com / referral,2026|07,why_pnh,1,1,0,0.0,6400,302,39,0.016,0.0,JUNK - remove from any count
B_google_ads_ui_clickthrough,sessionSourceMedium,ads.google.com / referral,2026|08,click,1,1,0,0.0,5315,247,30,0.019,0.0,JUNK - remove from any count
B_google_ads_ui_clickthrough,sessionSourceMedium,ads.google.com / referral,2026|08,page_view,53,13,0,0.0,5315,247,30,0.997,0.0,JUNK - remove from any count
B_google_ads_ui_clickthrough,sessionSourceMedium,ads.google.com / referral,2026|08,schedule_appointment,13,6,13,0.0,5315,247,30,0.245,5.263,JUNK - remove from any count
B_google_ads_ui_clickthrough,sessionSourceMedium,ads.google.com / referral,2026|08,scroll,3,2,0,0.0,5315,247,30,0.056,0.0,JUNK - remove from any count
B_google_ads_ui_clickthrough,sessionSourceMedium,ads.google.com / referral,2026|08,session_start,18,18,0,0.0,5315,247,30,0.339,0.0,JUNK - remove from any count
B_google_ads_ui_clickthrough,sessionSourceMedium,ads.google.com / referral,2026|08,user_engagement,29,15,0,0.0,5315,247,30,0.546,0.0,JUNK - remove from any count
C_squarespace_preview_operator,pageReferrer,apricots-crow-dwjh.squarespace.com,2023|02,first_visit,1,1,0,0.0,1425,0,0,0.07,,JUNK - operator editing own site
C_squarespace_preview_operator,pageReferrer,apricots-crow-dwjh.squarespace.com,2023|02,page_view,179,61,0,0.0,1425,0,0,12.561,,JUNK - operator editing own site
C_squarespace_preview_operator,pageReferrer,apricots-crow-dwjh.squarespace.com,2023|02,scroll,29,15,0,0.0,1425,0,0,2.035,,JUNK - operator editing own site
C_squarespace_preview_operator,pageReferrer,apricots-crow-dwjh.squarespace.com,2023|02,session_start,21,21,0,0.0,1425,0,0,1.474,,JUNK - operator editing own site
C_squarespace_preview_operator,pageReferrer,apricots-crow-dwjh.squarespace.com,2023|02,user_engagement,54,22,0,0.0,1425,0,0,3.789,,JUNK - operator editing own site
C_squarespace_preview_operator,pageReferrer,apricots-crow-dwjh.squarespace.com,2023|03,page_view,28,25,0,0.0,4868,0,0,0.575,,JUNK - operator editing own site
C_squarespace_preview_operator,pageReferrer,apricots-crow-dwjh.squarespace.com,2023|03,scroll,1,1,0,0.0,4868,0,0,0.021,,JUNK - operator editing own site
C_squarespace_preview_operator,pageReferrer,apricots-crow-dwjh.squarespace.com,2023|03,session_start,19,19,0,0.0,4868,0,0,0.39,,JUNK - operator editing own site
C_squarespace_preview_operator,pageReferrer,apricots-crow-dwjh.squarespace.com,2023|03,user_engagement,2,2,0,0.0,4868,0,0,0.041,,JUNK - operator editing own site
C_squarespace_preview_operator,pageReferrer,apricots-crow-dwjh.squarespace.com,2023|04,first_visit,2,2,0,0.0,3691,0,0,0.054,,JUNK - operator editing own site
C_squarespace_preview_operator,pageReferrer,apricots-crow-dwjh.squarespace.com,2023|04,page_view,18,17,0,0.0,3691,0,0,0.488,,JUNK - operator editing own site
C_squarespace_preview_operator,pageReferrer,apricots-crow-dwjh.squarespace.com,2023|04,session_start,16,16,0,0.0,3691,0,0,0.433,,JUNK - operator editing own site
C_squarespace_preview_operator,pageReferrer,apricots-crow-dwjh.squarespace.com,2023|04,user_engagement,1,1,0,0.0,3691,0,0,0.027,,JUNK - operator editing own site
C_squarespace_preview_operator,pageReferrer,apricots-crow-dwjh.squarespace.com,2023|05,first_visit,1,1,0,0.0,5239,0,0,0.019,,JUNK - operator editing own site
C_squarespace_preview_operator,pageReferrer,apricots-crow-dwjh.squarespace.com,2023|05,meet_dr__haley,5,3,0,0.0,5239,0,0,0.095,,JUNK - operator editing own site
C_squarespace_preview_operator,pageReferrer,apricots-crow-dwjh.squarespace.com,2023|05,page_view,66,50,0,0.0,5239,0,0,1.26,,JUNK - operator editing own site
C_squarespace_preview_operator,pageReferrer,apricots-crow-dwjh.squarespace.com,2023|05,scroll,7,6,0,0.0,5239,0,0,0.134,,JUNK - operator editing own site
C_squarespace_preview_operator,pageReferrer,apricots-crow-dwjh.squarespace.com,2023|05,session_start,33,33,0,0.0,5239,0,0,0.63,,JUNK - operator editing own site
C_squarespace_preview_operator,pageReferrer,apricots-crow-dwjh.squarespace.com,2023|05,user_engagement,8,4,0,0.0,5239,0,0,0.153,,JUNK - operator editing own site
C_squarespace_preview_operator,pageReferrer,apricots-crow-dwjh.squarespace.com,2023|06,page_view,25,20,0,0.0,3257,0,0,0.768,,JUNK - operator editing own site
C_squarespace_preview_operator,pageReferrer,apricots-crow-dwjh.squarespace.com,2023|06,scroll,1,1,0,0.0,3257,0,0,0.031,,JUNK - operator editing own site
C_squarespace_preview_operator,pageReferrer,apricots-crow-dwjh.squarespace.com,2023|06,session_start,18,18,0,0.0,3257,0,0,0.553,,JUNK - operator editing own site
C_squarespace_preview_operator,pageReferrer,apricots-crow-dwjh.squarespace.com,2023|06,user_engagement,4,3,0,0.0,3257,0,0,0.123,,JUNK - operator editing own site
C_squarespace_preview_operator,pageReferrer,apricots-crow-dwjh.squarespace.com,2023|07,page_view,14,14,0,0.0,3369,0,0,0.416,,JUNK - operator editing own site
C_squarespace_preview_operator,pageReferrer,apricots-crow-dwjh.squarespace.com,2023|07,session_start,13,13,0,0.0,3369,0,0,0.386,,JUNK - operator editing own site
C_squarespace_preview_operator,pageReferrer,apricots-crow-dwjh.squarespace.com,2023|08,click,1,1,0,0.0,2503,0,0,0.04,,JUNK - operator editing own site
C_squarespace_preview_operator,pageReferrer,apricots-crow-dwjh.squarespace.com,2023|08,meet_dr__jacob,1,1,0,0.0,2503,0,0,0.04,,JUNK - operator editing own site
C_squarespace_preview_operator,pageReferrer,apricots-crow-dwjh.squarespace.com,2023|08,page_view,179,62,0,0.0,2503,0,0,7.151,,JUNK - operator editing own site
C_squarespace_preview_operator,pageReferrer,apricots-crow-dwjh.squarespace.com,2023|08,scroll,35,21,0,0.0,2503,0,0,1.398,,JUNK - operator editing own site
C_squarespace_preview_operator,pageReferrer,apricots-crow-dwjh.squarespace.com,2023|08,session_start,20,20,0,0.0,2503,0,0,0.799,,JUNK - operator editing own site
C_squarespace_preview_operator,pageReferrer,apricots-crow-dwjh.squarespace.com,2023|08,user_engagement,22,16,0,0.0,2503,0,0,0.879,,JUNK - operator editing own site
C_squarespace_preview_operator,sessionSourceMedium,apricots-crow-dwjh.squarespace.com / referral,2023|08,session_start,1,1,0,0.0,2503,0,0,0.04,,JUNK - operator editing own site
C_squarespace_preview_operator,sessionSourceMedium,apricots-crow-dwjh.squarespace.com / referral,2023|08,user_engagement,1,1,0,0.0,2503,0,0,0.04,,JUNK - operator editing own site
C_squarespace_preview_operator,pageReferrer,apricots-crow-dwjh.squarespace.com,2023|09,meet_dr__haley,2,2,0,0.0,1997,0,0,0.1,,JUNK - operator editing own site
C_squarespace_preview_operator,pageReferrer,apricots-crow-dwjh.squarespace.com,2023|09,meet_dr__jacob,2,2,0,0.0,1997,0,0,0.1,,JUNK - operator editing own site
C_squarespace_preview_operator,pageReferrer,apricots-crow-dwjh.squarespace.com,2023|09,page_view,79,40,0,0.0,1997,0,0,3.956,,JUNK - operator editing own site
C_squarespace_preview_operator,pageReferrer,apricots-crow-dwjh.squarespace.com,2023|09,scroll,4,4,0,0.0,1997,0,0,0.2,,JUNK - operator editing own site
C_squarespace_preview_operator,pageReferrer,apricots-crow-dwjh.squarespace.com,2023|09,session_start,24,24,0,0.0,1997,0,0,1.202,,JUNK - operator editing own site
C_squarespace_preview_operator,pageReferrer,apricots-crow-dwjh.squarespace.com,2023|09,user_engagement,17,10,0,0.0,1997,0,0,0.851,,JUNK - operator editing own site
C_squarespace_preview_operator,pageReferrer,apricots-crow-dwjh.squarespace.com,2023|10,page_view,23,16,0,0.0,1732,0,0,1.328,,JUNK - operator editing own site
C_squarespace_preview_operator,pageReferrer,apricots-crow-dwjh.squarespace.com,2023|10,session_start,14,14,0,0.0,1732,0,0,0.808,,JUNK - operator editing own site
C_squarespace_preview_operator,pageReferrer,apricots-crow-dwjh.squarespace.com,2023|10,user_engagement,2,1,0,0.0,1732,0,0,0.115,,JUNK - operator editing own site
C_squarespace_preview_operator,pageReferrer,apricots-crow-dwjh.squarespace.com,2023|11,page_view,46,19,0,0.0,1483,0,0,3.102,,JUNK - operator editing own site
C_squarespace_preview_operator,pageReferrer,apricots-crow-dwjh.squarespace.com,2023|11,scroll,8,3,0,0.0,1483,0,0,0.539,,JUNK - operator editing own site
C_squarespace_preview_operator,pageReferrer,apricots-crow-dwjh.squarespace.com,2023|11,session_start,13,13,0,0.0,1483,0,0,0.877,,JUNK - operator editing own site
C_squarespace_preview_operator,pageReferrer,apricots-crow-dwjh.squarespace.com,2023|11,user_engagement,13,5,0,0.0,1483,0,0,0.877,,JUNK - operator editing own site
C_squarespace_preview_operator,pageReferrer,apricots-crow-dwjh.squarespace.com,2023|12,click,1,1,0,0.0,1586,3,3,0.063,0.0,JUNK - operator editing own site
C_squarespace_preview_operator,pageReferrer,apricots-crow-dwjh.squarespace.com,2023|12,page_view,35,25,0,0.0,1586,3,3,2.207,0.0,JUNK - operator editing own site
C_squarespace_preview_operator,pageReferrer,apricots-crow-dwjh.squarespace.com,2023|12,scroll,7,5,0,0.0,1586,3,3,0.441,0.0,JUNK - operator editing own site
C_squarespace_preview_operator,pageReferrer,apricots-crow-dwjh.squarespace.com,2023|12,session_start,16,16,0,0.0,1586,3,3,1.009,0.0,JUNK - operator editing own site
C_squarespace_preview_operator,pageReferrer,apricots-crow-dwjh.squarespace.com,2023|12,user_engagement,7,6,0,0.0,1586,3,3,0.441,0.0,JUNK - operator editing own site
C_squarespace_preview_operator,pageReferrer,apricots-crow-dwjh.squarespace.com,2024|01,first_visit,1,1,0,0.0,2373,8,8,0.042,0.0,JUNK - operator editing own site
C_squarespace_preview_operator,pageReferrer,apricots-crow-dwjh.squarespace.com,2024|01,page_view,88,52,0,0.0,2373,8,8,3.708,0.0,JUNK - operator editing own site
C_squarespace_preview_operator,pageReferrer,apricots-crow-dwjh.squarespace.com,2024|01,scroll,14,10,0,0.0,2373,8,8,0.59,0.0,JUNK - operator editing own site
C_squarespace_preview_operator,pageReferrer,apricots-crow-dwjh.squarespace.com,2024|01,session_start,33,33,0,0.0,2373,8,8,1.391,0.0,JUNK - operator editing own site
C_squarespace_preview_operator,pageReferrer,apricots-crow-dwjh.squarespace.com,2024|01,user_engagement,30,20,0,0.0,2373,8,8,1.264,0.0,JUNK - operator editing own site
C_squarespace_preview_operator,sessionSourceMedium,apricots-crow-dwjh.squarespace.com / referral,2024|01,page_view,41,10,0,0.0,2373,8,8,1.728,0.0,JUNK - operator editing own site
C_squarespace_preview_operator,sessionSourceMedium,apricots-crow-dwjh.squarespace.com / referral,2024|01,schedule_appointment,3,3,0,0.0,2373,8,8,0.126,0.0,JUNK - operator editing own site
C_squarespace_preview_operator,sessionSourceMedium,apricots-crow-dwjh.squarespace.com / referral,2024|01,scroll,2,2,0,0.0,2373,8,8,0.084,0.0,JUNK - operator editing own site
C_squarespace_preview_operator,sessionSourceMedium,apricots-crow-dwjh.squarespace.com / referral,2024|01,session_start,13,13,0,0.0,2373,8,8,0.548,0.0,JUNK - operator editing own site
C_squarespace_preview_operator,sessionSourceMedium,apricots-crow-dwjh.squarespace.com / referral,2024|01,user_engagement,41,13,0,0.0,2373,8,8,1.728,0.0,JUNK - operator editing own site
C_squarespace_preview_operator,pageReferrer,apricots-crow-dwjh.squarespace.com,2024|02,first_visit,1,1,0,0.0,8187,23,23,0.012,0.0,JUNK - operator editing own site
C_squarespace_preview_operator,pageReferrer,apricots-crow-dwjh.squarespace.com,2024|02,meet_dr__haley,2,2,0,0.0,8187,23,23,0.024,0.0,JUNK - operator editing own site
C_squarespace_preview_operator,pageReferrer,apricots-crow-dwjh.squarespace.com,2024|02,meet_dr__jacob,4,2,0,0.0,8187,23,23,0.049,0.0,JUNK - operator editing own site
C_squarespace_preview_operator,pageReferrer,apricots-crow-dwjh.squarespace.com,2024|02,page_view,113,69,0,0.0,8187,23,23,1.38,0.0,JUNK - operator editing own site
C_squarespace_preview_operator,pageReferrer,apricots-crow-dwjh.squarespace.com,2024|02,scroll,13,8,0,0.0,8187,23,23,0.159,0.0,JUNK - operator editing own site
C_squarespace_preview_operator,pageReferrer,apricots-crow-dwjh.squarespace.com,2024|02,session_start,47,47,0,0.0,8187,23,23,0.574,0.0,JUNK - operator editing own site
C_squarespace_preview_operator,pageReferrer,apricots-crow-dwjh.squarespace.com,2024|02,user_engagement,20,11,0,0.0,8187,23,23,0.244,0.0,JUNK - operator editing own site
C_squarespace_preview_operator,pageReferrer,apricots-crow-dwjh.squarespace.com,2024|02,why_pnh,1,1,0,0.0,8187,23,23,0.012,0.0,JUNK - operator editing own site
C_squarespace_preview_operator,pageReferrer,apricots-crow-dwjh.squarespace.com,2024|03,click,1,1,0,0.0,5590,24,24,0.018,0.0,JUNK - operator editing own site
C_squarespace_preview_operator,pageReferrer,apricots-crow-dwjh.squarespace.com,2024|03,meet_dr__haley,4,3,0,0.0,5590,24,24,0.072,0.0,JUNK - operator editing own site
C_squarespace_preview_operator,pageReferrer,apricots-crow-dwjh.squarespace.com,2024|03,meet_dr__jacob,7,6,0,0.0,5590,24,24,0.125,0.0,JUNK - operator editing own site
C_squarespace_preview_operator,pageReferrer,apricots-crow-dwjh.squarespace.com,2024|03,page_view,137,73,0,0.0,5590,24,24,2.451,0.0,JUNK - operator editing own site
C_squarespace_preview_operator,pageReferrer,apricots-crow-dwjh.squarespace.com,2024|03,schedule_appointment,1,1,0,0.0,5590,24,24,0.018,0.0,JUNK - operator editing own site
C_squarespace_preview_operator,pageReferrer,apricots-crow-dwjh.squarespace.com,2024|03,scroll,34,18,0,0.0,5590,24,24,0.608,0.0,JUNK - operator editing own site
C_squarespace_preview_operator,pageReferrer,apricots-crow-dwjh.squarespace.com,2024|03,session_start,47,47,0,0.0,5590,24,24,0.841,0.0,JUNK - operator editing own site
C_squarespace_preview_operator,pageReferrer,apricots-crow-dwjh.squarespace.com,2024|03,user_engagement,26,15,0,0.0,5590,24,24,0.465,0.0,JUNK - operator editing own site
C_squarespace_preview_operator,pageReferrer,apricots-crow-dwjh.squarespace.com,2024|03,why_pnh,2,2,0,0.0,5590,24,24,0.036,0.0,JUNK - operator editing own site
C_squarespace_preview_operator,sessionSourceMedium,apricots-crow-dwjh.squarespace.com / referral,2024|03,meet_dr__haley,1,1,0,0.0,5590,24,24,0.018,0.0,JUNK - operator editing own site
C_squarespace_preview_operator,sessionSourceMedium,apricots-crow-dwjh.squarespace.com / referral,2024|03,page_view,28,11,0,0.0,5590,24,24,0.501,0.0,JUNK - operator editing own site
C_squarespace_preview_operator,sessionSourceMedium,apricots-crow-dwjh.squarespace.com / referral,2024|03,schedule_appointment,4,4,0,0.0,5590,24,24,0.072,0.0,JUNK - operator editing own site
C_squarespace_preview_operator,sessionSourceMedium,apricots-crow-dwjh.squarespace.com / referral,2024|03,session_start,16,16,0,0.0,5590,24,24,0.286,0.0,JUNK - operator editing own site
C_squarespace_preview_operator,sessionSourceMedium,apricots-crow-dwjh.squarespace.com / referral,2024|03,user_engagement,27,15,0,0.0,5590,24,24,0.483,0.0,JUNK - operator editing own site
C_squarespace_preview_operator,pageReferrer,apricots-crow-dwjh.squarespace.com,2024|04,page_view,53,39,0,0.0,3553,12,12,1.492,0.0,JUNK - operator editing own site
C_squarespace_preview_operator,pageReferrer,apricots-crow-dwjh.squarespace.com,2024|04,scroll,9,7,0,0.0,3553,12,12,0.253,0.0,JUNK - operator editing own site
C_squarespace_preview_operator,pageReferrer,apricots-crow-dwjh.squarespace.com,2024|04,session_start,33,33,0,0.0,3553,12,12,0.929,0.0,JUNK - operator editing own site
C_squarespace_preview_operator,pageReferrer,apricots-crow-dwjh.squarespace.com,2024|04,user_engagement,11,6,0,0.0,3553,12,12,0.31,0.0,JUNK - operator editing own site
C_squarespace_preview_operator,sessionSourceMedium,apricots-crow-dwjh.squarespace.com / referral,2024|04,page_view,40,17,0,0.0,3553,12,12,1.126,0.0,JUNK - operator editing own site
C_squarespace_preview_operator,sessionSourceMedium,apricots-crow-dwjh.squarespace.com / referral,2024|04,schedule_appointment,9,8,0,0.0,3553,12,12,0.253,0.0,JUNK - operator editing own site
C_squarespace_preview_operator,sessionSourceMedium,apricots-crow-dwjh.squarespace.com / referral,2024|04,scroll,6,3,0,0.0,3553,12,12,0.169,0.0,JUNK - operator editing own site
C_squarespace_preview_operator,sessionSourceMedium,apricots-crow-dwjh.squarespace.com / referral,2024|04,session_start,25,25,0,0.0,3553,12,12,0.704,0.0,JUNK - operator editing own site
C_squarespace_preview_operator,sessionSourceMedium,apricots-crow-dwjh.squarespace.com / referral,2024|04,user_engagement,35,20,0,0.0,3553,12,12,0.985,0.0,JUNK - operator editing own site
C_squarespace_preview_operator,pageReferrer,apricots-crow-dwjh.squarespace.com,2024|05,first_visit,1,1,0,0.0,3113,17,17,0.032,0.0,JUNK - operator editing own site
C_squarespace_preview_operator,pageReferrer,apricots-crow-dwjh.squarespace.com,2024|05,meet_dr__jacob,3,2,0,0.0,3113,17,17,0.096,0.0,JUNK - operator editing own site
C_squarespace_preview_operator,pageReferrer,apricots-crow-dwjh.squarespace.com,2024|05,page_view,103,63,0,0.0,3113,17,17,3.309,0.0,JUNK - operator editing own site
C_squarespace_preview_operator,pageReferrer,apricots-crow-dwjh.squarespace.com,2024|05,schedule_appointment,3,3,0,0.0,3113,17,17,0.096,0.0,JUNK - operator editing own site
C_squarespace_preview_operator,pageReferrer,apricots-crow-dwjh.squarespace.com,2024|05,scroll,14,12,0,0.0,3113,17,17,0.45,0.0,JUNK - operator editing own site
C_squarespace_preview_operator,pageReferrer,apricots-crow-dwjh.squarespace.com,2024|05,session_start,47,47,0,0.0,3113,17,17,1.51,0.0,JUNK - operator editing own site
C_squarespace_preview_operator,pageReferrer,apricots-crow-dwjh.squarespace.com,2024|05,user_engagement,22,15,0,0.0,3113,17,17,0.707,0.0,JUNK - operator editing own site
C_squarespace_preview_operator,sessionSourceMedium,apricots-crow-dwjh.squarespace.com / referral,2024|05,first_visit,1,1,0,0.0,3113,17,17,0.032,0.0,JUNK - operator editing own site
C_squarespace_preview_operator,sessionSourceMedium,apricots-crow-dwjh.squarespace.com / referral,2024|05,page_view,32,10,0,0.0,3113,17,17,1.028,0.0,JUNK - operator editing own site
C_squarespace_preview_operator,sessionSourceMedium,apricots-crow-dwjh.squarespace.com / referral,2024|05,schedule_appointment,5,4,0,0.0,3113,17,17,0.161,0.0,JUNK - operator editing own site
C_squarespace_preview_operator,sessionSourceMedium,apricots-crow-dwjh.squarespace.com / referral,2024|05,scroll,4,3,0,0.0,3113,17,17,0.128,0.0,JUNK - operator editing own site
C_squarespace_preview_operator,sessionSourceMedium,apricots-crow-dwjh.squarespace.com / referral,2024|05,session_start,13,13,0,0.0,3113,17,17,0.418,0.0,JUNK - operator editing own site
C_squarespace_preview_operator,sessionSourceMedium,apricots-crow-dwjh.squarespace.com / referral,2024|05,user_engagement,29,12,0,0.0,3113,17,17,0.932,0.0,JUNK - operator editing own site
C_squarespace_preview_operator,sessionSourceMedium,apricots-crow-dwjh.squarespace.com / referral,2024|05,why_pnh,1,1,0,0.0,3113,17,17,0.032,0.0,JUNK - operator editing own site
C_squarespace_preview_operator,pageReferrer,apricots-crow-dwjh.squarespace.com,2024|06,page_view,100,58,0,0.0,3795,21,21,2.635,0.0,JUNK - operator editing own site
C_squarespace_preview_operator,pageReferrer,apricots-crow-dwjh.squarespace.com,2024|06,scroll,19,11,0,0.0,3795,21,21,0.501,0.0,JUNK - operator editing own site
C_squarespace_preview_operator,pageReferrer,apricots-crow-dwjh.squarespace.com,2024|06,session_start,40,40,0,0.0,3795,21,21,1.054,0.0,JUNK - operator editing own site
C_squarespace_preview_operator,pageReferrer,apricots-crow-dwjh.squarespace.com,2024|06,user_engagement,20,13,0,0.0,3795,21,21,0.527,0.0,JUNK - operator editing own site
C_squarespace_preview_operator,sessionSourceMedium,apricots-crow-dwjh.squarespace.com / referral,2024|06,click,3,1,0,0.0,3795,21,21,0.079,0.0,JUNK - operator editing own site
C_squarespace_preview_operator,sessionSourceMedium,apricots-crow-dwjh.squarespace.com / referral,2024|06,page_view,3,3,0,0.0,3795,21,21,0.079,0.0,JUNK - operator editing own site
C_squarespace_preview_operator,sessionSourceMedium,apricots-crow-dwjh.squarespace.com / referral,2024|06,scroll,1,1,0,0.0,3795,21,21,0.026,0.0,JUNK - operator editing own site
C_squarespace_preview_operator,sessionSourceMedium,apricots-crow-dwjh.squarespace.com / referral,2024|06,session_start,4,4,0,0.0,3795,21,21,0.105,0.0,JUNK - operator editing own site
C_squarespace_preview_operator,sessionSourceMedium,apricots-crow-dwjh.squarespace.com / referral,2024|06,user_engagement,1,1,0,0.0,3795,21,21,0.026,0.0,JUNK - operator editing own site
C_squarespace_preview_operator,pageReferrer,apricots-crow-dwjh.squarespace.com,2024|07,click,1,1,0,0.0,2541,23,23,0.039,0.0,JUNK - operator editing own site
C_squarespace_preview_operator,pageReferrer,apricots-crow-dwjh.squarespace.com,2024|07,first_visit,1,1,0,0.0,2541,23,23,0.039,0.0,JUNK - operator editing own site
C_squarespace_preview_operator,pageReferrer,apricots-crow-dwjh.squarespace.com,2024|07,page_view,72,53,0,0.0,2541,23,23,2.834,0.0,JUNK - operator editing own site
C_squarespace_preview_operator,pageReferrer,apricots-crow-dwjh.squarespace.com,2024|07,scroll,14,12,0,0.0,2541,23,23,0.551,0.0,JUNK - operator editing own site
C_squarespace_preview_operator,pageReferrer,apricots-crow-dwjh.squarespace.com,2024|07,session_start,38,38,0,0.0,2541,23,23,1.495,0.0,JUNK - operator editing own site
C_squarespace_preview_operator,pageReferrer,apricots-crow-dwjh.squarespace.com,2024|07,user_engagement,13,11,0,0.0,2541,23,23,0.512,0.0,JUNK - operator editing own site
C_squarespace_preview_operator,sessionSourceMedium,apricots-crow-dwjh.squarespace.com / referral,2024|07,click,2,1,0,0.0,2541,23,23,0.079,0.0,JUNK - operator editing own site
C_squarespace_preview_operator,sessionSourceMedium,apricots-crow-dwjh.squarespace.com / referral,2024|07,page_view,5,3,0,0.0,2541,23,23,0.197,0.0,JUNK - operator editing own site
C_squarespace_preview_operator,sessionSourceMedium,apricots-crow-dwjh.squarespace.com / referral,2024|07,schedule_appointment,2,2,0,0.0,2541,23,23,0.079,0.0,JUNK - operator editing own site
C_squarespace_preview_operator,sessionSourceMedium,apricots-crow-dwjh.squarespace.com / referral,2024|07,session_start,3,3,0,0.0,2541,23,23,0.118,0.0,JUNK - operator editing own site
C_squarespace_preview_operator,sessionSourceMedium,apricots-crow-dwjh.squarespace.com / referral,2024|07,user_engagement,2,2,0,0.0,2541,23,23,0.079,0.0,JUNK - operator editing own site
C_squarespace_preview_operator,pageReferrer,apricots-crow-dwjh.squarespace.com,2024|08,page_view,54,35,0,0.0,1939,10,10,2.785,0.0,JUNK - operator editing own site
C_squarespace_preview_operator,pageReferrer,apricots-crow-dwjh.squarespace.com,2024|08,scroll,7,4,0,0.0,1939,10,10,0.361,0.0,JUNK - operator editing own site
C_squarespace_preview_operator,pageReferrer,apricots-crow-dwjh.squarespace.com,2024|08,session_start,26,26,0,0.0,1939,10,10,1.341,0.0,JUNK - operator editing own site
C_squarespace_preview_operator,pageReferrer,apricots-crow-dwjh.squarespace.com,2024|08,user_engagement,13,9,0,0.0,1939,10,10,0.67,0.0,JUNK - operator editing own site
C_squarespace_preview_operator,pageReferrer,apricots-crow-dwjh.squarespace.com,2024|09,page_view,57,45,0,0.0,3690,15,15,1.545,0.0,JUNK - operator editing own site
C_squarespace_preview_operator,pageReferrer,apricots-crow-dwjh.squarespace.com,2024|09,scroll,7,5,0,0.0,3690,15,15,0.19,0.0,JUNK - operator editing own site
C_squarespace_preview_operator,pageReferrer,apricots-crow-dwjh.squarespace.com,2024|09,session_start,33,33,0,0.0,3690,15,15,0.894,0.0,JUNK - operator editing own site
C_squarespace_preview_operator,pageReferrer,apricots-crow-dwjh.squarespace.com,2024|09,user_engagement,15,10,0,0.0,3690,15,15,0.407,0.0,JUNK - operator editing own site
C_squarespace_preview_operator,pageReferrer,apricots-crow-dwjh.squarespace.com,2024|10,meet_dr__haley,2,2,0,0.0,3930,21,21,0.051,0.0,JUNK - operator editing own site
C_squarespace_preview_operator,pageReferrer,apricots-crow-dwjh.squarespace.com,2024|10,meet_dr__jacob,6,5,0,0.0,3930,21,21,0.153,0.0,JUNK - operator editing own site
C_squarespace_preview_operator,pageReferrer,apricots-crow-dwjh.squarespace.com,2024|10,page_view,179,65,0,0.0,3930,21,21,4.555,0.0,JUNK - operator editing own site
C_squarespace_preview_operator,pageReferrer,apricots-crow-dwjh.squarespace.com,2024|10,schedule_appointment,1,1,0,0.0,3930,21,21,0.025,0.0,JUNK - operator editing own site
C_squarespace_preview_operator,pageReferrer,apricots-crow-dwjh.squarespace.com,2024|10,scroll,26,16,0,0.0,3930,21,21,0.662,0.0,JUNK - operator editing own site
C_squarespace_preview_operator,pageReferrer,apricots-crow-dwjh.squarespace.com,2024|10,session_start,34,34,0,0.0,3930,21,21,0.865,0.0,JUNK - operator editing own site
C_squarespace_preview_operator,pageReferrer,apricots-crow-dwjh.squarespace.com,2024|10,user_engagement,33,18,0,0.0,3930,21,21,0.84,0.0,JUNK - operator editing own site
C_squarespace_preview_operator,pageReferrer,apricots-crow-dwjh.squarespace.com,2024|10,why_pnh,4,4,0,0.0,3930,21,21,0.102,0.0,JUNK - operator editing own site
C_squarespace_preview_operator,pageReferrer,apricots-crow-dwjh.squarespace.com,2024|11,first_visit,1,1,0,0.0,3781,15,12,0.026,0.0,JUNK - operator editing own site
C_squarespace_preview_operator,pageReferrer,apricots-crow-dwjh.squarespace.com,2024|11,form_start,6,3,0,0.0,3781,15,12,0.159,0.0,JUNK - operator editing own site
C_squarespace_preview_operator,pageReferrer,apricots-crow-dwjh.squarespace.com,2024|11,meet_dr__haley,7,7,0,0.0,3781,15,12,0.185,0.0,JUNK - operator editing own site
C_squarespace_preview_operator,pageReferrer,apricots-crow-dwjh.squarespace.com,2024|11,meet_dr__jacob,5,5,0,0.0,3781,15,12,0.132,0.0,JUNK - operator editing own site
C_squarespace_preview_operator,pageReferrer,apricots-crow-dwjh.squarespace.com,2024|11,page_view,218,97,0,0.0,3781,15,12,5.766,0.0,JUNK - operator editing own site
C_squarespace_preview_operator,pageReferrer,apricots-crow-dwjh.squarespace.com,2024|11,schedule_appointment,1,1,0,0.0,3781,15,12,0.026,0.0,JUNK - operator editing own site
C_squarespace_preview_operator,pageReferrer,apricots-crow-dwjh.squarespace.com,2024|11,scroll,58,26,0,0.0,3781,15,12,1.534,0.0,JUNK - operator editing own site
C_squarespace_preview_operator,pageReferrer,apricots-crow-dwjh.squarespace.com,2024|11,session_start,43,43,0,0.0,3781,15,12,1.137,0.0,JUNK - operator editing own site
C_squarespace_preview_operator,pageReferrer,apricots-crow-dwjh.squarespace.com,2024|11,user_engagement,52,24,0,0.0,3781,15,12,1.375,0.0,JUNK - operator editing own site
C_squarespace_preview_operator,pageReferrer,apricots-crow-dwjh.squarespace.com,2024|11,why_pnh,12,10,0,0.0,3781,15,12,0.317,0.0,JUNK - operator editing own site
C_squarespace_preview_operator,pageReferrer,apricots-crow-dwjh.squarespace.com,2024|12,first_visit,1,1,0,0.0,2448,25,2,0.041,0.0,JUNK - operator editing own site
C_squarespace_preview_operator,pageReferrer,apricots-crow-dwjh.squarespace.com,2024|12,page_view,42,26,0,0.0,2448,25,2,1.716,0.0,JUNK - operator editing own site
C_squarespace_preview_operator,pageReferrer,apricots-crow-dwjh.squarespace.com,2024|12,scroll,2,2,0,0.0,2448,25,2,0.082,0.0,JUNK - operator editing own site
C_squarespace_preview_operator,pageReferrer,apricots-crow-dwjh.squarespace.com,2024|12,session_start,19,19,0,0.0,2448,25,2,0.776,0.0,JUNK - operator editing own site
C_squarespace_preview_operator,pageReferrer,apricots-crow-dwjh.squarespace.com,2024|12,user_engagement,10,3,0,0.0,2448,25,2,0.408,0.0,JUNK - operator editing own site
C_squarespace_preview_operator,pageReferrer,apricots-crow-dwjh.squarespace.com,2025|01,first_visit,1,1,0,0.0,2895,19,2,0.035,0.0,JUNK - operator editing own site
C_squarespace_preview_operator,pageReferrer,apricots-crow-dwjh.squarespace.com,2025|01,meet_dr__jacob,3,3,0,0.0,2895,19,2,0.104,0.0,JUNK - operator editing own site
C_squarespace_preview_operator,pageReferrer,apricots-crow-dwjh.squarespace.com,2025|01,page_view,118,64,0,0.0,2895,19,2,4.076,0.0,JUNK - operator editing own site
C_squarespace_preview_operator,pageReferrer,apricots-crow-dwjh.squarespace.com,2025|01,schedule_appointment,6,4,0,0.0,2895,19,2,0.207,0.0,JUNK - operator editing own site
C_squarespace_preview_operator,pageReferrer,apricots-crow-dwjh.squarespace.com,2025|01,scroll,24,12,0,0.0,2895,19,2,0.829,0.0,JUNK - operator editing own site
C_squarespace_preview_operator,pageReferrer,apricots-crow-dwjh.squarespace.com,2025|01,session_start,45,45,0,0.0,2895,19,2,1.554,0.0,JUNK - operator editing own site
C_squarespace_preview_operator,pageReferrer,apricots-crow-dwjh.squarespace.com,2025|01,user_engagement,25,11,0,0.0,2895,19,2,0.864,0.0,JUNK - operator editing own site
C_squarespace_preview_operator,sessionSourceMedium,apricots-crow-dwjh.squarespace.com / referral,2025|01,first_visit,1,1,0,0.0,2895,19,2,0.035,0.0,JUNK - operator editing own site
C_squarespace_preview_operator,sessionSourceMedium,apricots-crow-dwjh.squarespace.com / referral,2025|01,page_view,9,4,0,0.0,2895,19,2,0.311,0.0,JUNK - operator editing own site
C_squarespace_preview_operator,sessionSourceMedium,apricots-crow-dwjh.squarespace.com / referral,2025|01,scroll,9,4,0,0.0,2895,19,2,0.311,0.0,JUNK - operator editing own site
C_squarespace_preview_operator,sessionSourceMedium,apricots-crow-dwjh.squarespace.com / referral,2025|01,session_start,4,4,0,0.0,2895,19,2,0.138,0.0,JUNK - operator editing own site
C_squarespace_preview_operator,pageReferrer,apricots-crow-dwjh.squarespace.com,2025|02,meet_dr__haley,4,4,0,0.0,2986,30,0,0.134,0.0,JUNK - operator editing own site
C_squarespace_preview_operator,pageReferrer,apricots-crow-dwjh.squarespace.com,2025|02,meet_dr__jacob,8,6,0,0.0,2986,30,0,0.268,0.0,JUNK - operator editing own site
C_squarespace_preview_operator,pageReferrer,apricots-crow-dwjh.squarespace.com,2025|02,page_view,138,75,0,0.0,2986,30,0,4.622,0.0,JUNK - operator editing own site
C_squarespace_preview_operator,pageReferrer,apricots-crow-dwjh.squarespace.com,2025|02,schedule_appointment,4,3,0,0.0,2986,30,0,0.134,0.0,JUNK - operator editing own site
C_squarespace_preview_operator,pageReferrer,apricots-crow-dwjh.squarespace.com,2025|02,scroll,33,23,0,0.0,2986,30,0,1.105,0.0,JUNK - operator editing own site
C_squarespace_preview_operator,pageReferrer,apricots-crow-dwjh.squarespace.com,2025|02,session_start,44,44,0,0.0,2986,30,0,1.474,0.0,JUNK - operator editing own site
C_squarespace_preview_operator,pageReferrer,apricots-crow-dwjh.squarespace.com,2025|02,user_engagement,30,23,0,0.0,2986,30,0,1.005,0.0,JUNK - operator editing own site
C_squarespace_preview_operator,pageReferrer,apricots-crow-dwjh.squarespace.com,2025|02,why_pnh,1,1,0,0.0,2986,30,0,0.033,0.0,JUNK - operator editing own site
C_squarespace_preview_operator,pageReferrer,apricots-crow-dwjh.squarespace.com,2025|03,meet_dr__jacob,5,4,0,0.0,2970,23,1,0.168,0.0,JUNK - operator editing own site
C_squarespace_preview_operator,pageReferrer,apricots-crow-dwjh.squarespace.com,2025|03,page_view,130,88,0,0.0,2970,23,1,4.377,0.0,JUNK - operator editing own site
C_squarespace_preview_operator,pageReferrer,apricots-crow-dwjh.squarespace.com,2025|03,scroll,32,25,0,0.0,2970,23,1,1.077,0.0,JUNK - operator editing own site
C_squarespace_preview_operator,pageReferrer,apricots-crow-dwjh.squarespace.com,2025|03,session_start,56,56,0,0.0,2970,23,1,1.886,0.0,JUNK - operator editing own site
C_squarespace_preview_operator,pageReferrer,apricots-crow-dwjh.squarespace.com,2025|03,user_engagement,38,25,0,0.0,2970,23,1,1.279,0.0,JUNK - operator editing own site
C_squarespace_preview_operator,pageReferrer,apricots-crow-dwjh.squarespace.com,2025|04,first_visit,3,3,0,0.0,2693,21,3,0.111,0.0,JUNK - operator editing own site
C_squarespace_preview_operator,pageReferrer,apricots-crow-dwjh.squarespace.com,2025|04,form_start,4,3,0,0.0,2693,21,3,0.149,0.0,JUNK - operator editing own site
C_squarespace_preview_operator,pageReferrer,apricots-crow-dwjh.squarespace.com,2025|04,form_submit,1,1,0,0.0,2693,21,3,0.037,0.0,JUNK - operator editing own site
C_squarespace_preview_operator,pageReferrer,apricots-crow-dwjh.squarespace.com,2025|04,meet_dr__haley,2,2,0,0.0,2693,21,3,0.074,0.0,JUNK - operator editing own site
C_squarespace_preview_operator,pageReferrer,apricots-crow-dwjh.squarespace.com,2025|04,page_view,160,70,0,0.0,2693,21,3,5.941,0.0,JUNK - operator editing own site
C_squarespace_preview_operator,pageReferrer,apricots-crow-dwjh.squarespace.com,2025|04,schedule_appointment,7,7,0,0.0,2693,21,3,0.26,0.0,JUNK - operator editing own site
C_squarespace_preview_operator,pageReferrer,apricots-crow-dwjh.squarespace.com,2025|04,scroll,29,21,0,0.0,2693,21,3,1.077,0.0,JUNK - operator editing own site
C_squarespace_preview_operator,pageReferrer,apricots-crow-dwjh.squarespace.com,2025|04,session_start,46,46,0,0.0,2693,21,3,1.708,0.0,JUNK - operator editing own site
C_squarespace_preview_operator,pageReferrer,apricots-crow-dwjh.squarespace.com,2025|04,user_engagement,33,23,0,0.0,2693,21,3,1.225,0.0,JUNK - operator editing own site
C_squarespace_preview_operator,sessionSourceMedium,apricots-crow-dwjh.squarespace.com / referral,2025|04,first_visit,1,1,0,0.0,2693,21,3,0.037,0.0,JUNK - operator editing own site
C_squarespace_preview_operator,sessionSourceMedium,apricots-crow-dwjh.squarespace.com / referral,2025|04,page_view,2,1,0,0.0,2693,21,3,0.074,0.0,JUNK - operator editing own site
C_squarespace_preview_operator,sessionSourceMedium,apricots-crow-dwjh.squarespace.com / referral,2025|04,scroll,2,1,0,0.0,2693,21,3,0.074,0.0,JUNK - operator editing own site
C_squarespace_preview_operator,sessionSourceMedium,apricots-crow-dwjh.squarespace.com / referral,2025|04,session_start,1,1,0,0.0,2693,21,3,0.037,0.0,JUNK - operator editing own site
C_squarespace_preview_operator,pageReferrer,apricots-crow-dwjh.squarespace.com,2025|05,first_visit,1,1,0,0.0,2154,17,1,0.046,0.0,JUNK - operator editing own site
C_squarespace_preview_operator,pageReferrer,apricots-crow-dwjh.squarespace.com,2025|05,form_start,1,1,0,0.0,2154,17,1,0.046,0.0,JUNK - operator editing own site
C_squarespace_preview_operator,pageReferrer,apricots-crow-dwjh.squarespace.com,2025|05,meet_dr__haley,2,2,0,0.0,2154,17,1,0.093,0.0,JUNK - operator editing own site
C_squarespace_preview_operator,pageReferrer,apricots-crow-dwjh.squarespace.com,2025|05,meet_dr__jacob,1,1,0,0.0,2154,17,1,0.046,0.0,JUNK - operator editing own site
C_squarespace_preview_operator,pageReferrer,apricots-crow-dwjh.squarespace.com,2025|05,page_view,49,40,0,0.0,2154,17,1,2.275,0.0,JUNK - operator editing own site
C_squarespace_preview_operator,pageReferrer,apricots-crow-dwjh.squarespace.com,2025|05,scroll,9,8,0,0.0,2154,17,1,0.418,0.0,JUNK - operator editing own site
C_squarespace_preview_operator,pageReferrer,apricots-crow-dwjh.squarespace.com,2025|05,session_start,30,30,0,0.0,2154,17,1,1.393,0.0,JUNK - operator editing own site
C_squarespace_preview_operator,pageReferrer,apricots-crow-dwjh.squarespace.com,2025|05,user_engagement,7,6,0,0.0,2154,17,1,0.325,0.0,JUNK - operator editing own site
C_squarespace_preview_operator,pageReferrer,apricots-crow-dwjh.squarespace.com,2025|06,click,1,1,0,0.0,4471,38,10,0.022,0.0,JUNK - operator editing own site
C_squarespace_preview_operator,pageReferrer,apricots-crow-dwjh.squarespace.com,2025|06,first_visit,2,2,0,0.0,4471,38,10,0.045,0.0,JUNK - operator editing own site
C_squarespace_preview_operator,pageReferrer,apricots-crow-dwjh.squarespace.com,2025|06,meet_dr__haley,4,4,0,0.0,4471,38,10,0.089,0.0,JUNK - operator editing own site
C_squarespace_preview_operator,pageReferrer,apricots-crow-dwjh.squarespace.com,2025|06,page_view,177,79,0,0.0,4471,38,10,3.959,0.0,JUNK - operator editing own site
C_squarespace_preview_operator,pageReferrer,apricots-crow-dwjh.squarespace.com,2025|06,schedule_appointment,18,3,0,0.0,4471,38,10,0.403,0.0,JUNK - operator editing own site
C_squarespace_preview_operator,pageReferrer,apricots-crow-dwjh.squarespace.com,2025|06,scroll,36,19,0,0.0,4471,38,10,0.805,0.0,JUNK - operator editing own site
C_squarespace_preview_operator,pageReferrer,apricots-crow-dwjh.squarespace.com,2025|06,session_start,49,49,0,0.0,4471,38,10,1.096,0.0,JUNK - operator editing own site
C_squarespace_preview_operator,pageReferrer,apricots-crow-dwjh.squarespace.com,2025|06,user_engagement,15,11,0,0.0,4471,38,10,0.335,0.0,JUNK - operator editing own site
C_squarespace_preview_operator,pageReferrer,apricots-crow-dwjh.squarespace.com,2025|06,why_pnh,1,1,0,0.0,4471,38,10,0.022,0.0,JUNK - operator editing own site
C_squarespace_preview_operator,sessionSourceMedium,apricots-crow-dwjh.squarespace.com / referral,2025|06,first_visit,1,1,0,0.0,4471,38,10,0.022,0.0,JUNK - operator editing own site
C_squarespace_preview_operator,sessionSourceMedium,apricots-crow-dwjh.squarespace.com / referral,2025|06,page_view,25,6,0,0.0,4471,38,10,0.559,0.0,JUNK - operator editing own site
C_squarespace_preview_operator,sessionSourceMedium,apricots-crow-dwjh.squarespace.com / referral,2025|06,schedule_appointment,2,2,0,0.0,4471,38,10,0.045,0.0,JUNK - operator editing own site
C_squarespace_preview_operator,sessionSourceMedium,apricots-crow-dwjh.squarespace.com / referral,2025|06,scroll,21,5,0,0.0,4471,38,10,0.47,0.0,JUNK - operator editing own site
C_squarespace_preview_operator,sessionSourceMedium,apricots-crow-dwjh.squarespace.com / referral,2025|06,session_start,7,7,0,0.0,4471,38,10,0.157,0.0,JUNK - operator editing own site
C_squarespace_preview_operator,sessionSourceMedium,apricots-crow-dwjh.squarespace.com / referral,2025|06,user_engagement,8,3,0,0.0,4471,38,10,0.179,0.0,JUNK - operator editing own site
C_squarespace_preview_operator,pageReferrer,apricots-crow-dwjh.squarespace.com,2025|07,first_visit,1,1,0,0.0,14051,37,3,0.007,0.0,JUNK - operator editing own site
C_squarespace_preview_operator,pageReferrer,apricots-crow-dwjh.squarespace.com,2025|07,page_view,92,49,0,0.0,14051,37,3,0.655,0.0,JUNK - operator editing own site
C_squarespace_preview_operator,pageReferrer,apricots-crow-dwjh.squarespace.com,2025|07,schedule_appointment,4,1,0,0.0,14051,37,3,0.028,0.0,JUNK - operator editing own site
C_squarespace_preview_operator,pageReferrer,apricots-crow-dwjh.squarespace.com,2025|07,scroll,8,4,0,0.0,14051,37,3,0.057,0.0,JUNK - operator editing own site
C_squarespace_preview_operator,pageReferrer,apricots-crow-dwjh.squarespace.com,2025|07,session_start,41,41,0,0.0,14051,37,3,0.292,0.0,JUNK - operator editing own site
C_squarespace_preview_operator,pageReferrer,apricots-crow-dwjh.squarespace.com,2025|07,user_engagement,10,6,0,0.0,14051,37,3,0.071,0.0,JUNK - operator editing own site
C_squarespace_preview_operator,sessionSourceMedium,apricots-crow-dwjh.squarespace.com / referral,2025|07,page_view,4,1,0,0.0,14051,37,3,0.028,0.0,JUNK - operator editing own site
C_squarespace_preview_operator,sessionSourceMedium,apricots-crow-dwjh.squarespace.com / referral,2025|07,scroll,4,1,0,0.0,14051,37,3,0.028,0.0,JUNK - operator editing own site
C_squarespace_preview_operator,sessionSourceMedium,apricots-crow-dwjh.squarespace.com / referral,2025|07,session_start,1,1,0,0.0,14051,37,3,0.007,0.0,JUNK - operator editing own site
C_squarespace_preview_operator,pageReferrer,apricots-crow-dwjh.squarespace.com,2025|08,page_view,36,34,0,0.0,4058,22,0,0.887,0.0,JUNK - operator editing own site
C_squarespace_preview_operator,pageReferrer,apricots-crow-dwjh.squarespace.com,2025|08,scroll,1,1,0,0.0,4058,22,0,0.025,0.0,JUNK - operator editing own site
C_squarespace_preview_operator,pageReferrer,apricots-crow-dwjh.squarespace.com,2025|08,session_start,31,31,0,0.0,4058,22,0,0.764,0.0,JUNK - operator editing own site
C_squarespace_preview_operator,pageReferrer,apricots-crow-dwjh.squarespace.com,2025|09,page_view,34,29,0,0.0,2754,29,3,1.235,0.0,JUNK - operator editing own site
C_squarespace_preview_operator,pageReferrer,apricots-crow-dwjh.squarespace.com,2025|09,session_start,27,27,0,0.0,2754,29,3,0.98,0.0,JUNK - operator editing own site
C_squarespace_preview_operator,pageReferrer,apricots-crow-dwjh.squarespace.com,2025|10,first_visit,3,3,0,0.0,6183,27,0,0.049,0.0,JUNK - operator editing own site
C_squarespace_preview_operator,pageReferrer,apricots-crow-dwjh.squarespace.com,2025|10,meet_dr__haley,2,2,0,0.0,6183,27,0,0.032,0.0,JUNK - operator editing own site
C_squarespace_preview_operator,pageReferrer,apricots-crow-dwjh.squarespace.com,2025|10,meet_dr__jacob,2,2,0,0.0,6183,27,0,0.032,0.0,JUNK - operator editing own site
C_squarespace_preview_operator,pageReferrer,apricots-crow-dwjh.squarespace.com,2025|10,page_view,49,44,0,0.0,6183,27,0,0.792,0.0,JUNK - operator editing own site
C_squarespace_preview_operator,pageReferrer,apricots-crow-dwjh.squarespace.com,2025|10,schedule_appointment,2,2,0,0.0,6183,27,0,0.032,0.0,JUNK - operator editing own site
C_squarespace_preview_operator,pageReferrer,apricots-crow-dwjh.squarespace.com,2025|10,scroll,6,5,0,0.0,6183,27,0,0.097,0.0,JUNK - operator editing own site
C_squarespace_preview_operator,pageReferrer,apricots-crow-dwjh.squarespace.com,2025|10,session_start,37,37,0,0.0,6183,27,0,0.598,0.0,JUNK - operator editing own site
C_squarespace_preview_operator,pageReferrer,apricots-crow-dwjh.squarespace.com,2025|10,user_engagement,7,7,0,0.0,6183,27,0,0.113,0.0,JUNK - operator editing own site
C_squarespace_preview_operator,pageReferrer,apricots-crow-dwjh.squarespace.com,2025|11,click,1,1,0,0.0,3642,37,7,0.027,0.0,JUNK - operator editing own site
C_squarespace_preview_operator,pageReferrer,apricots-crow-dwjh.squarespace.com,2025|11,generate_lead,2,2,2,0.0,3642,37,7,0.055,5.405,JUNK - operator editing own site
C_squarespace_preview_operator,pageReferrer,apricots-crow-dwjh.squarespace.com,2025|11,meet_dr__haley,21,6,0,0.0,3642,37,7,0.577,0.0,JUNK - operator editing own site
C_squarespace_preview_operator,pageReferrer,apricots-crow-dwjh.squarespace.com,2025|11,meet_dr__jacob,6,5,0,0.0,3642,37,7,0.165,0.0,JUNK - operator editing own site
C_squarespace_preview_operator,pageReferrer,apricots-crow-dwjh.squarespace.com,2025|11,page_view,226,94,0,0.0,3642,37,7,6.205,0.0,JUNK - operator editing own site
C_squarespace_preview_operator,pageReferrer,apricots-crow-dwjh.squarespace.com,2025|11,schedule_appointment,1,1,0,0.0,3642,37,7,0.027,0.0,JUNK - operator editing own site
C_squarespace_preview_operator,pageReferrer,apricots-crow-dwjh.squarespace.com,2025|11,scroll,41,23,0,0.0,3642,37,7,1.126,0.0,JUNK - operator editing own site
C_squarespace_preview_operator,pageReferrer,apricots-crow-dwjh.squarespace.com,2025|11,session_start,48,48,0,0.0,3642,37,7,1.318,0.0,JUNK - operator editing own site
C_squarespace_preview_operator,pageReferrer,apricots-crow-dwjh.squarespace.com,2025|11,user_engagement,48,30,0,0.0,3642,37,7,1.318,0.0,JUNK - operator editing own site
C_squarespace_preview_operator,pageReferrer,apricots-crow-dwjh.squarespace.com,2025|11,why_pnh,14,8,0,0.0,3642,37,7,0.384,0.0,JUNK - operator editing own site
C_squarespace_preview_operator,sessionSourceMedium,apricots-crow-dwjh.squarespace.com / referral,2025|11,click,1,1,0,0.0,3642,37,7,0.027,0.0,JUNK - operator editing own site
C_squarespace_preview_operator,sessionSourceMedium,apricots-crow-dwjh.squarespace.com / referral,2025|11,generate_lead,3,2,3,0.0,3642,37,7,0.082,8.108,JUNK - operator editing own site
C_squarespace_preview_operator,sessionSourceMedium,apricots-crow-dwjh.squarespace.com / referral,2025|11,meet_dr__haley,3,2,0,0.0,3642,37,7,0.082,0.0,JUNK - operator editing own site
C_squarespace_preview_operator,sessionSourceMedium,apricots-crow-dwjh.squarespace.com / referral,2025|11,meet_dr__jacob,4,2,0,0.0,3642,37,7,0.11,0.0,JUNK - operator editing own site
C_squarespace_preview_operator,sessionSourceMedium,apricots-crow-dwjh.squarespace.com / referral,2025|11,page_view,92,13,0,0.0,3642,37,7,2.526,0.0,JUNK - operator editing own site
C_squarespace_preview_operator,sessionSourceMedium,apricots-crow-dwjh.squarespace.com / referral,2025|11,schedule_appointment,10,9,0,0.0,3642,37,7,0.275,0.0,JUNK - operator editing own site
C_squarespace_preview_operator,sessionSourceMedium,apricots-crow-dwjh.squarespace.com / referral,2025|11,scroll,22,7,0,0.0,3642,37,7,0.604,0.0,JUNK - operator editing own site
C_squarespace_preview_operator,sessionSourceMedium,apricots-crow-dwjh.squarespace.com / referral,2025|11,session_start,16,16,0,0.0,3642,37,7,0.439,0.0,JUNK - operator editing own site
C_squarespace_preview_operator,sessionSourceMedium,apricots-crow-dwjh.squarespace.com / referral,2025|11,user_engagement,84,13,0,0.0,3642,37,7,2.306,0.0,JUNK - operator editing own site
C_squarespace_preview_operator,sessionSourceMedium,apricots-crow-dwjh.squarespace.com / referral,2025|11,why_pnh,5,2,0,0.0,3642,37,7,0.137,0.0,JUNK - operator editing own site
C_squarespace_preview_operator,pageReferrer,apricots-crow-dwjh.squarespace.com,2025|12,meet_dr__jacob,2,2,0,0.0,1983,15,1,0.101,0.0,JUNK - operator editing own site
C_squarespace_preview_operator,pageReferrer,apricots-crow-dwjh.squarespace.com,2025|12,page_view,11,10,0,0.0,1983,15,1,0.555,0.0,JUNK - operator editing own site
C_squarespace_preview_operator,pageReferrer,apricots-crow-dwjh.squarespace.com,2025|12,scroll,3,3,0,0.0,1983,15,1,0.151,0.0,JUNK - operator editing own site
C_squarespace_preview_operator,pageReferrer,apricots-crow-dwjh.squarespace.com,2025|12,session_start,6,6,0,0.0,1983,15,1,0.303,0.0,JUNK - operator editing own site
C_squarespace_preview_operator,pageReferrer,apricots-crow-dwjh.squarespace.com,2025|12,user_engagement,1,1,0,0.0,1983,15,1,0.05,0.0,JUNK - operator editing own site
C_squarespace_preview_operator,sessionSourceMedium,apricots-crow-dwjh.squarespace.com / referral,2025|12,page_view,8,4,0,0.0,1983,15,1,0.403,0.0,JUNK - operator editing own site
C_squarespace_preview_operator,sessionSourceMedium,apricots-crow-dwjh.squarespace.com / referral,2025|12,schedule_appointment,2,1,0,0.0,1983,15,1,0.101,0.0,JUNK - operator editing own site
C_squarespace_preview_operator,sessionSourceMedium,apricots-crow-dwjh.squarespace.com / referral,2025|12,scroll,1,1,0,0.0,1983,15,1,0.05,0.0,JUNK - operator editing own site
C_squarespace_preview_operator,sessionSourceMedium,apricots-crow-dwjh.squarespace.com / referral,2025|12,session_start,8,8,0,0.0,1983,15,1,0.403,0.0,JUNK - operator editing own site
C_squarespace_preview_operator,sessionSourceMedium,apricots-crow-dwjh.squarespace.com / referral,2025|12,user_engagement,6,5,0,0.0,1983,15,1,0.303,0.0,JUNK - operator editing own site
C_squarespace_preview_operator,pageReferrer,apricots-crow-dwjh.squarespace.com,2026|01,first_visit,1,1,0,0.0,3057,37,2,0.033,0.0,JUNK - operator editing own site
C_squarespace_preview_operator,pageReferrer,apricots-crow-dwjh.squarespace.com,2026|01,page_view,4,3,0,0.0,3057,37,2,0.131,0.0,JUNK - operator editing own site
C_squarespace_preview_operator,pageReferrer,apricots-crow-dwjh.squarespace.com,2026|01,session_start,3,3,0,0.0,3057,37,2,0.098,0.0,JUNK - operator editing own site
C_squarespace_preview_operator,pageReferrer,apricots-crow-dwjh.squarespace.com,2026|02,generate_lead,2,2,2,0.0,2795,34,1,0.072,5.882,JUNK - operator editing own site
C_squarespace_preview_operator,pageReferrer,apricots-crow-dwjh.squarespace.com,2026|02,meet_dr__jacob,2,2,0,0.0,2795,34,1,0.072,0.0,JUNK - operator editing own site
C_squarespace_preview_operator,pageReferrer,apricots-crow-dwjh.squarespace.com,2026|02,page_view,7,6,0,0.0,2795,34,1,0.25,0.0,JUNK - operator editing own site
C_squarespace_preview_operator,pageReferrer,apricots-crow-dwjh.squarespace.com,2026|02,scroll,4,3,0,0.0,2795,34,1,0.143,0.0,JUNK - operator editing own site
C_squarespace_preview_operator,pageReferrer,apricots-crow-dwjh.squarespace.com,2026|02,session_start,2,2,0,0.0,2795,34,1,0.072,0.0,JUNK - operator editing own site
C_squarespace_preview_operator,pageReferrer,apricots-crow-dwjh.squarespace.com,2026|02,user_engagement,1,1,0,0.0,2795,34,1,0.036,0.0,JUNK - operator editing own site
C_squarespace_preview_operator,pageReferrer,apricots-crow-dwjh.squarespace.com,2026|03,page_view,1,1,0,0.0,3337,31,6,0.03,0.0,JUNK - operator editing own site
C_squarespace_preview_operator,pageReferrer,apricots-crow-dwjh.squarespace.com,2026|03,session_start,1,1,0,0.0,3337,31,6,0.03,0.0,JUNK - operator editing own site
C_squarespace_preview_operator,pageReferrer,apricots-crow-dwjh.squarespace.com,2026|04,page_view,63,30,0,0.0,3458,88,54,1.822,0.0,JUNK - operator editing own site
C_squarespace_preview_operator,pageReferrer,apricots-crow-dwjh.squarespace.com,2026|04,scroll,12,9,0,0.0,3458,88,54,0.347,0.0,JUNK - operator editing own site
C_squarespace_preview_operator,pageReferrer,apricots-crow-dwjh.squarespace.com,2026|04,session_start,13,13,0,0.0,3458,88,54,0.376,0.0,JUNK - operator editing own site
C_squarespace_preview_operator,pageReferrer,apricots-crow-dwjh.squarespace.com,2026|04,user_engagement,4,4,0,0.0,3458,88,54,0.116,0.0,JUNK - operator editing own site
C_squarespace_preview_operator,pageReferrer,apricots-crow-dwjh.squarespace.com,2026|05,click,1,1,0,0.0,4782,75,25,0.021,0.0,JUNK - operator editing own site
C_squarespace_preview_operator,pageReferrer,apricots-crow-dwjh.squarespace.com,2026|05,generate_lead,1,1,1,0.0,4782,75,25,0.021,1.333,JUNK - operator editing own site
C_squarespace_preview_operator,pageReferrer,apricots-crow-dwjh.squarespace.com,2026|05,meet_dr__haley,22,11,0,0.0,4782,75,25,0.46,0.0,JUNK - operator editing own site
C_squarespace_preview_operator,pageReferrer,apricots-crow-dwjh.squarespace.com,2026|05,meet_dr__jacob,26,9,0,0.0,4782,75,25,0.544,0.0,JUNK - operator editing own site
C_squarespace_preview_operator,pageReferrer,apricots-crow-dwjh.squarespace.com,2026|05,page_view,271,107,0,0.0,4782,75,25,5.667,0.0,JUNK - operator editing own site
C_squarespace_preview_operator,pageReferrer,apricots-crow-dwjh.squarespace.com,2026|05,schedule_appointment,8,7,0,0.0,4782,75,25,0.167,0.0,JUNK - operator editing own site
C_squarespace_preview_operator,pageReferrer,apricots-crow-dwjh.squarespace.com,2026|05,scroll,73,30,0,0.0,4782,75,25,1.527,0.0,JUNK - operator editing own site
C_squarespace_preview_operator,pageReferrer,apricots-crow-dwjh.squarespace.com,2026|05,session_start,28,28,0,0.0,4782,75,25,0.586,0.0,JUNK - operator editing own site
C_squarespace_preview_operator,pageReferrer,apricots-crow-dwjh.squarespace.com,2026|05,user_engagement,53,26,0,0.0,4782,75,25,1.108,0.0,JUNK - operator editing own site
C_squarespace_preview_operator,pageReferrer,apricots-crow-dwjh.squarespace.com,2026|05,why_pnh,10,6,0,0.0,4782,75,25,0.209,0.0,JUNK - operator editing own site
C_squarespace_preview_operator,pageReferrer,apricots-crow-dwjh.squarespace.com,2026|06,file_download,3,3,0,0.0,4587,212,44,0.065,0.0,JUNK - operator editing own site
C_squarespace_preview_operator,pageReferrer,apricots-crow-dwjh.squarespace.com,2026|06,first_visit,2,2,0,0.0,4587,212,44,0.044,0.0,JUNK - operator editing own site
C_squarespace_preview_operator,pageReferrer,apricots-crow-dwjh.squarespace.com,2026|06,form_start,6,4,0,0.0,4587,212,44,0.131,0.0,JUNK - operator editing own site
C_squarespace_preview_operator,pageReferrer,apricots-crow-dwjh.squarespace.com,2026|06,generate_lead,12,8,12,0.0,4587,212,44,0.262,5.66,JUNK - operator editing own site
C_squarespace_preview_operator,pageReferrer,apricots-crow-dwjh.squarespace.com,2026|06,meet_dr__haley,8,6,0,0.0,4587,212,44,0.174,0.0,JUNK - operator editing own site
C_squarespace_preview_operator,pageReferrer,apricots-crow-dwjh.squarespace.com,2026|06,meet_dr__jacob,15,14,0,0.0,4587,212,44,0.327,0.0,JUNK - operator editing own site
C_squarespace_preview_operator,pageReferrer,apricots-crow-dwjh.squarespace.com,2026|06,page_view,401,173,0,0.0,4587,212,44,8.742,0.0,JUNK - operator editing own site
C_squarespace_preview_operator,pageReferrer,apricots-crow-dwjh.squarespace.com,2026|06,schedule_appointment,24,14,16,0.0,4587,212,44,0.523,7.547,JUNK - operator editing own site
C_squarespace_preview_operator,pageReferrer,apricots-crow-dwjh.squarespace.com,2026|06,scroll,133,58,0,0.0,4587,212,44,2.899,0.0,JUNK - operator editing own site
C_squarespace_preview_operator,pageReferrer,apricots-crow-dwjh.squarespace.com,2026|06,session_start,62,62,0,0.0,4587,212,44,1.352,0.0,JUNK - operator editing own site
C_squarespace_preview_operator,pageReferrer,apricots-crow-dwjh.squarespace.com,2026|06,user_engagement,104,54,0,0.0,4587,212,44,2.267,0.0,JUNK - operator editing own site
C_squarespace_preview_operator,pageReferrer,apricots-crow-dwjh.squarespace.com,2026|06,why_pnh,21,16,0,0.0,4587,212,44,0.458,0.0,JUNK - operator editing own site
C_squarespace_preview_operator,sessionSourceMedium,apricots-crow-dwjh.squarespace.com / referral,2026|06,page_view,7,2,0,0.0,4587,212,44,0.153,0.0,JUNK - operator editing own site
C_squarespace_preview_operator,sessionSourceMedium,apricots-crow-dwjh.squarespace.com / referral,2026|06,scroll,1,1,0,0.0,4587,212,44,0.022,0.0,JUNK - operator editing own site
C_squarespace_preview_operator,sessionSourceMedium,apricots-crow-dwjh.squarespace.com / referral,2026|06,session_start,3,3,0,0.0,4587,212,44,0.065,0.0,JUNK - operator editing own site
C_squarespace_preview_operator,sessionSourceMedium,apricots-crow-dwjh.squarespace.com / referral,2026|06,user_engagement,2,2,0,0.0,4587,212,44,0.044,0.0,JUNK - operator editing own site
C_squarespace_preview_operator,pageReferrer,apricots-crow-dwjh.squarespace.com,2026|07,click,3,3,0,0.0,6400,302,39,0.047,0.0,JUNK - operator editing own site
C_squarespace_preview_operator,pageReferrer,apricots-crow-dwjh.squarespace.com,2026|07,first_visit,1,1,0,0.0,6400,302,39,0.016,0.0,JUNK - operator editing own site
C_squarespace_preview_operator,pageReferrer,apricots-crow-dwjh.squarespace.com,2026|07,generate_lead,2,2,2,0.0,6400,302,39,0.031,0.662,JUNK - operator editing own site
C_squarespace_preview_operator,pageReferrer,apricots-crow-dwjh.squarespace.com,2026|07,page_view,56,43,0,0.0,6400,302,39,0.875,0.0,JUNK - operator editing own site
C_squarespace_preview_operator,pageReferrer,apricots-crow-dwjh.squarespace.com,2026|07,schedule_appointment,9,9,9,0.0,6400,302,39,0.141,2.98,JUNK - operator editing own site
C_squarespace_preview_operator,pageReferrer,apricots-crow-dwjh.squarespace.com,2026|07,scroll,7,7,0,0.0,6400,302,39,0.109,0.0,JUNK - operator editing own site
C_squarespace_preview_operator,pageReferrer,apricots-crow-dwjh.squarespace.com,2026|07,session_start,27,27,0,0.0,6400,302,39,0.422,0.0,JUNK - operator editing own site
C_squarespace_preview_operator,pageReferrer,apricots-crow-dwjh.squarespace.com,2026|07,user_engagement,17,16,0,0.0,6400,302,39,0.266,0.0,JUNK - operator editing own site
C_squarespace_preview_operator,pageReferrer,apricots-crow-dwjh.squarespace.com,2026|07,why_pnh,1,1,0,0.0,6400,302,39,0.016,0.0,JUNK - operator editing own site
C_squarespace_preview_operator,sessionSourceMedium,apricots-crow-dwjh.squarespace.com / referral,2026|07,first_visit,1,1,0,0.0,6400,302,39,0.016,0.0,JUNK - operator editing own site
C_squarespace_preview_operator,sessionSourceMedium,apricots-crow-dwjh.squarespace.com / referral,2026|07,page_view,10,3,0,0.0,6400,302,39,0.156,0.0,JUNK - operator editing own site
C_squarespace_preview_operator,sessionSourceMedium,apricots-crow-dwjh.squarespace.com / referral,2026|07,scroll,1,1,0,0.0,6400,302,39,0.016,0.0,JUNK - operator editing own site
C_squarespace_preview_operator,sessionSourceMedium,apricots-crow-dwjh.squarespace.com / referral,2026|07,session_start,3,3,0,0.0,6400,302,39,0.047,0.0,JUNK - operator editing own site
C_squarespace_preview_operator,sessionSourceMedium,apricots-crow-dwjh.squarespace.com / referral,2026|07,user_engagement,2,1,0,0.0,6400,302,39,0.031,0.0,JUNK - operator editing own site
C_squarespace_preview_operator,pageReferrer,apricots-crow-dwjh.squarespace.com,2026|08,meet_dr__haley,2,2,0,0.0,5315,247,30,0.038,0.0,JUNK - operator editing own site
C_squarespace_preview_operator,pageReferrer,apricots-crow-dwjh.squarespace.com,2026|08,meet_dr__jacob,2,2,0,0.0,5315,247,30,0.038,0.0,JUNK - operator editing own site
C_squarespace_preview_operator,pageReferrer,apricots-crow-dwjh.squarespace.com,2026|08,page_view,78,39,0,0.0,5315,247,30,1.468,0.0,JUNK - operator editing own site
C_squarespace_preview_operator,pageReferrer,apricots-crow-dwjh.squarespace.com,2026|08,schedule_appointment,8,4,8,0.0,5315,247,30,0.151,3.239,JUNK - operator editing own site
C_squarespace_preview_operator,pageReferrer,apricots-crow-dwjh.squarespace.com,2026|08,scroll,22,7,0,0.0,5315,247,30,0.414,0.0,JUNK - operator editing own site
C_squarespace_preview_operator,pageReferrer,apricots-crow-dwjh.squarespace.com,2026|08,session_start,13,13,0,0.0,5315,247,30,0.245,0.0,JUNK - operator editing own site
C_squarespace_preview_operator,pageReferrer,apricots-crow-dwjh.squarespace.com,2026|08,user_engagement,15,9,0,0.0,5315,247,30,0.282,0.0,JUNK - operator editing own site
C_squarespace_preview_operator,pageReferrer,apricots-crow-dwjh.squarespace.com,2026|09,page_view,5,5,0,0.0,863,39,6,0.579,0.0,JUNK - operator editing own site
C_squarespace_preview_operator,pageReferrer,apricots-crow-dwjh.squarespace.com,2026|09,scroll,1,1,0,0.0,863,39,6,0.116,0.0,JUNK - operator editing own site
C_squarespace_preview_operator,pageReferrer,apricots-crow-dwjh.squarespace.com,2026|09,session_start,2,2,0,0.0,863,39,6,0.232,0.0,JUNK - operator editing own site
D_operator_admin_tools,pageReferrer,us19.admin.mailchimp.com,2023|08,page_view,2,2,0,0.0,2503,0,0,0.08,,JUNK - operator admin consoles
D_operator_admin_tools,pageReferrer,us19.admin.mailchimp.com,2023|08,schedule_appointment,1,1,0,0.0,2503,0,0,0.04,,JUNK - operator admin consoles
D_operator_admin_tools,pageReferrer,us19.admin.mailchimp.com,2023|08,session_start,2,2,0,0.0,2503,0,0,0.08,,JUNK - operator admin consoles
D_operator_admin_tools,pageReferrer,us19.admin.mailchimp.com,2023|08,user_engagement,2,2,0,0.0,2503,0,0,0.08,,JUNK - operator admin consoles
D_operator_admin_tools,sessionSourceMedium,us19.admin.mailchimp.com / referral,2023|08,page_view,43,11,0,0.0,2503,0,0,1.718,,JUNK - operator admin consoles
D_operator_admin_tools,sessionSourceMedium,us19.admin.mailchimp.com / referral,2023|08,schedule_appointment,6,6,0,0.0,2503,0,0,0.24,,JUNK - operator admin consoles
D_operator_admin_tools,sessionSourceMedium,us19.admin.mailchimp.com / referral,2023|08,scroll,3,3,0,0.0,2503,0,0,0.12,,JUNK - operator admin consoles
D_operator_admin_tools,sessionSourceMedium,us19.admin.mailchimp.com / referral,2023|08,session_start,13,13,0,0.0,2503,0,0,0.519,,JUNK - operator admin consoles
D_operator_admin_tools,sessionSourceMedium,us19.admin.mailchimp.com / referral,2023|08,user_engagement,41,12,0,0.0,2503,0,0,1.638,,JUNK - operator admin consoles
D_operator_admin_tools,pageReferrer,us19.admin.mailchimp.com,2023|09,page_view,4,2,0,0.0,1997,0,0,0.2,,JUNK - operator admin consoles
D_operator_admin_tools,pageReferrer,us19.admin.mailchimp.com,2023|09,schedule_appointment,2,2,0,0.0,1997,0,0,0.1,,JUNK - operator admin consoles
D_operator_admin_tools,pageReferrer,us19.admin.mailchimp.com,2023|09,session_start,1,1,0,0.0,1997,0,0,0.05,,JUNK - operator admin consoles
D_operator_admin_tools,pageReferrer,us19.admin.mailchimp.com,2023|09,user_engagement,4,2,0,0.0,1997,0,0,0.2,,JUNK - operator admin consoles
D_operator_admin_tools,sessionSourceMedium,us19.admin.mailchimp.com / referral,2023|09,page_view,44,11,0,0.0,1997,0,0,2.203,,JUNK - operator admin consoles
D_operator_admin_tools,sessionSourceMedium,us19.admin.mailchimp.com / referral,2023|09,schedule_appointment,5,3,0,0.0,1997,0,0,0.25,,JUNK - operator admin consoles
D_operator_admin_tools,sessionSourceMedium,us19.admin.mailchimp.com / referral,2023|09,scroll,5,4,0,0.0,1997,0,0,0.25,,JUNK - operator admin consoles
D_operator_admin_tools,sessionSourceMedium,us19.admin.mailchimp.com / referral,2023|09,session_start,12,12,0,0.0,1997,0,0,0.601,,JUNK - operator admin consoles
D_operator_admin_tools,sessionSourceMedium,us19.admin.mailchimp.com / referral,2023|09,user_engagement,45,12,0,0.0,1997,0,0,2.253,,JUNK - operator admin consoles
D_operator_admin_tools,sessionSourceMedium,us19.admin.mailchimp.com / referral,2023|10,page_view,24,11,0,0.0,1732,0,0,1.386,,JUNK - operator admin consoles
D_operator_admin_tools,sessionSourceMedium,us19.admin.mailchimp.com / referral,2023|10,schedule_appointment,4,3,0,0.0,1732,0,0,0.231,,JUNK - operator admin consoles
D_operator_admin_tools,sessionSourceMedium,us19.admin.mailchimp.com / referral,2023|10,scroll,3,2,0,0.0,1732,0,0,0.173,,JUNK - operator admin consoles
D_operator_admin_tools,sessionSourceMedium,us19.admin.mailchimp.com / referral,2023|10,session_start,14,14,0,0.0,1732,0,0,0.808,,JUNK - operator admin consoles
D_operator_admin_tools,sessionSourceMedium,us19.admin.mailchimp.com / referral,2023|10,user_engagement,22,12,0,0.0,1732,0,0,1.27,,JUNK - operator admin consoles
D_operator_admin_tools,sessionSourceMedium,us19.admin.mailchimp.com / referral,2023|10,why_pnh,1,1,0,0.0,1732,0,0,0.058,,JUNK - operator admin consoles
D_operator_admin_tools,pageReferrer,us19.admin.mailchimp.com,2023|11,page_view,4,1,0,0.0,1483,0,0,0.27,,JUNK - operator admin consoles
D_operator_admin_tools,pageReferrer,us19.admin.mailchimp.com,2023|11,schedule_appointment,1,1,0,0.0,1483,0,0,0.067,,JUNK - operator admin consoles
D_operator_admin_tools,pageReferrer,us19.admin.mailchimp.com,2023|11,scroll,1,1,0,0.0,1483,0,0,0.067,,JUNK - operator admin consoles
D_operator_admin_tools,pageReferrer,us19.admin.mailchimp.com,2023|11,session_start,1,1,0,0.0,1483,0,0,0.067,,JUNK - operator admin consoles
D_operator_admin_tools,pageReferrer,us19.admin.mailchimp.com,2023|11,user_engagement,4,1,0,0.0,1483,0,0,0.27,,JUNK - operator admin consoles
D_operator_admin_tools,sessionSourceMedium,us19.admin.mailchimp.com / referral,2023|11,page_view,19,3,0,0.0,1483,0,0,1.281,,JUNK - operator admin consoles
D_operator_admin_tools,sessionSourceMedium,us19.admin.mailchimp.com / referral,2023|11,schedule_appointment,2,2,0,0.0,1483,0,0,0.135,,JUNK - operator admin consoles
D_operator_admin_tools,sessionSourceMedium,us19.admin.mailchimp.com / referral,2023|11,scroll,3,2,0,0.0,1483,0,0,0.202,,JUNK - operator admin consoles
D_operator_admin_tools,sessionSourceMedium,us19.admin.mailchimp.com / referral,2023|11,session_start,3,3,0,0.0,1483,0,0,0.202,,JUNK - operator admin consoles
D_operator_admin_tools,sessionSourceMedium,us19.admin.mailchimp.com / referral,2023|11,user_engagement,12,1,0,0.0,1483,0,0,0.809,,JUNK - operator admin consoles
D_operator_admin_tools,pageReferrer,secure.squarespace.com,2023|12,page_view,1,1,0,0.0,1586,3,3,0.063,0.0,JUNK - operator admin consoles
D_operator_admin_tools,pageReferrer,secure.squarespace.com,2023|12,purchase,1,1,1,0.0,1586,3,3,0.063,33.333,JUNK - operator admin consoles
D_operator_admin_tools,pageReferrer,secure.squarespace.com,2023|12,user_engagement,1,1,0,0.0,1586,3,3,0.063,0.0,JUNK - operator admin consoles
D_operator_admin_tools,pageReferrer,us19.admin.mailchimp.com,2023|12,page_view,8,2,0,0.0,1586,3,3,0.504,0.0,JUNK - operator admin consoles
D_operator_admin_tools,pageReferrer,us19.admin.mailchimp.com,2023|12,scroll,1,1,0,0.0,1586,3,3,0.063,0.0,JUNK - operator admin consoles
D_operator_admin_tools,pageReferrer,us19.admin.mailchimp.com,2023|12,user_engagement,8,2,0,0.0,1586,3,3,0.504,0.0,JUNK - operator admin consoles
D_operator_admin_tools,sessionSourceMedium,us19.admin.mailchimp.com / referral,2023|12,page_view,17,4,0,0.0,1586,3,3,1.072,0.0,JUNK - operator admin consoles
D_operator_admin_tools,sessionSourceMedium,us19.admin.mailchimp.com / referral,2023|12,schedule_appointment,1,1,0,0.0,1586,3,3,0.063,0.0,JUNK - operator admin consoles
D_operator_admin_tools,sessionSourceMedium,us19.admin.mailchimp.com / referral,2023|12,session_start,4,4,0,0.0,1586,3,3,0.252,0.0,JUNK - operator admin consoles
D_operator_admin_tools,sessionSourceMedium,us19.admin.mailchimp.com / referral,2023|12,user_engagement,17,4,0,0.0,1586,3,3,1.072,0.0,JUNK - operator admin consoles
D_operator_admin_tools,pageReferrer,bize.admin.yelp.com,2024|01,first_visit,2,2,0,0.0,2373,8,8,0.084,0.0,JUNK - operator admin consoles
D_operator_admin_tools,pageReferrer,bize.admin.yelp.com,2024|01,page_view,3,2,0,0.0,2373,8,8,0.126,0.0,JUNK - operator admin consoles
D_operator_admin_tools,pageReferrer,bize.admin.yelp.com,2024|01,scroll,2,1,0,0.0,2373,8,8,0.084,0.0,JUNK - operator admin consoles
D_operator_admin_tools,pageReferrer,bize.admin.yelp.com,2024|01,session_start,2,2,0,0.0,2373,8,8,0.084,0.0,JUNK - operator admin consoles
D_operator_admin_tools,pageReferrer,bize.admin.yelp.com,2024|01,user_engagement,3,2,0,0.0,2373,8,8,0.126,0.0,JUNK - operator admin consoles
D_operator_admin_tools,pageReferrer,us19.admin.mailchimp.com,2024|01,page_view,2,1,0,0.0,2373,8,8,0.084,0.0,JUNK - operator admin consoles
D_operator_admin_tools,pageReferrer,us19.admin.mailchimp.com,2024|01,schedule_appointment,1,1,0,0.0,2373,8,8,0.042,0.0,JUNK - operator admin consoles
D_operator_admin_tools,pageReferrer,us19.admin.mailchimp.com,2024|01,session_start,2,2,0,0.0,2373,8,8,0.084,0.0,JUNK - operator admin consoles
D_operator_admin_tools,pageReferrer,us19.admin.mailchimp.com,2024|01,user_engagement,2,2,0,0.0,2373,8,8,0.084,0.0,JUNK - operator admin consoles
D_operator_admin_tools,sessionSourceMedium,us19.admin.mailchimp.com / referral,2024|01,click,2,1,0,0.0,2373,8,8,0.084,0.0,JUNK - operator admin consoles
D_operator_admin_tools,sessionSourceMedium,us19.admin.mailchimp.com / referral,2024|01,page_view,45,9,0,0.0,2373,8,8,1.896,0.0,JUNK - operator admin consoles
D_operator_admin_tools,sessionSourceMedium,us19.admin.mailchimp.com / referral,2024|01,schedule_appointment,6,3,0,0.0,2373,8,8,0.253,0.0,JUNK - operator admin consoles
D_operator_admin_tools,sessionSourceMedium,us19.admin.mailchimp.com / referral,2024|01,session_start,12,12,0,0.0,2373,8,8,0.506,0.0,JUNK - operator admin consoles
D_operator_admin_tools,sessionSourceMedium,us19.admin.mailchimp.com / referral,2024|01,user_engagement,39,10,0,0.0,2373,8,8,1.643,0.0,JUNK - operator admin consoles
D_operator_admin_tools,pageReferrer,bize.admin.yelp.com,2024|03,first_visit,2,2,0,0.0,5590,24,24,0.036,0.0,JUNK - operator admin consoles
D_operator_admin_tools,pageReferrer,bize.admin.yelp.com,2024|03,page_view,4,2,0,0.0,5590,24,24,0.072,0.0,JUNK - operator admin consoles
D_operator_admin_tools,pageReferrer,bize.admin.yelp.com,2024|03,schedule_appointment,2,2,0,0.0,5590,24,24,0.036,0.0,JUNK - operator admin consoles
D_operator_admin_tools,pageReferrer,bize.admin.yelp.com,2024|03,scroll,1,1,0,0.0,5590,24,24,0.018,0.0,JUNK - operator admin consoles
D_operator_admin_tools,pageReferrer,bize.admin.yelp.com,2024|03,session_start,2,2,0,0.0,5590,24,24,0.036,0.0,JUNK - operator admin consoles
D_operator_admin_tools,pageReferrer,bize.admin.yelp.com,2024|03,user_engagement,4,2,0,0.0,5590,24,24,0.072,0.0,JUNK - operator admin consoles
D_operator_admin_tools,pageReferrer,us19.admin.mailchimp.com,2024|05,page_view,1,1,0,0.0,3113,17,17,0.032,0.0,JUNK - operator admin consoles
D_operator_admin_tools,pageReferrer,us19.admin.mailchimp.com,2024|05,session_start,1,1,0,0.0,3113,17,17,0.032,0.0,JUNK - operator admin consoles
D_operator_admin_tools,pageReferrer,us19.admin.mailchimp.com,2024|05,user_engagement,1,1,0,0.0,3113,17,17,0.032,0.0,JUNK - operator admin consoles
D_operator_admin_tools,sessionSourceMedium,us19.admin.mailchimp.com / referral,2024|05,page_view,33,15,0,0.0,3113,17,17,1.06,0.0,JUNK - operator admin consoles
D_operator_admin_tools,sessionSourceMedium,us19.admin.mailchimp.com / referral,2024|05,schedule_appointment,6,6,0,0.0,3113,17,17,0.193,0.0,JUNK - operator admin consoles
D_operator_admin_tools,sessionSourceMedium,us19.admin.mailchimp.com / referral,2024|05,scroll,1,1,0,0.0,3113,17,17,0.032,0.0,JUNK - operator admin consoles
D_operator_admin_tools,sessionSourceMedium,us19.admin.mailchimp.com / referral,2024|05,session_start,21,21,0,0.0,3113,17,17,0.675,0.0,JUNK - operator admin consoles
D_operator_admin_tools,sessionSourceMedium,us19.admin.mailchimp.com / referral,2024|05,user_engagement,31,20,0,0.0,3113,17,17,0.996,0.0,JUNK - operator admin consoles
D_operator_admin_tools,sessionSourceMedium,us19.admin.mailchimp.com / referral,2024|06,click,1,1,0,0.0,3795,21,21,0.026,0.0,JUNK - operator admin consoles
D_operator_admin_tools,sessionSourceMedium,us19.admin.mailchimp.com / referral,2024|06,page_view,42,21,0,0.0,3795,21,21,1.107,0.0,JUNK - operator admin consoles
D_operator_admin_tools,sessionSourceMedium,us19.admin.mailchimp.com / referral,2024|06,schedule_appointment,9,9,0,0.0,3795,21,21,0.237,0.0,JUNK - operator admin consoles
D_operator_admin_tools,sessionSourceMedium,us19.admin.mailchimp.com / referral,2024|06,scroll,4,4,0,0.0,3795,21,21,0.105,0.0,JUNK - operator admin consoles
D_operator_admin_tools,sessionSourceMedium,us19.admin.mailchimp.com / referral,2024|06,session_start,25,25,0,0.0,3795,21,21,0.659,0.0,JUNK - operator admin consoles
D_operator_admin_tools,sessionSourceMedium,us19.admin.mailchimp.com / referral,2024|06,user_engagement,38,22,0,0.0,3795,21,21,1.001,0.0,JUNK - operator admin consoles
D_operator_admin_tools,sessionSourceMedium,us19.admin.mailchimp.com / referral,2024|07,meet_dr__haley,2,2,0,0.0,2541,23,23,0.079,0.0,JUNK - operator admin consoles
D_operator_admin_tools,sessionSourceMedium,us19.admin.mailchimp.com / referral,2024|07,page_view,27,11,0,0.0,2541,23,23,1.063,0.0,JUNK - operator admin consoles
D_operator_admin_tools,sessionSourceMedium,us19.admin.mailchimp.com / referral,2024|07,schedule_appointment,4,4,0,0.0,2541,23,23,0.157,0.0,JUNK - operator admin consoles
D_operator_admin_tools,sessionSourceMedium,us19.admin.mailchimp.com / referral,2024|07,session_start,14,14,0,0.0,2541,23,23,0.551,0.0,JUNK - operator admin consoles
D_operator_admin_tools,sessionSourceMedium,us19.admin.mailchimp.com / referral,2024|07,user_engagement,25,13,0,0.0,2541,23,23,0.984,0.0,JUNK - operator admin consoles
D_operator_admin_tools,pageReferrer,us19.admin.mailchimp.com,2024|08,page_view,4,2,0,0.0,1939,10,10,0.206,0.0,JUNK - operator admin consoles
D_operator_admin_tools,pageReferrer,us19.admin.mailchimp.com,2024|08,schedule_appointment,1,1,0,0.0,1939,10,10,0.052,0.0,JUNK - operator admin consoles
D_operator_admin_tools,pageReferrer,us19.admin.mailchimp.com,2024|08,session_start,1,1,0,0.0,1939,10,10,0.052,0.0,JUNK - operator admin consoles
D_operator_admin_tools,pageReferrer,us19.admin.mailchimp.com,2024|08,user_engagement,4,2,0,0.0,1939,10,10,0.206,0.0,JUNK - operator admin consoles
D_operator_admin_tools,sessionSourceMedium,us19.admin.mailchimp.com / referral,2024|08,click,1,1,0,0.0,1939,10,10,0.052,0.0,JUNK - operator admin consoles
D_operator_admin_tools,sessionSourceMedium,us19.admin.mailchimp.com / referral,2024|08,page_view,28,10,0,0.0,1939,10,10,1.444,0.0,JUNK - operator admin consoles
D_operator_admin_tools,sessionSourceMedium,us19.admin.mailchimp.com / referral,2024|08,schedule_appointment,2,2,0,0.0,1939,10,10,0.103,0.0,JUNK - operator admin consoles
D_operator_admin_tools,sessionSourceMedium,us19.admin.mailchimp.com / referral,2024|08,session_start,13,13,0,0.0,1939,10,10,0.67,0.0,JUNK - operator admin consoles
D_operator_admin_tools,sessionSourceMedium,us19.admin.mailchimp.com / referral,2024|08,user_engagement,28,12,0,0.0,1939,10,10,1.444,0.0,JUNK - operator admin consoles
D_operator_admin_tools,sessionSourceMedium,us19.admin.mailchimp.com / referral,2024|08,video_progress,4,1,0,0.0,1939,10,10,0.206,0.0,JUNK - operator admin consoles
D_operator_admin_tools,sessionSourceMedium,us19.admin.mailchimp.com / referral,2024|08,video_start,1,1,0,0.0,1939,10,10,0.052,0.0,JUNK - operator admin consoles
D_operator_admin_tools,sessionSourceMedium,us19.admin.mailchimp.com / referral,2024|08,why_pnh,1,1,0,0.0,1939,10,10,0.052,0.0,JUNK - operator admin consoles
D_operator_admin_tools,sessionSourceMedium,us19.admin.mailchimp.com / referral,2024|09,meet_dr__haley,2,2,0,0.0,3690,15,15,0.054,0.0,JUNK - operator admin consoles
D_operator_admin_tools,sessionSourceMedium,us19.admin.mailchimp.com / referral,2024|09,page_view,58,19,0,0.0,3690,15,15,1.572,0.0,JUNK - operator admin consoles
D_operator_admin_tools,sessionSourceMedium,us19.admin.mailchimp.com / referral,2024|09,schedule_appointment,12,9,0,0.0,3690,15,15,0.325,0.0,JUNK - operator admin consoles
D_operator_admin_tools,sessionSourceMedium,us19.admin.mailchimp.com / referral,2024|09,scroll,3,3,0,0.0,3690,15,15,0.081,0.0,JUNK - operator admin consoles
D_operator_admin_tools,sessionSourceMedium,us19.admin.mailchimp.com / referral,2024|09,session_start,25,25,0,0.0,3690,15,15,0.678,0.0,JUNK - operator admin consoles
D_operator_admin_tools,sessionSourceMedium,us19.admin.mailchimp.com / referral,2024|09,user_engagement,54,24,0,0.0,3690,15,15,1.463,0.0,JUNK - operator admin consoles
D_operator_admin_tools,sessionSourceMedium,us19.admin.mailchimp.com / referral,2024|10,meet_dr__haley,2,1,0,0.0,3930,21,21,0.051,0.0,JUNK - operator admin consoles
D_operator_admin_tools,sessionSourceMedium,us19.admin.mailchimp.com / referral,2024|10,page_view,87,16,0,0.0,3930,21,21,2.214,0.0,JUNK - operator admin consoles
D_operator_admin_tools,sessionSourceMedium,us19.admin.mailchimp.com / referral,2024|10,schedule_appointment,3,3,0,0.0,3930,21,21,0.076,0.0,JUNK - operator admin consoles
D_operator_admin_tools,sessionSourceMedium,us19.admin.mailchimp.com / referral,2024|10,scroll,12,6,0,0.0,3930,21,21,0.305,0.0,JUNK - operator admin consoles
D_operator_admin_tools,sessionSourceMedium,us19.admin.mailchimp.com / referral,2024|10,session_start,19,19,0,0.0,3930,21,21,0.483,0.0,JUNK - operator admin consoles
D_operator_admin_tools,sessionSourceMedium,us19.admin.mailchimp.com / referral,2024|10,user_engagement,92,18,0,0.0,3930,21,21,2.341,0.0,JUNK - operator admin consoles
D_operator_admin_tools,sessionSourceMedium,us19.admin.mailchimp.com / referral,2024|10,why_pnh,5,3,0,0.0,3930,21,21,0.127,0.0,JUNK - operator admin consoles
D_operator_admin_tools,pageReferrer,us19.admin.mailchimp.com,2024|11,page_view,3,3,0,0.0,3781,15,12,0.079,0.0,JUNK - operator admin consoles
D_operator_admin_tools,pageReferrer,us19.admin.mailchimp.com,2024|11,schedule_appointment,3,3,0,0.0,3781,15,12,0.079,0.0,JUNK - operator admin consoles
D_operator_admin_tools,pageReferrer,us19.admin.mailchimp.com,2024|11,session_start,1,1,0,0.0,3781,15,12,0.026,0.0,JUNK - operator admin consoles
D_operator_admin_tools,pageReferrer,us19.admin.mailchimp.com,2024|11,user_engagement,3,1,0,0.0,3781,15,12,0.079,0.0,JUNK - operator admin consoles
D_operator_admin_tools,pageReferrer,www.deadlinkchecker.com,2024|11,click,6,1,0,0.0,3781,15,12,0.159,0.0,JUNK - operator admin consoles
D_operator_admin_tools,pageReferrer,www.deadlinkchecker.com,2024|11,meet_dr__jacob,1,1,0,0.0,3781,15,12,0.026,0.0,JUNK - operator admin consoles
D_operator_admin_tools,pageReferrer,www.deadlinkchecker.com,2024|11,page_view,17,1,0,0.0,3781,15,12,0.45,0.0,JUNK - operator admin consoles
D_operator_admin_tools,pageReferrer,www.deadlinkchecker.com,2024|11,scroll,3,1,0,0.0,3781,15,12,0.079,0.0,JUNK - operator admin consoles
D_operator_admin_tools,pageReferrer,www.deadlinkchecker.com,2024|11,session_start,1,1,0,0.0,3781,15,12,0.026,0.0,JUNK - operator admin consoles
D_operator_admin_tools,pageReferrer,www.deadlinkchecker.com,2024|11,user_engagement,7,1,0,0.0,3781,15,12,0.185,0.0,JUNK - operator admin consoles
D_operator_admin_tools,sessionSourceMedium,us19.admin.mailchimp.com / referral,2024|11,click,5,2,0,0.0,3781,15,12,0.132,0.0,JUNK - operator admin consoles
D_operator_admin_tools,sessionSourceMedium,us19.admin.mailchimp.com / referral,2024|11,meet_dr__haley,4,4,0,0.0,3781,15,12,0.106,0.0,JUNK - operator admin consoles
D_operator_admin_tools,sessionSourceMedium,us19.admin.mailchimp.com / referral,2024|11,meet_dr__jacob,3,1,0,0.0,3781,15,12,0.079,0.0,JUNK - operator admin consoles
D_operator_admin_tools,sessionSourceMedium,us19.admin.mailchimp.com / referral,2024|11,page_view,99,16,0,0.0,3781,15,12,2.618,0.0,JUNK - operator admin consoles
D_operator_admin_tools,sessionSourceMedium,us19.admin.mailchimp.com / referral,2024|11,schedule_appointment,7,5,0,0.0,3781,15,12,0.185,0.0,JUNK - operator admin consoles
D_operator_admin_tools,sessionSourceMedium,us19.admin.mailchimp.com / referral,2024|11,scroll,18,8,0,0.0,3781,15,12,0.476,0.0,JUNK - operator admin consoles
D_operator_admin_tools,sessionSourceMedium,us19.admin.mailchimp.com / referral,2024|11,session_start,18,18,0,0.0,3781,15,12,0.476,0.0,JUNK - operator admin consoles
D_operator_admin_tools,sessionSourceMedium,us19.admin.mailchimp.com / referral,2024|11,user_engagement,100,15,0,0.0,3781,15,12,2.645,0.0,JUNK - operator admin consoles
D_operator_admin_tools,sessionSourceMedium,us19.admin.mailchimp.com / referral,2024|11,why_pnh,5,5,0,0.0,3781,15,12,0.132,0.0,JUNK - operator admin consoles
D_operator_admin_tools,pageReferrer,us19.admin.mailchimp.com,2024|12,page_view,2,1,0,0.0,2448,25,2,0.082,0.0,JUNK - operator admin consoles
D_operator_admin_tools,pageReferrer,us19.admin.mailchimp.com,2024|12,user_engagement,2,1,0,0.0,2448,25,2,0.082,0.0,JUNK - operator admin consoles
D_operator_admin_tools,sessionSourceMedium,us19.admin.mailchimp.com / referral,2024|12,page_view,4,2,0,0.0,2448,25,2,0.163,0.0,JUNK - operator admin consoles
D_operator_admin_tools,sessionSourceMedium,us19.admin.mailchimp.com / referral,2024|12,scroll,1,1,0,0.0,2448,25,2,0.041,0.0,JUNK - operator admin consoles
D_operator_admin_tools,sessionSourceMedium,us19.admin.mailchimp.com / referral,2024|12,session_start,4,4,0,0.0,2448,25,2,0.163,0.0,JUNK - operator admin consoles
D_operator_admin_tools,sessionSourceMedium,us19.admin.mailchimp.com / referral,2024|12,user_engagement,4,3,0,0.0,2448,25,2,0.163,0.0,JUNK - operator admin consoles
D_operator_admin_tools,sessionSourceMedium,us19.admin.mailchimp.com / referral,2025|01,page_view,21,13,0,0.0,2895,19,2,0.725,0.0,JUNK - operator admin consoles
D_operator_admin_tools,sessionSourceMedium,us19.admin.mailchimp.com / referral,2025|01,schedule_appointment,7,6,0,0.0,2895,19,2,0.242,0.0,JUNK - operator admin consoles
D_operator_admin_tools,sessionSourceMedium,us19.admin.mailchimp.com / referral,2025|01,scroll,4,4,0,0.0,2895,19,2,0.138,0.0,JUNK - operator admin consoles
D_operator_admin_tools,sessionSourceMedium,us19.admin.mailchimp.com / referral,2025|01,session_start,17,17,0,0.0,2895,19,2,0.587,0.0,JUNK - operator admin consoles
D_operator_admin_tools,sessionSourceMedium,us19.admin.mailchimp.com / referral,2025|01,user_engagement,16,12,0,0.0,2895,19,2,0.553,0.0,JUNK - operator admin consoles
D_operator_admin_tools,pageReferrer,us19.admin.mailchimp.com,2025|02,page_view,6,1,0,0.0,2986,30,0,0.201,0.0,JUNK - operator admin consoles
D_operator_admin_tools,pageReferrer,us19.admin.mailchimp.com,2025|02,session_start,1,1,0,0.0,2986,30,0,0.033,0.0,JUNK - operator admin consoles
D_operator_admin_tools,pageReferrer,us19.admin.mailchimp.com,2025|02,user_engagement,4,1,0,0.0,2986,30,0,0.134,0.0,JUNK - operator admin consoles
D_operator_admin_tools,sessionSourceMedium,us19.admin.mailchimp.com / referral,2025|02,meet_dr__haley,3,3,0,0.0,2986,30,0,0.1,0.0,JUNK - operator admin consoles
D_operator_admin_tools,sessionSourceMedium,us19.admin.mailchimp.com / referral,2025|02,meet_dr__jacob,1,1,0,0.0,2986,30,0,0.033,0.0,JUNK - operator admin consoles
D_operator_admin_tools,sessionSourceMedium,us19.admin.mailchimp.com / referral,2025|02,page_view,55,13,0,0.0,2986,30,0,1.842,0.0,JUNK - operator admin consoles
D_operator_admin_tools,sessionSourceMedium,us19.admin.mailchimp.com / referral,2025|02,schedule_appointment,2,2,0,0.0,2986,30,0,0.067,0.0,JUNK - operator admin consoles
D_operator_admin_tools,sessionSourceMedium,us19.admin.mailchimp.com / referral,2025|02,scroll,10,5,0,0.0,2986,30,0,0.335,0.0,JUNK - operator admin consoles
D_operator_admin_tools,sessionSourceMedium,us19.admin.mailchimp.com / referral,2025|02,session_start,17,17,0,0.0,2986,30,0,0.569,0.0,JUNK - operator admin consoles
D_operator_admin_tools,sessionSourceMedium,us19.admin.mailchimp.com / referral,2025|02,user_engagement,48,16,0,0.0,2986,30,0,1.608,0.0,JUNK - operator admin consoles
D_operator_admin_tools,sessionSourceMedium,us19.admin.mailchimp.com / referral,2025|02,video_start,1,1,0,0.0,2986,30,0,0.033,0.0,JUNK - operator admin consoles
D_operator_admin_tools,sessionSourceMedium,us19.admin.mailchimp.com / referral,2025|02,why_pnh,2,2,0,0.0,2986,30,0,0.067,0.0,JUNK - operator admin consoles
D_operator_admin_tools,pageReferrer,us19.admin.mailchimp.com,2025|03,page_view,7,1,0,0.0,2970,23,1,0.236,0.0,JUNK - operator admin consoles
D_operator_admin_tools,pageReferrer,us19.admin.mailchimp.com,2025|03,schedule_appointment,1,1,0,0.0,2970,23,1,0.034,0.0,JUNK - operator admin consoles
D_operator_admin_tools,pageReferrer,us19.admin.mailchimp.com,2025|03,user_engagement,7,1,0,0.0,2970,23,1,0.236,0.0,JUNK - operator admin consoles
D_operator_admin_tools,sessionSourceMedium,us19.admin.mailchimp.com / referral,2025|03,meet_dr__jacob,1,1,0,0.0,2970,23,1,0.034,0.0,JUNK - operator admin consoles
D_operator_admin_tools,sessionSourceMedium,us19.admin.mailchimp.com / referral,2025|03,page_view,54,14,0,0.0,2970,23,1,1.818,0.0,JUNK - operator admin consoles
D_operator_admin_tools,sessionSourceMedium,us19.admin.mailchimp.com / referral,2025|03,schedule_appointment,6,5,0,0.0,2970,23,1,0.202,0.0,JUNK - operator admin consoles
D_operator_admin_tools,sessionSourceMedium,us19.admin.mailchimp.com / referral,2025|03,scroll,4,4,0,0.0,2970,23,1,0.135,0.0,JUNK - operator admin consoles
D_operator_admin_tools,sessionSourceMedium,us19.admin.mailchimp.com / referral,2025|03,session_start,15,15,0,0.0,2970,23,1,0.505,0.0,JUNK - operator admin consoles
D_operator_admin_tools,sessionSourceMedium,us19.admin.mailchimp.com / referral,2025|03,user_engagement,53,14,0,0.0,2970,23,1,1.785,0.0,JUNK - operator admin consoles
D_operator_admin_tools,sessionSourceMedium,us19.admin.mailchimp.com / referral,2025|03,why_pnh,2,2,0,0.0,2970,23,1,0.067,0.0,JUNK - operator admin consoles
D_operator_admin_tools,sessionSourceMedium,us19.admin.mailchimp.com / referral,2025|04,click,1,1,0,0.0,2693,21,3,0.037,0.0,JUNK - operator admin consoles
D_operator_admin_tools,sessionSourceMedium,us19.admin.mailchimp.com / referral,2025|04,page_view,42,13,0,0.0,2693,21,3,1.56,0.0,JUNK - operator admin consoles
D_operator_admin_tools,sessionSourceMedium,us19.admin.mailchimp.com / referral,2025|04,schedule_appointment,12,6,0,0.0,2693,21,3,0.446,0.0,JUNK - operator admin consoles
D_operator_admin_tools,sessionSourceMedium,us19.admin.mailchimp.com / referral,2025|04,scroll,11,7,0,0.0,2693,21,3,0.408,0.0,JUNK - operator admin consoles
D_operator_admin_tools,sessionSourceMedium,us19.admin.mailchimp.com / referral,2025|04,session_start,17,17,0,0.0,2693,21,3,0.631,0.0,JUNK - operator admin consoles
D_operator_admin_tools,sessionSourceMedium,us19.admin.mailchimp.com / referral,2025|04,user_engagement,41,17,0,0.0,2693,21,3,1.522,0.0,JUNK - operator admin consoles
D_operator_admin_tools,pageReferrer,bize.admin.yelp.com,2025|06,first_visit,1,1,0,0.0,4471,38,10,0.022,0.0,JUNK - operator admin consoles
D_operator_admin_tools,pageReferrer,bize.admin.yelp.com,2025|06,page_view,1,1,0,0.0,4471,38,10,0.022,0.0,JUNK - operator admin consoles
D_operator_admin_tools,pageReferrer,bize.admin.yelp.com,2025|06,session_start,1,1,0,0.0,4471,38,10,0.022,0.0,JUNK - operator admin consoles
D_operator_admin_tools,pageReferrer,bize.admin.yelp.com,2025|06,user_engagement,1,1,0,0.0,4471,38,10,0.022,0.0,JUNK - operator admin consoles
D_operator_admin_tools,pageReferrer,us19.admin.mailchimp.com,2025|06,page_view,23,1,0,0.0,4471,38,10,0.514,0.0,JUNK - operator admin consoles
D_operator_admin_tools,pageReferrer,us19.admin.mailchimp.com,2025|06,schedule_appointment,1,1,0,0.0,4471,38,10,0.022,0.0,JUNK - operator admin consoles
D_operator_admin_tools,pageReferrer,us19.admin.mailchimp.com,2025|06,user_engagement,8,1,0,0.0,4471,38,10,0.179,0.0,JUNK - operator admin consoles
D_operator_admin_tools,sessionSourceMedium,us19.admin.mailchimp.com / referral,2025|06,page_view,7,3,0,0.0,4471,38,10,0.157,0.0,JUNK - operator admin consoles
D_operator_admin_tools,sessionSourceMedium,us19.admin.mailchimp.com / referral,2025|06,scroll,1,1,0,0.0,4471,38,10,0.022,0.0,JUNK - operator admin consoles
D_operator_admin_tools,sessionSourceMedium,us19.admin.mailchimp.com / referral,2025|06,session_start,3,3,0,0.0,4471,38,10,0.067,0.0,JUNK - operator admin consoles
D_operator_admin_tools,sessionSourceMedium,us19.admin.mailchimp.com / referral,2025|06,user_engagement,6,3,0,0.0,4471,38,10,0.134,0.0,JUNK - operator admin consoles
D_operator_admin_tools,pageReferrer,bize.admin.yelp.com,2025|07,first_visit,1,1,0,0.0,14051,37,3,0.007,0.0,JUNK - operator admin consoles
D_operator_admin_tools,pageReferrer,bize.admin.yelp.com,2025|07,page_view,1,1,0,0.0,14051,37,3,0.007,0.0,JUNK - operator admin consoles
D_operator_admin_tools,pageReferrer,bize.admin.yelp.com,2025|07,session_start,1,1,0,0.0,14051,37,3,0.007,0.0,JUNK - operator admin consoles
D_operator_admin_tools,pageReferrer,bize.admin.yelp.com,2025|07,user_engagement,1,1,0,0.0,14051,37,3,0.007,0.0,JUNK - operator admin consoles
D_operator_admin_tools,pageReferrer,us19.admin.mailchimp.com,2025|12,page_view,1,1,0,0.0,1983,15,1,0.05,0.0,JUNK - operator admin consoles
D_operator_admin_tools,pageReferrer,us19.admin.mailchimp.com,2025|12,schedule_appointment,1,1,0,0.0,1983,15,1,0.05,0.0,JUNK - operator admin consoles
D_operator_admin_tools,pageReferrer,us19.admin.mailchimp.com,2025|12,user_engagement,1,1,0,0.0,1983,15,1,0.05,0.0,JUNK - operator admin consoles
D_operator_admin_tools,sessionSourceMedium,us19.admin.mailchimp.com / referral,2025|12,page_view,17,7,0,0.0,1983,15,1,0.857,0.0,JUNK - operator admin consoles
D_operator_admin_tools,sessionSourceMedium,us19.admin.mailchimp.com / referral,2025|12,schedule_appointment,7,6,0,0.0,1983,15,1,0.353,0.0,JUNK - operator admin consoles
D_operator_admin_tools,sessionSourceMedium,us19.admin.mailchimp.com / referral,2025|12,session_start,10,10,0,0.0,1983,15,1,0.504,0.0,JUNK - operator admin consoles
D_operator_admin_tools,sessionSourceMedium,us19.admin.mailchimp.com / referral,2025|12,user_engagement,12,7,0,0.0,1983,15,1,0.605,0.0,JUNK - operator admin consoles
D_operator_admin_tools,sessionSourceMedium,us19.admin.mailchimp.com / referral,2026|01,page_view,27,12,0,0.0,3057,37,2,0.883,0.0,JUNK - operator admin consoles
D_operator_admin_tools,sessionSourceMedium,us19.admin.mailchimp.com / referral,2026|01,schedule_appointment,10,9,0,0.0,3057,37,2,0.327,0.0,JUNK - operator admin consoles
D_operator_admin_tools,sessionSourceMedium,us19.admin.mailchimp.com / referral,2026|01,scroll,1,1,0,0.0,3057,37,2,0.033,0.0,JUNK - operator admin consoles
D_operator_admin_tools,sessionSourceMedium,us19.admin.mailchimp.com / referral,2026|01,session_start,16,16,0,0.0,3057,37,2,0.523,0.0,JUNK - operator admin consoles
D_operator_admin_tools,sessionSourceMedium,us19.admin.mailchimp.com / referral,2026|01,user_engagement,17,10,0,0.0,3057,37,2,0.556,0.0,JUNK - operator admin consoles
D_operator_admin_tools,sessionSourceMedium,us19.admin.mailchimp.com / referral,2026|02,page_view,18,9,0,0.0,2795,34,1,0.644,0.0,JUNK - operator admin consoles
D_operator_admin_tools,sessionSourceMedium,us19.admin.mailchimp.com / referral,2026|02,schedule_appointment,5,4,0,0.0,2795,34,1,0.179,0.0,JUNK - operator admin consoles
D_operator_admin_tools,sessionSourceMedium,us19.admin.mailchimp.com / referral,2026|02,scroll,1,1,0,0.0,2795,34,1,0.036,0.0,JUNK - operator admin consoles
D_operator_admin_tools,sessionSourceMedium,us19.admin.mailchimp.com / referral,2026|02,session_start,10,10,0,0.0,2795,34,1,0.358,0.0,JUNK - operator admin consoles
D_operator_admin_tools,sessionSourceMedium,us19.admin.mailchimp.com / referral,2026|02,user_engagement,14,8,0,0.0,2795,34,1,0.501,0.0,JUNK - operator admin consoles
D_operator_admin_tools,sessionSourceMedium,us19.admin.mailchimp.com / referral,2026|03,page_view,6,2,0,0.0,3337,31,6,0.18,0.0,JUNK - operator admin consoles
D_operator_admin_tools,sessionSourceMedium,us19.admin.mailchimp.com / referral,2026|03,scroll,1,1,0,0.0,3337,31,6,0.03,0.0,JUNK - operator admin consoles
D_operator_admin_tools,sessionSourceMedium,us19.admin.mailchimp.com / referral,2026|03,session_start,3,3,0,0.0,3337,31,6,0.09,0.0,JUNK - operator admin consoles
D_operator_admin_tools,sessionSourceMedium,us19.admin.mailchimp.com / referral,2026|03,user_engagement,5,3,0,0.0,3337,31,6,0.15,0.0,JUNK - operator admin consoles
D_operator_admin_tools,pageReferrer,app.neilpatel.com,2026|08,first_visit,1,1,0,0.0,5315,247,30,0.019,0.0,JUNK - operator admin consoles
D_operator_admin_tools,pageReferrer,app.neilpatel.com,2026|08,page_view,1,1,0,0.0,5315,247,30,0.019,0.0,JUNK - operator admin consoles
D_operator_admin_tools,pageReferrer,app.neilpatel.com,2026|08,scroll,1,1,0,0.0,5315,247,30,0.019,0.0,JUNK - operator admin consoles
D_operator_admin_tools,pageReferrer,app.neilpatel.com,2026|08,session_start,1,1,0,0.0,5315,247,30,0.019,0.0,JUNK - operator admin consoles
D_operator_admin_tools,pageReferrer,app.neilpatel.com,2026|08,user_engagement,1,1,0,0.0,5315,247,30,0.019,0.0,JUNK - operator admin consoles
D_operator_admin_tools,pageReferrer,account.squarespace.com,2026|09,first_visit,1,1,0,0.0,863,39,6,0.116,0.0,JUNK - operator admin consoles
D_operator_admin_tools,pageReferrer,account.squarespace.com,2026|09,page_view,1,1,0,0.0,863,39,6,0.116,0.0,JUNK - operator admin consoles
D_operator_admin_tools,pageReferrer,account.squarespace.com,2026|09,session_start,1,1,0,0.0,863,39,6,0.116,0.0,JUNK - operator admin consoles
D_operator_admin_tools,sessionSourceMedium,account.squarespace.com / referral,2026|09,first_visit,1,1,0,0.0,863,39,6,0.116,0.0,JUNK - operator admin consoles
D_operator_admin_tools,sessionSourceMedium,account.squarespace.com / referral,2026|09,page_view,1,1,0,0.0,863,39,6,0.116,0.0,JUNK - operator admin consoles
D_operator_admin_tools,sessionSourceMedium,account.squarespace.com / referral,2026|09,session_start,1,1,0,0.0,863,39,6,0.116,0.0,JUNK - operator admin consoles
E_internal_ehr_patient_portal,pageReferrer,phr2.charmtracker.com,2023|03,first_visit,1,1,0,0.0,4868,0,0,0.021,,NOT-PROSPECT - existing patients via portal
E_internal_ehr_patient_portal,pageReferrer,phr2.charmtracker.com,2023|03,page_view,3,3,0,0.0,4868,0,0,0.062,,NOT-PROSPECT - existing patients via portal
E_internal_ehr_patient_portal,pageReferrer,phr2.charmtracker.com,2023|03,scroll,1,1,0,0.0,4868,0,0,0.021,,NOT-PROSPECT - existing patients via portal
E_internal_ehr_patient_portal,pageReferrer,phr2.charmtracker.com,2023|03,session_start,3,3,0,0.0,4868,0,0,0.062,,NOT-PROSPECT - existing patients via portal
E_internal_ehr_patient_portal,sessionSourceMedium,phr2.charmtracker.com / referral,2023|03,first_visit,1,1,0,0.0,4868,0,0,0.021,,NOT-PROSPECT - existing patients via portal
E_internal_ehr_patient_portal,sessionSourceMedium,phr2.charmtracker.com / referral,2023|03,page_view,3,3,0,0.0,4868,0,0,0.062,,NOT-PROSPECT - existing patients via portal
E_internal_ehr_patient_portal,sessionSourceMedium,phr2.charmtracker.com / referral,2023|03,scroll,1,1,0,0.0,4868,0,0,0.021,,NOT-PROSPECT - existing patients via portal
E_internal_ehr_patient_portal,sessionSourceMedium,phr2.charmtracker.com / referral,2023|03,session_start,3,3,0,0.0,4868,0,0,0.062,,NOT-PROSPECT - existing patients via portal
E_internal_ehr_patient_portal,pageReferrer,phr2.charmtracker.com,2023|07,page_view,1,1,0,0.0,3369,0,0,0.03,,NOT-PROSPECT - existing patients via portal
E_internal_ehr_patient_portal,pageReferrer,phr2.charmtracker.com,2023|07,schedule_appointment,1,1,0,0.0,3369,0,0,0.03,,NOT-PROSPECT - existing patients via portal
E_internal_ehr_patient_portal,pageReferrer,phr2.charmtracker.com,2023|07,scroll,1,1,0,0.0,3369,0,0,0.03,,NOT-PROSPECT - existing patients via portal
E_internal_ehr_patient_portal,pageReferrer,phr2.charmtracker.com,2023|07,session_start,1,1,0,0.0,3369,0,0,0.03,,NOT-PROSPECT - existing patients via portal
E_internal_ehr_patient_portal,sessionSourceMedium,phr2.charmtracker.com / referral,2023|07,page_view,1,1,0,0.0,3369,0,0,0.03,,NOT-PROSPECT - existing patients via portal
E_internal_ehr_patient_portal,sessionSourceMedium,phr2.charmtracker.com / referral,2023|07,schedule_appointment,1,1,0,0.0,3369,0,0,0.03,,NOT-PROSPECT - existing patients via portal
E_internal_ehr_patient_portal,sessionSourceMedium,phr2.charmtracker.com / referral,2023|07,scroll,1,1,0,0.0,3369,0,0,0.03,,NOT-PROSPECT - existing patients via portal
E_internal_ehr_patient_portal,sessionSourceMedium,phr2.charmtracker.com / referral,2023|07,session_start,1,1,0,0.0,3369,0,0,0.03,,NOT-PROSPECT - existing patients via portal
E_internal_ehr_patient_portal,pageReferrer,phr2.charmtracker.com,2023|09,first_visit,1,1,0,0.0,1997,0,0,0.05,,NOT-PROSPECT - existing patients via portal
E_internal_ehr_patient_portal,pageReferrer,phr2.charmtracker.com,2023|09,page_view,2,2,0,0.0,1997,0,0,0.1,,NOT-PROSPECT - existing patients via portal
E_internal_ehr_patient_portal,pageReferrer,phr2.charmtracker.com,2023|09,schedule_appointment,2,2,0,0.0,1997,0,0,0.1,,NOT-PROSPECT - existing patients via portal
E_internal_ehr_patient_portal,pageReferrer,phr2.charmtracker.com,2023|09,scroll,1,1,0,0.0,1997,0,0,0.05,,NOT-PROSPECT - existing patients via portal
E_internal_ehr_patient_portal,pageReferrer,phr2.charmtracker.com,2023|09,session_start,2,2,0,0.0,1997,0,0,0.1,,NOT-PROSPECT - existing patients via portal
E_internal_ehr_patient_portal,pageReferrer,phr2.charmtracker.com,2023|09,user_engagement,1,1,0,0.0,1997,0,0,0.05,,NOT-PROSPECT - existing patients via portal
E_internal_ehr_patient_portal,sessionSourceMedium,phr2.charmtracker.com / referral,2023|09,first_visit,1,1,0,0.0,1997,0,0,0.05,,NOT-PROSPECT - existing patients via portal
E_internal_ehr_patient_portal,sessionSourceMedium,phr2.charmtracker.com / referral,2023|09,page_view,4,2,0,0.0,1997,0,0,0.2,,NOT-PROSPECT - existing patients via portal
E_internal_ehr_patient_portal,sessionSourceMedium,phr2.charmtracker.com / referral,2023|09,schedule_appointment,4,2,0,0.0,1997,0,0,0.2,,NOT-PROSPECT - existing patients via portal
E_internal_ehr_patient_portal,sessionSourceMedium,phr2.charmtracker.com / referral,2023|09,scroll,3,2,0,0.0,1997,0,0,0.15,,NOT-PROSPECT - existing patients via portal
E_internal_ehr_patient_portal,sessionSourceMedium,phr2.charmtracker.com / referral,2023|09,session_start,2,2,0,0.0,1997,0,0,0.1,,NOT-PROSPECT - existing patients via portal
E_internal_ehr_patient_portal,sessionSourceMedium,phr2.charmtracker.com / referral,2023|09,user_engagement,1,1,0,0.0,1997,0,0,0.05,,NOT-PROSPECT - existing patients via portal
E_internal_ehr_patient_portal,pageReferrer,phr2.charmtracker.com,2023|11,first_visit,1,1,0,0.0,1483,0,0,0.067,,NOT-PROSPECT - existing patients via portal
E_internal_ehr_patient_portal,pageReferrer,phr2.charmtracker.com,2023|11,page_view,1,1,0,0.0,1483,0,0,0.067,,NOT-PROSPECT - existing patients via portal
E_internal_ehr_patient_portal,pageReferrer,phr2.charmtracker.com,2023|11,scroll,1,1,0,0.0,1483,0,0,0.067,,NOT-PROSPECT - existing patients via portal
E_internal_ehr_patient_portal,pageReferrer,phr2.charmtracker.com,2023|11,session_start,2,2,0,0.0,1483,0,0,0.135,,NOT-PROSPECT - existing patients via portal
E_internal_ehr_patient_portal,pageReferrer,phr2.charmtracker.com,2023|11,user_engagement,1,1,0,0.0,1483,0,0,0.067,,NOT-PROSPECT - existing patients via portal
E_internal_ehr_patient_portal,sessionSourceMedium,phr2.charmtracker.com / referral,2023|11,first_visit,1,1,0,0.0,1483,0,0,0.067,,NOT-PROSPECT - existing patients via portal
E_internal_ehr_patient_portal,sessionSourceMedium,phr2.charmtracker.com / referral,2023|11,page_view,3,3,0,0.0,1483,0,0,0.202,,NOT-PROSPECT - existing patients via portal
E_internal_ehr_patient_portal,sessionSourceMedium,phr2.charmtracker.com / referral,2023|11,scroll,1,1,0,0.0,1483,0,0,0.067,,NOT-PROSPECT - existing patients via portal
E_internal_ehr_patient_portal,sessionSourceMedium,phr2.charmtracker.com / referral,2023|11,session_start,3,3,0,0.0,1483,0,0,0.202,,NOT-PROSPECT - existing patients via portal
E_internal_ehr_patient_portal,sessionSourceMedium,phr2.charmtracker.com / referral,2023|11,user_engagement,1,1,0,0.0,1483,0,0,0.067,,NOT-PROSPECT - existing patients via portal
E_internal_ehr_patient_portal,pageReferrer,phr2.charmtracker.com,2023|12,first_visit,1,1,0,0.0,1586,3,3,0.063,0.0,NOT-PROSPECT - existing patients via portal
E_internal_ehr_patient_portal,pageReferrer,phr2.charmtracker.com,2023|12,page_view,3,3,0,0.0,1586,3,3,0.189,0.0,NOT-PROSPECT - existing patients via portal
E_internal_ehr_patient_portal,pageReferrer,phr2.charmtracker.com,2023|12,schedule_appointment,2,2,0,0.0,1586,3,3,0.126,0.0,NOT-PROSPECT - existing patients via portal
E_internal_ehr_patient_portal,pageReferrer,phr2.charmtracker.com,2023|12,scroll,1,1,0,0.0,1586,3,3,0.063,0.0,NOT-PROSPECT - existing patients via portal
E_internal_ehr_patient_portal,pageReferrer,phr2.charmtracker.com,2023|12,session_start,3,3,0,0.0,1586,3,3,0.189,0.0,NOT-PROSPECT - existing patients via portal
E_internal_ehr_patient_portal,sessionSourceMedium,phr2.charmtracker.com / referral,2023|12,first_visit,1,1,0,0.0,1586,3,3,0.063,0.0,NOT-PROSPECT - existing patients via portal
E_internal_ehr_patient_portal,sessionSourceMedium,phr2.charmtracker.com / referral,2023|12,page_view,3,3,0,0.0,1586,3,3,0.189,0.0,NOT-PROSPECT - existing patients via portal
E_internal_ehr_patient_portal,sessionSourceMedium,phr2.charmtracker.com / referral,2023|12,schedule_appointment,2,2,0,0.0,1586,3,3,0.126,0.0,NOT-PROSPECT - existing patients via portal
E_internal_ehr_patient_portal,sessionSourceMedium,phr2.charmtracker.com / referral,2023|12,scroll,1,1,0,0.0,1586,3,3,0.063,0.0,NOT-PROSPECT - existing patients via portal
E_internal_ehr_patient_portal,sessionSourceMedium,phr2.charmtracker.com / referral,2023|12,session_start,3,3,0,0.0,1586,3,3,0.189,0.0,NOT-PROSPECT - existing patients via portal
E_internal_ehr_patient_portal,pageReferrer,phr2.charmtracker.com,2024|01,page_view,2,2,0,0.0,2373,8,8,0.084,0.0,NOT-PROSPECT - existing patients via portal
E_internal_ehr_patient_portal,pageReferrer,phr2.charmtracker.com,2024|01,schedule_appointment,2,2,0,0.0,2373,8,8,0.084,0.0,NOT-PROSPECT - existing patients via portal
E_internal_ehr_patient_portal,pageReferrer,phr2.charmtracker.com,2024|01,scroll,2,2,0,0.0,2373,8,8,0.084,0.0,NOT-PROSPECT - existing patients via portal
E_internal_ehr_patient_portal,pageReferrer,phr2.charmtracker.com,2024|01,session_start,1,1,0,0.0,2373,8,8,0.042,0.0,NOT-PROSPECT - existing patients via portal
E_internal_ehr_patient_portal,pageReferrer,phr2.charmtracker.com,2024|01,user_engagement,2,2,0,0.0,2373,8,8,0.084,0.0,NOT-PROSPECT - existing patients via portal
E_internal_ehr_patient_portal,sessionSourceMedium,phr2.charmtracker.com / referral,2024|01,click,1,1,0,0.0,2373,8,8,0.042,0.0,NOT-PROSPECT - existing patients via portal
E_internal_ehr_patient_portal,sessionSourceMedium,phr2.charmtracker.com / referral,2024|01,page_view,3,1,0,0.0,2373,8,8,0.126,0.0,NOT-PROSPECT - existing patients via portal
E_internal_ehr_patient_portal,sessionSourceMedium,phr2.charmtracker.com / referral,2024|01,schedule_appointment,1,1,0,0.0,2373,8,8,0.042,0.0,NOT-PROSPECT - existing patients via portal
E_internal_ehr_patient_portal,sessionSourceMedium,phr2.charmtracker.com / referral,2024|01,scroll,1,1,0,0.0,2373,8,8,0.042,0.0,NOT-PROSPECT - existing patients via portal
E_internal_ehr_patient_portal,sessionSourceMedium,phr2.charmtracker.com / referral,2024|01,session_start,1,1,0,0.0,2373,8,8,0.042,0.0,NOT-PROSPECT - existing patients via portal
E_internal_ehr_patient_portal,sessionSourceMedium,phr2.charmtracker.com / referral,2024|01,user_engagement,4,1,0,0.0,2373,8,8,0.169,0.0,NOT-PROSPECT - existing patients via portal
E_internal_ehr_patient_portal,pageReferrer,phr2.charmtracker.com,2024|02,first_visit,1,1,0,0.0,8187,23,23,0.012,0.0,NOT-PROSPECT - existing patients via portal
E_internal_ehr_patient_portal,pageReferrer,phr2.charmtracker.com,2024|02,page_view,2,2,0,0.0,8187,23,23,0.024,0.0,NOT-PROSPECT - existing patients via portal
E_internal_ehr_patient_portal,pageReferrer,phr2.charmtracker.com,2024|02,schedule_appointment,2,2,0,0.0,8187,23,23,0.024,0.0,NOT-PROSPECT - existing patients via portal
E_internal_ehr_patient_portal,pageReferrer,phr2.charmtracker.com,2024|02,session_start,1,1,0,0.0,8187,23,23,0.012,0.0,NOT-PROSPECT - existing patients via portal
E_internal_ehr_patient_portal,pageReferrer,phr2.charmtracker.com,2024|02,user_engagement,1,1,0,0.0,8187,23,23,0.012,0.0,NOT-PROSPECT - existing patients via portal
E_internal_ehr_patient_portal,sessionSourceMedium,phr2.charmtracker.com / referral,2024|02,first_visit,1,1,0,0.0,8187,23,23,0.012,0.0,NOT-PROSPECT - existing patients via portal
E_internal_ehr_patient_portal,sessionSourceMedium,phr2.charmtracker.com / referral,2024|02,page_view,1,1,0,0.0,8187,23,23,0.012,0.0,NOT-PROSPECT - existing patients via portal
E_internal_ehr_patient_portal,sessionSourceMedium,phr2.charmtracker.com / referral,2024|02,schedule_appointment,1,1,0,0.0,8187,23,23,0.012,0.0,NOT-PROSPECT - existing patients via portal
E_internal_ehr_patient_portal,sessionSourceMedium,phr2.charmtracker.com / referral,2024|02,session_start,2,2,0,0.0,8187,23,23,0.024,0.0,NOT-PROSPECT - existing patients via portal
E_internal_ehr_patient_portal,sessionSourceMedium,phr2.charmtracker.com / referral,2024|02,user_engagement,1,1,0,0.0,8187,23,23,0.012,0.0,NOT-PROSPECT - existing patients via portal
E_internal_ehr_patient_portal,pageReferrer,phr2.charmtracker.com,2024|03,first_visit,4,4,0,0.0,5590,24,24,0.072,0.0,NOT-PROSPECT - existing patients via portal
E_internal_ehr_patient_portal,pageReferrer,phr2.charmtracker.com,2024|03,page_view,5,5,0,0.0,5590,24,24,0.089,0.0,NOT-PROSPECT - existing patients via portal
E_internal_ehr_patient_portal,pageReferrer,phr2.charmtracker.com,2024|03,schedule_appointment,5,5,0,0.0,5590,24,24,0.089,0.0,NOT-PROSPECT - existing patients via portal
E_internal_ehr_patient_portal,pageReferrer,phr2.charmtracker.com,2024|03,scroll,4,4,0,0.0,5590,24,24,0.072,0.0,NOT-PROSPECT - existing patients via portal
E_internal_ehr_patient_portal,pageReferrer,phr2.charmtracker.com,2024|03,session_start,6,6,0,0.0,5590,24,24,0.107,0.0,NOT-PROSPECT - existing patients via portal
E_internal_ehr_patient_portal,pageReferrer,phr2.charmtracker.com,2024|03,user_engagement,1,1,0,0.0,5590,24,24,0.018,0.0,NOT-PROSPECT - existing patients via portal
E_internal_ehr_patient_portal,sessionSourceMedium,phr2.charmtracker.com / referral,2024|03,first_visit,4,4,0,0.0,5590,24,24,0.072,0.0,NOT-PROSPECT - existing patients via portal
E_internal_ehr_patient_portal,sessionSourceMedium,phr2.charmtracker.com / referral,2024|03,page_view,5,5,0,0.0,5590,24,24,0.089,0.0,NOT-PROSPECT - existing patients via portal
E_internal_ehr_patient_portal,sessionSourceMedium,phr2.charmtracker.com / referral,2024|03,schedule_appointment,5,5,0,0.0,5590,24,24,0.089,0.0,NOT-PROSPECT - existing patients via portal
E_internal_ehr_patient_portal,sessionSourceMedium,phr2.charmtracker.com / referral,2024|03,scroll,4,4,0,0.0,5590,24,24,0.072,0.0,NOT-PROSPECT - existing patients via portal
E_internal_ehr_patient_portal,sessionSourceMedium,phr2.charmtracker.com / referral,2024|03,session_start,6,6,0,0.0,5590,24,24,0.107,0.0,NOT-PROSPECT - existing patients via portal
E_internal_ehr_patient_portal,sessionSourceMedium,phr2.charmtracker.com / referral,2024|03,user_engagement,1,1,0,0.0,5590,24,24,0.018,0.0,NOT-PROSPECT - existing patients via portal
E_internal_ehr_patient_portal,pageReferrer,phr2.charmtracker.com,2024|04,first_visit,4,4,0,0.0,3553,12,12,0.113,0.0,NOT-PROSPECT - existing patients via portal
E_internal_ehr_patient_portal,pageReferrer,phr2.charmtracker.com,2024|04,page_view,4,4,0,0.0,3553,12,12,0.113,0.0,NOT-PROSPECT - existing patients via portal
E_internal_ehr_patient_portal,pageReferrer,phr2.charmtracker.com,2024|04,schedule_appointment,4,4,0,0.0,3553,12,12,0.113,0.0,NOT-PROSPECT - existing patients via portal
E_internal_ehr_patient_portal,pageReferrer,phr2.charmtracker.com,2024|04,session_start,4,4,0,0.0,3553,12,12,0.113,0.0,NOT-PROSPECT - existing patients via portal
E_internal_ehr_patient_portal,pageReferrer,phr2.charmtracker.com,2024|04,user_engagement,1,1,0,0.0,3553,12,12,0.028,0.0,NOT-PROSPECT - existing patients via portal
E_internal_ehr_patient_portal,sessionSourceMedium,phr2.charmtracker.com / referral,2024|04,first_visit,4,4,0,0.0,3553,12,12,0.113,0.0,NOT-PROSPECT - existing patients via portal
E_internal_ehr_patient_portal,sessionSourceMedium,phr2.charmtracker.com / referral,2024|04,page_view,4,4,0,0.0,3553,12,12,0.113,0.0,NOT-PROSPECT - existing patients via portal
E_internal_ehr_patient_portal,sessionSourceMedium,phr2.charmtracker.com / referral,2024|04,schedule_appointment,4,4,0,0.0,3553,12,12,0.113,0.0,NOT-PROSPECT - existing patients via portal
E_internal_ehr_patient_portal,sessionSourceMedium,phr2.charmtracker.com / referral,2024|04,session_start,4,4,0,0.0,3553,12,12,0.113,0.0,NOT-PROSPECT - existing patients via portal
E_internal_ehr_patient_portal,sessionSourceMedium,phr2.charmtracker.com / referral,2024|04,user_engagement,1,1,0,0.0,3553,12,12,0.028,0.0,NOT-PROSPECT - existing patients via portal
E_internal_ehr_patient_portal,pageReferrer,phr2.charmtracker.com,2024|05,first_visit,1,1,0,0.0,3113,17,17,0.032,0.0,NOT-PROSPECT - existing patients via portal
E_internal_ehr_patient_portal,pageReferrer,phr2.charmtracker.com,2024|05,page_view,2,2,0,0.0,3113,17,17,0.064,0.0,NOT-PROSPECT - existing patients via portal
E_internal_ehr_patient_portal,pageReferrer,phr2.charmtracker.com,2024|05,schedule_appointment,2,2,0,0.0,3113,17,17,0.064,0.0,NOT-PROSPECT - existing patients via portal
E_internal_ehr_patient_portal,pageReferrer,phr2.charmtracker.com,2024|05,scroll,2,2,0,0.0,3113,17,17,0.064,0.0,NOT-PROSPECT - existing patients via portal
E_internal_ehr_patient_portal,pageReferrer,phr2.charmtracker.com,2024|05,session_start,1,1,0,0.0,3113,17,17,0.032,0.0,NOT-PROSPECT - existing patients via portal
E_internal_ehr_patient_portal,sessionSourceMedium,phr2.charmtracker.com / referral,2024|05,first_visit,1,1,0,0.0,3113,17,17,0.032,0.0,NOT-PROSPECT - existing patients via portal
E_internal_ehr_patient_portal,sessionSourceMedium,phr2.charmtracker.com / referral,2024|05,page_view,1,1,0,0.0,3113,17,17,0.032,0.0,NOT-PROSPECT - existing patients via portal
E_internal_ehr_patient_portal,sessionSourceMedium,phr2.charmtracker.com / referral,2024|05,schedule_appointment,1,1,0,0.0,3113,17,17,0.032,0.0,NOT-PROSPECT - existing patients via portal
E_internal_ehr_patient_portal,sessionSourceMedium,phr2.charmtracker.com / referral,2024|05,scroll,1,1,0,0.0,3113,17,17,0.032,0.0,NOT-PROSPECT - existing patients via portal
E_internal_ehr_patient_portal,sessionSourceMedium,phr2.charmtracker.com / referral,2024|05,session_start,1,1,0,0.0,3113,17,17,0.032,0.0,NOT-PROSPECT - existing patients via portal
E_internal_ehr_patient_portal,pageReferrer,phr2.charmtracker.com,2024|06,first_visit,3,3,0,0.0,3795,21,21,0.079,0.0,NOT-PROSPECT - existing patients via portal
E_internal_ehr_patient_portal,pageReferrer,phr2.charmtracker.com,2024|06,page_view,3,3,0,0.0,3795,21,21,0.079,0.0,NOT-PROSPECT - existing patients via portal
E_internal_ehr_patient_portal,pageReferrer,phr2.charmtracker.com,2024|06,schedule_appointment,3,3,0,0.0,3795,21,21,0.079,0.0,NOT-PROSPECT - existing patients via portal
E_internal_ehr_patient_portal,pageReferrer,phr2.charmtracker.com,2024|06,scroll,2,2,0,0.0,3795,21,21,0.053,0.0,NOT-PROSPECT - existing patients via portal
E_internal_ehr_patient_portal,pageReferrer,phr2.charmtracker.com,2024|06,session_start,3,3,0,0.0,3795,21,21,0.079,0.0,NOT-PROSPECT - existing patients via portal
E_internal_ehr_patient_portal,pageReferrer,phr2.charmtracker.com,2024|06,user_engagement,1,1,0,0.0,3795,21,21,0.026,0.0,NOT-PROSPECT - existing patients via portal
E_internal_ehr_patient_portal,sessionSourceMedium,phr2.charmtracker.com / referral,2024|06,first_visit,3,3,0,0.0,3795,21,21,0.079,0.0,NOT-PROSPECT - existing patients via portal
E_internal_ehr_patient_portal,sessionSourceMedium,phr2.charmtracker.com / referral,2024|06,page_view,3,3,0,0.0,3795,21,21,0.079,0.0,NOT-PROSPECT - existing patients via portal
E_internal_ehr_patient_portal,sessionSourceMedium,phr2.charmtracker.com / referral,2024|06,schedule_appointment,3,3,0,0.0,3795,21,21,0.079,0.0,NOT-PROSPECT - existing patients via portal
E_internal_ehr_patient_portal,sessionSourceMedium,phr2.charmtracker.com / referral,2024|06,scroll,2,2,0,0.0,3795,21,21,0.053,0.0,NOT-PROSPECT - existing patients via portal
E_internal_ehr_patient_portal,sessionSourceMedium,phr2.charmtracker.com / referral,2024|06,session_start,3,3,0,0.0,3795,21,21,0.079,0.0,NOT-PROSPECT - existing patients via portal
E_internal_ehr_patient_portal,sessionSourceMedium,phr2.charmtracker.com / referral,2024|06,user_engagement,1,1,0,0.0,3795,21,21,0.026,0.0,NOT-PROSPECT - existing patients via portal
E_internal_ehr_patient_portal,pageReferrer,phr2.charmtracker.com,2024|07,first_visit,2,2,0,0.0,2541,23,23,0.079,0.0,NOT-PROSPECT - existing patients via portal
E_internal_ehr_patient_portal,pageReferrer,phr2.charmtracker.com,2024|07,page_view,4,3,0,0.0,2541,23,23,0.157,0.0,NOT-PROSPECT - existing patients via portal
E_internal_ehr_patient_portal,pageReferrer,phr2.charmtracker.com,2024|07,schedule_appointment,4,3,0,0.0,2541,23,23,0.157,0.0,NOT-PROSPECT - existing patients via portal
E_internal_ehr_patient_portal,pageReferrer,phr2.charmtracker.com,2024|07,scroll,3,2,0,0.0,2541,23,23,0.118,0.0,NOT-PROSPECT - existing patients via portal
E_internal_ehr_patient_portal,pageReferrer,phr2.charmtracker.com,2024|07,session_start,3,3,0,0.0,2541,23,23,0.118,0.0,NOT-PROSPECT - existing patients via portal
E_internal_ehr_patient_portal,sessionSourceMedium,phr2.charmtracker.com / referral,2024|07,first_visit,2,2,0,0.0,2541,23,23,0.079,0.0,NOT-PROSPECT - existing patients via portal
E_internal_ehr_patient_portal,sessionSourceMedium,phr2.charmtracker.com / referral,2024|07,page_view,4,3,0,0.0,2541,23,23,0.157,0.0,NOT-PROSPECT - existing patients via portal
E_internal_ehr_patient_portal,sessionSourceMedium,phr2.charmtracker.com / referral,2024|07,schedule_appointment,4,3,0,0.0,2541,23,23,0.157,0.0,NOT-PROSPECT - existing patients via portal
E_internal_ehr_patient_portal,sessionSourceMedium,phr2.charmtracker.com / referral,2024|07,scroll,3,2,0,0.0,2541,23,23,0.118,0.0,NOT-PROSPECT - existing patients via portal
E_internal_ehr_patient_portal,sessionSourceMedium,phr2.charmtracker.com / referral,2024|07,session_start,3,3,0,0.0,2541,23,23,0.118,0.0,NOT-PROSPECT - existing patients via portal
E_internal_ehr_patient_portal,pageReferrer,phr2.charmtracker.com,2024|09,first_visit,1,1,0,0.0,3690,15,15,0.027,0.0,NOT-PROSPECT - existing patients via portal
E_internal_ehr_patient_portal,pageReferrer,phr2.charmtracker.com,2024|09,page_view,1,1,0,0.0,3690,15,15,0.027,0.0,NOT-PROSPECT - existing patients via portal
E_internal_ehr_patient_portal,pageReferrer,phr2.charmtracker.com,2024|09,schedule_appointment,1,1,0,0.0,3690,15,15,0.027,0.0,NOT-PROSPECT - existing patients via portal
E_internal_ehr_patient_portal,pageReferrer,phr2.charmtracker.com,2024|09,scroll,1,1,0,0.0,3690,15,15,0.027,0.0,NOT-PROSPECT - existing patients via portal
E_internal_ehr_patient_portal,pageReferrer,phr2.charmtracker.com,2024|09,session_start,1,1,0,0.0,3690,15,15,0.027,0.0,NOT-PROSPECT - existing patients via portal
E_internal_ehr_patient_portal,sessionSourceMedium,phr2.charmtracker.com / referral,2024|09,first_visit,1,1,0,0.0,3690,15,15,0.027,0.0,NOT-PROSPECT - existing patients via portal
E_internal_ehr_patient_portal,sessionSourceMedium,phr2.charmtracker.com / referral,2024|09,page_view,1,1,0,0.0,3690,15,15,0.027,0.0,NOT-PROSPECT - existing patients via portal
E_internal_ehr_patient_portal,sessionSourceMedium,phr2.charmtracker.com / referral,2024|09,schedule_appointment,1,1,0,0.0,3690,15,15,0.027,0.0,NOT-PROSPECT - existing patients via portal
E_internal_ehr_patient_portal,sessionSourceMedium,phr2.charmtracker.com / referral,2024|09,scroll,1,1,0,0.0,3690,15,15,0.027,0.0,NOT-PROSPECT - existing patients via portal
E_internal_ehr_patient_portal,sessionSourceMedium,phr2.charmtracker.com / referral,2024|09,session_start,1,1,0,0.0,3690,15,15,0.027,0.0,NOT-PROSPECT - existing patients via portal
E_internal_ehr_patient_portal,pageReferrer,phr.charmtracker.com,2024|10,first_visit,1,1,0,0.0,3930,21,21,0.025,0.0,NOT-PROSPECT - existing patients via portal
E_internal_ehr_patient_portal,pageReferrer,phr.charmtracker.com,2024|10,page_view,1,1,0,0.0,3930,21,21,0.025,0.0,NOT-PROSPECT - existing patients via portal
E_internal_ehr_patient_portal,pageReferrer,phr.charmtracker.com,2024|10,schedule_appointment,1,1,0,0.0,3930,21,21,0.025,0.0,NOT-PROSPECT - existing patients via portal
E_internal_ehr_patient_portal,pageReferrer,phr.charmtracker.com,2024|10,session_start,1,1,0,0.0,3930,21,21,0.025,0.0,NOT-PROSPECT - existing patients via portal
E_internal_ehr_patient_portal,pageReferrer,phr.charmtracker.com,2024|10,user_engagement,1,1,0,0.0,3930,21,21,0.025,0.0,NOT-PROSPECT - existing patients via portal
E_internal_ehr_patient_portal,pageReferrer,phr2.charmtracker.com,2024|10,first_visit,1,1,0,0.0,3930,21,21,0.025,0.0,NOT-PROSPECT - existing patients via portal
E_internal_ehr_patient_portal,pageReferrer,phr2.charmtracker.com,2024|10,page_view,2,2,0,0.0,3930,21,21,0.051,0.0,NOT-PROSPECT - existing patients via portal
E_internal_ehr_patient_portal,pageReferrer,phr2.charmtracker.com,2024|10,schedule_appointment,2,2,0,0.0,3930,21,21,0.051,0.0,NOT-PROSPECT - existing patients via portal
E_internal_ehr_patient_portal,pageReferrer,phr2.charmtracker.com,2024|10,scroll,2,2,0,0.0,3930,21,21,0.051,0.0,NOT-PROSPECT - existing patients via portal
E_internal_ehr_patient_portal,pageReferrer,phr2.charmtracker.com,2024|10,session_start,2,2,0,0.0,3930,21,21,0.051,0.0,NOT-PROSPECT - existing patients via portal
E_internal_ehr_patient_portal,pageReferrer,phr2.charmtracker.com,2024|10,user_engagement,2,2,0,0.0,3930,21,21,0.051,0.0,NOT-PROSPECT - existing patients via portal
E_internal_ehr_patient_portal,sessionSourceMedium,phr.charmtracker.com / referral,2024|10,first_visit,1,1,0,0.0,3930,21,21,0.025,0.0,NOT-PROSPECT - existing patients via portal
E_internal_ehr_patient_portal,sessionSourceMedium,phr.charmtracker.com / referral,2024|10,page_view,2,1,0,0.0,3930,21,21,0.051,0.0,NOT-PROSPECT - existing patients via portal
E_internal_ehr_patient_portal,sessionSourceMedium,phr.charmtracker.com / referral,2024|10,schedule_appointment,2,1,0,0.0,3930,21,21,0.051,0.0,NOT-PROSPECT - existing patients via portal
E_internal_ehr_patient_portal,sessionSourceMedium,phr.charmtracker.com / referral,2024|10,session_start,1,1,0,0.0,3930,21,21,0.025,0.0,NOT-PROSPECT - existing patients via portal
E_internal_ehr_patient_portal,sessionSourceMedium,phr.charmtracker.com / referral,2024|10,user_engagement,2,1,0,0.0,3930,21,21,0.051,0.0,NOT-PROSPECT - existing patients via portal
E_internal_ehr_patient_portal,sessionSourceMedium,phr2.charmtracker.com / referral,2024|10,click,4,4,0,0.0,3930,21,21,0.102,0.0,NOT-PROSPECT - existing patients via portal
E_internal_ehr_patient_portal,sessionSourceMedium,phr2.charmtracker.com / referral,2024|10,first_visit,1,1,0,0.0,3930,21,21,0.025,0.0,NOT-PROSPECT - existing patients via portal
E_internal_ehr_patient_portal,sessionSourceMedium,phr2.charmtracker.com / referral,2024|10,page_view,9,5,0,0.0,3930,21,21,0.229,0.0,NOT-PROSPECT - existing patients via portal
E_internal_ehr_patient_portal,sessionSourceMedium,phr2.charmtracker.com / referral,2024|10,schedule_appointment,2,2,0,0.0,3930,21,21,0.051,0.0,NOT-PROSPECT - existing patients via portal
E_internal_ehr_patient_portal,sessionSourceMedium,phr2.charmtracker.com / referral,2024|10,scroll,1,1,0,0.0,3930,21,21,0.025,0.0,NOT-PROSPECT - existing patients via portal
E_internal_ehr_patient_portal,sessionSourceMedium,phr2.charmtracker.com / referral,2024|10,session_start,7,7,0,0.0,3930,21,21,0.178,0.0,NOT-PROSPECT - existing patients via portal
E_internal_ehr_patient_portal,sessionSourceMedium,phr2.charmtracker.com / referral,2024|10,user_engagement,9,5,0,0.0,3930,21,21,0.229,0.0,NOT-PROSPECT - existing patients via portal
E_internal_ehr_patient_portal,pageReferrer,phr2.charmtracker.com,2024|11,page_view,3,3,0,0.0,3781,15,12,0.079,0.0,NOT-PROSPECT - existing patients via portal
E_internal_ehr_patient_portal,pageReferrer,phr2.charmtracker.com,2024|11,schedule_appointment,3,3,0,0.0,3781,15,12,0.079,0.0,NOT-PROSPECT - existing patients via portal
E_internal_ehr_patient_portal,pageReferrer,phr2.charmtracker.com,2024|11,scroll,2,2,0,0.0,3781,15,12,0.053,0.0,NOT-PROSPECT - existing patients via portal
E_internal_ehr_patient_portal,pageReferrer,phr2.charmtracker.com,2024|11,session_start,2,2,0,0.0,3781,15,12,0.053,0.0,NOT-PROSPECT - existing patients via portal
E_internal_ehr_patient_portal,pageReferrer,phr2.charmtracker.com,2024|11,user_engagement,2,2,0,0.0,3781,15,12,0.053,0.0,NOT-PROSPECT - existing patients via portal
E_internal_ehr_patient_portal,sessionSourceMedium,phr2.charmtracker.com / referral,2024|11,page_view,2,2,0,0.0,3781,15,12,0.053,0.0,NOT-PROSPECT - existing patients via portal
E_internal_ehr_patient_portal,sessionSourceMedium,phr2.charmtracker.com / referral,2024|11,schedule_appointment,2,2,0,0.0,3781,15,12,0.053,0.0,NOT-PROSPECT - existing patients via portal
E_internal_ehr_patient_portal,sessionSourceMedium,phr2.charmtracker.com / referral,2024|11,scroll,2,2,0,0.0,3781,15,12,0.053,0.0,NOT-PROSPECT - existing patients via portal
E_internal_ehr_patient_portal,sessionSourceMedium,phr2.charmtracker.com / referral,2024|11,session_start,2,2,0,0.0,3781,15,12,0.053,0.0,NOT-PROSPECT - existing patients via portal
E_internal_ehr_patient_portal,sessionSourceMedium,phr2.charmtracker.com / referral,2024|11,user_engagement,1,1,0,0.0,3781,15,12,0.026,0.0,NOT-PROSPECT - existing patients via portal
E_internal_ehr_patient_portal,pageReferrer,phr2.charmtracker.com,2024|12,first_visit,1,1,0,0.0,2448,25,2,0.041,0.0,NOT-PROSPECT - existing patients via portal
E_internal_ehr_patient_portal,pageReferrer,phr2.charmtracker.com,2024|12,page_view,2,2,0,0.0,2448,25,2,0.082,0.0,NOT-PROSPECT - existing patients via portal
E_internal_ehr_patient_portal,pageReferrer,phr2.charmtracker.com,2024|12,schedule_appointment,2,2,0,0.0,2448,25,2,0.082,0.0,NOT-PROSPECT - existing patients via portal
E_internal_ehr_patient_portal,pageReferrer,phr2.charmtracker.com,2024|12,session_start,2,2,0,0.0,2448,25,2,0.082,0.0,NOT-PROSPECT - existing patients via portal
E_internal_ehr_patient_portal,pageReferrer,phr2.charmtracker.com,2024|12,user_engagement,2,2,0,0.0,2448,25,2,0.082,0.0,NOT-PROSPECT - existing patients via portal
E_internal_ehr_patient_portal,sessionSourceMedium,phr2.charmtracker.com / referral,2024|12,first_visit,1,1,0,0.0,2448,25,2,0.041,0.0,NOT-PROSPECT - existing patients via portal
E_internal_ehr_patient_portal,sessionSourceMedium,phr2.charmtracker.com / referral,2024|12,page_view,3,2,0,0.0,2448,25,2,0.123,0.0,NOT-PROSPECT - existing patients via portal
E_internal_ehr_patient_portal,sessionSourceMedium,phr2.charmtracker.com / referral,2024|12,schedule_appointment,3,2,0,0.0,2448,25,2,0.123,0.0,NOT-PROSPECT - existing patients via portal
E_internal_ehr_patient_portal,sessionSourceMedium,phr2.charmtracker.com / referral,2024|12,scroll,1,1,0,0.0,2448,25,2,0.041,0.0,NOT-PROSPECT - existing patients via portal
E_internal_ehr_patient_portal,sessionSourceMedium,phr2.charmtracker.com / referral,2024|12,session_start,2,2,0,0.0,2448,25,2,0.082,0.0,NOT-PROSPECT - existing patients via portal
E_internal_ehr_patient_portal,sessionSourceMedium,phr2.charmtracker.com / referral,2024|12,user_engagement,2,2,0,0.0,2448,25,2,0.082,0.0,NOT-PROSPECT - existing patients via portal
E_internal_ehr_patient_portal,pageReferrer,phr2.charmtracker.com,2025|02,first_visit,2,2,0,0.0,2986,30,0,0.067,0.0,NOT-PROSPECT - existing patients via portal
E_internal_ehr_patient_portal,pageReferrer,phr2.charmtracker.com,2025|02,page_view,3,3,0,0.0,2986,30,0,0.1,0.0,NOT-PROSPECT - existing patients via portal
E_internal_ehr_patient_portal,pageReferrer,phr2.charmtracker.com,2025|02,schedule_appointment,3,3,0,0.0,2986,30,0,0.1,0.0,NOT-PROSPECT - existing patients via portal
E_internal_ehr_patient_portal,pageReferrer,phr2.charmtracker.com,2025|02,scroll,1,1,0,0.0,2986,30,0,0.033,0.0,NOT-PROSPECT - existing patients via portal
E_internal_ehr_patient_portal,pageReferrer,phr2.charmtracker.com,2025|02,session_start,2,2,0,0.0,2986,30,0,0.067,0.0,NOT-PROSPECT - existing patients via portal
E_internal_ehr_patient_portal,pageReferrer,phr2.charmtracker.com,2025|02,user_engagement,2,2,0,0.0,2986,30,0,0.067,0.0,NOT-PROSPECT - existing patients via portal
E_internal_ehr_patient_portal,sessionSourceMedium,phr2.charmtracker.com / referral,2025|02,first_visit,2,2,0,0.0,2986,30,0,0.067,0.0,NOT-PROSPECT - existing patients via portal
E_internal_ehr_patient_portal,sessionSourceMedium,phr2.charmtracker.com / referral,2025|02,page_view,3,2,0,0.0,2986,30,0,0.1,0.0,NOT-PROSPECT - existing patients via portal
E_internal_ehr_patient_portal,sessionSourceMedium,phr2.charmtracker.com / referral,2025|02,schedule_appointment,3,2,0,0.0,2986,30,0,0.1,0.0,NOT-PROSPECT - existing patients via portal
E_internal_ehr_patient_portal,sessionSourceMedium,phr2.charmtracker.com / referral,2025|02,scroll,1,1,0,0.0,2986,30,0,0.033,0.0,NOT-PROSPECT - existing patients via portal
E_internal_ehr_patient_portal,sessionSourceMedium,phr2.charmtracker.com / referral,2025|02,session_start,2,2,0,0.0,2986,30,0,0.067,0.0,NOT-PROSPECT - existing patients via portal
E_internal_ehr_patient_portal,sessionSourceMedium,phr2.charmtracker.com / referral,2025|02,user_engagement,2,1,0,0.0,2986,30,0,0.067,0.0,NOT-PROSPECT - existing patients via portal
E_internal_ehr_patient_portal,pageReferrer,phr2.charmtracker.com,2025|03,click,1,1,0,0.0,2970,23,1,0.034,0.0,NOT-PROSPECT - existing patients via portal
E_internal_ehr_patient_portal,pageReferrer,phr2.charmtracker.com,2025|03,first_visit,2,2,0,0.0,2970,23,1,0.067,0.0,NOT-PROSPECT - existing patients via portal
E_internal_ehr_patient_portal,pageReferrer,phr2.charmtracker.com,2025|03,page_view,2,2,0,0.0,2970,23,1,0.067,0.0,NOT-PROSPECT - existing patients via portal
E_internal_ehr_patient_portal,pageReferrer,phr2.charmtracker.com,2025|03,schedule_appointment,1,1,0,0.0,2970,23,1,0.034,0.0,NOT-PROSPECT - existing patients via portal
E_internal_ehr_patient_portal,pageReferrer,phr2.charmtracker.com,2025|03,scroll,1,1,0,0.0,2970,23,1,0.034,0.0,NOT-PROSPECT - existing patients via portal
E_internal_ehr_patient_portal,pageReferrer,phr2.charmtracker.com,2025|03,session_start,3,3,0,0.0,2970,23,1,0.101,0.0,NOT-PROSPECT - existing patients via portal
E_internal_ehr_patient_portal,pageReferrer,phr2.charmtracker.com,2025|03,user_engagement,1,1,0,0.0,2970,23,1,0.034,0.0,NOT-PROSPECT - existing patients via portal
E_internal_ehr_patient_portal,sessionSourceMedium,phr2.charmtracker.com / referral,2025|03,click,1,1,0,0.0,2970,23,1,0.034,0.0,NOT-PROSPECT - existing patients via portal
E_internal_ehr_patient_portal,sessionSourceMedium,phr2.charmtracker.com / referral,2025|03,first_visit,2,2,0,0.0,2970,23,1,0.067,0.0,NOT-PROSPECT - existing patients via portal
E_internal_ehr_patient_portal,sessionSourceMedium,phr2.charmtracker.com / referral,2025|03,page_view,2,2,0,0.0,2970,23,1,0.067,0.0,NOT-PROSPECT - existing patients via portal
E_internal_ehr_patient_portal,sessionSourceMedium,phr2.charmtracker.com / referral,2025|03,schedule_appointment,1,1,0,0.0,2970,23,1,0.034,0.0,NOT-PROSPECT - existing patients via portal
E_internal_ehr_patient_portal,sessionSourceMedium,phr2.charmtracker.com / referral,2025|03,scroll,1,1,0,0.0,2970,23,1,0.034,0.0,NOT-PROSPECT - existing patients via portal
E_internal_ehr_patient_portal,sessionSourceMedium,phr2.charmtracker.com / referral,2025|03,session_start,3,3,0,0.0,2970,23,1,0.101,0.0,NOT-PROSPECT - existing patients via portal
E_internal_ehr_patient_portal,sessionSourceMedium,phr2.charmtracker.com / referral,2025|03,user_engagement,1,1,0,0.0,2970,23,1,0.034,0.0,NOT-PROSPECT - existing patients via portal
E_internal_ehr_patient_portal,pageReferrer,phr2.charmtracker.com,2025|04,first_visit,1,1,0,0.0,2693,21,3,0.037,0.0,NOT-PROSPECT - existing patients via portal
E_internal_ehr_patient_portal,pageReferrer,phr2.charmtracker.com,2025|04,page_view,5,5,0,0.0,2693,21,3,0.186,0.0,NOT-PROSPECT - existing patients via portal
E_internal_ehr_patient_portal,pageReferrer,phr2.charmtracker.com,2025|04,schedule_appointment,5,5,0,0.0,2693,21,3,0.186,0.0,NOT-PROSPECT - existing patients via portal
E_internal_ehr_patient_portal,pageReferrer,phr2.charmtracker.com,2025|04,scroll,3,3,0,0.0,2693,21,3,0.111,0.0,NOT-PROSPECT - existing patients via portal
E_internal_ehr_patient_portal,pageReferrer,phr2.charmtracker.com,2025|04,session_start,6,6,0,0.0,2693,21,3,0.223,0.0,NOT-PROSPECT - existing patients via portal
E_internal_ehr_patient_portal,pageReferrer,phr2.charmtracker.com,2025|04,user_engagement,2,2,0,0.0,2693,21,3,0.074,0.0,NOT-PROSPECT - existing patients via portal
E_internal_ehr_patient_portal,sessionSourceMedium,phr2.charmtracker.com / referral,2025|04,first_visit,1,1,0,0.0,2693,21,3,0.037,0.0,NOT-PROSPECT - existing patients via portal
E_internal_ehr_patient_portal,sessionSourceMedium,phr2.charmtracker.com / referral,2025|04,page_view,8,6,0,0.0,2693,21,3,0.297,0.0,NOT-PROSPECT - existing patients via portal
E_internal_ehr_patient_portal,sessionSourceMedium,phr2.charmtracker.com / referral,2025|04,schedule_appointment,8,6,0,0.0,2693,21,3,0.297,0.0,NOT-PROSPECT - existing patients via portal
E_internal_ehr_patient_portal,sessionSourceMedium,phr2.charmtracker.com / referral,2025|04,scroll,4,4,0,0.0,2693,21,3,0.149,0.0,NOT-PROSPECT - existing patients via portal
E_internal_ehr_patient_portal,sessionSourceMedium,phr2.charmtracker.com / referral,2025|04,session_start,6,6,0,0.0,2693,21,3,0.223,0.0,NOT-PROSPECT - existing patients via portal
E_internal_ehr_patient_portal,sessionSourceMedium,phr2.charmtracker.com / referral,2025|04,user_engagement,4,2,0,0.0,2693,21,3,0.149,0.0,NOT-PROSPECT - existing patients via portal
E_internal_ehr_patient_portal,pageReferrer,phr2.charmtracker.com,2025|05,click,1,1,0,0.0,2154,17,1,0.046,0.0,NOT-PROSPECT - existing patients via portal
E_internal_ehr_patient_portal,pageReferrer,phr2.charmtracker.com,2025|05,first_visit,4,4,0,0.0,2154,17,1,0.186,0.0,NOT-PROSPECT - existing patients via portal
E_internal_ehr_patient_portal,pageReferrer,phr2.charmtracker.com,2025|05,page_view,12,7,0,0.0,2154,17,1,0.557,0.0,NOT-PROSPECT - existing patients via portal
E_internal_ehr_patient_portal,pageReferrer,phr2.charmtracker.com,2025|05,schedule_appointment,12,7,0,0.0,2154,17,1,0.557,0.0,NOT-PROSPECT - existing patients via portal
E_internal_ehr_patient_portal,pageReferrer,phr2.charmtracker.com,2025|05,scroll,5,3,0,0.0,2154,17,1,0.232,0.0,NOT-PROSPECT - existing patients via portal
E_internal_ehr_patient_portal,pageReferrer,phr2.charmtracker.com,2025|05,session_start,7,7,0,0.0,2154,17,1,0.325,0.0,NOT-PROSPECT - existing patients via portal
E_internal_ehr_patient_portal,pageReferrer,phr2.charmtracker.com,2025|05,user_engagement,1,1,0,0.0,2154,17,1,0.046,0.0,NOT-PROSPECT - existing patients via portal
E_internal_ehr_patient_portal,sessionSourceMedium,phr2.charmtracker.com / referral,2025|05,click,1,1,0,0.0,2154,17,1,0.046,0.0,NOT-PROSPECT - existing patients via portal
E_internal_ehr_patient_portal,sessionSourceMedium,phr2.charmtracker.com / referral,2025|05,first_visit,4,4,0,0.0,2154,17,1,0.186,0.0,NOT-PROSPECT - existing patients via portal
E_internal_ehr_patient_portal,sessionSourceMedium,phr2.charmtracker.com / referral,2025|05,page_view,12,7,0,0.0,2154,17,1,0.557,0.0,NOT-PROSPECT - existing patients via portal
E_internal_ehr_patient_portal,sessionSourceMedium,phr2.charmtracker.com / referral,2025|05,schedule_appointment,11,6,0,0.0,2154,17,1,0.511,0.0,NOT-PROSPECT - existing patients via portal
E_internal_ehr_patient_portal,sessionSourceMedium,phr2.charmtracker.com / referral,2025|05,scroll,5,3,0,0.0,2154,17,1,0.232,0.0,NOT-PROSPECT - existing patients via portal
E_internal_ehr_patient_portal,sessionSourceMedium,phr2.charmtracker.com / referral,2025|05,session_start,7,7,0,0.0,2154,17,1,0.325,0.0,NOT-PROSPECT - existing patients via portal
E_internal_ehr_patient_portal,sessionSourceMedium,phr2.charmtracker.com / referral,2025|05,user_engagement,1,1,0,0.0,2154,17,1,0.046,0.0,NOT-PROSPECT - existing patients via portal
E_internal_ehr_patient_portal,pageReferrer,phr2.charmtracker.com,2025|08,first_visit,1,1,0,0.0,4058,22,0,0.025,0.0,NOT-PROSPECT - existing patients via portal
E_internal_ehr_patient_portal,pageReferrer,phr2.charmtracker.com,2025|08,page_view,2,2,0,0.0,4058,22,0,0.049,0.0,NOT-PROSPECT - existing patients via portal
E_internal_ehr_patient_portal,pageReferrer,phr2.charmtracker.com,2025|08,schedule_appointment,2,2,0,0.0,4058,22,0,0.049,0.0,NOT-PROSPECT - existing patients via portal
E_internal_ehr_patient_portal,pageReferrer,phr2.charmtracker.com,2025|08,scroll,1,1,0,0.0,4058,22,0,0.025,0.0,NOT-PROSPECT - existing patients via portal
E_internal_ehr_patient_portal,pageReferrer,phr2.charmtracker.com,2025|08,session_start,1,1,0,0.0,4058,22,0,0.025,0.0,NOT-PROSPECT - existing patients via portal
E_internal_ehr_patient_portal,sessionSourceMedium,phr2.charmtracker.com / referral,2025|08,first_visit,1,1,0,0.0,4058,22,0,0.025,0.0,NOT-PROSPECT - existing patients via portal
E_internal_ehr_patient_portal,sessionSourceMedium,phr2.charmtracker.com / referral,2025|08,page_view,1,1,0,0.0,4058,22,0,0.025,0.0,NOT-PROSPECT - existing patients via portal
E_internal_ehr_patient_portal,sessionSourceMedium,phr2.charmtracker.com / referral,2025|08,schedule_appointment,1,1,0,0.0,4058,22,0,0.025,0.0,NOT-PROSPECT - existing patients via portal
E_internal_ehr_patient_portal,sessionSourceMedium,phr2.charmtracker.com / referral,2025|08,session_start,1,1,0,0.0,4058,22,0,0.025,0.0,NOT-PROSPECT - existing patients via portal
E_internal_ehr_patient_portal,pageReferrer,phr2.charmtracker.com,2025|09,first_visit,2,2,0,0.0,2754,29,3,0.073,0.0,NOT-PROSPECT - existing patients via portal
E_internal_ehr_patient_portal,pageReferrer,phr2.charmtracker.com,2025|09,page_view,7,5,0,0.0,2754,29,3,0.254,0.0,NOT-PROSPECT - existing patients via portal
E_internal_ehr_patient_portal,pageReferrer,phr2.charmtracker.com,2025|09,schedule_appointment,7,5,0,0.0,2754,29,3,0.254,0.0,NOT-PROSPECT - existing patients via portal
E_internal_ehr_patient_portal,pageReferrer,phr2.charmtracker.com,2025|09,scroll,4,3,0,0.0,2754,29,3,0.145,0.0,NOT-PROSPECT - existing patients via portal
E_internal_ehr_patient_portal,pageReferrer,phr2.charmtracker.com,2025|09,session_start,5,5,0,0.0,2754,29,3,0.182,0.0,NOT-PROSPECT - existing patients via portal
E_internal_ehr_patient_portal,pageReferrer,phr2.charmtracker.com,2025|09,user_engagement,5,5,0,0.0,2754,29,3,0.182,0.0,NOT-PROSPECT - existing patients via portal
E_internal_ehr_patient_portal,sessionSourceMedium,phr2.charmtracker.com / referral,2025|09,first_visit,2,2,0,0.0,2754,29,3,0.073,0.0,NOT-PROSPECT - existing patients via portal
E_internal_ehr_patient_portal,sessionSourceMedium,phr2.charmtracker.com / referral,2025|09,page_view,5,4,0,0.0,2754,29,3,0.182,0.0,NOT-PROSPECT - existing patients via portal
E_internal_ehr_patient_portal,sessionSourceMedium,phr2.charmtracker.com / referral,2025|09,schedule_appointment,5,4,0,0.0,2754,29,3,0.182,0.0,NOT-PROSPECT - existing patients via portal
E_internal_ehr_patient_portal,sessionSourceMedium,phr2.charmtracker.com / referral,2025|09,scroll,2,2,0,0.0,2754,29,3,0.073,0.0,NOT-PROSPECT - existing patients via portal
E_internal_ehr_patient_portal,sessionSourceMedium,phr2.charmtracker.com / referral,2025|09,session_start,5,5,0,0.0,2754,29,3,0.182,0.0,NOT-PROSPECT - existing patients via portal
E_internal_ehr_patient_portal,sessionSourceMedium,phr2.charmtracker.com / referral,2025|09,user_engagement,4,4,0,0.0,2754,29,3,0.145,0.0,NOT-PROSPECT - existing patients via portal
E_internal_ehr_patient_portal,pageReferrer,phr2.charmtracker.com,2025|10,page_view,3,3,0,0.0,6183,27,0,0.049,0.0,NOT-PROSPECT - existing patients via portal
E_internal_ehr_patient_portal,pageReferrer,phr2.charmtracker.com,2025|10,schedule_appointment,3,3,0,0.0,6183,27,0,0.049,0.0,NOT-PROSPECT - existing patients via portal
E_internal_ehr_patient_portal,pageReferrer,phr2.charmtracker.com,2025|10,scroll,2,2,0,0.0,6183,27,0,0.032,0.0,NOT-PROSPECT - existing patients via portal
E_internal_ehr_patient_portal,pageReferrer,phr2.charmtracker.com,2025|10,session_start,3,3,0,0.0,6183,27,0,0.049,0.0,NOT-PROSPECT - existing patients via portal
E_internal_ehr_patient_portal,pageReferrer,phr2.charmtracker.com,2025|10,user_engagement,2,2,0,0.0,6183,27,0,0.032,0.0,NOT-PROSPECT - existing patients via portal
E_internal_ehr_patient_portal,sessionSourceMedium,phr2.charmtracker.com / referral,2025|10,click,6,4,0,0.0,6183,27,0,0.097,0.0,NOT-PROSPECT - existing patients via portal
E_internal_ehr_patient_portal,sessionSourceMedium,phr2.charmtracker.com / referral,2025|10,page_view,38,7,0,0.0,6183,27,0,0.615,0.0,NOT-PROSPECT - existing patients via portal
E_internal_ehr_patient_portal,sessionSourceMedium,phr2.charmtracker.com / referral,2025|10,schedule_appointment,10,3,0,0.0,6183,27,0,0.162,0.0,NOT-PROSPECT - existing patients via portal
E_internal_ehr_patient_portal,sessionSourceMedium,phr2.charmtracker.com / referral,2025|10,scroll,4,2,0,0.0,6183,27,0,0.065,0.0,NOT-PROSPECT - existing patients via portal
E_internal_ehr_patient_portal,sessionSourceMedium,phr2.charmtracker.com / referral,2025|10,session_start,11,11,0,0.0,6183,27,0,0.178,0.0,NOT-PROSPECT - existing patients via portal
E_internal_ehr_patient_portal,sessionSourceMedium,phr2.charmtracker.com / referral,2025|10,user_engagement,13,9,0,0.0,6183,27,0,0.21,0.0,NOT-PROSPECT - existing patients via portal
E_internal_ehr_patient_portal,pageReferrer,phr2.charmtracker.com,2025|11,first_visit,4,4,0,0.0,3642,37,7,0.11,0.0,NOT-PROSPECT - existing patients via portal
E_internal_ehr_patient_portal,pageReferrer,phr2.charmtracker.com,2025|11,page_view,12,11,0,0.0,3642,37,7,0.329,0.0,NOT-PROSPECT - existing patients via portal
E_internal_ehr_patient_portal,pageReferrer,phr2.charmtracker.com,2025|11,schedule_appointment,12,11,0,0.0,3642,37,7,0.329,0.0,NOT-PROSPECT - existing patients via portal
E_internal_ehr_patient_portal,pageReferrer,phr2.charmtracker.com,2025|11,scroll,4,4,0,0.0,3642,37,7,0.11,0.0,NOT-PROSPECT - existing patients via portal
E_internal_ehr_patient_portal,pageReferrer,phr2.charmtracker.com,2025|11,session_start,11,11,0,0.0,3642,37,7,0.302,0.0,NOT-PROSPECT - existing patients via portal
E_internal_ehr_patient_portal,pageReferrer,phr2.charmtracker.com,2025|11,user_engagement,5,5,0,0.0,3642,37,7,0.137,0.0,NOT-PROSPECT - existing patients via portal
E_internal_ehr_patient_portal,sessionSourceMedium,phr2.charmtracker.com / referral,2025|11,click,1,1,0,0.0,3642,37,7,0.027,0.0,NOT-PROSPECT - existing patients via portal
E_internal_ehr_patient_portal,sessionSourceMedium,phr2.charmtracker.com / referral,2025|11,first_visit,4,4,0,0.0,3642,37,7,0.11,0.0,NOT-PROSPECT - existing patients via portal
E_internal_ehr_patient_portal,sessionSourceMedium,phr2.charmtracker.com / referral,2025|11,generate_lead,1,1,1,0.0,3642,37,7,0.027,2.703,NOT-PROSPECT - existing patients via portal
E_internal_ehr_patient_portal,sessionSourceMedium,phr2.charmtracker.com / referral,2025|11,page_view,21,11,0,0.0,3642,37,7,0.577,0.0,NOT-PROSPECT - existing patients via portal
E_internal_ehr_patient_portal,sessionSourceMedium,phr2.charmtracker.com / referral,2025|11,schedule_appointment,18,11,0,0.0,3642,37,7,0.494,0.0,NOT-PROSPECT - existing patients via portal
E_internal_ehr_patient_portal,sessionSourceMedium,phr2.charmtracker.com / referral,2025|11,scroll,7,5,0,0.0,3642,37,7,0.192,0.0,NOT-PROSPECT - existing patients via portal
E_internal_ehr_patient_portal,sessionSourceMedium,phr2.charmtracker.com / referral,2025|11,session_start,11,11,0,0.0,3642,37,7,0.302,0.0,NOT-PROSPECT - existing patients via portal
E_internal_ehr_patient_portal,sessionSourceMedium,phr2.charmtracker.com / referral,2025|11,user_engagement,14,5,0,0.0,3642,37,7,0.384,0.0,NOT-PROSPECT - existing patients via portal
E_internal_ehr_patient_portal,pageReferrer,phr2.charmtracker.com,2025|12,first_visit,1,1,0,0.0,1983,15,1,0.05,0.0,NOT-PROSPECT - existing patients via portal
E_internal_ehr_patient_portal,pageReferrer,phr2.charmtracker.com,2025|12,page_view,2,2,0,0.0,1983,15,1,0.101,0.0,NOT-PROSPECT - existing patients via portal
E_internal_ehr_patient_portal,pageReferrer,phr2.charmtracker.com,2025|12,schedule_appointment,2,2,0,0.0,1983,15,1,0.101,0.0,NOT-PROSPECT - existing patients via portal
E_internal_ehr_patient_portal,pageReferrer,phr2.charmtracker.com,2025|12,scroll,1,1,0,0.0,1983,15,1,0.05,0.0,NOT-PROSPECT - existing patients via portal
E_internal_ehr_patient_portal,pageReferrer,phr2.charmtracker.com,2025|12,session_start,2,2,0,0.0,1983,15,1,0.101,0.0,NOT-PROSPECT - existing patients via portal
E_internal_ehr_patient_portal,pageReferrer,phr2.charmtracker.com,2025|12,user_engagement,1,1,0,0.0,1983,15,1,0.05,0.0,NOT-PROSPECT - existing patients via portal
E_internal_ehr_patient_portal,sessionSourceMedium,phr2.charmtracker.com / referral,2025|12,first_visit,1,1,0,0.0,1983,15,1,0.05,0.0,NOT-PROSPECT - existing patients via portal
E_internal_ehr_patient_portal,sessionSourceMedium,phr2.charmtracker.com / referral,2025|12,page_view,1,1,0,0.0,1983,15,1,0.05,0.0,NOT-PROSPECT - existing patients via portal
E_internal_ehr_patient_portal,sessionSourceMedium,phr2.charmtracker.com / referral,2025|12,schedule_appointment,1,1,0,0.0,1983,15,1,0.05,0.0,NOT-PROSPECT - existing patients via portal
E_internal_ehr_patient_portal,sessionSourceMedium,phr2.charmtracker.com / referral,2025|12,scroll,1,1,0,0.0,1983,15,1,0.05,0.0,NOT-PROSPECT - existing patients via portal
E_internal_ehr_patient_portal,sessionSourceMedium,phr2.charmtracker.com / referral,2025|12,session_start,2,2,0,0.0,1983,15,1,0.101,0.0,NOT-PROSPECT - existing patients via portal
E_internal_ehr_patient_portal,sessionSourceMedium,phr2.charmtracker.com / referral,2025|12,user_engagement,1,1,0,0.0,1983,15,1,0.05,0.0,NOT-PROSPECT - existing patients via portal
E_internal_ehr_patient_portal,pageReferrer,phr.charmtracker.com,2026|01,page_view,2,2,0,0.0,3057,37,2,0.065,0.0,NOT-PROSPECT - existing patients via portal
E_internal_ehr_patient_portal,pageReferrer,phr.charmtracker.com,2026|01,schedule_appointment,2,2,0,0.0,3057,37,2,0.065,0.0,NOT-PROSPECT - existing patients via portal
E_internal_ehr_patient_portal,pageReferrer,phr.charmtracker.com,2026|01,session_start,1,1,0,0.0,3057,37,2,0.033,0.0,NOT-PROSPECT - existing patients via portal
E_internal_ehr_patient_portal,pageReferrer,phr2.charmtracker.com,2026|01,page_view,4,4,0,0.0,3057,37,2,0.131,0.0,NOT-PROSPECT - existing patients via portal
E_internal_ehr_patient_portal,pageReferrer,phr2.charmtracker.com,2026|01,schedule_appointment,4,4,0,0.0,3057,37,2,0.131,0.0,NOT-PROSPECT - existing patients via portal
E_internal_ehr_patient_portal,pageReferrer,phr2.charmtracker.com,2026|01,scroll,3,3,0,0.0,3057,37,2,0.098,0.0,NOT-PROSPECT - existing patients via portal
E_internal_ehr_patient_portal,pageReferrer,phr2.charmtracker.com,2026|01,session_start,4,4,0,0.0,3057,37,2,0.131,0.0,NOT-PROSPECT - existing patients via portal
E_internal_ehr_patient_portal,sessionSourceMedium,phr.charmtracker.com / referral,2026|01,page_view,3,2,0,0.0,3057,37,2,0.098,0.0,NOT-PROSPECT - existing patients via portal
E_internal_ehr_patient_portal,sessionSourceMedium,phr.charmtracker.com / referral,2026|01,schedule_appointment,2,1,0,0.0,3057,37,2,0.065,0.0,NOT-PROSPECT - existing patients via portal
E_internal_ehr_patient_portal,sessionSourceMedium,phr.charmtracker.com / referral,2026|01,scroll,1,1,0,0.0,3057,37,2,0.033,0.0,NOT-PROSPECT - existing patients via portal
E_internal_ehr_patient_portal,sessionSourceMedium,phr.charmtracker.com / referral,2026|01,session_start,3,3,0,0.0,3057,37,2,0.098,0.0,NOT-PROSPECT - existing patients via portal
E_internal_ehr_patient_portal,sessionSourceMedium,phr.charmtracker.com / referral,2026|01,user_engagement,1,1,0,0.0,3057,37,2,0.033,0.0,NOT-PROSPECT - existing patients via portal
E_internal_ehr_patient_portal,sessionSourceMedium,phr2.charmtracker.com / referral,2026|01,page_view,6,5,0,0.0,3057,37,2,0.196,0.0,NOT-PROSPECT - existing patients via portal
E_internal_ehr_patient_portal,sessionSourceMedium,phr2.charmtracker.com / referral,2026|01,schedule_appointment,4,4,0,0.0,3057,37,2,0.131,0.0,NOT-PROSPECT - existing patients via portal
E_internal_ehr_patient_portal,sessionSourceMedium,phr2.charmtracker.com / referral,2026|01,scroll,4,4,0,0.0,3057,37,2,0.131,0.0,NOT-PROSPECT - existing patients via portal
E_internal_ehr_patient_portal,sessionSourceMedium,phr2.charmtracker.com / referral,2026|01,session_start,5,5,0,0.0,3057,37,2,0.164,0.0,NOT-PROSPECT - existing patients via portal
E_internal_ehr_patient_portal,sessionSourceMedium,phr2.charmtracker.com / referral,2026|01,user_engagement,1,1,0,0.0,3057,37,2,0.033,0.0,NOT-PROSPECT - existing patients via portal
E_internal_ehr_patient_portal,pageReferrer,phr2.charmtracker.com,2026|05,first_visit,2,2,0,0.0,4782,75,25,0.042,0.0,NOT-PROSPECT - existing patients via portal
E_internal_ehr_patient_portal,pageReferrer,phr2.charmtracker.com,2026|05,page_view,3,3,0,0.0,4782,75,25,0.063,0.0,NOT-PROSPECT - existing patients via portal
E_internal_ehr_patient_portal,pageReferrer,phr2.charmtracker.com,2026|05,purchase,1,1,1,0.0,4782,75,25,0.021,1.333,NOT-PROSPECT - existing patients via portal
E_internal_ehr_patient_portal,pageReferrer,phr2.charmtracker.com,2026|05,schedule_appointment,3,3,0,0.0,4782,75,25,0.063,0.0,NOT-PROSPECT - existing patients via portal
E_internal_ehr_patient_portal,pageReferrer,phr2.charmtracker.com,2026|05,scroll,1,1,0,0.0,4782,75,25,0.021,0.0,NOT-PROSPECT - existing patients via portal
E_internal_ehr_patient_portal,pageReferrer,phr2.charmtracker.com,2026|05,session_start,3,3,0,0.0,4782,75,25,0.063,0.0,NOT-PROSPECT - existing patients via portal
E_internal_ehr_patient_portal,pageReferrer,phr2.charmtracker.com,2026|05,user_engagement,1,1,0,0.0,4782,75,25,0.021,0.0,NOT-PROSPECT - existing patients via portal
E_internal_ehr_patient_portal,sessionSourceMedium,phr2.charmtracker.com / referral,2026|05,click,1,1,0,0.0,4782,75,25,0.021,0.0,NOT-PROSPECT - existing patients via portal
E_internal_ehr_patient_portal,sessionSourceMedium,phr2.charmtracker.com / referral,2026|05,first_visit,2,2,0,0.0,4782,75,25,0.042,0.0,NOT-PROSPECT - existing patients via portal
E_internal_ehr_patient_portal,sessionSourceMedium,phr2.charmtracker.com / referral,2026|05,page_view,5,3,0,0.0,4782,75,25,0.105,0.0,NOT-PROSPECT - existing patients via portal
E_internal_ehr_patient_portal,sessionSourceMedium,phr2.charmtracker.com / referral,2026|05,purchase,1,1,1,0.0,4782,75,25,0.021,1.333,NOT-PROSPECT - existing patients via portal
E_internal_ehr_patient_portal,sessionSourceMedium,phr2.charmtracker.com / referral,2026|05,schedule_appointment,4,3,0,0.0,4782,75,25,0.084,0.0,NOT-PROSPECT - existing patients via portal
E_internal_ehr_patient_portal,sessionSourceMedium,phr2.charmtracker.com / referral,2026|05,scroll,2,2,0,0.0,4782,75,25,0.042,0.0,NOT-PROSPECT - existing patients via portal
E_internal_ehr_patient_portal,sessionSourceMedium,phr2.charmtracker.com / referral,2026|05,session_start,4,4,0,0.0,4782,75,25,0.084,0.0,NOT-PROSPECT - existing patients via portal
E_internal_ehr_patient_portal,sessionSourceMedium,phr2.charmtracker.com / referral,2026|05,user_engagement,2,2,0,0.0,4782,75,25,0.042,0.0,NOT-PROSPECT - existing patients via portal
E_internal_ehr_patient_portal,pageReferrer,phr2.charmtracker.com,2026|06,first_visit,2,2,0,0.0,4587,212,44,0.044,0.0,NOT-PROSPECT - existing patients via portal
E_internal_ehr_patient_portal,pageReferrer,phr2.charmtracker.com,2026|06,page_view,3,3,0,0.0,4587,212,44,0.065,0.0,NOT-PROSPECT - existing patients via portal
E_internal_ehr_patient_portal,pageReferrer,phr2.charmtracker.com,2026|06,schedule_appointment,3,3,3,0.0,4587,212,44,0.065,1.415,NOT-PROSPECT - existing patients via portal
E_internal_ehr_patient_portal,pageReferrer,phr2.charmtracker.com,2026|06,scroll,1,1,0,0.0,4587,212,44,0.022,0.0,NOT-PROSPECT - existing patients via portal
E_internal_ehr_patient_portal,pageReferrer,phr2.charmtracker.com,2026|06,session_start,2,2,0,0.0,4587,212,44,0.044,0.0,NOT-PROSPECT - existing patients via portal
E_internal_ehr_patient_portal,pageReferrer,phr2.charmtracker.com,2026|06,user_engagement,1,1,0,0.0,4587,212,44,0.022,0.0,NOT-PROSPECT - existing patients via portal
E_internal_ehr_patient_portal,sessionSourceMedium,phr2.charmtracker.com / referral,2026|06,first_visit,2,2,0,0.0,4587,212,44,0.044,0.0,NOT-PROSPECT - existing patients via portal
E_internal_ehr_patient_portal,sessionSourceMedium,phr2.charmtracker.com / referral,2026|06,generate_lead,1,1,1,0.0,4587,212,44,0.022,0.472,NOT-PROSPECT - existing patients via portal
E_internal_ehr_patient_portal,sessionSourceMedium,phr2.charmtracker.com / referral,2026|06,page_view,5,2,0,0.0,4587,212,44,0.109,0.0,NOT-PROSPECT - existing patients via portal
E_internal_ehr_patient_portal,sessionSourceMedium,phr2.charmtracker.com / referral,2026|06,schedule_appointment,3,2,3,0.0,4587,212,44,0.065,1.415,NOT-PROSPECT - existing patients via portal
E_internal_ehr_patient_portal,sessionSourceMedium,phr2.charmtracker.com / referral,2026|06,scroll,1,1,0,0.0,4587,212,44,0.022,0.0,NOT-PROSPECT - existing patients via portal
E_internal_ehr_patient_portal,sessionSourceMedium,phr2.charmtracker.com / referral,2026|06,session_start,3,3,0,0.0,4587,212,44,0.065,0.0,NOT-PROSPECT - existing patients via portal
E_internal_ehr_patient_portal,sessionSourceMedium,phr2.charmtracker.com / referral,2026|06,user_engagement,3,3,0,0.0,4587,212,44,0.065,0.0,NOT-PROSPECT - existing patients via portal
F_referral_spam_bot,pageReferrer,www.openmultipleurl.com,2023|02,first_visit,1,1,0,0.0,1425,0,0,0.07,,JUNK - referral spam / bot
F_referral_spam_bot,pageReferrer,www.openmultipleurl.com,2023|02,page_view,1,1,0,0.0,1425,0,0,0.07,,JUNK - referral spam / bot
F_referral_spam_bot,pageReferrer,www.openmultipleurl.com,2023|02,session_start,2,2,0,0.0,1425,0,0,0.14,,JUNK - referral spam / bot
F_referral_spam_bot,pageReferrer,www.openmultipleurl.com,2023|02,user_engagement,1,1,0,0.0,1425,0,0,0.07,,JUNK - referral spam / bot
F_referral_spam_bot,sessionSourceMedium,openmultipleurl.com / referral,2023|02,first_visit,1,1,0,0.0,1425,0,0,0.07,,JUNK - referral spam / bot
F_referral_spam_bot,sessionSourceMedium,openmultipleurl.com / referral,2023|02,page_view,2,2,0,0.0,1425,0,0,0.14,,JUNK - referral spam / bot
F_referral_spam_bot,sessionSourceMedium,openmultipleurl.com / referral,2023|02,session_start,2,2,0,0.0,1425,0,0,0.14,,JUNK - referral spam / bot
F_referral_spam_bot,sessionSourceMedium,openmultipleurl.com / referral,2023|02,user_engagement,2,1,0,0.0,1425,0,0,0.14,,JUNK - referral spam / bot
F_referral_spam_bot,pageReferrer,facty.com,2023|03,first_visit,34,34,0,0.0,4868,0,0,0.698,,JUNK - referral spam / bot
F_referral_spam_bot,pageReferrer,facty.com,2023|03,page_view,41,36,0,0.0,4868,0,0,0.842,,JUNK - referral spam / bot
F_referral_spam_bot,pageReferrer,facty.com,2023|03,scroll,1,1,0,0.0,4868,0,0,0.021,,JUNK - referral spam / bot
F_referral_spam_bot,pageReferrer,facty.com,2023|03,session_start,36,36,0,0.0,4868,0,0,0.74,,JUNK - referral spam / bot
F_referral_spam_bot,pageReferrer,facty.com,2023|03,user_engagement,13,11,0,0.0,4868,0,0,0.267,,JUNK - referral spam / bot
F_referral_spam_bot,pageReferrer,femanin.com,2023|03,first_visit,39,39,0,0.0,4868,0,0,0.801,,JUNK - referral spam / bot
F_referral_spam_bot,pageReferrer,femanin.com,2023|03,page_view,48,41,0,0.0,4868,0,0,0.986,,JUNK - referral spam / bot
F_referral_spam_bot,pageReferrer,femanin.com,2023|03,session_start,40,40,0,0.0,4868,0,0,0.822,,JUNK - referral spam / bot
F_referral_spam_bot,pageReferrer,femanin.com,2023|03,user_engagement,9,9,0,0.0,4868,0,0,0.185,,JUNK - referral spam / bot
F_referral_spam_bot,pageReferrer,homeaddict.io,2023|03,first_visit,1,1,0,0.0,4868,0,0,0.021,,JUNK - referral spam / bot
F_referral_spam_bot,pageReferrer,homeaddict.io,2023|03,page_view,1,1,0,0.0,4868,0,0,0.021,,JUNK - referral spam / bot
F_referral_spam_bot,pageReferrer,homeaddict.io,2023|03,session_start,1,1,0,0.0,4868,0,0,0.021,,JUNK - referral spam / bot
F_referral_spam_bot,pageReferrer,loktrends.com,2023|03,first_visit,1,1,0,0.0,4868,0,0,0.021,,JUNK - referral spam / bot
F_referral_spam_bot,pageReferrer,loktrends.com,2023|03,form_start,1,1,0,0.0,4868,0,0,0.021,,JUNK - referral spam / bot
F_referral_spam_bot,pageReferrer,loktrends.com,2023|03,page_view,1,1,0,0.0,4868,0,0,0.021,,JUNK - referral spam / bot
F_referral_spam_bot,pageReferrer,loktrends.com,2023|03,session_start,1,1,0,0.0,4868,0,0,0.021,,JUNK - referral spam / bot
F_referral_spam_bot,pageReferrer,maps.apple.com,2023|03,first_visit,1,1,0,0.0,4868,0,0,0.021,,JUNK - referral spam / bot
F_referral_spam_bot,pageReferrer,maps.apple.com,2023|03,page_view,1,1,0,0.0,4868,0,0,0.021,,JUNK - referral spam / bot
F_referral_spam_bot,pageReferrer,maps.apple.com,2023|03,session_start,1,1,0,0.0,4868,0,0,0.021,,JUNK - referral spam / bot
F_referral_spam_bot,pageReferrer,maps.apple.com,2023|03,user_engagement,1,1,0,0.0,4868,0,0,0.021,,JUNK - referral spam / bot
F_referral_spam_bot,pageReferrer,medical-news.org,2023|03,first_visit,12,12,0,0.0,4868,0,0,0.247,,JUNK - referral spam / bot
F_referral_spam_bot,pageReferrer,medical-news.org,2023|03,page_view,14,12,0,0.0,4868,0,0,0.288,,JUNK - referral spam / bot
F_referral_spam_bot,pageReferrer,medical-news.org,2023|03,scroll,1,1,0,0.0,4868,0,0,0.021,,JUNK - referral spam / bot
F_referral_spam_bot,pageReferrer,medical-news.org,2023|03,session_start,12,12,0,0.0,4868,0,0,0.247,,JUNK - referral spam / bot
F_referral_spam_bot,pageReferrer,medical-news.org,2023|03,user_engagement,8,6,0,0.0,4868,0,0,0.164,,JUNK - referral spam / bot
F_referral_spam_bot,pageReferrer,sinonimos.de,2023|03,first_visit,2,1,0,0.0,4868,0,0,0.041,,JUNK - referral spam / bot
F_referral_spam_bot,pageReferrer,sinonimos.de,2023|03,page_view,2,1,0,0.0,4868,0,0,0.041,,JUNK - referral spam / bot
F_referral_spam_bot,pageReferrer,sinonimos.de,2023|03,session_start,2,1,0,0.0,4868,0,0,0.041,,JUNK - referral spam / bot
F_referral_spam_bot,pageReferrer,www.alive.com,2023|03,first_visit,2,2,0,0.0,4868,0,0,0.041,,JUNK - referral spam / bot
F_referral_spam_bot,pageReferrer,www.alive.com,2023|03,page_view,2,2,0,0.0,4868,0,0,0.041,,JUNK - referral spam / bot
F_referral_spam_bot,pageReferrer,www.alive.com,2023|03,session_start,2,2,0,0.0,4868,0,0,0.041,,JUNK - referral spam / bot
F_referral_spam_bot,pageReferrer,www.alive.com,2023|03,user_engagement,1,1,0,0.0,4868,0,0,0.021,,JUNK - referral spam / bot
F_referral_spam_bot,pageReferrer,www.chomexun.com,2023|03,first_visit,1,1,0,0.0,4868,0,0,0.021,,JUNK - referral spam / bot
F_referral_spam_bot,pageReferrer,www.chomexun.com,2023|03,page_view,1,1,0,0.0,4868,0,0,0.021,,JUNK - referral spam / bot
F_referral_spam_bot,pageReferrer,www.chomexun.com,2023|03,session_start,1,1,0,0.0,4868,0,0,0.021,,JUNK - referral spam / bot
F_referral_spam_bot,pageReferrer,www.soo-healthy.com,2023|03,first_visit,1,1,0,0.0,4868,0,0,0.021,,JUNK - referral spam / bot
F_referral_spam_bot,pageReferrer,www.soo-healthy.com,2023|03,page_view,1,1,0,0.0,4868,0,0,0.021,,JUNK - referral spam / bot
F_referral_spam_bot,pageReferrer,www.soo-healthy.com,2023|03,session_start,1,1,0,0.0,4868,0,0,0.021,,JUNK - referral spam / bot
F_referral_spam_bot,pageReferrer,www.soo-healthy.com,2023|03,user_engagement,1,1,0,0.0,4868,0,0,0.021,,JUNK - referral spam / bot
F_referral_spam_bot,pageReferrer,www.tips-and-tricks.co,2023|03,first_visit,2,2,0,0.0,4868,0,0,0.041,,JUNK - referral spam / bot
F_referral_spam_bot,pageReferrer,www.tips-and-tricks.co,2023|03,page_view,2,2,0,0.0,4868,0,0,0.041,,JUNK - referral spam / bot
F_referral_spam_bot,pageReferrer,www.tips-and-tricks.co,2023|03,session_start,2,2,0,0.0,4868,0,0,0.041,,JUNK - referral spam / bot
F_referral_spam_bot,pageReferrer,www.tips-and-tricks.co,2023|03,user_engagement,1,1,0,0.0,4868,0,0,0.021,,JUNK - referral spam / bot
F_referral_spam_bot,sessionSourceMedium,chomexun.com / referral,2023|03,first_visit,1,1,0,0.0,4868,0,0,0.021,,JUNK - referral spam / bot
F_referral_spam_bot,sessionSourceMedium,chomexun.com / referral,2023|03,page_view,1,1,0,0.0,4868,0,0,0.021,,JUNK - referral spam / bot
F_referral_spam_bot,sessionSourceMedium,chomexun.com / referral,2023|03,session_start,1,1,0,0.0,4868,0,0,0.021,,JUNK - referral spam / bot
F_referral_spam_bot,sessionSourceMedium,maps.apple.com / referral,2023|03,first_visit,1,1,0,0.0,4868,0,0,0.021,,JUNK - referral spam / bot
F_referral_spam_bot,sessionSourceMedium,maps.apple.com / referral,2023|03,page_view,2,1,0,0.0,4868,0,0,0.041,,JUNK - referral spam / bot
F_referral_spam_bot,sessionSourceMedium,maps.apple.com / referral,2023|03,scroll,1,1,0,0.0,4868,0,0,0.021,,JUNK - referral spam / bot
F_referral_spam_bot,sessionSourceMedium,maps.apple.com / referral,2023|03,session_start,1,1,0,0.0,4868,0,0,0.021,,JUNK - referral spam / bot
F_referral_spam_bot,sessionSourceMedium,maps.apple.com / referral,2023|03,user_engagement,1,1,0,0.0,4868,0,0,0.021,,JUNK - referral spam / bot
F_referral_spam_bot,pageReferrer,facty.com,2023|04,first_visit,8,8,0,0.0,3691,0,0,0.217,,JUNK - referral spam / bot
F_referral_spam_bot,pageReferrer,facty.com,2023|04,page_view,8,8,0,0.0,3691,0,0,0.217,,JUNK - referral spam / bot
F_referral_spam_bot,pageReferrer,facty.com,2023|04,session_start,8,8,0,0.0,3691,0,0,0.217,,JUNK - referral spam / bot
F_referral_spam_bot,pageReferrer,facty.com,2023|04,user_engagement,6,6,0,0.0,3691,0,0,0.163,,JUNK - referral spam / bot
F_referral_spam_bot,pageReferrer,femanin.com,2023|04,first_visit,54,54,0,0.0,3691,0,0,1.463,,JUNK - referral spam / bot
F_referral_spam_bot,pageReferrer,femanin.com,2023|04,page_view,64,58,0,0.0,3691,0,0,1.734,,JUNK - referral spam / bot
F_referral_spam_bot,pageReferrer,femanin.com,2023|04,scroll,1,1,0,0.0,3691,0,0,0.027,,JUNK - referral spam / bot
F_referral_spam_bot,pageReferrer,femanin.com,2023|04,session_start,56,56,0,0.0,3691,0,0,1.517,,JUNK - referral spam / bot
F_referral_spam_bot,pageReferrer,femanin.com,2023|04,user_engagement,24,23,0,0.0,3691,0,0,0.65,,JUNK - referral spam / bot
F_referral_spam_bot,pageReferrer,homeaddict.io,2023|04,first_visit,1,1,0,0.0,3691,0,0,0.027,,JUNK - referral spam / bot
F_referral_spam_bot,pageReferrer,homeaddict.io,2023|04,page_view,1,1,0,0.0,3691,0,0,0.027,,JUNK - referral spam / bot
F_referral_spam_bot,pageReferrer,homeaddict.io,2023|04,session_start,1,1,0,0.0,3691,0,0,0.027,,JUNK - referral spam / bot
F_referral_spam_bot,pageReferrer,homeaddict.io,2023|04,user_engagement,1,1,0,0.0,3691,0,0,0.027,,JUNK - referral spam / bot
F_referral_spam_bot,pageReferrer,infinititya.com,2023|04,first_visit,1,1,0,0.0,3691,0,0,0.027,,JUNK - referral spam / bot
F_referral_spam_bot,pageReferrer,infinititya.com,2023|04,page_view,1,1,0,0.0,3691,0,0,0.027,,JUNK - referral spam / bot
F_referral_spam_bot,pageReferrer,infinititya.com,2023|04,session_start,1,1,0,0.0,3691,0,0,0.027,,JUNK - referral spam / bot
F_referral_spam_bot,pageReferrer,rainnbowe.com,2023|04,first_visit,1,1,0,0.0,3691,0,0,0.027,,JUNK - referral spam / bot
F_referral_spam_bot,pageReferrer,rainnbowe.com,2023|04,page_view,1,1,0,0.0,3691,0,0,0.027,,JUNK - referral spam / bot
F_referral_spam_bot,pageReferrer,rainnbowe.com,2023|04,session_start,1,1,0,0.0,3691,0,0,0.027,,JUNK - referral spam / bot
F_referral_spam_bot,pageReferrer,rainnbowe.com,2023|04,user_engagement,1,1,0,0.0,3691,0,0,0.027,,JUNK - referral spam / bot
F_referral_spam_bot,pageReferrer,remedydaily.com,2023|04,first_visit,1,1,0,0.0,3691,0,0,0.027,,JUNK - referral spam / bot
F_referral_spam_bot,pageReferrer,remedydaily.com,2023|04,page_view,2,2,0,0.0,3691,0,0,0.054,,JUNK - referral spam / bot
F_referral_spam_bot,pageReferrer,remedydaily.com,2023|04,session_start,2,2,0,0.0,3691,0,0,0.054,,JUNK - referral spam / bot
F_referral_spam_bot,pageReferrer,remedydaily.com,2023|04,user_engagement,1,1,0,0.0,3691,0,0,0.027,,JUNK - referral spam / bot
F_referral_spam_bot,pageReferrer,souilde.com,2023|04,first_visit,2,2,0,0.0,3691,0,0,0.054,,JUNK - referral spam / bot
F_referral_spam_bot,pageReferrer,souilde.com,2023|04,page_view,3,3,0,0.0,3691,0,0,0.081,,JUNK - referral spam / bot
F_referral_spam_bot,pageReferrer,souilde.com,2023|04,session_start,3,3,0,0.0,3691,0,0,0.081,,JUNK - referral spam / bot
F_referral_spam_bot,pageReferrer,souilde.com,2023|04,user_engagement,1,1,0,0.0,3691,0,0,0.027,,JUNK - referral spam / bot
F_referral_spam_bot,pageReferrer,timestim.com,2023|04,first_visit,1,1,0,0.0,3691,0,0,0.027,,JUNK - referral spam / bot
F_referral_spam_bot,pageReferrer,timestim.com,2023|04,page_view,2,2,0,0.0,3691,0,0,0.054,,JUNK - referral spam / bot
F_referral_spam_bot,pageReferrer,timestim.com,2023|04,session_start,2,2,0,0.0,3691,0,0,0.054,,JUNK - referral spam / bot
F_referral_spam_bot,pageReferrer,www.figensahin.com,2023|04,first_visit,1,1,0,0.0,3691,0,0,0.027,,JUNK - referral spam / bot
F_referral_spam_bot,pageReferrer,www.figensahin.com,2023|04,page_view,1,1,0,0.0,3691,0,0,0.027,,JUNK - referral spam / bot
F_referral_spam_bot,pageReferrer,www.figensahin.com,2023|04,session_start,1,1,0,0.0,3691,0,0,0.027,,JUNK - referral spam / bot
F_referral_spam_bot,pageReferrer,www.onegreenplanet.org,2023|04,first_visit,1,1,0,0.0,3691,0,0,0.027,,JUNK - referral spam / bot
F_referral_spam_bot,pageReferrer,www.onegreenplanet.org,2023|04,page_view,2,1,0,0.0,3691,0,0,0.054,,JUNK - referral spam / bot
F_referral_spam_bot,pageReferrer,www.onegreenplanet.org,2023|04,session_start,1,1,0,0.0,3691,0,0,0.027,,JUNK - referral spam / bot
F_referral_spam_bot,pageReferrer,www.onegreenplanet.org,2023|04,user_engagement,1,1,0,0.0,3691,0,0,0.027,,JUNK - referral spam / bot
F_referral_spam_bot,sessionSourceMedium,figensahin.com / referral,2023|04,first_visit,1,1,0,0.0,3691,0,0,0.027,,JUNK - referral spam / bot
F_referral_spam_bot,sessionSourceMedium,figensahin.com / referral,2023|04,page_view,1,1,0,0.0,3691,0,0,0.027,,JUNK - referral spam / bot
F_referral_spam_bot,sessionSourceMedium,figensahin.com / referral,2023|04,session_start,1,1,0,0.0,3691,0,0,0.027,,JUNK - referral spam / bot
F_referral_spam_bot,pageReferrer,care.oukeno.com,2023|05,first_visit,1,1,0,0.0,5239,0,0,0.019,,JUNK - referral spam / bot
F_referral_spam_bot,pageReferrer,care.oukeno.com,2023|05,page_view,1,1,0,0.0,5239,0,0,0.019,,JUNK - referral spam / bot
F_referral_spam_bot,pageReferrer,care.oukeno.com,2023|05,session_start,1,1,0,0.0,5239,0,0,0.019,,JUNK - referral spam / bot
F_referral_spam_bot,pageReferrer,facty.com,2023|05,first_visit,16,16,0,0.0,5239,0,0,0.305,,JUNK - referral spam / bot
F_referral_spam_bot,pageReferrer,facty.com,2023|05,page_view,19,17,0,0.0,5239,0,0,0.363,,JUNK - referral spam / bot
F_referral_spam_bot,pageReferrer,facty.com,2023|05,scroll,2,2,0,0.0,5239,0,0,0.038,,JUNK - referral spam / bot
F_referral_spam_bot,pageReferrer,facty.com,2023|05,session_start,18,18,0,0.0,5239,0,0,0.344,,JUNK - referral spam / bot
F_referral_spam_bot,pageReferrer,facty.com,2023|05,user_engagement,6,6,0,0.0,5239,0,0,0.115,,JUNK - referral spam / bot
F_referral_spam_bot,pageReferrer,femanin.com,2023|05,first_visit,88,88,0,0.0,5239,0,0,1.68,,JUNK - referral spam / bot
F_referral_spam_bot,pageReferrer,femanin.com,2023|05,page_view,114,96,0,0.0,5239,0,0,2.176,,JUNK - referral spam / bot
F_referral_spam_bot,pageReferrer,femanin.com,2023|05,scroll,2,2,0,0.0,5239,0,0,0.038,,JUNK - referral spam / bot
F_referral_spam_bot,pageReferrer,femanin.com,2023|05,session_start,96,96,0,0.0,5239,0,0,1.832,,JUNK - referral spam / bot
F_referral_spam_bot,pageReferrer,femanin.com,2023|05,user_engagement,28,25,0,0.0,5239,0,0,0.534,,JUNK - referral spam / bot
F_referral_spam_bot,pageReferrer,fooduclub.com,2023|05,first_visit,2,2,0,0.0,5239,0,0,0.038,,JUNK - referral spam / bot
F_referral_spam_bot,pageReferrer,fooduclub.com,2023|05,page_view,2,2,0,0.0,5239,0,0,0.038,,JUNK - referral spam / bot
F_referral_spam_bot,pageReferrer,fooduclub.com,2023|05,session_start,2,2,0,0.0,5239,0,0,0.038,,JUNK - referral spam / bot
F_referral_spam_bot,pageReferrer,maps.apple.com,2023|05,first_visit,1,1,0,0.0,5239,0,0,0.019,,JUNK - referral spam / bot
F_referral_spam_bot,pageReferrer,maps.apple.com,2023|05,form_start,1,1,0,0.0,5239,0,0,0.019,,JUNK - referral spam / bot
F_referral_spam_bot,pageReferrer,maps.apple.com,2023|05,page_view,1,1,0,0.0,5239,0,0,0.019,,JUNK - referral spam / bot
F_referral_spam_bot,pageReferrer,maps.apple.com,2023|05,session_start,1,1,0,0.0,5239,0,0,0.019,,JUNK - referral spam / bot
F_referral_spam_bot,pageReferrer,maps.apple.com,2023|05,user_engagement,1,1,0,0.0,5239,0,0,0.019,,JUNK - referral spam / bot
F_referral_spam_bot,pageReferrer,medical-news.org,2023|05,first_visit,5,5,0,0.0,5239,0,0,0.095,,JUNK - referral spam / bot
F_referral_spam_bot,pageReferrer,medical-news.org,2023|05,page_view,8,5,0,0.0,5239,0,0,0.153,,JUNK - referral spam / bot
F_referral_spam_bot,pageReferrer,medical-news.org,2023|05,session_start,5,5,0,0.0,5239,0,0,0.095,,JUNK - referral spam / bot
F_referral_spam_bot,pageReferrer,medical-news.org,2023|05,user_engagement,4,3,0,0.0,5239,0,0,0.076,,JUNK - referral spam / bot
F_referral_spam_bot,pageReferrer,remedydaily.com,2023|05,first_visit,3,3,0,0.0,5239,0,0,0.057,,JUNK - referral spam / bot
F_referral_spam_bot,pageReferrer,remedydaily.com,2023|05,page_view,3,3,0,0.0,5239,0,0,0.057,,JUNK - referral spam / bot
F_referral_spam_bot,pageReferrer,remedydaily.com,2023|05,session_start,3,3,0,0.0,5239,0,0,0.057,,JUNK - referral spam / bot
F_referral_spam_bot,pageReferrer,remedydaily.com,2023|05,user_engagement,1,1,0,0.0,5239,0,0,0.019,,JUNK - referral spam / bot
F_referral_spam_bot,pageReferrer,whafish.com,2023|05,first_visit,1,1,0,0.0,5239,0,0,0.019,,JUNK - referral spam / bot
F_referral_spam_bot,pageReferrer,whafish.com,2023|05,page_view,1,1,0,0.0,5239,0,0,0.019,,JUNK - referral spam / bot
F_referral_spam_bot,pageReferrer,whafish.com,2023|05,session_start,1,1,0,0.0,5239,0,0,0.019,,JUNK - referral spam / bot
F_referral_spam_bot,pageReferrer,www.blancablog.online,2023|05,first_visit,1,1,0,0.0,5239,0,0,0.019,,JUNK - referral spam / bot
F_referral_spam_bot,pageReferrer,www.blancablog.online,2023|05,page_view,1,1,0,0.0,5239,0,0,0.019,,JUNK - referral spam / bot
F_referral_spam_bot,pageReferrer,www.blancablog.online,2023|05,session_start,1,1,0,0.0,5239,0,0,0.019,,JUNK - referral spam / bot
F_referral_spam_bot,pageReferrer,www.elainasblog.xyz,2023|05,first_visit,1,1,0,0.0,5239,0,0,0.019,,JUNK - referral spam / bot
F_referral_spam_bot,pageReferrer,www.elainasblog.xyz,2023|05,page_view,1,1,0,0.0,5239,0,0,0.019,,JUNK - referral spam / bot
F_referral_spam_bot,pageReferrer,www.elainasblog.xyz,2023|05,session_start,1,1,0,0.0,5239,0,0,0.019,,JUNK - referral spam / bot
F_referral_spam_bot,pageReferrer,www.panoramaweb.com.mx,2023|05,first_visit,1,1,0,0.0,5239,0,0,0.019,,JUNK - referral spam / bot
F_referral_spam_bot,pageReferrer,www.panoramaweb.com.mx,2023|05,page_view,1,1,0,0.0,5239,0,0,0.019,,JUNK - referral spam / bot
F_referral_spam_bot,pageReferrer,www.panoramaweb.com.mx,2023|05,session_start,1,1,0,0.0,5239,0,0,0.019,,JUNK - referral spam / bot
F_referral_spam_bot,pageReferrer,www.panoramaweb.com.mx,2023|05,user_engagement,1,1,0,0.0,5239,0,0,0.019,,JUNK - referral spam / bot
F_referral_spam_bot,pageReferrer,yourdiy.com,2023|05,first_visit,1,1,0,0.0,5239,0,0,0.019,,JUNK - referral spam / bot
F_referral_spam_bot,pageReferrer,yourdiy.com,2023|05,page_view,1,1,0,0.0,5239,0,0,0.019,,JUNK - referral spam / bot
F_referral_spam_bot,pageReferrer,yourdiy.com,2023|05,session_start,1,1,0,0.0,5239,0,0,0.019,,JUNK - referral spam / bot
F_referral_spam_bot,sessionSourceMedium,blancablog.online / referral,2023|05,first_visit,1,1,0,0.0,5239,0,0,0.019,,JUNK - referral spam / bot
F_referral_spam_bot,sessionSourceMedium,blancablog.online / referral,2023|05,page_view,1,1,0,0.0,5239,0,0,0.019,,JUNK - referral spam / bot
F_referral_spam_bot,sessionSourceMedium,blancablog.online / referral,2023|05,session_start,1,1,0,0.0,5239,0,0,0.019,,JUNK - referral spam / bot
F_referral_spam_bot,sessionSourceMedium,elainasblog.xyz / referral,2023|05,first_visit,1,1,0,0.0,5239,0,0,0.019,,JUNK - referral spam / bot
F_referral_spam_bot,sessionSourceMedium,elainasblog.xyz / referral,2023|05,page_view,1,1,0,0.0,5239,0,0,0.019,,JUNK - referral spam / bot
F_referral_spam_bot,sessionSourceMedium,elainasblog.xyz / referral,2023|05,session_start,1,1,0,0.0,5239,0,0,0.019,,JUNK - referral spam / bot
F_referral_spam_bot,sessionSourceMedium,maps.apple.com / referral,2023|05,first_visit,1,1,0,0.0,5239,0,0,0.019,,JUNK - referral spam / bot
F_referral_spam_bot,sessionSourceMedium,maps.apple.com / referral,2023|05,form_start,1,1,0,0.0,5239,0,0,0.019,,JUNK - referral spam / bot
F_referral_spam_bot,sessionSourceMedium,maps.apple.com / referral,2023|05,page_view,10,4,0,0.0,5239,0,0,0.191,,JUNK - referral spam / bot
F_referral_spam_bot,sessionSourceMedium,maps.apple.com / referral,2023|05,scroll,3,2,0,0.0,5239,0,0,0.057,,JUNK - referral spam / bot
F_referral_spam_bot,sessionSourceMedium,maps.apple.com / referral,2023|05,session_start,4,4,0,0.0,5239,0,0,0.076,,JUNK - referral spam / bot
F_referral_spam_bot,sessionSourceMedium,maps.apple.com / referral,2023|05,user_engagement,7,3,0,0.0,5239,0,0,0.134,,JUNK - referral spam / bot
F_referral_spam_bot,pageReferrer,a2zhealthy.com,2023|06,first_visit,1,1,0,0.0,3257,0,0,0.031,,JUNK - referral spam / bot
F_referral_spam_bot,pageReferrer,a2zhealthy.com,2023|06,page_view,4,1,0,0.0,3257,0,0,0.123,,JUNK - referral spam / bot
F_referral_spam_bot,pageReferrer,a2zhealthy.com,2023|06,session_start,1,1,0,0.0,3257,0,0,0.031,,JUNK - referral spam / bot
F_referral_spam_bot,pageReferrer,a2zhealthy.com,2023|06,user_engagement,3,1,0,0.0,3257,0,0,0.092,,JUNK - referral spam / bot
F_referral_spam_bot,pageReferrer,baymum.com,2023|06,first_visit,1,1,0,0.0,3257,0,0,0.031,,JUNK - referral spam / bot
F_referral_spam_bot,pageReferrer,baymum.com,2023|06,page_view,1,1,0,0.0,3257,0,0,0.031,,JUNK - referral spam / bot
F_referral_spam_bot,pageReferrer,baymum.com,2023|06,session_start,2,2,0,0.0,3257,0,0,0.061,,JUNK - referral spam / bot
F_referral_spam_bot,pageReferrer,baymum.com,2023|06,user_engagement,1,1,0,0.0,3257,0,0,0.031,,JUNK - referral spam / bot
F_referral_spam_bot,pageReferrer,facty.com,2023|06,first_visit,2,2,0,0.0,3257,0,0,0.061,,JUNK - referral spam / bot
F_referral_spam_bot,pageReferrer,facty.com,2023|06,page_view,2,2,0,0.0,3257,0,0,0.061,,JUNK - referral spam / bot
F_referral_spam_bot,pageReferrer,facty.com,2023|06,session_start,2,2,0,0.0,3257,0,0,0.061,,JUNK - referral spam / bot
F_referral_spam_bot,pageReferrer,facty.com,2023|06,user_engagement,1,1,0,0.0,3257,0,0,0.031,,JUNK - referral spam / bot
F_referral_spam_bot,pageReferrer,firenzeire.com,2023|06,first_visit,1,1,0,0.0,3257,0,0,0.031,,JUNK - referral spam / bot
F_referral_spam_bot,pageReferrer,firenzeire.com,2023|06,page_view,1,1,0,0.0,3257,0,0,0.031,,JUNK - referral spam / bot
F_referral_spam_bot,pageReferrer,firenzeire.com,2023|06,session_start,1,1,0,0.0,3257,0,0,0.031,,JUNK - referral spam / bot
F_referral_spam_bot,pageReferrer,fittrendzzy.com,2023|06,first_visit,1,1,0,0.0,3257,0,0,0.031,,JUNK - referral spam / bot
F_referral_spam_bot,pageReferrer,fittrendzzy.com,2023|06,page_view,1,1,0,0.0,3257,0,0,0.031,,JUNK - referral spam / bot
F_referral_spam_bot,pageReferrer,fittrendzzy.com,2023|06,session_start,1,1,0,0.0,3257,0,0,0.031,,JUNK - referral spam / bot
F_referral_spam_bot,pageReferrer,gooxox.com,2023|06,first_visit,1,1,0,0.0,3257,0,0,0.031,,JUNK - referral spam / bot
F_referral_spam_bot,pageReferrer,gooxox.com,2023|06,page_view,1,1,0,0.0,3257,0,0,0.031,,JUNK - referral spam / bot
F_referral_spam_bot,pageReferrer,gooxox.com,2023|06,session_start,1,1,0,0.0,3257,0,0,0.031,,JUNK - referral spam / bot
F_referral_spam_bot,pageReferrer,guerrfps.com,2023|06,first_visit,2,2,0,0.0,3257,0,0,0.061,,JUNK - referral spam / bot
F_referral_spam_bot,pageReferrer,guerrfps.com,2023|06,form_start,1,1,0,0.0,3257,0,0,0.031,,JUNK - referral spam / bot
F_referral_spam_bot,pageReferrer,guerrfps.com,2023|06,page_view,3,2,0,0.0,3257,0,0,0.092,,JUNK - referral spam / bot
F_referral_spam_bot,pageReferrer,guerrfps.com,2023|06,session_start,2,2,0,0.0,3257,0,0,0.061,,JUNK - referral spam / bot
F_referral_spam_bot,pageReferrer,moonlakelane.com,2023|06,first_visit,1,1,0,0.0,3257,0,0,0.031,,JUNK - referral spam / bot
F_referral_spam_bot,pageReferrer,moonlakelane.com,2023|06,page_view,1,1,0,0.0,3257,0,0,0.031,,JUNK - referral spam / bot
F_referral_spam_bot,pageReferrer,moonlakelane.com,2023|06,session_start,1,1,0,0.0,3257,0,0,0.031,,JUNK - referral spam / bot
F_referral_spam_bot,pageReferrer,moonlakelane.com,2023|06,user_engagement,1,1,0,0.0,3257,0,0,0.031,,JUNK - referral spam / bot
F_referral_spam_bot,pageReferrer,newsphyue.com,2023|06,first_visit,1,1,0,0.0,3257,0,0,0.031,,JUNK - referral spam / bot
F_referral_spam_bot,pageReferrer,newsphyue.com,2023|06,page_view,1,1,0,0.0,3257,0,0,0.031,,JUNK - referral spam / bot
F_referral_spam_bot,pageReferrer,newsphyue.com,2023|06,session_start,1,1,0,0.0,3257,0,0,0.031,,JUNK - referral spam / bot
F_referral_spam_bot,pageReferrer,rosiewoody.com,2023|06,first_visit,1,1,0,0.0,3257,0,0,0.031,,JUNK - referral spam / bot
F_referral_spam_bot,pageReferrer,rosiewoody.com,2023|06,page_view,1,1,0,0.0,3257,0,0,0.031,,JUNK - referral spam / bot
F_referral_spam_bot,pageReferrer,rosiewoody.com,2023|06,session_start,1,1,0,0.0,3257,0,0,0.031,,JUNK - referral spam / bot
F_referral_spam_bot,pageReferrer,samsushow.com,2023|06,first_visit,2,2,0,0.0,3257,0,0,0.061,,JUNK - referral spam / bot
F_referral_spam_bot,pageReferrer,samsushow.com,2023|06,page_view,2,2,0,0.0,3257,0,0,0.061,,JUNK - referral spam / bot
F_referral_spam_bot,pageReferrer,samsushow.com,2023|06,scroll,1,1,0,0.0,3257,0,0,0.031,,JUNK - referral spam / bot
F_referral_spam_bot,pageReferrer,samsushow.com,2023|06,session_start,2,2,0,0.0,3257,0,0,0.061,,JUNK - referral spam / bot
F_referral_spam_bot,pageReferrer,samsushow.com,2023|06,user_engagement,1,1,0,0.0,3257,0,0,0.031,,JUNK - referral spam / bot
F_referral_spam_bot,pageReferrer,takenotee.com,2023|06,first_visit,1,1,0,0.0,3257,0,0,0.031,,JUNK - referral spam / bot
F_referral_spam_bot,pageReferrer,takenotee.com,2023|06,page_view,1,1,0,0.0,3257,0,0,0.031,,JUNK - referral spam / bot
F_referral_spam_bot,pageReferrer,takenotee.com,2023|06,session_start,1,1,0,0.0,3257,0,0,0.031,,JUNK - referral spam / bot
F_referral_spam_bot,pageReferrer,veryhealthy.life,2023|06,first_visit,1,1,0,0.0,3257,0,0,0.031,,JUNK - referral spam / bot
F_referral_spam_bot,pageReferrer,veryhealthy.life,2023|06,page_view,1,1,0,0.0,3257,0,0,0.031,,JUNK - referral spam / bot
F_referral_spam_bot,pageReferrer,veryhealthy.life,2023|06,session_start,1,1,0,0.0,3257,0,0,0.031,,JUNK - referral spam / bot
F_referral_spam_bot,pageReferrer,vvsei.marihome.online,2023|06,first_visit,1,1,0,0.0,3257,0,0,0.031,,JUNK - referral spam / bot
F_referral_spam_bot,pageReferrer,vvsei.marihome.online,2023|06,page_view,1,1,0,0.0,3257,0,0,0.031,,JUNK - referral spam / bot
F_referral_spam_bot,pageReferrer,vvsei.marihome.online,2023|06,session_start,1,1,0,0.0,3257,0,0,0.031,,JUNK - referral spam / bot
F_referral_spam_bot,pageReferrer,www.alive.com,2023|06,first_visit,1,1,0,0.0,3257,0,0,0.031,,JUNK - referral spam / bot
F_referral_spam_bot,pageReferrer,www.alive.com,2023|06,page_view,1,1,0,0.0,3257,0,0,0.031,,JUNK - referral spam / bot
F_referral_spam_bot,pageReferrer,www.alive.com,2023|06,session_start,1,1,0,0.0,3257,0,0,0.031,,JUNK - referral spam / bot
F_referral_spam_bot,pageReferrer,www.alive.com,2023|06,user_engagement,1,1,0,0.0,3257,0,0,0.031,,JUNK - referral spam / bot
F_referral_spam_bot,pageReferrer,www.cnbc.com,2023|06,first_visit,1,1,0,0.0,3257,0,0,0.031,,JUNK - referral spam / bot
F_referral_spam_bot,pageReferrer,www.cnbc.com,2023|06,page_view,1,1,0,0.0,3257,0,0,0.031,,JUNK - referral spam / bot
F_referral_spam_bot,pageReferrer,www.cnbc.com,2023|06,session_start,1,1,0,0.0,3257,0,0,0.031,,JUNK - referral spam / bot
F_referral_spam_bot,pageReferrer,www.delish.com,2023|06,first_visit,1,1,0,0.0,3257,0,0,0.031,,JUNK - referral spam / bot
F_referral_spam_bot,pageReferrer,www.delish.com,2023|06,page_view,1,1,0,0.0,3257,0,0,0.031,,JUNK - referral spam / bot
F_referral_spam_bot,pageReferrer,www.delish.com,2023|06,session_start,1,1,0,0.0,3257,0,0,0.031,,JUNK - referral spam / bot
F_referral_spam_bot,pageReferrer,www.ethelsblog.online,2023|06,first_visit,1,1,0,0.0,3257,0,0,0.031,,JUNK - referral spam / bot
F_referral_spam_bot,pageReferrer,www.ethelsblog.online,2023|06,page_view,2,2,0,0.0,3257,0,0,0.061,,JUNK - referral spam / bot
F_referral_spam_bot,pageReferrer,www.ethelsblog.online,2023|06,session_start,1,1,0,0.0,3257,0,0,0.031,,JUNK - referral spam / bot
F_referral_spam_bot,pageReferrer,www.gosocial.co,2023|06,first_visit,1,1,0,0.0,3257,0,0,0.031,,JUNK - referral spam / bot
F_referral_spam_bot,pageReferrer,www.gosocial.co,2023|06,page_view,1,1,0,0.0,3257,0,0,0.031,,JUNK - referral spam / bot
F_referral_spam_bot,pageReferrer,www.gosocial.co,2023|06,session_start,1,1,0,0.0,3257,0,0,0.031,,JUNK - referral spam / bot
F_referral_spam_bot,pageReferrer,www.ommgy.com,2023|06,first_visit,1,1,0,0.0,3257,0,0,0.031,,JUNK - referral spam / bot
F_referral_spam_bot,pageReferrer,www.ommgy.com,2023|06,page_view,1,1,0,0.0,3257,0,0,0.031,,JUNK - referral spam / bot
F_referral_spam_bot,pageReferrer,www.ommgy.com,2023|06,session_start,1,1,0,0.0,3257,0,0,0.031,,JUNK - referral spam / bot
F_referral_spam_bot,pageReferrer,www.relationshipsurgery.com,2023|06,first_visit,1,1,0,0.0,3257,0,0,0.031,,JUNK - referral spam / bot
F_referral_spam_bot,pageReferrer,www.relationshipsurgery.com,2023|06,page_view,2,2,0,0.0,3257,0,0,0.061,,JUNK - referral spam / bot
F_referral_spam_bot,pageReferrer,www.relationshipsurgery.com,2023|06,session_start,2,2,0,0.0,3257,0,0,0.061,,JUNK - referral spam / bot
F_referral_spam_bot,sessionSourceMedium,ethelsblog.online / referral,2023|06,first_visit,1,1,0,0.0,3257,0,0,0.031,,JUNK - referral spam / bot
F_referral_spam_bot,sessionSourceMedium,ethelsblog.online / referral,2023|06,page_view,2,1,0,0.0,3257,0,0,0.061,,JUNK - referral spam / bot
F_referral_spam_bot,sessionSourceMedium,ethelsblog.online / referral,2023|06,session_start,1,1,0,0.0,3257,0,0,0.031,,JUNK - referral spam / bot
F_referral_spam_bot,sessionSourceMedium,vvsei.marihome.online / referral,2023|06,first_visit,1,1,0,0.0,3257,0,0,0.031,,JUNK - referral spam / bot
F_referral_spam_bot,sessionSourceMedium,vvsei.marihome.online / referral,2023|06,page_view,1,1,0,0.0,3257,0,0,0.031,,JUNK - referral spam / bot
F_referral_spam_bot,sessionSourceMedium,vvsei.marihome.online / referral,2023|06,session_start,1,1,0,0.0,3257,0,0,0.031,,JUNK - referral spam / bot
F_referral_spam_bot,pageReferrer,aligences.com,2023|07,first_visit,1,1,0,0.0,3369,0,0,0.03,,JUNK - referral spam / bot
F_referral_spam_bot,pageReferrer,aligences.com,2023|07,page_view,1,1,0,0.0,3369,0,0,0.03,,JUNK - referral spam / bot
F_referral_spam_bot,pageReferrer,aligences.com,2023|07,scroll,1,1,0,0.0,3369,0,0,0.03,,JUNK - referral spam / bot
F_referral_spam_bot,pageReferrer,aligences.com,2023|07,session_start,1,1,0,0.0,3369,0,0,0.03,,JUNK - referral spam / bot
F_referral_spam_bot,pageReferrer,aligences.com,2023|07,user_engagement,1,1,0,0.0,3369,0,0,0.03,,JUNK - referral spam / bot
F_referral_spam_bot,pageReferrer,audiobumm.com,2023|07,first_visit,1,1,0,0.0,3369,0,0,0.03,,JUNK - referral spam / bot
F_referral_spam_bot,pageReferrer,audiobumm.com,2023|07,page_view,1,1,0,0.0,3369,0,0,0.03,,JUNK - referral spam / bot
F_referral_spam_bot,pageReferrer,audiobumm.com,2023|07,session_start,1,1,0,0.0,3369,0,0,0.03,,JUNK - referral spam / bot
F_referral_spam_bot,pageReferrer,bestfolkmedicine.com,2023|07,first_visit,1,1,0,0.0,3369,0,0,0.03,,JUNK - referral spam / bot
F_referral_spam_bot,pageReferrer,bestfolkmedicine.com,2023|07,page_view,1,1,0,0.0,3369,0,0,0.03,,JUNK - referral spam / bot
F_referral_spam_bot,pageReferrer,bestfolkmedicine.com,2023|07,session_start,1,1,0,0.0,3369,0,0,0.03,,JUNK - referral spam / bot
F_referral_spam_bot,pageReferrer,bestfolkmedicine.com,2023|07,user_engagement,1,1,0,0.0,3369,0,0,0.03,,JUNK - referral spam / bot
F_referral_spam_bot,pageReferrer,carvsrac.com,2023|07,first_visit,1,1,0,0.0,3369,0,0,0.03,,JUNK - referral spam / bot
F_referral_spam_bot,pageReferrer,carvsrac.com,2023|07,page_view,3,2,0,0.0,3369,0,0,0.089,,JUNK - referral spam / bot
F_referral_spam_bot,pageReferrer,carvsrac.com,2023|07,session_start,2,2,0,0.0,3369,0,0,0.059,,JUNK - referral spam / bot
F_referral_spam_bot,pageReferrer,facty.com,2023|07,first_visit,1,1,0,0.0,3369,0,0,0.03,,JUNK - referral spam / bot
F_referral_spam_bot,pageReferrer,facty.com,2023|07,page_view,1,1,0,0.0,3369,0,0,0.03,,JUNK - referral spam / bot
F_referral_spam_bot,pageReferrer,facty.com,2023|07,session_start,1,1,0,0.0,3369,0,0,0.03,,JUNK - referral spam / bot
F_referral_spam_bot,pageReferrer,facty.com,2023|07,user_engagement,1,1,0,0.0,3369,0,0,0.03,,JUNK - referral spam / bot
F_referral_spam_bot,pageReferrer,favorhers.com,2023|07,first_visit,2,2,0,0.0,3369,0,0,0.059,,JUNK - referral spam / bot
F_referral_spam_bot,pageReferrer,favorhers.com,2023|07,page_view,2,2,0,0.0,3369,0,0,0.059,,JUNK - referral spam / bot
F_referral_spam_bot,pageReferrer,favorhers.com,2023|07,scroll,1,1,0,0.0,3369,0,0,0.03,,JUNK - referral spam / bot
F_referral_spam_bot,pageReferrer,favorhers.com,2023|07,session_start,2,2,0,0.0,3369,0,0,0.059,,JUNK - referral spam / bot
F_referral_spam_bot,pageReferrer,favorhers.com,2023|07,user_engagement,2,2,0,0.0,3369,0,0,0.059,,JUNK - referral spam / bot
F_referral_spam_bot,pageReferrer,femanin.com,2023|07,first_visit,6,6,0,0.0,3369,0,0,0.178,,JUNK - referral spam / bot
F_referral_spam_bot,pageReferrer,femanin.com,2023|07,page_view,7,6,0,0.0,3369,0,0,0.208,,JUNK - referral spam / bot
F_referral_spam_bot,pageReferrer,femanin.com,2023|07,scroll,1,1,0,0.0,3369,0,0,0.03,,JUNK - referral spam / bot
F_referral_spam_bot,pageReferrer,femanin.com,2023|07,session_start,6,6,0,0.0,3369,0,0,0.178,,JUNK - referral spam / bot
F_referral_spam_bot,pageReferrer,femanin.com,2023|07,user_engagement,1,1,0,0.0,3369,0,0,0.03,,JUNK - referral spam / bot
F_referral_spam_bot,pageReferrer,firenzeire.com,2023|07,first_visit,2,2,0,0.0,3369,0,0,0.059,,JUNK - referral spam / bot
F_referral_spam_bot,pageReferrer,firenzeire.com,2023|07,page_view,2,2,0,0.0,3369,0,0,0.059,,JUNK - referral spam / bot
F_referral_spam_bot,pageReferrer,firenzeire.com,2023|07,session_start,2,2,0,0.0,3369,0,0,0.059,,JUNK - referral spam / bot
F_referral_spam_bot,pageReferrer,fittrendzzy.com,2023|07,first_visit,1,1,0,0.0,3369,0,0,0.03,,JUNK - referral spam / bot
F_referral_spam_bot,pageReferrer,fittrendzzy.com,2023|07,page_view,1,1,0,0.0,3369,0,0,0.03,,JUNK - referral spam / bot
F_referral_spam_bot,pageReferrer,fittrendzzy.com,2023|07,session_start,1,1,0,0.0,3369,0,0,0.03,,JUNK - referral spam / bot
F_referral_spam_bot,pageReferrer,gooxox.com,2023|07,first_visit,1,1,0,0.0,3369,0,0,0.03,,JUNK - referral spam / bot
F_referral_spam_bot,pageReferrer,gooxox.com,2023|07,page_view,1,1,0,0.0,3369,0,0,0.03,,JUNK - referral spam / bot
F_referral_spam_bot,pageReferrer,gooxox.com,2023|07,session_start,1,1,0,0.0,3369,0,0,0.03,,JUNK - referral spam / bot
F_referral_spam_bot,pageReferrer,gooxox.com,2023|07,user_engagement,1,1,0,0.0,3369,0,0,0.03,,JUNK - referral spam / bot
F_referral_spam_bot,pageReferrer,greenlivingtribe.com,2023|07,first_visit,1,1,0,0.0,3369,0,0,0.03,,JUNK - referral spam / bot
F_referral_spam_bot,pageReferrer,greenlivingtribe.com,2023|07,page_view,3,1,0,0.0,3369,0,0,0.089,,JUNK - referral spam / bot
F_referral_spam_bot,pageReferrer,greenlivingtribe.com,2023|07,scroll,1,1,0,0.0,3369,0,0,0.03,,JUNK - referral spam / bot
F_referral_spam_bot,pageReferrer,greenlivingtribe.com,2023|07,session_start,1,1,0,0.0,3369,0,0,0.03,,JUNK - referral spam / bot
F_referral_spam_bot,pageReferrer,greenlivingtribe.com,2023|07,user_engagement,3,1,0,0.0,3369,0,0,0.089,,JUNK - referral spam / bot
F_referral_spam_bot,pageReferrer,guerrfps.com,2023|07,first_visit,1,1,0,0.0,3369,0,0,0.03,,JUNK - referral spam / bot
F_referral_spam_bot,pageReferrer,guerrfps.com,2023|07,page_view,1,1,0,0.0,3369,0,0,0.03,,JUNK - referral spam / bot
F_referral_spam_bot,pageReferrer,guerrfps.com,2023|07,session_start,1,1,0,0.0,3369,0,0,0.03,,JUNK - referral spam / bot
F_referral_spam_bot,pageReferrer,hongfuntree.com,2023|07,first_visit,7,7,0,0.0,3369,0,0,0.208,,JUNK - referral spam / bot
F_referral_spam_bot,pageReferrer,hongfuntree.com,2023|07,page_view,9,9,0,0.0,3369,0,0,0.267,,JUNK - referral spam / bot
F_referral_spam_bot,pageReferrer,hongfuntree.com,2023|07,session_start,9,9,0,0.0,3369,0,0,0.267,,JUNK - referral spam / bot
F_referral_spam_bot,pageReferrer,hongfuntree.com,2023|07,user_engagement,2,2,0,0.0,3369,0,0,0.059,,JUNK - referral spam / bot
F_referral_spam_bot,pageReferrer,lessomore.com,2023|07,first_visit,1,1,0,0.0,3369,0,0,0.03,,JUNK - referral spam / bot
F_referral_spam_bot,pageReferrer,lessomore.com,2023|07,page_view,1,1,0,0.0,3369,0,0,0.03,,JUNK - referral spam / bot
F_referral_spam_bot,pageReferrer,lessomore.com,2023|07,session_start,1,1,0,0.0,3369,0,0,0.03,,JUNK - referral spam / bot
F_referral_spam_bot,pageReferrer,m.economictimes.com,2023|07,first_visit,1,1,0,0.0,3369,0,0,0.03,,JUNK - referral spam / bot
F_referral_spam_bot,pageReferrer,m.economictimes.com,2023|07,page_view,1,1,0,0.0,3369,0,0,0.03,,JUNK - referral spam / bot
F_referral_spam_bot,pageReferrer,m.economictimes.com,2023|07,session_start,1,1,0,0.0,3369,0,0,0.03,,JUNK - referral spam / bot
F_referral_spam_bot,pageReferrer,m.economictimes.com,2023|07,user_engagement,1,1,0,0.0,3369,0,0,0.03,,JUNK - referral spam / bot
F_referral_spam_bot,pageReferrer,medical-news.org,2023|07,first_visit,1,1,0,0.0,3369,0,0,0.03,,JUNK - referral spam / bot
F_referral_spam_bot,pageReferrer,medical-news.org,2023|07,page_view,1,1,0,0.0,3369,0,0,0.03,,JUNK - referral spam / bot
F_referral_spam_bot,pageReferrer,medical-news.org,2023|07,session_start,1,1,0,0.0,3369,0,0,0.03,,JUNK - referral spam / bot
F_referral_spam_bot,pageReferrer,medical-news.org,2023|07,user_engagement,1,1,0,0.0,3369,0,0,0.03,,JUNK - referral spam / bot
F_referral_spam_bot,pageReferrer,mockhorse.com,2023|07,first_visit,1,1,0,0.0,3369,0,0,0.03,,JUNK - referral spam / bot
F_referral_spam_bot,pageReferrer,mockhorse.com,2023|07,page_view,1,1,0,0.0,3369,0,0,0.03,,JUNK - referral spam / bot
F_referral_spam_bot,pageReferrer,mockhorse.com,2023|07,session_start,1,1,0,0.0,3369,0,0,0.03,,JUNK - referral spam / bot
F_referral_spam_bot,pageReferrer,moonlakelane.com,2023|07,first_visit,1,1,0,0.0,3369,0,0,0.03,,JUNK - referral spam / bot
F_referral_spam_bot,pageReferrer,moonlakelane.com,2023|07,page_view,1,1,0,0.0,3369,0,0,0.03,,JUNK - referral spam / bot
F_referral_spam_bot,pageReferrer,moonlakelane.com,2023|07,session_start,1,1,0,0.0,3369,0,0,0.03,,JUNK - referral spam / bot
F_referral_spam_bot,pageReferrer,my.druggenius.com,2023|07,first_visit,1,1,0,0.0,3369,0,0,0.03,,JUNK - referral spam / bot
F_referral_spam_bot,pageReferrer,my.druggenius.com,2023|07,page_view,1,1,0,0.0,3369,0,0,0.03,,JUNK - referral spam / bot
F_referral_spam_bot,pageReferrer,my.druggenius.com,2023|07,session_start,1,1,0,0.0,3369,0,0,0.03,,JUNK - referral spam / bot
F_referral_spam_bot,pageReferrer,naturalpractitionermag.com,2023|07,first_visit,1,1,0,0.0,3369,0,0,0.03,,JUNK - referral spam / bot
F_referral_spam_bot,pageReferrer,naturalpractitionermag.com,2023|07,page_view,1,1,0,0.0,3369,0,0,0.03,,JUNK - referral spam / bot
F_referral_spam_bot,pageReferrer,naturalpractitionermag.com,2023|07,session_start,1,1,0,0.0,3369,0,0,0.03,,JUNK - referral spam / bot
F_referral_spam_bot,pageReferrer,naturalpractitionermag.com,2023|07,user_engagement,1,1,0,0.0,3369,0,0,0.03,,JUNK - referral spam / bot
F_referral_spam_bot,pageReferrer,nosgiatal.com,2023|07,first_visit,2,2,0,0.0,3369,0,0,0.059,,JUNK - referral spam / bot
F_referral_spam_bot,pageReferrer,nosgiatal.com,2023|07,page_view,3,3,0,0.0,3369,0,0,0.089,,JUNK - referral spam / bot
F_referral_spam_bot,pageReferrer,nosgiatal.com,2023|07,session_start,3,3,0,0.0,3369,0,0,0.089,,JUNK - referral spam / bot
F_referral_spam_bot,pageReferrer,nusmos.com,2023|07,first_visit,1,1,0,0.0,3369,0,0,0.03,,JUNK - referral spam / bot
F_referral_spam_bot,pageReferrer,nusmos.com,2023|07,page_view,1,1,0,0.0,3369,0,0,0.03,,JUNK - referral spam / bot
F_referral_spam_bot,pageReferrer,nusmos.com,2023|07,session_start,1,1,0,0.0,3369,0,0,0.03,,JUNK - referral spam / bot
F_referral_spam_bot,pageReferrer,policypinn.com,2023|07,first_visit,1,1,0,0.0,3369,0,0,0.03,,JUNK - referral spam / bot
F_referral_spam_bot,pageReferrer,policypinn.com,2023|07,page_view,2,2,0,0.0,3369,0,0,0.059,,JUNK - referral spam / bot
F_referral_spam_bot,pageReferrer,policypinn.com,2023|07,session_start,2,2,0,0.0,3369,0,0,0.059,,JUNK - referral spam / bot
F_referral_spam_bot,pageReferrer,popado.net,2023|07,first_visit,1,1,0,0.0,3369,0,0,0.03,,JUNK - referral spam / bot
F_referral_spam_bot,pageReferrer,popado.net,2023|07,page_view,1,1,0,0.0,3369,0,0,0.03,,JUNK - referral spam / bot
F_referral_spam_bot,pageReferrer,popado.net,2023|07,session_start,1,1,0,0.0,3369,0,0,0.03,,JUNK - referral spam / bot
F_referral_spam_bot,pageReferrer,popado.net,2023|07,user_engagement,1,1,0,0.0,3369,0,0,0.03,,JUNK - referral spam / bot
F_referral_spam_bot,pageReferrer,pubnaticle.com,2023|07,first_visit,1,1,0,0.0,3369,0,0,0.03,,JUNK - referral spam / bot
F_referral_spam_bot,pageReferrer,pubnaticle.com,2023|07,page_view,4,4,0,0.0,3369,0,0,0.119,,JUNK - referral spam / bot
F_referral_spam_bot,pageReferrer,pubnaticle.com,2023|07,session_start,4,4,0,0.0,3369,0,0,0.119,,JUNK - referral spam / bot
F_referral_spam_bot,pageReferrer,rosiewoody.com,2023|07,first_visit,1,1,0,0.0,3369,0,0,0.03,,JUNK - referral spam / bot
F_referral_spam_bot,pageReferrer,rosiewoody.com,2023|07,page_view,1,1,0,0.0,3369,0,0,0.03,,JUNK - referral spam / bot
F_referral_spam_bot,pageReferrer,rosiewoody.com,2023|07,session_start,1,1,0,0.0,3369,0,0,0.03,,JUNK - referral spam / bot
F_referral_spam_bot,pageReferrer,runriottricks.com,2023|07,first_visit,1,1,0,0.0,3369,0,0,0.03,,JUNK - referral spam / bot
F_referral_spam_bot,pageReferrer,runriottricks.com,2023|07,page_view,1,1,0,0.0,3369,0,0,0.03,,JUNK - referral spam / bot
F_referral_spam_bot,pageReferrer,runriottricks.com,2023|07,session_start,1,1,0,0.0,3369,0,0,0.03,,JUNK - referral spam / bot
F_referral_spam_bot,pageReferrer,runriottricks.com,2023|07,user_engagement,1,1,0,0.0,3369,0,0,0.03,,JUNK - referral spam / bot
F_referral_spam_bot,pageReferrer,samsushow.com,2023|07,first_visit,1,1,0,0.0,3369,0,0,0.03,,JUNK - referral spam / bot
F_referral_spam_bot,pageReferrer,samsushow.com,2023|07,page_view,1,1,0,0.0,3369,0,0,0.03,,JUNK - referral spam / bot
F_referral_spam_bot,pageReferrer,samsushow.com,2023|07,session_start,1,1,0,0.0,3369,0,0,0.03,,JUNK - referral spam / bot
F_referral_spam_bot,pageReferrer,scitechdaily.com,2023|07,first_visit,2,2,0,0.0,3369,0,0,0.059,,JUNK - referral spam / bot
F_referral_spam_bot,pageReferrer,scitechdaily.com,2023|07,page_view,2,2,0,0.0,3369,0,0,0.059,,JUNK - referral spam / bot
F_referral_spam_bot,pageReferrer,scitechdaily.com,2023|07,session_start,2,2,0,0.0,3369,0,0,0.059,,JUNK - referral spam / bot
F_referral_spam_bot,pageReferrer,scitechdaily.com,2023|07,user_engagement,1,1,0,0.0,3369,0,0,0.03,,JUNK - referral spam / bot
F_referral_spam_bot,pageReferrer,shopinwindow.com,2023|07,first_visit,1,1,0,0.0,3369,0,0,0.03,,JUNK - referral spam / bot
F_referral_spam_bot,pageReferrer,shopinwindow.com,2023|07,page_view,1,1,0,0.0,3369,0,0,0.03,,JUNK - referral spam / bot
F_referral_spam_bot,pageReferrer,shopinwindow.com,2023|07,session_start,1,1,0,0.0,3369,0,0,0.03,,JUNK - referral spam / bot
F_referral_spam_bot,pageReferrer,showgameshub.com,2023|07,first_visit,1,1,0,0.0,3369,0,0,0.03,,JUNK - referral spam / bot
F_referral_spam_bot,pageReferrer,showgameshub.com,2023|07,page_view,1,1,0,0.0,3369,0,0,0.03,,JUNK - referral spam / bot
F_referral_spam_bot,pageReferrer,showgameshub.com,2023|07,session_start,1,1,0,0.0,3369,0,0,0.03,,JUNK - referral spam / bot
F_referral_spam_bot,pageReferrer,showgameshub.com,2023|07,user_engagement,1,1,0,0.0,3369,0,0,0.03,,JUNK - referral spam / bot
F_referral_spam_bot,pageReferrer,sportifyzone.com,2023|07,first_visit,1,1,0,0.0,3369,0,0,0.03,,JUNK - referral spam / bot
F_referral_spam_bot,pageReferrer,sportifyzone.com,2023|07,page_view,1,1,0,0.0,3369,0,0,0.03,,JUNK - referral spam / bot
F_referral_spam_bot,pageReferrer,sportifyzone.com,2023|07,session_start,1,1,0,0.0,3369,0,0,0.03,,JUNK - referral spam / bot
F_referral_spam_bot,pageReferrer,sportifyzone.com,2023|07,user_engagement,1,1,0,0.0,3369,0,0,0.03,,JUNK - referral spam / bot
F_referral_spam_bot,pageReferrer,www.crishapsdy.com,2023|07,first_visit,1,1,0,0.0,3369,0,0,0.03,,JUNK - referral spam / bot
F_referral_spam_bot,pageReferrer,www.crishapsdy.com,2023|07,page_view,1,1,0,0.0,3369,0,0,0.03,,JUNK - referral spam / bot
F_referral_spam_bot,pageReferrer,www.crishapsdy.com,2023|07,session_start,1,1,0,0.0,3369,0,0,0.03,,JUNK - referral spam / bot
F_referral_spam_bot,pageReferrer,www.crishapsdy.com,2023|07,user_engagement,1,1,0,0.0,3369,0,0,0.03,,JUNK - referral spam / bot
F_referral_spam_bot,pageReferrer,www.delish.com,2023|07,first_visit,1,1,0,0.0,3369,0,0,0.03,,JUNK - referral spam / bot
F_referral_spam_bot,pageReferrer,www.delish.com,2023|07,page_view,2,2,0,0.0,3369,0,0,0.059,,JUNK - referral spam / bot
F_referral_spam_bot,pageReferrer,www.delish.com,2023|07,session_start,2,2,0,0.0,3369,0,0,0.059,,JUNK - referral spam / bot
F_referral_spam_bot,pageReferrer,www.emppum.com,2023|07,first_visit,3,3,0,0.0,3369,0,0,0.089,,JUNK - referral spam / bot
F_referral_spam_bot,pageReferrer,www.emppum.com,2023|07,page_view,4,3,0,0.0,3369,0,0,0.119,,JUNK - referral spam / bot
F_referral_spam_bot,pageReferrer,www.emppum.com,2023|07,session_start,3,3,0,0.0,3369,0,0,0.089,,JUNK - referral spam / bot
F_referral_spam_bot,pageReferrer,www.emppum.com,2023|07,user_engagement,1,1,0,0.0,3369,0,0,0.03,,JUNK - referral spam / bot
F_referral_spam_bot,pageReferrer,www.gosocial.co,2023|07,first_visit,1,1,0,0.0,3369,0,0,0.03,,JUNK - referral spam / bot
F_referral_spam_bot,pageReferrer,www.gosocial.co,2023|07,page_view,1,1,0,0.0,3369,0,0,0.03,,JUNK - referral spam / bot
F_referral_spam_bot,pageReferrer,www.gosocial.co,2023|07,session_start,1,1,0,0.0,3369,0,0,0.03,,JUNK - referral spam / bot
F_referral_spam_bot,pageReferrer,www.healthy-holistic-living.com,2023|07,first_visit,1,1,0,0.0,3369,0,0,0.03,,JUNK - referral spam / bot
F_referral_spam_bot,pageReferrer,www.healthy-holistic-living.com,2023|07,page_view,1,1,0,0.0,3369,0,0,0.03,,JUNK - referral spam / bot
F_referral_spam_bot,pageReferrer,www.healthy-holistic-living.com,2023|07,session_start,1,1,0,0.0,3369,0,0,0.03,,JUNK - referral spam / bot
F_referral_spam_bot,pageReferrer,www.helensblog.online,2023|07,first_visit,1,1,0,0.0,3369,0,0,0.03,,JUNK - referral spam / bot
F_referral_spam_bot,pageReferrer,www.helensblog.online,2023|07,page_view,2,1,0,0.0,3369,0,0,0.059,,JUNK - referral spam / bot
F_referral_spam_bot,pageReferrer,www.helensblog.online,2023|07,session_start,1,1,0,0.0,3369,0,0,0.03,,JUNK - referral spam / bot
F_referral_spam_bot,pageReferrer,www.highly-healthy.com,2023|07,first_visit,2,2,0,0.0,3369,0,0,0.059,,JUNK - referral spam / bot
F_referral_spam_bot,pageReferrer,www.highly-healthy.com,2023|07,page_view,2,2,0,0.0,3369,0,0,0.059,,JUNK - referral spam / bot
F_referral_spam_bot,pageReferrer,www.highly-healthy.com,2023|07,session_start,2,2,0,0.0,3369,0,0,0.059,,JUNK - referral spam / bot
F_referral_spam_bot,pageReferrer,www.highly-healthy.com,2023|07,user_engagement,2,2,0,0.0,3369,0,0,0.059,,JUNK - referral spam / bot
F_referral_spam_bot,pageReferrer,www.ignisnatura.org,2023|07,first_visit,1,1,0,0.0,3369,0,0,0.03,,JUNK - referral spam / bot
F_referral_spam_bot,pageReferrer,www.ignisnatura.org,2023|07,page_view,1,1,0,0.0,3369,0,0,0.03,,JUNK - referral spam / bot
F_referral_spam_bot,pageReferrer,www.ignisnatura.org,2023|07,session_start,1,1,0,0.0,3369,0,0,0.03,,JUNK - referral spam / bot
F_referral_spam_bot,pageReferrer,www.ignisnatura.org,2023|07,user_engagement,1,1,0,0.0,3369,0,0,0.03,,JUNK - referral spam / bot
F_referral_spam_bot,pageReferrer,www.ommgy.com,2023|07,first_visit,1,1,0,0.0,3369,0,0,0.03,,JUNK - referral spam / bot
F_referral_spam_bot,pageReferrer,www.ommgy.com,2023|07,page_view,1,1,0,0.0,3369,0,0,0.03,,JUNK - referral spam / bot
F_referral_spam_bot,pageReferrer,www.ommgy.com,2023|07,session_start,1,1,0,0.0,3369,0,0,0.03,,JUNK - referral spam / bot
F_referral_spam_bot,pageReferrer,www.starfavormobi.com,2023|07,first_visit,1,1,0,0.0,3369,0,0,0.03,,JUNK - referral spam / bot
F_referral_spam_bot,pageReferrer,www.starfavormobi.com,2023|07,page_view,1,1,0,0.0,3369,0,0,0.03,,JUNK - referral spam / bot
F_referral_spam_bot,pageReferrer,www.starfavormobi.com,2023|07,session_start,1,1,0,0.0,3369,0,0,0.03,,JUNK - referral spam / bot
F_referral_spam_bot,pageReferrer,www.thehealthsite.com,2023|07,first_visit,1,1,0,0.0,3369,0,0,0.03,,JUNK - referral spam / bot
F_referral_spam_bot,pageReferrer,www.thehealthsite.com,2023|07,page_view,1,1,0,0.0,3369,0,0,0.03,,JUNK - referral spam / bot
F_referral_spam_bot,pageReferrer,www.thehealthsite.com,2023|07,session_start,1,1,0,0.0,3369,0,0,0.03,,JUNK - referral spam / bot
F_referral_spam_bot,pageReferrer,www.tips-and-tricks.co,2023|07,first_visit,1,1,0,0.0,3369,0,0,0.03,,JUNK - referral spam / bot
F_referral_spam_bot,pageReferrer,www.tips-and-tricks.co,2023|07,page_view,1,1,0,0.0,3369,0,0,0.03,,JUNK - referral spam / bot
F_referral_spam_bot,pageReferrer,www.tips-and-tricks.co,2023|07,session_start,1,1,0,0.0,3369,0,0,0.03,,JUNK - referral spam / bot
F_referral_spam_bot,pageReferrer,www.tips-and-tricks.co,2023|07,user_engagement,1,1,0,0.0,3369,0,0,0.03,,JUNK - referral spam / bot
F_referral_spam_bot,pageReferrer,yourdiy.com,2023|07,first_visit,1,1,0,0.0,3369,0,0,0.03,,JUNK - referral spam / bot
F_referral_spam_bot,pageReferrer,yourdiy.com,2023|07,page_view,1,1,0,0.0,3369,0,0,0.03,,JUNK - referral spam / bot
F_referral_spam_bot,pageReferrer,yourdiy.com,2023|07,session_start,1,1,0,0.0,3369,0,0,0.03,,JUNK - referral spam / bot
F_referral_spam_bot,pageReferrer,yourdiy.com,2023|07,user_engagement,1,1,0,0.0,3369,0,0,0.03,,JUNK - referral spam / bot
F_referral_spam_bot,sessionSourceMedium,helensblog.online / referral,2023|07,first_visit,1,1,0,0.0,3369,0,0,0.03,,JUNK - referral spam / bot
F_referral_spam_bot,sessionSourceMedium,helensblog.online / referral,2023|07,page_view,2,1,0,0.0,3369,0,0,0.059,,JUNK - referral spam / bot
F_referral_spam_bot,sessionSourceMedium,helensblog.online / referral,2023|07,session_start,1,1,0,0.0,3369,0,0,0.03,,JUNK - referral spam / bot
F_referral_spam_bot,sessionSourceMedium,naturalpractitionermag.com / referral,2023|07,first_visit,1,1,0,0.0,3369,0,0,0.03,,JUNK - referral spam / bot
F_referral_spam_bot,sessionSourceMedium,naturalpractitionermag.com / referral,2023|07,page_view,1,1,0,0.0,3369,0,0,0.03,,JUNK - referral spam / bot
F_referral_spam_bot,sessionSourceMedium,naturalpractitionermag.com / referral,2023|07,session_start,1,1,0,0.0,3369,0,0,0.03,,JUNK - referral spam / bot
F_referral_spam_bot,sessionSourceMedium,naturalpractitionermag.com / referral,2023|07,user_engagement,1,1,0,0.0,3369,0,0,0.03,,JUNK - referral spam / bot
F_referral_spam_bot,pageReferrer,baymum.com,2023|08,first_visit,2,2,0,0.0,2503,0,0,0.08,,JUNK - referral spam / bot
F_referral_spam_bot,pageReferrer,baymum.com,2023|08,page_view,7,7,0,0.0,2503,0,0,0.28,,JUNK - referral spam / bot
F_referral_spam_bot,pageReferrer,baymum.com,2023|08,session_start,7,7,0,0.0,2503,0,0,0.28,,JUNK - referral spam / bot
F_referral_spam_bot,pageReferrer,cinquoi.com,2023|08,first_visit,2,2,0,0.0,2503,0,0,0.08,,JUNK - referral spam / bot
F_referral_spam_bot,pageReferrer,cinquoi.com,2023|08,page_view,2,2,0,0.0,2503,0,0,0.08,,JUNK - referral spam / bot
F_referral_spam_bot,pageReferrer,cinquoi.com,2023|08,session_start,2,2,0,0.0,2503,0,0,0.08,,JUNK - referral spam / bot
F_referral_spam_bot,pageReferrer,crotiagame.com,2023|08,first_visit,1,1,0,0.0,2503,0,0,0.04,,JUNK - referral spam / bot
F_referral_spam_bot,pageReferrer,crotiagame.com,2023|08,page_view,1,1,0,0.0,2503,0,0,0.04,,JUNK - referral spam / bot
F_referral_spam_bot,pageReferrer,crotiagame.com,2023|08,session_start,1,1,0,0.0,2503,0,0,0.04,,JUNK - referral spam / bot
F_referral_spam_bot,pageReferrer,dashboard.linkshare.com,2023|08,first_visit,1,1,0,0.0,2503,0,0,0.04,,JUNK - referral spam / bot
F_referral_spam_bot,pageReferrer,dashboard.linkshare.com,2023|08,page_view,1,1,0,0.0,2503,0,0,0.04,,JUNK - referral spam / bot
F_referral_spam_bot,pageReferrer,dashboard.linkshare.com,2023|08,session_start,1,1,0,0.0,2503,0,0,0.04,,JUNK - referral spam / bot
F_referral_spam_bot,pageReferrer,dashboard.linkshare.com,2023|08,user_engagement,1,1,0,0.0,2503,0,0,0.04,,JUNK - referral spam / bot
F_referral_spam_bot,pageReferrer,facty.com,2023|08,first_visit,1,1,0,0.0,2503,0,0,0.04,,JUNK - referral spam / bot
F_referral_spam_bot,pageReferrer,facty.com,2023|08,page_view,1,1,0,0.0,2503,0,0,0.04,,JUNK - referral spam / bot
F_referral_spam_bot,pageReferrer,facty.com,2023|08,session_start,1,1,0,0.0,2503,0,0,0.04,,JUNK - referral spam / bot
F_referral_spam_bot,pageReferrer,femanin.com,2023|08,first_visit,1,1,0,0.0,2503,0,0,0.04,,JUNK - referral spam / bot
F_referral_spam_bot,pageReferrer,femanin.com,2023|08,page_view,1,1,0,0.0,2503,0,0,0.04,,JUNK - referral spam / bot
F_referral_spam_bot,pageReferrer,femanin.com,2023|08,session_start,1,1,0,0.0,2503,0,0,0.04,,JUNK - referral spam / bot
F_referral_spam_bot,pageReferrer,health.giapoloa.com,2023|08,page_view,1,1,0,0.0,2503,0,0,0.04,,JUNK - referral spam / bot
F_referral_spam_bot,pageReferrer,health.giapoloa.com,2023|08,session_start,1,1,0,0.0,2503,0,0,0.04,,JUNK - referral spam / bot
F_referral_spam_bot,pageReferrer,health.giapoloa.com,2023|08,user_engagement,1,1,0,0.0,2503,0,0,0.04,,JUNK - referral spam / bot
F_referral_spam_bot,pageReferrer,line-berg.com,2023|08,first_visit,1,1,0,0.0,2503,0,0,0.04,,JUNK - referral spam / bot
F_referral_spam_bot,pageReferrer,line-berg.com,2023|08,page_view,3,1,0,0.0,2503,0,0,0.12,,JUNK - referral spam / bot
F_referral_spam_bot,pageReferrer,line-berg.com,2023|08,session_start,1,1,0,0.0,2503,0,0,0.04,,JUNK - referral spam / bot
F_referral_spam_bot,pageReferrer,line-berg.com,2023|08,user_engagement,2,1,0,0.0,2503,0,0,0.08,,JUNK - referral spam / bot
F_referral_spam_bot,pageReferrer,locahorse.com,2023|08,first_visit,1,1,0,0.0,2503,0,0,0.04,,JUNK - referral spam / bot
F_referral_spam_bot,pageReferrer,locahorse.com,2023|08,page_view,1,1,0,0.0,2503,0,0,0.04,,JUNK - referral spam / bot
F_referral_spam_bot,pageReferrer,locahorse.com,2023|08,session_start,1,1,0,0.0,2503,0,0,0.04,,JUNK - referral spam / bot
F_referral_spam_bot,pageReferrer,medicalxpress.com,2023|08,first_visit,1,1,0,0.0,2503,0,0,0.04,,JUNK - referral spam / bot
F_referral_spam_bot,pageReferrer,medicalxpress.com,2023|08,page_view,1,1,0,0.0,2503,0,0,0.04,,JUNK - referral spam / bot
F_referral_spam_bot,pageReferrer,medicalxpress.com,2023|08,session_start,1,1,0,0.0,2503,0,0,0.04,,JUNK - referral spam / bot
F_referral_spam_bot,pageReferrer,medicalxpress.com,2023|08,user_engagement,1,1,0,0.0,2503,0,0,0.04,,JUNK - referral spam / bot
F_referral_spam_bot,pageReferrer,mockhorse.com,2023|08,first_visit,1,1,0,0.0,2503,0,0,0.04,,JUNK - referral spam / bot
F_referral_spam_bot,pageReferrer,mockhorse.com,2023|08,page_view,1,1,0,0.0,2503,0,0,0.04,,JUNK - referral spam / bot
F_referral_spam_bot,pageReferrer,mockhorse.com,2023|08,session_start,1,1,0,0.0,2503,0,0,0.04,,JUNK - referral spam / bot
F_referral_spam_bot,pageReferrer,mockhorse.com,2023|08,user_engagement,1,1,0,0.0,2503,0,0,0.04,,JUNK - referral spam / bot
F_referral_spam_bot,pageReferrer,parentsnkids.org,2023|08,first_visit,1,1,0,0.0,2503,0,0,0.04,,JUNK - referral spam / bot
F_referral_spam_bot,pageReferrer,parentsnkids.org,2023|08,page_view,1,1,0,0.0,2503,0,0,0.04,,JUNK - referral spam / bot
F_referral_spam_bot,pageReferrer,parentsnkids.org,2023|08,session_start,1,1,0,0.0,2503,0,0,0.04,,JUNK - referral spam / bot
F_referral_spam_bot,pageReferrer,parentsnkids.org,2023|08,user_engagement,1,1,0,0.0,2503,0,0,0.04,,JUNK - referral spam / bot
F_referral_spam_bot,pageReferrer,pubnaticle.com,2023|08,first_visit,2,2,0,0.0,2503,0,0,0.08,,JUNK - referral spam / bot
F_referral_spam_bot,pageReferrer,pubnaticle.com,2023|08,page_view,2,2,0,0.0,2503,0,0,0.08,,JUNK - referral spam / bot
F_referral_spam_bot,pageReferrer,pubnaticle.com,2023|08,session_start,2,2,0,0.0,2503,0,0,0.08,,JUNK - referral spam / bot
F_referral_spam_bot,pageReferrer,remedydaily.com,2023|08,first_visit,2,2,0,0.0,2503,0,0,0.08,,JUNK - referral spam / bot
F_referral_spam_bot,pageReferrer,remedydaily.com,2023|08,page_view,2,2,0,0.0,2503,0,0,0.08,,JUNK - referral spam / bot
F_referral_spam_bot,pageReferrer,remedydaily.com,2023|08,scroll,1,1,0,0.0,2503,0,0,0.04,,JUNK - referral spam / bot
F_referral_spam_bot,pageReferrer,remedydaily.com,2023|08,session_start,2,2,0,0.0,2503,0,0,0.08,,JUNK - referral spam / bot
F_referral_spam_bot,pageReferrer,remedydaily.com,2023|08,user_engagement,1,1,0,0.0,2503,0,0,0.04,,JUNK - referral spam / bot
F_referral_spam_bot,pageReferrer,sandcatsle.com,2023|08,first_visit,1,1,0,0.0,2503,0,0,0.04,,JUNK - referral spam / bot
F_referral_spam_bot,pageReferrer,sandcatsle.com,2023|08,form_start,1,1,0,0.0,2503,0,0,0.04,,JUNK - referral spam / bot
F_referral_spam_bot,pageReferrer,sandcatsle.com,2023|08,page_view,1,1,0,0.0,2503,0,0,0.04,,JUNK - referral spam / bot
F_referral_spam_bot,pageReferrer,sandcatsle.com,2023|08,session_start,1,1,0,0.0,2503,0,0,0.04,,JUNK - referral spam / bot
F_referral_spam_bot,pageReferrer,sandcatsle.com,2023|08,user_engagement,1,1,0,0.0,2503,0,0,0.04,,JUNK - referral spam / bot
F_referral_spam_bot,pageReferrer,showgameshub.com,2023|08,first_visit,1,1,0,0.0,2503,0,0,0.04,,JUNK - referral spam / bot
F_referral_spam_bot,pageReferrer,showgameshub.com,2023|08,page_view,1,1,0,0.0,2503,0,0,0.04,,JUNK - referral spam / bot
F_referral_spam_bot,pageReferrer,showgameshub.com,2023|08,session_start,1,1,0,0.0,2503,0,0,0.04,,JUNK - referral spam / bot
F_referral_spam_bot,pageReferrer,showgameshub.com,2023|08,user_engagement,1,1,0,0.0,2503,0,0,0.04,,JUNK - referral spam / bot
F_referral_spam_bot,pageReferrer,sportifyzone.com,2023|08,first_visit,4,4,0,0.0,2503,0,0,0.16,,JUNK - referral spam / bot
F_referral_spam_bot,pageReferrer,sportifyzone.com,2023|08,page_view,8,5,0,0.0,2503,0,0,0.32,,JUNK - referral spam / bot
F_referral_spam_bot,pageReferrer,sportifyzone.com,2023|08,session_start,5,5,0,0.0,2503,0,0,0.2,,JUNK - referral spam / bot
F_referral_spam_bot,pageReferrer,sportifyzone.com,2023|08,user_engagement,1,1,0,0.0,2503,0,0,0.04,,JUNK - referral spam / bot
F_referral_spam_bot,pageReferrer,takenotee.com,2023|08,first_visit,1,1,0,0.0,2503,0,0,0.04,,JUNK - referral spam / bot
F_referral_spam_bot,pageReferrer,takenotee.com,2023|08,page_view,1,1,0,0.0,2503,0,0,0.04,,JUNK - referral spam / bot
F_referral_spam_bot,pageReferrer,takenotee.com,2023|08,session_start,1,1,0,0.0,2503,0,0,0.04,,JUNK - referral spam / bot
F_referral_spam_bot,pageReferrer,vitalfitz.com,2023|08,first_visit,1,1,0,0.0,2503,0,0,0.04,,JUNK - referral spam / bot
F_referral_spam_bot,pageReferrer,vitalfitz.com,2023|08,page_view,1,1,0,0.0,2503,0,0,0.04,,JUNK - referral spam / bot
F_referral_spam_bot,pageReferrer,vitalfitz.com,2023|08,session_start,1,1,0,0.0,2503,0,0,0.04,,JUNK - referral spam / bot
F_referral_spam_bot,pageReferrer,www.yolandablog.store,2023|08,first_visit,1,1,0,0.0,2503,0,0,0.04,,JUNK - referral spam / bot
F_referral_spam_bot,pageReferrer,www.yolandablog.store,2023|08,page_view,2,1,0,0.0,2503,0,0,0.08,,JUNK - referral spam / bot
F_referral_spam_bot,pageReferrer,www.yolandablog.store,2023|08,session_start,1,1,0,0.0,2503,0,0,0.04,,JUNK - referral spam / bot
F_referral_spam_bot,sessionSourceMedium,dashboard.linkshare.com / referral,2023|08,first_visit,1,1,0,0.0,2503,0,0,0.04,,JUNK - referral spam / bot
F_referral_spam_bot,sessionSourceMedium,dashboard.linkshare.com / referral,2023|08,page_view,1,1,0,0.0,2503,0,0,0.04,,JUNK - referral spam / bot
F_referral_spam_bot,sessionSourceMedium,dashboard.linkshare.com / referral,2023|08,session_start,1,1,0,0.0,2503,0,0,0.04,,JUNK - referral spam / bot
F_referral_spam_bot,sessionSourceMedium,dashboard.linkshare.com / referral,2023|08,user_engagement,1,1,0,0.0,2503,0,0,0.04,,JUNK - referral spam / bot
F_referral_spam_bot,sessionSourceMedium,yolandablog.store / referral,2023|08,first_visit,1,1,0,0.0,2503,0,0,0.04,,JUNK - referral spam / bot
F_referral_spam_bot,sessionSourceMedium,yolandablog.store / referral,2023|08,page_view,2,1,0,0.0,2503,0,0,0.08,,JUNK - referral spam / bot
F_referral_spam_bot,sessionSourceMedium,yolandablog.store / referral,2023|08,session_start,1,1,0,0.0,2503,0,0,0.04,,JUNK - referral spam / bot
F_referral_spam_bot,pageReferrer,www.elvirablog.online,2023|09,first_visit,1,1,0,0.0,1997,0,0,0.05,,JUNK - referral spam / bot
F_referral_spam_bot,pageReferrer,www.elvirablog.online,2023|09,page_view,2,1,0,0.0,1997,0,0,0.1,,JUNK - referral spam / bot
F_referral_spam_bot,pageReferrer,www.elvirablog.online,2023|09,session_start,1,1,0,0.0,1997,0,0,0.05,,JUNK - referral spam / bot
F_referral_spam_bot,pageReferrer,www.startpage.com,2023|09,first_visit,1,1,0,0.0,1997,0,0,0.05,,JUNK - referral spam / bot
F_referral_spam_bot,pageReferrer,www.startpage.com,2023|09,page_view,1,1,0,0.0,1997,0,0,0.05,,JUNK - referral spam / bot
F_referral_spam_bot,pageReferrer,www.startpage.com,2023|09,session_start,1,1,0,0.0,1997,0,0,0.05,,JUNK - referral spam / bot
F_referral_spam_bot,pageReferrer,www.startpage.com,2023|09,user_engagement,1,1,0,0.0,1997,0,0,0.05,,JUNK - referral spam / bot
F_referral_spam_bot,sessionSourceMedium,elvirablog.online / referral,2023|09,first_visit,1,1,0,0.0,1997,0,0,0.05,,JUNK - referral spam / bot
F_referral_spam_bot,sessionSourceMedium,elvirablog.online / referral,2023|09,page_view,2,1,0,0.0,1997,0,0,0.1,,JUNK - referral spam / bot
F_referral_spam_bot,sessionSourceMedium,elvirablog.online / referral,2023|09,session_start,1,1,0,0.0,1997,0,0,0.05,,JUNK - referral spam / bot
F_referral_spam_bot,sessionSourceMedium,startpage.com / referral,2023|09,first_visit,1,1,0,0.0,1997,0,0,0.05,,JUNK - referral spam / bot
F_referral_spam_bot,sessionSourceMedium,startpage.com / referral,2023|09,page_view,14,1,0,0.0,1997,0,0,0.701,,JUNK - referral spam / bot
F_referral_spam_bot,sessionSourceMedium,startpage.com / referral,2023|09,scroll,11,1,0,0.0,1997,0,0,0.551,,JUNK - referral spam / bot
F_referral_spam_bot,sessionSourceMedium,startpage.com / referral,2023|09,session_start,1,1,0,0.0,1997,0,0,0.05,,JUNK - referral spam / bot
F_referral_spam_bot,sessionSourceMedium,startpage.com / referral,2023|09,user_engagement,14,1,0,0.0,1997,0,0,0.701,,JUNK - referral spam / bot
F_referral_spam_bot,pageReferrer,mungfali.com,2023|10,first_visit,1,1,0,0.0,1732,0,0,0.058,,JUNK - referral spam / bot
F_referral_spam_bot,pageReferrer,mungfali.com,2023|10,page_view,1,1,0,0.0,1732,0,0,0.058,,JUNK - referral spam / bot
F_referral_spam_bot,pageReferrer,mungfali.com,2023|10,session_start,1,1,0,0.0,1732,0,0,0.058,,JUNK - referral spam / bot
F_referral_spam_bot,pageReferrer,mungfali.com,2023|10,user_engagement,1,1,0,0.0,1732,0,0,0.058,,JUNK - referral spam / bot
F_referral_spam_bot,pageReferrer,www.bowte.net,2023|10,first_visit,1,1,0,0.0,1732,0,0,0.058,,JUNK - referral spam / bot
F_referral_spam_bot,pageReferrer,www.bowte.net,2023|10,page_view,1,1,0,0.0,1732,0,0,0.058,,JUNK - referral spam / bot
F_referral_spam_bot,pageReferrer,www.bowte.net,2023|10,scroll,1,1,0,0.0,1732,0,0,0.058,,JUNK - referral spam / bot
F_referral_spam_bot,pageReferrer,www.bowte.net,2023|10,session_start,1,1,0,0.0,1732,0,0,0.058,,JUNK - referral spam / bot
F_referral_spam_bot,sessionSourceMedium,bowte.net / referral,2023|10,first_visit,1,1,0,0.0,1732,0,0,0.058,,JUNK - referral spam / bot
F_referral_spam_bot,sessionSourceMedium,bowte.net / referral,2023|10,page_view,1,1,0,0.0,1732,0,0,0.058,,JUNK - referral spam / bot
F_referral_spam_bot,sessionSourceMedium,bowte.net / referral,2023|10,scroll,1,1,0,0.0,1732,0,0,0.058,,JUNK - referral spam / bot
F_referral_spam_bot,sessionSourceMedium,bowte.net / referral,2023|10,session_start,1,1,0,0.0,1732,0,0,0.058,,JUNK - referral spam / bot
F_referral_spam_bot,sessionSourceMedium,mungfali.com / referral,2023|10,first_visit,1,1,0,0.0,1732,0,0,0.058,,JUNK - referral spam / bot
F_referral_spam_bot,sessionSourceMedium,mungfali.com / referral,2023|10,page_view,1,1,0,0.0,1732,0,0,0.058,,JUNK - referral spam / bot
F_referral_spam_bot,sessionSourceMedium,mungfali.com / referral,2023|10,session_start,1,1,0,0.0,1732,0,0,0.058,,JUNK - referral spam / bot
F_referral_spam_bot,sessionSourceMedium,mungfali.com / referral,2023|10,user_engagement,1,1,0,0.0,1732,0,0,0.058,,JUNK - referral spam / bot
F_referral_spam_bot,pageReferrer,secure.simplepractice.com,2023|12,first_visit,1,1,0,0.0,1586,3,3,0.063,0.0,JUNK - referral spam / bot
F_referral_spam_bot,pageReferrer,secure.simplepractice.com,2023|12,page_view,1,1,0,0.0,1586,3,3,0.063,0.0,JUNK - referral spam / bot
F_referral_spam_bot,pageReferrer,secure.simplepractice.com,2023|12,session_start,1,1,0,0.0,1586,3,3,0.063,0.0,JUNK - referral spam / bot
F_referral_spam_bot,pageReferrer,secure.simplepractice.com,2023|12,user_engagement,1,1,0,0.0,1586,3,3,0.063,0.0,JUNK - referral spam / bot
F_referral_spam_bot,pageReferrer,yqxmke.smzt.shop,2023|12,first_visit,1,1,0,0.0,1586,3,3,0.063,0.0,JUNK - referral spam / bot
F_referral_spam_bot,pageReferrer,yqxmke.smzt.shop,2023|12,page_view,1,1,0,0.0,1586,3,3,0.063,0.0,JUNK - referral spam / bot
F_referral_spam_bot,pageReferrer,yqxmke.smzt.shop,2023|12,session_start,1,1,0,0.0,1586,3,3,0.063,0.0,JUNK - referral spam / bot
F_referral_spam_bot,sessionSourceMedium,secure.simplepractice.com / referral,2023|12,first_visit,1,1,0,0.0,1586,3,3,0.063,0.0,JUNK - referral spam / bot
F_referral_spam_bot,sessionSourceMedium,secure.simplepractice.com / referral,2023|12,meet_dr__haley,2,1,0,0.0,1586,3,3,0.126,0.0,JUNK - referral spam / bot
F_referral_spam_bot,sessionSourceMedium,secure.simplepractice.com / referral,2023|12,meet_dr__jacob,2,1,0,0.0,1586,3,3,0.126,0.0,JUNK - referral spam / bot
F_referral_spam_bot,sessionSourceMedium,secure.simplepractice.com / referral,2023|12,page_view,5,1,0,0.0,1586,3,3,0.315,0.0,JUNK - referral spam / bot
F_referral_spam_bot,sessionSourceMedium,secure.simplepractice.com / referral,2023|12,session_start,2,2,0,0.0,1586,3,3,0.126,0.0,JUNK - referral spam / bot
F_referral_spam_bot,sessionSourceMedium,secure.simplepractice.com / referral,2023|12,user_engagement,5,2,0,0.0,1586,3,3,0.315,0.0,JUNK - referral spam / bot
F_referral_spam_bot,sessionSourceMedium,yqxmke.smzt.shop / referral,2023|12,first_visit,1,1,0,0.0,1586,3,3,0.063,0.0,JUNK - referral spam / bot
F_referral_spam_bot,sessionSourceMedium,yqxmke.smzt.shop / referral,2023|12,page_view,1,1,0,0.0,1586,3,3,0.063,0.0,JUNK - referral spam / bot
F_referral_spam_bot,sessionSourceMedium,yqxmke.smzt.shop / referral,2023|12,session_start,1,1,0,0.0,1586,3,3,0.063,0.0,JUNK - referral spam / bot
F_referral_spam_bot,pageReferrer,www.abaiak.com,2024|01,first_visit,1,1,0,0.0,2373,8,8,0.042,0.0,JUNK - referral spam / bot
F_referral_spam_bot,pageReferrer,www.abaiak.com,2024|01,page_view,1,1,0,0.0,2373,8,8,0.042,0.0,JUNK - referral spam / bot
F_referral_spam_bot,pageReferrer,www.abaiak.com,2024|01,scroll,1,1,0,0.0,2373,8,8,0.042,0.0,JUNK - referral spam / bot
F_referral_spam_bot,pageReferrer,www.abaiak.com,2024|01,session_start,1,1,0,0.0,2373,8,8,0.042,0.0,JUNK - referral spam / bot
F_referral_spam_bot,pageReferrer,www.startraffic.online,2024|01,first_visit,1,1,0,0.0,2373,8,8,0.042,0.0,JUNK - referral spam / bot
F_referral_spam_bot,pageReferrer,www.startraffic.online,2024|01,page_view,2,2,0,0.0,2373,8,8,0.084,0.0,JUNK - referral spam / bot
F_referral_spam_bot,pageReferrer,www.startraffic.online,2024|01,session_start,1,1,0,0.0,2373,8,8,0.042,0.0,JUNK - referral spam / bot
F_referral_spam_bot,sessionSourceMedium,abaiak.com / referral,2024|01,first_visit,1,1,0,0.0,2373,8,8,0.042,0.0,JUNK - referral spam / bot
F_referral_spam_bot,sessionSourceMedium,abaiak.com / referral,2024|01,page_view,1,1,0,0.0,2373,8,8,0.042,0.0,JUNK - referral spam / bot
F_referral_spam_bot,sessionSourceMedium,abaiak.com / referral,2024|01,scroll,1,1,0,0.0,2373,8,8,0.042,0.0,JUNK - referral spam / bot
F_referral_spam_bot,sessionSourceMedium,abaiak.com / referral,2024|01,session_start,1,1,0,0.0,2373,8,8,0.042,0.0,JUNK - referral spam / bot
F_referral_spam_bot,sessionSourceMedium,startraffic.online / referral,2024|01,first_visit,1,1,0,0.0,2373,8,8,0.042,0.0,JUNK - referral spam / bot
F_referral_spam_bot,sessionSourceMedium,startraffic.online / referral,2024|01,page_view,2,1,0,0.0,2373,8,8,0.084,0.0,JUNK - referral spam / bot
F_referral_spam_bot,sessionSourceMedium,startraffic.online / referral,2024|01,session_start,1,1,0,0.0,2373,8,8,0.042,0.0,JUNK - referral spam / bot
F_referral_spam_bot,pageReferrer,activeedgey.com,2024|02,first_visit,1,1,0,0.0,8187,23,23,0.012,0.0,JUNK - referral spam / bot
F_referral_spam_bot,pageReferrer,activeedgey.com,2024|02,page_view,5,3,0,0.0,8187,23,23,0.061,0.0,JUNK - referral spam / bot
F_referral_spam_bot,pageReferrer,activeedgey.com,2024|02,session_start,3,3,0,0.0,8187,23,23,0.037,0.0,JUNK - referral spam / bot
F_referral_spam_bot,pageReferrer,activeedgey.com,2024|02,user_engagement,1,1,0,0.0,8187,23,23,0.012,0.0,JUNK - referral spam / bot
F_referral_spam_bot,pageReferrer,appionim.com,2024|02,first_visit,1,1,0,0.0,8187,23,23,0.012,0.0,JUNK - referral spam / bot
F_referral_spam_bot,pageReferrer,appionim.com,2024|02,page_view,1,1,0,0.0,8187,23,23,0.012,0.0,JUNK - referral spam / bot
F_referral_spam_bot,pageReferrer,appionim.com,2024|02,session_start,1,1,0,0.0,8187,23,23,0.012,0.0,JUNK - referral spam / bot
F_referral_spam_bot,pageReferrer,appionim.com,2024|02,user_engagement,1,1,0,0.0,8187,23,23,0.012,0.0,JUNK - referral spam / bot
F_referral_spam_bot,pageReferrer,arcadegame.top,2024|02,first_visit,1,1,0,0.0,8187,23,23,0.012,0.0,JUNK - referral spam / bot
F_referral_spam_bot,pageReferrer,arcadegame.top,2024|02,page_view,1,1,0,0.0,8187,23,23,0.012,0.0,JUNK - referral spam / bot
F_referral_spam_bot,pageReferrer,arcadegame.top,2024|02,session_start,1,1,0,0.0,8187,23,23,0.012,0.0,JUNK - referral spam / bot
F_referral_spam_bot,pageReferrer,arcadegame.top,2024|02,user_engagement,1,1,0,0.0,8187,23,23,0.012,0.0,JUNK - referral spam / bot
F_referral_spam_bot,pageReferrer,baby.vividnewszone.com,2024|02,first_visit,1,1,0,0.0,8187,23,23,0.012,0.0,JUNK - referral spam / bot
F_referral_spam_bot,pageReferrer,baby.vividnewszone.com,2024|02,page_view,1,1,0,0.0,8187,23,23,0.012,0.0,JUNK - referral spam / bot
F_referral_spam_bot,pageReferrer,baby.vividnewszone.com,2024|02,session_start,1,1,0,0.0,8187,23,23,0.012,0.0,JUNK - referral spam / bot
F_referral_spam_bot,pageReferrer,banglagan.in,2024|02,first_visit,2,2,0,0.0,8187,23,23,0.024,0.0,JUNK - referral spam / bot
F_referral_spam_bot,pageReferrer,banglagan.in,2024|02,page_view,3,2,0,0.0,8187,23,23,0.037,0.0,JUNK - referral spam / bot
F_referral_spam_bot,pageReferrer,banglagan.in,2024|02,session_start,2,2,0,0.0,8187,23,23,0.024,0.0,JUNK - referral spam / bot
F_referral_spam_bot,pageReferrer,betroyalgame.com,2024|02,first_visit,5,5,0,0.0,8187,23,23,0.061,0.0,JUNK - referral spam / bot
F_referral_spam_bot,pageReferrer,betroyalgame.com,2024|02,page_view,5,5,0,0.0,8187,23,23,0.061,0.0,JUNK - referral spam / bot
F_referral_spam_bot,pageReferrer,betroyalgame.com,2024|02,session_start,5,5,0,0.0,8187,23,23,0.061,0.0,JUNK - referral spam / bot
F_referral_spam_bot,pageReferrer,betroyalgame.com,2024|02,user_engagement,1,1,0,0.0,8187,23,23,0.012,0.0,JUNK - referral spam / bot
F_referral_spam_bot,pageReferrer,cermesh.com,2024|02,first_visit,2,2,0,0.0,8187,23,23,0.024,0.0,JUNK - referral spam / bot
F_referral_spam_bot,pageReferrer,cermesh.com,2024|02,page_view,2,2,0,0.0,8187,23,23,0.024,0.0,JUNK - referral spam / bot
F_referral_spam_bot,pageReferrer,cermesh.com,2024|02,session_start,2,2,0,0.0,8187,23,23,0.024,0.0,JUNK - referral spam / bot
F_referral_spam_bot,pageReferrer,critterculture.com,2024|02,first_visit,1,1,0,0.0,8187,23,23,0.012,0.0,JUNK - referral spam / bot
F_referral_spam_bot,pageReferrer,critterculture.com,2024|02,page_view,1,1,0,0.0,8187,23,23,0.012,0.0,JUNK - referral spam / bot
F_referral_spam_bot,pageReferrer,critterculture.com,2024|02,session_start,1,1,0,0.0,8187,23,23,0.012,0.0,JUNK - referral spam / bot
F_referral_spam_bot,pageReferrer,critterculture.com,2024|02,user_engagement,1,1,0,0.0,8187,23,23,0.012,0.0,JUNK - referral spam / bot
F_referral_spam_bot,pageReferrer,dditeluu.com,2024|02,first_visit,3,3,0,0.0,8187,23,23,0.037,0.0,JUNK - referral spam / bot
F_referral_spam_bot,pageReferrer,dditeluu.com,2024|02,page_view,3,3,0,0.0,8187,23,23,0.037,0.0,JUNK - referral spam / bot
F_referral_spam_bot,pageReferrer,dditeluu.com,2024|02,session_start,3,3,0,0.0,8187,23,23,0.037,0.0,JUNK - referral spam / bot
F_referral_spam_bot,pageReferrer,dditeluu.com,2024|02,user_engagement,2,2,0,0.0,8187,23,23,0.024,0.0,JUNK - referral spam / bot
F_referral_spam_bot,pageReferrer,e.editorsadda.com,2024|02,first_visit,2,2,0,0.0,8187,23,23,0.024,0.0,JUNK - referral spam / bot
F_referral_spam_bot,pageReferrer,e.editorsadda.com,2024|02,page_view,3,3,0,0.0,8187,23,23,0.037,0.0,JUNK - referral spam / bot
F_referral_spam_bot,pageReferrer,e.editorsadda.com,2024|02,session_start,3,3,0,0.0,8187,23,23,0.037,0.0,JUNK - referral spam / bot
F_referral_spam_bot,pageReferrer,e.starlithush.com,2024|02,first_visit,1,1,0,0.0,8187,23,23,0.012,0.0,JUNK - referral spam / bot
F_referral_spam_bot,pageReferrer,e.starlithush.com,2024|02,page_view,1,1,0,0.0,8187,23,23,0.012,0.0,JUNK - referral spam / bot
F_referral_spam_bot,pageReferrer,e.starlithush.com,2024|02,session_start,1,1,0,0.0,8187,23,23,0.012,0.0,JUNK - referral spam / bot
F_referral_spam_bot,pageReferrer,e.unoiis.com,2024|02,first_visit,1,1,0,0.0,8187,23,23,0.012,0.0,JUNK - referral spam / bot
F_referral_spam_bot,pageReferrer,e.unoiis.com,2024|02,page_view,1,1,0,0.0,8187,23,23,0.012,0.0,JUNK - referral spam / bot
F_referral_spam_bot,pageReferrer,e.unoiis.com,2024|02,session_start,1,1,0,0.0,8187,23,23,0.012,0.0,JUNK - referral spam / bot
F_referral_spam_bot,pageReferrer,en.sehattty.com,2024|02,first_visit,1,1,0,0.0,8187,23,23,0.012,0.0,JUNK - referral spam / bot
F_referral_spam_bot,pageReferrer,en.sehattty.com,2024|02,page_view,1,1,0,0.0,8187,23,23,0.012,0.0,JUNK - referral spam / bot
F_referral_spam_bot,pageReferrer,en.sehattty.com,2024|02,session_start,1,1,0,0.0,8187,23,23,0.012,0.0,JUNK - referral spam / bot
F_referral_spam_bot,pageReferrer,en.sehattty.com,2024|02,user_engagement,1,1,0,0.0,8187,23,23,0.012,0.0,JUNK - referral spam / bot
F_referral_spam_bot,pageReferrer,excellenttown.com,2024|02,first_visit,1,1,0,0.0,8187,23,23,0.012,0.0,JUNK - referral spam / bot
F_referral_spam_bot,pageReferrer,excellenttown.com,2024|02,page_view,1,1,0,0.0,8187,23,23,0.012,0.0,JUNK - referral spam / bot
F_referral_spam_bot,pageReferrer,excellenttown.com,2024|02,session_start,1,1,0,0.0,8187,23,23,0.012,0.0,JUNK - referral spam / bot
F_referral_spam_bot,pageReferrer,factfeed.com,2024|02,first_visit,1,1,0,0.0,8187,23,23,0.012,0.0,JUNK - referral spam / bot
F_referral_spam_bot,pageReferrer,factfeed.com,2024|02,page_view,1,1,0,0.0,8187,23,23,0.012,0.0,JUNK - referral spam / bot
F_referral_spam_bot,pageReferrer,factfeed.com,2024|02,session_start,1,1,0,0.0,8187,23,23,0.012,0.0,JUNK - referral spam / bot
F_referral_spam_bot,pageReferrer,facty.com,2024|02,first_visit,4,4,0,0.0,8187,23,23,0.049,0.0,JUNK - referral spam / bot
F_referral_spam_bot,pageReferrer,facty.com,2024|02,page_view,6,5,0,0.0,8187,23,23,0.073,0.0,JUNK - referral spam / bot
F_referral_spam_bot,pageReferrer,facty.com,2024|02,session_start,5,5,0,0.0,8187,23,23,0.061,0.0,JUNK - referral spam / bot
F_referral_spam_bot,pageReferrer,facty.com,2024|02,user_engagement,1,1,0,0.0,8187,23,23,0.012,0.0,JUNK - referral spam / bot
F_referral_spam_bot,pageReferrer,feedsflows.com,2024|02,first_visit,1,1,0,0.0,8187,23,23,0.012,0.0,JUNK - referral spam / bot
F_referral_spam_bot,pageReferrer,feedsflows.com,2024|02,page_view,1,1,0,0.0,8187,23,23,0.012,0.0,JUNK - referral spam / bot
F_referral_spam_bot,pageReferrer,feedsflows.com,2024|02,session_start,1,1,0,0.0,8187,23,23,0.012,0.0,JUNK - referral spam / bot
F_referral_spam_bot,pageReferrer,femanin.com,2024|02,first_visit,12,12,0,0.0,8187,23,23,0.147,0.0,JUNK - referral spam / bot
F_referral_spam_bot,pageReferrer,femanin.com,2024|02,page_view,14,12,0,0.0,8187,23,23,0.171,0.0,JUNK - referral spam / bot
F_referral_spam_bot,pageReferrer,femanin.com,2024|02,session_start,12,12,0,0.0,8187,23,23,0.147,0.0,JUNK - referral spam / bot
F_referral_spam_bot,pageReferrer,femanin.com,2024|02,user_engagement,6,5,0,0.0,8187,23,23,0.073,0.0,JUNK - referral spam / bot
F_referral_spam_bot,pageReferrer,fitfusionvw.com,2024|02,first_visit,1,1,0,0.0,8187,23,23,0.012,0.0,JUNK - referral spam / bot
F_referral_spam_bot,pageReferrer,fitfusionvw.com,2024|02,page_view,1,1,0,0.0,8187,23,23,0.012,0.0,JUNK - referral spam / bot
F_referral_spam_bot,pageReferrer,fitfusionvw.com,2024|02,session_start,1,1,0,0.0,8187,23,23,0.012,0.0,JUNK - referral spam / bot
F_referral_spam_bot,pageReferrer,foodievantage.com,2024|02,first_visit,2,2,0,0.0,8187,23,23,0.024,0.0,JUNK - referral spam / bot
F_referral_spam_bot,pageReferrer,foodievantage.com,2024|02,page_view,2,2,0,0.0,8187,23,23,0.024,0.0,JUNK - referral spam / bot
F_referral_spam_bot,pageReferrer,foodievantage.com,2024|02,session_start,2,2,0,0.0,8187,23,23,0.024,0.0,JUNK - referral spam / bot
F_referral_spam_bot,pageReferrer,freshcardio.com,2024|02,first_visit,1,1,0,0.0,8187,23,23,0.012,0.0,JUNK - referral spam / bot
F_referral_spam_bot,pageReferrer,freshcardio.com,2024|02,page_view,1,1,0,0.0,8187,23,23,0.012,0.0,JUNK - referral spam / bot
F_referral_spam_bot,pageReferrer,freshcardio.com,2024|02,session_start,1,1,0,0.0,8187,23,23,0.012,0.0,JUNK - referral spam / bot
F_referral_spam_bot,pageReferrer,game.fertuk.site,2024|02,first_visit,12,12,0,0.0,8187,23,23,0.147,0.0,JUNK - referral spam / bot
F_referral_spam_bot,pageReferrer,game.fertuk.site,2024|02,page_view,12,12,0,0.0,8187,23,23,0.147,0.0,JUNK - referral spam / bot
F_referral_spam_bot,pageReferrer,game.fertuk.site,2024|02,scroll,12,12,0,0.0,8187,23,23,0.147,0.0,JUNK - referral spam / bot
F_referral_spam_bot,pageReferrer,game.fertuk.site,2024|02,session_start,12,12,0,0.0,8187,23,23,0.147,0.0,JUNK - referral spam / bot
F_referral_spam_bot,pageReferrer,game.guinevgame.com,2024|02,first_visit,1,1,0,0.0,8187,23,23,0.012,0.0,JUNK - referral spam / bot
F_referral_spam_bot,pageReferrer,game.guinevgame.com,2024|02,page_view,1,1,0,0.0,8187,23,23,0.012,0.0,JUNK - referral spam / bot
F_referral_spam_bot,pageReferrer,game.guinevgame.com,2024|02,session_start,1,1,0,0.0,8187,23,23,0.012,0.0,JUNK - referral spam / bot
F_referral_spam_bot,pageReferrer,gameexpertise.com,2024|02,first_visit,2,2,0,0.0,8187,23,23,0.024,0.0,JUNK - referral spam / bot
F_referral_spam_bot,pageReferrer,gameexpertise.com,2024|02,form_start,1,1,0,0.0,8187,23,23,0.012,0.0,JUNK - referral spam / bot
F_referral_spam_bot,pageReferrer,gameexpertise.com,2024|02,page_view,2,2,0,0.0,8187,23,23,0.024,0.0,JUNK - referral spam / bot
F_referral_spam_bot,pageReferrer,gameexpertise.com,2024|02,session_start,2,2,0,0.0,8187,23,23,0.024,0.0,JUNK - referral spam / bot
F_referral_spam_bot,pageReferrer,gameexpertise.com,2024|02,user_engagement,2,2,0,0.0,8187,23,23,0.024,0.0,JUNK - referral spam / bot
F_referral_spam_bot,pageReferrer,gamekeeper.top,2024|02,first_visit,1,1,0,0.0,8187,23,23,0.012,0.0,JUNK - referral spam / bot
F_referral_spam_bot,pageReferrer,gamekeeper.top,2024|02,page_view,1,1,0,0.0,8187,23,23,0.012,0.0,JUNK - referral spam / bot
F_referral_spam_bot,pageReferrer,gamekeeper.top,2024|02,session_start,1,1,0,0.0,8187,23,23,0.012,0.0,JUNK - referral spam / bot
F_referral_spam_bot,pageReferrer,gamekeeper.top,2024|02,user_engagement,1,1,0,0.0,8187,23,23,0.012,0.0,JUNK - referral spam / bot
F_referral_spam_bot,pageReferrer,gamingmatrixzone.top,2024|02,first_visit,5,5,0,0.0,8187,23,23,0.061,0.0,JUNK - referral spam / bot
F_referral_spam_bot,pageReferrer,gamingmatrixzone.top,2024|02,page_view,6,5,0,0.0,8187,23,23,0.073,0.0,JUNK - referral spam / bot
F_referral_spam_bot,pageReferrer,gamingmatrixzone.top,2024|02,session_start,5,5,0,0.0,8187,23,23,0.061,0.0,JUNK - referral spam / bot
F_referral_spam_bot,pageReferrer,gamingmatrixzone.top,2024|02,user_engagement,4,3,0,0.0,8187,23,23,0.049,0.0,JUNK - referral spam / bot
F_referral_spam_bot,pageReferrer,garold.dertus.site,2024|02,first_visit,6,6,0,0.0,8187,23,23,0.073,0.0,JUNK - referral spam / bot
F_referral_spam_bot,pageReferrer,garold.dertus.site,2024|02,page_view,6,6,0,0.0,8187,23,23,0.073,0.0,JUNK - referral spam / bot
F_referral_spam_bot,pageReferrer,garold.dertus.site,2024|02,scroll,6,6,0,0.0,8187,23,23,0.073,0.0,JUNK - referral spam / bot
F_referral_spam_bot,pageReferrer,garold.dertus.site,2024|02,session_start,6,6,0,0.0,8187,23,23,0.073,0.0,JUNK - referral spam / bot
F_referral_spam_bot,pageReferrer,gritcove.com,2024|02,first_visit,3,3,0,0.0,8187,23,23,0.037,0.0,JUNK - referral spam / bot
F_referral_spam_bot,pageReferrer,gritcove.com,2024|02,page_view,5,3,0,0.0,8187,23,23,0.061,0.0,JUNK - referral spam / bot
F_referral_spam_bot,pageReferrer,gritcove.com,2024|02,session_start,3,3,0,0.0,8187,23,23,0.037,0.0,JUNK - referral spam / bot
F_referral_spam_bot,pageReferrer,gritcove.com,2024|02,user_engagement,1,1,0,0.0,8187,23,23,0.012,0.0,JUNK - referral spam / bot
F_referral_spam_bot,pageReferrer,grizly.com,2024|02,first_visit,1,1,0,0.0,8187,23,23,0.012,0.0,JUNK - referral spam / bot
F_referral_spam_bot,pageReferrer,grizly.com,2024|02,page_view,1,1,0,0.0,8187,23,23,0.012,0.0,JUNK - referral spam / bot
F_referral_spam_bot,pageReferrer,grizly.com,2024|02,session_start,1,1,0,0.0,8187,23,23,0.012,0.0,JUNK - referral spam / bot
F_referral_spam_bot,pageReferrer,grizly.com,2024|02,user_engagement,1,1,0,0.0,8187,23,23,0.012,0.0,JUNK - referral spam / bot
F_referral_spam_bot,pageReferrer,gymesspicks.com,2024|02,first_visit,1,1,0,0.0,8187,23,23,0.012,0.0,JUNK - referral spam / bot
F_referral_spam_bot,pageReferrer,gymesspicks.com,2024|02,page_view,1,1,0,0.0,8187,23,23,0.012,0.0,JUNK - referral spam / bot
F_referral_spam_bot,pageReferrer,gymesspicks.com,2024|02,session_start,1,1,0,0.0,8187,23,23,0.012,0.0,JUNK - referral spam / bot
F_referral_spam_bot,pageReferrer,health.fusionaqua.com,2024|02,first_visit,2,2,0,0.0,8187,23,23,0.024,0.0,JUNK - referral spam / bot
F_referral_spam_bot,pageReferrer,health.fusionaqua.com,2024|02,page_view,2,2,0,0.0,8187,23,23,0.024,0.0,JUNK - referral spam / bot
F_referral_spam_bot,pageReferrer,health.fusionaqua.com,2024|02,session_start,2,2,0,0.0,8187,23,23,0.024,0.0,JUNK - referral spam / bot
F_referral_spam_bot,pageReferrer,health.meralnews.com,2024|02,first_visit,1,1,0,0.0,8187,23,23,0.012,0.0,JUNK - referral spam / bot
F_referral_spam_bot,pageReferrer,health.meralnews.com,2024|02,page_view,1,1,0,0.0,8187,23,23,0.012,0.0,JUNK - referral spam / bot
F_referral_spam_bot,pageReferrer,health.meralnews.com,2024|02,session_start,1,1,0,0.0,8187,23,23,0.012,0.0,JUNK - referral spam / bot
F_referral_spam_bot,pageReferrer,health.meralnews.com,2024|02,user_engagement,1,1,0,0.0,8187,23,23,0.012,0.0,JUNK - referral spam / bot
F_referral_spam_bot,pageReferrer,health.swiftnewspro.com,2024|02,first_visit,1,1,0,0.0,8187,23,23,0.012,0.0,JUNK - referral spam / bot
F_referral_spam_bot,pageReferrer,health.swiftnewspro.com,2024|02,page_view,1,1,0,0.0,8187,23,23,0.012,0.0,JUNK - referral spam / bot
F_referral_spam_bot,pageReferrer,health.swiftnewspro.com,2024|02,session_start,1,1,0,0.0,8187,23,23,0.012,0.0,JUNK - referral spam / bot
F_referral_spam_bot,pageReferrer,healthlawyers.extracialis.com,2024|02,first_visit,3,3,0,0.0,8187,23,23,0.037,0.0,JUNK - referral spam / bot
F_referral_spam_bot,pageReferrer,healthlawyers.extracialis.com,2024|02,page_view,3,3,0,0.0,8187,23,23,0.037,0.0,JUNK - referral spam / bot
F_referral_spam_bot,pageReferrer,healthlawyers.extracialis.com,2024|02,session_start,3,3,0,0.0,8187,23,23,0.037,0.0,JUNK - referral spam / bot
F_referral_spam_bot,pageReferrer,healthlawyers.extracialis.com,2024|02,user_engagement,2,2,0,0.0,8187,23,23,0.024,0.0,JUNK - referral spam / bot
F_referral_spam_bot,pageReferrer,healthlawyers.noticias041.com,2024|02,first_visit,7,7,0,0.0,8187,23,23,0.086,0.0,JUNK - referral spam / bot
F_referral_spam_bot,pageReferrer,healthlawyers.noticias041.com,2024|02,page_view,7,7,0,0.0,8187,23,23,0.086,0.0,JUNK - referral spam / bot
F_referral_spam_bot,pageReferrer,healthlawyers.noticias041.com,2024|02,session_start,7,7,0,0.0,8187,23,23,0.086,0.0,JUNK - referral spam / bot
F_referral_spam_bot,pageReferrer,healthlawyers.noticias041.com,2024|02,user_engagement,5,5,0,0.0,8187,23,23,0.061,0.0,JUNK - referral spam / bot
F_referral_spam_bot,pageReferrer,healthlawyers24.jugosnaturales.uno,2024|02,first_visit,1,1,0,0.0,8187,23,23,0.012,0.0,JUNK - referral spam / bot
F_referral_spam_bot,pageReferrer,healthlawyers24.jugosnaturales.uno,2024|02,page_view,1,1,0,0.0,8187,23,23,0.012,0.0,JUNK - referral spam / bot
F_referral_spam_bot,pageReferrer,healthlawyers24.jugosnaturales.uno,2024|02,session_start,1,1,0,0.0,8187,23,23,0.012,0.0,JUNK - referral spam / bot
F_referral_spam_bot,pageReferrer,healthlawyers24.jugosnaturales.uno,2024|02,user_engagement,1,1,0,0.0,8187,23,23,0.012,0.0,JUNK - referral spam / bot
F_referral_spam_bot,pageReferrer,healthnile.com,2024|02,first_visit,4,4,0,0.0,8187,23,23,0.049,0.0,JUNK - referral spam / bot
F_referral_spam_bot,pageReferrer,healthnile.com,2024|02,page_view,4,4,0,0.0,8187,23,23,0.049,0.0,JUNK - referral spam / bot
F_referral_spam_bot,pageReferrer,healthnile.com,2024|02,session_start,4,4,0,0.0,8187,23,23,0.049,0.0,JUNK - referral spam / bot
F_referral_spam_bot,pageReferrer,healthnile.com,2024|02,user_engagement,3,3,0,0.0,8187,23,23,0.037,0.0,JUNK - referral spam / bot
F_referral_spam_bot,pageReferrer,healthqaforum.com,2024|02,first_visit,1,1,0,0.0,8187,23,23,0.012,0.0,JUNK - referral spam / bot
F_referral_spam_bot,pageReferrer,healthqaforum.com,2024|02,page_view,1,1,0,0.0,8187,23,23,0.012,0.0,JUNK - referral spam / bot
F_referral_spam_bot,pageReferrer,healthqaforum.com,2024|02,session_start,1,1,0,0.0,8187,23,23,0.012,0.0,JUNK - referral spam / bot
F_referral_spam_bot,pageReferrer,helrthmer.lpages.co,2024|02,first_visit,1,1,0,0.0,8187,23,23,0.012,0.0,JUNK - referral spam / bot
F_referral_spam_bot,pageReferrer,helrthmer.lpages.co,2024|02,page_view,1,1,0,0.0,8187,23,23,0.012,0.0,JUNK - referral spam / bot
F_referral_spam_bot,pageReferrer,helrthmer.lpages.co,2024|02,session_start,1,1,0,0.0,8187,23,23,0.012,0.0,JUNK - referral spam / bot
F_referral_spam_bot,pageReferrer,info.seders.website,2024|02,first_visit,42,42,0,0.0,8187,23,23,0.513,0.0,JUNK - referral spam / bot
F_referral_spam_bot,pageReferrer,info.seders.website,2024|02,page_view,42,42,0,0.0,8187,23,23,0.513,0.0,JUNK - referral spam / bot
F_referral_spam_bot,pageReferrer,info.seders.website,2024|02,scroll,42,42,0,0.0,8187,23,23,0.513,0.0,JUNK - referral spam / bot
F_referral_spam_bot,pageReferrer,info.seders.website,2024|02,session_start,42,42,0,0.0,8187,23,23,0.513,0.0,JUNK - referral spam / bot
F_referral_spam_bot,pageReferrer,kar.razas.site,2024|02,first_visit,42,42,0,0.0,8187,23,23,0.513,0.0,JUNK - referral spam / bot
F_referral_spam_bot,pageReferrer,kar.razas.site,2024|02,page_view,42,42,0,0.0,8187,23,23,0.513,0.0,JUNK - referral spam / bot
F_referral_spam_bot,pageReferrer,kar.razas.site,2024|02,scroll,42,42,0,0.0,8187,23,23,0.513,0.0,JUNK - referral spam / bot
F_referral_spam_bot,pageReferrer,kar.razas.site,2024|02,session_start,42,42,0,0.0,8187,23,23,0.513,0.0,JUNK - referral spam / bot
F_referral_spam_bot,pageReferrer,karachijobshub.pk,2024|02,first_visit,1,1,0,0.0,8187,23,23,0.012,0.0,JUNK - referral spam / bot
F_referral_spam_bot,pageReferrer,karachijobshub.pk,2024|02,page_view,1,1,0,0.0,8187,23,23,0.012,0.0,JUNK - referral spam / bot
F_referral_spam_bot,pageReferrer,karachijobshub.pk,2024|02,scroll,1,1,0,0.0,8187,23,23,0.012,0.0,JUNK - referral spam / bot
F_referral_spam_bot,pageReferrer,karachijobshub.pk,2024|02,session_start,1,1,0,0.0,8187,23,23,0.012,0.0,JUNK - referral spam / bot
F_referral_spam_bot,pageReferrer,karachijobshub.pk,2024|02,user_engagement,1,1,0,0.0,8187,23,23,0.012,0.0,JUNK - referral spam / bot
F_referral_spam_bot,pageReferrer,magazine.uuhlashwe.club,2024|02,first_visit,1,1,0,0.0,8187,23,23,0.012,0.0,JUNK - referral spam / bot
F_referral_spam_bot,pageReferrer,magazine.uuhlashwe.club,2024|02,page_view,1,1,0,0.0,8187,23,23,0.012,0.0,JUNK - referral spam / bot
F_referral_spam_bot,pageReferrer,magazine.uuhlashwe.club,2024|02,session_start,1,1,0,0.0,8187,23,23,0.012,0.0,JUNK - referral spam / bot
F_referral_spam_bot,pageReferrer,me.trickizm.com,2024|02,first_visit,1,1,0,0.0,8187,23,23,0.012,0.0,JUNK - referral spam / bot
F_referral_spam_bot,pageReferrer,me.trickizm.com,2024|02,page_view,1,1,0,0.0,8187,23,23,0.012,0.0,JUNK - referral spam / bot
F_referral_spam_bot,pageReferrer,me.trickizm.com,2024|02,session_start,1,1,0,0.0,8187,23,23,0.012,0.0,JUNK - referral spam / bot
F_referral_spam_bot,pageReferrer,med.jovntae.com,2024|02,first_visit,4,4,0,0.0,8187,23,23,0.049,0.0,JUNK - referral spam / bot
F_referral_spam_bot,pageReferrer,med.jovntae.com,2024|02,page_view,4,4,0,0.0,8187,23,23,0.049,0.0,JUNK - referral spam / bot
F_referral_spam_bot,pageReferrer,med.jovntae.com,2024|02,session_start,4,4,0,0.0,8187,23,23,0.049,0.0,JUNK - referral spam / bot
F_referral_spam_bot,pageReferrer,medical-news.org,2024|02,first_visit,1,1,0,0.0,8187,23,23,0.012,0.0,JUNK - referral spam / bot
F_referral_spam_bot,pageReferrer,medical-news.org,2024|02,page_view,1,1,0,0.0,8187,23,23,0.012,0.0,JUNK - referral spam / bot
F_referral_spam_bot,pageReferrer,medical-news.org,2024|02,session_start,1,1,0,0.0,8187,23,23,0.012,0.0,JUNK - referral spam / bot
F_referral_spam_bot,pageReferrer,neurosciencenews.com,2024|02,first_visit,1,1,0,0.0,8187,23,23,0.012,0.0,JUNK - referral spam / bot
F_referral_spam_bot,pageReferrer,neurosciencenews.com,2024|02,page_view,1,1,0,0.0,8187,23,23,0.012,0.0,JUNK - referral spam / bot
F_referral_spam_bot,pageReferrer,neurosciencenews.com,2024|02,session_start,1,1,0,0.0,8187,23,23,0.012,0.0,JUNK - referral spam / bot
F_referral_spam_bot,pageReferrer,news.grets.store,2024|02,first_visit,494,493,0,0.0,8187,23,23,6.034,0.0,JUNK - referral spam / bot
F_referral_spam_bot,pageReferrer,news.grets.store,2024|02,page_view,494,493,0,0.0,8187,23,23,6.034,0.0,JUNK - referral spam / bot
F_referral_spam_bot,pageReferrer,news.grets.store,2024|02,scroll,487,486,0,0.0,8187,23,23,5.948,0.0,JUNK - referral spam / bot
F_referral_spam_bot,pageReferrer,news.grets.store,2024|02,session_start,494,493,0,0.0,8187,23,23,6.034,0.0,JUNK - referral spam / bot
F_referral_spam_bot,pageReferrer,news.nativeten.com,2024|02,first_visit,1,1,0,0.0,8187,23,23,0.012,0.0,JUNK - referral spam / bot
F_referral_spam_bot,pageReferrer,news.nativeten.com,2024|02,page_view,1,1,0,0.0,8187,23,23,0.012,0.0,JUNK - referral spam / bot
F_referral_spam_bot,pageReferrer,news.nativeten.com,2024|02,session_start,1,1,0,0.0,8187,23,23,0.012,0.0,JUNK - referral spam / bot
F_referral_spam_bot,pageReferrer,niqueumi.com,2024|02,first_visit,1,1,0,0.0,8187,23,23,0.012,0.0,JUNK - referral spam / bot
F_referral_spam_bot,pageReferrer,niqueumi.com,2024|02,page_view,1,1,0,0.0,8187,23,23,0.012,0.0,JUNK - referral spam / bot
F_referral_spam_bot,pageReferrer,niqueumi.com,2024|02,session_start,1,1,0,0.0,8187,23,23,0.012,0.0,JUNK - referral spam / bot
F_referral_spam_bot,pageReferrer,niqueumi.com,2024|02,user_engagement,1,1,0,0.0,8187,23,23,0.012,0.0,JUNK - referral spam / bot
F_referral_spam_bot,pageReferrer,ofer.bartikus.site,2024|02,first_visit,12,12,0,0.0,8187,23,23,0.147,0.0,JUNK - referral spam / bot
F_referral_spam_bot,pageReferrer,ofer.bartikus.site,2024|02,page_view,12,12,0,0.0,8187,23,23,0.147,0.0,JUNK - referral spam / bot
F_referral_spam_bot,pageReferrer,ofer.bartikus.site,2024|02,scroll,12,12,0,0.0,8187,23,23,0.147,0.0,JUNK - referral spam / bot
F_referral_spam_bot,pageReferrer,ofer.bartikus.site,2024|02,session_start,12,12,0,0.0,8187,23,23,0.147,0.0,JUNK - referral spam / bot
F_referral_spam_bot,pageReferrer,oilswelove.com,2024|02,first_visit,1,1,0,0.0,8187,23,23,0.012,0.0,JUNK - referral spam / bot
F_referral_spam_bot,pageReferrer,oilswelove.com,2024|02,page_view,2,1,0,0.0,8187,23,23,0.024,0.0,JUNK - referral spam / bot
F_referral_spam_bot,pageReferrer,oilswelove.com,2024|02,session_start,1,1,0,0.0,8187,23,23,0.012,0.0,JUNK - referral spam / bot
F_referral_spam_bot,pageReferrer,oilswelove.com,2024|02,user_engagement,2,1,0,0.0,8187,23,23,0.024,0.0,JUNK - referral spam / bot
F_referral_spam_bot,pageReferrer,playersgame.top,2024|02,first_visit,1,1,0,0.0,8187,23,23,0.012,0.0,JUNK - referral spam / bot
F_referral_spam_bot,pageReferrer,playersgame.top,2024|02,page_view,1,1,0,0.0,8187,23,23,0.012,0.0,JUNK - referral spam / bot
F_referral_spam_bot,pageReferrer,playersgame.top,2024|02,session_start,1,1,0,0.0,8187,23,23,0.012,0.0,JUNK - referral spam / bot
F_referral_spam_bot,pageReferrer,playfulmatrixworld.top,2024|02,first_visit,1,1,0,0.0,8187,23,23,0.012,0.0,JUNK - referral spam / bot
F_referral_spam_bot,pageReferrer,playfulmatrixworld.top,2024|02,page_view,1,1,0,0.0,8187,23,23,0.012,0.0,JUNK - referral spam / bot
F_referral_spam_bot,pageReferrer,playfulmatrixworld.top,2024|02,session_start,1,1,0,0.0,8187,23,23,0.012,0.0,JUNK - referral spam / bot
F_referral_spam_bot,pageReferrer,quotesurehub.com,2024|02,first_visit,1,1,0,0.0,8187,23,23,0.012,0.0,JUNK - referral spam / bot
F_referral_spam_bot,pageReferrer,quotesurehub.com,2024|02,page_view,1,1,0,0.0,8187,23,23,0.012,0.0,JUNK - referral spam / bot
F_referral_spam_bot,pageReferrer,quotesurehub.com,2024|02,session_start,1,1,0,0.0,8187,23,23,0.012,0.0,JUNK - referral spam / bot
F_referral_spam_bot,pageReferrer,quotesurehub.com,2024|02,user_engagement,1,1,0,0.0,8187,23,23,0.012,0.0,JUNK - referral spam / bot
F_referral_spam_bot,pageReferrer,rajobportal.in,2024|02,first_visit,1,1,0,0.0,8187,23,23,0.012,0.0,JUNK - referral spam / bot
F_referral_spam_bot,pageReferrer,rajobportal.in,2024|02,page_view,1,1,0,0.0,8187,23,23,0.012,0.0,JUNK - referral spam / bot
F_referral_spam_bot,pageReferrer,rajobportal.in,2024|02,session_start,1,1,0,0.0,8187,23,23,0.012,0.0,JUNK - referral spam / bot
F_referral_spam_bot,pageReferrer,rajobportal.in,2024|02,user_engagement,1,1,0,0.0,8187,23,23,0.012,0.0,JUNK - referral spam / bot
F_referral_spam_bot,pageReferrer,rasberrybear.com,2024|02,first_visit,1,1,0,0.0,8187,23,23,0.012,0.0,JUNK - referral spam / bot
F_referral_spam_bot,pageReferrer,rasberrybear.com,2024|02,page_view,1,1,0,0.0,8187,23,23,0.012,0.0,JUNK - referral spam / bot
F_referral_spam_bot,pageReferrer,rasberrybear.com,2024|02,session_start,1,1,0,0.0,8187,23,23,0.012,0.0,JUNK - referral spam / bot
F_referral_spam_bot,pageReferrer,rasberrybear.com,2024|02,user_engagement,1,1,0,0.0,8187,23,23,0.012,0.0,JUNK - referral spam / bot
F_referral_spam_bot,pageReferrer,rgsozvw.top,2024|02,first_visit,2,2,0,0.0,8187,23,23,0.024,0.0,JUNK - referral spam / bot
F_referral_spam_bot,pageReferrer,rgsozvw.top,2024|02,page_view,2,2,0,0.0,8187,23,23,0.024,0.0,JUNK - referral spam / bot
F_referral_spam_bot,pageReferrer,rgsozvw.top,2024|02,session_start,2,2,0,0.0,8187,23,23,0.024,0.0,JUNK - referral spam / bot
F_referral_spam_bot,pageReferrer,rida.tokyo,2024|02,first_visit,50,50,0,0.0,8187,23,23,0.611,0.0,JUNK - referral spam / bot
F_referral_spam_bot,pageReferrer,rida.tokyo,2024|02,page_view,50,50,0,0.0,8187,23,23,0.611,0.0,JUNK - referral spam / bot
F_referral_spam_bot,pageReferrer,rida.tokyo,2024|02,scroll,50,50,0,0.0,8187,23,23,0.611,0.0,JUNK - referral spam / bot
F_referral_spam_bot,pageReferrer,rida.tokyo,2024|02,session_start,50,50,0,0.0,8187,23,23,0.611,0.0,JUNK - referral spam / bot
F_referral_spam_bot,pageReferrer,s.shorttips.xyz,2024|02,first_visit,1,1,0,0.0,8187,23,23,0.012,0.0,JUNK - referral spam / bot
F_referral_spam_bot,pageReferrer,s.shorttips.xyz,2024|02,page_view,1,1,0,0.0,8187,23,23,0.012,0.0,JUNK - referral spam / bot
F_referral_spam_bot,pageReferrer,s.shorttips.xyz,2024|02,session_start,1,1,0,0.0,8187,23,23,0.012,0.0,JUNK - referral spam / bot
F_referral_spam_bot,pageReferrer,s.shorttips.xyz,2024|02,user_engagement,1,1,0,0.0,8187,23,23,0.012,0.0,JUNK - referral spam / bot
F_referral_spam_bot,pageReferrer,s3.flareinfozone.com,2024|02,first_visit,2,2,0,0.0,8187,23,23,0.024,0.0,JUNK - referral spam / bot
F_referral_spam_bot,pageReferrer,s3.flareinfozone.com,2024|02,page_view,2,2,0,0.0,8187,23,23,0.024,0.0,JUNK - referral spam / bot
F_referral_spam_bot,pageReferrer,s3.flareinfozone.com,2024|02,session_start,2,2,0,0.0,8187,23,23,0.024,0.0,JUNK - referral spam / bot
F_referral_spam_bot,pageReferrer,save.saveasmp4.com,2024|02,page_view,1,1,0,0.0,8187,23,23,0.012,0.0,JUNK - referral spam / bot
F_referral_spam_bot,pageReferrer,save.saveasmp4.com,2024|02,scroll,1,1,0,0.0,8187,23,23,0.012,0.0,JUNK - referral spam / bot
F_referral_spam_bot,pageReferrer,save.saveasmp4.com,2024|02,session_start,1,1,0,0.0,8187,23,23,0.012,0.0,JUNK - referral spam / bot
F_referral_spam_bot,pageReferrer,seinn.mmsubcollection.com,2024|02,first_visit,1,1,0,0.0,8187,23,23,0.012,0.0,JUNK - referral spam / bot
F_referral_spam_bot,pageReferrer,seinn.mmsubcollection.com,2024|02,page_view,1,1,0,0.0,8187,23,23,0.012,0.0,JUNK - referral spam / bot
F_referral_spam_bot,pageReferrer,seinn.mmsubcollection.com,2024|02,session_start,1,1,0,0.0,8187,23,23,0.012,0.0,JUNK - referral spam / bot
F_referral_spam_bot,pageReferrer,static.seders.website,2024|02,first_visit,172,172,0,0.0,8187,23,23,2.101,0.0,JUNK - referral spam / bot
F_referral_spam_bot,pageReferrer,static.seders.website,2024|02,page_view,172,172,0,0.0,8187,23,23,2.101,0.0,JUNK - referral spam / bot
F_referral_spam_bot,pageReferrer,static.seders.website,2024|02,scroll,172,172,0,0.0,8187,23,23,2.101,0.0,JUNK - referral spam / bot
F_referral_spam_bot,pageReferrer,static.seders.website,2024|02,session_start,172,172,0,0.0,8187,23,23,2.101,0.0,JUNK - referral spam / bot
F_referral_spam_bot,pageReferrer,tastetrekpro.com,2024|02,first_visit,1,1,0,0.0,8187,23,23,0.012,0.0,JUNK - referral spam / bot
F_referral_spam_bot,pageReferrer,tastetrekpro.com,2024|02,page_view,2,1,0,0.0,8187,23,23,0.024,0.0,JUNK - referral spam / bot
F_referral_spam_bot,pageReferrer,tastetrekpro.com,2024|02,session_start,1,1,0,0.0,8187,23,23,0.012,0.0,JUNK - referral spam / bot
F_referral_spam_bot,pageReferrer,topplayfulvibe.top,2024|02,first_visit,3,3,0,0.0,8187,23,23,0.037,0.0,JUNK - referral spam / bot
F_referral_spam_bot,pageReferrer,topplayfulvibe.top,2024|02,page_view,3,3,0,0.0,8187,23,23,0.037,0.0,JUNK - referral spam / bot
F_referral_spam_bot,pageReferrer,topplayfulvibe.top,2024|02,session_start,3,3,0,0.0,8187,23,23,0.037,0.0,JUNK - referral spam / bot
F_referral_spam_bot,pageReferrer,topplayfulvibe.top,2024|02,user_engagement,1,1,0,0.0,8187,23,23,0.012,0.0,JUNK - referral spam / bot
F_referral_spam_bot,pageReferrer,trast.mantero.online,2024|02,first_visit,12,12,0,0.0,8187,23,23,0.147,0.0,JUNK - referral spam / bot
F_referral_spam_bot,pageReferrer,trast.mantero.online,2024|02,page_view,12,12,0,0.0,8187,23,23,0.147,0.0,JUNK - referral spam / bot
F_referral_spam_bot,pageReferrer,trast.mantero.online,2024|02,scroll,12,12,0,0.0,8187,23,23,0.147,0.0,JUNK - referral spam / bot
F_referral_spam_bot,pageReferrer,trast.mantero.online,2024|02,session_start,12,12,0,0.0,8187,23,23,0.147,0.0,JUNK - referral spam / bot
F_referral_spam_bot,pageReferrer,travelznews.com,2024|02,first_visit,1,1,0,0.0,8187,23,23,0.012,0.0,JUNK - referral spam / bot
F_referral_spam_bot,pageReferrer,travelznews.com,2024|02,page_view,1,1,0,0.0,8187,23,23,0.012,0.0,JUNK - referral spam / bot
F_referral_spam_bot,pageReferrer,travelznews.com,2024|02,session_start,1,1,0,0.0,8187,23,23,0.012,0.0,JUNK - referral spam / bot
F_referral_spam_bot,pageReferrer,udaily.veeplay.info,2024|02,first_visit,1,1,0,0.0,8187,23,23,0.012,0.0,JUNK - referral spam / bot
F_referral_spam_bot,pageReferrer,udaily.veeplay.info,2024|02,page_view,1,1,0,0.0,8187,23,23,0.012,0.0,JUNK - referral spam / bot
F_referral_spam_bot,pageReferrer,udaily.veeplay.info,2024|02,session_start,1,1,0,0.0,8187,23,23,0.012,0.0,JUNK - referral spam / bot
F_referral_spam_bot,pageReferrer,vitalityhubs.com,2024|02,first_visit,1,1,0,0.0,8187,23,23,0.012,0.0,JUNK - referral spam / bot
F_referral_spam_bot,pageReferrer,vitalityhubs.com,2024|02,page_view,1,1,0,0.0,8187,23,23,0.012,0.0,JUNK - referral spam / bot
F_referral_spam_bot,pageReferrer,vitalityhubs.com,2024|02,session_start,1,1,0,0.0,8187,23,23,0.012,0.0,JUNK - referral spam / bot
F_referral_spam_bot,pageReferrer,walletgenius.com,2024|02,first_visit,1,1,0,0.0,8187,23,23,0.012,0.0,JUNK - referral spam / bot
F_referral_spam_bot,pageReferrer,walletgenius.com,2024|02,page_view,1,1,0,0.0,8187,23,23,0.012,0.0,JUNK - referral spam / bot
F_referral_spam_bot,pageReferrer,walletgenius.com,2024|02,session_start,1,1,0,0.0,8187,23,23,0.012,0.0,JUNK - referral spam / bot
F_referral_spam_bot,pageReferrer,walletgenius.com,2024|02,user_engagement,1,1,0,0.0,8187,23,23,0.012,0.0,JUNK - referral spam / bot
F_referral_spam_bot,pageReferrer,warmidecor.com,2024|02,first_visit,2,2,0,0.0,8187,23,23,0.024,0.0,JUNK - referral spam / bot
F_referral_spam_bot,pageReferrer,warmidecor.com,2024|02,page_view,2,2,0,0.0,8187,23,23,0.024,0.0,JUNK - referral spam / bot
F_referral_spam_bot,pageReferrer,warmidecor.com,2024|02,session_start,2,2,0,0.0,8187,23,23,0.024,0.0,JUNK - referral spam / bot
F_referral_spam_bot,pageReferrer,warmidecor.com,2024|02,user_engagement,1,1,0,0.0,8187,23,23,0.012,0.0,JUNK - referral spam / bot
F_referral_spam_bot,pageReferrer,wellnesshqnow.com,2024|02,first_visit,2,2,0,0.0,8187,23,23,0.024,0.0,JUNK - referral spam / bot
F_referral_spam_bot,pageReferrer,wellnesshqnow.com,2024|02,page_view,2,2,0,0.0,8187,23,23,0.024,0.0,JUNK - referral spam / bot
F_referral_spam_bot,pageReferrer,wellnesshqnow.com,2024|02,session_start,2,2,0,0.0,8187,23,23,0.024,0.0,JUNK - referral spam / bot
F_referral_spam_bot,pageReferrer,worldxgame.com,2024|02,first_visit,3,3,0,0.0,8187,23,23,0.037,0.0,JUNK - referral spam / bot
F_referral_spam_bot,pageReferrer,worldxgame.com,2024|02,page_view,3,3,0,0.0,8187,23,23,0.037,0.0,JUNK - referral spam / bot
F_referral_spam_bot,pageReferrer,worldxgame.com,2024|02,session_start,3,3,0,0.0,8187,23,23,0.037,0.0,JUNK - referral spam / bot
F_referral_spam_bot,pageReferrer,www.accesshealthworldwide.org,2024|02,first_visit,1,1,0,0.0,8187,23,23,0.012,0.0,JUNK - referral spam / bot
F_referral_spam_bot,pageReferrer,www.accesshealthworldwide.org,2024|02,page_view,1,1,0,0.0,8187,23,23,0.012,0.0,JUNK - referral spam / bot
F_referral_spam_bot,pageReferrer,www.accesshealthworldwide.org,2024|02,scroll,1,1,0,0.0,8187,23,23,0.012,0.0,JUNK - referral spam / bot
F_referral_spam_bot,pageReferrer,www.accesshealthworldwide.org,2024|02,session_start,1,1,0,0.0,8187,23,23,0.012,0.0,JUNK - referral spam / bot
F_referral_spam_bot,pageReferrer,www.blogsmith.online,2024|02,first_visit,1,1,0,0.0,8187,23,23,0.012,0.0,JUNK - referral spam / bot
F_referral_spam_bot,pageReferrer,www.blogsmith.online,2024|02,page_view,1,1,0,0.0,8187,23,23,0.012,0.0,JUNK - referral spam / bot
F_referral_spam_bot,pageReferrer,www.blogsmith.online,2024|02,session_start,1,1,0,0.0,8187,23,23,0.012,0.0,JUNK - referral spam / bot
F_referral_spam_bot,pageReferrer,www.countone.vip,2024|02,first_visit,1,1,0,0.0,8187,23,23,0.012,0.0,JUNK - referral spam / bot
F_referral_spam_bot,pageReferrer,www.countone.vip,2024|02,page_view,1,1,0,0.0,8187,23,23,0.012,0.0,JUNK - referral spam / bot
F_referral_spam_bot,pageReferrer,www.countone.vip,2024|02,session_start,1,1,0,0.0,8187,23,23,0.012,0.0,JUNK - referral spam / bot
F_referral_spam_bot,pageReferrer,www.cronista.com,2024|02,first_visit,1,1,0,0.0,8187,23,23,0.012,0.0,JUNK - referral spam / bot
F_referral_spam_bot,pageReferrer,www.cronista.com,2024|02,page_view,1,1,0,0.0,8187,23,23,0.012,0.0,JUNK - referral spam / bot
F_referral_spam_bot,pageReferrer,www.cronista.com,2024|02,scroll,1,1,0,0.0,8187,23,23,0.012,0.0,JUNK - referral spam / bot
F_referral_spam_bot,pageReferrer,www.cronista.com,2024|02,session_start,1,1,0,0.0,8187,23,23,0.012,0.0,JUNK - referral spam / bot
F_referral_spam_bot,pageReferrer,www.dailymail.co.uk,2024|02,first_visit,1,1,0,0.0,8187,23,23,0.012,0.0,JUNK - referral spam / bot
F_referral_spam_bot,pageReferrer,www.dailymail.co.uk,2024|02,page_view,1,1,0,0.0,8187,23,23,0.012,0.0,JUNK - referral spam / bot
F_referral_spam_bot,pageReferrer,www.dailymail.co.uk,2024|02,session_start,1,1,0,0.0,8187,23,23,0.012,0.0,JUNK - referral spam / bot
F_referral_spam_bot,pageReferrer,www.eightieskids.com,2024|02,first_visit,2,2,0,0.0,8187,23,23,0.024,0.0,JUNK - referral spam / bot
F_referral_spam_bot,pageReferrer,www.eightieskids.com,2024|02,page_view,2,2,0,0.0,8187,23,23,0.024,0.0,JUNK - referral spam / bot
F_referral_spam_bot,pageReferrer,www.eightieskids.com,2024|02,scroll,1,1,0,0.0,8187,23,23,0.012,0.0,JUNK - referral spam / bot
F_referral_spam_bot,pageReferrer,www.eightieskids.com,2024|02,session_start,2,2,0,0.0,8187,23,23,0.024,0.0,JUNK - referral spam / bot
F_referral_spam_bot,pageReferrer,www.eightieskids.com,2024|02,user_engagement,2,2,0,0.0,8187,23,23,0.024,0.0,JUNK - referral spam / bot
F_referral_spam_bot,pageReferrer,www.healthygem.com,2024|02,first_visit,1,1,0,0.0,8187,23,23,0.012,0.0,JUNK - referral spam / bot
F_referral_spam_bot,pageReferrer,www.healthygem.com,2024|02,page_view,1,1,0,0.0,8187,23,23,0.012,0.0,JUNK - referral spam / bot
F_referral_spam_bot,pageReferrer,www.healthygem.com,2024|02,session_start,1,1,0,0.0,8187,23,23,0.012,0.0,JUNK - referral spam / bot
F_referral_spam_bot,pageReferrer,www.hellohedgehog.com,2024|02,first_visit,1,1,0,0.0,8187,23,23,0.012,0.0,JUNK - referral spam / bot
F_referral_spam_bot,pageReferrer,www.hellohedgehog.com,2024|02,page_view,1,1,0,0.0,8187,23,23,0.012,0.0,JUNK - referral spam / bot
F_referral_spam_bot,pageReferrer,www.hellohedgehog.com,2024|02,session_start,1,1,0,0.0,8187,23,23,0.012,0.0,JUNK - referral spam / bot
F_referral_spam_bot,pageReferrer,www.manuange.com,2024|02,first_visit,1,1,0,0.0,8187,23,23,0.012,0.0,JUNK - referral spam / bot
F_referral_spam_bot,pageReferrer,www.manuange.com,2024|02,page_view,1,1,0,0.0,8187,23,23,0.012,0.0,JUNK - referral spam / bot
F_referral_spam_bot,pageReferrer,www.manuange.com,2024|02,session_start,1,1,0,0.0,8187,23,23,0.012,0.0,JUNK - referral spam / bot
F_referral_spam_bot,pageReferrer,www.nytimes.com,2024|02,first_visit,1,1,0,0.0,8187,23,23,0.012,0.0,JUNK - referral spam / bot
F_referral_spam_bot,pageReferrer,www.nytimes.com,2024|02,page_view,1,1,0,0.0,8187,23,23,0.012,0.0,JUNK - referral spam / bot
F_referral_spam_bot,pageReferrer,www.nytimes.com,2024|02,session_start,1,1,0,0.0,8187,23,23,0.012,0.0,JUNK - referral spam / bot
F_referral_spam_bot,pageReferrer,www.nytimes.com,2024|02,user_engagement,1,1,0,0.0,8187,23,23,0.012,0.0,JUNK - referral spam / bot
F_referral_spam_bot,pageReferrer,www.playoffbox.top,2024|02,first_visit,1,1,0,0.0,8187,23,23,0.012,0.0,JUNK - referral spam / bot
F_referral_spam_bot,pageReferrer,www.playoffbox.top,2024|02,page_view,1,1,0,0.0,8187,23,23,0.012,0.0,JUNK - referral spam / bot
F_referral_spam_bot,pageReferrer,www.playoffbox.top,2024|02,session_start,1,1,0,0.0,8187,23,23,0.012,0.0,JUNK - referral spam / bot
F_referral_spam_bot,pageReferrer,www.playoffbox.top,2024|02,user_engagement,1,1,0,0.0,8187,23,23,0.012,0.0,JUNK - referral spam / bot
F_referral_spam_bot,pageReferrer,www.prevention.com,2024|02,first_visit,1,1,0,0.0,8187,23,23,0.012,0.0,JUNK - referral spam / bot
F_referral_spam_bot,pageReferrer,www.prevention.com,2024|02,page_view,1,1,0,0.0,8187,23,23,0.012,0.0,JUNK - referral spam / bot
F_referral_spam_bot,pageReferrer,www.prevention.com,2024|02,session_start,1,1,0,0.0,8187,23,23,0.012,0.0,JUNK - referral spam / bot
F_referral_spam_bot,pageReferrer,www.prevention.com,2024|02,user_engagement,1,1,0,0.0,8187,23,23,0.012,0.0,JUNK - referral spam / bot
F_referral_spam_bot,pageReferrer,www.vitals.com,2024|02,first_visit,1,1,0,0.0,8187,23,23,0.012,0.0,JUNK - referral spam / bot
F_referral_spam_bot,pageReferrer,www.vitals.com,2024|02,page_view,1,1,0,0.0,8187,23,23,0.012,0.0,JUNK - referral spam / bot
F_referral_spam_bot,pageReferrer,www.vitals.com,2024|02,session_start,1,1,0,0.0,8187,23,23,0.012,0.0,JUNK - referral spam / bot
F_referral_spam_bot,pageReferrer,y.ymirth.com,2024|02,first_visit,1,1,0,0.0,8187,23,23,0.012,0.0,JUNK - referral spam / bot
F_referral_spam_bot,pageReferrer,y.ymirth.com,2024|02,page_view,1,1,0,0.0,8187,23,23,0.012,0.0,JUNK - referral spam / bot
F_referral_spam_bot,pageReferrer,y.ymirth.com,2024|02,session_start,1,1,0,0.0,8187,23,23,0.012,0.0,JUNK - referral spam / bot
F_referral_spam_bot,pageReferrer,y.ymirth.com,2024|02,user_engagement,1,1,0,0.0,8187,23,23,0.012,0.0,JUNK - referral spam / bot
F_referral_spam_bot,pageReferrer,yi.azysu.com,2024|02,first_visit,3,3,0,0.0,8187,23,23,0.037,0.0,JUNK - referral spam / bot
F_referral_spam_bot,pageReferrer,yi.azysu.com,2024|02,page_view,4,4,0,0.0,8187,23,23,0.049,0.0,JUNK - referral spam / bot
F_referral_spam_bot,pageReferrer,yi.azysu.com,2024|02,session_start,4,4,0,0.0,8187,23,23,0.049,0.0,JUNK - referral spam / bot
F_referral_spam_bot,pageReferrer,yl.coolvivid.com,2024|02,first_visit,1,1,0,0.0,8187,23,23,0.012,0.0,JUNK - referral spam / bot
F_referral_spam_bot,pageReferrer,yl.coolvivid.com,2024|02,page_view,1,1,0,0.0,8187,23,23,0.012,0.0,JUNK - referral spam / bot
F_referral_spam_bot,pageReferrer,yl.coolvivid.com,2024|02,session_start,1,1,0,0.0,8187,23,23,0.012,0.0,JUNK - referral spam / bot
F_referral_spam_bot,pageReferrer,yl.prismixtips.com,2024|02,first_visit,2,2,0,0.0,8187,23,23,0.024,0.0,JUNK - referral spam / bot
F_referral_spam_bot,pageReferrer,yl.prismixtips.com,2024|02,page_view,2,2,0,0.0,8187,23,23,0.024,0.0,JUNK - referral spam / bot
F_referral_spam_bot,pageReferrer,yl.prismixtips.com,2024|02,session_start,2,2,0,0.0,8187,23,23,0.024,0.0,JUNK - referral spam / bot
F_referral_spam_bot,pageReferrer,yl.solituude.com,2024|02,first_visit,2,2,0,0.0,8187,23,23,0.024,0.0,JUNK - referral spam / bot
F_referral_spam_bot,pageReferrer,yl.solituude.com,2024|02,page_view,4,3,0,0.0,8187,23,23,0.049,0.0,JUNK - referral spam / bot
F_referral_spam_bot,pageReferrer,yl.solituude.com,2024|02,session_start,3,3,0,0.0,8187,23,23,0.037,0.0,JUNK - referral spam / bot
F_referral_spam_bot,pageReferrer,zgiao.com,2024|02,first_visit,1,1,0,0.0,8187,23,23,0.012,0.0,JUNK - referral spam / bot
F_referral_spam_bot,pageReferrer,zgiao.com,2024|02,page_view,1,1,0,0.0,8187,23,23,0.012,0.0,JUNK - referral spam / bot
F_referral_spam_bot,pageReferrer,zgiao.com,2024|02,session_start,1,1,0,0.0,8187,23,23,0.012,0.0,JUNK - referral spam / bot
F_referral_spam_bot,sessionSourceMedium,blogsmith.online / referral,2024|02,first_visit,1,1,0,0.0,8187,23,23,0.012,0.0,JUNK - referral spam / bot
F_referral_spam_bot,sessionSourceMedium,blogsmith.online / referral,2024|02,page_view,1,1,0,0.0,8187,23,23,0.012,0.0,JUNK - referral spam / bot
F_referral_spam_bot,sessionSourceMedium,blogsmith.online / referral,2024|02,session_start,1,1,0,0.0,8187,23,23,0.012,0.0,JUNK - referral spam / bot
F_referral_spam_bot,sessionSourceMedium,game.fertuk.site / referral,2024|02,first_visit,12,12,0,0.0,8187,23,23,0.147,0.0,JUNK - referral spam / bot
F_referral_spam_bot,sessionSourceMedium,game.fertuk.site / referral,2024|02,page_view,12,12,0,0.0,8187,23,23,0.147,0.0,JUNK - referral spam / bot
F_referral_spam_bot,sessionSourceMedium,game.fertuk.site / referral,2024|02,scroll,12,12,0,0.0,8187,23,23,0.147,0.0,JUNK - referral spam / bot
F_referral_spam_bot,sessionSourceMedium,game.fertuk.site / referral,2024|02,session_start,12,12,0,0.0,8187,23,23,0.147,0.0,JUNK - referral spam / bot
F_referral_spam_bot,sessionSourceMedium,garold.dertus.site / referral,2024|02,first_visit,6,6,0,0.0,8187,23,23,0.073,0.0,JUNK - referral spam / bot
F_referral_spam_bot,sessionSourceMedium,garold.dertus.site / referral,2024|02,page_view,6,6,0,0.0,8187,23,23,0.073,0.0,JUNK - referral spam / bot
F_referral_spam_bot,sessionSourceMedium,garold.dertus.site / referral,2024|02,scroll,6,6,0,0.0,8187,23,23,0.073,0.0,JUNK - referral spam / bot
F_referral_spam_bot,sessionSourceMedium,garold.dertus.site / referral,2024|02,session_start,6,6,0,0.0,8187,23,23,0.073,0.0,JUNK - referral spam / bot
F_referral_spam_bot,sessionSourceMedium,info.seders.website / referral,2024|02,first_visit,42,42,0,0.0,8187,23,23,0.513,0.0,JUNK - referral spam / bot
F_referral_spam_bot,sessionSourceMedium,info.seders.website / referral,2024|02,page_view,42,42,0,0.0,8187,23,23,0.513,0.0,JUNK - referral spam / bot
F_referral_spam_bot,sessionSourceMedium,info.seders.website / referral,2024|02,scroll,42,42,0,0.0,8187,23,23,0.513,0.0,JUNK - referral spam / bot
F_referral_spam_bot,sessionSourceMedium,info.seders.website / referral,2024|02,session_start,42,42,0,0.0,8187,23,23,0.513,0.0,JUNK - referral spam / bot
F_referral_spam_bot,sessionSourceMedium,kar.razas.site / referral,2024|02,first_visit,42,42,0,0.0,8187,23,23,0.513,0.0,JUNK - referral spam / bot
F_referral_spam_bot,sessionSourceMedium,kar.razas.site / referral,2024|02,page_view,42,42,0,0.0,8187,23,23,0.513,0.0,JUNK - referral spam / bot
F_referral_spam_bot,sessionSourceMedium,kar.razas.site / referral,2024|02,scroll,42,42,0,0.0,8187,23,23,0.513,0.0,JUNK - referral spam / bot
F_referral_spam_bot,sessionSourceMedium,kar.razas.site / referral,2024|02,session_start,42,42,0,0.0,8187,23,23,0.513,0.0,JUNK - referral spam / bot
F_referral_spam_bot,sessionSourceMedium,news.grets.store / referral,2024|02,first_visit,492,491,0,0.0,8187,23,23,6.01,0.0,JUNK - referral spam / bot
F_referral_spam_bot,sessionSourceMedium,news.grets.store / referral,2024|02,page_view,492,491,0,0.0,8187,23,23,6.01,0.0,JUNK - referral spam / bot
F_referral_spam_bot,sessionSourceMedium,news.grets.store / referral,2024|02,scroll,485,484,0,0.0,8187,23,23,5.924,0.0,JUNK - referral spam / bot
F_referral_spam_bot,sessionSourceMedium,news.grets.store / referral,2024|02,session_start,492,491,0,0.0,8187,23,23,6.01,0.0,JUNK - referral spam / bot
F_referral_spam_bot,sessionSourceMedium,ofer.bartikus.site / referral,2024|02,first_visit,12,12,0,0.0,8187,23,23,0.147,0.0,JUNK - referral spam / bot
F_referral_spam_bot,sessionSourceMedium,ofer.bartikus.site / referral,2024|02,page_view,12,12,0,0.0,8187,23,23,0.147,0.0,JUNK - referral spam / bot
F_referral_spam_bot,sessionSourceMedium,ofer.bartikus.site / referral,2024|02,scroll,12,12,0,0.0,8187,23,23,0.147,0.0,JUNK - referral spam / bot
F_referral_spam_bot,sessionSourceMedium,ofer.bartikus.site / referral,2024|02,session_start,12,12,0,0.0,8187,23,23,0.147,0.0,JUNK - referral spam / bot
F_referral_spam_bot,sessionSourceMedium,rida.tokyo / referral,2024|02,first_visit,50,50,0,0.0,8187,23,23,0.611,0.0,JUNK - referral spam / bot
F_referral_spam_bot,sessionSourceMedium,rida.tokyo / referral,2024|02,page_view,50,50,0,0.0,8187,23,23,0.611,0.0,JUNK - referral spam / bot
F_referral_spam_bot,sessionSourceMedium,rida.tokyo / referral,2024|02,scroll,50,50,0,0.0,8187,23,23,0.611,0.0,JUNK - referral spam / bot
F_referral_spam_bot,sessionSourceMedium,rida.tokyo / referral,2024|02,session_start,50,50,0,0.0,8187,23,23,0.611,0.0,JUNK - referral spam / bot
F_referral_spam_bot,sessionSourceMedium,static.seders.website / referral,2024|02,first_visit,172,172,0,0.0,8187,23,23,2.101,0.0,JUNK - referral spam / bot
F_referral_spam_bot,sessionSourceMedium,static.seders.website / referral,2024|02,page_view,172,172,0,0.0,8187,23,23,2.101,0.0,JUNK - referral spam / bot
F_referral_spam_bot,sessionSourceMedium,static.seders.website / referral,2024|02,scroll,172,172,0,0.0,8187,23,23,2.101,0.0,JUNK - referral spam / bot
F_referral_spam_bot,sessionSourceMedium,static.seders.website / referral,2024|02,session_start,172,172,0,0.0,8187,23,23,2.101,0.0,JUNK - referral spam / bot
F_referral_spam_bot,sessionSourceMedium,trast.mantero.online / referral,2024|02,first_visit,12,12,0,0.0,8187,23,23,0.147,0.0,JUNK - referral spam / bot
F_referral_spam_bot,sessionSourceMedium,trast.mantero.online / referral,2024|02,page_view,12,12,0,0.0,8187,23,23,0.147,0.0,JUNK - referral spam / bot
F_referral_spam_bot,sessionSourceMedium,trast.mantero.online / referral,2024|02,scroll,12,12,0,0.0,8187,23,23,0.147,0.0,JUNK - referral spam / bot
F_referral_spam_bot,sessionSourceMedium,trast.mantero.online / referral,2024|02,session_start,12,12,0,0.0,8187,23,23,0.147,0.0,JUNK - referral spam / bot
F_referral_spam_bot,pageReferrer,admin.vortezo.com,2024|03,first_visit,2,2,0,0.0,5590,24,24,0.036,0.0,JUNK - referral spam / bot
F_referral_spam_bot,pageReferrer,admin.vortezo.com,2024|03,page_view,2,2,0,0.0,5590,24,24,0.036,0.0,JUNK - referral spam / bot
F_referral_spam_bot,pageReferrer,admin.vortezo.com,2024|03,session_start,2,2,0,0.0,5590,24,24,0.036,0.0,JUNK - referral spam / bot
F_referral_spam_bot,pageReferrer,afonii.com,2024|03,first_visit,3,3,0,0.0,5590,24,24,0.054,0.0,JUNK - referral spam / bot
F_referral_spam_bot,pageReferrer,afonii.com,2024|03,page_view,3,3,0,0.0,5590,24,24,0.054,0.0,JUNK - referral spam / bot
F_referral_spam_bot,pageReferrer,afonii.com,2024|03,session_start,3,3,0,0.0,5590,24,24,0.054,0.0,JUNK - referral spam / bot
F_referral_spam_bot,pageReferrer,atozgovtjobs.com,2024|03,page_view,1,1,0,0.0,5590,24,24,0.018,0.0,JUNK - referral spam / bot
F_referral_spam_bot,pageReferrer,atozgovtjobs.com,2024|03,user_engagement,1,1,0,0.0,5590,24,24,0.018,0.0,JUNK - referral spam / bot
F_referral_spam_bot,pageReferrer,betroyalgame.com,2024|03,first_visit,2,2,0,0.0,5590,24,24,0.036,0.0,JUNK - referral spam / bot
F_referral_spam_bot,pageReferrer,betroyalgame.com,2024|03,page_view,2,2,0,0.0,5590,24,24,0.036,0.0,JUNK - referral spam / bot
F_referral_spam_bot,pageReferrer,betroyalgame.com,2024|03,session_start,2,2,0,0.0,5590,24,24,0.036,0.0,JUNK - referral spam / bot
F_referral_spam_bot,pageReferrer,biomener.com,2024|03,first_visit,1,1,0,0.0,5590,24,24,0.018,0.0,JUNK - referral spam / bot
F_referral_spam_bot,pageReferrer,biomener.com,2024|03,page_view,1,1,0,0.0,5590,24,24,0.018,0.0,JUNK - referral spam / bot
F_referral_spam_bot,pageReferrer,biomener.com,2024|03,session_start,1,1,0,0.0,5590,24,24,0.018,0.0,JUNK - referral spam / bot
F_referral_spam_bot,pageReferrer,brivex.net,2024|03,first_visit,1,1,0,0.0,5590,24,24,0.018,0.0,JUNK - referral spam / bot
F_referral_spam_bot,pageReferrer,brivex.net,2024|03,page_view,1,1,0,0.0,5590,24,24,0.018,0.0,JUNK - referral spam / bot
F_referral_spam_bot,pageReferrer,brivex.net,2024|03,session_start,1,1,0,0.0,5590,24,24,0.018,0.0,JUNK - referral spam / bot
F_referral_spam_bot,pageReferrer,brivex.net,2024|03,user_engagement,1,1,0,0.0,5590,24,24,0.018,0.0,JUNK - referral spam / bot
F_referral_spam_bot,pageReferrer,caozkan.top,2024|03,first_visit,2,2,0,0.0,5590,24,24,0.036,0.0,JUNK - referral spam / bot
F_referral_spam_bot,pageReferrer,caozkan.top,2024|03,page_view,2,2,0,0.0,5590,24,24,0.036,0.0,JUNK - referral spam / bot
F_referral_spam_bot,pageReferrer,caozkan.top,2024|03,session_start,2,2,0,0.0,5590,24,24,0.036,0.0,JUNK - referral spam / bot
F_referral_spam_bot,pageReferrer,creatomuse.com,2024|03,first_visit,1,1,0,0.0,5590,24,24,0.018,0.0,JUNK - referral spam / bot
F_referral_spam_bot,pageReferrer,creatomuse.com,2024|03,page_view,1,1,0,0.0,5590,24,24,0.018,0.0,JUNK - referral spam / bot
F_referral_spam_bot,pageReferrer,creatomuse.com,2024|03,session_start,1,1,0,0.0,5590,24,24,0.018,0.0,JUNK - referral spam / bot
F_referral_spam_bot,pageReferrer,dditeluu.com,2024|03,first_visit,2,2,0,0.0,5590,24,24,0.036,0.0,JUNK - referral spam / bot
F_referral_spam_bot,pageReferrer,dditeluu.com,2024|03,form_start,1,1,0,0.0,5590,24,24,0.018,0.0,JUNK - referral spam / bot
F_referral_spam_bot,pageReferrer,dditeluu.com,2024|03,page_view,2,2,0,0.0,5590,24,24,0.036,0.0,JUNK - referral spam / bot
F_referral_spam_bot,pageReferrer,dditeluu.com,2024|03,session_start,2,2,0,0.0,5590,24,24,0.036,0.0,JUNK - referral spam / bot
F_referral_spam_bot,pageReferrer,detroit.fewali.com,2024|03,first_visit,1,1,0,0.0,5590,24,24,0.018,0.0,JUNK - referral spam / bot
F_referral_spam_bot,pageReferrer,detroit.fewali.com,2024|03,page_view,1,1,0,0.0,5590,24,24,0.018,0.0,JUNK - referral spam / bot
F_referral_spam_bot,pageReferrer,detroit.fewali.com,2024|03,session_start,1,1,0,0.0,5590,24,24,0.018,0.0,JUNK - referral spam / bot
F_referral_spam_bot,pageReferrer,detroit.fewali.com,2024|03,user_engagement,1,1,0,0.0,5590,24,24,0.018,0.0,JUNK - referral spam / bot
F_referral_spam_bot,pageReferrer,deyeardragon.com,2024|03,first_visit,1,1,0,0.0,5590,24,24,0.018,0.0,JUNK - referral spam / bot
F_referral_spam_bot,pageReferrer,deyeardragon.com,2024|03,page_view,1,1,0,0.0,5590,24,24,0.018,0.0,JUNK - referral spam / bot
F_referral_spam_bot,pageReferrer,deyeardragon.com,2024|03,session_start,1,1,0,0.0,5590,24,24,0.018,0.0,JUNK - referral spam / bot
F_referral_spam_bot,pageReferrer,deyeardragon.com,2024|03,user_engagement,1,1,0,0.0,5590,24,24,0.018,0.0,JUNK - referral spam / bot
F_referral_spam_bot,pageReferrer,e.starlithush.com,2024|03,first_visit,1,1,0,0.0,5590,24,24,0.018,0.0,JUNK - referral spam / bot
F_referral_spam_bot,pageReferrer,e.starlithush.com,2024|03,page_view,1,1,0,0.0,5590,24,24,0.018,0.0,JUNK - referral spam / bot
F_referral_spam_bot,pageReferrer,e.starlithush.com,2024|03,session_start,1,1,0,0.0,5590,24,24,0.018,0.0,JUNK - referral spam / bot
F_referral_spam_bot,pageReferrer,easyinstantrecipes.com,2024|03,first_visit,1,1,0,0.0,5590,24,24,0.018,0.0,JUNK - referral spam / bot
F_referral_spam_bot,pageReferrer,easyinstantrecipes.com,2024|03,page_view,1,1,0,0.0,5590,24,24,0.018,0.0,JUNK - referral spam / bot
F_referral_spam_bot,pageReferrer,easyinstantrecipes.com,2024|03,session_start,1,1,0,0.0,5590,24,24,0.018,0.0,JUNK - referral spam / bot
F_referral_spam_bot,pageReferrer,eng.k18news.com,2024|03,first_visit,1,1,0,0.0,5590,24,24,0.018,0.0,JUNK - referral spam / bot
F_referral_spam_bot,pageReferrer,eng.k18news.com,2024|03,page_view,1,1,0,0.0,5590,24,24,0.018,0.0,JUNK - referral spam / bot
F_referral_spam_bot,pageReferrer,eng.k18news.com,2024|03,session_start,1,1,0,0.0,5590,24,24,0.018,0.0,JUNK - referral spam / bot
F_referral_spam_bot,pageReferrer,entenewera.com,2024|03,first_visit,1,1,0,0.0,5590,24,24,0.018,0.0,JUNK - referral spam / bot
F_referral_spam_bot,pageReferrer,entenewera.com,2024|03,page_view,1,1,0,0.0,5590,24,24,0.018,0.0,JUNK - referral spam / bot
F_referral_spam_bot,pageReferrer,entenewera.com,2024|03,session_start,1,1,0,0.0,5590,24,24,0.018,0.0,JUNK - referral spam / bot
F_referral_spam_bot,pageReferrer,facty.com,2024|03,first_visit,3,3,0,0.0,5590,24,24,0.054,0.0,JUNK - referral spam / bot
F_referral_spam_bot,pageReferrer,facty.com,2024|03,page_view,5,4,0,0.0,5590,24,24,0.089,0.0,JUNK - referral spam / bot
F_referral_spam_bot,pageReferrer,facty.com,2024|03,session_start,3,3,0,0.0,5590,24,24,0.054,0.0,JUNK - referral spam / bot
F_referral_spam_bot,pageReferrer,facty.com,2024|03,user_engagement,1,1,0,0.0,5590,24,24,0.018,0.0,JUNK - referral spam / bot
F_referral_spam_bot,pageReferrer,ffguruji.com,2024|03,first_visit,1,1,0,0.0,5590,24,24,0.018,0.0,JUNK - referral spam / bot
F_referral_spam_bot,pageReferrer,ffguruji.com,2024|03,page_view,1,1,0,0.0,5590,24,24,0.018,0.0,JUNK - referral spam / bot
F_referral_spam_bot,pageReferrer,ffguruji.com,2024|03,session_start,1,1,0,0.0,5590,24,24,0.018,0.0,JUNK - referral spam / bot
F_referral_spam_bot,pageReferrer,fitprotips.com,2024|03,first_visit,1,1,0,0.0,5590,24,24,0.018,0.0,JUNK - referral spam / bot
F_referral_spam_bot,pageReferrer,fitprotips.com,2024|03,page_view,1,1,0,0.0,5590,24,24,0.018,0.0,JUNK - referral spam / bot
F_referral_spam_bot,pageReferrer,fitprotips.com,2024|03,session_start,1,1,0,0.0,5590,24,24,0.018,0.0,JUNK - referral spam / bot
F_referral_spam_bot,pageReferrer,game.guinevgame.com,2024|03,first_visit,1,1,0,0.0,5590,24,24,0.018,0.0,JUNK - referral spam / bot
F_referral_spam_bot,pageReferrer,game.guinevgame.com,2024|03,page_view,1,1,0,0.0,5590,24,24,0.018,0.0,JUNK - referral spam / bot
F_referral_spam_bot,pageReferrer,game.guinevgame.com,2024|03,session_start,1,1,0,0.0,5590,24,24,0.018,0.0,JUNK - referral spam / bot
F_referral_spam_bot,pageReferrer,gameexpertise.com,2024|03,first_visit,2,2,0,0.0,5590,24,24,0.036,0.0,JUNK - referral spam / bot
F_referral_spam_bot,pageReferrer,gameexpertise.com,2024|03,page_view,3,2,0,0.0,5590,24,24,0.054,0.0,JUNK - referral spam / bot
F_referral_spam_bot,pageReferrer,gameexpertise.com,2024|03,session_start,2,2,0,0.0,5590,24,24,0.036,0.0,JUNK - referral spam / bot
F_referral_spam_bot,pageReferrer,gameexpertise.com,2024|03,user_engagement,2,1,0,0.0,5590,24,24,0.036,0.0,JUNK - referral spam / bot
F_referral_spam_bot,pageReferrer,gameflares.top,2024|03,first_visit,1,1,0,0.0,5590,24,24,0.018,0.0,JUNK - referral spam / bot
F_referral_spam_bot,pageReferrer,gameflares.top,2024|03,page_view,1,1,0,0.0,5590,24,24,0.018,0.0,JUNK - referral spam / bot
F_referral_spam_bot,pageReferrer,gameflares.top,2024|03,session_start,1,1,0,0.0,5590,24,24,0.018,0.0,JUNK - referral spam / bot
F_referral_spam_bot,pageReferrer,gameflares.top,2024|03,user_engagement,1,1,0,0.0,5590,24,24,0.018,0.0,JUNK - referral spam / bot
F_referral_spam_bot,pageReferrer,gameglow.top,2024|03,first_visit,1,1,0,0.0,5590,24,24,0.018,0.0,JUNK - referral spam / bot
F_referral_spam_bot,pageReferrer,gameglow.top,2024|03,page_view,1,1,0,0.0,5590,24,24,0.018,0.0,JUNK - referral spam / bot
F_referral_spam_bot,pageReferrer,gameglow.top,2024|03,session_start,1,1,0,0.0,5590,24,24,0.018,0.0,JUNK - referral spam / bot
F_referral_spam_bot,pageReferrer,gameintelx.com,2024|03,first_visit,1,1,0,0.0,5590,24,24,0.018,0.0,JUNK - referral spam / bot
F_referral_spam_bot,pageReferrer,gameintelx.com,2024|03,page_view,2,2,0,0.0,5590,24,24,0.036,0.0,JUNK - referral spam / bot
F_referral_spam_bot,pageReferrer,gameintelx.com,2024|03,session_start,2,2,0,0.0,5590,24,24,0.036,0.0,JUNK - referral spam / bot
F_referral_spam_bot,pageReferrer,gameintelx.com,2024|03,user_engagement,1,1,0,0.0,5590,24,24,0.018,0.0,JUNK - referral spam / bot
F_referral_spam_bot,pageReferrer,gamekeeper.top,2024|03,first_visit,4,4,0,0.0,5590,24,24,0.072,0.0,JUNK - referral spam / bot
F_referral_spam_bot,pageReferrer,gamekeeper.top,2024|03,page_view,7,4,0,0.0,5590,24,24,0.125,0.0,JUNK - referral spam / bot
F_referral_spam_bot,pageReferrer,gamekeeper.top,2024|03,session_start,4,4,0,0.0,5590,24,24,0.072,0.0,JUNK - referral spam / bot
F_referral_spam_bot,pageReferrer,gamekeeper.top,2024|03,user_engagement,7,4,0,0.0,5590,24,24,0.125,0.0,JUNK - referral spam / bot
F_referral_spam_bot,pageReferrer,gameonfire.top,2024|03,first_visit,1,1,0,0.0,5590,24,24,0.018,0.0,JUNK - referral spam / bot
F_referral_spam_bot,pageReferrer,gameonfire.top,2024|03,page_view,1,1,0,0.0,5590,24,24,0.018,0.0,JUNK - referral spam / bot
F_referral_spam_bot,pageReferrer,gameonfire.top,2024|03,session_start,1,1,0,0.0,5590,24,24,0.018,0.0,JUNK - referral spam / bot
F_referral_spam_bot,pageReferrer,gamerific.top,2024|03,first_visit,1,1,0,0.0,5590,24,24,0.018,0.0,JUNK - referral spam / bot
F_referral_spam_bot,pageReferrer,gamerific.top,2024|03,page_view,1,1,0,0.0,5590,24,24,0.018,0.0,JUNK - referral spam / bot
F_referral_spam_bot,pageReferrer,gamerific.top,2024|03,session_start,1,1,0,0.0,5590,24,24,0.018,0.0,JUNK - referral spam / bot
F_referral_spam_bot,pageReferrer,gamestormers.top,2024|03,first_visit,1,1,0,0.0,5590,24,24,0.018,0.0,JUNK - referral spam / bot
F_referral_spam_bot,pageReferrer,gamestormers.top,2024|03,page_view,1,1,0,0.0,5590,24,24,0.018,0.0,JUNK - referral spam / bot
F_referral_spam_bot,pageReferrer,gamestormers.top,2024|03,session_start,1,1,0,0.0,5590,24,24,0.018,0.0,JUNK - referral spam / bot
F_referral_spam_bot,pageReferrer,godlygame.top,2024|03,first_visit,1,1,0,0.0,5590,24,24,0.018,0.0,JUNK - referral spam / bot
F_referral_spam_bot,pageReferrer,godlygame.top,2024|03,page_view,1,1,0,0.0,5590,24,24,0.018,0.0,JUNK - referral spam / bot
F_referral_spam_bot,pageReferrer,godlygame.top,2024|03,session_start,1,1,0,0.0,5590,24,24,0.018,0.0,JUNK - referral spam / bot
F_referral_spam_bot,pageReferrer,godlygame.top,2024|03,user_engagement,1,1,0,0.0,5590,24,24,0.018,0.0,JUNK - referral spam / bot
F_referral_spam_bot,pageReferrer,grizly.com,2024|03,first_visit,4,4,0,0.0,5590,24,24,0.072,0.0,JUNK - referral spam / bot
F_referral_spam_bot,pageReferrer,grizly.com,2024|03,page_view,4,4,0,0.0,5590,24,24,0.072,0.0,JUNK - referral spam / bot
F_referral_spam_bot,pageReferrer,grizly.com,2024|03,session_start,4,4,0,0.0,5590,24,24,0.072,0.0,JUNK - referral spam / bot
F_referral_spam_bot,pageReferrer,grizly.com,2024|03,user_engagement,1,1,0,0.0,5590,24,24,0.018,0.0,JUNK - referral spam / bot
F_referral_spam_bot,pageReferrer,gurukalingiya.com,2024|03,first_visit,2,2,0,0.0,5590,24,24,0.036,0.0,JUNK - referral spam / bot
F_referral_spam_bot,pageReferrer,gurukalingiya.com,2024|03,page_view,2,2,0,0.0,5590,24,24,0.036,0.0,JUNK - referral spam / bot
F_referral_spam_bot,pageReferrer,gurukalingiya.com,2024|03,session_start,2,2,0,0.0,5590,24,24,0.036,0.0,JUNK - referral spam / bot
F_referral_spam_bot,pageReferrer,h.hindiexplainn.com,2024|03,page_view,2,1,0,0.0,5590,24,24,0.036,0.0,JUNK - referral spam / bot
F_referral_spam_bot,pageReferrer,h.hindiexplainn.com,2024|03,session_start,1,1,0,0.0,5590,24,24,0.018,0.0,JUNK - referral spam / bot
F_referral_spam_bot,pageReferrer,h.hindiexplainn.com,2024|03,user_engagement,1,1,0,0.0,5590,24,24,0.018,0.0,JUNK - referral spam / bot
F_referral_spam_bot,pageReferrer,hddengmstek.com,2024|03,first_visit,1,1,0,0.0,5590,24,24,0.018,0.0,JUNK - referral spam / bot
F_referral_spam_bot,pageReferrer,hddengmstek.com,2024|03,page_view,1,1,0,0.0,5590,24,24,0.018,0.0,JUNK - referral spam / bot
F_referral_spam_bot,pageReferrer,hddengmstek.com,2024|03,session_start,1,1,0,0.0,5590,24,24,0.018,0.0,JUNK - referral spam / bot
F_referral_spam_bot,pageReferrer,health.giapoloa.com,2024|03,first_visit,4,4,0,0.0,5590,24,24,0.072,0.0,JUNK - referral spam / bot
F_referral_spam_bot,pageReferrer,health.giapoloa.com,2024|03,page_view,5,5,0,0.0,5590,24,24,0.089,0.0,JUNK - referral spam / bot
F_referral_spam_bot,pageReferrer,health.giapoloa.com,2024|03,session_start,5,5,0,0.0,5590,24,24,0.089,0.0,JUNK - referral spam / bot
F_referral_spam_bot,pageReferrer,health.giapoloa.com,2024|03,user_engagement,1,1,0,0.0,5590,24,24,0.018,0.0,JUNK - referral spam / bot
F_referral_spam_bot,pageReferrer,health.patioinfo.com,2024|03,first_visit,1,1,0,0.0,5590,24,24,0.018,0.0,JUNK - referral spam / bot
F_referral_spam_bot,pageReferrer,health.patioinfo.com,2024|03,page_view,1,1,0,0.0,5590,24,24,0.018,0.0,JUNK - referral spam / bot
F_referral_spam_bot,pageReferrer,health.patioinfo.com,2024|03,scroll,1,1,0,0.0,5590,24,24,0.018,0.0,JUNK - referral spam / bot
F_referral_spam_bot,pageReferrer,health.patioinfo.com,2024|03,session_start,1,1,0,0.0,5590,24,24,0.018,0.0,JUNK - referral spam / bot
F_referral_spam_bot,pageReferrer,health.patioinfo.com,2024|03,user_engagement,1,1,0,0.0,5590,24,24,0.018,0.0,JUNK - referral spam / bot
F_referral_spam_bot,pageReferrer,healthlawyers.bloggolis.com,2024|03,first_visit,3,3,0,0.0,5590,24,24,0.054,0.0,JUNK - referral spam / bot
F_referral_spam_bot,pageReferrer,healthlawyers.bloggolis.com,2024|03,page_view,3,3,0,0.0,5590,24,24,0.054,0.0,JUNK - referral spam / bot
F_referral_spam_bot,pageReferrer,healthlawyers.bloggolis.com,2024|03,session_start,3,3,0,0.0,5590,24,24,0.054,0.0,JUNK - referral spam / bot
F_referral_spam_bot,pageReferrer,healthlawyers.bloggolis.com,2024|03,user_engagement,2,2,0,0.0,5590,24,24,0.036,0.0,JUNK - referral spam / bot
F_referral_spam_bot,pageReferrer,healthlawyers.otctablets.com,2024|03,first_visit,1,1,0,0.0,5590,24,24,0.018,0.0,JUNK - referral spam / bot
F_referral_spam_bot,pageReferrer,healthlawyers.otctablets.com,2024|03,page_view,1,1,0,0.0,5590,24,24,0.018,0.0,JUNK - referral spam / bot
F_referral_spam_bot,pageReferrer,healthlawyers.otctablets.com,2024|03,session_start,1,1,0,0.0,5590,24,24,0.018,0.0,JUNK - referral spam / bot
F_referral_spam_bot,pageReferrer,healthlawyers.otctablets.com,2024|03,user_engagement,1,1,0,0.0,5590,24,24,0.018,0.0,JUNK - referral spam / bot
F_referral_spam_bot,pageReferrer,healthsea.com,2024|03,first_visit,1,1,0,0.0,5590,24,24,0.018,0.0,JUNK - referral spam / bot
F_referral_spam_bot,pageReferrer,healthsea.com,2024|03,page_view,1,1,0,0.0,5590,24,24,0.018,0.0,JUNK - referral spam / bot
F_referral_spam_bot,pageReferrer,healthsea.com,2024|03,session_start,1,1,0,0.0,5590,24,24,0.018,0.0,JUNK - referral spam / bot
F_referral_spam_bot,pageReferrer,healthstoday.com,2024|03,first_visit,1,1,0,0.0,5590,24,24,0.018,0.0,JUNK - referral spam / bot
F_referral_spam_bot,pageReferrer,healthstoday.com,2024|03,page_view,1,1,0,0.0,5590,24,24,0.018,0.0,JUNK - referral spam / bot
F_referral_spam_bot,pageReferrer,healthstoday.com,2024|03,scroll,1,1,0,0.0,5590,24,24,0.018,0.0,JUNK - referral spam / bot
F_referral_spam_bot,pageReferrer,healthstoday.com,2024|03,session_start,1,1,0,0.0,5590,24,24,0.018,0.0,JUNK - referral spam / bot
F_referral_spam_bot,pageReferrer,homeaddict.io,2024|03,first_visit,1,1,0,0.0,5590,24,24,0.018,0.0,JUNK - referral spam / bot
F_referral_spam_bot,pageReferrer,homeaddict.io,2024|03,page_view,1,1,0,0.0,5590,24,24,0.018,0.0,JUNK - referral spam / bot
F_referral_spam_bot,pageReferrer,homeaddict.io,2024|03,session_start,1,1,0,0.0,5590,24,24,0.018,0.0,JUNK - referral spam / bot
F_referral_spam_bot,pageReferrer,hostfungame.com,2024|03,first_visit,1,1,0,0.0,5590,24,24,0.018,0.0,JUNK - referral spam / bot
F_referral_spam_bot,pageReferrer,hostfungame.com,2024|03,page_view,1,1,0,0.0,5590,24,24,0.018,0.0,JUNK - referral spam / bot
F_referral_spam_bot,pageReferrer,hostfungame.com,2024|03,session_start,1,1,0,0.0,5590,24,24,0.018,0.0,JUNK - referral spam / bot
F_referral_spam_bot,pageReferrer,med.jovntae.com,2024|03,first_visit,2,2,0,0.0,5590,24,24,0.036,0.0,JUNK - referral spam / bot
F_referral_spam_bot,pageReferrer,med.jovntae.com,2024|03,page_view,2,2,0,0.0,5590,24,24,0.036,0.0,JUNK - referral spam / bot
F_referral_spam_bot,pageReferrer,med.jovntae.com,2024|03,session_start,2,2,0,0.0,5590,24,24,0.036,0.0,JUNK - referral spam / bot
F_referral_spam_bot,pageReferrer,med.joyfultip.com,2024|03,first_visit,2,2,0,0.0,5590,24,24,0.036,0.0,JUNK - referral spam / bot
F_referral_spam_bot,pageReferrer,med.joyfultip.com,2024|03,page_view,2,2,0,0.0,5590,24,24,0.036,0.0,JUNK - referral spam / bot
F_referral_spam_bot,pageReferrer,med.joyfultip.com,2024|03,session_start,2,2,0,0.0,5590,24,24,0.036,0.0,JUNK - referral spam / bot
F_referral_spam_bot,pageReferrer,med.joyfultip.com,2024|03,user_engagement,1,1,0,0.0,5590,24,24,0.018,0.0,JUNK - referral spam / bot
F_referral_spam_bot,pageReferrer,medical-news.org,2024|03,first_visit,4,4,0,0.0,5590,24,24,0.072,0.0,JUNK - referral spam / bot
F_referral_spam_bot,pageReferrer,medical-news.org,2024|03,page_view,4,4,0,0.0,5590,24,24,0.072,0.0,JUNK - referral spam / bot
F_referral_spam_bot,pageReferrer,medical-news.org,2024|03,session_start,4,4,0,0.0,5590,24,24,0.072,0.0,JUNK - referral spam / bot
F_referral_spam_bot,pageReferrer,medical-news.org,2024|03,user_engagement,1,1,0,0.0,5590,24,24,0.018,0.0,JUNK - referral spam / bot
F_referral_spam_bot,pageReferrer,medical.ujjwalkhabar.com,2024|03,first_visit,1,1,0,0.0,5590,24,24,0.018,0.0,JUNK - referral spam / bot
F_referral_spam_bot,pageReferrer,medical.ujjwalkhabar.com,2024|03,page_view,1,1,0,0.0,5590,24,24,0.018,0.0,JUNK - referral spam / bot
F_referral_spam_bot,pageReferrer,medical.ujjwalkhabar.com,2024|03,scroll,1,1,0,0.0,5590,24,24,0.018,0.0,JUNK - referral spam / bot
F_referral_spam_bot,pageReferrer,medical.ujjwalkhabar.com,2024|03,session_start,1,1,0,0.0,5590,24,24,0.018,0.0,JUNK - referral spam / bot
F_referral_spam_bot,pageReferrer,moxifynews.com,2024|03,first_visit,1,1,0,0.0,5590,24,24,0.018,0.0,JUNK - referral spam / bot
F_referral_spam_bot,pageReferrer,moxifynews.com,2024|03,page_view,1,1,0,0.0,5590,24,24,0.018,0.0,JUNK - referral spam / bot
F_referral_spam_bot,pageReferrer,moxifynews.com,2024|03,session_start,1,1,0,0.0,5590,24,24,0.018,0.0,JUNK - referral spam / bot
F_referral_spam_bot,pageReferrer,moxifynews.com,2024|03,user_engagement,1,1,0,0.0,5590,24,24,0.018,0.0,JUNK - referral spam / bot
F_referral_spam_bot,pageReferrer,my.mysafelink.in,2024|03,page_view,1,1,0,0.0,5590,24,24,0.018,0.0,JUNK - referral spam / bot
F_referral_spam_bot,pageReferrer,my.mysafelink.in,2024|03,session_start,1,1,0,0.0,5590,24,24,0.018,0.0,JUNK - referral spam / bot
F_referral_spam_bot,pageReferrer,mystrong.veeplay.info,2024|03,first_visit,1,1,0,0.0,5590,24,24,0.018,0.0,JUNK - referral spam / bot
F_referral_spam_bot,pageReferrer,mystrong.veeplay.info,2024|03,page_view,1,1,0,0.0,5590,24,24,0.018,0.0,JUNK - referral spam / bot
F_referral_spam_bot,pageReferrer,mystrong.veeplay.info,2024|03,session_start,1,1,0,0.0,5590,24,24,0.018,0.0,JUNK - referral spam / bot
F_referral_spam_bot,pageReferrer,naukri2021.xyz,2024|03,first_visit,1,1,0,0.0,5590,24,24,0.018,0.0,JUNK - referral spam / bot
F_referral_spam_bot,pageReferrer,naukri2021.xyz,2024|03,page_view,1,1,0,0.0,5590,24,24,0.018,0.0,JUNK - referral spam / bot
F_referral_spam_bot,pageReferrer,naukri2021.xyz,2024|03,session_start,1,1,0,0.0,5590,24,24,0.018,0.0,JUNK - referral spam / bot
F_referral_spam_bot,pageReferrer,naukri2021.xyz,2024|03,user_engagement,1,1,0,0.0,5590,24,24,0.018,0.0,JUNK - referral spam / bot
F_referral_spam_bot,pageReferrer,news.gamesfuny.com,2024|03,first_visit,1,1,0,0.0,5590,24,24,0.018,0.0,JUNK - referral spam / bot
F_referral_spam_bot,pageReferrer,news.gamesfuny.com,2024|03,page_view,1,1,0,0.0,5590,24,24,0.018,0.0,JUNK - referral spam / bot
F_referral_spam_bot,pageReferrer,news.gamesfuny.com,2024|03,session_start,1,1,0,0.0,5590,24,24,0.018,0.0,JUNK - referral spam / bot
F_referral_spam_bot,pageReferrer,news.gamesfuny.com,2024|03,user_engagement,1,1,0,0.0,5590,24,24,0.018,0.0,JUNK - referral spam / bot
F_referral_spam_bot,pageReferrer,news.gametoplab.com,2024|03,first_visit,1,1,0,0.0,5590,24,24,0.018,0.0,JUNK - referral spam / bot
F_referral_spam_bot,pageReferrer,news.gametoplab.com,2024|03,page_view,1,1,0,0.0,5590,24,24,0.018,0.0,JUNK - referral spam / bot
F_referral_spam_bot,pageReferrer,news.gametoplab.com,2024|03,session_start,1,1,0,0.0,5590,24,24,0.018,0.0,JUNK - referral spam / bot
F_referral_spam_bot,pageReferrer,news.nativeten.com,2024|03,first_visit,2,2,0,0.0,5590,24,24,0.036,0.0,JUNK - referral spam / bot
F_referral_spam_bot,pageReferrer,news.nativeten.com,2024|03,page_view,4,3,0,0.0,5590,24,24,0.072,0.0,JUNK - referral spam / bot
F_referral_spam_bot,pageReferrer,news.nativeten.com,2024|03,session_start,2,2,0,0.0,5590,24,24,0.036,0.0,JUNK - referral spam / bot
F_referral_spam_bot,pageReferrer,news.nativeten.com,2024|03,user_engagement,1,1,0,0.0,5590,24,24,0.018,0.0,JUNK - referral spam / bot
F_referral_spam_bot,pageReferrer,newscatalystalert.store,2024|03,first_visit,1,1,0,0.0,5590,24,24,0.018,0.0,JUNK - referral spam / bot
F_referral_spam_bot,pageReferrer,newscatalystalert.store,2024|03,page_view,1,1,0,0.0,5590,24,24,0.018,0.0,JUNK - referral spam / bot
F_referral_spam_bot,pageReferrer,newscatalystalert.store,2024|03,session_start,1,1,0,0.0,5590,24,24,0.018,0.0,JUNK - referral spam / bot
F_referral_spam_bot,pageReferrer,newsechonet.store,2024|03,first_visit,1,1,0,0.0,5590,24,24,0.018,0.0,JUNK - referral spam / bot
F_referral_spam_bot,pageReferrer,newsechonet.store,2024|03,page_view,1,1,0,0.0,5590,24,24,0.018,0.0,JUNK - referral spam / bot
F_referral_spam_bot,pageReferrer,newsechonet.store,2024|03,session_start,1,1,0,0.0,5590,24,24,0.018,0.0,JUNK - referral spam / bot
F_referral_spam_bot,pageReferrer,newshorizondash.store,2024|03,first_visit,1,1,0,0.0,5590,24,24,0.018,0.0,JUNK - referral spam / bot
F_referral_spam_bot,pageReferrer,newshorizondash.store,2024|03,form_start,1,1,0,0.0,5590,24,24,0.018,0.0,JUNK - referral spam / bot
F_referral_spam_bot,pageReferrer,newshorizondash.store,2024|03,page_view,1,1,0,0.0,5590,24,24,0.018,0.0,JUNK - referral spam / bot
F_referral_spam_bot,pageReferrer,newshorizondash.store,2024|03,scroll,1,1,0,0.0,5590,24,24,0.018,0.0,JUNK - referral spam / bot
F_referral_spam_bot,pageReferrer,newshorizondash.store,2024|03,session_start,1,1,0,0.0,5590,24,24,0.018,0.0,JUNK - referral spam / bot
F_referral_spam_bot,pageReferrer,nexusgame.top,2024|03,first_visit,1,1,0,0.0,5590,24,24,0.018,0.0,JUNK - referral spam / bot
F_referral_spam_bot,pageReferrer,nexusgame.top,2024|03,page_view,2,1,0,0.0,5590,24,24,0.036,0.0,JUNK - referral spam / bot
F_referral_spam_bot,pageReferrer,nexusgame.top,2024|03,session_start,1,1,0,0.0,5590,24,24,0.018,0.0,JUNK - referral spam / bot
F_referral_spam_bot,pageReferrer,nexusgame.top,2024|03,user_engagement,2,1,0,0.0,5590,24,24,0.036,0.0,JUNK - referral spam / bot
F_referral_spam_bot,pageReferrer,playfulgamer.top,2024|03,first_visit,2,2,0,0.0,5590,24,24,0.036,0.0,JUNK - referral spam / bot
F_referral_spam_bot,pageReferrer,playfulgamer.top,2024|03,page_view,2,2,0,0.0,5590,24,24,0.036,0.0,JUNK - referral spam / bot
F_referral_spam_bot,pageReferrer,playfulgamer.top,2024|03,session_start,2,2,0,0.0,5590,24,24,0.036,0.0,JUNK - referral spam / bot
F_referral_spam_bot,pageReferrer,playfulgamer.top,2024|03,user_engagement,2,2,0,0.0,5590,24,24,0.036,0.0,JUNK - referral spam / bot
F_referral_spam_bot,pageReferrer,playfulhivezone.top,2024|03,first_visit,1,1,0,0.0,5590,24,24,0.018,0.0,JUNK - referral spam / bot
F_referral_spam_bot,pageReferrer,playfulhivezone.top,2024|03,page_view,1,1,0,0.0,5590,24,24,0.018,0.0,JUNK - referral spam / bot
F_referral_spam_bot,pageReferrer,playfulhivezone.top,2024|03,session_start,1,1,0,0.0,5590,24,24,0.018,0.0,JUNK - referral spam / bot
F_referral_spam_bot,pageReferrer,playfulmatrixworld.top,2024|03,first_visit,1,1,0,0.0,5590,24,24,0.018,0.0,JUNK - referral spam / bot
F_referral_spam_bot,pageReferrer,playfulmatrixworld.top,2024|03,page_view,1,1,0,0.0,5590,24,24,0.018,0.0,JUNK - referral spam / bot
F_referral_spam_bot,pageReferrer,playfulmatrixworld.top,2024|03,session_start,1,1,0,0.0,5590,24,24,0.018,0.0,JUNK - referral spam / bot
F_referral_spam_bot,pageReferrer,policygeniushub.com,2024|03,first_visit,1,1,0,0.0,5590,24,24,0.018,0.0,JUNK - referral spam / bot
F_referral_spam_bot,pageReferrer,policygeniushub.com,2024|03,page_view,1,1,0,0.0,5590,24,24,0.018,0.0,JUNK - referral spam / bot
F_referral_spam_bot,pageReferrer,policygeniushub.com,2024|03,session_start,1,1,0,0.0,5590,24,24,0.018,0.0,JUNK - referral spam / bot
F_referral_spam_bot,pageReferrer,pszip.com,2024|03,first_visit,1,1,0,0.0,5590,24,24,0.018,0.0,JUNK - referral spam / bot
F_referral_spam_bot,pageReferrer,pszip.com,2024|03,page_view,1,1,0,0.0,5590,24,24,0.018,0.0,JUNK - referral spam / bot
F_referral_spam_bot,pageReferrer,pszip.com,2024|03,session_start,1,1,0,0.0,5590,24,24,0.018,0.0,JUNK - referral spam / bot
F_referral_spam_bot,pageReferrer,qunntestal.com,2024|03,first_visit,1,1,0,0.0,5590,24,24,0.018,0.0,JUNK - referral spam / bot
F_referral_spam_bot,pageReferrer,qunntestal.com,2024|03,page_view,1,1,0,0.0,5590,24,24,0.018,0.0,JUNK - referral spam / bot
F_referral_spam_bot,pageReferrer,qunntestal.com,2024|03,session_start,1,1,0,0.0,5590,24,24,0.018,0.0,JUNK - referral spam / bot
F_referral_spam_bot,pageReferrer,qunntestal.com,2024|03,user_engagement,1,1,0,0.0,5590,24,24,0.018,0.0,JUNK - referral spam / bot
F_referral_spam_bot,pageReferrer,rida.tokyo,2024|03,first_visit,74,74,0,0.0,5590,24,24,1.324,0.0,JUNK - referral spam / bot
F_referral_spam_bot,pageReferrer,rida.tokyo,2024|03,page_view,74,74,0,0.0,5590,24,24,1.324,0.0,JUNK - referral spam / bot
F_referral_spam_bot,pageReferrer,rida.tokyo,2024|03,scroll,74,74,0,0.0,5590,24,24,1.324,0.0,JUNK - referral spam / bot
F_referral_spam_bot,pageReferrer,rida.tokyo,2024|03,session_start,74,74,0,0.0,5590,24,24,1.324,0.0,JUNK - referral spam / bot
F_referral_spam_bot,pageReferrer,s.shorttips.xyz,2024|03,first_visit,1,1,0,0.0,5590,24,24,0.018,0.0,JUNK - referral spam / bot
F_referral_spam_bot,pageReferrer,s.shorttips.xyz,2024|03,page_view,1,1,0,0.0,5590,24,24,0.018,0.0,JUNK - referral spam / bot
F_referral_spam_bot,pageReferrer,s.shorttips.xyz,2024|03,session_start,1,1,0,0.0,5590,24,24,0.018,0.0,JUNK - referral spam / bot
F_referral_spam_bot,pageReferrer,s.shorttips.xyz,2024|03,user_engagement,1,1,0,0.0,5590,24,24,0.018,0.0,JUNK - referral spam / bot
F_referral_spam_bot,pageReferrer,s3.flareinfozone.com,2024|03,first_visit,5,5,0,0.0,5590,24,24,0.089,0.0,JUNK - referral spam / bot
F_referral_spam_bot,pageReferrer,s3.flareinfozone.com,2024|03,page_view,6,5,0,0.0,5590,24,24,0.107,0.0,JUNK - referral spam / bot
F_referral_spam_bot,pageReferrer,s3.flareinfozone.com,2024|03,session_start,5,5,0,0.0,5590,24,24,0.089,0.0,JUNK - referral spam / bot
F_referral_spam_bot,pageReferrer,s3.flareinfozone.com,2024|03,user_engagement,1,1,0,0.0,5590,24,24,0.018,0.0,JUNK - referral spam / bot
F_referral_spam_bot,pageReferrer,seekingwhale.com,2024|03,first_visit,1,1,0,0.0,5590,24,24,0.018,0.0,JUNK - referral spam / bot
F_referral_spam_bot,pageReferrer,seekingwhale.com,2024|03,page_view,1,1,0,0.0,5590,24,24,0.018,0.0,JUNK - referral spam / bot
F_referral_spam_bot,pageReferrer,seekingwhale.com,2024|03,session_start,1,1,0,0.0,5590,24,24,0.018,0.0,JUNK - referral spam / bot
F_referral_spam_bot,pageReferrer,simplyhealth.io,2024|03,first_visit,1,1,0,0.0,5590,24,24,0.018,0.0,JUNK - referral spam / bot
F_referral_spam_bot,pageReferrer,simplyhealth.io,2024|03,page_view,1,1,0,0.0,5590,24,24,0.018,0.0,JUNK - referral spam / bot
F_referral_spam_bot,pageReferrer,simplyhealth.io,2024|03,session_start,1,1,0,0.0,5590,24,24,0.018,0.0,JUNK - referral spam / bot
F_referral_spam_bot,pageReferrer,skyscraperin.com,2024|03,click,1,1,0,0.0,5590,24,24,0.018,0.0,JUNK - referral spam / bot
F_referral_spam_bot,pageReferrer,skyscraperin.com,2024|03,first_visit,2,2,0,0.0,5590,24,24,0.036,0.0,JUNK - referral spam / bot
F_referral_spam_bot,pageReferrer,skyscraperin.com,2024|03,page_view,2,2,0,0.0,5590,24,24,0.036,0.0,JUNK - referral spam / bot
F_referral_spam_bot,pageReferrer,skyscraperin.com,2024|03,session_start,2,2,0,0.0,5590,24,24,0.036,0.0,JUNK - referral spam / bot
F_referral_spam_bot,pageReferrer,static.seders.website,2024|03,scroll,1,1,0,0.0,5590,24,24,0.018,0.0,JUNK - referral spam / bot
F_referral_spam_bot,pageReferrer,strawtrip.com,2024|03,first_visit,1,1,0,0.0,5590,24,24,0.018,0.0,JUNK - referral spam / bot
F_referral_spam_bot,pageReferrer,strawtrip.com,2024|03,page_view,1,1,0,0.0,5590,24,24,0.018,0.0,JUNK - referral spam / bot
F_referral_spam_bot,pageReferrer,strawtrip.com,2024|03,session_start,1,1,0,0.0,5590,24,24,0.018,0.0,JUNK - referral spam / bot
F_referral_spam_bot,pageReferrer,stylishsaga.com,2024|03,first_visit,1,1,0,0.0,5590,24,24,0.018,0.0,JUNK - referral spam / bot
F_referral_spam_bot,pageReferrer,stylishsaga.com,2024|03,page_view,1,1,0,0.0,5590,24,24,0.018,0.0,JUNK - referral spam / bot
F_referral_spam_bot,pageReferrer,stylishsaga.com,2024|03,session_start,1,1,0,0.0,5590,24,24,0.018,0.0,JUNK - referral spam / bot
F_referral_spam_bot,pageReferrer,tastetrekpro.com,2024|03,first_visit,1,1,0,0.0,5590,24,24,0.018,0.0,JUNK - referral spam / bot
F_referral_spam_bot,pageReferrer,tastetrekpro.com,2024|03,page_view,1,1,0,0.0,5590,24,24,0.018,0.0,JUNK - referral spam / bot
F_referral_spam_bot,pageReferrer,tastetrekpro.com,2024|03,session_start,1,1,0,0.0,5590,24,24,0.018,0.0,JUNK - referral spam / bot
F_referral_spam_bot,pageReferrer,tastetrekpro.com,2024|03,user_engagement,1,1,0,0.0,5590,24,24,0.018,0.0,JUNK - referral spam / bot
F_referral_spam_bot,pageReferrer,theuntoldtips.com,2024|03,first_visit,1,1,0,0.0,5590,24,24,0.018,0.0,JUNK - referral spam / bot
F_referral_spam_bot,pageReferrer,theuntoldtips.com,2024|03,page_view,1,1,0,0.0,5590,24,24,0.018,0.0,JUNK - referral spam / bot
F_referral_spam_bot,pageReferrer,theuntoldtips.com,2024|03,session_start,1,1,0,0.0,5590,24,24,0.018,0.0,JUNK - referral spam / bot
F_referral_spam_bot,pageReferrer,tismland.com,2024|03,first_visit,1,1,0,0.0,5590,24,24,0.018,0.0,JUNK - referral spam / bot
F_referral_spam_bot,pageReferrer,tismland.com,2024|03,page_view,1,1,0,0.0,5590,24,24,0.018,0.0,JUNK - referral spam / bot
F_referral_spam_bot,pageReferrer,tismland.com,2024|03,session_start,1,1,0,0.0,5590,24,24,0.018,0.0,JUNK - referral spam / bot
F_referral_spam_bot,pageReferrer,tismland.com,2024|03,user_engagement,1,1,0,0.0,5590,24,24,0.018,0.0,JUNK - referral spam / bot
F_referral_spam_bot,pageReferrer,toneglee.com,2024|03,first_visit,2,2,0,0.0,5590,24,24,0.036,0.0,JUNK - referral spam / bot
F_referral_spam_bot,pageReferrer,toneglee.com,2024|03,page_view,2,2,0,0.0,5590,24,24,0.036,0.0,JUNK - referral spam / bot
F_referral_spam_bot,pageReferrer,toneglee.com,2024|03,session_start,2,2,0,0.0,5590,24,24,0.036,0.0,JUNK - referral spam / bot
F_referral_spam_bot,pageReferrer,topnotchgaming.top,2024|03,first_visit,1,1,0,0.0,5590,24,24,0.018,0.0,JUNK - referral spam / bot
F_referral_spam_bot,pageReferrer,topnotchgaming.top,2024|03,page_view,1,1,0,0.0,5590,24,24,0.018,0.0,JUNK - referral spam / bot
F_referral_spam_bot,pageReferrer,topnotchgaming.top,2024|03,session_start,1,1,0,0.0,5590,24,24,0.018,0.0,JUNK - referral spam / bot
F_referral_spam_bot,pageReferrer,topplayfulvibe.top,2024|03,first_visit,1,1,0,0.0,5590,24,24,0.018,0.0,JUNK - referral spam / bot
F_referral_spam_bot,pageReferrer,topplayfulvibe.top,2024|03,page_view,1,1,0,0.0,5590,24,24,0.018,0.0,JUNK - referral spam / bot
F_referral_spam_bot,pageReferrer,topplayfulvibe.top,2024|03,session_start,1,1,0,0.0,5590,24,24,0.018,0.0,JUNK - referral spam / bot
F_referral_spam_bot,pageReferrer,travelznews.com,2024|03,first_visit,6,6,0,0.0,5590,24,24,0.107,0.0,JUNK - referral spam / bot
F_referral_spam_bot,pageReferrer,travelznews.com,2024|03,page_view,6,6,0,0.0,5590,24,24,0.107,0.0,JUNK - referral spam / bot
F_referral_spam_bot,pageReferrer,travelznews.com,2024|03,session_start,6,6,0,0.0,5590,24,24,0.107,0.0,JUNK - referral spam / bot
F_referral_spam_bot,pageReferrer,virtualgamehub.top,2024|03,first_visit,1,1,0,0.0,5590,24,24,0.018,0.0,JUNK - referral spam / bot
F_referral_spam_bot,pageReferrer,virtualgamehub.top,2024|03,page_view,1,1,0,0.0,5590,24,24,0.018,0.0,JUNK - referral spam / bot
F_referral_spam_bot,pageReferrer,virtualgamehub.top,2024|03,session_start,1,1,0,0.0,5590,24,24,0.018,0.0,JUNK - referral spam / bot
F_referral_spam_bot,pageReferrer,www.axonianews.com,2024|03,first_visit,1,1,0,0.0,5590,24,24,0.018,0.0,JUNK - referral spam / bot
F_referral_spam_bot,pageReferrer,www.axonianews.com,2024|03,page_view,1,1,0,0.0,5590,24,24,0.018,0.0,JUNK - referral spam / bot
F_referral_spam_bot,pageReferrer,www.axonianews.com,2024|03,session_start,1,1,0,0.0,5590,24,24,0.018,0.0,JUNK - referral spam / bot
F_referral_spam_bot,pageReferrer,www.beautyepic.com,2024|03,first_visit,1,1,0,0.0,5590,24,24,0.018,0.0,JUNK - referral spam / bot
F_referral_spam_bot,pageReferrer,www.beautyepic.com,2024|03,page_view,1,1,0,0.0,5590,24,24,0.018,0.0,JUNK - referral spam / bot
F_referral_spam_bot,pageReferrer,www.beautyepic.com,2024|03,session_start,1,1,0,0.0,5590,24,24,0.018,0.0,JUNK - referral spam / bot
F_referral_spam_bot,pageReferrer,www.beautyepic.com,2024|03,user_engagement,1,1,0,0.0,5590,24,24,0.018,0.0,JUNK - referral spam / bot
F_referral_spam_bot,pageReferrer,www.businesstrip.site,2024|03,page_view,7,2,0,0.0,5590,24,24,0.125,0.0,JUNK - referral spam / bot
F_referral_spam_bot,pageReferrer,www.businesstrip.site,2024|03,session_start,1,1,0,0.0,5590,24,24,0.018,0.0,JUNK - referral spam / bot
F_referral_spam_bot,pageReferrer,www.healthstoday.com,2024|03,first_visit,1,1,0,0.0,5590,24,24,0.018,0.0,JUNK - referral spam / bot
F_referral_spam_bot,pageReferrer,www.healthstoday.com,2024|03,page_view,1,1,0,0.0,5590,24,24,0.018,0.0,JUNK - referral spam / bot
F_referral_spam_bot,pageReferrer,www.healthstoday.com,2024|03,session_start,1,1,0,0.0,5590,24,24,0.018,0.0,JUNK - referral spam / bot
F_referral_spam_bot,pageReferrer,www.healthstoday.com,2024|03,user_engagement,1,1,0,0.0,5590,24,24,0.018,0.0,JUNK - referral spam / bot
F_referral_spam_bot,pageReferrer,www.healthtoday.com,2024|03,first_visit,1,1,0,0.0,5590,24,24,0.018,0.0,JUNK - referral spam / bot
F_referral_spam_bot,pageReferrer,www.healthtoday.com,2024|03,page_view,1,1,0,0.0,5590,24,24,0.018,0.0,JUNK - referral spam / bot
F_referral_spam_bot,pageReferrer,www.healthtoday.com,2024|03,session_start,1,1,0,0.0,5590,24,24,0.018,0.0,JUNK - referral spam / bot
F_referral_spam_bot,pageReferrer,www.healthygem.com,2024|03,first_visit,4,4,0,0.0,5590,24,24,0.072,0.0,JUNK - referral spam / bot
F_referral_spam_bot,pageReferrer,www.healthygem.com,2024|03,page_view,4,4,0,0.0,5590,24,24,0.072,0.0,JUNK - referral spam / bot
F_referral_spam_bot,pageReferrer,www.healthygem.com,2024|03,session_start,4,4,0,0.0,5590,24,24,0.072,0.0,JUNK - referral spam / bot
F_referral_spam_bot,pageReferrer,www.healthygem.com,2024|03,user_engagement,2,2,0,0.0,5590,24,24,0.036,0.0,JUNK - referral spam / bot
F_referral_spam_bot,pageReferrer,www.housediver.com,2024|03,first_visit,1,1,0,0.0,5590,24,24,0.018,0.0,JUNK - referral spam / bot
F_referral_spam_bot,pageReferrer,www.housediver.com,2024|03,page_view,1,1,0,0.0,5590,24,24,0.018,0.0,JUNK - referral spam / bot
F_referral_spam_bot,pageReferrer,www.housediver.com,2024|03,session_start,1,1,0,0.0,5590,24,24,0.018,0.0,JUNK - referral spam / bot
F_referral_spam_bot,pageReferrer,www.housediver.com,2024|03,user_engagement,1,1,0,0.0,5590,24,24,0.018,0.0,JUNK - referral spam / bot
F_referral_spam_bot,pageReferrer,www.iwastesomuchmoney.com,2024|03,first_visit,1,1,0,0.0,5590,24,24,0.018,0.0,JUNK - referral spam / bot
F_referral_spam_bot,pageReferrer,www.iwastesomuchmoney.com,2024|03,page_view,1,1,0,0.0,5590,24,24,0.018,0.0,JUNK - referral spam / bot
F_referral_spam_bot,pageReferrer,www.iwastesomuchmoney.com,2024|03,session_start,1,1,0,0.0,5590,24,24,0.018,0.0,JUNK - referral spam / bot
F_referral_spam_bot,pageReferrer,www.lifestylelatino.com,2024|03,first_visit,1,1,0,0.0,5590,24,24,0.018,0.0,JUNK - referral spam / bot
F_referral_spam_bot,pageReferrer,www.lifestylelatino.com,2024|03,page_view,1,1,0,0.0,5590,24,24,0.018,0.0,JUNK - referral spam / bot
F_referral_spam_bot,pageReferrer,www.lifestylelatino.com,2024|03,session_start,1,1,0,0.0,5590,24,24,0.018,0.0,JUNK - referral spam / bot
F_referral_spam_bot,pageReferrer,www.lifestylelatino.com,2024|03,user_engagement,1,1,0,0.0,5590,24,24,0.018,0.0,JUNK - referral spam / bot
F_referral_spam_bot,pageReferrer,www.lunebreeze.com,2024|03,first_visit,1,1,0,0.0,5590,24,24,0.018,0.0,JUNK - referral spam / bot
F_referral_spam_bot,pageReferrer,www.lunebreeze.com,2024|03,page_view,1,1,0,0.0,5590,24,24,0.018,0.0,JUNK - referral spam / bot
F_referral_spam_bot,pageReferrer,www.lunebreeze.com,2024|03,session_start,1,1,0,0.0,5590,24,24,0.018,0.0,JUNK - referral spam / bot
F_referral_spam_bot,pageReferrer,www.singlecare.com,2024|03,first_visit,1,1,0,0.0,5590,24,24,0.018,0.0,JUNK - referral spam / bot
F_referral_spam_bot,pageReferrer,www.singlecare.com,2024|03,page_view,1,1,0,0.0,5590,24,24,0.018,0.0,JUNK - referral spam / bot
F_referral_spam_bot,pageReferrer,www.singlecare.com,2024|03,session_start,1,1,0,0.0,5590,24,24,0.018,0.0,JUNK - referral spam / bot
F_referral_spam_bot,pageReferrer,www.sjmsw.net,2024|03,first_visit,1,1,0,0.0,5590,24,24,0.018,0.0,JUNK - referral spam / bot
F_referral_spam_bot,pageReferrer,www.sjmsw.net,2024|03,page_view,1,1,0,0.0,5590,24,24,0.018,0.0,JUNK - referral spam / bot
F_referral_spam_bot,pageReferrer,www.sjmsw.net,2024|03,session_start,1,1,0,0.0,5590,24,24,0.018,0.0,JUNK - referral spam / bot
F_referral_spam_bot,pageReferrer,www.womenshealthmag.com,2024|03,first_visit,1,1,0,0.0,5590,24,24,0.018,0.0,JUNK - referral spam / bot
F_referral_spam_bot,pageReferrer,www.womenshealthmag.com,2024|03,page_view,2,1,0,0.0,5590,24,24,0.036,0.0,JUNK - referral spam / bot
F_referral_spam_bot,pageReferrer,www.womenshealthmag.com,2024|03,session_start,1,1,0,0.0,5590,24,24,0.018,0.0,JUNK - referral spam / bot
F_referral_spam_bot,pageReferrer,www.wqow.com,2024|03,first_visit,1,1,0,0.0,5590,24,24,0.018,0.0,JUNK - referral spam / bot
F_referral_spam_bot,pageReferrer,www.wqow.com,2024|03,page_view,1,1,0,0.0,5590,24,24,0.018,0.0,JUNK - referral spam / bot
F_referral_spam_bot,pageReferrer,www.wqow.com,2024|03,scroll,1,1,0,0.0,5590,24,24,0.018,0.0,JUNK - referral spam / bot
F_referral_spam_bot,pageReferrer,www.wqow.com,2024|03,session_start,1,1,0,0.0,5590,24,24,0.018,0.0,JUNK - referral spam / bot
F_referral_spam_bot,pageReferrer,www.wqow.com,2024|03,user_engagement,1,1,0,0.0,5590,24,24,0.018,0.0,JUNK - referral spam / bot
F_referral_spam_bot,pageReferrer,yi.azysu.com,2024|03,first_visit,2,2,0,0.0,5590,24,24,0.036,0.0,JUNK - referral spam / bot
F_referral_spam_bot,pageReferrer,yi.azysu.com,2024|03,page_view,2,2,0,0.0,5590,24,24,0.036,0.0,JUNK - referral spam / bot
F_referral_spam_bot,pageReferrer,yi.azysu.com,2024|03,session_start,3,3,0,0.0,5590,24,24,0.054,0.0,JUNK - referral spam / bot
F_referral_spam_bot,pageReferrer,yi.azysu.com,2024|03,user_engagement,1,1,0,0.0,5590,24,24,0.018,0.0,JUNK - referral spam / bot
F_referral_spam_bot,pageReferrer,yl.coolvivid.com,2024|03,first_visit,1,1,0,0.0,5590,24,24,0.018,0.0,JUNK - referral spam / bot
F_referral_spam_bot,pageReferrer,yl.coolvivid.com,2024|03,page_view,1,1,0,0.0,5590,24,24,0.018,0.0,JUNK - referral spam / bot
F_referral_spam_bot,pageReferrer,yl.coolvivid.com,2024|03,session_start,1,1,0,0.0,5590,24,24,0.018,0.0,JUNK - referral spam / bot
F_referral_spam_bot,pageReferrer,yl.solituude.com,2024|03,first_visit,1,1,0,0.0,5590,24,24,0.018,0.0,JUNK - referral spam / bot
F_referral_spam_bot,pageReferrer,yl.solituude.com,2024|03,page_view,1,1,0,0.0,5590,24,24,0.018,0.0,JUNK - referral spam / bot
F_referral_spam_bot,pageReferrer,yl.solituude.com,2024|03,session_start,1,1,0,0.0,5590,24,24,0.018,0.0,JUNK - referral spam / bot
F_referral_spam_bot,pageReferrer,yl.solituude.com,2024|03,user_engagement,1,1,0,0.0,5590,24,24,0.018,0.0,JUNK - referral spam / bot
F_referral_spam_bot,sessionSourceMedium,admin.vortezo.com / referral,2024|03,first_visit,2,2,0,0.0,5590,24,24,0.036,0.0,JUNK - referral spam / bot
F_referral_spam_bot,sessionSourceMedium,admin.vortezo.com / referral,2024|03,page_view,2,2,0,0.0,5590,24,24,0.036,0.0,JUNK - referral spam / bot
F_referral_spam_bot,sessionSourceMedium,admin.vortezo.com / referral,2024|03,session_start,2,2,0,0.0,5590,24,24,0.036,0.0,JUNK - referral spam / bot
F_referral_spam_bot,sessionSourceMedium,rida.tokyo / referral,2024|03,first_visit,74,74,0,0.0,5590,24,24,1.324,0.0,JUNK - referral spam / bot
F_referral_spam_bot,sessionSourceMedium,rida.tokyo / referral,2024|03,page_view,74,74,0,0.0,5590,24,24,1.324,0.0,JUNK - referral spam / bot
F_referral_spam_bot,sessionSourceMedium,rida.tokyo / referral,2024|03,scroll,74,74,0,0.0,5590,24,24,1.324,0.0,JUNK - referral spam / bot
F_referral_spam_bot,sessionSourceMedium,rida.tokyo / referral,2024|03,session_start,74,74,0,0.0,5590,24,24,1.324,0.0,JUNK - referral spam / bot
F_referral_spam_bot,sessionSourceMedium,sjmsw.net / referral,2024|03,first_visit,1,1,0,0.0,5590,24,24,0.018,0.0,JUNK - referral spam / bot
F_referral_spam_bot,sessionSourceMedium,sjmsw.net / referral,2024|03,page_view,1,1,0,0.0,5590,24,24,0.018,0.0,JUNK - referral spam / bot
F_referral_spam_bot,sessionSourceMedium,sjmsw.net / referral,2024|03,session_start,1,1,0,0.0,5590,24,24,0.018,0.0,JUNK - referral spam / bot
F_referral_spam_bot,pageReferrer,ad.youthnow.in,2024|04,first_visit,1,1,0,0.0,3553,12,12,0.028,0.0,JUNK - referral spam / bot
F_referral_spam_bot,pageReferrer,ad.youthnow.in,2024|04,page_view,1,1,0,0.0,3553,12,12,0.028,0.0,JUNK - referral spam / bot
F_referral_spam_bot,pageReferrer,ad.youthnow.in,2024|04,session_start,1,1,0,0.0,3553,12,12,0.028,0.0,JUNK - referral spam / bot
F_referral_spam_bot,pageReferrer,admin.vortezo.com,2024|04,first_visit,3,3,0,0.0,3553,12,12,0.084,0.0,JUNK - referral spam / bot
F_referral_spam_bot,pageReferrer,admin.vortezo.com,2024|04,page_view,3,3,0,0.0,3553,12,12,0.084,0.0,JUNK - referral spam / bot
F_referral_spam_bot,pageReferrer,admin.vortezo.com,2024|04,session_start,3,3,0,0.0,3553,12,12,0.084,0.0,JUNK - referral spam / bot
F_referral_spam_bot,pageReferrer,afonii.com,2024|04,first_visit,1,1,0,0.0,3553,12,12,0.028,0.0,JUNK - referral spam / bot
F_referral_spam_bot,pageReferrer,afonii.com,2024|04,page_view,1,1,0,0.0,3553,12,12,0.028,0.0,JUNK - referral spam / bot
F_referral_spam_bot,pageReferrer,afonii.com,2024|04,session_start,1,1,0,0.0,3553,12,12,0.028,0.0,JUNK - referral spam / bot
F_referral_spam_bot,pageReferrer,aoneofficial.com,2024|04,first_visit,1,1,0,0.0,3553,12,12,0.028,0.0,JUNK - referral spam / bot
F_referral_spam_bot,pageReferrer,aoneofficial.com,2024|04,page_view,1,1,0,0.0,3553,12,12,0.028,0.0,JUNK - referral spam / bot
F_referral_spam_bot,pageReferrer,aoneofficial.com,2024|04,session_start,1,1,0,0.0,3553,12,12,0.028,0.0,JUNK - referral spam / bot
F_referral_spam_bot,pageReferrer,azuraen.com,2024|04,first_visit,1,1,0,0.0,3553,12,12,0.028,0.0,JUNK - referral spam / bot
F_referral_spam_bot,pageReferrer,azuraen.com,2024|04,page_view,1,1,0,0.0,3553,12,12,0.028,0.0,JUNK - referral spam / bot
F_referral_spam_bot,pageReferrer,azuraen.com,2024|04,session_start,1,1,0,0.0,3553,12,12,0.028,0.0,JUNK - referral spam / bot
F_referral_spam_bot,pageReferrer,beauty.disnuing.com,2024|04,first_visit,1,1,0,0.0,3553,12,12,0.028,0.0,JUNK - referral spam / bot
F_referral_spam_bot,pageReferrer,beauty.disnuing.com,2024|04,page_view,1,1,0,0.0,3553,12,12,0.028,0.0,JUNK - referral spam / bot
F_referral_spam_bot,pageReferrer,beauty.disnuing.com,2024|04,session_start,1,1,0,0.0,3553,12,12,0.028,0.0,JUNK - referral spam / bot
F_referral_spam_bot,pageReferrer,betroyalgame.com,2024|04,first_visit,1,1,0,0.0,3553,12,12,0.028,0.0,JUNK - referral spam / bot
F_referral_spam_bot,pageReferrer,betroyalgame.com,2024|04,page_view,1,1,0,0.0,3553,12,12,0.028,0.0,JUNK - referral spam / bot
F_referral_spam_bot,pageReferrer,betroyalgame.com,2024|04,session_start,1,1,0,0.0,3553,12,12,0.028,0.0,JUNK - referral spam / bot
F_referral_spam_bot,pageReferrer,blissnour.com,2024|04,first_visit,1,1,0,0.0,3553,12,12,0.028,0.0,JUNK - referral spam / bot
F_referral_spam_bot,pageReferrer,blissnour.com,2024|04,page_view,3,1,0,0.0,3553,12,12,0.084,0.0,JUNK - referral spam / bot
F_referral_spam_bot,pageReferrer,blissnour.com,2024|04,session_start,1,1,0,0.0,3553,12,12,0.028,0.0,JUNK - referral spam / bot
F_referral_spam_bot,pageReferrer,blissnour.com,2024|04,user_engagement,3,1,0,0.0,3553,12,12,0.084,0.0,JUNK - referral spam / bot
F_referral_spam_bot,pageReferrer,cloudixinfo.com,2024|04,first_visit,1,1,0,0.0,3553,12,12,0.028,0.0,JUNK - referral spam / bot
F_referral_spam_bot,pageReferrer,cloudixinfo.com,2024|04,page_view,1,1,0,0.0,3553,12,12,0.028,0.0,JUNK - referral spam / bot
F_referral_spam_bot,pageReferrer,cloudixinfo.com,2024|04,session_start,1,1,0,0.0,3553,12,12,0.028,0.0,JUNK - referral spam / bot
F_referral_spam_bot,pageReferrer,cuisinecarte.com,2024|04,first_visit,2,2,0,0.0,3553,12,12,0.056,0.0,JUNK - referral spam / bot
F_referral_spam_bot,pageReferrer,cuisinecarte.com,2024|04,page_view,2,2,0,0.0,3553,12,12,0.056,0.0,JUNK - referral spam / bot
F_referral_spam_bot,pageReferrer,cuisinecarte.com,2024|04,session_start,2,2,0,0.0,3553,12,12,0.056,0.0,JUNK - referral spam / bot
F_referral_spam_bot,pageReferrer,dditeluu.com,2024|04,first_visit,1,1,0,0.0,3553,12,12,0.028,0.0,JUNK - referral spam / bot
F_referral_spam_bot,pageReferrer,dditeluu.com,2024|04,page_view,2,1,0,0.0,3553,12,12,0.056,0.0,JUNK - referral spam / bot
F_referral_spam_bot,pageReferrer,dditeluu.com,2024|04,session_start,1,1,0,0.0,3553,12,12,0.028,0.0,JUNK - referral spam / bot
F_referral_spam_bot,pageReferrer,e.starlithush.com,2024|04,first_visit,3,3,0,0.0,3553,12,12,0.084,0.0,JUNK - referral spam / bot
F_referral_spam_bot,pageReferrer,e.starlithush.com,2024|04,page_view,3,3,0,0.0,3553,12,12,0.084,0.0,JUNK - referral spam / bot
F_referral_spam_bot,pageReferrer,e.starlithush.com,2024|04,session_start,3,3,0,0.0,3553,12,12,0.084,0.0,JUNK - referral spam / bot
F_referral_spam_bot,pageReferrer,e.starlithush.com,2024|04,user_engagement,3,3,0,0.0,3553,12,12,0.084,0.0,JUNK - referral spam / bot
F_referral_spam_bot,pageReferrer,eco.bravoguy.com,2024|04,first_visit,2,2,0,0.0,3553,12,12,0.056,0.0,JUNK - referral spam / bot
F_referral_spam_bot,pageReferrer,eco.bravoguy.com,2024|04,page_view,2,2,0,0.0,3553,12,12,0.056,0.0,JUNK - referral spam / bot
F_referral_spam_bot,pageReferrer,eco.bravoguy.com,2024|04,session_start,2,2,0,0.0,3553,12,12,0.056,0.0,JUNK - referral spam / bot
F_referral_spam_bot,pageReferrer,eco.bravoguy.com,2024|04,user_engagement,1,1,0,0.0,3553,12,12,0.028,0.0,JUNK - referral spam / bot
F_referral_spam_bot,pageReferrer,energyess.com,2024|04,first_visit,1,1,0,0.0,3553,12,12,0.028,0.0,JUNK - referral spam / bot
F_referral_spam_bot,pageReferrer,energyess.com,2024|04,page_view,1,1,0,0.0,3553,12,12,0.028,0.0,JUNK - referral spam / bot
F_referral_spam_bot,pageReferrer,energyess.com,2024|04,session_start,1,1,0,0.0,3553,12,12,0.028,0.0,JUNK - referral spam / bot
F_referral_spam_bot,pageReferrer,facty.com,2024|04,first_visit,2,2,0,0.0,3553,12,12,0.056,0.0,JUNK - referral spam / bot
F_referral_spam_bot,pageReferrer,facty.com,2024|04,page_view,3,2,0,0.0,3553,12,12,0.084,0.0,JUNK - referral spam / bot
F_referral_spam_bot,pageReferrer,facty.com,2024|04,session_start,2,2,0,0.0,3553,12,12,0.056,0.0,JUNK - referral spam / bot
F_referral_spam_bot,pageReferrer,facty.com,2024|04,user_engagement,2,1,0,0.0,3553,12,12,0.056,0.0,JUNK - referral spam / bot
F_referral_spam_bot,pageReferrer,grizly.com,2024|04,first_visit,1,1,0,0.0,3553,12,12,0.028,0.0,JUNK - referral spam / bot
F_referral_spam_bot,pageReferrer,grizly.com,2024|04,page_view,1,1,0,0.0,3553,12,12,0.028,0.0,JUNK - referral spam / bot
F_referral_spam_bot,pageReferrer,grizly.com,2024|04,session_start,1,1,0,0.0,3553,12,12,0.028,0.0,JUNK - referral spam / bot
F_referral_spam_bot,pageReferrer,grizly.com,2024|04,user_engagement,1,1,0,0.0,3553,12,12,0.028,0.0,JUNK - referral spam / bot
F_referral_spam_bot,pageReferrer,health.asaliter.com,2024|04,first_visit,1,1,0,0.0,3553,12,12,0.028,0.0,JUNK - referral spam / bot
F_referral_spam_bot,pageReferrer,health.asaliter.com,2024|04,page_view,2,2,0,0.0,3553,12,12,0.056,0.0,JUNK - referral spam / bot
F_referral_spam_bot,pageReferrer,health.asaliter.com,2024|04,session_start,2,2,0,0.0,3553,12,12,0.056,0.0,JUNK - referral spam / bot
F_referral_spam_bot,pageReferrer,health.giapoloa.com,2024|04,first_visit,2,2,0,0.0,3553,12,12,0.056,0.0,JUNK - referral spam / bot
F_referral_spam_bot,pageReferrer,health.giapoloa.com,2024|04,form_start,1,1,0,0.0,3553,12,12,0.028,0.0,JUNK - referral spam / bot
F_referral_spam_bot,pageReferrer,health.giapoloa.com,2024|04,page_view,2,2,0,0.0,3553,12,12,0.056,0.0,JUNK - referral spam / bot
F_referral_spam_bot,pageReferrer,health.giapoloa.com,2024|04,session_start,2,2,0,0.0,3553,12,12,0.056,0.0,JUNK - referral spam / bot
F_referral_spam_bot,pageReferrer,health.giapoloa.com,2024|04,user_engagement,2,2,0,0.0,3553,12,12,0.056,0.0,JUNK - referral spam / bot
F_referral_spam_bot,pageReferrer,healthlawyers.bloggolis.com,2024|04,first_visit,1,1,0,0.0,3553,12,12,0.028,0.0,JUNK - referral spam / bot
F_referral_spam_bot,pageReferrer,healthlawyers.bloggolis.com,2024|04,page_view,1,1,0,0.0,3553,12,12,0.028,0.0,JUNK - referral spam / bot
F_referral_spam_bot,pageReferrer,healthlawyers.bloggolis.com,2024|04,session_start,1,1,0,0.0,3553,12,12,0.028,0.0,JUNK - referral spam / bot
F_referral_spam_bot,pageReferrer,healthlawyers.bloggolis.com,2024|04,user_engagement,1,1,0,0.0,3553,12,12,0.028,0.0,JUNK - referral spam / bot
F_referral_spam_bot,pageReferrer,healthnewscentral.com,2024|04,first_visit,1,1,0,0.0,3553,12,12,0.028,0.0,JUNK - referral spam / bot
F_referral_spam_bot,pageReferrer,healthnewscentral.com,2024|04,page_view,1,1,0,0.0,3553,12,12,0.028,0.0,JUNK - referral spam / bot
F_referral_spam_bot,pageReferrer,healthnewscentral.com,2024|04,session_start,1,1,0,0.0,3553,12,12,0.028,0.0,JUNK - referral spam / bot
F_referral_spam_bot,pageReferrer,healthnewscentral.com,2024|04,user_engagement,1,1,0,0.0,3553,12,12,0.028,0.0,JUNK - referral spam / bot
F_referral_spam_bot,pageReferrer,healthnile.com,2024|04,first_visit,1,1,0,0.0,3553,12,12,0.028,0.0,JUNK - referral spam / bot
F_referral_spam_bot,pageReferrer,healthnile.com,2024|04,page_view,1,1,0,0.0,3553,12,12,0.028,0.0,JUNK - referral spam / bot
F_referral_spam_bot,pageReferrer,healthnile.com,2024|04,session_start,1,1,0,0.0,3553,12,12,0.028,0.0,JUNK - referral spam / bot
F_referral_spam_bot,pageReferrer,healthnile.com,2024|04,user_engagement,1,1,0,0.0,3553,12,12,0.028,0.0,JUNK - referral spam / bot
F_referral_spam_bot,pageReferrer,healthtypi.com,2024|04,first_visit,2,2,0,0.0,3553,12,12,0.056,0.0,JUNK - referral spam / bot
F_referral_spam_bot,pageReferrer,healthtypi.com,2024|04,page_view,2,2,0,0.0,3553,12,12,0.056,0.0,JUNK - referral spam / bot
F_referral_spam_bot,pageReferrer,healthtypi.com,2024|04,session_start,2,2,0,0.0,3553,12,12,0.056,0.0,JUNK - referral spam / bot
F_referral_spam_bot,pageReferrer,healthtypi.com,2024|04,user_engagement,1,1,0,0.0,3553,12,12,0.028,0.0,JUNK - referral spam / bot
F_referral_spam_bot,pageReferrer,htmlok.com,2024|04,first_visit,1,1,0,0.0,3553,12,12,0.028,0.0,JUNK - referral spam / bot
F_referral_spam_bot,pageReferrer,htmlok.com,2024|04,page_view,2,1,0,0.0,3553,12,12,0.056,0.0,JUNK - referral spam / bot
F_referral_spam_bot,pageReferrer,htmlok.com,2024|04,session_start,1,1,0,0.0,3553,12,12,0.028,0.0,JUNK - referral spam / bot
F_referral_spam_bot,pageReferrer,longerwaygo.com,2024|04,first_visit,4,4,0,0.0,3553,12,12,0.113,0.0,JUNK - referral spam / bot
F_referral_spam_bot,pageReferrer,longerwaygo.com,2024|04,page_view,5,4,0,0.0,3553,12,12,0.141,0.0,JUNK - referral spam / bot
F_referral_spam_bot,pageReferrer,longerwaygo.com,2024|04,session_start,4,4,0,0.0,3553,12,12,0.113,0.0,JUNK - referral spam / bot
F_referral_spam_bot,pageReferrer,longerwaygo.com,2024|04,user_engagement,1,1,0,0.0,3553,12,12,0.028,0.0,JUNK - referral spam / bot
F_referral_spam_bot,pageReferrer,lots.gamegetting.com,2024|04,first_visit,2,2,0,0.0,3553,12,12,0.056,0.0,JUNK - referral spam / bot
F_referral_spam_bot,pageReferrer,lots.gamegetting.com,2024|04,page_view,2,2,0,0.0,3553,12,12,0.056,0.0,JUNK - referral spam / bot
F_referral_spam_bot,pageReferrer,lots.gamegetting.com,2024|04,session_start,2,2,0,0.0,3553,12,12,0.056,0.0,JUNK - referral spam / bot
F_referral_spam_bot,pageReferrer,lots.gamegetting.com,2024|04,user_engagement,1,1,0,0.0,3553,12,12,0.028,0.0,JUNK - referral spam / bot
F_referral_spam_bot,pageReferrer,mystrong.veeplay.info,2024|04,first_visit,1,1,0,0.0,3553,12,12,0.028,0.0,JUNK - referral spam / bot
F_referral_spam_bot,pageReferrer,mystrong.veeplay.info,2024|04,page_view,1,1,0,0.0,3553,12,12,0.028,0.0,JUNK - referral spam / bot
F_referral_spam_bot,pageReferrer,mystrong.veeplay.info,2024|04,session_start,1,1,0,0.0,3553,12,12,0.028,0.0,JUNK - referral spam / bot
F_referral_spam_bot,pageReferrer,news.nativeten.com,2024|04,first_visit,1,1,0,0.0,3553,12,12,0.028,0.0,JUNK - referral spam / bot
F_referral_spam_bot,pageReferrer,news.nativeten.com,2024|04,page_view,3,2,0,0.0,3553,12,12,0.084,0.0,JUNK - referral spam / bot
F_referral_spam_bot,pageReferrer,news.nativeten.com,2024|04,session_start,1,1,0,0.0,3553,12,12,0.028,0.0,JUNK - referral spam / bot
F_referral_spam_bot,pageReferrer,quizzable.com,2024|04,first_visit,4,4,0,0.0,3553,12,12,0.113,0.0,JUNK - referral spam / bot
F_referral_spam_bot,pageReferrer,quizzable.com,2024|04,page_view,4,4,0,0.0,3553,12,12,0.113,0.0,JUNK - referral spam / bot
F_referral_spam_bot,pageReferrer,quizzable.com,2024|04,session_start,4,4,0,0.0,3553,12,12,0.113,0.0,JUNK - referral spam / bot
F_referral_spam_bot,pageReferrer,quizzable.com,2024|04,user_engagement,1,1,0,0.0,3553,12,12,0.028,0.0,JUNK - referral spam / bot
F_referral_spam_bot,pageReferrer,rezepte-aller-art.earnadd.com,2024|04,first_visit,1,1,0,0.0,3553,12,12,0.028,0.0,JUNK - referral spam / bot
F_referral_spam_bot,pageReferrer,rezepte-aller-art.earnadd.com,2024|04,page_view,1,1,0,0.0,3553,12,12,0.028,0.0,JUNK - referral spam / bot
F_referral_spam_bot,pageReferrer,rezepte-aller-art.earnadd.com,2024|04,session_start,1,1,0,0.0,3553,12,12,0.028,0.0,JUNK - referral spam / bot
F_referral_spam_bot,pageReferrer,searchingsea.com,2024|04,first_visit,2,2,0,0.0,3553,12,12,0.056,0.0,JUNK - referral spam / bot
F_referral_spam_bot,pageReferrer,searchingsea.com,2024|04,page_view,2,2,0,0.0,3553,12,12,0.056,0.0,JUNK - referral spam / bot
F_referral_spam_bot,pageReferrer,searchingsea.com,2024|04,session_start,2,2,0,0.0,3553,12,12,0.056,0.0,JUNK - referral spam / bot
F_referral_spam_bot,pageReferrer,searchingsea.com,2024|04,user_engagement,1,1,0,0.0,3553,12,12,0.028,0.0,JUNK - referral spam / bot
F_referral_spam_bot,pageReferrer,searchtolike.com,2024|04,first_visit,1,1,0,0.0,3553,12,12,0.028,0.0,JUNK - referral spam / bot
F_referral_spam_bot,pageReferrer,searchtolike.com,2024|04,page_view,1,1,0,0.0,3553,12,12,0.028,0.0,JUNK - referral spam / bot
F_referral_spam_bot,pageReferrer,searchtolike.com,2024|04,session_start,1,1,0,0.0,3553,12,12,0.028,0.0,JUNK - referral spam / bot
F_referral_spam_bot,pageReferrer,searchtolike.com,2024|04,user_engagement,1,1,0,0.0,3553,12,12,0.028,0.0,JUNK - referral spam / bot
F_referral_spam_bot,pageReferrer,spicesavpro.com,2024|04,first_visit,1,1,0,0.0,3553,12,12,0.028,0.0,JUNK - referral spam / bot
F_referral_spam_bot,pageReferrer,spicesavpro.com,2024|04,page_view,1,1,0,0.0,3553,12,12,0.028,0.0,JUNK - referral spam / bot
F_referral_spam_bot,pageReferrer,spicesavpro.com,2024|04,session_start,1,1,0,0.0,3553,12,12,0.028,0.0,JUNK - referral spam / bot
F_referral_spam_bot,pageReferrer,spicesavpro.com,2024|04,user_engagement,1,1,0,0.0,3553,12,12,0.028,0.0,JUNK - referral spam / bot
F_referral_spam_bot,pageReferrer,starfishooter.com,2024|04,first_visit,1,1,0,0.0,3553,12,12,0.028,0.0,JUNK - referral spam / bot
F_referral_spam_bot,pageReferrer,starfishooter.com,2024|04,page_view,1,1,0,0.0,3553,12,12,0.028,0.0,JUNK - referral spam / bot
F_referral_spam_bot,pageReferrer,starfishooter.com,2024|04,session_start,1,1,0,0.0,3553,12,12,0.028,0.0,JUNK - referral spam / bot
F_referral_spam_bot,pageReferrer,top.gamegetting.com,2024|04,first_visit,1,1,0,0.0,3553,12,12,0.028,0.0,JUNK - referral spam / bot
F_referral_spam_bot,pageReferrer,top.gamegetting.com,2024|04,page_view,1,1,0,0.0,3553,12,12,0.028,0.0,JUNK - referral spam / bot
F_referral_spam_bot,pageReferrer,top.gamegetting.com,2024|04,session_start,1,1,0,0.0,3553,12,12,0.028,0.0,JUNK - referral spam / bot
F_referral_spam_bot,pageReferrer,top.gamegetting.com,2024|04,user_engagement,1,1,0,0.0,3553,12,12,0.028,0.0,JUNK - referral spam / bot
F_referral_spam_bot,pageReferrer,tortcastle.com,2024|04,first_visit,1,1,0,0.0,3553,12,12,0.028,0.0,JUNK - referral spam / bot
F_referral_spam_bot,pageReferrer,tortcastle.com,2024|04,page_view,1,1,0,0.0,3553,12,12,0.028,0.0,JUNK - referral spam / bot
F_referral_spam_bot,pageReferrer,tortcastle.com,2024|04,session_start,1,1,0,0.0,3553,12,12,0.028,0.0,JUNK - referral spam / bot
F_referral_spam_bot,pageReferrer,tortcastle.com,2024|04,user_engagement,1,1,0,0.0,3553,12,12,0.028,0.0,JUNK - referral spam / bot
F_referral_spam_bot,pageReferrer,travelznews.com,2024|04,first_visit,1,1,0,0.0,3553,12,12,0.028,0.0,JUNK - referral spam / bot
F_referral_spam_bot,pageReferrer,travelznews.com,2024|04,page_view,1,1,0,0.0,3553,12,12,0.028,0.0,JUNK - referral spam / bot
F_referral_spam_bot,pageReferrer,travelznews.com,2024|04,session_start,1,1,0,0.0,3553,12,12,0.028,0.0,JUNK - referral spam / bot
F_referral_spam_bot,pageReferrer,usfoodsearch.com,2024|04,first_visit,1,1,0,0.0,3553,12,12,0.028,0.0,JUNK - referral spam / bot
F_referral_spam_bot,pageReferrer,usfoodsearch.com,2024|04,page_view,1,1,0,0.0,3553,12,12,0.028,0.0,JUNK - referral spam / bot
F_referral_spam_bot,pageReferrer,usfoodsearch.com,2024|04,session_start,1,1,0,0.0,3553,12,12,0.028,0.0,JUNK - referral spam / bot
F_referral_spam_bot,pageReferrer,www.autoreviewhub.com,2024|04,first_visit,1,1,0,0.0,3553,12,12,0.028,0.0,JUNK - referral spam / bot
F_referral_spam_bot,pageReferrer,www.autoreviewhub.com,2024|04,page_view,1,1,0,0.0,3553,12,12,0.028,0.0,JUNK - referral spam / bot
F_referral_spam_bot,pageReferrer,www.autoreviewhub.com,2024|04,session_start,1,1,0,0.0,3553,12,12,0.028,0.0,JUNK - referral spam / bot
F_referral_spam_bot,pageReferrer,www.beautyepic.com,2024|04,first_visit,1,1,0,0.0,3553,12,12,0.028,0.0,JUNK - referral spam / bot
F_referral_spam_bot,pageReferrer,www.beautyepic.com,2024|04,page_view,1,1,0,0.0,3553,12,12,0.028,0.0,JUNK - referral spam / bot
F_referral_spam_bot,pageReferrer,www.beautyepic.com,2024|04,session_start,1,1,0,0.0,3553,12,12,0.028,0.0,JUNK - referral spam / bot
F_referral_spam_bot,pageReferrer,www.beautyepic.com,2024|04,user_engagement,1,1,0,0.0,3553,12,12,0.028,0.0,JUNK - referral spam / bot
F_referral_spam_bot,pageReferrer,www.businesstrip.site,2024|04,first_visit,2,2,0,0.0,3553,12,12,0.056,0.0,JUNK - referral spam / bot
F_referral_spam_bot,pageReferrer,www.businesstrip.site,2024|04,page_view,3,2,0,0.0,3553,12,12,0.084,0.0,JUNK - referral spam / bot
F_referral_spam_bot,pageReferrer,www.businesstrip.site,2024|04,session_start,2,2,0,0.0,3553,12,12,0.056,0.0,JUNK - referral spam / bot
F_referral_spam_bot,pageReferrer,www.businesstrip.site,2024|04,user_engagement,1,1,0,0.0,3553,12,12,0.028,0.0,JUNK - referral spam / bot
F_referral_spam_bot,pageReferrer,www.circuitstips.com,2024|04,first_visit,1,1,0,0.0,3553,12,12,0.028,0.0,JUNK - referral spam / bot
F_referral_spam_bot,pageReferrer,www.circuitstips.com,2024|04,page_view,1,1,0,0.0,3553,12,12,0.028,0.0,JUNK - referral spam / bot
F_referral_spam_bot,pageReferrer,www.circuitstips.com,2024|04,session_start,1,1,0,0.0,3553,12,12,0.028,0.0,JUNK - referral spam / bot
F_referral_spam_bot,pageReferrer,www.circuitstips.com,2024|04,user_engagement,1,1,0,0.0,3553,12,12,0.028,0.0,JUNK - referral spam / bot
F_referral_spam_bot,pageReferrer,www.relationshipsurgery.com,2024|04,first_visit,1,1,0,0.0,3553,12,12,0.028,0.0,JUNK - referral spam / bot
F_referral_spam_bot,pageReferrer,www.relationshipsurgery.com,2024|04,page_view,1,1,0,0.0,3553,12,12,0.028,0.0,JUNK - referral spam / bot
F_referral_spam_bot,pageReferrer,www.relationshipsurgery.com,2024|04,session_start,1,1,0,0.0,3553,12,12,0.028,0.0,JUNK - referral spam / bot
F_referral_spam_bot,pageReferrer,www.singlecare.com,2024|04,first_visit,1,1,0,0.0,3553,12,12,0.028,0.0,JUNK - referral spam / bot
F_referral_spam_bot,pageReferrer,www.singlecare.com,2024|04,page_view,1,1,0,0.0,3553,12,12,0.028,0.0,JUNK - referral spam / bot
F_referral_spam_bot,pageReferrer,www.singlecare.com,2024|04,session_start,1,1,0,0.0,3553,12,12,0.028,0.0,JUNK - referral spam / bot
F_referral_spam_bot,pageReferrer,www.singlecare.com,2024|04,user_engagement,1,1,0,0.0,3553,12,12,0.028,0.0,JUNK - referral spam / bot
F_referral_spam_bot,pageReferrer,y.techinfoy.com,2024|04,first_visit,1,1,0,0.0,3553,12,12,0.028,0.0,JUNK - referral spam / bot
F_referral_spam_bot,pageReferrer,y.techinfoy.com,2024|04,page_view,1,1,0,0.0,3553,12,12,0.028,0.0,JUNK - referral spam / bot
F_referral_spam_bot,pageReferrer,y.techinfoy.com,2024|04,session_start,1,1,0,0.0,3553,12,12,0.028,0.0,JUNK - referral spam / bot
F_referral_spam_bot,pageReferrer,y.techinfoy.com,2024|04,user_engagement,1,1,0,0.0,3553,12,12,0.028,0.0,JUNK - referral spam / bot
F_referral_spam_bot,pageReferrer,yl.coolvivid.com,2024|04,first_visit,1,1,0,0.0,3553,12,12,0.028,0.0,JUNK - referral spam / bot
F_referral_spam_bot,pageReferrer,yl.coolvivid.com,2024|04,page_view,1,1,0,0.0,3553,12,12,0.028,0.0,JUNK - referral spam / bot
F_referral_spam_bot,pageReferrer,yl.coolvivid.com,2024|04,session_start,1,1,0,0.0,3553,12,12,0.028,0.0,JUNK - referral spam / bot
F_referral_spam_bot,pageReferrer,yl.prismixtips.com,2024|04,first_visit,1,1,0,0.0,3553,12,12,0.028,0.0,JUNK - referral spam / bot
F_referral_spam_bot,pageReferrer,yl.prismixtips.com,2024|04,page_view,1,1,0,0.0,3553,12,12,0.028,0.0,JUNK - referral spam / bot
F_referral_spam_bot,pageReferrer,yl.prismixtips.com,2024|04,session_start,1,1,0,0.0,3553,12,12,0.028,0.0,JUNK - referral spam / bot
F_referral_spam_bot,sessionSourceMedium,admin.vortezo.com / referral,2024|04,first_visit,3,3,0,0.0,3553,12,12,0.084,0.0,JUNK - referral spam / bot
F_referral_spam_bot,sessionSourceMedium,admin.vortezo.com / referral,2024|04,page_view,3,3,0,0.0,3553,12,12,0.084,0.0,JUNK - referral spam / bot
F_referral_spam_bot,sessionSourceMedium,admin.vortezo.com / referral,2024|04,session_start,3,3,0,0.0,3553,12,12,0.084,0.0,JUNK - referral spam / bot
F_referral_spam_bot,sessionSourceMedium,longerwaygo.com / referral,2024|04,first_visit,1,1,0,0.0,3553,12,12,0.028,0.0,JUNK - referral spam / bot
F_referral_spam_bot,sessionSourceMedium,longerwaygo.com / referral,2024|04,page_view,1,1,0,0.0,3553,12,12,0.028,0.0,JUNK - referral spam / bot
F_referral_spam_bot,sessionSourceMedium,longerwaygo.com / referral,2024|04,session_start,1,1,0,0.0,3553,12,12,0.028,0.0,JUNK - referral spam / bot
F_referral_spam_bot,pageReferrer,azuraen.com,2024|05,first_visit,1,1,0,0.0,3113,17,17,0.032,0.0,JUNK - referral spam / bot
F_referral_spam_bot,pageReferrer,azuraen.com,2024|05,page_view,1,1,0,0.0,3113,17,17,0.032,0.0,JUNK - referral spam / bot
F_referral_spam_bot,pageReferrer,azuraen.com,2024|05,session_start,1,1,0,0.0,3113,17,17,0.032,0.0,JUNK - referral spam / bot
F_referral_spam_bot,pageReferrer,blissnour.com,2024|05,first_visit,1,1,0,0.0,3113,17,17,0.032,0.0,JUNK - referral spam / bot
F_referral_spam_bot,pageReferrer,blissnour.com,2024|05,page_view,1,1,0,0.0,3113,17,17,0.032,0.0,JUNK - referral spam / bot
F_referral_spam_bot,pageReferrer,blissnour.com,2024|05,session_start,1,1,0,0.0,3113,17,17,0.032,0.0,JUNK - referral spam / bot
F_referral_spam_bot,pageReferrer,blissnour.com,2024|05,user_engagement,1,1,0,0.0,3113,17,17,0.032,0.0,JUNK - referral spam / bot
F_referral_spam_bot,pageReferrer,calmingfun.com,2024|05,first_visit,1,1,0,0.0,3113,17,17,0.032,0.0,JUNK - referral spam / bot
F_referral_spam_bot,pageReferrer,calmingfun.com,2024|05,page_view,2,1,0,0.0,3113,17,17,0.064,0.0,JUNK - referral spam / bot
F_referral_spam_bot,pageReferrer,calmingfun.com,2024|05,session_start,1,1,0,0.0,3113,17,17,0.032,0.0,JUNK - referral spam / bot
F_referral_spam_bot,pageReferrer,calmingfun.com,2024|05,user_engagement,2,1,0,0.0,3113,17,17,0.064,0.0,JUNK - referral spam / bot
F_referral_spam_bot,pageReferrer,femanin.com,2024|05,first_visit,1,1,0,0.0,3113,17,17,0.032,0.0,JUNK - referral spam / bot
F_referral_spam_bot,pageReferrer,femanin.com,2024|05,page_view,1,1,0,0.0,3113,17,17,0.032,0.0,JUNK - referral spam / bot
F_referral_spam_bot,pageReferrer,femanin.com,2024|05,session_start,1,1,0,0.0,3113,17,17,0.032,0.0,JUNK - referral spam / bot
F_referral_spam_bot,pageReferrer,health.elitinfy.com,2024|05,first_visit,1,1,0,0.0,3113,17,17,0.032,0.0,JUNK - referral spam / bot
F_referral_spam_bot,pageReferrer,health.elitinfy.com,2024|05,page_view,1,1,0,0.0,3113,17,17,0.032,0.0,JUNK - referral spam / bot
F_referral_spam_bot,pageReferrer,health.elitinfy.com,2024|05,session_start,1,1,0,0.0,3113,17,17,0.032,0.0,JUNK - referral spam / bot
F_referral_spam_bot,pageReferrer,health.patioinfo.com,2024|05,first_visit,1,1,0,0.0,3113,17,17,0.032,0.0,JUNK - referral spam / bot
F_referral_spam_bot,pageReferrer,health.patioinfo.com,2024|05,page_view,1,1,0,0.0,3113,17,17,0.032,0.0,JUNK - referral spam / bot
F_referral_spam_bot,pageReferrer,health.patioinfo.com,2024|05,scroll,1,1,0,0.0,3113,17,17,0.032,0.0,JUNK - referral spam / bot
F_referral_spam_bot,pageReferrer,health.patioinfo.com,2024|05,session_start,1,1,0,0.0,3113,17,17,0.032,0.0,JUNK - referral spam / bot
F_referral_spam_bot,pageReferrer,healthlawyers.otctablets.com,2024|05,first_visit,2,2,0,0.0,3113,17,17,0.064,0.0,JUNK - referral spam / bot
F_referral_spam_bot,pageReferrer,healthlawyers.otctablets.com,2024|05,page_view,2,2,0,0.0,3113,17,17,0.064,0.0,JUNK - referral spam / bot
F_referral_spam_bot,pageReferrer,healthlawyers.otctablets.com,2024|05,session_start,2,2,0,0.0,3113,17,17,0.064,0.0,JUNK - referral spam / bot
F_referral_spam_bot,pageReferrer,healthlawyers.otctablets.com,2024|05,user_engagement,1,1,0,0.0,3113,17,17,0.032,0.0,JUNK - referral spam / bot
F_referral_spam_bot,pageReferrer,healthlawyers24.jugosnaturales.uno,2024|05,first_visit,5,5,0,0.0,3113,17,17,0.161,0.0,JUNK - referral spam / bot
F_referral_spam_bot,pageReferrer,healthlawyers24.jugosnaturales.uno,2024|05,page_view,5,5,0,0.0,3113,17,17,0.161,0.0,JUNK - referral spam / bot
F_referral_spam_bot,pageReferrer,healthlawyers24.jugosnaturales.uno,2024|05,session_start,5,5,0,0.0,3113,17,17,0.161,0.0,JUNK - referral spam / bot
F_referral_spam_bot,pageReferrer,healthlawyers24.jugosnaturales.uno,2024|05,user_engagement,5,5,0,0.0,3113,17,17,0.161,0.0,JUNK - referral spam / bot
F_referral_spam_bot,pageReferrer,healthute.com,2024|05,first_visit,1,1,0,0.0,3113,17,17,0.032,0.0,JUNK - referral spam / bot
F_referral_spam_bot,pageReferrer,healthute.com,2024|05,page_view,1,1,0,0.0,3113,17,17,0.032,0.0,JUNK - referral spam / bot
F_referral_spam_bot,pageReferrer,healthute.com,2024|05,session_start,1,1,0,0.0,3113,17,17,0.032,0.0,JUNK - referral spam / bot
F_referral_spam_bot,pageReferrer,indianexpress.com,2024|05,first_visit,1,1,0,0.0,3113,17,17,0.032,0.0,JUNK - referral spam / bot
F_referral_spam_bot,pageReferrer,indianexpress.com,2024|05,page_view,1,1,0,0.0,3113,17,17,0.032,0.0,JUNK - referral spam / bot
F_referral_spam_bot,pageReferrer,indianexpress.com,2024|05,session_start,1,1,0,0.0,3113,17,17,0.032,0.0,JUNK - referral spam / bot
F_referral_spam_bot,pageReferrer,med.joyfultip.com,2024|05,first_visit,1,1,0,0.0,3113,17,17,0.032,0.0,JUNK - referral spam / bot
F_referral_spam_bot,pageReferrer,med.joyfultip.com,2024|05,page_view,1,1,0,0.0,3113,17,17,0.032,0.0,JUNK - referral spam / bot
F_referral_spam_bot,pageReferrer,med.joyfultip.com,2024|05,session_start,1,1,0,0.0,3113,17,17,0.032,0.0,JUNK - referral spam / bot
F_referral_spam_bot,pageReferrer,needtoknow.co.uk,2024|05,first_visit,2,2,0,0.0,3113,17,17,0.064,0.0,JUNK - referral spam / bot
F_referral_spam_bot,pageReferrer,needtoknow.co.uk,2024|05,page_view,2,2,0,0.0,3113,17,17,0.064,0.0,JUNK - referral spam / bot
F_referral_spam_bot,pageReferrer,needtoknow.co.uk,2024|05,session_start,2,2,0,0.0,3113,17,17,0.064,0.0,JUNK - referral spam / bot
F_referral_spam_bot,pageReferrer,needtoknow.co.uk,2024|05,user_engagement,1,1,0,0.0,3113,17,17,0.032,0.0,JUNK - referral spam / bot
F_referral_spam_bot,pageReferrer,nkguruji.com,2024|05,first_visit,1,1,0,0.0,3113,17,17,0.032,0.0,JUNK - referral spam / bot
F_referral_spam_bot,pageReferrer,nkguruji.com,2024|05,page_view,1,1,0,0.0,3113,17,17,0.032,0.0,JUNK - referral spam / bot
F_referral_spam_bot,pageReferrer,nkguruji.com,2024|05,session_start,1,1,0,0.0,3113,17,17,0.032,0.0,JUNK - referral spam / bot
F_referral_spam_bot,pageReferrer,parade.com,2024|05,first_visit,1,1,0,0.0,3113,17,17,0.032,0.0,JUNK - referral spam / bot
F_referral_spam_bot,pageReferrer,parade.com,2024|05,page_view,1,1,0,0.0,3113,17,17,0.032,0.0,JUNK - referral spam / bot
F_referral_spam_bot,pageReferrer,parade.com,2024|05,session_start,1,1,0,0.0,3113,17,17,0.032,0.0,JUNK - referral spam / bot
F_referral_spam_bot,pageReferrer,positivepsychology.com,2024|05,first_visit,1,1,0,0.0,3113,17,17,0.032,0.0,JUNK - referral spam / bot
F_referral_spam_bot,pageReferrer,positivepsychology.com,2024|05,page_view,1,1,0,0.0,3113,17,17,0.032,0.0,JUNK - referral spam / bot
F_referral_spam_bot,pageReferrer,positivepsychology.com,2024|05,session_start,1,1,0,0.0,3113,17,17,0.032,0.0,JUNK - referral spam / bot
F_referral_spam_bot,pageReferrer,positivepsychology.com,2024|05,user_engagement,1,1,0,0.0,3113,17,17,0.032,0.0,JUNK - referral spam / bot
F_referral_spam_bot,pageReferrer,quizzable.com,2024|05,first_visit,1,1,0,0.0,3113,17,17,0.032,0.0,JUNK - referral spam / bot
F_referral_spam_bot,pageReferrer,quizzable.com,2024|05,page_view,1,1,0,0.0,3113,17,17,0.032,0.0,JUNK - referral spam / bot
F_referral_spam_bot,pageReferrer,quizzable.com,2024|05,session_start,1,1,0,0.0,3113,17,17,0.032,0.0,JUNK - referral spam / bot
F_referral_spam_bot,pageReferrer,quizzable.com,2024|05,user_engagement,1,1,0,0.0,3113,17,17,0.032,0.0,JUNK - referral spam / bot
F_referral_spam_bot,pageReferrer,qunntestal.com,2024|05,first_visit,4,4,0,0.0,3113,17,17,0.128,0.0,JUNK - referral spam / bot
F_referral_spam_bot,pageReferrer,qunntestal.com,2024|05,page_view,4,4,0,0.0,3113,17,17,0.128,0.0,JUNK - referral spam / bot
F_referral_spam_bot,pageReferrer,qunntestal.com,2024|05,session_start,4,4,0,0.0,3113,17,17,0.128,0.0,JUNK - referral spam / bot
F_referral_spam_bot,pageReferrer,qunntestal.com,2024|05,user_engagement,1,1,0,0.0,3113,17,17,0.032,0.0,JUNK - referral spam / bot
F_referral_spam_bot,pageReferrer,s1.linkinfoo.com,2024|05,first_visit,1,1,0,0.0,3113,17,17,0.032,0.0,JUNK - referral spam / bot
F_referral_spam_bot,pageReferrer,s1.linkinfoo.com,2024|05,page_view,2,1,0,0.0,3113,17,17,0.064,0.0,JUNK - referral spam / bot
F_referral_spam_bot,pageReferrer,s1.linkinfoo.com,2024|05,session_start,1,1,0,0.0,3113,17,17,0.032,0.0,JUNK - referral spam / bot
F_referral_spam_bot,pageReferrer,s1.linkinfoo.com,2024|05,user_engagement,1,1,0,0.0,3113,17,17,0.032,0.0,JUNK - referral spam / bot
F_referral_spam_bot,pageReferrer,smartedweb.com,2024|05,first_visit,1,1,0,0.0,3113,17,17,0.032,0.0,JUNK - referral spam / bot
F_referral_spam_bot,pageReferrer,smartedweb.com,2024|05,page_view,1,1,0,0.0,3113,17,17,0.032,0.0,JUNK - referral spam / bot
F_referral_spam_bot,pageReferrer,smartedweb.com,2024|05,session_start,1,1,0,0.0,3113,17,17,0.032,0.0,JUNK - referral spam / bot
F_referral_spam_bot,pageReferrer,speedyfundz.com,2024|05,first_visit,1,1,0,0.0,3113,17,17,0.032,0.0,JUNK - referral spam / bot
F_referral_spam_bot,pageReferrer,speedyfundz.com,2024|05,page_view,1,1,0,0.0,3113,17,17,0.032,0.0,JUNK - referral spam / bot
F_referral_spam_bot,pageReferrer,speedyfundz.com,2024|05,session_start,1,1,0,0.0,3113,17,17,0.032,0.0,JUNK - referral spam / bot
F_referral_spam_bot,pageReferrer,sphenpho.com,2024|05,first_visit,1,1,0,0.0,3113,17,17,0.032,0.0,JUNK - referral spam / bot
F_referral_spam_bot,pageReferrer,sphenpho.com,2024|05,page_view,1,1,0,0.0,3113,17,17,0.032,0.0,JUNK - referral spam / bot
F_referral_spam_bot,pageReferrer,sphenpho.com,2024|05,session_start,1,1,0,0.0,3113,17,17,0.032,0.0,JUNK - referral spam / bot
F_referral_spam_bot,pageReferrer,worldxgame.com,2024|05,first_visit,1,1,0,0.0,3113,17,17,0.032,0.0,JUNK - referral spam / bot
F_referral_spam_bot,pageReferrer,worldxgame.com,2024|05,page_view,1,1,0,0.0,3113,17,17,0.032,0.0,JUNK - referral spam / bot
F_referral_spam_bot,pageReferrer,worldxgame.com,2024|05,session_start,1,1,0,0.0,3113,17,17,0.032,0.0,JUNK - referral spam / bot
F_referral_spam_bot,pageReferrer,www.brightinfoo.com,2024|05,first_visit,2,2,0,0.0,3113,17,17,0.064,0.0,JUNK - referral spam / bot
F_referral_spam_bot,pageReferrer,www.brightinfoo.com,2024|05,page_view,2,2,0,0.0,3113,17,17,0.064,0.0,JUNK - referral spam / bot
F_referral_spam_bot,pageReferrer,www.brightinfoo.com,2024|05,session_start,2,2,0,0.0,3113,17,17,0.064,0.0,JUNK - referral spam / bot
F_referral_spam_bot,pageReferrer,www.brightinfoo.com,2024|05,user_engagement,2,2,0,0.0,3113,17,17,0.064,0.0,JUNK - referral spam / bot
F_referral_spam_bot,pageReferrer,www.foxnews.com,2024|05,first_visit,1,1,0,0.0,3113,17,17,0.032,0.0,JUNK - referral spam / bot
F_referral_spam_bot,pageReferrer,www.foxnews.com,2024|05,page_view,1,1,0,0.0,3113,17,17,0.032,0.0,JUNK - referral spam / bot
F_referral_spam_bot,pageReferrer,www.foxnews.com,2024|05,session_start,1,1,0,0.0,3113,17,17,0.032,0.0,JUNK - referral spam / bot
F_referral_spam_bot,pageReferrer,www.foxnews.com,2024|05,user_engagement,1,1,0,0.0,3113,17,17,0.032,0.0,JUNK - referral spam / bot
F_referral_spam_bot,pageReferrer,www.novainf.com,2024|05,first_visit,1,1,0,0.0,3113,17,17,0.032,0.0,JUNK - referral spam / bot
F_referral_spam_bot,pageReferrer,www.novainf.com,2024|05,page_view,1,1,0,0.0,3113,17,17,0.032,0.0,JUNK - referral spam / bot
F_referral_spam_bot,pageReferrer,www.novainf.com,2024|05,session_start,1,1,0,0.0,3113,17,17,0.032,0.0,JUNK - referral spam / bot
F_referral_spam_bot,pageReferrer,www.novainf.com,2024|05,user_engagement,1,1,0,0.0,3113,17,17,0.032,0.0,JUNK - referral spam / bot
F_referral_spam_bot,pageReferrer,www.tuasaude.com,2024|05,first_visit,1,1,0,0.0,3113,17,17,0.032,0.0,JUNK - referral spam / bot
F_referral_spam_bot,pageReferrer,www.tuasaude.com,2024|05,page_view,1,1,0,0.0,3113,17,17,0.032,0.0,JUNK - referral spam / bot
F_referral_spam_bot,pageReferrer,www.tuasaude.com,2024|05,session_start,1,1,0,0.0,3113,17,17,0.032,0.0,JUNK - referral spam / bot
F_referral_spam_bot,pageReferrer,www.tuasaude.com,2024|05,user_engagement,1,1,0,0.0,3113,17,17,0.032,0.0,JUNK - referral spam / bot
F_referral_spam_bot,pageReferrer,www.uptodateinfoz.com,2024|05,first_visit,1,1,0,0.0,3113,17,17,0.032,0.0,JUNK - referral spam / bot
F_referral_spam_bot,pageReferrer,www.uptodateinfoz.com,2024|05,page_view,1,1,0,0.0,3113,17,17,0.032,0.0,JUNK - referral spam / bot
F_referral_spam_bot,pageReferrer,www.uptodateinfoz.com,2024|05,session_start,1,1,0,0.0,3113,17,17,0.032,0.0,JUNK - referral spam / bot
F_referral_spam_bot,pageReferrer,www.uptodateinfoz.com,2024|05,user_engagement,1,1,0,0.0,3113,17,17,0.032,0.0,JUNK - referral spam / bot
F_referral_spam_bot,pageReferrer,www.vividinfz.com,2024|05,first_visit,1,1,0,0.0,3113,17,17,0.032,0.0,JUNK - referral spam / bot
F_referral_spam_bot,pageReferrer,www.vividinfz.com,2024|05,page_view,1,1,0,0.0,3113,17,17,0.032,0.0,JUNK - referral spam / bot
F_referral_spam_bot,pageReferrer,www.vividinfz.com,2024|05,session_start,1,1,0,0.0,3113,17,17,0.032,0.0,JUNK - referral spam / bot
F_referral_spam_bot,pageReferrer,www.wionews.com,2024|05,first_visit,1,1,0,0.0,3113,17,17,0.032,0.0,JUNK - referral spam / bot
F_referral_spam_bot,pageReferrer,www.wionews.com,2024|05,page_view,1,1,0,0.0,3113,17,17,0.032,0.0,JUNK - referral spam / bot
F_referral_spam_bot,pageReferrer,www.wionews.com,2024|05,scroll,1,1,0,0.0,3113,17,17,0.032,0.0,JUNK - referral spam / bot
F_referral_spam_bot,pageReferrer,www.wionews.com,2024|05,session_start,1,1,0,0.0,3113,17,17,0.032,0.0,JUNK - referral spam / bot
F_referral_spam_bot,pageReferrer,www.wionews.com,2024|05,user_engagement,1,1,0,0.0,3113,17,17,0.032,0.0,JUNK - referral spam / bot
F_referral_spam_bot,pageReferrer,10000smallbusinesses.lightning.force.com,2024|06,first_visit,1,1,0,0.0,3795,21,21,0.026,0.0,JUNK - referral spam / bot
F_referral_spam_bot,pageReferrer,10000smallbusinesses.lightning.force.com,2024|06,page_view,1,1,0,0.0,3795,21,21,0.026,0.0,JUNK - referral spam / bot
F_referral_spam_bot,pageReferrer,10000smallbusinesses.lightning.force.com,2024|06,session_start,1,1,0,0.0,3795,21,21,0.026,0.0,JUNK - referral spam / bot
F_referral_spam_bot,pageReferrer,10000smallbusinesses.lightning.force.com,2024|06,user_engagement,1,1,0,0.0,3795,21,21,0.026,0.0,JUNK - referral spam / bot
F_referral_spam_bot,pageReferrer,blissnour.com,2024|06,first_visit,1,1,0,0.0,3795,21,21,0.026,0.0,JUNK - referral spam / bot
F_referral_spam_bot,pageReferrer,blissnour.com,2024|06,page_view,1,1,0,0.0,3795,21,21,0.026,0.0,JUNK - referral spam / bot
F_referral_spam_bot,pageReferrer,blissnour.com,2024|06,session_start,1,1,0,0.0,3795,21,21,0.026,0.0,JUNK - referral spam / bot
F_referral_spam_bot,pageReferrer,blissnour.com,2024|06,user_engagement,1,1,0,0.0,3795,21,21,0.026,0.0,JUNK - referral spam / bot
F_referral_spam_bot,pageReferrer,cashunfold.com,2024|06,first_visit,1,1,0,0.0,3795,21,21,0.026,0.0,JUNK - referral spam / bot
F_referral_spam_bot,pageReferrer,cashunfold.com,2024|06,page_view,1,1,0,0.0,3795,21,21,0.026,0.0,JUNK - referral spam / bot
F_referral_spam_bot,pageReferrer,cashunfold.com,2024|06,session_start,1,1,0,0.0,3795,21,21,0.026,0.0,JUNK - referral spam / bot
F_referral_spam_bot,pageReferrer,cashunfold.com,2024|06,user_engagement,1,1,0,0.0,3795,21,21,0.026,0.0,JUNK - referral spam / bot
F_referral_spam_bot,pageReferrer,cation.uuhlashwe.club,2024|06,first_visit,1,1,0,0.0,3795,21,21,0.026,0.0,JUNK - referral spam / bot
F_referral_spam_bot,pageReferrer,cation.uuhlashwe.club,2024|06,page_view,1,1,0,0.0,3795,21,21,0.026,0.0,JUNK - referral spam / bot
F_referral_spam_bot,pageReferrer,cation.uuhlashwe.club,2024|06,session_start,1,1,0,0.0,3795,21,21,0.026,0.0,JUNK - referral spam / bot
F_referral_spam_bot,pageReferrer,causewaybun.com,2024|06,first_visit,1,1,0,0.0,3795,21,21,0.026,0.0,JUNK - referral spam / bot
F_referral_spam_bot,pageReferrer,causewaybun.com,2024|06,page_view,1,1,0,0.0,3795,21,21,0.026,0.0,JUNK - referral spam / bot
F_referral_spam_bot,pageReferrer,causewaybun.com,2024|06,session_start,1,1,0,0.0,3795,21,21,0.026,0.0,JUNK - referral spam / bot
F_referral_spam_bot,pageReferrer,causewaybun.com,2024|06,user_engagement,1,1,0,0.0,3795,21,21,0.026,0.0,JUNK - referral spam / bot
F_referral_spam_bot,pageReferrer,cloudixinfo.com,2024|06,first_visit,2,2,0,0.0,3795,21,21,0.053,0.0,JUNK - referral spam / bot
F_referral_spam_bot,pageReferrer,cloudixinfo.com,2024|06,page_view,2,2,0,0.0,3795,21,21,0.053,0.0,JUNK - referral spam / bot
F_referral_spam_bot,pageReferrer,cloudixinfo.com,2024|06,session_start,2,2,0,0.0,3795,21,21,0.053,0.0,JUNK - referral spam / bot
F_referral_spam_bot,pageReferrer,dditeluu.com,2024|06,first_visit,2,2,0,0.0,3795,21,21,0.053,0.0,JUNK - referral spam / bot
F_referral_spam_bot,pageReferrer,dditeluu.com,2024|06,page_view,2,2,0,0.0,3795,21,21,0.053,0.0,JUNK - referral spam / bot
F_referral_spam_bot,pageReferrer,dditeluu.com,2024|06,session_start,2,2,0,0.0,3795,21,21,0.053,0.0,JUNK - referral spam / bot
F_referral_spam_bot,pageReferrer,e.hindihelpful.in,2024|06,first_visit,1,1,0,0.0,3795,21,21,0.026,0.0,JUNK - referral spam / bot
F_referral_spam_bot,pageReferrer,e.hindihelpful.in,2024|06,page_view,1,1,0,0.0,3795,21,21,0.026,0.0,JUNK - referral spam / bot
F_referral_spam_bot,pageReferrer,e.hindihelpful.in,2024|06,session_start,1,1,0,0.0,3795,21,21,0.026,0.0,JUNK - referral spam / bot
F_referral_spam_bot,pageReferrer,e.hindihelpful.in,2024|06,user_engagement,1,1,0,0.0,3795,21,21,0.026,0.0,JUNK - referral spam / bot
F_referral_spam_bot,pageReferrer,e.pcantal.com,2024|06,first_visit,1,1,0,0.0,3795,21,21,0.026,0.0,JUNK - referral spam / bot
F_referral_spam_bot,pageReferrer,e.pcantal.com,2024|06,page_view,1,1,0,0.0,3795,21,21,0.026,0.0,JUNK - referral spam / bot
F_referral_spam_bot,pageReferrer,e.pcantal.com,2024|06,session_start,1,1,0,0.0,3795,21,21,0.026,0.0,JUNK - referral spam / bot
F_referral_spam_bot,pageReferrer,eco.bravoguy.com,2024|06,first_visit,1,1,0,0.0,3795,21,21,0.026,0.0,JUNK - referral spam / bot
F_referral_spam_bot,pageReferrer,eco.bravoguy.com,2024|06,page_view,1,1,0,0.0,3795,21,21,0.026,0.0,JUNK - referral spam / bot
F_referral_spam_bot,pageReferrer,eco.bravoguy.com,2024|06,session_start,1,1,0,0.0,3795,21,21,0.026,0.0,JUNK - referral spam / bot
F_referral_spam_bot,pageReferrer,facty.com,2024|06,first_visit,1,1,0,0.0,3795,21,21,0.026,0.0,JUNK - referral spam / bot
F_referral_spam_bot,pageReferrer,facty.com,2024|06,page_view,1,1,0,0.0,3795,21,21,0.026,0.0,JUNK - referral spam / bot
F_referral_spam_bot,pageReferrer,facty.com,2024|06,session_start,1,1,0,0.0,3795,21,21,0.026,0.0,JUNK - referral spam / bot
F_referral_spam_bot,pageReferrer,femanin.com,2024|06,first_visit,2,2,0,0.0,3795,21,21,0.053,0.0,JUNK - referral spam / bot
F_referral_spam_bot,pageReferrer,femanin.com,2024|06,page_view,2,2,0,0.0,3795,21,21,0.053,0.0,JUNK - referral spam / bot
F_referral_spam_bot,pageReferrer,femanin.com,2024|06,session_start,2,2,0,0.0,3795,21,21,0.053,0.0,JUNK - referral spam / bot
F_referral_spam_bot,pageReferrer,gamejivey.com,2024|06,first_visit,1,1,0,0.0,3795,21,21,0.026,0.0,JUNK - referral spam / bot
F_referral_spam_bot,pageReferrer,gamejivey.com,2024|06,page_view,1,1,0,0.0,3795,21,21,0.026,0.0,JUNK - referral spam / bot
F_referral_spam_bot,pageReferrer,gamejivey.com,2024|06,session_start,1,1,0,0.0,3795,21,21,0.026,0.0,JUNK - referral spam / bot
F_referral_spam_bot,pageReferrer,gamerwisegurus.com,2024|06,first_visit,1,1,0,0.0,3795,21,21,0.026,0.0,JUNK - referral spam / bot
F_referral_spam_bot,pageReferrer,gamerwisegurus.com,2024|06,page_view,1,1,0,0.0,3795,21,21,0.026,0.0,JUNK - referral spam / bot
F_referral_spam_bot,pageReferrer,gamerwisegurus.com,2024|06,session_start,1,1,0,0.0,3795,21,21,0.026,0.0,JUNK - referral spam / bot
F_referral_spam_bot,pageReferrer,health.asaliter.com,2024|06,first_visit,2,2,0,0.0,3795,21,21,0.053,0.0,JUNK - referral spam / bot
F_referral_spam_bot,pageReferrer,health.asaliter.com,2024|06,page_view,2,2,0,0.0,3795,21,21,0.053,0.0,JUNK - referral spam / bot
F_referral_spam_bot,pageReferrer,health.asaliter.com,2024|06,session_start,2,2,0,0.0,3795,21,21,0.053,0.0,JUNK - referral spam / bot
F_referral_spam_bot,pageReferrer,health.asaliter.com,2024|06,user_engagement,1,1,0,0.0,3795,21,21,0.026,0.0,JUNK - referral spam / bot
F_referral_spam_bot,pageReferrer,healthlawyers24.jugosnaturales.uno,2024|06,first_visit,2,2,0,0.0,3795,21,21,0.053,0.0,JUNK - referral spam / bot
F_referral_spam_bot,pageReferrer,healthlawyers24.jugosnaturales.uno,2024|06,page_view,2,2,0,0.0,3795,21,21,0.053,0.0,JUNK - referral spam / bot
F_referral_spam_bot,pageReferrer,healthlawyers24.jugosnaturales.uno,2024|06,session_start,2,2,0,0.0,3795,21,21,0.053,0.0,JUNK - referral spam / bot
F_referral_spam_bot,pageReferrer,healthlawyers24.jugosnaturales.uno,2024|06,user_engagement,3,3,0,0.0,3795,21,21,0.079,0.0,JUNK - referral spam / bot
F_referral_spam_bot,pageReferrer,healthnile.com,2024|06,first_visit,1,1,0,0.0,3795,21,21,0.026,0.0,JUNK - referral spam / bot
F_referral_spam_bot,pageReferrer,healthnile.com,2024|06,page_view,1,1,0,0.0,3795,21,21,0.026,0.0,JUNK - referral spam / bot
F_referral_spam_bot,pageReferrer,healthnile.com,2024|06,session_start,1,1,0,0.0,3795,21,21,0.026,0.0,JUNK - referral spam / bot
F_referral_spam_bot,pageReferrer,home.remedydaily.com,2024|06,first_visit,1,1,0,0.0,3795,21,21,0.026,0.0,JUNK - referral spam / bot
F_referral_spam_bot,pageReferrer,home.remedydaily.com,2024|06,page_view,1,1,0,0.0,3795,21,21,0.026,0.0,JUNK - referral spam / bot
F_referral_spam_bot,pageReferrer,home.remedydaily.com,2024|06,session_start,1,1,0,0.0,3795,21,21,0.026,0.0,JUNK - referral spam / bot
F_referral_spam_bot,pageReferrer,icehockeyinfo.com,2024|06,first_visit,1,1,0,0.0,3795,21,21,0.026,0.0,JUNK - referral spam / bot
F_referral_spam_bot,pageReferrer,icehockeyinfo.com,2024|06,page_view,1,1,0,0.0,3795,21,21,0.026,0.0,JUNK - referral spam / bot
F_referral_spam_bot,pageReferrer,icehockeyinfo.com,2024|06,scroll,1,1,0,0.0,3795,21,21,0.026,0.0,JUNK - referral spam / bot
F_referral_spam_bot,pageReferrer,icehockeyinfo.com,2024|06,session_start,1,1,0,0.0,3795,21,21,0.026,0.0,JUNK - referral spam / bot
F_referral_spam_bot,pageReferrer,icehockeyinfo.com,2024|06,user_engagement,1,1,0,0.0,3795,21,21,0.026,0.0,JUNK - referral spam / bot
F_referral_spam_bot,pageReferrer,m.keenginfopro.com,2024|06,first_visit,1,1,0,0.0,3795,21,21,0.026,0.0,JUNK - referral spam / bot
F_referral_spam_bot,pageReferrer,m.keenginfopro.com,2024|06,page_view,3,1,0,0.0,3795,21,21,0.079,0.0,JUNK - referral spam / bot
F_referral_spam_bot,pageReferrer,m.keenginfopro.com,2024|06,session_start,1,1,0,0.0,3795,21,21,0.026,0.0,JUNK - referral spam / bot
F_referral_spam_bot,pageReferrer,m.keenginfopro.com,2024|06,user_engagement,2,1,0,0.0,3795,21,21,0.053,0.0,JUNK - referral spam / bot
F_referral_spam_bot,pageReferrer,med.joyfultip.com,2024|06,first_visit,4,4,0,0.0,3795,21,21,0.105,0.0,JUNK - referral spam / bot
F_referral_spam_bot,pageReferrer,med.joyfultip.com,2024|06,form_start,1,1,0,0.0,3795,21,21,0.026,0.0,JUNK - referral spam / bot
F_referral_spam_bot,pageReferrer,med.joyfultip.com,2024|06,page_view,4,4,0,0.0,3795,21,21,0.105,0.0,JUNK - referral spam / bot
F_referral_spam_bot,pageReferrer,med.joyfultip.com,2024|06,session_start,4,4,0,0.0,3795,21,21,0.105,0.0,JUNK - referral spam / bot
F_referral_spam_bot,pageReferrer,med.joyfultip.com,2024|06,user_engagement,2,2,0,0.0,3795,21,21,0.053,0.0,JUNK - referral spam / bot
F_referral_spam_bot,pageReferrer,news.hometalk.com,2024|06,first_visit,1,1,0,0.0,3795,21,21,0.026,0.0,JUNK - referral spam / bot
F_referral_spam_bot,pageReferrer,news.hometalk.com,2024|06,page_view,2,1,0,0.0,3795,21,21,0.053,0.0,JUNK - referral spam / bot
F_referral_spam_bot,pageReferrer,news.hometalk.com,2024|06,session_start,1,1,0,0.0,3795,21,21,0.026,0.0,JUNK - referral spam / bot
F_referral_spam_bot,pageReferrer,nkguruji.com,2024|06,first_visit,1,1,0,0.0,3795,21,21,0.026,0.0,JUNK - referral spam / bot
F_referral_spam_bot,pageReferrer,nkguruji.com,2024|06,page_view,1,1,0,0.0,3795,21,21,0.026,0.0,JUNK - referral spam / bot
F_referral_spam_bot,pageReferrer,nkguruji.com,2024|06,session_start,1,1,0,0.0,3795,21,21,0.026,0.0,JUNK - referral spam / bot
F_referral_spam_bot,pageReferrer,novainfohub.com,2024|06,first_visit,1,1,0,0.0,3795,21,21,0.026,0.0,JUNK - referral spam / bot
F_referral_spam_bot,pageReferrer,novainfohub.com,2024|06,page_view,1,1,0,0.0,3795,21,21,0.026,0.0,JUNK - referral spam / bot
F_referral_spam_bot,pageReferrer,novainfohub.com,2024|06,session_start,1,1,0,0.0,3795,21,21,0.026,0.0,JUNK - referral spam / bot
F_referral_spam_bot,pageReferrer,novainfohub.com,2024|06,user_engagement,1,1,0,0.0,3795,21,21,0.026,0.0,JUNK - referral spam / bot
F_referral_spam_bot,pageReferrer,quizzable.com,2024|06,first_visit,1,1,0,0.0,3795,21,21,0.026,0.0,JUNK - referral spam / bot
F_referral_spam_bot,pageReferrer,quizzable.com,2024|06,page_view,1,1,0,0.0,3795,21,21,0.026,0.0,JUNK - referral spam / bot
F_referral_spam_bot,pageReferrer,quizzable.com,2024|06,session_start,1,1,0,0.0,3795,21,21,0.026,0.0,JUNK - referral spam / bot
F_referral_spam_bot,pageReferrer,qunntestal.com,2024|06,first_visit,3,3,0,0.0,3795,21,21,0.079,0.0,JUNK - referral spam / bot
F_referral_spam_bot,pageReferrer,qunntestal.com,2024|06,page_view,3,3,0,0.0,3795,21,21,0.079,0.0,JUNK - referral spam / bot
F_referral_spam_bot,pageReferrer,qunntestal.com,2024|06,session_start,3,3,0,0.0,3795,21,21,0.079,0.0,JUNK - referral spam / bot
F_referral_spam_bot,pageReferrer,qunntestal.com,2024|06,user_engagement,1,1,0,0.0,3795,21,21,0.026,0.0,JUNK - referral spam / bot
F_referral_spam_bot,pageReferrer,searchispace.com,2024|06,first_visit,1,1,0,0.0,3795,21,21,0.026,0.0,JUNK - referral spam / bot
F_referral_spam_bot,pageReferrer,searchispace.com,2024|06,page_view,1,1,0,0.0,3795,21,21,0.026,0.0,JUNK - referral spam / bot
F_referral_spam_bot,pageReferrer,searchispace.com,2024|06,session_start,1,1,0,0.0,3795,21,21,0.026,0.0,JUNK - referral spam / bot
F_referral_spam_bot,pageReferrer,searchispace.com,2024|06,user_engagement,1,1,0,0.0,3795,21,21,0.026,0.0,JUNK - referral spam / bot
F_referral_spam_bot,pageReferrer,starttechnow.com,2024|06,first_visit,1,1,0,0.0,3795,21,21,0.026,0.0,JUNK - referral spam / bot
F_referral_spam_bot,pageReferrer,starttechnow.com,2024|06,page_view,1,1,0,0.0,3795,21,21,0.026,0.0,JUNK - referral spam / bot
F_referral_spam_bot,pageReferrer,starttechnow.com,2024|06,session_start,1,1,0,0.0,3795,21,21,0.026,0.0,JUNK - referral spam / bot
F_referral_spam_bot,pageReferrer,therealpchellper.com,2024|06,first_visit,1,1,0,0.0,3795,21,21,0.026,0.0,JUNK - referral spam / bot
F_referral_spam_bot,pageReferrer,therealpchellper.com,2024|06,page_view,1,1,0,0.0,3795,21,21,0.026,0.0,JUNK - referral spam / bot
F_referral_spam_bot,pageReferrer,therealpchellper.com,2024|06,session_start,1,1,0,0.0,3795,21,21,0.026,0.0,JUNK - referral spam / bot
F_referral_spam_bot,pageReferrer,therealpchellper.com,2024|06,user_engagement,1,1,0,0.0,3795,21,21,0.026,0.0,JUNK - referral spam / bot
F_referral_spam_bot,pageReferrer,tp.gameaggros.com,2024|06,first_visit,2,2,0,0.0,3795,21,21,0.053,0.0,JUNK - referral spam / bot
F_referral_spam_bot,pageReferrer,tp.gameaggros.com,2024|06,page_view,2,2,0,0.0,3795,21,21,0.053,0.0,JUNK - referral spam / bot
F_referral_spam_bot,pageReferrer,tp.gameaggros.com,2024|06,session_start,2,2,0,0.0,3795,21,21,0.053,0.0,JUNK - referral spam / bot
F_referral_spam_bot,pageReferrer,veryhealthy.life,2024|06,first_visit,1,1,0,0.0,3795,21,21,0.026,0.0,JUNK - referral spam / bot
F_referral_spam_bot,pageReferrer,veryhealthy.life,2024|06,page_view,2,1,0,0.0,3795,21,21,0.053,0.0,JUNK - referral spam / bot
F_referral_spam_bot,pageReferrer,veryhealthy.life,2024|06,session_start,1,1,0,0.0,3795,21,21,0.026,0.0,JUNK - referral spam / bot
F_referral_spam_bot,pageReferrer,veryhealthy.life,2024|06,user_engagement,2,1,0,0.0,3795,21,21,0.053,0.0,JUNK - referral spam / bot
F_referral_spam_bot,pageReferrer,www.brightinfoo.com,2024|06,first_visit,1,1,0,0.0,3795,21,21,0.026,0.0,JUNK - referral spam / bot
F_referral_spam_bot,pageReferrer,www.brightinfoo.com,2024|06,page_view,1,1,0,0.0,3795,21,21,0.026,0.0,JUNK - referral spam / bot
F_referral_spam_bot,pageReferrer,www.brightinfoo.com,2024|06,session_start,1,1,0,0.0,3795,21,21,0.026,0.0,JUNK - referral spam / bot
F_referral_spam_bot,pageReferrer,www.businesstrip.site,2024|06,first_visit,1,1,0,0.0,3795,21,21,0.026,0.0,JUNK - referral spam / bot
F_referral_spam_bot,pageReferrer,www.businesstrip.site,2024|06,page_view,6,2,0,0.0,3795,21,21,0.158,0.0,JUNK - referral spam / bot
F_referral_spam_bot,pageReferrer,www.businesstrip.site,2024|06,session_start,1,1,0,0.0,3795,21,21,0.026,0.0,JUNK - referral spam / bot
F_referral_spam_bot,pageReferrer,www.cronista.com,2024|06,first_visit,1,1,0,0.0,3795,21,21,0.026,0.0,JUNK - referral spam / bot
F_referral_spam_bot,pageReferrer,www.cronista.com,2024|06,page_view,1,1,0,0.0,3795,21,21,0.026,0.0,JUNK - referral spam / bot
F_referral_spam_bot,pageReferrer,www.cronista.com,2024|06,session_start,1,1,0,0.0,3795,21,21,0.026,0.0,JUNK - referral spam / bot
F_referral_spam_bot,pageReferrer,www.cronista.com,2024|06,user_engagement,1,1,0,0.0,3795,21,21,0.026,0.0,JUNK - referral spam / bot
F_referral_spam_bot,pageReferrer,www.goodhousekeeping.com,2024|06,first_visit,1,1,0,0.0,3795,21,21,0.026,0.0,JUNK - referral spam / bot
F_referral_spam_bot,pageReferrer,www.goodhousekeeping.com,2024|06,page_view,1,1,0,0.0,3795,21,21,0.026,0.0,JUNK - referral spam / bot
F_referral_spam_bot,pageReferrer,www.goodhousekeeping.com,2024|06,session_start,1,1,0,0.0,3795,21,21,0.026,0.0,JUNK - referral spam / bot
F_referral_spam_bot,pageReferrer,www.goodhousekeeping.com,2024|06,user_engagement,1,1,0,0.0,3795,21,21,0.026,0.0,JUNK - referral spam / bot
F_referral_spam_bot,pageReferrer,www.h5daily.com,2024|06,first_visit,1,1,0,0.0,3795,21,21,0.026,0.0,JUNK - referral spam / bot
F_referral_spam_bot,pageReferrer,www.h5daily.com,2024|06,page_view,1,1,0,0.0,3795,21,21,0.026,0.0,JUNK - referral spam / bot
F_referral_spam_bot,pageReferrer,www.h5daily.com,2024|06,session_start,1,1,0,0.0,3795,21,21,0.026,0.0,JUNK - referral spam / bot
F_referral_spam_bot,pageReferrer,www.h5daily.com,2024|06,user_engagement,1,1,0,0.0,3795,21,21,0.026,0.0,JUNK - referral spam / bot
F_referral_spam_bot,pageReferrer,www.housejogger.com,2024|06,first_visit,2,2,0,0.0,3795,21,21,0.053,0.0,JUNK - referral spam / bot
F_referral_spam_bot,pageReferrer,www.housejogger.com,2024|06,page_view,2,2,0,0.0,3795,21,21,0.053,0.0,JUNK - referral spam / bot
F_referral_spam_bot,pageReferrer,www.housejogger.com,2024|06,session_start,2,2,0,0.0,3795,21,21,0.053,0.0,JUNK - referral spam / bot
F_referral_spam_bot,pageReferrer,www.housejogger.com,2024|06,user_engagement,1,1,0,0.0,3795,21,21,0.026,0.0,JUNK - referral spam / bot
F_referral_spam_bot,pageReferrer,www.insighttipsz.com,2024|06,first_visit,1,1,0,0.0,3795,21,21,0.026,0.0,JUNK - referral spam / bot
F_referral_spam_bot,pageReferrer,www.insighttipsz.com,2024|06,page_view,1,1,0,0.0,3795,21,21,0.026,0.0,JUNK - referral spam / bot
F_referral_spam_bot,pageReferrer,www.insighttipsz.com,2024|06,session_start,1,1,0,0.0,3795,21,21,0.026,0.0,JUNK - referral spam / bot
F_referral_spam_bot,pageReferrer,www.jobsnews24.xyz,2024|06,first_visit,1,1,0,0.0,3795,21,21,0.026,0.0,JUNK - referral spam / bot
F_referral_spam_bot,pageReferrer,www.jobsnews24.xyz,2024|06,page_view,2,1,0,0.0,3795,21,21,0.053,0.0,JUNK - referral spam / bot
F_referral_spam_bot,pageReferrer,www.jobsnews24.xyz,2024|06,scroll,1,1,0,0.0,3795,21,21,0.026,0.0,JUNK - referral spam / bot
F_referral_spam_bot,pageReferrer,www.jobsnews24.xyz,2024|06,session_start,1,1,0,0.0,3795,21,21,0.026,0.0,JUNK - referral spam / bot
F_referral_spam_bot,pageReferrer,www.jobsnews24.xyz,2024|06,user_engagement,2,1,0,0.0,3795,21,21,0.053,0.0,JUNK - referral spam / bot
F_referral_spam_bot,pageReferrer,www.novainf.com,2024|06,first_visit,2,2,0,0.0,3795,21,21,0.053,0.0,JUNK - referral spam / bot
F_referral_spam_bot,pageReferrer,www.novainf.com,2024|06,page_view,2,2,0,0.0,3795,21,21,0.053,0.0,JUNK - referral spam / bot
F_referral_spam_bot,pageReferrer,www.novainf.com,2024|06,session_start,2,2,0,0.0,3795,21,21,0.053,0.0,JUNK - referral spam / bot
F_referral_spam_bot,pageReferrer,www.novainf.com,2024|06,user_engagement,2,2,0,0.0,3795,21,21,0.053,0.0,JUNK - referral spam / bot
F_referral_spam_bot,pageReferrer,www.prevention.com,2024|06,first_visit,1,1,0,0.0,3795,21,21,0.026,0.0,JUNK - referral spam / bot
F_referral_spam_bot,pageReferrer,www.prevention.com,2024|06,page_view,1,1,0,0.0,3795,21,21,0.026,0.0,JUNK - referral spam / bot
F_referral_spam_bot,pageReferrer,www.prevention.com,2024|06,session_start,1,1,0,0.0,3795,21,21,0.026,0.0,JUNK - referral spam / bot
F_referral_spam_bot,pageReferrer,www.socoupon.com,2024|06,first_visit,1,1,0,0.0,3795,21,21,0.026,0.0,JUNK - referral spam / bot
F_referral_spam_bot,pageReferrer,www.socoupon.com,2024|06,page_view,1,1,0,0.0,3795,21,21,0.026,0.0,JUNK - referral spam / bot
F_referral_spam_bot,pageReferrer,www.socoupon.com,2024|06,session_start,1,1,0,0.0,3795,21,21,0.026,0.0,JUNK - referral spam / bot
F_referral_spam_bot,pageReferrer,www.socoupon.com,2024|06,user_engagement,1,1,0,0.0,3795,21,21,0.026,0.0,JUNK - referral spam / bot
F_referral_spam_bot,pageReferrer,www.xtrafficplus.xyz,2024|06,first_visit,1,1,0,0.0,3795,21,21,0.026,0.0,JUNK - referral spam / bot
F_referral_spam_bot,pageReferrer,www.xtrafficplus.xyz,2024|06,page_view,1,1,0,0.0,3795,21,21,0.026,0.0,JUNK - referral spam / bot
F_referral_spam_bot,pageReferrer,www.xtrafficplus.xyz,2024|06,session_start,1,1,0,0.0,3795,21,21,0.026,0.0,JUNK - referral spam / bot
F_referral_spam_bot,pageReferrer,y.techinfoy.com,2024|06,first_visit,1,1,0,0.0,3795,21,21,0.026,0.0,JUNK - referral spam / bot
F_referral_spam_bot,pageReferrer,y.techinfoy.com,2024|06,page_view,1,1,0,0.0,3795,21,21,0.026,0.0,JUNK - referral spam / bot
F_referral_spam_bot,pageReferrer,y.techinfoy.com,2024|06,session_start,1,1,0,0.0,3795,21,21,0.026,0.0,JUNK - referral spam / bot
F_referral_spam_bot,pageReferrer,y.techinfoy.com,2024|06,user_engagement,1,1,0,0.0,3795,21,21,0.026,0.0,JUNK - referral spam / bot
F_referral_spam_bot,pageReferrer,yi.azysu.com,2024|06,first_visit,1,1,0,0.0,3795,21,21,0.026,0.0,JUNK - referral spam / bot
F_referral_spam_bot,pageReferrer,yi.azysu.com,2024|06,page_view,2,1,0,0.0,3795,21,21,0.053,0.0,JUNK - referral spam / bot
F_referral_spam_bot,pageReferrer,yi.azysu.com,2024|06,session_start,1,1,0,0.0,3795,21,21,0.026,0.0,JUNK - referral spam / bot
F_referral_spam_bot,pageReferrer,yl.coolvivid.com,2024|06,first_visit,1,1,0,0.0,3795,21,21,0.026,0.0,JUNK - referral spam / bot
F_referral_spam_bot,pageReferrer,yl.coolvivid.com,2024|06,page_view,1,1,0,0.0,3795,21,21,0.026,0.0,JUNK - referral spam / bot
F_referral_spam_bot,pageReferrer,yl.coolvivid.com,2024|06,session_start,1,1,0,0.0,3795,21,21,0.026,0.0,JUNK - referral spam / bot
F_referral_spam_bot,pageReferrer,yl.lvxon.com,2024|06,first_visit,1,1,0,0.0,3795,21,21,0.026,0.0,JUNK - referral spam / bot
F_referral_spam_bot,pageReferrer,yl.lvxon.com,2024|06,page_view,1,1,0,0.0,3795,21,21,0.026,0.0,JUNK - referral spam / bot
F_referral_spam_bot,pageReferrer,yl.lvxon.com,2024|06,session_start,1,1,0,0.0,3795,21,21,0.026,0.0,JUNK - referral spam / bot
F_referral_spam_bot,pageReferrer,yl.lvxon.com,2024|06,user_engagement,1,1,0,0.0,3795,21,21,0.026,0.0,JUNK - referral spam / bot
F_referral_spam_bot,sessionSourceMedium,10000smallbusinesses.lightning.force.com / referral,2024|06,first_visit,1,1,0,0.0,3795,21,21,0.026,0.0,JUNK - referral spam / bot
F_referral_spam_bot,sessionSourceMedium,10000smallbusinesses.lightning.force.com / referral,2024|06,page_view,3,1,0,0.0,3795,21,21,0.079,0.0,JUNK - referral spam / bot
F_referral_spam_bot,sessionSourceMedium,10000smallbusinesses.lightning.force.com / referral,2024|06,scroll,1,1,0,0.0,3795,21,21,0.026,0.0,JUNK - referral spam / bot
F_referral_spam_bot,sessionSourceMedium,10000smallbusinesses.lightning.force.com / referral,2024|06,session_start,1,1,0,0.0,3795,21,21,0.026,0.0,JUNK - referral spam / bot
F_referral_spam_bot,sessionSourceMedium,10000smallbusinesses.lightning.force.com / referral,2024|06,user_engagement,3,1,0,0.0,3795,21,21,0.079,0.0,JUNK - referral spam / bot
F_referral_spam_bot,sessionSourceMedium,xtrafficplus.xyz / referral,2024|06,first_visit,1,1,0,0.0,3795,21,21,0.026,0.0,JUNK - referral spam / bot
F_referral_spam_bot,sessionSourceMedium,xtrafficplus.xyz / referral,2024|06,page_view,1,1,0,0.0,3795,21,21,0.026,0.0,JUNK - referral spam / bot
F_referral_spam_bot,sessionSourceMedium,xtrafficplus.xyz / referral,2024|06,session_start,1,1,0,0.0,3795,21,21,0.026,0.0,JUNK - referral spam / bot
F_referral_spam_bot,pageReferrer,10000smallbusinesses.lightning.force.com,2024|07,first_visit,1,1,0,0.0,2541,23,23,0.039,0.0,JUNK - referral spam / bot
F_referral_spam_bot,pageReferrer,10000smallbusinesses.lightning.force.com,2024|07,page_view,1,1,0,0.0,2541,23,23,0.039,0.0,JUNK - referral spam / bot
F_referral_spam_bot,pageReferrer,10000smallbusinesses.lightning.force.com,2024|07,session_start,1,1,0,0.0,2541,23,23,0.039,0.0,JUNK - referral spam / bot
F_referral_spam_bot,pageReferrer,10000smallbusinesses.lightning.force.com,2024|07,user_engagement,1,1,0,0.0,2541,23,23,0.039,0.0,JUNK - referral spam / bot
F_referral_spam_bot,pageReferrer,asd.gamxtasy.com,2024|07,first_visit,1,1,0,0.0,2541,23,23,0.039,0.0,JUNK - referral spam / bot
F_referral_spam_bot,pageReferrer,asd.gamxtasy.com,2024|07,page_view,1,1,0,0.0,2541,23,23,0.039,0.0,JUNK - referral spam / bot
F_referral_spam_bot,pageReferrer,asd.gamxtasy.com,2024|07,session_start,1,1,0,0.0,2541,23,23,0.039,0.0,JUNK - referral spam / bot
F_referral_spam_bot,pageReferrer,azuraen.com,2024|07,first_visit,1,1,0,0.0,2541,23,23,0.039,0.0,JUNK - referral spam / bot
F_referral_spam_bot,pageReferrer,azuraen.com,2024|07,page_view,1,1,0,0.0,2541,23,23,0.039,0.0,JUNK - referral spam / bot
F_referral_spam_bot,pageReferrer,azuraen.com,2024|07,session_start,1,1,0,0.0,2541,23,23,0.039,0.0,JUNK - referral spam / bot
F_referral_spam_bot,pageReferrer,dditeluu.com,2024|07,first_visit,1,1,0,0.0,2541,23,23,0.039,0.0,JUNK - referral spam / bot
F_referral_spam_bot,pageReferrer,dditeluu.com,2024|07,page_view,1,1,0,0.0,2541,23,23,0.039,0.0,JUNK - referral spam / bot
F_referral_spam_bot,pageReferrer,dditeluu.com,2024|07,session_start,1,1,0,0.0,2541,23,23,0.039,0.0,JUNK - referral spam / bot
F_referral_spam_bot,pageReferrer,facty.com,2024|07,first_visit,1,1,0,0.0,2541,23,23,0.039,0.0,JUNK - referral spam / bot
F_referral_spam_bot,pageReferrer,facty.com,2024|07,page_view,1,1,0,0.0,2541,23,23,0.039,0.0,JUNK - referral spam / bot
F_referral_spam_bot,pageReferrer,facty.com,2024|07,session_start,1,1,0,0.0,2541,23,23,0.039,0.0,JUNK - referral spam / bot
F_referral_spam_bot,pageReferrer,facty.com,2024|07,user_engagement,1,1,0,0.0,2541,23,23,0.039,0.0,JUNK - referral spam / bot
F_referral_spam_bot,pageReferrer,femanin.com,2024|07,page_view,1,1,0,0.0,2541,23,23,0.039,0.0,JUNK - referral spam / bot
F_referral_spam_bot,pageReferrer,femanin.com,2024|07,session_start,1,1,0,0.0,2541,23,23,0.039,0.0,JUNK - referral spam / bot
F_referral_spam_bot,pageReferrer,femanin.com,2024|07,user_engagement,1,1,0,0.0,2541,23,23,0.039,0.0,JUNK - referral spam / bot
F_referral_spam_bot,pageReferrer,mail.kvcinc.com,2024|07,first_visit,1,1,0,0.0,2541,23,23,0.039,0.0,JUNK - referral spam / bot
F_referral_spam_bot,pageReferrer,mail.kvcinc.com,2024|07,page_view,2,1,0,0.0,2541,23,23,0.079,0.0,JUNK - referral spam / bot
F_referral_spam_bot,pageReferrer,mail.kvcinc.com,2024|07,session_start,1,1,0,0.0,2541,23,23,0.039,0.0,JUNK - referral spam / bot
F_referral_spam_bot,pageReferrer,mail.kvcinc.com,2024|07,user_engagement,2,1,0,0.0,2541,23,23,0.079,0.0,JUNK - referral spam / bot
F_referral_spam_bot,pageReferrer,moneygrowthplan.com,2024|07,first_visit,1,1,0,0.0,2541,23,23,0.039,0.0,JUNK - referral spam / bot
F_referral_spam_bot,pageReferrer,moneygrowthplan.com,2024|07,page_view,1,1,0,0.0,2541,23,23,0.039,0.0,JUNK - referral spam / bot
F_referral_spam_bot,pageReferrer,moneygrowthplan.com,2024|07,session_start,1,1,0,0.0,2541,23,23,0.039,0.0,JUNK - referral spam / bot
F_referral_spam_bot,pageReferrer,new.playsouls.com,2024|07,first_visit,1,1,0,0.0,2541,23,23,0.039,0.0,JUNK - referral spam / bot
F_referral_spam_bot,pageReferrer,new.playsouls.com,2024|07,page_view,1,1,0,0.0,2541,23,23,0.039,0.0,JUNK - referral spam / bot
F_referral_spam_bot,pageReferrer,new.playsouls.com,2024|07,session_start,1,1,0,0.0,2541,23,23,0.039,0.0,JUNK - referral spam / bot
F_referral_spam_bot,pageReferrer,novainfohub.com,2024|07,first_visit,1,1,0,0.0,2541,23,23,0.039,0.0,JUNK - referral spam / bot
F_referral_spam_bot,pageReferrer,novainfohub.com,2024|07,page_view,1,1,0,0.0,2541,23,23,0.039,0.0,JUNK - referral spam / bot
F_referral_spam_bot,pageReferrer,novainfohub.com,2024|07,session_start,1,1,0,0.0,2541,23,23,0.039,0.0,JUNK - referral spam / bot
F_referral_spam_bot,pageReferrer,novainfohub.com,2024|07,user_engagement,1,1,0,0.0,2541,23,23,0.039,0.0,JUNK - referral spam / bot
F_referral_spam_bot,pageReferrer,quizzable.com,2024|07,first_visit,2,2,0,0.0,2541,23,23,0.079,0.0,JUNK - referral spam / bot
F_referral_spam_bot,pageReferrer,quizzable.com,2024|07,page_view,2,2,0,0.0,2541,23,23,0.079,0.0,JUNK - referral spam / bot
F_referral_spam_bot,pageReferrer,quizzable.com,2024|07,session_start,2,2,0,0.0,2541,23,23,0.079,0.0,JUNK - referral spam / bot
F_referral_spam_bot,pageReferrer,quizzable.com,2024|07,user_engagement,1,1,0,0.0,2541,23,23,0.039,0.0,JUNK - referral spam / bot
F_referral_spam_bot,pageReferrer,qunntestal.com,2024|07,first_visit,2,2,0,0.0,2541,23,23,0.079,0.0,JUNK - referral spam / bot
F_referral_spam_bot,pageReferrer,qunntestal.com,2024|07,page_view,2,2,0,0.0,2541,23,23,0.079,0.0,JUNK - referral spam / bot
F_referral_spam_bot,pageReferrer,qunntestal.com,2024|07,session_start,2,2,0,0.0,2541,23,23,0.079,0.0,JUNK - referral spam / bot
F_referral_spam_bot,pageReferrer,qunntestal.com,2024|07,user_engagement,1,1,0,0.0,2541,23,23,0.039,0.0,JUNK - referral spam / bot
F_referral_spam_bot,pageReferrer,shipjunction.sales.6sense.com,2024|07,first_visit,1,1,0,0.0,2541,23,23,0.039,0.0,JUNK - referral spam / bot
F_referral_spam_bot,pageReferrer,shipjunction.sales.6sense.com,2024|07,page_view,1,1,0,0.0,2541,23,23,0.039,0.0,JUNK - referral spam / bot
F_referral_spam_bot,pageReferrer,shipjunction.sales.6sense.com,2024|07,session_start,1,1,0,0.0,2541,23,23,0.039,0.0,JUNK - referral spam / bot
F_referral_spam_bot,pageReferrer,shipjunction.sales.6sense.com,2024|07,user_engagement,1,1,0,0.0,2541,23,23,0.039,0.0,JUNK - referral spam / bot
F_referral_spam_bot,pageReferrer,tonetricks.com,2024|07,first_visit,2,2,0,0.0,2541,23,23,0.079,0.0,JUNK - referral spam / bot
F_referral_spam_bot,pageReferrer,tonetricks.com,2024|07,page_view,2,2,0,0.0,2541,23,23,0.079,0.0,JUNK - referral spam / bot
F_referral_spam_bot,pageReferrer,tonetricks.com,2024|07,session_start,3,3,0,0.0,2541,23,23,0.118,0.0,JUNK - referral spam / bot
F_referral_spam_bot,pageReferrer,tonetricks.com,2024|07,user_engagement,2,2,0,0.0,2541,23,23,0.079,0.0,JUNK - referral spam / bot
F_referral_spam_bot,pageReferrer,tp.gameaggros.com,2024|07,first_visit,2,2,0,0.0,2541,23,23,0.079,0.0,JUNK - referral spam / bot
F_referral_spam_bot,pageReferrer,tp.gameaggros.com,2024|07,page_view,2,2,0,0.0,2541,23,23,0.079,0.0,JUNK - referral spam / bot
F_referral_spam_bot,pageReferrer,tp.gameaggros.com,2024|07,session_start,2,2,0,0.0,2541,23,23,0.079,0.0,JUNK - referral spam / bot
F_referral_spam_bot,pageReferrer,trends.glance.com,2024|07,first_visit,1,1,0,0.0,2541,23,23,0.039,0.0,JUNK - referral spam / bot
F_referral_spam_bot,pageReferrer,trends.glance.com,2024|07,page_view,1,1,0,0.0,2541,23,23,0.039,0.0,JUNK - referral spam / bot
F_referral_spam_bot,pageReferrer,trends.glance.com,2024|07,session_start,1,1,0,0.0,2541,23,23,0.039,0.0,JUNK - referral spam / bot
F_referral_spam_bot,pageReferrer,trunewsy.com,2024|07,first_visit,1,1,0,0.0,2541,23,23,0.039,0.0,JUNK - referral spam / bot
F_referral_spam_bot,pageReferrer,trunewsy.com,2024|07,page_view,1,1,0,0.0,2541,23,23,0.039,0.0,JUNK - referral spam / bot
F_referral_spam_bot,pageReferrer,trunewsy.com,2024|07,session_start,1,1,0,0.0,2541,23,23,0.039,0.0,JUNK - referral spam / bot
F_referral_spam_bot,pageReferrer,wakeup-world.com,2024|07,first_visit,1,1,0,0.0,2541,23,23,0.039,0.0,JUNK - referral spam / bot
F_referral_spam_bot,pageReferrer,wakeup-world.com,2024|07,page_view,1,1,0,0.0,2541,23,23,0.039,0.0,JUNK - referral spam / bot
F_referral_spam_bot,pageReferrer,wakeup-world.com,2024|07,session_start,1,1,0,0.0,2541,23,23,0.039,0.0,JUNK - referral spam / bot
F_referral_spam_bot,pageReferrer,wakeup-world.com,2024|07,user_engagement,1,1,0,0.0,2541,23,23,0.039,0.0,JUNK - referral spam / bot
F_referral_spam_bot,pageReferrer,www.businesstrip.site,2024|07,page_view,5,2,0,0.0,2541,23,23,0.197,0.0,JUNK - referral spam / bot
F_referral_spam_bot,pageReferrer,www.businesstrip.site,2024|07,session_start,2,2,0,0.0,2541,23,23,0.079,0.0,JUNK - referral spam / bot
F_referral_spam_bot,pageReferrer,www.delightnova.com,2024|07,first_visit,1,1,0,0.0,2541,23,23,0.039,0.0,JUNK - referral spam / bot
F_referral_spam_bot,pageReferrer,www.delightnova.com,2024|07,page_view,1,1,0,0.0,2541,23,23,0.039,0.0,JUNK - referral spam / bot
F_referral_spam_bot,pageReferrer,www.delightnova.com,2024|07,session_start,1,1,0,0.0,2541,23,23,0.039,0.0,JUNK - referral spam / bot
F_referral_spam_bot,pageReferrer,www.eightieskids.com,2024|07,first_visit,1,1,0,0.0,2541,23,23,0.039,0.0,JUNK - referral spam / bot
F_referral_spam_bot,pageReferrer,www.eightieskids.com,2024|07,page_view,1,1,0,0.0,2541,23,23,0.039,0.0,JUNK - referral spam / bot
F_referral_spam_bot,pageReferrer,www.eightieskids.com,2024|07,session_start,1,1,0,0.0,2541,23,23,0.039,0.0,JUNK - referral spam / bot
F_referral_spam_bot,pageReferrer,www.foxnews.com,2024|07,first_visit,1,1,0,0.0,2541,23,23,0.039,0.0,JUNK - referral spam / bot
F_referral_spam_bot,pageReferrer,www.foxnews.com,2024|07,page_view,1,1,0,0.0,2541,23,23,0.039,0.0,JUNK - referral spam / bot
F_referral_spam_bot,pageReferrer,www.foxnews.com,2024|07,session_start,1,1,0,0.0,2541,23,23,0.039,0.0,JUNK - referral spam / bot
F_referral_spam_bot,pageReferrer,www.insighttipsz.com,2024|07,first_visit,2,2,0,0.0,2541,23,23,0.079,0.0,JUNK - referral spam / bot
F_referral_spam_bot,pageReferrer,www.insighttipsz.com,2024|07,page_view,2,2,0,0.0,2541,23,23,0.079,0.0,JUNK - referral spam / bot
F_referral_spam_bot,pageReferrer,www.insighttipsz.com,2024|07,session_start,2,2,0,0.0,2541,23,23,0.079,0.0,JUNK - referral spam / bot
F_referral_spam_bot,pageReferrer,www.insighttipsz.com,2024|07,user_engagement,1,1,0,0.0,2541,23,23,0.039,0.0,JUNK - referral spam / bot
F_referral_spam_bot,pageReferrer,www.lkhe.top,2024|07,first_visit,1,1,0,0.0,2541,23,23,0.039,0.0,JUNK - referral spam / bot
F_referral_spam_bot,pageReferrer,www.lkhe.top,2024|07,page_view,1,1,0,0.0,2541,23,23,0.039,0.0,JUNK - referral spam / bot
F_referral_spam_bot,pageReferrer,www.lkhe.top,2024|07,session_start,1,1,0,0.0,2541,23,23,0.039,0.0,JUNK - referral spam / bot
F_referral_spam_bot,pageReferrer,www.novainf.com,2024|07,first_visit,1,1,0,0.0,2541,23,23,0.039,0.0,JUNK - referral spam / bot
F_referral_spam_bot,pageReferrer,www.novainf.com,2024|07,page_view,1,1,0,0.0,2541,23,23,0.039,0.0,JUNK - referral spam / bot
F_referral_spam_bot,pageReferrer,www.novainf.com,2024|07,session_start,1,1,0,0.0,2541,23,23,0.039,0.0,JUNK - referral spam / bot
F_referral_spam_bot,pageReferrer,www.novainf.com,2024|07,user_engagement,1,1,0,0.0,2541,23,23,0.039,0.0,JUNK - referral spam / bot
F_referral_spam_bot,pageReferrer,www.playdrips.com,2024|07,first_visit,1,1,0,0.0,2541,23,23,0.039,0.0,JUNK - referral spam / bot
F_referral_spam_bot,pageReferrer,www.playdrips.com,2024|07,page_view,1,1,0,0.0,2541,23,23,0.039,0.0,JUNK - referral spam / bot
F_referral_spam_bot,pageReferrer,www.playdrips.com,2024|07,session_start,1,1,0,0.0,2541,23,23,0.039,0.0,JUNK - referral spam / bot
F_referral_spam_bot,pageReferrer,www.sestarblog.shop,2024|07,first_visit,1,1,0,0.0,2541,23,23,0.039,0.0,JUNK - referral spam / bot
F_referral_spam_bot,pageReferrer,www.sestarblog.shop,2024|07,page_view,1,1,0,0.0,2541,23,23,0.039,0.0,JUNK - referral spam / bot
F_referral_spam_bot,pageReferrer,www.sestarblog.shop,2024|07,session_start,1,1,0,0.0,2541,23,23,0.039,0.0,JUNK - referral spam / bot
F_referral_spam_bot,pageReferrer,www.techinfe.com,2024|07,first_visit,1,1,0,0.0,2541,23,23,0.039,0.0,JUNK - referral spam / bot
F_referral_spam_bot,pageReferrer,www.techinfe.com,2024|07,page_view,1,1,0,0.0,2541,23,23,0.039,0.0,JUNK - referral spam / bot
F_referral_spam_bot,pageReferrer,www.techinfe.com,2024|07,scroll,1,1,0,0.0,2541,23,23,0.039,0.0,JUNK - referral spam / bot
F_referral_spam_bot,pageReferrer,www.techinfe.com,2024|07,session_start,1,1,0,0.0,2541,23,23,0.039,0.0,JUNK - referral spam / bot
F_referral_spam_bot,pageReferrer,www.techinfe.com,2024|07,user_engagement,1,1,0,0.0,2541,23,23,0.039,0.0,JUNK - referral spam / bot
F_referral_spam_bot,pageReferrer,y.techinfoy.com,2024|07,first_visit,1,1,0,0.0,2541,23,23,0.039,0.0,JUNK - referral spam / bot
F_referral_spam_bot,pageReferrer,y.techinfoy.com,2024|07,page_view,1,1,0,0.0,2541,23,23,0.039,0.0,JUNK - referral spam / bot
F_referral_spam_bot,pageReferrer,y.techinfoy.com,2024|07,session_start,1,1,0,0.0,2541,23,23,0.039,0.0,JUNK - referral spam / bot
F_referral_spam_bot,sessionSourceMedium,10000smallbusinesses.lightning.force.com / referral,2024|07,first_visit,1,1,0,0.0,2541,23,23,0.039,0.0,JUNK - referral spam / bot
F_referral_spam_bot,sessionSourceMedium,10000smallbusinesses.lightning.force.com / referral,2024|07,page_view,5,1,0,0.0,2541,23,23,0.197,0.0,JUNK - referral spam / bot
F_referral_spam_bot,sessionSourceMedium,10000smallbusinesses.lightning.force.com / referral,2024|07,session_start,1,1,0,0.0,2541,23,23,0.039,0.0,JUNK - referral spam / bot
F_referral_spam_bot,sessionSourceMedium,10000smallbusinesses.lightning.force.com / referral,2024|07,user_engagement,4,1,0,0.0,2541,23,23,0.157,0.0,JUNK - referral spam / bot
F_referral_spam_bot,sessionSourceMedium,mail.kvcinc.com / referral,2024|07,first_visit,1,1,0,0.0,2541,23,23,0.039,0.0,JUNK - referral spam / bot
F_referral_spam_bot,sessionSourceMedium,mail.kvcinc.com / referral,2024|07,meet_dr__haley,1,1,0,0.0,2541,23,23,0.039,0.0,JUNK - referral spam / bot
F_referral_spam_bot,sessionSourceMedium,mail.kvcinc.com / referral,2024|07,meet_dr__jacob,1,1,0,0.0,2541,23,23,0.039,0.0,JUNK - referral spam / bot
F_referral_spam_bot,sessionSourceMedium,mail.kvcinc.com / referral,2024|07,page_view,4,1,0,0.0,2541,23,23,0.157,0.0,JUNK - referral spam / bot
F_referral_spam_bot,sessionSourceMedium,mail.kvcinc.com / referral,2024|07,session_start,1,1,0,0.0,2541,23,23,0.039,0.0,JUNK - referral spam / bot
F_referral_spam_bot,sessionSourceMedium,mail.kvcinc.com / referral,2024|07,user_engagement,4,1,0,0.0,2541,23,23,0.157,0.0,JUNK - referral spam / bot
F_referral_spam_bot,sessionSourceMedium,sestarblog.shop / referral,2024|07,first_visit,1,1,0,0.0,2541,23,23,0.039,0.0,JUNK - referral spam / bot
F_referral_spam_bot,sessionSourceMedium,sestarblog.shop / referral,2024|07,page_view,1,1,0,0.0,2541,23,23,0.039,0.0,JUNK - referral spam / bot
F_referral_spam_bot,sessionSourceMedium,sestarblog.shop / referral,2024|07,session_start,1,1,0,0.0,2541,23,23,0.039,0.0,JUNK - referral spam / bot
F_referral_spam_bot,sessionSourceMedium,shipjunction.sales.6sense.com / referral,2024|07,first_visit,1,1,0,0.0,2541,23,23,0.039,0.0,JUNK - referral spam / bot
F_referral_spam_bot,sessionSourceMedium,shipjunction.sales.6sense.com / referral,2024|07,page_view,1,1,0,0.0,2541,23,23,0.039,0.0,JUNK - referral spam / bot
F_referral_spam_bot,sessionSourceMedium,shipjunction.sales.6sense.com / referral,2024|07,session_start,1,1,0,0.0,2541,23,23,0.039,0.0,JUNK - referral spam / bot
F_referral_spam_bot,sessionSourceMedium,shipjunction.sales.6sense.com / referral,2024|07,user_engagement,1,1,0,0.0,2541,23,23,0.039,0.0,JUNK - referral spam / bot
F_referral_spam_bot,pageReferrer,remedydaily.com,2024|08,first_visit,1,1,0,0.0,1939,10,10,0.052,0.0,JUNK - referral spam / bot
F_referral_spam_bot,pageReferrer,remedydaily.com,2024|08,page_view,1,1,0,0.0,1939,10,10,0.052,0.0,JUNK - referral spam / bot
F_referral_spam_bot,pageReferrer,remedydaily.com,2024|08,session_start,1,1,0,0.0,1939,10,10,0.052,0.0,JUNK - referral spam / bot
F_referral_spam_bot,pageReferrer,remedydaily.com,2024|08,user_engagement,1,1,0,0.0,1939,10,10,0.052,0.0,JUNK - referral spam / bot
F_referral_spam_bot,pageReferrer,www.bbb.org,2024|08,first_visit,1,1,0,0.0,1939,10,10,0.052,0.0,JUNK - referral spam / bot
F_referral_spam_bot,pageReferrer,www.bbb.org,2024|08,page_view,1,1,0,0.0,1939,10,10,0.052,0.0,JUNK - referral spam / bot
F_referral_spam_bot,pageReferrer,www.bbb.org,2024|08,session_start,1,1,0,0.0,1939,10,10,0.052,0.0,JUNK - referral spam / bot
F_referral_spam_bot,sessionSourceMedium,bbb.org / referral,2024|08,first_visit,1,1,0,0.0,1939,10,10,0.052,0.0,JUNK - referral spam / bot
F_referral_spam_bot,sessionSourceMedium,bbb.org / referral,2024|08,page_view,1,1,0,0.0,1939,10,10,0.052,0.0,JUNK - referral spam / bot
F_referral_spam_bot,sessionSourceMedium,bbb.org / referral,2024|08,session_start,1,1,0,0.0,1939,10,10,0.052,0.0,JUNK - referral spam / bot
F_referral_spam_bot,pageReferrer,appdorkar.com,2024|09,first_visit,1,1,0,0.0,3690,15,15,0.027,0.0,JUNK - referral spam / bot
F_referral_spam_bot,pageReferrer,appdorkar.com,2024|09,page_view,1,1,0,0.0,3690,15,15,0.027,0.0,JUNK - referral spam / bot
F_referral_spam_bot,pageReferrer,appdorkar.com,2024|09,session_start,1,1,0,0.0,3690,15,15,0.027,0.0,JUNK - referral spam / bot
F_referral_spam_bot,pageReferrer,appdorkar.com,2024|09,user_engagement,1,1,0,0.0,3690,15,15,0.027,0.0,JUNK - referral spam / bot
F_referral_spam_bot,pageReferrer,beyondexceed.com,2024|09,first_visit,1,1,0,0.0,3690,15,15,0.027,0.0,JUNK - referral spam / bot
F_referral_spam_bot,pageReferrer,beyondexceed.com,2024|09,page_view,1,1,0,0.0,3690,15,15,0.027,0.0,JUNK - referral spam / bot
F_referral_spam_bot,pageReferrer,beyondexceed.com,2024|09,session_start,1,1,0,0.0,3690,15,15,0.027,0.0,JUNK - referral spam / bot
F_referral_spam_bot,pageReferrer,blog.wrgames.online,2024|09,first_visit,1,1,0,0.0,3690,15,15,0.027,0.0,JUNK - referral spam / bot
F_referral_spam_bot,pageReferrer,blog.wrgames.online,2024|09,page_view,1,1,0,0.0,3690,15,15,0.027,0.0,JUNK - referral spam / bot
F_referral_spam_bot,pageReferrer,blog.wrgames.online,2024|09,session_start,1,1,0,0.0,3690,15,15,0.027,0.0,JUNK - referral spam / bot
F_referral_spam_bot,pageReferrer,blog.wrgames.online,2024|09,user_engagement,1,1,0,0.0,3690,15,15,0.027,0.0,JUNK - referral spam / bot
F_referral_spam_bot,pageReferrer,buymoree.com,2024|09,first_visit,1,1,0,0.0,3690,15,15,0.027,0.0,JUNK - referral spam / bot
F_referral_spam_bot,pageReferrer,buymoree.com,2024|09,page_view,1,1,0,0.0,3690,15,15,0.027,0.0,JUNK - referral spam / bot
F_referral_spam_bot,pageReferrer,buymoree.com,2024|09,session_start,1,1,0,0.0,3690,15,15,0.027,0.0,JUNK - referral spam / bot
F_referral_spam_bot,pageReferrer,dida.bravoguy.com,2024|09,first_visit,2,2,0,0.0,3690,15,15,0.054,0.0,JUNK - referral spam / bot
F_referral_spam_bot,pageReferrer,dida.bravoguy.com,2024|09,page_view,2,2,0,0.0,3690,15,15,0.054,0.0,JUNK - referral spam / bot
F_referral_spam_bot,pageReferrer,dida.bravoguy.com,2024|09,session_start,2,2,0,0.0,3690,15,15,0.054,0.0,JUNK - referral spam / bot
F_referral_spam_bot,pageReferrer,eco.bravoguy.com,2024|09,first_visit,1,1,0,0.0,3690,15,15,0.027,0.0,JUNK - referral spam / bot
F_referral_spam_bot,pageReferrer,eco.bravoguy.com,2024|09,page_view,1,1,0,0.0,3690,15,15,0.027,0.0,JUNK - referral spam / bot
F_referral_spam_bot,pageReferrer,eco.bravoguy.com,2024|09,session_start,1,1,0,0.0,3690,15,15,0.027,0.0,JUNK - referral spam / bot
F_referral_spam_bot,pageReferrer,facty.com,2024|09,first_visit,1,1,0,0.0,3690,15,15,0.027,0.0,JUNK - referral spam / bot
F_referral_spam_bot,pageReferrer,facty.com,2024|09,page_view,1,1,0,0.0,3690,15,15,0.027,0.0,JUNK - referral spam / bot
F_referral_spam_bot,pageReferrer,facty.com,2024|09,session_start,1,1,0,0.0,3690,15,15,0.027,0.0,JUNK - referral spam / bot
F_referral_spam_bot,pageReferrer,facty.com,2024|09,user_engagement,1,1,0,0.0,3690,15,15,0.027,0.0,JUNK - referral spam / bot
F_referral_spam_bot,pageReferrer,grizly.com,2024|09,first_visit,1,1,0,0.0,3690,15,15,0.027,0.0,JUNK - referral spam / bot
F_referral_spam_bot,pageReferrer,grizly.com,2024|09,page_view,1,1,0,0.0,3690,15,15,0.027,0.0,JUNK - referral spam / bot
F_referral_spam_bot,pageReferrer,grizly.com,2024|09,session_start,1,1,0,0.0,3690,15,15,0.027,0.0,JUNK - referral spam / bot
F_referral_spam_bot,pageReferrer,healthlawyers.otctablets.com,2024|09,first_visit,4,4,0,0.0,3690,15,15,0.108,0.0,JUNK - referral spam / bot
F_referral_spam_bot,pageReferrer,healthlawyers.otctablets.com,2024|09,page_view,4,4,0,0.0,3690,15,15,0.108,0.0,JUNK - referral spam / bot
F_referral_spam_bot,pageReferrer,healthlawyers.otctablets.com,2024|09,session_start,4,4,0,0.0,3690,15,15,0.108,0.0,JUNK - referral spam / bot
F_referral_spam_bot,pageReferrer,healthlawyers.otctablets.com,2024|09,user_engagement,1,1,0,0.0,3690,15,15,0.027,0.0,JUNK - referral spam / bot
F_referral_spam_bot,pageReferrer,healthute.com,2024|09,first_visit,1,1,0,0.0,3690,15,15,0.027,0.0,JUNK - referral spam / bot
F_referral_spam_bot,pageReferrer,healthute.com,2024|09,page_view,1,1,0,0.0,3690,15,15,0.027,0.0,JUNK - referral spam / bot
F_referral_spam_bot,pageReferrer,healthute.com,2024|09,scroll,1,1,0,0.0,3690,15,15,0.027,0.0,JUNK - referral spam / bot
F_referral_spam_bot,pageReferrer,healthute.com,2024|09,session_start,1,1,0,0.0,3690,15,15,0.027,0.0,JUNK - referral spam / bot
F_referral_spam_bot,pageReferrer,healthute.com,2024|09,user_engagement,1,1,0,0.0,3690,15,15,0.027,0.0,JUNK - referral spam / bot
F_referral_spam_bot,pageReferrer,homehacks.co,2024|09,first_visit,2,2,0,0.0,3690,15,15,0.054,0.0,JUNK - referral spam / bot
F_referral_spam_bot,pageReferrer,homehacks.co,2024|09,page_view,2,2,0,0.0,3690,15,15,0.054,0.0,JUNK - referral spam / bot
F_referral_spam_bot,pageReferrer,homehacks.co,2024|09,session_start,2,2,0,0.0,3690,15,15,0.054,0.0,JUNK - referral spam / bot
F_referral_spam_bot,pageReferrer,homehacks.co,2024|09,user_engagement,2,2,0,0.0,3690,15,15,0.054,0.0,JUNK - referral spam / bot
F_referral_spam_bot,pageReferrer,info.sfmkinfo.com,2024|09,first_visit,1,1,0,0.0,3690,15,15,0.027,0.0,JUNK - referral spam / bot
F_referral_spam_bot,pageReferrer,info.sfmkinfo.com,2024|09,page_view,1,1,0,0.0,3690,15,15,0.027,0.0,JUNK - referral spam / bot
F_referral_spam_bot,pageReferrer,info.sfmkinfo.com,2024|09,session_start,1,1,0,0.0,3690,15,15,0.027,0.0,JUNK - referral spam / bot
F_referral_spam_bot,pageReferrer,info.sfmkinfo.com,2024|09,user_engagement,1,1,0,0.0,3690,15,15,0.027,0.0,JUNK - referral spam / bot
F_referral_spam_bot,pageReferrer,news.gamebayou.com,2024|09,first_visit,1,1,0,0.0,3690,15,15,0.027,0.0,JUNK - referral spam / bot
F_referral_spam_bot,pageReferrer,news.gamebayou.com,2024|09,page_view,1,1,0,0.0,3690,15,15,0.027,0.0,JUNK - referral spam / bot
F_referral_spam_bot,pageReferrer,news.gamebayou.com,2024|09,session_start,1,1,0,0.0,3690,15,15,0.027,0.0,JUNK - referral spam / bot
F_referral_spam_bot,pageReferrer,nosgiatal.com,2024|09,first_visit,2,2,0,0.0,3690,15,15,0.054,0.0,JUNK - referral spam / bot
F_referral_spam_bot,pageReferrer,nosgiatal.com,2024|09,page_view,3,2,0,0.0,3690,15,15,0.081,0.0,JUNK - referral spam / bot
F_referral_spam_bot,pageReferrer,nosgiatal.com,2024|09,session_start,3,3,0,0.0,3690,15,15,0.081,0.0,JUNK - referral spam / bot
F_referral_spam_bot,pageReferrer,nosgiatal.com,2024|09,user_engagement,1,1,0,0.0,3690,15,15,0.027,0.0,JUNK - referral spam / bot
F_referral_spam_bot,pageReferrer,novagamenook.com,2024|09,first_visit,1,1,0,0.0,3690,15,15,0.027,0.0,JUNK - referral spam / bot
F_referral_spam_bot,pageReferrer,novagamenook.com,2024|09,page_view,1,1,0,0.0,3690,15,15,0.027,0.0,JUNK - referral spam / bot
F_referral_spam_bot,pageReferrer,novagamenook.com,2024|09,session_start,1,1,0,0.0,3690,15,15,0.027,0.0,JUNK - referral spam / bot
F_referral_spam_bot,pageReferrer,qwe.gamxtasy.com,2024|09,first_visit,1,1,0,0.0,3690,15,15,0.027,0.0,JUNK - referral spam / bot
F_referral_spam_bot,pageReferrer,qwe.gamxtasy.com,2024|09,page_view,1,1,0,0.0,3690,15,15,0.027,0.0,JUNK - referral spam / bot
F_referral_spam_bot,pageReferrer,qwe.gamxtasy.com,2024|09,session_start,1,1,0,0.0,3690,15,15,0.027,0.0,JUNK - referral spam / bot
F_referral_spam_bot,pageReferrer,searchispace.com,2024|09,first_visit,1,1,0,0.0,3690,15,15,0.027,0.0,JUNK - referral spam / bot
F_referral_spam_bot,pageReferrer,searchispace.com,2024|09,page_view,1,1,0,0.0,3690,15,15,0.027,0.0,JUNK - referral spam / bot
F_referral_spam_bot,pageReferrer,searchispace.com,2024|09,session_start,1,1,0,0.0,3690,15,15,0.027,0.0,JUNK - referral spam / bot
F_referral_spam_bot,pageReferrer,searchispace.com,2024|09,user_engagement,1,1,0,0.0,3690,15,15,0.027,0.0,JUNK - referral spam / bot
F_referral_spam_bot,pageReferrer,star.gamesfuny.com,2024|09,first_visit,1,1,0,0.0,3690,15,15,0.027,0.0,JUNK - referral spam / bot
F_referral_spam_bot,pageReferrer,star.gamesfuny.com,2024|09,page_view,1,1,0,0.0,3690,15,15,0.027,0.0,JUNK - referral spam / bot
F_referral_spam_bot,pageReferrer,star.gamesfuny.com,2024|09,session_start,1,1,0,0.0,3690,15,15,0.027,0.0,JUNK - referral spam / bot
F_referral_spam_bot,pageReferrer,starterfresh.com,2024|09,first_visit,2,2,0,0.0,3690,15,15,0.054,0.0,JUNK - referral spam / bot
F_referral_spam_bot,pageReferrer,starterfresh.com,2024|09,page_view,2,2,0,0.0,3690,15,15,0.054,0.0,JUNK - referral spam / bot
F_referral_spam_bot,pageReferrer,starterfresh.com,2024|09,session_start,2,2,0,0.0,3690,15,15,0.054,0.0,JUNK - referral spam / bot
F_referral_spam_bot,pageReferrer,tiphero.com,2024|09,first_visit,1,1,0,0.0,3690,15,15,0.027,0.0,JUNK - referral spam / bot
F_referral_spam_bot,pageReferrer,tiphero.com,2024|09,page_view,1,1,0,0.0,3690,15,15,0.027,0.0,JUNK - referral spam / bot
F_referral_spam_bot,pageReferrer,tiphero.com,2024|09,session_start,1,1,0,0.0,3690,15,15,0.027,0.0,JUNK - referral spam / bot
F_referral_spam_bot,pageReferrer,turkeyrab.com,2024|09,first_visit,1,1,0,0.0,3690,15,15,0.027,0.0,JUNK - referral spam / bot
F_referral_spam_bot,pageReferrer,turkeyrab.com,2024|09,page_view,1,1,0,0.0,3690,15,15,0.027,0.0,JUNK - referral spam / bot
F_referral_spam_bot,pageReferrer,turkeyrab.com,2024|09,session_start,1,1,0,0.0,3690,15,15,0.027,0.0,JUNK - referral spam / bot
F_referral_spam_bot,pageReferrer,wellconnectedtwincities.com,2024|09,first_visit,1,1,0,0.0,3690,15,15,0.027,0.0,JUNK - referral spam / bot
F_referral_spam_bot,pageReferrer,wellconnectedtwincities.com,2024|09,page_view,1,1,0,0.0,3690,15,15,0.027,0.0,JUNK - referral spam / bot
F_referral_spam_bot,pageReferrer,wellconnectedtwincities.com,2024|09,session_start,1,1,0,0.0,3690,15,15,0.027,0.0,JUNK - referral spam / bot
F_referral_spam_bot,pageReferrer,wellconnectedtwincities.com,2024|09,user_engagement,1,1,0,0.0,3690,15,15,0.027,0.0,JUNK - referral spam / bot
F_referral_spam_bot,pageReferrer,worldlifestyle.com,2024|09,first_visit,1,1,0,0.0,3690,15,15,0.027,0.0,JUNK - referral spam / bot
F_referral_spam_bot,pageReferrer,worldlifestyle.com,2024|09,page_view,1,1,0,0.0,3690,15,15,0.027,0.0,JUNK - referral spam / bot
F_referral_spam_bot,pageReferrer,worldlifestyle.com,2024|09,session_start,1,1,0,0.0,3690,15,15,0.027,0.0,JUNK - referral spam / bot
F_referral_spam_bot,pageReferrer,www.brightinfoz.com,2024|09,first_visit,1,1,0,0.0,3690,15,15,0.027,0.0,JUNK - referral spam / bot
F_referral_spam_bot,pageReferrer,www.brightinfoz.com,2024|09,page_view,1,1,0,0.0,3690,15,15,0.027,0.0,JUNK - referral spam / bot
F_referral_spam_bot,pageReferrer,www.brightinfoz.com,2024|09,session_start,1,1,0,0.0,3690,15,15,0.027,0.0,JUNK - referral spam / bot
F_referral_spam_bot,pageReferrer,www.brightinfoz.com,2024|09,user_engagement,1,1,0,0.0,3690,15,15,0.027,0.0,JUNK - referral spam / bot
F_referral_spam_bot,pageReferrer,www.inc.com,2024|09,first_visit,1,1,0,0.0,3690,15,15,0.027,0.0,JUNK - referral spam / bot
F_referral_spam_bot,pageReferrer,www.inc.com,2024|09,page_view,1,1,0,0.0,3690,15,15,0.027,0.0,JUNK - referral spam / bot
F_referral_spam_bot,pageReferrer,www.inc.com,2024|09,session_start,1,1,0,0.0,3690,15,15,0.027,0.0,JUNK - referral spam / bot
F_referral_spam_bot,pageReferrer,www.insightinfox.com,2024|09,first_visit,1,1,0,0.0,3690,15,15,0.027,0.0,JUNK - referral spam / bot
F_referral_spam_bot,pageReferrer,www.insightinfox.com,2024|09,page_view,1,1,0,0.0,3690,15,15,0.027,0.0,JUNK - referral spam / bot
F_referral_spam_bot,pageReferrer,www.insightinfox.com,2024|09,session_start,1,1,0,0.0,3690,15,15,0.027,0.0,JUNK - referral spam / bot
F_referral_spam_bot,pageReferrer,www.insighttipsz.com,2024|09,first_visit,1,1,0,0.0,3690,15,15,0.027,0.0,JUNK - referral spam / bot
F_referral_spam_bot,pageReferrer,www.insighttipsz.com,2024|09,page_view,1,1,0,0.0,3690,15,15,0.027,0.0,JUNK - referral spam / bot
F_referral_spam_bot,pageReferrer,www.insighttipsz.com,2024|09,session_start,1,1,0,0.0,3690,15,15,0.027,0.0,JUNK - referral spam / bot
F_referral_spam_bot,pageReferrer,www.pixifynews.com,2024|09,first_visit,5,5,0,0.0,3690,15,15,0.136,0.0,JUNK - referral spam / bot
F_referral_spam_bot,pageReferrer,www.pixifynews.com,2024|09,page_view,5,5,0,0.0,3690,15,15,0.136,0.0,JUNK - referral spam / bot
F_referral_spam_bot,pageReferrer,www.pixifynews.com,2024|09,session_start,5,5,0,0.0,3690,15,15,0.136,0.0,JUNK - referral spam / bot
F_referral_spam_bot,pageReferrer,www.socoupon.com,2024|09,first_visit,2,2,0,0.0,3690,15,15,0.054,0.0,JUNK - referral spam / bot
F_referral_spam_bot,pageReferrer,www.socoupon.com,2024|09,page_view,2,2,0,0.0,3690,15,15,0.054,0.0,JUNK - referral spam / bot
F_referral_spam_bot,pageReferrer,www.socoupon.com,2024|09,session_start,2,2,0,0.0,3690,15,15,0.054,0.0,JUNK - referral spam / bot
F_referral_spam_bot,pageReferrer,www.socoupon.com,2024|09,user_engagement,1,1,0,0.0,3690,15,15,0.027,0.0,JUNK - referral spam / bot
F_referral_spam_bot,pageReferrer,www.tips-and-tricks.co,2024|09,first_visit,1,1,0,0.0,3690,15,15,0.027,0.0,JUNK - referral spam / bot
F_referral_spam_bot,pageReferrer,www.tips-and-tricks.co,2024|09,page_view,1,1,0,0.0,3690,15,15,0.027,0.0,JUNK - referral spam / bot
F_referral_spam_bot,pageReferrer,www.tips-and-tricks.co,2024|09,session_start,1,1,0,0.0,3690,15,15,0.027,0.0,JUNK - referral spam / bot
F_referral_spam_bot,pageReferrer,www.tips-and-tricks.co,2024|09,user_engagement,1,1,0,0.0,3690,15,15,0.027,0.0,JUNK - referral spam / bot
F_referral_spam_bot,pageReferrer,www.triviatip.com,2024|09,first_visit,1,1,0,0.0,3690,15,15,0.027,0.0,JUNK - referral spam / bot
F_referral_spam_bot,pageReferrer,www.triviatip.com,2024|09,page_view,1,1,0,0.0,3690,15,15,0.027,0.0,JUNK - referral spam / bot
F_referral_spam_bot,pageReferrer,www.triviatip.com,2024|09,session_start,1,1,0,0.0,3690,15,15,0.027,0.0,JUNK - referral spam / bot
F_referral_spam_bot,pageReferrer,www.vividinfoy.com,2024|09,first_visit,1,1,0,0.0,3690,15,15,0.027,0.0,JUNK - referral spam / bot
F_referral_spam_bot,pageReferrer,www.vividinfoy.com,2024|09,page_view,1,1,0,0.0,3690,15,15,0.027,0.0,JUNK - referral spam / bot
F_referral_spam_bot,pageReferrer,www.vividinfoy.com,2024|09,session_start,1,1,0,0.0,3690,15,15,0.027,0.0,JUNK - referral spam / bot
F_referral_spam_bot,sessionSourceMedium,wellconnectedtwincities.com / referral,2024|09,first_visit,1,1,0,0.0,3690,15,15,0.027,0.0,JUNK - referral spam / bot
F_referral_spam_bot,sessionSourceMedium,wellconnectedtwincities.com / referral,2024|09,meet_dr__haley,1,1,0,0.0,3690,15,15,0.027,0.0,JUNK - referral spam / bot
F_referral_spam_bot,sessionSourceMedium,wellconnectedtwincities.com / referral,2024|09,page_view,3,1,0,0.0,3690,15,15,0.081,0.0,JUNK - referral spam / bot
F_referral_spam_bot,sessionSourceMedium,wellconnectedtwincities.com / referral,2024|09,scroll,1,1,0,0.0,3690,15,15,0.027,0.0,JUNK - referral spam / bot
F_referral_spam_bot,sessionSourceMedium,wellconnectedtwincities.com / referral,2024|09,session_start,1,1,0,0.0,3690,15,15,0.027,0.0,JUNK - referral spam / bot
F_referral_spam_bot,sessionSourceMedium,wellconnectedtwincities.com / referral,2024|09,user_engagement,3,1,0,0.0,3690,15,15,0.081,0.0,JUNK - referral spam / bot
F_referral_spam_bot,pageReferrer,facty.com,2024|10,first_visit,2,2,0,0.0,3930,21,21,0.051,0.0,JUNK - referral spam / bot
F_referral_spam_bot,pageReferrer,facty.com,2024|10,page_view,2,2,0,0.0,3930,21,21,0.051,0.0,JUNK - referral spam / bot
F_referral_spam_bot,pageReferrer,facty.com,2024|10,session_start,2,2,0,0.0,3930,21,21,0.051,0.0,JUNK - referral spam / bot
F_referral_spam_bot,pageReferrer,femanin.com,2024|10,first_visit,2,2,0,0.0,3930,21,21,0.051,0.0,JUNK - referral spam / bot
F_referral_spam_bot,pageReferrer,femanin.com,2024|10,page_view,2,2,0,0.0,3930,21,21,0.051,0.0,JUNK - referral spam / bot
F_referral_spam_bot,pageReferrer,femanin.com,2024|10,session_start,2,2,0,0.0,3930,21,21,0.051,0.0,JUNK - referral spam / bot
F_referral_spam_bot,pageReferrer,femanin.com,2024|10,user_engagement,1,1,0,0.0,3930,21,21,0.025,0.0,JUNK - referral spam / bot
F_referral_spam_bot,pageReferrer,finanzeniq.com,2024|10,first_visit,1,1,0,0.0,3930,21,21,0.025,0.0,JUNK - referral spam / bot
F_referral_spam_bot,pageReferrer,finanzeniq.com,2024|10,page_view,1,1,0,0.0,3930,21,21,0.025,0.0,JUNK - referral spam / bot
F_referral_spam_bot,pageReferrer,finanzeniq.com,2024|10,session_start,1,1,0,0.0,3930,21,21,0.025,0.0,JUNK - referral spam / bot
F_referral_spam_bot,pageReferrer,finanzeniq.com,2024|10,user_engagement,1,1,0,0.0,3930,21,21,0.025,0.0,JUNK - referral spam / bot
F_referral_spam_bot,pageReferrer,halftimetv.com,2024|10,first_visit,1,1,0,0.0,3930,21,21,0.025,0.0,JUNK - referral spam / bot
F_referral_spam_bot,pageReferrer,halftimetv.com,2024|10,page_view,1,1,0,0.0,3930,21,21,0.025,0.0,JUNK - referral spam / bot
F_referral_spam_bot,pageReferrer,halftimetv.com,2024|10,session_start,1,1,0,0.0,3930,21,21,0.025,0.0,JUNK - referral spam / bot
F_referral_spam_bot,pageReferrer,healthlawyersnow.inftaran.info,2024|10,first_visit,1,1,0,0.0,3930,21,21,0.025,0.0,JUNK - referral spam / bot
F_referral_spam_bot,pageReferrer,healthlawyersnow.inftaran.info,2024|10,page_view,1,1,0,0.0,3930,21,21,0.025,0.0,JUNK - referral spam / bot
F_referral_spam_bot,pageReferrer,healthlawyersnow.inftaran.info,2024|10,session_start,1,1,0,0.0,3930,21,21,0.025,0.0,JUNK - referral spam / bot
F_referral_spam_bot,pageReferrer,healthute.com,2024|10,first_visit,1,1,0,0.0,3930,21,21,0.025,0.0,JUNK - referral spam / bot
F_referral_spam_bot,pageReferrer,healthute.com,2024|10,page_view,1,1,0,0.0,3930,21,21,0.025,0.0,JUNK - referral spam / bot
F_referral_spam_bot,pageReferrer,healthute.com,2024|10,session_start,1,1,0,0.0,3930,21,21,0.025,0.0,JUNK - referral spam / bot
F_referral_spam_bot,pageReferrer,healthute.com,2024|10,user_engagement,1,1,0,0.0,3930,21,21,0.025,0.0,JUNK - referral spam / bot
F_referral_spam_bot,pageReferrer,homehacks.co,2024|10,first_visit,1,1,0,0.0,3930,21,21,0.025,0.0,JUNK - referral spam / bot
F_referral_spam_bot,pageReferrer,homehacks.co,2024|10,page_view,1,1,0,0.0,3930,21,21,0.025,0.0,JUNK - referral spam / bot
F_referral_spam_bot,pageReferrer,homehacks.co,2024|10,session_start,1,1,0,0.0,3930,21,21,0.025,0.0,JUNK - referral spam / bot
F_referral_spam_bot,pageReferrer,homehacks.co,2024|10,user_engagement,1,1,0,0.0,3930,21,21,0.025,0.0,JUNK - referral spam / bot
F_referral_spam_bot,pageReferrer,icandemi.com,2024|10,first_visit,2,2,0,0.0,3930,21,21,0.051,0.0,JUNK - referral spam / bot
F_referral_spam_bot,pageReferrer,icandemi.com,2024|10,page_view,2,2,0,0.0,3930,21,21,0.051,0.0,JUNK - referral spam / bot
F_referral_spam_bot,pageReferrer,icandemi.com,2024|10,session_start,2,2,0,0.0,3930,21,21,0.051,0.0,JUNK - referral spam / bot
F_referral_spam_bot,pageReferrer,kstp.com,2024|10,first_visit,1,1,0,0.0,3930,21,21,0.025,0.0,JUNK - referral spam / bot
F_referral_spam_bot,pageReferrer,kstp.com,2024|10,page_view,1,1,0,0.0,3930,21,21,0.025,0.0,JUNK - referral spam / bot
F_referral_spam_bot,pageReferrer,kstp.com,2024|10,session_start,1,1,0,0.0,3930,21,21,0.025,0.0,JUNK - referral spam / bot
F_referral_spam_bot,pageReferrer,kstp.com,2024|10,user_engagement,1,1,0,0.0,3930,21,21,0.025,0.0,JUNK - referral spam / bot
F_referral_spam_bot,pageReferrer,limonadapp.com,2024|10,first_visit,1,1,0,0.0,3930,21,21,0.025,0.0,JUNK - referral spam / bot
F_referral_spam_bot,pageReferrer,limonadapp.com,2024|10,page_view,1,1,0,0.0,3930,21,21,0.025,0.0,JUNK - referral spam / bot
F_referral_spam_bot,pageReferrer,limonadapp.com,2024|10,session_start,1,1,0,0.0,3930,21,21,0.025,0.0,JUNK - referral spam / bot
F_referral_spam_bot,pageReferrer,lineupfun.com,2024|10,first_visit,1,1,0,0.0,3930,21,21,0.025,0.0,JUNK - referral spam / bot
F_referral_spam_bot,pageReferrer,lineupfun.com,2024|10,page_view,1,1,0,0.0,3930,21,21,0.025,0.0,JUNK - referral spam / bot
F_referral_spam_bot,pageReferrer,lineupfun.com,2024|10,session_start,1,1,0,0.0,3930,21,21,0.025,0.0,JUNK - referral spam / bot
F_referral_spam_bot,pageReferrer,massage-7332469.world,2024|10,first_visit,1,1,0,0.0,3930,21,21,0.025,0.0,JUNK - referral spam / bot
F_referral_spam_bot,pageReferrer,massage-7332469.world,2024|10,page_view,1,1,0,0.0,3930,21,21,0.025,0.0,JUNK - referral spam / bot
F_referral_spam_bot,pageReferrer,massage-7332469.world,2024|10,session_start,1,1,0,0.0,3930,21,21,0.025,0.0,JUNK - referral spam / bot
F_referral_spam_bot,pageReferrer,medical-news.org,2024|10,first_visit,1,1,0,0.0,3930,21,21,0.025,0.0,JUNK - referral spam / bot
F_referral_spam_bot,pageReferrer,medical-news.org,2024|10,page_view,1,1,0,0.0,3930,21,21,0.025,0.0,JUNK - referral spam / bot
F_referral_spam_bot,pageReferrer,medical-news.org,2024|10,session_start,1,1,0,0.0,3930,21,21,0.025,0.0,JUNK - referral spam / bot
F_referral_spam_bot,pageReferrer,medical-news.org,2024|10,user_engagement,1,1,0,0.0,3930,21,21,0.025,0.0,JUNK - referral spam / bot
F_referral_spam_bot,pageReferrer,needtoknow.co.uk,2024|10,first_visit,1,1,0,0.0,3930,21,21,0.025,0.0,JUNK - referral spam / bot
F_referral_spam_bot,pageReferrer,needtoknow.co.uk,2024|10,page_view,1,1,0,0.0,3930,21,21,0.025,0.0,JUNK - referral spam / bot
F_referral_spam_bot,pageReferrer,needtoknow.co.uk,2024|10,session_start,1,1,0,0.0,3930,21,21,0.025,0.0,JUNK - referral spam / bot
F_referral_spam_bot,pageReferrer,news.anyselected.com,2024|10,first_visit,1,1,0,0.0,3930,21,21,0.025,0.0,JUNK - referral spam / bot
F_referral_spam_bot,pageReferrer,news.anyselected.com,2024|10,page_view,1,1,0,0.0,3930,21,21,0.025,0.0,JUNK - referral spam / bot
F_referral_spam_bot,pageReferrer,news.anyselected.com,2024|10,session_start,1,1,0,0.0,3930,21,21,0.025,0.0,JUNK - referral spam / bot
F_referral_spam_bot,pageReferrer,news1.everinfoy.com,2024|10,first_visit,1,1,0,0.0,3930,21,21,0.025,0.0,JUNK - referral spam / bot
F_referral_spam_bot,pageReferrer,news1.everinfoy.com,2024|10,page_view,1,1,0,0.0,3930,21,21,0.025,0.0,JUNK - referral spam / bot
F_referral_spam_bot,pageReferrer,news1.everinfoy.com,2024|10,session_start,1,1,0,0.0,3930,21,21,0.025,0.0,JUNK - referral spam / bot
F_referral_spam_bot,pageReferrer,news1.insightinfox.com,2024|10,first_visit,3,3,0,0.0,3930,21,21,0.076,0.0,JUNK - referral spam / bot
F_referral_spam_bot,pageReferrer,news1.insightinfox.com,2024|10,page_view,3,3,0,0.0,3930,21,21,0.076,0.0,JUNK - referral spam / bot
F_referral_spam_bot,pageReferrer,news1.insightinfox.com,2024|10,session_start,3,3,0,0.0,3930,21,21,0.076,0.0,JUNK - referral spam / bot
F_referral_spam_bot,pageReferrer,news1.novaflexa.com,2024|10,first_visit,1,1,0,0.0,3930,21,21,0.025,0.0,JUNK - referral spam / bot
F_referral_spam_bot,pageReferrer,news1.novaflexa.com,2024|10,page_view,1,1,0,0.0,3930,21,21,0.025,0.0,JUNK - referral spam / bot
F_referral_spam_bot,pageReferrer,news1.novaflexa.com,2024|10,session_start,1,1,0,0.0,3930,21,21,0.025,0.0,JUNK - referral spam / bot
F_referral_spam_bot,pageReferrer,star.gamesfuny.com,2024|10,first_visit,1,1,0,0.0,3930,21,21,0.025,0.0,JUNK - referral spam / bot
F_referral_spam_bot,pageReferrer,star.gamesfuny.com,2024|10,page_view,1,1,0,0.0,3930,21,21,0.025,0.0,JUNK - referral spam / bot
F_referral_spam_bot,pageReferrer,star.gamesfuny.com,2024|10,session_start,1,1,0,0.0,3930,21,21,0.025,0.0,JUNK - referral spam / bot
F_referral_spam_bot,pageReferrer,star.gamesfuny.com,2024|10,user_engagement,1,1,0,0.0,3930,21,21,0.025,0.0,JUNK - referral spam / bot
F_referral_spam_bot,pageReferrer,tiphero.com,2024|10,first_visit,2,2,0,0.0,3930,21,21,0.051,0.0,JUNK - referral spam / bot
F_referral_spam_bot,pageReferrer,tiphero.com,2024|10,page_view,2,2,0,0.0,3930,21,21,0.051,0.0,JUNK - referral spam / bot
F_referral_spam_bot,pageReferrer,tiphero.com,2024|10,session_start,2,2,0,0.0,3930,21,21,0.051,0.0,JUNK - referral spam / bot
F_referral_spam_bot,pageReferrer,tiphero.com,2024|10,user_engagement,2,2,0,0.0,3930,21,21,0.051,0.0,JUNK - referral spam / bot
F_referral_spam_bot,pageReferrer,trends.glance.com,2024|10,first_visit,1,1,0,0.0,3930,21,21,0.025,0.0,JUNK - referral spam / bot
F_referral_spam_bot,pageReferrer,trends.glance.com,2024|10,page_view,1,1,0,0.0,3930,21,21,0.025,0.0,JUNK - referral spam / bot
F_referral_spam_bot,pageReferrer,trends.glance.com,2024|10,session_start,1,1,0,0.0,3930,21,21,0.025,0.0,JUNK - referral spam / bot
F_referral_spam_bot,pageReferrer,trends.glance.com,2024|10,user_engagement,1,1,0,0.0,3930,21,21,0.025,0.0,JUNK - referral spam / bot
F_referral_spam_bot,pageReferrer,tvhulk.com,2024|10,first_visit,1,1,0,0.0,3930,21,21,0.025,0.0,JUNK - referral spam / bot
F_referral_spam_bot,pageReferrer,tvhulk.com,2024|10,page_view,1,1,0,0.0,3930,21,21,0.025,0.0,JUNK - referral spam / bot
F_referral_spam_bot,pageReferrer,tvhulk.com,2024|10,session_start,1,1,0,0.0,3930,21,21,0.025,0.0,JUNK - referral spam / bot
F_referral_spam_bot,pageReferrer,tvhulk.com,2024|10,user_engagement,1,1,0,0.0,3930,21,21,0.025,0.0,JUNK - referral spam / bot
F_referral_spam_bot,pageReferrer,www.ahc31.com,2024|10,first_visit,1,1,0,0.0,3930,21,21,0.025,0.0,JUNK - referral spam / bot
F_referral_spam_bot,pageReferrer,www.ahc31.com,2024|10,page_view,1,1,0,0.0,3930,21,21,0.025,0.0,JUNK - referral spam / bot
F_referral_spam_bot,pageReferrer,www.ahc31.com,2024|10,session_start,1,1,0,0.0,3930,21,21,0.025,0.0,JUNK - referral spam / bot
F_referral_spam_bot,pageReferrer,www.brightinfoz.com,2024|10,first_visit,1,1,0,0.0,3930,21,21,0.025,0.0,JUNK - referral spam / bot
F_referral_spam_bot,pageReferrer,www.brightinfoz.com,2024|10,page_view,1,1,0,0.0,3930,21,21,0.025,0.0,JUNK - referral spam / bot
F_referral_spam_bot,pageReferrer,www.brightinfoz.com,2024|10,session_start,1,1,0,0.0,3930,21,21,0.025,0.0,JUNK - referral spam / bot
F_referral_spam_bot,pageReferrer,www.everinfoy.com,2024|10,first_visit,1,1,0,0.0,3930,21,21,0.025,0.0,JUNK - referral spam / bot
F_referral_spam_bot,pageReferrer,www.everinfoy.com,2024|10,page_view,2,1,0,0.0,3930,21,21,0.051,0.0,JUNK - referral spam / bot
F_referral_spam_bot,pageReferrer,www.everinfoy.com,2024|10,session_start,1,1,0,0.0,3930,21,21,0.025,0.0,JUNK - referral spam / bot
F_referral_spam_bot,pageReferrer,www.everinfoy.com,2024|10,user_engagement,2,1,0,0.0,3930,21,21,0.051,0.0,JUNK - referral spam / bot
F_referral_spam_bot,pageReferrer,www.evernewsy.com,2024|10,first_visit,1,1,0,0.0,3930,21,21,0.025,0.0,JUNK - referral spam / bot
F_referral_spam_bot,pageReferrer,www.evernewsy.com,2024|10,page_view,1,1,0,0.0,3930,21,21,0.025,0.0,JUNK - referral spam / bot
F_referral_spam_bot,pageReferrer,www.evernewsy.com,2024|10,session_start,1,1,0,0.0,3930,21,21,0.025,0.0,JUNK - referral spam / bot
F_referral_spam_bot,pageReferrer,www.excerptstips.com,2024|10,first_visit,1,1,0,0.0,3930,21,21,0.025,0.0,JUNK - referral spam / bot
F_referral_spam_bot,pageReferrer,www.excerptstips.com,2024|10,page_view,1,1,0,0.0,3930,21,21,0.025,0.0,JUNK - referral spam / bot
F_referral_spam_bot,pageReferrer,www.excerptstips.com,2024|10,session_start,1,1,0,0.0,3930,21,21,0.025,0.0,JUNK - referral spam / bot
F_referral_spam_bot,pageReferrer,www.feiacmr.shop,2024|10,first_visit,1,1,0,0.0,3930,21,21,0.025,0.0,JUNK - referral spam / bot
F_referral_spam_bot,pageReferrer,www.feiacmr.shop,2024|10,page_view,2,1,0,0.0,3930,21,21,0.051,0.0,JUNK - referral spam / bot
F_referral_spam_bot,pageReferrer,www.feiacmr.shop,2024|10,session_start,1,1,0,0.0,3930,21,21,0.025,0.0,JUNK - referral spam / bot
F_referral_spam_bot,pageReferrer,www.fullgamey.com,2024|10,first_visit,1,1,0,0.0,3930,21,21,0.025,0.0,JUNK - referral spam / bot
F_referral_spam_bot,pageReferrer,www.fullgamey.com,2024|10,form_start,1,1,0,0.0,3930,21,21,0.025,0.0,JUNK - referral spam / bot
F_referral_spam_bot,pageReferrer,www.fullgamey.com,2024|10,page_view,1,1,0,0.0,3930,21,21,0.025,0.0,JUNK - referral spam / bot
F_referral_spam_bot,pageReferrer,www.fullgamey.com,2024|10,session_start,1,1,0,0.0,3930,21,21,0.025,0.0,JUNK - referral spam / bot
F_referral_spam_bot,pageReferrer,www.housejogger.com,2024|10,first_visit,1,1,0,0.0,3930,21,21,0.025,0.0,JUNK - referral spam / bot
F_referral_spam_bot,pageReferrer,www.housejogger.com,2024|10,page_view,1,1,0,0.0,3930,21,21,0.025,0.0,JUNK - referral spam / bot
F_referral_spam_bot,pageReferrer,www.housejogger.com,2024|10,scroll,1,1,0,0.0,3930,21,21,0.025,0.0,JUNK - referral spam / bot
F_referral_spam_bot,pageReferrer,www.housejogger.com,2024|10,session_start,1,1,0,0.0,3930,21,21,0.025,0.0,JUNK - referral spam / bot
F_referral_spam_bot,pageReferrer,www.insightinfox.com,2024|10,first_visit,3,3,0,0.0,3930,21,21,0.076,0.0,JUNK - referral spam / bot
F_referral_spam_bot,pageReferrer,www.insightinfox.com,2024|10,page_view,4,4,0,0.0,3930,21,21,0.102,0.0,JUNK - referral spam / bot
F_referral_spam_bot,pageReferrer,www.insightinfox.com,2024|10,session_start,3,3,0,0.0,3930,21,21,0.076,0.0,JUNK - referral spam / bot
F_referral_spam_bot,pageReferrer,www.neongameu.com,2024|10,first_visit,1,1,0,0.0,3930,21,21,0.025,0.0,JUNK - referral spam / bot
F_referral_spam_bot,pageReferrer,www.neongameu.com,2024|10,page_view,1,1,0,0.0,3930,21,21,0.025,0.0,JUNK - referral spam / bot
F_referral_spam_bot,pageReferrer,www.neongameu.com,2024|10,session_start,1,1,0,0.0,3930,21,21,0.025,0.0,JUNK - referral spam / bot
F_referral_spam_bot,pageReferrer,www.nexsplash.com,2024|10,first_visit,1,1,0,0.0,3930,21,21,0.025,0.0,JUNK - referral spam / bot
F_referral_spam_bot,pageReferrer,www.nexsplash.com,2024|10,page_view,1,1,0,0.0,3930,21,21,0.025,0.0,JUNK - referral spam / bot
F_referral_spam_bot,pageReferrer,www.nexsplash.com,2024|10,session_start,1,1,0,0.0,3930,21,21,0.025,0.0,JUNK - referral spam / bot
F_referral_spam_bot,pageReferrer,www.nyevoke.com,2024|10,first_visit,5,5,0,0.0,3930,21,21,0.127,0.0,JUNK - referral spam / bot
F_referral_spam_bot,pageReferrer,www.nyevoke.com,2024|10,page_view,5,5,0,0.0,3930,21,21,0.127,0.0,JUNK - referral spam / bot
F_referral_spam_bot,pageReferrer,www.nyevoke.com,2024|10,session_start,5,5,0,0.0,3930,21,21,0.127,0.0,JUNK - referral spam / bot
F_referral_spam_bot,pageReferrer,www.nyevoke.com,2024|10,user_engagement,1,1,0,0.0,3930,21,21,0.025,0.0,JUNK - referral spam / bot
F_referral_spam_bot,pageReferrer,www.panilcame.com,2024|10,first_visit,1,1,0,0.0,3930,21,21,0.025,0.0,JUNK - referral spam / bot
F_referral_spam_bot,pageReferrer,www.panilcame.com,2024|10,page_view,1,1,0,0.0,3930,21,21,0.025,0.0,JUNK - referral spam / bot
F_referral_spam_bot,pageReferrer,www.panilcame.com,2024|10,session_start,1,1,0,0.0,3930,21,21,0.025,0.0,JUNK - referral spam / bot
F_referral_spam_bot,pageReferrer,www.panilcame.com,2024|10,user_engagement,1,1,0,0.0,3930,21,21,0.025,0.0,JUNK - referral spam / bot
F_referral_spam_bot,pageReferrer,www.pixifynews.com,2024|10,first_visit,5,5,0,0.0,3930,21,21,0.127,0.0,JUNK - referral spam / bot
F_referral_spam_bot,pageReferrer,www.pixifynews.com,2024|10,page_view,5,5,0,0.0,3930,21,21,0.127,0.0,JUNK - referral spam / bot
F_referral_spam_bot,pageReferrer,www.pixifynews.com,2024|10,session_start,5,5,0,0.0,3930,21,21,0.127,0.0,JUNK - referral spam / bot
F_referral_spam_bot,pageReferrer,www.socoupon.com,2024|10,first_visit,3,3,0,0.0,3930,21,21,0.076,0.0,JUNK - referral spam / bot
F_referral_spam_bot,pageReferrer,www.socoupon.com,2024|10,page_view,8,3,0,0.0,3930,21,21,0.204,0.0,JUNK - referral spam / bot
F_referral_spam_bot,pageReferrer,www.socoupon.com,2024|10,session_start,3,3,0,0.0,3930,21,21,0.076,0.0,JUNK - referral spam / bot
F_referral_spam_bot,pageReferrer,www.socoupon.com,2024|10,user_engagement,5,2,0,0.0,3930,21,21,0.127,0.0,JUNK - referral spam / bot
F_referral_spam_bot,pageReferrer,www.triviatip.com,2024|10,first_visit,1,1,0,0.0,3930,21,21,0.025,0.0,JUNK - referral spam / bot
F_referral_spam_bot,pageReferrer,www.triviatip.com,2024|10,page_view,1,1,0,0.0,3930,21,21,0.025,0.0,JUNK - referral spam / bot
F_referral_spam_bot,pageReferrer,www.triviatip.com,2024|10,session_start,1,1,0,0.0,3930,21,21,0.025,0.0,JUNK - referral spam / bot
F_referral_spam_bot,sessionSourceMedium,feiacmr.shop / referral,2024|10,first_visit,1,1,0,0.0,3930,21,21,0.025,0.0,JUNK - referral spam / bot
F_referral_spam_bot,sessionSourceMedium,feiacmr.shop / referral,2024|10,page_view,2,1,0,0.0,3930,21,21,0.051,0.0,JUNK - referral spam / bot
F_referral_spam_bot,sessionSourceMedium,feiacmr.shop / referral,2024|10,session_start,1,1,0,0.0,3930,21,21,0.025,0.0,JUNK - referral spam / bot
F_referral_spam_bot,pageReferrer,boreddaddy.com,2024|11,first_visit,1,1,0,0.0,3781,15,12,0.026,0.0,JUNK - referral spam / bot
F_referral_spam_bot,pageReferrer,boreddaddy.com,2024|11,page_view,2,1,0,0.0,3781,15,12,0.053,0.0,JUNK - referral spam / bot
F_referral_spam_bot,pageReferrer,boreddaddy.com,2024|11,session_start,1,1,0,0.0,3781,15,12,0.026,0.0,JUNK - referral spam / bot
F_referral_spam_bot,pageReferrer,boreddaddy.com,2024|11,user_engagement,2,1,0,0.0,3781,15,12,0.053,0.0,JUNK - referral spam / bot
F_referral_spam_bot,pageReferrer,eio.lifeknowinfo.com,2024|11,first_visit,2,2,0,0.0,3781,15,12,0.053,0.0,JUNK - referral spam / bot
F_referral_spam_bot,pageReferrer,eio.lifeknowinfo.com,2024|11,page_view,2,2,0,0.0,3781,15,12,0.053,0.0,JUNK - referral spam / bot
F_referral_spam_bot,pageReferrer,eio.lifeknowinfo.com,2024|11,session_start,2,2,0,0.0,3781,15,12,0.053,0.0,JUNK - referral spam / bot
F_referral_spam_bot,pageReferrer,facty.com,2024|11,first_visit,5,5,0,0.0,3781,15,12,0.132,0.0,JUNK - referral spam / bot
F_referral_spam_bot,pageReferrer,facty.com,2024|11,page_view,8,5,0,0.0,3781,15,12,0.212,0.0,JUNK - referral spam / bot
F_referral_spam_bot,pageReferrer,facty.com,2024|11,session_start,5,5,0,0.0,3781,15,12,0.132,0.0,JUNK - referral spam / bot
F_referral_spam_bot,pageReferrer,facty.com,2024|11,user_engagement,6,5,0,0.0,3781,15,12,0.159,0.0,JUNK - referral spam / bot
F_referral_spam_bot,pageReferrer,fikfapapk.online,2024|11,first_visit,1,1,0,0.0,3781,15,12,0.026,0.0,JUNK - referral spam / bot
F_referral_spam_bot,pageReferrer,fikfapapk.online,2024|11,page_view,1,1,0,0.0,3781,15,12,0.026,0.0,JUNK - referral spam / bot
F_referral_spam_bot,pageReferrer,fikfapapk.online,2024|11,session_start,1,1,0,0.0,3781,15,12,0.026,0.0,JUNK - referral spam / bot
F_referral_spam_bot,pageReferrer,gametiming.com,2024|11,first_visit,1,1,0,0.0,3781,15,12,0.026,0.0,JUNK - referral spam / bot
F_referral_spam_bot,pageReferrer,gametiming.com,2024|11,page_view,6,3,0,0.0,3781,15,12,0.159,0.0,JUNK - referral spam / bot
F_referral_spam_bot,pageReferrer,gametiming.com,2024|11,session_start,2,2,0,0.0,3781,15,12,0.053,0.0,JUNK - referral spam / bot
F_referral_spam_bot,pageReferrer,gametiming.com,2024|11,user_engagement,1,1,0,0.0,3781,15,12,0.026,0.0,JUNK - referral spam / bot
F_referral_spam_bot,pageReferrer,healthute.com,2024|11,first_visit,1,1,0,0.0,3781,15,12,0.026,0.0,JUNK - referral spam / bot
F_referral_spam_bot,pageReferrer,healthute.com,2024|11,page_view,1,1,0,0.0,3781,15,12,0.026,0.0,JUNK - referral spam / bot
F_referral_spam_bot,pageReferrer,healthute.com,2024|11,session_start,1,1,0,0.0,3781,15,12,0.026,0.0,JUNK - referral spam / bot
F_referral_spam_bot,pageReferrer,healthute.com,2024|11,user_engagement,1,1,0,0.0,3781,15,12,0.026,0.0,JUNK - referral spam / bot
F_referral_spam_bot,pageReferrer,info.newsttikt.online,2024|11,first_visit,1,1,0,0.0,3781,15,12,0.026,0.0,JUNK - referral spam / bot
F_referral_spam_bot,pageReferrer,info.newsttikt.online,2024|11,page_view,1,1,0,0.0,3781,15,12,0.026,0.0,JUNK - referral spam / bot
F_referral_spam_bot,pageReferrer,info.newsttikt.online,2024|11,session_start,1,1,0,0.0,3781,15,12,0.026,0.0,JUNK - referral spam / bot
F_referral_spam_bot,pageReferrer,info.newsttikt.online,2024|11,user_engagement,1,1,0,0.0,3781,15,12,0.026,0.0,JUNK - referral spam / bot
F_referral_spam_bot,pageReferrer,info.ngamefi.com,2024|11,first_visit,2,2,0,0.0,3781,15,12,0.053,0.0,JUNK - referral spam / bot
F_referral_spam_bot,pageReferrer,info.ngamefi.com,2024|11,page_view,2,2,0,0.0,3781,15,12,0.053,0.0,JUNK - referral spam / bot
F_referral_spam_bot,pageReferrer,info.ngamefi.com,2024|11,session_start,2,2,0,0.0,3781,15,12,0.053,0.0,JUNK - referral spam / bot
F_referral_spam_bot,pageReferrer,info.qgamefi.com,2024|11,first_visit,1,1,0,0.0,3781,15,12,0.026,0.0,JUNK - referral spam / bot
F_referral_spam_bot,pageReferrer,info.qgamefi.com,2024|11,page_view,1,1,0,0.0,3781,15,12,0.026,0.0,JUNK - referral spam / bot
F_referral_spam_bot,pageReferrer,info.qgamefi.com,2024|11,session_start,1,1,0,0.0,3781,15,12,0.026,0.0,JUNK - referral spam / bot
F_referral_spam_bot,pageReferrer,info.rosecrossinfo.com,2024|11,first_visit,1,1,0,0.0,3781,15,12,0.026,0.0,JUNK - referral spam / bot
F_referral_spam_bot,pageReferrer,info.rosecrossinfo.com,2024|11,page_view,1,1,0,0.0,3781,15,12,0.026,0.0,JUNK - referral spam / bot
F_referral_spam_bot,pageReferrer,info.rosecrossinfo.com,2024|11,session_start,1,1,0,0.0,3781,15,12,0.026,0.0,JUNK - referral spam / bot
F_referral_spam_bot,pageReferrer,insurancetipstv.com,2024|11,first_visit,1,1,0,0.0,3781,15,12,0.026,0.0,JUNK - referral spam / bot
F_referral_spam_bot,pageReferrer,insurancetipstv.com,2024|11,page_view,1,1,0,0.0,3781,15,12,0.026,0.0,JUNK - referral spam / bot
F_referral_spam_bot,pageReferrer,insurancetipstv.com,2024|11,session_start,1,1,0,0.0,3781,15,12,0.026,0.0,JUNK - referral spam / bot
F_referral_spam_bot,pageReferrer,jobbdcareer.com,2024|11,first_visit,1,1,0,0.0,3781,15,12,0.026,0.0,JUNK - referral spam / bot
F_referral_spam_bot,pageReferrer,jobbdcareer.com,2024|11,page_view,1,1,0,0.0,3781,15,12,0.026,0.0,JUNK - referral spam / bot
F_referral_spam_bot,pageReferrer,jobbdcareer.com,2024|11,session_start,1,1,0,0.0,3781,15,12,0.026,0.0,JUNK - referral spam / bot
F_referral_spam_bot,pageReferrer,medical-news.org,2024|11,first_visit,1,1,0,0.0,3781,15,12,0.026,0.0,JUNK - referral spam / bot
F_referral_spam_bot,pageReferrer,medical-news.org,2024|11,page_view,1,1,0,0.0,3781,15,12,0.026,0.0,JUNK - referral spam / bot
F_referral_spam_bot,pageReferrer,medical-news.org,2024|11,session_start,1,1,0,0.0,3781,15,12,0.026,0.0,JUNK - referral spam / bot
F_referral_spam_bot,pageReferrer,medical-news.org,2024|11,user_engagement,1,1,0,0.0,3781,15,12,0.026,0.0,JUNK - referral spam / bot
F_referral_spam_bot,pageReferrer,motheringworld.com,2024|11,first_visit,1,1,0,0.0,3781,15,12,0.026,0.0,JUNK - referral spam / bot
F_referral_spam_bot,pageReferrer,motheringworld.com,2024|11,page_view,1,1,0,0.0,3781,15,12,0.026,0.0,JUNK - referral spam / bot
F_referral_spam_bot,pageReferrer,motheringworld.com,2024|11,session_start,1,1,0,0.0,3781,15,12,0.026,0.0,JUNK - referral spam / bot
F_referral_spam_bot,pageReferrer,news3.freshinfoo.com,2024|11,first_visit,1,1,0,0.0,3781,15,12,0.026,0.0,JUNK - referral spam / bot
F_referral_spam_bot,pageReferrer,news3.freshinfoo.com,2024|11,page_view,1,1,0,0.0,3781,15,12,0.026,0.0,JUNK - referral spam / bot
F_referral_spam_bot,pageReferrer,news3.freshinfoo.com,2024|11,session_start,1,1,0,0.0,3781,15,12,0.026,0.0,JUNK - referral spam / bot
F_referral_spam_bot,pageReferrer,s13.quantotips.com,2024|11,first_visit,1,1,0,0.0,3781,15,12,0.026,0.0,JUNK - referral spam / bot
F_referral_spam_bot,pageReferrer,s13.quantotips.com,2024|11,page_view,1,1,0,0.0,3781,15,12,0.026,0.0,JUNK - referral spam / bot
F_referral_spam_bot,pageReferrer,s13.quantotips.com,2024|11,session_start,1,1,0,0.0,3781,15,12,0.026,0.0,JUNK - referral spam / bot
F_referral_spam_bot,pageReferrer,s13.quantotips.com,2024|11,user_engagement,1,1,0,0.0,3781,15,12,0.026,0.0,JUNK - referral spam / bot
F_referral_spam_bot,pageReferrer,tonetricks.com,2024|11,first_visit,1,1,0,0.0,3781,15,12,0.026,0.0,JUNK - referral spam / bot
F_referral_spam_bot,pageReferrer,tonetricks.com,2024|11,page_view,1,1,0,0.0,3781,15,12,0.026,0.0,JUNK - referral spam / bot
F_referral_spam_bot,pageReferrer,tonetricks.com,2024|11,session_start,1,1,0,0.0,3781,15,12,0.026,0.0,JUNK - referral spam / bot
F_referral_spam_bot,pageReferrer,wellconnectedtwincities.com,2024|11,page_view,1,1,0,0.0,3781,15,12,0.026,0.0,JUNK - referral spam / bot
F_referral_spam_bot,pageReferrer,wellconnectedtwincities.com,2024|11,user_engagement,1,1,0,0.0,3781,15,12,0.026,0.0,JUNK - referral spam / bot
F_referral_spam_bot,pageReferrer,womenmdresources.com,2024|11,first_visit,1,1,0,0.0,3781,15,12,0.026,0.0,JUNK - referral spam / bot
F_referral_spam_bot,pageReferrer,womenmdresources.com,2024|11,page_view,1,1,0,0.0,3781,15,12,0.026,0.0,JUNK - referral spam / bot
F_referral_spam_bot,pageReferrer,womenmdresources.com,2024|11,session_start,1,1,0,0.0,3781,15,12,0.026,0.0,JUNK - referral spam / bot
F_referral_spam_bot,pageReferrer,womenmdresources.com,2024|11,user_engagement,1,1,0,0.0,3781,15,12,0.026,0.0,JUNK - referral spam / bot
F_referral_spam_bot,pageReferrer,wrgames.online,2024|11,first_visit,1,1,0,0.0,3781,15,12,0.026,0.0,JUNK - referral spam / bot
F_referral_spam_bot,pageReferrer,wrgames.online,2024|11,page_view,1,1,0,0.0,3781,15,12,0.026,0.0,JUNK - referral spam / bot
F_referral_spam_bot,pageReferrer,wrgames.online,2024|11,session_start,1,1,0,0.0,3781,15,12,0.026,0.0,JUNK - referral spam / bot
F_referral_spam_bot,pageReferrer,www.aimbnra.shop,2024|11,first_visit,1,1,0,0.0,3781,15,12,0.026,0.0,JUNK - referral spam / bot
F_referral_spam_bot,pageReferrer,www.aimbnra.shop,2024|11,page_view,1,1,0,0.0,3781,15,12,0.026,0.0,JUNK - referral spam / bot
F_referral_spam_bot,pageReferrer,www.aimbnra.shop,2024|11,session_start,1,1,0,0.0,3781,15,12,0.026,0.0,JUNK - referral spam / bot
F_referral_spam_bot,pageReferrer,www.clearinfu.com,2024|11,first_visit,2,2,0,0.0,3781,15,12,0.053,0.0,JUNK - referral spam / bot
F_referral_spam_bot,pageReferrer,www.clearinfu.com,2024|11,page_view,2,2,0,0.0,3781,15,12,0.053,0.0,JUNK - referral spam / bot
F_referral_spam_bot,pageReferrer,www.clearinfu.com,2024|11,session_start,2,2,0,0.0,3781,15,12,0.053,0.0,JUNK - referral spam / bot
F_referral_spam_bot,pageReferrer,www.clearinfu.com,2024|11,user_engagement,3,2,0,0.0,3781,15,12,0.079,0.0,JUNK - referral spam / bot
F_referral_spam_bot,pageReferrer,www.excerptstips.com,2024|11,first_visit,1,1,0,0.0,3781,15,12,0.026,0.0,JUNK - referral spam / bot
F_referral_spam_bot,pageReferrer,www.excerptstips.com,2024|11,page_view,1,1,0,0.0,3781,15,12,0.026,0.0,JUNK - referral spam / bot
F_referral_spam_bot,pageReferrer,www.excerptstips.com,2024|11,session_start,1,1,0,0.0,3781,15,12,0.026,0.0,JUNK - referral spam / bot
F_referral_spam_bot,pageReferrer,www.medicalnewstoday.com,2024|11,first_visit,1,1,0,0.0,3781,15,12,0.026,0.0,JUNK - referral spam / bot
F_referral_spam_bot,pageReferrer,www.medicalnewstoday.com,2024|11,page_view,1,1,0,0.0,3781,15,12,0.026,0.0,JUNK - referral spam / bot
F_referral_spam_bot,pageReferrer,www.medicalnewstoday.com,2024|11,session_start,1,1,0,0.0,3781,15,12,0.026,0.0,JUNK - referral spam / bot
F_referral_spam_bot,pageReferrer,www.moneymade.com,2024|11,first_visit,1,1,0,0.0,3781,15,12,0.026,0.0,JUNK - referral spam / bot
F_referral_spam_bot,pageReferrer,www.moneymade.com,2024|11,page_view,1,1,0,0.0,3781,15,12,0.026,0.0,JUNK - referral spam / bot
F_referral_spam_bot,pageReferrer,www.moneymade.com,2024|11,scroll,1,1,0,0.0,3781,15,12,0.026,0.0,JUNK - referral spam / bot
F_referral_spam_bot,pageReferrer,www.moneymade.com,2024|11,session_start,1,1,0,0.0,3781,15,12,0.026,0.0,JUNK - referral spam / bot
F_referral_spam_bot,pageReferrer,www.moneymade.com,2024|11,user_engagement,1,1,0,0.0,3781,15,12,0.026,0.0,JUNK - referral spam / bot
F_referral_spam_bot,pageReferrer,www.novainf.com,2024|11,first_visit,2,2,0,0.0,3781,15,12,0.053,0.0,JUNK - referral spam / bot
F_referral_spam_bot,pageReferrer,www.novainf.com,2024|11,page_view,2,2,0,0.0,3781,15,12,0.053,0.0,JUNK - referral spam / bot
F_referral_spam_bot,pageReferrer,www.novainf.com,2024|11,session_start,2,2,0,0.0,3781,15,12,0.053,0.0,JUNK - referral spam / bot
F_referral_spam_bot,pageReferrer,www.novainf.com,2024|11,user_engagement,1,1,0,0.0,3781,15,12,0.026,0.0,JUNK - referral spam / bot
F_referral_spam_bot,pageReferrer,www.techyinfe.com,2024|11,first_visit,1,1,0,0.0,3781,15,12,0.026,0.0,JUNK - referral spam / bot
F_referral_spam_bot,pageReferrer,www.techyinfe.com,2024|11,page_view,1,1,0,0.0,3781,15,12,0.026,0.0,JUNK - referral spam / bot
F_referral_spam_bot,pageReferrer,www.techyinfe.com,2024|11,session_start,1,1,0,0.0,3781,15,12,0.026,0.0,JUNK - referral spam / bot
F_referral_spam_bot,pageReferrer,www.techyinfe.com,2024|11,user_engagement,1,1,0,0.0,3781,15,12,0.026,0.0,JUNK - referral spam / bot
F_referral_spam_bot,sessionSourceMedium,aimbnra.shop / referral,2024|11,first_visit,1,1,0,0.0,3781,15,12,0.026,0.0,JUNK - referral spam / bot
F_referral_spam_bot,sessionSourceMedium,aimbnra.shop / referral,2024|11,page_view,1,1,0,0.0,3781,15,12,0.026,0.0,JUNK - referral spam / bot
F_referral_spam_bot,sessionSourceMedium,aimbnra.shop / referral,2024|11,session_start,1,1,0,0.0,3781,15,12,0.026,0.0,JUNK - referral spam / bot
F_referral_spam_bot,pageReferrer,dawnvistaflow.com,2024|12,first_visit,1,1,0,0.0,2448,25,2,0.041,0.0,JUNK - referral spam / bot
F_referral_spam_bot,pageReferrer,dawnvistaflow.com,2024|12,page_view,1,1,0,0.0,2448,25,2,0.041,0.0,JUNK - referral spam / bot
F_referral_spam_bot,pageReferrer,dawnvistaflow.com,2024|12,session_start,1,1,0,0.0,2448,25,2,0.041,0.0,JUNK - referral spam / bot
F_referral_spam_bot,pageReferrer,dawnvistaflow.com,2024|12,user_engagement,1,1,0,0.0,2448,25,2,0.041,0.0,JUNK - referral spam / bot
F_referral_spam_bot,pageReferrer,info2.hearwedio.com,2024|12,first_visit,1,1,0,0.0,2448,25,2,0.041,0.0,JUNK - referral spam / bot
F_referral_spam_bot,pageReferrer,info2.hearwedio.com,2024|12,page_view,1,1,0,0.0,2448,25,2,0.041,0.0,JUNK - referral spam / bot
F_referral_spam_bot,pageReferrer,info2.hearwedio.com,2024|12,session_start,1,1,0,0.0,2448,25,2,0.041,0.0,JUNK - referral spam / bot
F_referral_spam_bot,pageReferrer,info2.hearwedio.com,2024|12,user_engagement,1,1,0,0.0,2448,25,2,0.041,0.0,JUNK - referral spam / bot
F_referral_spam_bot,pageReferrer,kheperawellness.com,2024|12,first_visit,2,2,0,0.0,2448,25,2,0.082,0.0,JUNK - referral spam / bot
F_referral_spam_bot,pageReferrer,kheperawellness.com,2024|12,page_view,2,2,0,0.0,2448,25,2,0.082,0.0,JUNK - referral spam / bot
F_referral_spam_bot,pageReferrer,kheperawellness.com,2024|12,session_start,2,2,0,0.0,2448,25,2,0.082,0.0,JUNK - referral spam / bot
F_referral_spam_bot,pageReferrer,kheperawellness.com,2024|12,user_engagement,2,2,0,0.0,2448,25,2,0.082,0.0,JUNK - referral spam / bot
F_referral_spam_bot,pageReferrer,more-mon.com,2024|12,first_visit,1,1,0,0.0,2448,25,2,0.041,0.0,JUNK - referral spam / bot
F_referral_spam_bot,pageReferrer,more-mon.com,2024|12,page_view,1,1,0,0.0,2448,25,2,0.041,0.0,JUNK - referral spam / bot
F_referral_spam_bot,pageReferrer,more-mon.com,2024|12,session_start,1,1,0,0.0,2448,25,2,0.041,0.0,JUNK - referral spam / bot
F_referral_spam_bot,pageReferrer,more-mon.com,2024|12,user_engagement,1,1,0,0.0,2448,25,2,0.041,0.0,JUNK - referral spam / bot
F_referral_spam_bot,pageReferrer,mywikiworld.com,2024|12,first_visit,1,1,0,0.0,2448,25,2,0.041,0.0,JUNK - referral spam / bot
F_referral_spam_bot,pageReferrer,mywikiworld.com,2024|12,page_view,1,1,0,0.0,2448,25,2,0.041,0.0,JUNK - referral spam / bot
F_referral_spam_bot,pageReferrer,mywikiworld.com,2024|12,session_start,1,1,0,0.0,2448,25,2,0.041,0.0,JUNK - referral spam / bot
F_referral_spam_bot,pageReferrer,mywikiworld.com,2024|12,user_engagement,1,1,0,0.0,2448,25,2,0.041,0.0,JUNK - referral spam / bot
F_referral_spam_bot,pageReferrer,trendingvideotips.com,2024|12,page_view,1,1,0,0.0,2448,25,2,0.041,0.0,JUNK - referral spam / bot
F_referral_spam_bot,pageReferrer,trendingvideotips.com,2024|12,session_start,1,1,0,0.0,2448,25,2,0.041,0.0,JUNK - referral spam / bot
F_referral_spam_bot,pageReferrer,www.brokenlinkcheck.com,2024|12,page_view,11,1,0,0.0,2448,25,2,0.449,0.0,JUNK - referral spam / bot
F_referral_spam_bot,pageReferrer,www.clearinfu.com,2024|12,first_visit,1,1,0,0.0,2448,25,2,0.041,0.0,JUNK - referral spam / bot
F_referral_spam_bot,pageReferrer,www.clearinfu.com,2024|12,page_view,1,1,0,0.0,2448,25,2,0.041,0.0,JUNK - referral spam / bot
F_referral_spam_bot,pageReferrer,www.clearinfu.com,2024|12,session_start,1,1,0,0.0,2448,25,2,0.041,0.0,JUNK - referral spam / bot
F_referral_spam_bot,pageReferrer,www.clearinfu.com,2024|12,user_engagement,1,1,0,0.0,2448,25,2,0.041,0.0,JUNK - referral spam / bot
F_referral_spam_bot,pageReferrer,www.dakotanewsnow.com,2024|12,first_visit,1,1,0,0.0,2448,25,2,0.041,0.0,JUNK - referral spam / bot
F_referral_spam_bot,pageReferrer,www.dakotanewsnow.com,2024|12,page_view,1,1,0,0.0,2448,25,2,0.041,0.0,JUNK - referral spam / bot
F_referral_spam_bot,pageReferrer,www.dakotanewsnow.com,2024|12,session_start,1,1,0,0.0,2448,25,2,0.041,0.0,JUNK - referral spam / bot
F_referral_spam_bot,pageReferrer,www.earth.com,2024|12,first_visit,1,1,0,0.0,2448,25,2,0.041,0.0,JUNK - referral spam / bot
F_referral_spam_bot,pageReferrer,www.earth.com,2024|12,page_view,1,1,0,0.0,2448,25,2,0.041,0.0,JUNK - referral spam / bot
F_referral_spam_bot,pageReferrer,www.earth.com,2024|12,session_start,1,1,0,0.0,2448,25,2,0.041,0.0,JUNK - referral spam / bot
F_referral_spam_bot,pageReferrer,www.tabous.net,2024|12,first_visit,1,1,0,0.0,2448,25,2,0.041,0.0,JUNK - referral spam / bot
F_referral_spam_bot,pageReferrer,www.tabous.net,2024|12,page_view,1,1,0,0.0,2448,25,2,0.041,0.0,JUNK - referral spam / bot
F_referral_spam_bot,pageReferrer,www.tabous.net,2024|12,session_start,1,1,0,0.0,2448,25,2,0.041,0.0,JUNK - referral spam / bot
F_referral_spam_bot,pageReferrer,www.unilad.com,2024|12,first_visit,1,1,0,0.0,2448,25,2,0.041,0.0,JUNK - referral spam / bot
F_referral_spam_bot,pageReferrer,www.unilad.com,2024|12,page_view,1,1,0,0.0,2448,25,2,0.041,0.0,JUNK - referral spam / bot
F_referral_spam_bot,pageReferrer,www.unilad.com,2024|12,session_start,1,1,0,0.0,2448,25,2,0.041,0.0,JUNK - referral spam / bot
F_referral_spam_bot,pageReferrer,www.yellowpages.com,2024|12,first_visit,1,1,0,0.0,2448,25,2,0.041,0.0,JUNK - referral spam / bot
F_referral_spam_bot,pageReferrer,www.yellowpages.com,2024|12,page_view,1,1,0,0.0,2448,25,2,0.041,0.0,JUNK - referral spam / bot
F_referral_spam_bot,pageReferrer,www.yellowpages.com,2024|12,session_start,1,1,0,0.0,2448,25,2,0.041,0.0,JUNK - referral spam / bot
F_referral_spam_bot,pageReferrer,www.yellowpages.com,2024|12,user_engagement,1,1,0,0.0,2448,25,2,0.041,0.0,JUNK - referral spam / bot
F_referral_spam_bot,sessionSourceMedium,tabous.net / referral,2024|12,first_visit,1,1,0,0.0,2448,25,2,0.041,0.0,JUNK - referral spam / bot
F_referral_spam_bot,sessionSourceMedium,tabous.net / referral,2024|12,page_view,1,1,0,0.0,2448,25,2,0.041,0.0,JUNK - referral spam / bot
F_referral_spam_bot,sessionSourceMedium,tabous.net / referral,2024|12,session_start,1,1,0,0.0,2448,25,2,0.041,0.0,JUNK - referral spam / bot
F_referral_spam_bot,sessionSourceMedium,yellowpages.com / referral,2024|12,click,1,1,0,0.0,2448,25,2,0.041,0.0,JUNK - referral spam / bot
F_referral_spam_bot,sessionSourceMedium,yellowpages.com / referral,2024|12,first_visit,1,1,0,0.0,2448,25,2,0.041,0.0,JUNK - referral spam / bot
F_referral_spam_bot,sessionSourceMedium,yellowpages.com / referral,2024|12,generate_lead,1,1,1,0.0,2448,25,2,0.041,4.0,JUNK - referral spam / bot
F_referral_spam_bot,sessionSourceMedium,yellowpages.com / referral,2024|12,page_view,2,1,0,0.0,2448,25,2,0.082,0.0,JUNK - referral spam / bot
F_referral_spam_bot,sessionSourceMedium,yellowpages.com / referral,2024|12,scroll,1,1,0,0.0,2448,25,2,0.041,0.0,JUNK - referral spam / bot
F_referral_spam_bot,sessionSourceMedium,yellowpages.com / referral,2024|12,session_start,1,1,0,0.0,2448,25,2,0.041,0.0,JUNK - referral spam / bot
F_referral_spam_bot,sessionSourceMedium,yellowpages.com / referral,2024|12,user_engagement,1,1,0,0.0,2448,25,2,0.041,0.0,JUNK - referral spam / bot
F_referral_spam_bot,pageReferrer,dbui.databaseusa.com,2025|01,first_visit,1,1,0,0.0,2895,19,2,0.035,0.0,JUNK - referral spam / bot
F_referral_spam_bot,pageReferrer,dbui.databaseusa.com,2025|01,page_view,1,1,0,0.0,2895,19,2,0.035,0.0,JUNK - referral spam / bot
F_referral_spam_bot,pageReferrer,dbui.databaseusa.com,2025|01,session_start,1,1,0,0.0,2895,19,2,0.035,0.0,JUNK - referral spam / bot
F_referral_spam_bot,pageReferrer,dbui.databaseusa.com,2025|01,user_engagement,1,1,0,0.0,2895,19,2,0.035,0.0,JUNK - referral spam / bot
F_referral_spam_bot,pageReferrer,pakstne.com,2025|01,first_visit,3,3,0,0.0,2895,19,2,0.104,0.0,JUNK - referral spam / bot
F_referral_spam_bot,pageReferrer,pakstne.com,2025|01,page_view,3,3,0,0.0,2895,19,2,0.104,0.0,JUNK - referral spam / bot
F_referral_spam_bot,pageReferrer,pakstne.com,2025|01,session_start,3,3,0,0.0,2895,19,2,0.104,0.0,JUNK - referral spam / bot
F_referral_spam_bot,pageReferrer,pakstne.com,2025|01,user_engagement,1,1,0,0.0,2895,19,2,0.035,0.0,JUNK - referral spam / bot
F_referral_spam_bot,pageReferrer,thehill.com,2025|01,first_visit,1,1,0,0.0,2895,19,2,0.035,0.0,JUNK - referral spam / bot
F_referral_spam_bot,pageReferrer,thehill.com,2025|01,page_view,1,1,0,0.0,2895,19,2,0.035,0.0,JUNK - referral spam / bot
F_referral_spam_bot,pageReferrer,thehill.com,2025|01,session_start,1,1,0,0.0,2895,19,2,0.035,0.0,JUNK - referral spam / bot
F_referral_spam_bot,pageReferrer,www.ialgramer.shop,2025|01,first_visit,1,1,0,0.0,2895,19,2,0.035,0.0,JUNK - referral spam / bot
F_referral_spam_bot,pageReferrer,www.ialgramer.shop,2025|01,page_view,2,1,0,0.0,2895,19,2,0.069,0.0,JUNK - referral spam / bot
F_referral_spam_bot,pageReferrer,www.ialgramer.shop,2025|01,session_start,1,1,0,0.0,2895,19,2,0.035,0.0,JUNK - referral spam / bot
F_referral_spam_bot,pageReferrer,www.wecarenonprofitfoundation.org,2025|01,first_visit,1,1,0,0.0,2895,19,2,0.035,0.0,JUNK - referral spam / bot
F_referral_spam_bot,pageReferrer,www.wecarenonprofitfoundation.org,2025|01,page_view,1,1,0,0.0,2895,19,2,0.035,0.0,JUNK - referral spam / bot
F_referral_spam_bot,pageReferrer,www.wecarenonprofitfoundation.org,2025|01,session_start,1,1,0,0.0,2895,19,2,0.035,0.0,JUNK - referral spam / bot
F_referral_spam_bot,pageReferrer,www.wecarenonprofitfoundation.org,2025|01,user_engagement,1,1,0,0.0,2895,19,2,0.035,0.0,JUNK - referral spam / bot
F_referral_spam_bot,sessionSourceMedium,dbui.databaseusa.com / referral,2025|01,first_visit,1,1,0,0.0,2895,19,2,0.035,0.0,JUNK - referral spam / bot
F_referral_spam_bot,sessionSourceMedium,dbui.databaseusa.com / referral,2025|01,meet_dr__jacob,1,1,0,0.0,2895,19,2,0.035,0.0,JUNK - referral spam / bot
F_referral_spam_bot,sessionSourceMedium,dbui.databaseusa.com / referral,2025|01,page_view,2,1,0,0.0,2895,19,2,0.069,0.0,JUNK - referral spam / bot
F_referral_spam_bot,sessionSourceMedium,dbui.databaseusa.com / referral,2025|01,session_start,1,1,0,0.0,2895,19,2,0.035,0.0,JUNK - referral spam / bot
F_referral_spam_bot,sessionSourceMedium,dbui.databaseusa.com / referral,2025|01,user_engagement,2,1,0,0.0,2895,19,2,0.069,0.0,JUNK - referral spam / bot
F_referral_spam_bot,sessionSourceMedium,ialgramer.shop / referral,2025|01,first_visit,1,1,0,0.0,2895,19,2,0.035,0.0,JUNK - referral spam / bot
F_referral_spam_bot,sessionSourceMedium,ialgramer.shop / referral,2025|01,page_view,2,1,0,0.0,2895,19,2,0.069,0.0,JUNK - referral spam / bot
F_referral_spam_bot,sessionSourceMedium,ialgramer.shop / referral,2025|01,session_start,1,1,0,0.0,2895,19,2,0.035,0.0,JUNK - referral spam / bot
F_referral_spam_bot,sessionSourceMedium,wecarenonprofitfoundation.org / referral,2025|01,first_visit,1,1,0,0.0,2895,19,2,0.035,0.0,JUNK - referral spam / bot
F_referral_spam_bot,sessionSourceMedium,wecarenonprofitfoundation.org / referral,2025|01,page_view,1,1,0,0.0,2895,19,2,0.035,0.0,JUNK - referral spam / bot
F_referral_spam_bot,sessionSourceMedium,wecarenonprofitfoundation.org / referral,2025|01,session_start,1,1,0,0.0,2895,19,2,0.035,0.0,JUNK - referral spam / bot
F_referral_spam_bot,sessionSourceMedium,wecarenonprofitfoundation.org / referral,2025|01,user_engagement,1,1,0,0.0,2895,19,2,0.035,0.0,JUNK - referral spam / bot
F_referral_spam_bot,pageReferrer,bestfolkmedicine.com,2025|02,first_visit,1,1,0,0.0,2986,30,0,0.033,0.0,JUNK - referral spam / bot
F_referral_spam_bot,pageReferrer,bestfolkmedicine.com,2025|02,page_view,1,1,0,0.0,2986,30,0,0.033,0.0,JUNK - referral spam / bot
F_referral_spam_bot,pageReferrer,bestfolkmedicine.com,2025|02,session_start,1,1,0,0.0,2986,30,0,0.033,0.0,JUNK - referral spam / bot
F_referral_spam_bot,pageReferrer,blissnour.com,2025|02,first_visit,1,1,0,0.0,2986,30,0,0.033,0.0,JUNK - referral spam / bot
F_referral_spam_bot,pageReferrer,blissnour.com,2025|02,page_view,1,1,0,0.0,2986,30,0,0.033,0.0,JUNK - referral spam / bot
F_referral_spam_bot,pageReferrer,blissnour.com,2025|02,session_start,1,1,0,0.0,2986,30,0,0.033,0.0,JUNK - referral spam / bot
F_referral_spam_bot,pageReferrer,blissnour.com,2025|02,user_engagement,1,1,0,0.0,2986,30,0,0.033,0.0,JUNK - referral spam / bot
F_referral_spam_bot,pageReferrer,braveryjungle.com,2025|02,first_visit,1,1,0,0.0,2986,30,0,0.033,0.0,JUNK - referral spam / bot
F_referral_spam_bot,pageReferrer,braveryjungle.com,2025|02,page_view,1,1,0,0.0,2986,30,0,0.033,0.0,JUNK - referral spam / bot
F_referral_spam_bot,pageReferrer,braveryjungle.com,2025|02,session_start,1,1,0,0.0,2986,30,0,0.033,0.0,JUNK - referral spam / bot
F_referral_spam_bot,pageReferrer,celebritiescloud.com,2025|02,first_visit,1,1,0,0.0,2986,30,0,0.033,0.0,JUNK - referral spam / bot
F_referral_spam_bot,pageReferrer,celebritiescloud.com,2025|02,page_view,2,1,0,0.0,2986,30,0,0.067,0.0,JUNK - referral spam / bot
F_referral_spam_bot,pageReferrer,celebritiescloud.com,2025|02,session_start,1,1,0,0.0,2986,30,0,0.033,0.0,JUNK - referral spam / bot
F_referral_spam_bot,pageReferrer,foncye.com,2025|02,first_visit,1,1,0,0.0,2986,30,0,0.033,0.0,JUNK - referral spam / bot
F_referral_spam_bot,pageReferrer,foncye.com,2025|02,page_view,1,1,0,0.0,2986,30,0,0.033,0.0,JUNK - referral spam / bot
F_referral_spam_bot,pageReferrer,foncye.com,2025|02,session_start,1,1,0,0.0,2986,30,0,0.033,0.0,JUNK - referral spam / bot
F_referral_spam_bot,pageReferrer,foncye.com,2025|02,user_engagement,1,1,0,0.0,2986,30,0,0.033,0.0,JUNK - referral spam / bot
F_referral_spam_bot,pageReferrer,medicalxpress.com,2025|02,first_visit,1,1,0,0.0,2986,30,0,0.033,0.0,JUNK - referral spam / bot
F_referral_spam_bot,pageReferrer,medicalxpress.com,2025|02,page_view,1,1,0,0.0,2986,30,0,0.033,0.0,JUNK - referral spam / bot
F_referral_spam_bot,pageReferrer,medicalxpress.com,2025|02,scroll,1,1,0,0.0,2986,30,0,0.033,0.0,JUNK - referral spam / bot
F_referral_spam_bot,pageReferrer,medicalxpress.com,2025|02,session_start,1,1,0,0.0,2986,30,0,0.033,0.0,JUNK - referral spam / bot
F_referral_spam_bot,pageReferrer,myworldfix.com,2025|02,first_visit,1,1,0,0.0,2986,30,0,0.033,0.0,JUNK - referral spam / bot
F_referral_spam_bot,pageReferrer,myworldfix.com,2025|02,page_view,1,1,0,0.0,2986,30,0,0.033,0.0,JUNK - referral spam / bot
F_referral_spam_bot,pageReferrer,myworldfix.com,2025|02,session_start,1,1,0,0.0,2986,30,0,0.033,0.0,JUNK - referral spam / bot
F_referral_spam_bot,pageReferrer,scitechdaily.com,2025|02,first_visit,1,1,0,0.0,2986,30,0,0.033,0.0,JUNK - referral spam / bot
F_referral_spam_bot,pageReferrer,scitechdaily.com,2025|02,page_view,1,1,0,0.0,2986,30,0,0.033,0.0,JUNK - referral spam / bot
F_referral_spam_bot,pageReferrer,scitechdaily.com,2025|02,session_start,1,1,0,0.0,2986,30,0,0.033,0.0,JUNK - referral spam / bot
F_referral_spam_bot,pageReferrer,steerle.com,2025|02,first_visit,1,1,0,0.0,2986,30,0,0.033,0.0,JUNK - referral spam / bot
F_referral_spam_bot,pageReferrer,steerle.com,2025|02,page_view,1,1,0,0.0,2986,30,0,0.033,0.0,JUNK - referral spam / bot
F_referral_spam_bot,pageReferrer,steerle.com,2025|02,session_start,1,1,0,0.0,2986,30,0,0.033,0.0,JUNK - referral spam / bot
F_referral_spam_bot,pageReferrer,www.foxnews.com,2025|02,first_visit,1,1,0,0.0,2986,30,0,0.033,0.0,JUNK - referral spam / bot
F_referral_spam_bot,pageReferrer,www.foxnews.com,2025|02,page_view,1,1,0,0.0,2986,30,0,0.033,0.0,JUNK - referral spam / bot
F_referral_spam_bot,pageReferrer,www.foxnews.com,2025|02,session_start,1,1,0,0.0,2986,30,0,0.033,0.0,JUNK - referral spam / bot
F_referral_spam_bot,pageReferrer,www.healthline.com,2025|02,first_visit,1,1,0,0.0,2986,30,0,0.033,0.0,JUNK - referral spam / bot
F_referral_spam_bot,pageReferrer,www.healthline.com,2025|02,page_view,1,1,0,0.0,2986,30,0,0.033,0.0,JUNK - referral spam / bot
F_referral_spam_bot,pageReferrer,www.healthline.com,2025|02,session_start,1,1,0,0.0,2986,30,0,0.033,0.0,JUNK - referral spam / bot
F_referral_spam_bot,pageReferrer,www.healthline.com,2025|02,user_engagement,1,1,0,0.0,2986,30,0,0.033,0.0,JUNK - referral spam / bot
F_referral_spam_bot,pageReferrer,www.novalskincare.net,2025|02,first_visit,1,1,0,0.0,2986,30,0,0.033,0.0,JUNK - referral spam / bot
F_referral_spam_bot,pageReferrer,www.novalskincare.net,2025|02,page_view,2,1,0,0.0,2986,30,0,0.067,0.0,JUNK - referral spam / bot
F_referral_spam_bot,pageReferrer,www.novalskincare.net,2025|02,session_start,1,1,0,0.0,2986,30,0,0.033,0.0,JUNK - referral spam / bot
F_referral_spam_bot,sessionSourceMedium,novalskincare.net / referral,2025|02,first_visit,1,1,0,0.0,2986,30,0,0.033,0.0,JUNK - referral spam / bot
F_referral_spam_bot,sessionSourceMedium,novalskincare.net / referral,2025|02,page_view,2,1,0,0.0,2986,30,0,0.067,0.0,JUNK - referral spam / bot
F_referral_spam_bot,sessionSourceMedium,novalskincare.net / referral,2025|02,session_start,1,1,0,0.0,2986,30,0,0.033,0.0,JUNK - referral spam / bot
F_referral_spam_bot,pageReferrer,mail.kvcinc.com,2025|03,first_visit,1,1,0,0.0,2970,23,1,0.034,0.0,JUNK - referral spam / bot
F_referral_spam_bot,pageReferrer,mail.kvcinc.com,2025|03,page_view,1,1,0,0.0,2970,23,1,0.034,0.0,JUNK - referral spam / bot
F_referral_spam_bot,pageReferrer,mail.kvcinc.com,2025|03,session_start,1,1,0,0.0,2970,23,1,0.034,0.0,JUNK - referral spam / bot
F_referral_spam_bot,pageReferrer,mail.kvcinc.com,2025|03,user_engagement,1,1,0,0.0,2970,23,1,0.034,0.0,JUNK - referral spam / bot
F_referral_spam_bot,pageReferrer,vector.lightning.force.com,2025|03,first_visit,1,1,0,0.0,2970,23,1,0.034,0.0,JUNK - referral spam / bot
F_referral_spam_bot,pageReferrer,vector.lightning.force.com,2025|03,page_view,1,1,0,0.0,2970,23,1,0.034,0.0,JUNK - referral spam / bot
F_referral_spam_bot,pageReferrer,vector.lightning.force.com,2025|03,session_start,1,1,0,0.0,2970,23,1,0.034,0.0,JUNK - referral spam / bot
F_referral_spam_bot,pageReferrer,vector.lightning.force.com,2025|03,user_engagement,1,1,0,0.0,2970,23,1,0.034,0.0,JUNK - referral spam / bot
F_referral_spam_bot,pageReferrer,www.healthyglam.net,2025|03,first_visit,1,1,0,0.0,2970,23,1,0.034,0.0,JUNK - referral spam / bot
F_referral_spam_bot,pageReferrer,www.healthyglam.net,2025|03,page_view,1,1,0,0.0,2970,23,1,0.034,0.0,JUNK - referral spam / bot
F_referral_spam_bot,pageReferrer,www.healthyglam.net,2025|03,session_start,1,1,0,0.0,2970,23,1,0.034,0.0,JUNK - referral spam / bot
F_referral_spam_bot,sessionSourceMedium,mail.kvcinc.com / referral,2025|03,first_visit,1,1,0,0.0,2970,23,1,0.034,0.0,JUNK - referral spam / bot
F_referral_spam_bot,sessionSourceMedium,mail.kvcinc.com / referral,2025|03,page_view,1,1,0,0.0,2970,23,1,0.034,0.0,JUNK - referral spam / bot
F_referral_spam_bot,sessionSourceMedium,mail.kvcinc.com / referral,2025|03,session_start,1,1,0,0.0,2970,23,1,0.034,0.0,JUNK - referral spam / bot
F_referral_spam_bot,sessionSourceMedium,mail.kvcinc.com / referral,2025|03,user_engagement,1,1,0,0.0,2970,23,1,0.034,0.0,JUNK - referral spam / bot
F_referral_spam_bot,sessionSourceMedium,vector.lightning.force.com / referral,2025|03,first_visit,1,1,0,0.0,2970,23,1,0.034,0.0,JUNK - referral spam / bot
F_referral_spam_bot,sessionSourceMedium,vector.lightning.force.com / referral,2025|03,page_view,1,1,0,0.0,2970,23,1,0.034,0.0,JUNK - referral spam / bot
F_referral_spam_bot,sessionSourceMedium,vector.lightning.force.com / referral,2025|03,session_start,1,1,0,0.0,2970,23,1,0.034,0.0,JUNK - referral spam / bot
F_referral_spam_bot,sessionSourceMedium,vector.lightning.force.com / referral,2025|03,user_engagement,1,1,0,0.0,2970,23,1,0.034,0.0,JUNK - referral spam / bot
F_referral_spam_bot,pageReferrer,reliefplusmn.com,2025|04,page_view,1,1,0,0.0,2693,21,3,0.037,0.0,JUNK - referral spam / bot
F_referral_spam_bot,pageReferrer,reliefplusmn.com,2025|04,session_start,1,1,0,0.0,2693,21,3,0.037,0.0,JUNK - referral spam / bot
F_referral_spam_bot,pageReferrer,reliefplusmn.com,2025|04,user_engagement,1,1,0,0.0,2693,21,3,0.037,0.0,JUNK - referral spam / bot
F_referral_spam_bot,sessionSourceMedium,reliefplusmn.com / referral,2025|04,click,1,1,0,0.0,2693,21,3,0.037,0.0,JUNK - referral spam / bot
F_referral_spam_bot,sessionSourceMedium,reliefplusmn.com / referral,2025|04,meet_dr__haley,1,1,0,0.0,2693,21,3,0.037,0.0,JUNK - referral spam / bot
F_referral_spam_bot,sessionSourceMedium,reliefplusmn.com / referral,2025|04,page_view,27,11,0,0.0,2693,21,3,1.003,0.0,JUNK - referral spam / bot
F_referral_spam_bot,sessionSourceMedium,reliefplusmn.com / referral,2025|04,schedule_appointment,10,7,0,0.0,2693,21,3,0.371,0.0,JUNK - referral spam / bot
F_referral_spam_bot,sessionSourceMedium,reliefplusmn.com / referral,2025|04,scroll,2,1,0,0.0,2693,21,3,0.074,0.0,JUNK - referral spam / bot
F_referral_spam_bot,sessionSourceMedium,reliefplusmn.com / referral,2025|04,session_start,13,13,0,0.0,2693,21,3,0.483,0.0,JUNK - referral spam / bot
F_referral_spam_bot,sessionSourceMedium,reliefplusmn.com / referral,2025|04,user_engagement,21,13,0,0.0,2693,21,3,0.78,0.0,JUNK - referral spam / bot
F_referral_spam_bot,pageReferrer,cclmfp.laitrcus.online,2025|05,first_visit,1,1,0,0.0,2154,17,1,0.046,0.0,JUNK - referral spam / bot
F_referral_spam_bot,pageReferrer,cclmfp.laitrcus.online,2025|05,page_view,1,1,0,0.0,2154,17,1,0.046,0.0,JUNK - referral spam / bot
F_referral_spam_bot,pageReferrer,cclmfp.laitrcus.online,2025|05,session_start,1,1,0,0.0,2154,17,1,0.046,0.0,JUNK - referral spam / bot
F_referral_spam_bot,pageReferrer,yixkyc.qchjs.com,2025|05,first_visit,1,1,0,0.0,2154,17,1,0.046,0.0,JUNK - referral spam / bot
F_referral_spam_bot,pageReferrer,yixkyc.qchjs.com,2025|05,page_view,1,1,0,0.0,2154,17,1,0.046,0.0,JUNK - referral spam / bot
F_referral_spam_bot,pageReferrer,yixkyc.qchjs.com,2025|05,session_start,1,1,0,0.0,2154,17,1,0.046,0.0,JUNK - referral spam / bot
F_referral_spam_bot,sessionSourceMedium,cclmfp.laitrcus.online / referral,2025|05,first_visit,1,1,0,0.0,2154,17,1,0.046,0.0,JUNK - referral spam / bot
F_referral_spam_bot,sessionSourceMedium,cclmfp.laitrcus.online / referral,2025|05,page_view,1,1,0,0.0,2154,17,1,0.046,0.0,JUNK - referral spam / bot
F_referral_spam_bot,sessionSourceMedium,cclmfp.laitrcus.online / referral,2025|05,session_start,1,1,0,0.0,2154,17,1,0.046,0.0,JUNK - referral spam / bot
F_referral_spam_bot,sessionSourceMedium,yixkyc.qchjs.com / referral,2025|05,first_visit,1,1,0,0.0,2154,17,1,0.046,0.0,JUNK - referral spam / bot
F_referral_spam_bot,sessionSourceMedium,yixkyc.qchjs.com / referral,2025|05,page_view,1,1,0,0.0,2154,17,1,0.046,0.0,JUNK - referral spam / bot
F_referral_spam_bot,sessionSourceMedium,yixkyc.qchjs.com / referral,2025|05,session_start,1,1,0,0.0,2154,17,1,0.046,0.0,JUNK - referral spam / bot
F_referral_spam_bot,pageReferrer,wellconnectedtwincities.com,2025|06,first_visit,1,1,0,0.0,4471,38,10,0.022,0.0,JUNK - referral spam / bot
F_referral_spam_bot,pageReferrer,wellconnectedtwincities.com,2025|06,page_view,1,1,0,0.0,4471,38,10,0.022,0.0,JUNK - referral spam / bot
F_referral_spam_bot,pageReferrer,wellconnectedtwincities.com,2025|06,session_start,1,1,0,0.0,4471,38,10,0.022,0.0,JUNK - referral spam / bot
F_referral_spam_bot,pageReferrer,wellconnectedtwincities.com,2025|06,user_engagement,1,1,0,0.0,4471,38,10,0.022,0.0,JUNK - referral spam / bot
F_referral_spam_bot,pageReferrer,wizia.ciarustde.online,2025|06,first_visit,1,1,0,0.0,4471,38,10,0.022,0.0,JUNK - referral spam / bot
F_referral_spam_bot,pageReferrer,wizia.ciarustde.online,2025|06,page_view,1,1,0,0.0,4471,38,10,0.022,0.0,JUNK - referral spam / bot
F_referral_spam_bot,pageReferrer,wizia.ciarustde.online,2025|06,session_start,1,1,0,0.0,4471,38,10,0.022,0.0,JUNK - referral spam / bot
F_referral_spam_bot,sessionSourceMedium,wellconnectedtwincities.com / referral,2025|06,first_visit,1,1,0,0.0,4471,38,10,0.022,0.0,JUNK - referral spam / bot
F_referral_spam_bot,sessionSourceMedium,wellconnectedtwincities.com / referral,2025|06,meet_dr__haley,1,1,0,0.0,4471,38,10,0.022,0.0,JUNK - referral spam / bot
F_referral_spam_bot,sessionSourceMedium,wellconnectedtwincities.com / referral,2025|06,meet_dr__jacob,1,1,0,0.0,4471,38,10,0.022,0.0,JUNK - referral spam / bot
F_referral_spam_bot,sessionSourceMedium,wellconnectedtwincities.com / referral,2025|06,page_view,3,1,0,0.0,4471,38,10,0.067,0.0,JUNK - referral spam / bot
F_referral_spam_bot,sessionSourceMedium,wellconnectedtwincities.com / referral,2025|06,session_start,1,1,0,0.0,4471,38,10,0.022,0.0,JUNK - referral spam / bot
F_referral_spam_bot,sessionSourceMedium,wellconnectedtwincities.com / referral,2025|06,user_engagement,3,1,0,0.0,4471,38,10,0.067,0.0,JUNK - referral spam / bot
F_referral_spam_bot,sessionSourceMedium,wizia.ciarustde.online / referral,2025|06,first_visit,1,1,0,0.0,4471,38,10,0.022,0.0,JUNK - referral spam / bot
F_referral_spam_bot,sessionSourceMedium,wizia.ciarustde.online / referral,2025|06,page_view,1,1,0,0.0,4471,38,10,0.022,0.0,JUNK - referral spam / bot
F_referral_spam_bot,sessionSourceMedium,wizia.ciarustde.online / referral,2025|06,session_start,1,1,0,0.0,4471,38,10,0.022,0.0,JUNK - referral spam / bot
F_referral_spam_bot,pageReferrer,jhihbx.labguamec.online,2025|07,first_visit,1,1,0,0.0,14051,37,3,0.007,0.0,JUNK - referral spam / bot
F_referral_spam_bot,pageReferrer,jhihbx.labguamec.online,2025|07,page_view,1,1,0,0.0,14051,37,3,0.007,0.0,JUNK - referral spam / bot
F_referral_spam_bot,pageReferrer,jhihbx.labguamec.online,2025|07,scroll,1,1,0,0.0,14051,37,3,0.007,0.0,JUNK - referral spam / bot
F_referral_spam_bot,pageReferrer,jhihbx.labguamec.online,2025|07,session_start,1,1,0,0.0,14051,37,3,0.007,0.0,JUNK - referral spam / bot
F_referral_spam_bot,pageReferrer,www.drlinkcheck.com,2025|07,page_view,4,1,0,0.0,14051,37,3,0.028,0.0,JUNK - referral spam / bot
F_referral_spam_bot,pageReferrer,www.drlinkcheck.com,2025|07,user_engagement,4,1,0,0.0,14051,37,3,0.028,0.0,JUNK - referral spam / bot
F_referral_spam_bot,pageReferrer,www.encmbtia.online,2025|07,first_visit,1,1,0,0.0,14051,37,3,0.007,0.0,JUNK - referral spam / bot
F_referral_spam_bot,pageReferrer,www.encmbtia.online,2025|07,page_view,1,1,0,0.0,14051,37,3,0.007,0.0,JUNK - referral spam / bot
F_referral_spam_bot,pageReferrer,www.encmbtia.online,2025|07,session_start,1,1,0,0.0,14051,37,3,0.007,0.0,JUNK - referral spam / bot
F_referral_spam_bot,sessionSourceMedium,drlinkcheck.com / referral,2025|07,page_view,7,5,0,0.0,14051,37,3,0.05,0.0,JUNK - referral spam / bot
F_referral_spam_bot,sessionSourceMedium,drlinkcheck.com / referral,2025|07,schedule_appointment,1,1,0,0.0,14051,37,3,0.007,0.0,JUNK - referral spam / bot
F_referral_spam_bot,sessionSourceMedium,drlinkcheck.com / referral,2025|07,scroll,1,1,0,0.0,14051,37,3,0.007,0.0,JUNK - referral spam / bot
F_referral_spam_bot,sessionSourceMedium,drlinkcheck.com / referral,2025|07,session_start,7,7,0,0.0,14051,37,3,0.05,0.0,JUNK - referral spam / bot
F_referral_spam_bot,sessionSourceMedium,drlinkcheck.com / referral,2025|07,user_engagement,6,4,0,0.0,14051,37,3,0.043,0.0,JUNK - referral spam / bot
F_referral_spam_bot,sessionSourceMedium,encmbtia.online / referral,2025|07,first_visit,1,1,0,0.0,14051,37,3,0.007,0.0,JUNK - referral spam / bot
F_referral_spam_bot,sessionSourceMedium,encmbtia.online / referral,2025|07,page_view,1,1,0,0.0,14051,37,3,0.007,0.0,JUNK - referral spam / bot
F_referral_spam_bot,sessionSourceMedium,encmbtia.online / referral,2025|07,session_start,1,1,0,0.0,14051,37,3,0.007,0.0,JUNK - referral spam / bot
F_referral_spam_bot,sessionSourceMedium,jhihbx.labguamec.online / referral,2025|07,first_visit,1,1,0,0.0,14051,37,3,0.007,0.0,JUNK - referral spam / bot
F_referral_spam_bot,sessionSourceMedium,jhihbx.labguamec.online / referral,2025|07,page_view,1,1,0,0.0,14051,37,3,0.007,0.0,JUNK - referral spam / bot
F_referral_spam_bot,sessionSourceMedium,jhihbx.labguamec.online / referral,2025|07,scroll,1,1,0,0.0,14051,37,3,0.007,0.0,JUNK - referral spam / bot
F_referral_spam_bot,sessionSourceMedium,jhihbx.labguamec.online / referral,2025|07,session_start,1,1,0,0.0,14051,37,3,0.007,0.0,JUNK - referral spam / bot
F_referral_spam_bot,pageReferrer,search.aol.com,2025|08,first_visit,1,1,0,0.0,4058,22,0,0.025,0.0,JUNK - referral spam / bot
F_referral_spam_bot,pageReferrer,search.aol.com,2025|08,page_view,1,1,0,0.0,4058,22,0,0.025,0.0,JUNK - referral spam / bot
F_referral_spam_bot,pageReferrer,search.aol.com,2025|08,session_start,1,1,0,0.0,4058,22,0,0.025,0.0,JUNK - referral spam / bot
F_referral_spam_bot,pageReferrer,www.fiuagts.online,2025|08,first_visit,1,1,0,0.0,4058,22,0,0.025,0.0,JUNK - referral spam / bot
F_referral_spam_bot,pageReferrer,www.fiuagts.online,2025|08,page_view,1,1,0,0.0,4058,22,0,0.025,0.0,JUNK - referral spam / bot
F_referral_spam_bot,pageReferrer,www.fiuagts.online,2025|08,session_start,1,1,0,0.0,4058,22,0,0.025,0.0,JUNK - referral spam / bot
F_referral_spam_bot,sessionSourceMedium,drlinkcheck.com / referral,2025|08,page_view,2,2,0,0.0,4058,22,0,0.049,0.0,JUNK - referral spam / bot
F_referral_spam_bot,sessionSourceMedium,drlinkcheck.com / referral,2025|08,scroll,1,1,0,0.0,4058,22,0,0.025,0.0,JUNK - referral spam / bot
F_referral_spam_bot,sessionSourceMedium,drlinkcheck.com / referral,2025|08,session_start,4,4,0,0.0,4058,22,0,0.099,0.0,JUNK - referral spam / bot
F_referral_spam_bot,sessionSourceMedium,drlinkcheck.com / referral,2025|08,user_engagement,2,2,0,0.0,4058,22,0,0.049,0.0,JUNK - referral spam / bot
F_referral_spam_bot,sessionSourceMedium,fiuagts.online / referral,2025|08,first_visit,1,1,0,0.0,4058,22,0,0.025,0.0,JUNK - referral spam / bot
F_referral_spam_bot,sessionSourceMedium,fiuagts.online / referral,2025|08,page_view,1,1,0,0.0,4058,22,0,0.025,0.0,JUNK - referral spam / bot
F_referral_spam_bot,sessionSourceMedium,fiuagts.online / referral,2025|08,session_start,1,1,0,0.0,4058,22,0,0.025,0.0,JUNK - referral spam / bot
F_referral_spam_bot,pageReferrer,search.brave.com,2025|09,first_visit,1,1,0,0.0,2754,29,3,0.036,0.0,JUNK - referral spam / bot
F_referral_spam_bot,pageReferrer,search.brave.com,2025|09,page_view,1,1,0,0.0,2754,29,3,0.036,0.0,JUNK - referral spam / bot
F_referral_spam_bot,pageReferrer,search.brave.com,2025|09,session_start,1,1,0,0.0,2754,29,3,0.036,0.0,JUNK - referral spam / bot
F_referral_spam_bot,pageReferrer,search.brave.com,2025|09,user_engagement,1,1,0,0.0,2754,29,3,0.036,0.0,JUNK - referral spam / bot
F_referral_spam_bot,pageReferrer,www.collabs.io,2025|09,first_visit,1,1,0,0.0,2754,29,3,0.036,0.0,JUNK - referral spam / bot
F_referral_spam_bot,pageReferrer,www.collabs.io,2025|09,page_view,1,1,0,0.0,2754,29,3,0.036,0.0,JUNK - referral spam / bot
F_referral_spam_bot,pageReferrer,www.collabs.io,2025|09,session_start,1,1,0,0.0,2754,29,3,0.036,0.0,JUNK - referral spam / bot
F_referral_spam_bot,pageReferrer,www.motherbabywellness.co,2025|09,first_visit,1,1,0,0.0,2754,29,3,0.036,0.0,JUNK - referral spam / bot
F_referral_spam_bot,pageReferrer,www.motherbabywellness.co,2025|09,page_view,1,1,0,0.0,2754,29,3,0.036,0.0,JUNK - referral spam / bot
F_referral_spam_bot,pageReferrer,www.motherbabywellness.co,2025|09,session_start,1,1,0,0.0,2754,29,3,0.036,0.0,JUNK - referral spam / bot
F_referral_spam_bot,pageReferrer,www.motherbabywellness.co,2025|09,user_engagement,1,1,0,0.0,2754,29,3,0.036,0.0,JUNK - referral spam / bot
F_referral_spam_bot,sessionSourceMedium,collabs.io / referral,2025|09,first_visit,1,1,0,0.0,2754,29,3,0.036,0.0,JUNK - referral spam / bot
F_referral_spam_bot,sessionSourceMedium,collabs.io / referral,2025|09,page_view,1,1,0,0.0,2754,29,3,0.036,0.0,JUNK - referral spam / bot
F_referral_spam_bot,sessionSourceMedium,collabs.io / referral,2025|09,session_start,1,1,0,0.0,2754,29,3,0.036,0.0,JUNK - referral spam / bot
F_referral_spam_bot,sessionSourceMedium,drlinkcheck.com / referral,2025|09,page_view,2,1,0,0.0,2754,29,3,0.073,0.0,JUNK - referral spam / bot
F_referral_spam_bot,sessionSourceMedium,drlinkcheck.com / referral,2025|09,schedule_appointment,1,1,0,0.0,2754,29,3,0.036,0.0,JUNK - referral spam / bot
F_referral_spam_bot,sessionSourceMedium,drlinkcheck.com / referral,2025|09,session_start,1,1,0,0.0,2754,29,3,0.036,0.0,JUNK - referral spam / bot
F_referral_spam_bot,sessionSourceMedium,drlinkcheck.com / referral,2025|09,user_engagement,1,1,0,0.0,2754,29,3,0.036,0.0,JUNK - referral spam / bot
F_referral_spam_bot,sessionSourceMedium,motherbabywellness.co / referral,2025|09,first_visit,1,1,0,0.0,2754,29,3,0.036,0.0,JUNK - referral spam / bot
F_referral_spam_bot,sessionSourceMedium,motherbabywellness.co / referral,2025|09,page_view,1,1,0,0.0,2754,29,3,0.036,0.0,JUNK - referral spam / bot
F_referral_spam_bot,sessionSourceMedium,motherbabywellness.co / referral,2025|09,session_start,1,1,0,0.0,2754,29,3,0.036,0.0,JUNK - referral spam / bot
F_referral_spam_bot,sessionSourceMedium,motherbabywellness.co / referral,2025|09,user_engagement,1,1,0,0.0,2754,29,3,0.036,0.0,JUNK - referral spam / bot
F_referral_spam_bot,sessionSourceMedium,search.brave.com / referral,2025|09,first_visit,1,1,0,0.0,2754,29,3,0.036,0.0,JUNK - referral spam / bot
F_referral_spam_bot,sessionSourceMedium,search.brave.com / referral,2025|09,page_view,5,2,0,0.0,2754,29,3,0.182,0.0,JUNK - referral spam / bot
F_referral_spam_bot,sessionSourceMedium,search.brave.com / referral,2025|09,scroll,1,1,0,0.0,2754,29,3,0.036,0.0,JUNK - referral spam / bot
F_referral_spam_bot,sessionSourceMedium,search.brave.com / referral,2025|09,session_start,2,2,0,0.0,2754,29,3,0.073,0.0,JUNK - referral spam / bot
F_referral_spam_bot,sessionSourceMedium,search.brave.com / referral,2025|09,user_engagement,4,1,0,0.0,2754,29,3,0.145,0.0,JUNK - referral spam / bot
F_referral_spam_bot,pageReferrer,fathom.video,2025|10,first_visit,1,1,0,0.0,6183,27,0,0.016,0.0,JUNK - referral spam / bot
F_referral_spam_bot,pageReferrer,fathom.video,2025|10,page_view,1,1,0,0.0,6183,27,0,0.016,0.0,JUNK - referral spam / bot
F_referral_spam_bot,pageReferrer,fathom.video,2025|10,session_start,1,1,0,0.0,6183,27,0,0.016,0.0,JUNK - referral spam / bot
F_referral_spam_bot,pageReferrer,www.eavuinsr.online,2025|10,first_visit,1,1,0,0.0,6183,27,0,0.016,0.0,JUNK - referral spam / bot
F_referral_spam_bot,pageReferrer,www.eavuinsr.online,2025|10,page_view,1,1,0,0.0,6183,27,0,0.016,0.0,JUNK - referral spam / bot
F_referral_spam_bot,pageReferrer,www.eavuinsr.online,2025|10,session_start,1,1,0,0.0,6183,27,0,0.016,0.0,JUNK - referral spam / bot
F_referral_spam_bot,pageReferrer,www.phimarshcer.online,2025|10,first_visit,1,1,0,0.0,6183,27,0,0.016,0.0,JUNK - referral spam / bot
F_referral_spam_bot,pageReferrer,www.phimarshcer.online,2025|10,page_view,1,1,0,0.0,6183,27,0,0.016,0.0,JUNK - referral spam / bot
F_referral_spam_bot,pageReferrer,www.phimarshcer.online,2025|10,session_start,1,1,0,0.0,6183,27,0,0.016,0.0,JUNK - referral spam / bot
F_referral_spam_bot,sessionSourceMedium,eavuinsr.online / referral,2025|10,first_visit,1,1,0,0.0,6183,27,0,0.016,0.0,JUNK - referral spam / bot
F_referral_spam_bot,sessionSourceMedium,eavuinsr.online / referral,2025|10,page_view,1,1,0,0.0,6183,27,0,0.016,0.0,JUNK - referral spam / bot
F_referral_spam_bot,sessionSourceMedium,eavuinsr.online / referral,2025|10,session_start,1,1,0,0.0,6183,27,0,0.016,0.0,JUNK - referral spam / bot
F_referral_spam_bot,sessionSourceMedium,fathom.video / referral,2025|10,first_visit,1,1,0,0.0,6183,27,0,0.016,0.0,JUNK - referral spam / bot
F_referral_spam_bot,sessionSourceMedium,fathom.video / referral,2025|10,page_view,1,1,0,0.0,6183,27,0,0.016,0.0,JUNK - referral spam / bot
F_referral_spam_bot,sessionSourceMedium,fathom.video / referral,2025|10,session_start,1,1,0,0.0,6183,27,0,0.016,0.0,JUNK - referral spam / bot
F_referral_spam_bot,sessionSourceMedium,phimarshcer.online / referral,2025|10,first_visit,1,1,0,0.0,6183,27,0,0.016,0.0,JUNK - referral spam / bot
F_referral_spam_bot,sessionSourceMedium,phimarshcer.online / referral,2025|10,page_view,1,1,0,0.0,6183,27,0,0.016,0.0,JUNK - referral spam / bot
F_referral_spam_bot,sessionSourceMedium,phimarshcer.online / referral,2025|10,session_start,1,1,0,0.0,6183,27,0,0.016,0.0,JUNK - referral spam / bot
F_referral_spam_bot,sessionSourceMedium,wake-up-network.com / referral,2025|10,first_visit,561,560,0,0.0,6183,27,0,9.073,0.0,JUNK - referral spam / bot
F_referral_spam_bot,sessionSourceMedium,wake-up-network.com / referral,2025|10,page_view,1066,560,0,0.0,6183,27,0,17.241,0.0,JUNK - referral spam / bot
F_referral_spam_bot,sessionSourceMedium,wake-up-network.com / referral,2025|10,scroll,148,112,0,0.0,6183,27,0,2.394,0.0,JUNK - referral spam / bot
F_referral_spam_bot,sessionSourceMedium,wake-up-network.com / referral,2025|10,session_start,561,560,0,0.0,6183,27,0,9.073,0.0,JUNK - referral spam / bot
F_referral_spam_bot,sessionSourceMedium,wake-up-network.com / referral,2025|10,user_engagement,1062,557,0,0.0,6183,27,0,17.176,0.0,JUNK - referral spam / bot
F_referral_spam_bot,pageReferrer,app.activtrak.com,2025|11,first_visit,1,1,0,0.0,3642,37,7,0.027,0.0,JUNK - referral spam / bot
F_referral_spam_bot,pageReferrer,app.activtrak.com,2025|11,page_view,1,1,0,0.0,3642,37,7,0.027,0.0,JUNK - referral spam / bot
F_referral_spam_bot,pageReferrer,app.activtrak.com,2025|11,session_start,1,1,0,0.0,3642,37,7,0.027,0.0,JUNK - referral spam / bot
F_referral_spam_bot,pageReferrer,app.activtrak.com,2025|11,user_engagement,1,1,0,0.0,3642,37,7,0.027,0.0,JUNK - referral spam / bot
F_referral_spam_bot,pageReferrer,lhzd.ratraiser.online,2025|11,first_visit,1,1,0,0.0,3642,37,7,0.027,0.0,JUNK - referral spam / bot
F_referral_spam_bot,pageReferrer,lhzd.ratraiser.online,2025|11,page_view,1,1,0,0.0,3642,37,7,0.027,0.0,JUNK - referral spam / bot
F_referral_spam_bot,pageReferrer,lhzd.ratraiser.online,2025|11,session_start,1,1,0,0.0,3642,37,7,0.027,0.0,JUNK - referral spam / bot
F_referral_spam_bot,pageReferrer,voyageminnesota.com,2025|11,first_visit,2,2,0,0.0,3642,37,7,0.055,0.0,JUNK - referral spam / bot
F_referral_spam_bot,pageReferrer,voyageminnesota.com,2025|11,page_view,2,2,0,0.0,3642,37,7,0.055,0.0,JUNK - referral spam / bot
F_referral_spam_bot,pageReferrer,voyageminnesota.com,2025|11,session_start,2,2,0,0.0,3642,37,7,0.055,0.0,JUNK - referral spam / bot
F_referral_spam_bot,pageReferrer,voyageminnesota.com,2025|11,user_engagement,1,1,0,0.0,3642,37,7,0.027,0.0,JUNK - referral spam / bot
F_referral_spam_bot,pageReferrer,www.astimvnc.online,2025|11,first_visit,1,1,0,0.0,3642,37,7,0.027,0.0,JUNK - referral spam / bot
F_referral_spam_bot,pageReferrer,www.astimvnc.online,2025|11,page_view,1,1,0,0.0,3642,37,7,0.027,0.0,JUNK - referral spam / bot
F_referral_spam_bot,pageReferrer,www.astimvnc.online,2025|11,session_start,1,1,0,0.0,3642,37,7,0.027,0.0,JUNK - referral spam / bot
F_referral_spam_bot,pageReferrer,www.drlinkcheck.com,2025|11,page_view,1,1,0,0.0,3642,37,7,0.027,0.0,JUNK - referral spam / bot
F_referral_spam_bot,pageReferrer,www.drlinkcheck.com,2025|11,session_start,2,2,0,0.0,3642,37,7,0.055,0.0,JUNK - referral spam / bot
F_referral_spam_bot,pageReferrer,www.drlinkcheck.com,2025|11,user_engagement,1,1,0,0.0,3642,37,7,0.027,0.0,JUNK - referral spam / bot
F_referral_spam_bot,sessionSourceMedium,app.activtrak.com / referral,2025|11,first_visit,1,1,0,0.0,3642,37,7,0.027,0.0,JUNK - referral spam / bot
F_referral_spam_bot,sessionSourceMedium,app.activtrak.com / referral,2025|11,page_view,1,1,0,0.0,3642,37,7,0.027,0.0,JUNK - referral spam / bot
F_referral_spam_bot,sessionSourceMedium,app.activtrak.com / referral,2025|11,session_start,1,1,0,0.0,3642,37,7,0.027,0.0,JUNK - referral spam / bot
F_referral_spam_bot,sessionSourceMedium,app.activtrak.com / referral,2025|11,user_engagement,1,1,0,0.0,3642,37,7,0.027,0.0,JUNK - referral spam / bot
F_referral_spam_bot,sessionSourceMedium,astimvnc.online / referral,2025|11,first_visit,1,1,0,0.0,3642,37,7,0.027,0.0,JUNK - referral spam / bot
F_referral_spam_bot,sessionSourceMedium,astimvnc.online / referral,2025|11,page_view,1,1,0,0.0,3642,37,7,0.027,0.0,JUNK - referral spam / bot
F_referral_spam_bot,sessionSourceMedium,astimvnc.online / referral,2025|11,session_start,1,1,0,0.0,3642,37,7,0.027,0.0,JUNK - referral spam / bot
F_referral_spam_bot,sessionSourceMedium,drlinkcheck.com / referral,2025|11,page_view,5,4,0,0.0,3642,37,7,0.137,0.0,JUNK - referral spam / bot
F_referral_spam_bot,sessionSourceMedium,drlinkcheck.com / referral,2025|11,scroll,1,1,0,0.0,3642,37,7,0.027,0.0,JUNK - referral spam / bot
F_referral_spam_bot,sessionSourceMedium,drlinkcheck.com / referral,2025|11,session_start,4,4,0,0.0,3642,37,7,0.11,0.0,JUNK - referral spam / bot
F_referral_spam_bot,sessionSourceMedium,drlinkcheck.com / referral,2025|11,user_engagement,4,3,0,0.0,3642,37,7,0.11,0.0,JUNK - referral spam / bot
F_referral_spam_bot,sessionSourceMedium,lhzd.ratraiser.online / referral,2025|11,first_visit,1,1,0,0.0,3642,37,7,0.027,0.0,JUNK - referral spam / bot
F_referral_spam_bot,sessionSourceMedium,lhzd.ratraiser.online / referral,2025|11,page_view,1,1,0,0.0,3642,37,7,0.027,0.0,JUNK - referral spam / bot
F_referral_spam_bot,sessionSourceMedium,lhzd.ratraiser.online / referral,2025|11,session_start,1,1,0,0.0,3642,37,7,0.027,0.0,JUNK - referral spam / bot
F_referral_spam_bot,sessionSourceMedium,voyageminnesota.com / referral,2025|11,first_visit,2,2,0,0.0,3642,37,7,0.055,0.0,JUNK - referral spam / bot
F_referral_spam_bot,sessionSourceMedium,voyageminnesota.com / referral,2025|11,generate_lead,1,1,1,0.0,3642,37,7,0.027,2.703,JUNK - referral spam / bot
F_referral_spam_bot,sessionSourceMedium,voyageminnesota.com / referral,2025|11,meet_dr__jacob,1,1,0,0.0,3642,37,7,0.027,0.0,JUNK - referral spam / bot
F_referral_spam_bot,sessionSourceMedium,voyageminnesota.com / referral,2025|11,page_view,4,2,0,0.0,3642,37,7,0.11,0.0,JUNK - referral spam / bot
F_referral_spam_bot,sessionSourceMedium,voyageminnesota.com / referral,2025|11,scroll,1,1,0,0.0,3642,37,7,0.027,0.0,JUNK - referral spam / bot
F_referral_spam_bot,sessionSourceMedium,voyageminnesota.com / referral,2025|11,session_start,2,2,0,0.0,3642,37,7,0.055,0.0,JUNK - referral spam / bot
F_referral_spam_bot,sessionSourceMedium,voyageminnesota.com / referral,2025|11,user_engagement,2,1,0,0.0,3642,37,7,0.055,0.0,JUNK - referral spam / bot
F_referral_spam_bot,pageReferrer,app.raindrop.io,2025|12,first_visit,1,1,0,0.0,1983,15,1,0.05,0.0,JUNK - referral spam / bot
F_referral_spam_bot,pageReferrer,app.raindrop.io,2025|12,page_view,2,2,0,0.0,1983,15,1,0.101,0.0,JUNK - referral spam / bot
F_referral_spam_bot,pageReferrer,app.raindrop.io,2025|12,session_start,2,2,0,0.0,1983,15,1,0.101,0.0,JUNK - referral spam / bot
F_referral_spam_bot,pageReferrer,waimao.office.163.com,2025|12,first_visit,1,1,0,0.0,1983,15,1,0.05,0.0,JUNK - referral spam / bot
F_referral_spam_bot,pageReferrer,waimao.office.163.com,2025|12,page_view,1,1,0,0.0,1983,15,1,0.05,0.0,JUNK - referral spam / bot
F_referral_spam_bot,pageReferrer,waimao.office.163.com,2025|12,session_start,1,1,0,0.0,1983,15,1,0.05,0.0,JUNK - referral spam / bot
F_referral_spam_bot,pageReferrer,waimao.office.163.com,2025|12,user_engagement,1,1,0,0.0,1983,15,1,0.05,0.0,JUNK - referral spam / bot
F_referral_spam_bot,pageReferrer,www.gjlg.com,2025|12,first_visit,1,1,0,0.0,1983,15,1,0.05,0.0,JUNK - referral spam / bot
F_referral_spam_bot,pageReferrer,www.gjlg.com,2025|12,page_view,1,1,0,0.0,1983,15,1,0.05,0.0,JUNK - referral spam / bot
F_referral_spam_bot,pageReferrer,www.gjlg.com,2025|12,session_start,1,1,0,0.0,1983,15,1,0.05,0.0,JUNK - referral spam / bot
F_referral_spam_bot,pageReferrer,www.goodsearch.com,2025|12,user_engagement,1,1,0,0.0,1983,15,1,0.05,0.0,JUNK - referral spam / bot
F_referral_spam_bot,pageReferrer,www.hprnc.com,2025|12,first_visit,1,1,0,0.0,1983,15,1,0.05,0.0,JUNK - referral spam / bot
F_referral_spam_bot,pageReferrer,www.hprnc.com,2025|12,page_view,1,1,0,0.0,1983,15,1,0.05,0.0,JUNK - referral spam / bot
F_referral_spam_bot,pageReferrer,www.hprnc.com,2025|12,session_start,1,1,0,0.0,1983,15,1,0.05,0.0,JUNK - referral spam / bot
F_referral_spam_bot,pageReferrer,www.sysoon.com,2025|12,first_visit,1,1,0,0.0,1983,15,1,0.05,0.0,JUNK - referral spam / bot
F_referral_spam_bot,pageReferrer,www.sysoon.com,2025|12,page_view,1,1,0,0.0,1983,15,1,0.05,0.0,JUNK - referral spam / bot
F_referral_spam_bot,pageReferrer,www.sysoon.com,2025|12,session_start,1,1,0,0.0,1983,15,1,0.05,0.0,JUNK - referral spam / bot
F_referral_spam_bot,pageReferrer,www.terra.com,2025|12,user_engagement,1,1,0,0.0,1983,15,1,0.05,0.0,JUNK - referral spam / bot
F_referral_spam_bot,sessionSourceMedium,app.raindrop.io / referral,2025|12,first_visit,1,1,0,0.0,1983,15,1,0.05,0.0,JUNK - referral spam / bot
F_referral_spam_bot,sessionSourceMedium,app.raindrop.io / referral,2025|12,page_view,2,2,0,0.0,1983,15,1,0.101,0.0,JUNK - referral spam / bot
F_referral_spam_bot,sessionSourceMedium,app.raindrop.io / referral,2025|12,session_start,2,2,0,0.0,1983,15,1,0.101,0.0,JUNK - referral spam / bot
F_referral_spam_bot,sessionSourceMedium,drlinkcheck.com / referral,2025|12,page_view,1,1,0,0.0,1983,15,1,0.05,0.0,JUNK - referral spam / bot
F_referral_spam_bot,sessionSourceMedium,drlinkcheck.com / referral,2025|12,session_start,1,1,0,0.0,1983,15,1,0.05,0.0,JUNK - referral spam / bot
F_referral_spam_bot,sessionSourceMedium,drlinkcheck.com / referral,2025|12,user_engagement,2,1,0,0.0,1983,15,1,0.101,0.0,JUNK - referral spam / bot
F_referral_spam_bot,sessionSourceMedium,gjlg.com / referral,2025|12,first_visit,1,1,0,0.0,1983,15,1,0.05,0.0,JUNK - referral spam / bot
F_referral_spam_bot,sessionSourceMedium,gjlg.com / referral,2025|12,page_view,1,1,0,0.0,1983,15,1,0.05,0.0,JUNK - referral spam / bot
F_referral_spam_bot,sessionSourceMedium,gjlg.com / referral,2025|12,session_start,1,1,0,0.0,1983,15,1,0.05,0.0,JUNK - referral spam / bot
F_referral_spam_bot,sessionSourceMedium,hprnc.com / referral,2025|12,first_visit,1,1,0,0.0,1983,15,1,0.05,0.0,JUNK - referral spam / bot
F_referral_spam_bot,sessionSourceMedium,hprnc.com / referral,2025|12,page_view,1,1,0,0.0,1983,15,1,0.05,0.0,JUNK - referral spam / bot
F_referral_spam_bot,sessionSourceMedium,hprnc.com / referral,2025|12,session_start,1,1,0,0.0,1983,15,1,0.05,0.0,JUNK - referral spam / bot
F_referral_spam_bot,sessionSourceMedium,sysoon.com / referral,2025|12,first_visit,1,1,0,0.0,1983,15,1,0.05,0.0,JUNK - referral spam / bot
F_referral_spam_bot,sessionSourceMedium,sysoon.com / referral,2025|12,page_view,1,1,0,0.0,1983,15,1,0.05,0.0,JUNK - referral spam / bot
F_referral_spam_bot,sessionSourceMedium,sysoon.com / referral,2025|12,session_start,1,1,0,0.0,1983,15,1,0.05,0.0,JUNK - referral spam / bot
F_referral_spam_bot,sessionSourceMedium,waimao.office.163.com / referral,2025|12,first_visit,1,1,0,0.0,1983,15,1,0.05,0.0,JUNK - referral spam / bot
F_referral_spam_bot,sessionSourceMedium,waimao.office.163.com / referral,2025|12,page_view,1,1,0,0.0,1983,15,1,0.05,0.0,JUNK - referral spam / bot
F_referral_spam_bot,sessionSourceMedium,waimao.office.163.com / referral,2025|12,session_start,1,1,0,0.0,1983,15,1,0.05,0.0,JUNK - referral spam / bot
F_referral_spam_bot,sessionSourceMedium,waimao.office.163.com / referral,2025|12,user_engagement,1,1,0,0.0,1983,15,1,0.05,0.0,JUNK - referral spam / bot
F_referral_spam_bot,pageReferrer,www.motherbabywellness.co,2026|01,first_visit,1,1,0,0.0,3057,37,2,0.033,0.0,JUNK - referral spam / bot
F_referral_spam_bot,pageReferrer,www.motherbabywellness.co,2026|01,page_view,1,1,0,0.0,3057,37,2,0.033,0.0,JUNK - referral spam / bot
F_referral_spam_bot,pageReferrer,www.motherbabywellness.co,2026|01,session_start,1,1,0,0.0,3057,37,2,0.033,0.0,JUNK - referral spam / bot
F_referral_spam_bot,pageReferrer,www.motherbabywellness.co,2026|01,user_engagement,3,1,0,0.0,3057,37,2,0.098,0.0,JUNK - referral spam / bot
F_referral_spam_bot,pageReferrer,zkfim.fatrizscae.online,2026|01,first_visit,1,1,0,0.0,3057,37,2,0.033,0.0,JUNK - referral spam / bot
F_referral_spam_bot,pageReferrer,zkfim.fatrizscae.online,2026|01,page_view,1,1,0,0.0,3057,37,2,0.033,0.0,JUNK - referral spam / bot
F_referral_spam_bot,pageReferrer,zkfim.fatrizscae.online,2026|01,session_start,1,1,0,0.0,3057,37,2,0.033,0.0,JUNK - referral spam / bot
F_referral_spam_bot,sessionSourceMedium,motherbabywellness.co / referral,2026|01,first_visit,1,1,0,0.0,3057,37,2,0.033,0.0,JUNK - referral spam / bot
F_referral_spam_bot,sessionSourceMedium,motherbabywellness.co / referral,2026|01,page_view,2,1,0,0.0,3057,37,2,0.065,0.0,JUNK - referral spam / bot
F_referral_spam_bot,sessionSourceMedium,motherbabywellness.co / referral,2026|01,session_start,1,1,0,0.0,3057,37,2,0.033,0.0,JUNK - referral spam / bot
F_referral_spam_bot,sessionSourceMedium,motherbabywellness.co / referral,2026|01,user_engagement,4,1,0,0.0,3057,37,2,0.131,0.0,JUNK - referral spam / bot
F_referral_spam_bot,sessionSourceMedium,zkfim.fatrizscae.online / referral,2026|01,first_visit,1,1,0,0.0,3057,37,2,0.033,0.0,JUNK - referral spam / bot
F_referral_spam_bot,sessionSourceMedium,zkfim.fatrizscae.online / referral,2026|01,page_view,1,1,0,0.0,3057,37,2,0.033,0.0,JUNK - referral spam / bot
F_referral_spam_bot,sessionSourceMedium,zkfim.fatrizscae.online / referral,2026|01,session_start,1,1,0,0.0,3057,37,2,0.033,0.0,JUNK - referral spam / bot
F_referral_spam_bot,pageReferrer,outlook.live.com,2026|02,first_visit,1,1,0,0.0,2795,34,1,0.036,0.0,JUNK - referral spam / bot
F_referral_spam_bot,pageReferrer,outlook.live.com,2026|02,page_view,1,1,0,0.0,2795,34,1,0.036,0.0,JUNK - referral spam / bot
F_referral_spam_bot,pageReferrer,outlook.live.com,2026|02,scroll,1,1,0,0.0,2795,34,1,0.036,0.0,JUNK - referral spam / bot
F_referral_spam_bot,pageReferrer,outlook.live.com,2026|02,session_start,1,1,0,0.0,2795,34,1,0.036,0.0,JUNK - referral spam / bot
F_referral_spam_bot,pageReferrer,outlook.live.com,2026|02,user_engagement,1,1,0,0.0,2795,34,1,0.036,0.0,JUNK - referral spam / bot
F_referral_spam_bot,pageReferrer,www.shsupplychain.com,2026|02,first_visit,1,1,0,0.0,2795,34,1,0.036,0.0,JUNK - referral spam / bot
F_referral_spam_bot,pageReferrer,www.shsupplychain.com,2026|02,page_view,1,1,0,0.0,2795,34,1,0.036,0.0,JUNK - referral spam / bot
F_referral_spam_bot,pageReferrer,www.shsupplychain.com,2026|02,session_start,1,1,0,0.0,2795,34,1,0.036,0.0,JUNK - referral spam / bot
F_referral_spam_bot,sessionSourceMedium,outlook.live.com / referral,2026|02,first_visit,1,1,0,0.0,2795,34,1,0.036,0.0,JUNK - referral spam / bot
F_referral_spam_bot,sessionSourceMedium,outlook.live.com / referral,2026|02,page_view,1,1,0,0.0,2795,34,1,0.036,0.0,JUNK - referral spam / bot
F_referral_spam_bot,sessionSourceMedium,outlook.live.com / referral,2026|02,scroll,1,1,0,0.0,2795,34,1,0.036,0.0,JUNK - referral spam / bot
F_referral_spam_bot,sessionSourceMedium,outlook.live.com / referral,2026|02,session_start,1,1,0,0.0,2795,34,1,0.036,0.0,JUNK - referral spam / bot
F_referral_spam_bot,sessionSourceMedium,outlook.live.com / referral,2026|02,user_engagement,1,1,0,0.0,2795,34,1,0.036,0.0,JUNK - referral spam / bot
F_referral_spam_bot,sessionSourceMedium,shsupplychain.com / referral,2026|02,first_visit,1,1,0,0.0,2795,34,1,0.036,0.0,JUNK - referral spam / bot
F_referral_spam_bot,sessionSourceMedium,shsupplychain.com / referral,2026|02,page_view,1,1,0,0.0,2795,34,1,0.036,0.0,JUNK - referral spam / bot
F_referral_spam_bot,sessionSourceMedium,shsupplychain.com / referral,2026|02,session_start,1,1,0,0.0,2795,34,1,0.036,0.0,JUNK - referral spam / bot
F_referral_spam_bot,pageReferrer,api.scraperforce.com,2026|03,first_visit,1,1,0,0.0,3337,31,6,0.03,0.0,JUNK - referral spam / bot
F_referral_spam_bot,pageReferrer,api.scraperforce.com,2026|03,page_view,1,1,0,0.0,3337,31,6,0.03,0.0,JUNK - referral spam / bot
F_referral_spam_bot,pageReferrer,api.scraperforce.com,2026|03,session_start,1,1,0,0.0,3337,31,6,0.03,0.0,JUNK - referral spam / bot
F_referral_spam_bot,pageReferrer,www.kaegtcr.online,2026|03,first_visit,1,1,0,0.0,3337,31,6,0.03,0.0,JUNK - referral spam / bot
F_referral_spam_bot,pageReferrer,www.kaegtcr.online,2026|03,page_view,1,1,0,0.0,3337,31,6,0.03,0.0,JUNK - referral spam / bot
F_referral_spam_bot,pageReferrer,www.kaegtcr.online,2026|03,session_start,1,1,0,0.0,3337,31,6,0.03,0.0,JUNK - referral spam / bot
F_referral_spam_bot,pageReferrer,www.sanganzhu.com,2026|03,first_visit,1,1,0,0.0,3337,31,6,0.03,0.0,JUNK - referral spam / bot
F_referral_spam_bot,pageReferrer,www.sanganzhu.com,2026|03,page_view,1,1,0,0.0,3337,31,6,0.03,0.0,JUNK - referral spam / bot
F_referral_spam_bot,pageReferrer,www.sanganzhu.com,2026|03,session_start,1,1,0,0.0,3337,31,6,0.03,0.0,JUNK - referral spam / bot
F_referral_spam_bot,sessionSourceMedium,api.scraperforce.com / referral,2026|03,first_visit,1,1,0,0.0,3337,31,6,0.03,0.0,JUNK - referral spam / bot
F_referral_spam_bot,sessionSourceMedium,api.scraperforce.com / referral,2026|03,page_view,1,1,0,0.0,3337,31,6,0.03,0.0,JUNK - referral spam / bot
F_referral_spam_bot,sessionSourceMedium,api.scraperforce.com / referral,2026|03,session_start,1,1,0,0.0,3337,31,6,0.03,0.0,JUNK - referral spam / bot
F_referral_spam_bot,sessionSourceMedium,kaegtcr.online / referral,2026|03,first_visit,1,1,0,0.0,3337,31,6,0.03,0.0,JUNK - referral spam / bot
F_referral_spam_bot,sessionSourceMedium,kaegtcr.online / referral,2026|03,page_view,1,1,0,0.0,3337,31,6,0.03,0.0,JUNK - referral spam / bot
F_referral_spam_bot,sessionSourceMedium,kaegtcr.online / referral,2026|03,session_start,1,1,0,0.0,3337,31,6,0.03,0.0,JUNK - referral spam / bot
F_referral_spam_bot,sessionSourceMedium,sanganzhu.com / referral,2026|03,first_visit,1,1,0,0.0,3337,31,6,0.03,0.0,JUNK - referral spam / bot
F_referral_spam_bot,sessionSourceMedium,sanganzhu.com / referral,2026|03,page_view,1,1,0,0.0,3337,31,6,0.03,0.0,JUNK - referral spam / bot
F_referral_spam_bot,sessionSourceMedium,sanganzhu.com / referral,2026|03,session_start,1,1,0,0.0,3337,31,6,0.03,0.0,JUNK - referral spam / bot
F_referral_spam_bot,pageReferrer,outlook.live.com,2026|04,first_visit,1,1,0,0.0,3458,88,54,0.029,0.0,JUNK - referral spam / bot
F_referral_spam_bot,pageReferrer,outlook.live.com,2026|04,page_view,1,1,0,0.0,3458,88,54,0.029,0.0,JUNK - referral spam / bot
F_referral_spam_bot,pageReferrer,outlook.live.com,2026|04,session_start,1,1,0,0.0,3458,88,54,0.029,0.0,JUNK - referral spam / bot
F_referral_spam_bot,pageReferrer,regulator.sqprod.co,2026|04,first_visit,1,1,0,0.0,3458,88,54,0.029,0.0,JUNK - referral spam / bot
F_referral_spam_bot,pageReferrer,regulator.sqprod.co,2026|04,page_view,1,1,0,0.0,3458,88,54,0.029,0.0,JUNK - referral spam / bot
F_referral_spam_bot,pageReferrer,regulator.sqprod.co,2026|04,session_start,1,1,0,0.0,3458,88,54,0.029,0.0,JUNK - referral spam / bot
F_referral_spam_bot,pageReferrer,regulator.sqprod.co,2026|04,user_engagement,1,1,0,0.0,3458,88,54,0.029,0.0,JUNK - referral spam / bot
F_referral_spam_bot,sessionSourceMedium,outlook.live.com / referral,2026|04,first_visit,1,1,0,0.0,3458,88,54,0.029,0.0,JUNK - referral spam / bot
F_referral_spam_bot,sessionSourceMedium,outlook.live.com / referral,2026|04,page_view,1,1,0,0.0,3458,88,54,0.029,0.0,JUNK - referral spam / bot
F_referral_spam_bot,sessionSourceMedium,outlook.live.com / referral,2026|04,session_start,1,1,0,0.0,3458,88,54,0.029,0.0,JUNK - referral spam / bot
F_referral_spam_bot,sessionSourceMedium,regulator.sqprod.co / referral,2026|04,first_visit,1,1,0,0.0,3458,88,54,0.029,0.0,JUNK - referral spam / bot
F_referral_spam_bot,sessionSourceMedium,regulator.sqprod.co / referral,2026|04,generate_lead,1,1,1,0.0,3458,88,54,0.029,1.136,JUNK - referral spam / bot
F_referral_spam_bot,sessionSourceMedium,regulator.sqprod.co / referral,2026|04,page_view,3,1,0,0.0,3458,88,54,0.087,0.0,JUNK - referral spam / bot
F_referral_spam_bot,sessionSourceMedium,regulator.sqprod.co / referral,2026|04,session_start,1,1,0,0.0,3458,88,54,0.029,0.0,JUNK - referral spam / bot
F_referral_spam_bot,sessionSourceMedium,regulator.sqprod.co / referral,2026|04,user_engagement,3,1,0,0.0,3458,88,54,0.087,0.0,JUNK - referral spam / bot
F_referral_spam_bot,pageReferrer,fullscript.lightning.force.com,2026|05,first_visit,1,1,0,0.0,4782,75,25,0.021,0.0,JUNK - referral spam / bot
F_referral_spam_bot,pageReferrer,fullscript.lightning.force.com,2026|05,page_view,1,1,0,0.0,4782,75,25,0.021,0.0,JUNK - referral spam / bot
F_referral_spam_bot,pageReferrer,fullscript.lightning.force.com,2026|05,session_start,1,1,0,0.0,4782,75,25,0.021,0.0,JUNK - referral spam / bot
F_referral_spam_bot,pageReferrer,fullscript.lightning.force.com,2026|05,user_engagement,1,1,0,0.0,4782,75,25,0.021,0.0,JUNK - referral spam / bot
F_referral_spam_bot,pageReferrer,ndnr.com,2026|05,first_visit,1,1,0,0.0,4782,75,25,0.021,0.0,JUNK - referral spam / bot
F_referral_spam_bot,pageReferrer,ndnr.com,2026|05,meet_dr__haley,1,1,0,0.0,4782,75,25,0.021,0.0,JUNK - referral spam / bot
F_referral_spam_bot,pageReferrer,ndnr.com,2026|05,page_view,1,1,0,0.0,4782,75,25,0.021,0.0,JUNK - referral spam / bot
F_referral_spam_bot,pageReferrer,ndnr.com,2026|05,scroll,1,1,0,0.0,4782,75,25,0.021,0.0,JUNK - referral spam / bot
F_referral_spam_bot,pageReferrer,ndnr.com,2026|05,session_start,1,1,0,0.0,4782,75,25,0.021,0.0,JUNK - referral spam / bot
F_referral_spam_bot,pageReferrer,ndnr.com,2026|05,user_engagement,1,1,0,0.0,4782,75,25,0.021,0.0,JUNK - referral spam / bot
F_referral_spam_bot,pageReferrer,www.zsio.net,2026|05,first_visit,1,1,0,0.0,4782,75,25,0.021,0.0,JUNK - referral spam / bot
F_referral_spam_bot,pageReferrer,www.zsio.net,2026|05,page_view,1,1,0,0.0,4782,75,25,0.021,0.0,JUNK - referral spam / bot
F_referral_spam_bot,pageReferrer,www.zsio.net,2026|05,session_start,1,1,0,0.0,4782,75,25,0.021,0.0,JUNK - referral spam / bot
F_referral_spam_bot,sessionSourceMedium,fullscript.lightning.force.com / referral,2026|05,first_visit,1,1,0,0.0,4782,75,25,0.021,0.0,JUNK - referral spam / bot
F_referral_spam_bot,sessionSourceMedium,fullscript.lightning.force.com / referral,2026|05,page_view,2,1,0,0.0,4782,75,25,0.042,0.0,JUNK - referral spam / bot
F_referral_spam_bot,sessionSourceMedium,fullscript.lightning.force.com / referral,2026|05,scroll,1,1,0,0.0,4782,75,25,0.021,0.0,JUNK - referral spam / bot
F_referral_spam_bot,sessionSourceMedium,fullscript.lightning.force.com / referral,2026|05,session_start,1,1,0,0.0,4782,75,25,0.021,0.0,JUNK - referral spam / bot
F_referral_spam_bot,sessionSourceMedium,fullscript.lightning.force.com / referral,2026|05,user_engagement,1,1,0,0.0,4782,75,25,0.021,0.0,JUNK - referral spam / bot
F_referral_spam_bot,sessionSourceMedium,ndnr.com / referral,2026|05,first_visit,1,1,0,0.0,4782,75,25,0.021,0.0,JUNK - referral spam / bot
F_referral_spam_bot,sessionSourceMedium,ndnr.com / referral,2026|05,meet_dr__haley,1,1,0,0.0,4782,75,25,0.021,0.0,JUNK - referral spam / bot
F_referral_spam_bot,sessionSourceMedium,ndnr.com / referral,2026|05,page_view,9,2,0,0.0,4782,75,25,0.188,0.0,JUNK - referral spam / bot
F_referral_spam_bot,sessionSourceMedium,ndnr.com / referral,2026|05,schedule_appointment,2,2,0,0.0,4782,75,25,0.042,0.0,JUNK - referral spam / bot
F_referral_spam_bot,sessionSourceMedium,ndnr.com / referral,2026|05,scroll,5,2,0,0.0,4782,75,25,0.105,0.0,JUNK - referral spam / bot
F_referral_spam_bot,sessionSourceMedium,ndnr.com / referral,2026|05,session_start,2,2,0,0.0,4782,75,25,0.042,0.0,JUNK - referral spam / bot
F_referral_spam_bot,sessionSourceMedium,ndnr.com / referral,2026|05,user_engagement,8,2,0,0.0,4782,75,25,0.167,0.0,JUNK - referral spam / bot
F_referral_spam_bot,sessionSourceMedium,zsio.net / referral,2026|05,first_visit,1,1,0,0.0,4782,75,25,0.021,0.0,JUNK - referral spam / bot
F_referral_spam_bot,sessionSourceMedium,zsio.net / referral,2026|05,page_view,1,1,0,0.0,4782,75,25,0.021,0.0,JUNK - referral spam / bot
F_referral_spam_bot,sessionSourceMedium,zsio.net / referral,2026|05,session_start,1,1,0,0.0,4782,75,25,0.021,0.0,JUNK - referral spam / bot
F_referral_spam_bot,pageReferrer,search.ccleanerbrowser.com,2026|06,first_visit,1,1,0,0.0,4587,212,44,0.022,0.0,JUNK - referral spam / bot
F_referral_spam_bot,pageReferrer,search.ccleanerbrowser.com,2026|06,page_view,1,1,0,0.0,4587,212,44,0.022,0.0,JUNK - referral spam / bot
F_referral_spam_bot,pageReferrer,search.ccleanerbrowser.com,2026|06,scroll,1,1,0,0.0,4587,212,44,0.022,0.0,JUNK - referral spam / bot
F_referral_spam_bot,pageReferrer,search.ccleanerbrowser.com,2026|06,session_start,1,1,0,0.0,4587,212,44,0.022,0.0,JUNK - referral spam / bot
F_referral_spam_bot,pageReferrer,search.ccleanerbrowser.com,2026|06,user_engagement,1,1,0,0.0,4587,212,44,0.022,0.0,JUNK - referral spam / bot
F_referral_spam_bot,pageReferrer,www.anyiyun.net,2026|06,first_visit,1,1,0,0.0,4587,212,44,0.022,0.0,JUNK - referral spam / bot
F_referral_spam_bot,pageReferrer,www.anyiyun.net,2026|06,page_view,1,1,0,0.0,4587,212,44,0.022,0.0,JUNK - referral spam / bot
F_referral_spam_bot,pageReferrer,www.anyiyun.net,2026|06,session_start,1,1,0,0.0,4587,212,44,0.022,0.0,JUNK - referral spam / bot
F_referral_spam_bot,pageReferrer,www.lucxspace.com,2026|06,first_visit,1,1,0,0.0,4587,212,44,0.022,0.0,JUNK - referral spam / bot
F_referral_spam_bot,pageReferrer,www.lucxspace.com,2026|06,page_view,1,1,0,0.0,4587,212,44,0.022,0.0,JUNK - referral spam / bot
F_referral_spam_bot,pageReferrer,www.lucxspace.com,2026|06,session_start,1,1,0,0.0,4587,212,44,0.022,0.0,JUNK - referral spam / bot
F_referral_spam_bot,sessionSourceMedium,anyiyun.net / referral,2026|06,first_visit,1,1,0,0.0,4587,212,44,0.022,0.0,JUNK - referral spam / bot
F_referral_spam_bot,sessionSourceMedium,anyiyun.net / referral,2026|06,page_view,1,1,0,0.0,4587,212,44,0.022,0.0,JUNK - referral spam / bot
F_referral_spam_bot,sessionSourceMedium,anyiyun.net / referral,2026|06,session_start,1,1,0,0.0,4587,212,44,0.022,0.0,JUNK - referral spam / bot
F_referral_spam_bot,sessionSourceMedium,lucxspace.com / referral,2026|06,first_visit,1,1,0,0.0,4587,212,44,0.022,0.0,JUNK - referral spam / bot
F_referral_spam_bot,sessionSourceMedium,lucxspace.com / referral,2026|06,page_view,1,1,0,0.0,4587,212,44,0.022,0.0,JUNK - referral spam / bot
F_referral_spam_bot,sessionSourceMedium,lucxspace.com / referral,2026|06,session_start,1,1,0,0.0,4587,212,44,0.022,0.0,JUNK - referral spam / bot
F_referral_spam_bot,sessionSourceMedium,search.ccleanerbrowser.com / referral,2026|06,first_visit,1,1,0,0.0,4587,212,44,0.022,0.0,JUNK - referral spam / bot
F_referral_spam_bot,sessionSourceMedium,search.ccleanerbrowser.com / referral,2026|06,page_view,1,1,0,0.0,4587,212,44,0.022,0.0,JUNK - referral spam / bot
F_referral_spam_bot,sessionSourceMedium,search.ccleanerbrowser.com / referral,2026|06,scroll,1,1,0,0.0,4587,212,44,0.022,0.0,JUNK - referral spam / bot
F_referral_spam_bot,sessionSourceMedium,search.ccleanerbrowser.com / referral,2026|06,session_start,1,1,0,0.0,4587,212,44,0.022,0.0,JUNK - referral spam / bot
F_referral_spam_bot,sessionSourceMedium,search.ccleanerbrowser.com / referral,2026|06,user_engagement,1,1,0,0.0,4587,212,44,0.022,0.0,JUNK - referral spam / bot
F_referral_spam_bot,pageReferrer,www.considerin.net,2026|08,first_visit,1,1,0,0.0,5315,247,30,0.019,0.0,JUNK - referral spam / bot
F_referral_spam_bot,pageReferrer,www.considerin.net,2026|08,page_view,1,1,0,0.0,5315,247,30,0.019,0.0,JUNK - referral spam / bot
F_referral_spam_bot,pageReferrer,www.considerin.net,2026|08,session_start,1,1,0,0.0,5315,247,30,0.019,0.0,JUNK - referral spam / bot
F_referral_spam_bot,pageReferrer,www.sunblog.asia,2026|08,first_visit,1,1,0,0.0,5315,247,30,0.019,0.0,JUNK - referral spam / bot
F_referral_spam_bot,pageReferrer,www.sunblog.asia,2026|08,page_view,1,1,0,0.0,5315,247,30,0.019,0.0,JUNK - referral spam / bot
F_referral_spam_bot,pageReferrer,www.sunblog.asia,2026|08,session_start,1,1,0,0.0,5315,247,30,0.019,0.0,JUNK - referral spam / bot
F_referral_spam_bot,sessionSourceMedium,considerin.net / referral,2026|08,first_visit,1,1,0,0.0,5315,247,30,0.019,0.0,JUNK - referral spam / bot
F_referral_spam_bot,sessionSourceMedium,considerin.net / referral,2026|08,page_view,1,1,0,0.0,5315,247,30,0.019,0.0,JUNK - referral spam / bot
F_referral_spam_bot,sessionSourceMedium,considerin.net / referral,2026|08,session_start,1,1,0,0.0,5315,247,30,0.019,0.0,JUNK - referral spam / bot
F_referral_spam_bot,sessionSourceMedium,sunblog.asia / referral,2026|08,first_visit,1,1,0,0.0,5315,247,30,0.019,0.0,JUNK - referral spam / bot
F_referral_spam_bot,sessionSourceMedium,sunblog.asia / referral,2026|08,page_view,1,1,0,0.0,5315,247,30,0.019,0.0,JUNK - referral spam / bot
F_referral_spam_bot,sessionSourceMedium,sunblog.asia / referral,2026|08,session_start,1,1,0,0.0,5315,247,30,0.019,0.0,JUNK - referral spam / bot
F_referral_spam_bot,pageReferrer,naturalpractitionermag.com,2026|09,first_visit,1,1,0,0.0,863,39,6,0.116,0.0,JUNK - referral spam / bot
F_referral_spam_bot,pageReferrer,naturalpractitionermag.com,2026|09,page_view,1,1,0,0.0,863,39,6,0.116,0.0,JUNK - referral spam / bot
F_referral_spam_bot,pageReferrer,naturalpractitionermag.com,2026|09,session_start,2,2,0,0.0,863,39,6,0.232,0.0,JUNK - referral spam / bot
F_referral_spam_bot,pageReferrer,naturalpractitionermag.com,2026|09,user_engagement,1,1,0,0.0,863,39,6,0.116,0.0,JUNK - referral spam / bot
F_referral_spam_bot,sessionSourceMedium,naturalpractitionermag.com / referral,2026|09,first_visit,1,1,0,0.0,863,39,6,0.116,0.0,JUNK - referral spam / bot
F_referral_spam_bot,sessionSourceMedium,naturalpractitionermag.com / referral,2026|09,page_view,4,2,0,0.0,863,39,6,0.463,0.0,JUNK - referral spam / bot
F_referral_spam_bot,sessionSourceMedium,naturalpractitionermag.com / referral,2026|09,scroll,1,1,0,0.0,863,39,6,0.116,0.0,JUNK - referral spam / bot
F_referral_spam_bot,sessionSourceMedium,naturalpractitionermag.com / referral,2026|09,session_start,2,2,0,0.0,863,39,6,0.232,0.0,JUNK - referral spam / bot
F_referral_spam_bot,sessionSourceMedium,naturalpractitionermag.com / referral,2026|09,user_engagement,4,1,0,0.0,863,39,6,0.463,0.0,JUNK - referral spam / bot
G_doubleclick_adredirect_legacy,pageReferrer,googleads.g.doubleclick.net,2023|03,click,1,1,0,0.0,4868,0,0,0.021,,"BENIGN - legacy ad redirect, pre-2025|03 only"
G_doubleclick_adredirect_legacy,pageReferrer,googleads.g.doubleclick.net,2023|03,first_visit,70,70,0,0.0,4868,0,0,1.438,,"BENIGN - legacy ad redirect, pre-2025|03 only"
G_doubleclick_adredirect_legacy,pageReferrer,googleads.g.doubleclick.net,2023|03,page_view,82,73,0,0.0,4868,0,0,1.684,,"BENIGN - legacy ad redirect, pre-2025|03 only"
G_doubleclick_adredirect_legacy,pageReferrer,googleads.g.doubleclick.net,2023|03,scroll,11,11,0,0.0,4868,0,0,0.226,,"BENIGN - legacy ad redirect, pre-2025|03 only"
G_doubleclick_adredirect_legacy,pageReferrer,googleads.g.doubleclick.net,2023|03,session_start,74,74,0,0.0,4868,0,0,1.52,,"BENIGN - legacy ad redirect, pre-2025|03 only"
G_doubleclick_adredirect_legacy,pageReferrer,googleads.g.doubleclick.net,2023|03,user_engagement,45,41,0,0.0,4868,0,0,0.924,,"BENIGN - legacy ad redirect, pre-2025|03 only"
G_doubleclick_adredirect_legacy,pageReferrer,googleads.g.doubleclick.net,2023|04,first_visit,80,80,0,0.0,3691,0,0,2.167,,"BENIGN - legacy ad redirect, pre-2025|03 only"
G_doubleclick_adredirect_legacy,pageReferrer,googleads.g.doubleclick.net,2023|04,form_start,2,2,0,0.0,3691,0,0,0.054,,"BENIGN - legacy ad redirect, pre-2025|03 only"
G_doubleclick_adredirect_legacy,pageReferrer,googleads.g.doubleclick.net,2023|04,page_view,103,86,0,0.0,3691,0,0,2.791,,"BENIGN - legacy ad redirect, pre-2025|03 only"
G_doubleclick_adredirect_legacy,pageReferrer,googleads.g.doubleclick.net,2023|04,scroll,12,9,0,0.0,3691,0,0,0.325,,"BENIGN - legacy ad redirect, pre-2025|03 only"
G_doubleclick_adredirect_legacy,pageReferrer,googleads.g.doubleclick.net,2023|04,session_start,86,86,0,0.0,3691,0,0,2.33,,"BENIGN - legacy ad redirect, pre-2025|03 only"
G_doubleclick_adredirect_legacy,pageReferrer,googleads.g.doubleclick.net,2023|04,user_engagement,51,47,0,0.0,3691,0,0,1.382,,"BENIGN - legacy ad redirect, pre-2025|03 only"
G_doubleclick_adredirect_legacy,pageReferrer,googleads.g.doubleclick.net,2023|05,first_visit,138,138,0,0.0,5239,0,0,2.634,,"BENIGN - legacy ad redirect, pre-2025|03 only"
G_doubleclick_adredirect_legacy,pageReferrer,googleads.g.doubleclick.net,2023|05,form_start,3,3,0,0.0,5239,0,0,0.057,,"BENIGN - legacy ad redirect, pre-2025|03 only"
G_doubleclick_adredirect_legacy,pageReferrer,googleads.g.doubleclick.net,2023|05,page_view,150,142,0,0.0,5239,0,0,2.863,,"BENIGN - legacy ad redirect, pre-2025|03 only"
G_doubleclick_adredirect_legacy,pageReferrer,googleads.g.doubleclick.net,2023|05,scroll,6,6,0,0.0,5239,0,0,0.115,,"BENIGN - legacy ad redirect, pre-2025|03 only"
G_doubleclick_adredirect_legacy,pageReferrer,googleads.g.doubleclick.net,2023|05,session_start,142,142,0,0.0,5239,0,0,2.71,,"BENIGN - legacy ad redirect, pre-2025|03 only"
G_doubleclick_adredirect_legacy,pageReferrer,googleads.g.doubleclick.net,2023|05,user_engagement,57,55,0,0.0,5239,0,0,1.088,,"BENIGN - legacy ad redirect, pre-2025|03 only"
G_doubleclick_adredirect_legacy,pageReferrer,googleads.g.doubleclick.net,2023|06,first_visit,37,37,0,0.0,3257,0,0,1.136,,"BENIGN - legacy ad redirect, pre-2025|03 only"
G_doubleclick_adredirect_legacy,pageReferrer,googleads.g.doubleclick.net,2023|06,page_view,39,37,0,0.0,3257,0,0,1.197,,"BENIGN - legacy ad redirect, pre-2025|03 only"
G_doubleclick_adredirect_legacy,pageReferrer,googleads.g.doubleclick.net,2023|06,scroll,4,4,0,0.0,3257,0,0,0.123,,"BENIGN - legacy ad redirect, pre-2025|03 only"
G_doubleclick_adredirect_legacy,pageReferrer,googleads.g.doubleclick.net,2023|06,session_start,38,38,0,0.0,3257,0,0,1.167,,"BENIGN - legacy ad redirect, pre-2025|03 only"
G_doubleclick_adredirect_legacy,pageReferrer,googleads.g.doubleclick.net,2023|06,user_engagement,26,26,0,0.0,3257,0,0,0.798,,"BENIGN - legacy ad redirect, pre-2025|03 only"
G_doubleclick_adredirect_legacy,pageReferrer,googleads.g.doubleclick.net,2023|07,first_visit,49,49,0,0.0,3369,0,0,1.454,,"BENIGN - legacy ad redirect, pre-2025|03 only"
G_doubleclick_adredirect_legacy,pageReferrer,googleads.g.doubleclick.net,2023|07,page_view,56,51,0,0.0,3369,0,0,1.662,,"BENIGN - legacy ad redirect, pre-2025|03 only"
G_doubleclick_adredirect_legacy,pageReferrer,googleads.g.doubleclick.net,2023|07,scroll,7,7,0,0.0,3369,0,0,0.208,,"BENIGN - legacy ad redirect, pre-2025|03 only"
G_doubleclick_adredirect_legacy,pageReferrer,googleads.g.doubleclick.net,2023|07,session_start,49,49,0,0.0,3369,0,0,1.454,,"BENIGN - legacy ad redirect, pre-2025|03 only"
G_doubleclick_adredirect_legacy,pageReferrer,googleads.g.doubleclick.net,2023|07,user_engagement,27,24,0,0.0,3369,0,0,0.801,,"BENIGN - legacy ad redirect, pre-2025|03 only"
G_doubleclick_adredirect_legacy,pageReferrer,googleads.g.doubleclick.net,2023|08,first_visit,18,18,0,0.0,2503,0,0,0.719,,"BENIGN - legacy ad redirect, pre-2025|03 only"
G_doubleclick_adredirect_legacy,pageReferrer,googleads.g.doubleclick.net,2023|08,form_start,1,1,0,0.0,2503,0,0,0.04,,"BENIGN - legacy ad redirect, pre-2025|03 only"
G_doubleclick_adredirect_legacy,pageReferrer,googleads.g.doubleclick.net,2023|08,page_view,20,19,0,0.0,2503,0,0,0.799,,"BENIGN - legacy ad redirect, pre-2025|03 only"
G_doubleclick_adredirect_legacy,pageReferrer,googleads.g.doubleclick.net,2023|08,scroll,4,4,0,0.0,2503,0,0,0.16,,"BENIGN - legacy ad redirect, pre-2025|03 only"
G_doubleclick_adredirect_legacy,pageReferrer,googleads.g.doubleclick.net,2023|08,session_start,19,19,0,0.0,2503,0,0,0.759,,"BENIGN - legacy ad redirect, pre-2025|03 only"
G_doubleclick_adredirect_legacy,pageReferrer,googleads.g.doubleclick.net,2023|08,user_engagement,7,7,0,0.0,2503,0,0,0.28,,"BENIGN - legacy ad redirect, pre-2025|03 only"
G_doubleclick_adredirect_legacy,pageReferrer,googleads.g.doubleclick.net,2024|02,first_visit,86,86,0,0.0,8187,23,23,1.05,0.0,"BENIGN - legacy ad redirect, pre-2025|03 only"
G_doubleclick_adredirect_legacy,pageReferrer,googleads.g.doubleclick.net,2024|02,form_start,1,1,0,0.0,8187,23,23,0.012,0.0,"BENIGN - legacy ad redirect, pre-2025|03 only"
G_doubleclick_adredirect_legacy,pageReferrer,googleads.g.doubleclick.net,2024|02,page_view,95,88,0,0.0,8187,23,23,1.16,0.0,"BENIGN - legacy ad redirect, pre-2025|03 only"
G_doubleclick_adredirect_legacy,pageReferrer,googleads.g.doubleclick.net,2024|02,scroll,7,7,0,0.0,8187,23,23,0.086,0.0,"BENIGN - legacy ad redirect, pre-2025|03 only"
G_doubleclick_adredirect_legacy,pageReferrer,googleads.g.doubleclick.net,2024|02,session_start,87,87,0,0.0,8187,23,23,1.063,0.0,"BENIGN - legacy ad redirect, pre-2025|03 only"
G_doubleclick_adredirect_legacy,pageReferrer,googleads.g.doubleclick.net,2024|02,user_engagement,49,46,0,0.0,8187,23,23,0.599,0.0,"BENIGN - legacy ad redirect, pre-2025|03 only"
G_doubleclick_adredirect_legacy,pageReferrer,googleads.g.doubleclick.net,2024|03,first_visit,94,94,0,0.0,5590,24,24,1.682,0.0,"BENIGN - legacy ad redirect, pre-2025|03 only"
G_doubleclick_adredirect_legacy,pageReferrer,googleads.g.doubleclick.net,2024|03,page_view,101,97,0,0.0,5590,24,24,1.807,0.0,"BENIGN - legacy ad redirect, pre-2025|03 only"
G_doubleclick_adredirect_legacy,pageReferrer,googleads.g.doubleclick.net,2024|03,scroll,9,8,0,0.0,5590,24,24,0.161,0.0,"BENIGN - legacy ad redirect, pre-2025|03 only"
G_doubleclick_adredirect_legacy,pageReferrer,googleads.g.doubleclick.net,2024|03,session_start,95,95,0,0.0,5590,24,24,1.699,0.0,"BENIGN - legacy ad redirect, pre-2025|03 only"
G_doubleclick_adredirect_legacy,pageReferrer,googleads.g.doubleclick.net,2024|03,user_engagement,46,46,0,0.0,5590,24,24,0.823,0.0,"BENIGN - legacy ad redirect, pre-2025|03 only"
G_doubleclick_adredirect_legacy,pageReferrer,googleads.g.doubleclick.net,2024|04,first_visit,34,34,0,0.0,3553,12,12,0.957,0.0,"BENIGN - legacy ad redirect, pre-2025|03 only"
G_doubleclick_adredirect_legacy,pageReferrer,googleads.g.doubleclick.net,2024|04,form_start,2,2,0,0.0,3553,12,12,0.056,0.0,"BENIGN - legacy ad redirect, pre-2025|03 only"
G_doubleclick_adredirect_legacy,pageReferrer,googleads.g.doubleclick.net,2024|04,page_view,37,36,0,0.0,3553,12,12,1.041,0.0,"BENIGN - legacy ad redirect, pre-2025|03 only"
G_doubleclick_adredirect_legacy,pageReferrer,googleads.g.doubleclick.net,2024|04,scroll,1,1,0,0.0,3553,12,12,0.028,0.0,"BENIGN - legacy ad redirect, pre-2025|03 only"
G_doubleclick_adredirect_legacy,pageReferrer,googleads.g.doubleclick.net,2024|04,session_start,36,36,0,0.0,3553,12,12,1.013,0.0,"BENIGN - legacy ad redirect, pre-2025|03 only"
G_doubleclick_adredirect_legacy,pageReferrer,googleads.g.doubleclick.net,2024|04,user_engagement,19,19,0,0.0,3553,12,12,0.535,0.0,"BENIGN - legacy ad redirect, pre-2025|03 only"
G_doubleclick_adredirect_legacy,pageReferrer,googleads.g.doubleclick.net,2024|05,first_visit,54,54,0,0.0,3113,17,17,1.735,0.0,"BENIGN - legacy ad redirect, pre-2025|03 only"
G_doubleclick_adredirect_legacy,pageReferrer,googleads.g.doubleclick.net,2024|05,page_view,55,55,0,0.0,3113,17,17,1.767,0.0,"BENIGN - legacy ad redirect, pre-2025|03 only"
G_doubleclick_adredirect_legacy,pageReferrer,googleads.g.doubleclick.net,2024|05,scroll,2,2,0,0.0,3113,17,17,0.064,0.0,"BENIGN - legacy ad redirect, pre-2025|03 only"
G_doubleclick_adredirect_legacy,pageReferrer,googleads.g.doubleclick.net,2024|05,session_start,55,55,0,0.0,3113,17,17,1.767,0.0,"BENIGN - legacy ad redirect, pre-2025|03 only"
G_doubleclick_adredirect_legacy,pageReferrer,googleads.g.doubleclick.net,2024|05,user_engagement,34,34,0,0.0,3113,17,17,1.092,0.0,"BENIGN - legacy ad redirect, pre-2025|03 only"
G_doubleclick_adredirect_legacy,pageReferrer,googleads.g.doubleclick.net,2024|06,first_visit,46,46,0,0.0,3795,21,21,1.212,0.0,"BENIGN - legacy ad redirect, pre-2025|03 only"
G_doubleclick_adredirect_legacy,pageReferrer,googleads.g.doubleclick.net,2024|06,page_view,61,51,0,0.0,3795,21,21,1.607,0.0,"BENIGN - legacy ad redirect, pre-2025|03 only"
G_doubleclick_adredirect_legacy,pageReferrer,googleads.g.doubleclick.net,2024|06,scroll,2,2,0,0.0,3795,21,21,0.053,0.0,"BENIGN - legacy ad redirect, pre-2025|03 only"
G_doubleclick_adredirect_legacy,pageReferrer,googleads.g.doubleclick.net,2024|06,session_start,50,50,0,0.0,3795,21,21,1.318,0.0,"BENIGN - legacy ad redirect, pre-2025|03 only"
G_doubleclick_adredirect_legacy,pageReferrer,googleads.g.doubleclick.net,2024|06,user_engagement,32,27,0,0.0,3795,21,21,0.843,0.0,"BENIGN - legacy ad redirect, pre-2025|03 only"
G_doubleclick_adredirect_legacy,pageReferrer,googleads.g.doubleclick.net,2024|07,first_visit,19,19,0,0.0,2541,23,23,0.748,0.0,"BENIGN - legacy ad redirect, pre-2025|03 only"
G_doubleclick_adredirect_legacy,pageReferrer,googleads.g.doubleclick.net,2024|07,page_view,21,19,0,0.0,2541,23,23,0.826,0.0,"BENIGN - legacy ad redirect, pre-2025|03 only"
G_doubleclick_adredirect_legacy,pageReferrer,googleads.g.doubleclick.net,2024|07,scroll,2,2,0,0.0,2541,23,23,0.079,0.0,"BENIGN - legacy ad redirect, pre-2025|03 only"
G_doubleclick_adredirect_legacy,pageReferrer,googleads.g.doubleclick.net,2024|07,session_start,19,19,0,0.0,2541,23,23,0.748,0.0,"BENIGN - legacy ad redirect, pre-2025|03 only"
G_doubleclick_adredirect_legacy,pageReferrer,googleads.g.doubleclick.net,2024|07,user_engagement,17,15,0,0.0,2541,23,23,0.669,0.0,"BENIGN - legacy ad redirect, pre-2025|03 only"
G_doubleclick_adredirect_legacy,pageReferrer,googleads.g.doubleclick.net,2024|08,first_visit,3,3,0,0.0,1939,10,10,0.155,0.0,"BENIGN - legacy ad redirect, pre-2025|03 only"
G_doubleclick_adredirect_legacy,pageReferrer,googleads.g.doubleclick.net,2024|08,page_view,12,3,0,0.0,1939,10,10,0.619,0.0,"BENIGN - legacy ad redirect, pre-2025|03 only"
G_doubleclick_adredirect_legacy,pageReferrer,googleads.g.doubleclick.net,2024|08,session_start,3,3,0,0.0,1939,10,10,0.155,0.0,"BENIGN - legacy ad redirect, pre-2025|03 only"
G_doubleclick_adredirect_legacy,pageReferrer,googleads.g.doubleclick.net,2024|08,user_engagement,10,2,0,0.0,1939,10,10,0.516,0.0,"BENIGN - legacy ad redirect, pre-2025|03 only"
G_doubleclick_adredirect_legacy,pageReferrer,googleads.g.doubleclick.net,2024|09,first_visit,28,28,0,0.0,3690,15,15,0.759,0.0,"BENIGN - legacy ad redirect, pre-2025|03 only"
G_doubleclick_adredirect_legacy,pageReferrer,googleads.g.doubleclick.net,2024|09,page_view,32,30,0,0.0,3690,15,15,0.867,0.0,"BENIGN - legacy ad redirect, pre-2025|03 only"
G_doubleclick_adredirect_legacy,pageReferrer,googleads.g.doubleclick.net,2024|09,scroll,3,3,0,0.0,3690,15,15,0.081,0.0,"BENIGN - legacy ad redirect, pre-2025|03 only"
G_doubleclick_adredirect_legacy,pageReferrer,googleads.g.doubleclick.net,2024|09,session_start,31,31,0,0.0,3690,15,15,0.84,0.0,"BENIGN - legacy ad redirect, pre-2025|03 only"
G_doubleclick_adredirect_legacy,pageReferrer,googleads.g.doubleclick.net,2024|09,user_engagement,19,18,0,0.0,3690,15,15,0.515,0.0,"BENIGN - legacy ad redirect, pre-2025|03 only"
G_doubleclick_adredirect_legacy,pageReferrer,googleads.g.doubleclick.net,2024|10,first_visit,33,33,0,0.0,3930,21,21,0.84,0.0,"BENIGN - legacy ad redirect, pre-2025|03 only"
G_doubleclick_adredirect_legacy,pageReferrer,googleads.g.doubleclick.net,2024|10,page_view,35,34,0,0.0,3930,21,21,0.891,0.0,"BENIGN - legacy ad redirect, pre-2025|03 only"
G_doubleclick_adredirect_legacy,pageReferrer,googleads.g.doubleclick.net,2024|10,scroll,1,1,0,0.0,3930,21,21,0.025,0.0,"BENIGN - legacy ad redirect, pre-2025|03 only"
G_doubleclick_adredirect_legacy,pageReferrer,googleads.g.doubleclick.net,2024|10,session_start,35,35,0,0.0,3930,21,21,0.891,0.0,"BENIGN - legacy ad redirect, pre-2025|03 only"
G_doubleclick_adredirect_legacy,pageReferrer,googleads.g.doubleclick.net,2024|10,user_engagement,17,17,0,0.0,3930,21,21,0.433,0.0,"BENIGN - legacy ad redirect, pre-2025|03 only"
G_doubleclick_adredirect_legacy,pageReferrer,googleads.g.doubleclick.net,2024|11,click,1,1,0,0.0,3781,15,12,0.026,0.0,"BENIGN - legacy ad redirect, pre-2025|03 only"
G_doubleclick_adredirect_legacy,pageReferrer,googleads.g.doubleclick.net,2024|11,first_visit,41,41,0,0.0,3781,15,12,1.084,0.0,"BENIGN - legacy ad redirect, pre-2025|03 only"
G_doubleclick_adredirect_legacy,pageReferrer,googleads.g.doubleclick.net,2024|11,page_view,47,42,0,0.0,3781,15,12,1.243,0.0,"BENIGN - legacy ad redirect, pre-2025|03 only"
G_doubleclick_adredirect_legacy,pageReferrer,googleads.g.doubleclick.net,2024|11,scroll,3,3,0,0.0,3781,15,12,0.079,0.0,"BENIGN - legacy ad redirect, pre-2025|03 only"
G_doubleclick_adredirect_legacy,pageReferrer,googleads.g.doubleclick.net,2024|11,session_start,41,41,0,0.0,3781,15,12,1.084,0.0,"BENIGN - legacy ad redirect, pre-2025|03 only"
G_doubleclick_adredirect_legacy,pageReferrer,googleads.g.doubleclick.net,2024|11,user_engagement,26,24,0,0.0,3781,15,12,0.688,0.0,"BENIGN - legacy ad redirect, pre-2025|03 only"
G_doubleclick_adredirect_legacy,pageReferrer,googleads.g.doubleclick.net,2024|12,first_visit,24,24,0,0.0,2448,25,2,0.98,0.0,"BENIGN - legacy ad redirect, pre-2025|03 only"
G_doubleclick_adredirect_legacy,pageReferrer,googleads.g.doubleclick.net,2024|12,page_view,25,24,0,0.0,2448,25,2,1.021,0.0,"BENIGN - legacy ad redirect, pre-2025|03 only"
G_doubleclick_adredirect_legacy,pageReferrer,googleads.g.doubleclick.net,2024|12,scroll,3,3,0,0.0,2448,25,2,0.123,0.0,"BENIGN - legacy ad redirect, pre-2025|03 only"
G_doubleclick_adredirect_legacy,pageReferrer,googleads.g.doubleclick.net,2024|12,session_start,24,24,0,0.0,2448,25,2,0.98,0.0,"BENIGN - legacy ad redirect, pre-2025|03 only"
G_doubleclick_adredirect_legacy,pageReferrer,googleads.g.doubleclick.net,2024|12,user_engagement,14,14,0,0.0,2448,25,2,0.572,0.0,"BENIGN - legacy ad redirect, pre-2025|03 only"
G_doubleclick_adredirect_legacy,pageReferrer,googleads.g.doubleclick.net,2025|01,first_visit,18,18,0,0.0,2895,19,2,0.622,0.0,"BENIGN - legacy ad redirect, pre-2025|03 only"
G_doubleclick_adredirect_legacy,pageReferrer,googleads.g.doubleclick.net,2025|01,form_start,1,1,0,0.0,2895,19,2,0.035,0.0,"BENIGN - legacy ad redirect, pre-2025|03 only"
G_doubleclick_adredirect_legacy,pageReferrer,googleads.g.doubleclick.net,2025|01,page_view,22,18,0,0.0,2895,19,2,0.76,0.0,"BENIGN - legacy ad redirect, pre-2025|03 only"
G_doubleclick_adredirect_legacy,pageReferrer,googleads.g.doubleclick.net,2025|01,session_start,18,18,0,0.0,2895,19,2,0.622,0.0,"BENIGN - legacy ad redirect, pre-2025|03 only"
G_doubleclick_adredirect_legacy,pageReferrer,googleads.g.doubleclick.net,2025|01,user_engagement,10,8,0,0.0,2895,19,2,0.345,0.0,"BENIGN - legacy ad redirect, pre-2025|03 only"
G_doubleclick_adredirect_legacy,pageReferrer,googleads.g.doubleclick.net,2025|02,first_visit,17,17,0,0.0,2986,30,0,0.569,0.0,"BENIGN - legacy ad redirect, pre-2025|03 only"
G_doubleclick_adredirect_legacy,pageReferrer,googleads.g.doubleclick.net,2025|02,form_start,1,1,0,0.0,2986,30,0,0.033,0.0,"BENIGN - legacy ad redirect, pre-2025|03 only"
G_doubleclick_adredirect_legacy,pageReferrer,googleads.g.doubleclick.net,2025|02,page_view,19,17,0,0.0,2986,30,0,0.636,0.0,"BENIGN - legacy ad redirect, pre-2025|03 only"
G_doubleclick_adredirect_legacy,pageReferrer,googleads.g.doubleclick.net,2025|02,session_start,17,17,0,0.0,2986,30,0,0.569,0.0,"BENIGN - legacy ad redirect, pre-2025|03 only"
G_doubleclick_adredirect_legacy,pageReferrer,googleads.g.doubleclick.net,2025|02,user_engagement,13,11,0,0.0,2986,30,0,0.435,0.0,"BENIGN - legacy ad redirect, pre-2025|03 only"
H_google_search_partners,pageReferrer,syndicatedsearch.goog,2024|09,first_visit,1,1,0,0.0,3690,15,15,0.027,0.0,REAL but low quality - Search Partners inventory
H_google_search_partners,pageReferrer,syndicatedsearch.goog,2024|09,page_view,1,1,0,0.0,3690,15,15,0.027,0.0,REAL but low quality - Search Partners inventory
H_google_search_partners,pageReferrer,syndicatedsearch.goog,2024|09,session_start,1,1,0,0.0,3690,15,15,0.027,0.0,REAL but low quality - Search Partners inventory
H_google_search_partners,pageReferrer,syndicatedsearch.goog,2024|10,first_visit,1,1,0,0.0,3930,21,21,0.025,0.0,REAL but low quality - Search Partners inventory
H_google_search_partners,pageReferrer,syndicatedsearch.goog,2024|10,page_view,1,1,0,0.0,3930,21,21,0.025,0.0,REAL but low quality - Search Partners inventory
H_google_search_partners,pageReferrer,syndicatedsearch.goog,2024|10,session_start,1,1,0,0.0,3930,21,21,0.025,0.0,REAL but low quality - Search Partners inventory
H_google_search_partners,pageReferrer,syndicatedsearch.goog,2024|10,user_engagement,1,1,0,0.0,3930,21,21,0.025,0.0,REAL but low quality - Search Partners inventory
H_google_search_partners,pageReferrer,syndicatedsearch.goog,2024|11,first_visit,1,1,0,0.0,3781,15,12,0.026,0.0,REAL but low quality - Search Partners inventory
H_google_search_partners,pageReferrer,syndicatedsearch.goog,2024|11,page_view,2,1,0,0.0,3781,15,12,0.053,0.0,REAL but low quality - Search Partners inventory
H_google_search_partners,pageReferrer,syndicatedsearch.goog,2024|11,session_start,1,1,0,0.0,3781,15,12,0.026,0.0,REAL but low quality - Search Partners inventory
H_google_search_partners,pageReferrer,syndicatedsearch.goog,2024|11,user_engagement,2,1,0,0.0,3781,15,12,0.053,0.0,REAL but low quality - Search Partners inventory
H_google_search_partners,pageReferrer,syndicatedsearch.goog,2024|12,first_visit,6,6,0,0.0,2448,25,2,0.245,0.0,REAL but low quality - Search Partners inventory
H_google_search_partners,pageReferrer,syndicatedsearch.goog,2024|12,page_view,6,6,0,0.0,2448,25,2,0.245,0.0,REAL but low quality - Search Partners inventory
H_google_search_partners,pageReferrer,syndicatedsearch.goog,2024|12,session_start,6,6,0,0.0,2448,25,2,0.245,0.0,REAL but low quality - Search Partners inventory
H_google_search_partners,pageReferrer,syndicatedsearch.goog,2024|12,user_engagement,3,3,0,0.0,2448,25,2,0.123,0.0,REAL but low quality - Search Partners inventory
H_google_search_partners,pageReferrer,syndicatedsearch.goog,2025|01,first_visit,2,2,0,0.0,2895,19,2,0.069,0.0,REAL but low quality - Search Partners inventory
H_google_search_partners,pageReferrer,syndicatedsearch.goog,2025|01,page_view,3,2,0,0.0,2895,19,2,0.104,0.0,REAL but low quality - Search Partners inventory
H_google_search_partners,pageReferrer,syndicatedsearch.goog,2025|01,scroll,2,1,0,0.0,2895,19,2,0.069,0.0,REAL but low quality - Search Partners inventory
H_google_search_partners,pageReferrer,syndicatedsearch.goog,2025|01,session_start,2,2,0,0.0,2895,19,2,0.069,0.0,REAL but low quality - Search Partners inventory
H_google_search_partners,pageReferrer,syndicatedsearch.goog,2025|02,first_visit,2,2,0,0.0,2986,30,0,0.067,0.0,REAL but low quality - Search Partners inventory
H_google_search_partners,pageReferrer,syndicatedsearch.goog,2025|02,meet_dr__jacob,1,1,0,0.0,2986,30,0,0.033,0.0,REAL but low quality - Search Partners inventory
H_google_search_partners,pageReferrer,syndicatedsearch.goog,2025|02,page_view,2,2,0,0.0,2986,30,0,0.067,0.0,REAL but low quality - Search Partners inventory
H_google_search_partners,pageReferrer,syndicatedsearch.goog,2025|02,scroll,1,1,0,0.0,2986,30,0,0.033,0.0,REAL but low quality - Search Partners inventory
H_google_search_partners,pageReferrer,syndicatedsearch.goog,2025|02,session_start,2,2,0,0.0,2986,30,0,0.067,0.0,REAL but low quality - Search Partners inventory
H_google_search_partners,pageReferrer,syndicatedsearch.goog,2025|03,first_visit,2,2,0,0.0,2970,23,1,0.067,0.0,REAL but low quality - Search Partners inventory
H_google_search_partners,pageReferrer,syndicatedsearch.goog,2025|03,page_view,2,2,0,0.0,2970,23,1,0.067,0.0,REAL but low quality - Search Partners inventory
H_google_search_partners,pageReferrer,syndicatedsearch.goog,2025|03,session_start,2,2,0,0.0,2970,23,1,0.067,0.0,REAL but low quality - Search Partners inventory
H_google_search_partners,pageReferrer,syndicatedsearch.goog,2025|03,user_engagement,1,1,0,0.0,2970,23,1,0.034,0.0,REAL but low quality - Search Partners inventory
H_google_search_partners,pageReferrer,syndicatedsearch.goog,2025|06,click,1,1,0,0.0,4471,38,10,0.022,0.0,REAL but low quality - Search Partners inventory
H_google_search_partners,pageReferrer,syndicatedsearch.goog,2025|06,first_visit,53,53,0,0.0,4471,38,10,1.185,0.0,REAL but low quality - Search Partners inventory
H_google_search_partners,pageReferrer,syndicatedsearch.goog,2025|06,meet_dr__jacob,1,1,0,0.0,4471,38,10,0.022,0.0,REAL but low quality - Search Partners inventory
H_google_search_partners,pageReferrer,syndicatedsearch.goog,2025|06,page_view,56,54,0,0.0,4471,38,10,1.253,0.0,REAL but low quality - Search Partners inventory
H_google_search_partners,pageReferrer,syndicatedsearch.goog,2025|06,schedule_appointment,1,1,0,0.0,4471,38,10,0.022,0.0,REAL but low quality - Search Partners inventory
H_google_search_partners,pageReferrer,syndicatedsearch.goog,2025|06,scroll,3,3,0,0.0,4471,38,10,0.067,0.0,REAL but low quality - Search Partners inventory
H_google_search_partners,pageReferrer,syndicatedsearch.goog,2025|06,session_start,54,54,0,0.0,4471,38,10,1.208,0.0,REAL but low quality - Search Partners inventory
H_google_search_partners,pageReferrer,syndicatedsearch.goog,2025|06,user_engagement,18,18,0,0.0,4471,38,10,0.403,0.0,REAL but low quality - Search Partners inventory
H_google_search_partners,pageReferrer,syndicatedsearch.goog,2025|07,first_visit,18,18,0,0.0,14051,37,3,0.128,0.0,REAL but low quality - Search Partners inventory
H_google_search_partners,pageReferrer,syndicatedsearch.goog,2025|07,page_view,20,18,0,0.0,14051,37,3,0.142,0.0,REAL but low quality - Search Partners inventory
H_google_search_partners,pageReferrer,syndicatedsearch.goog,2025|07,session_start,18,18,0,0.0,14051,37,3,0.128,0.0,REAL but low quality - Search Partners inventory
H_google_search_partners,pageReferrer,syndicatedsearch.goog,2025|07,user_engagement,7,7,0,0.0,14051,37,3,0.05,0.0,REAL but low quality - Search Partners inventory
H_google_search_partners,pageReferrer,syndicatedsearch.goog,2025|08,first_visit,9,9,0,0.0,4058,22,0,0.222,0.0,REAL but low quality - Search Partners inventory
H_google_search_partners,pageReferrer,syndicatedsearch.goog,2025|08,page_view,9,9,0,0.0,4058,22,0,0.222,0.0,REAL but low quality - Search Partners inventory
H_google_search_partners,pageReferrer,syndicatedsearch.goog,2025|08,scroll,1,1,0,0.0,4058,22,0,0.025,0.0,REAL but low quality - Search Partners inventory
H_google_search_partners,pageReferrer,syndicatedsearch.goog,2025|08,session_start,9,9,0,0.0,4058,22,0,0.222,0.0,REAL but low quality - Search Partners inventory
H_google_search_partners,pageReferrer,syndicatedsearch.goog,2025|08,user_engagement,5,5,0,0.0,4058,22,0,0.123,0.0,REAL but low quality - Search Partners inventory
H_google_search_partners,pageReferrer,syndicatedsearch.goog,2026|04,first_visit,3,3,0,0.0,3458,88,54,0.087,0.0,REAL but low quality - Search Partners inventory
H_google_search_partners,pageReferrer,syndicatedsearch.goog,2026|04,page_view,3,3,0,0.0,3458,88,54,0.087,0.0,REAL but low quality - Search Partners inventory
H_google_search_partners,pageReferrer,syndicatedsearch.goog,2026|04,session_start,3,3,0,0.0,3458,88,54,0.087,0.0,REAL but low quality - Search Partners inventory
H_google_search_partners,pageReferrer,syndicatedsearch.goog,2026|04,user_engagement,1,1,0,0.0,3458,88,54,0.029,0.0,REAL but low quality - Search Partners inventory
H_google_search_partners,pageReferrer,syndicatedsearch.goog,2026|05,first_visit,3,3,0,0.0,4782,75,25,0.063,0.0,REAL but low quality - Search Partners inventory
H_google_search_partners,pageReferrer,syndicatedsearch.goog,2026|05,meet_dr__haley,1,1,0,0.0,4782,75,25,0.021,0.0,REAL but low quality - Search Partners inventory
H_google_search_partners,pageReferrer,syndicatedsearch.goog,2026|05,meet_dr__jacob,1,1,0,0.0,4782,75,25,0.021,0.0,REAL but low quality - Search Partners inventory
H_google_search_partners,pageReferrer,syndicatedsearch.goog,2026|05,page_view,5,3,0,0.0,4782,75,25,0.105,0.0,REAL but low quality - Search Partners inventory
H_google_search_partners,pageReferrer,syndicatedsearch.goog,2026|05,scroll,1,1,0,0.0,4782,75,25,0.021,0.0,REAL but low quality - Search Partners inventory
H_google_search_partners,pageReferrer,syndicatedsearch.goog,2026|05,session_start,3,3,0,0.0,4782,75,25,0.063,0.0,REAL but low quality - Search Partners inventory
H_google_search_partners,pageReferrer,syndicatedsearch.goog,2026|05,user_engagement,2,2,0,0.0,4782,75,25,0.042,0.0,REAL but low quality - Search Partners inventory
H_google_search_partners,pageReferrer,syndicatedsearch.goog,2026|07,click,1,1,0,0.0,6400,302,39,0.016,0.0,REAL but low quality - Search Partners inventory
H_google_search_partners,pageReferrer,syndicatedsearch.goog,2026|07,first_visit,51,51,0,0.0,6400,302,39,0.797,0.0,REAL but low quality - Search Partners inventory
H_google_search_partners,pageReferrer,syndicatedsearch.goog,2026|07,meet_dr__haley,3,2,0,0.0,6400,302,39,0.047,0.0,REAL but low quality - Search Partners inventory
H_google_search_partners,pageReferrer,syndicatedsearch.goog,2026|07,page_view,52,51,0,0.0,6400,302,39,0.812,0.0,REAL but low quality - Search Partners inventory
H_google_search_partners,pageReferrer,syndicatedsearch.goog,2026|07,schedule_appointment,4,4,4,0.0,6400,302,39,0.062,1.325,REAL but low quality - Search Partners inventory
H_google_search_partners,pageReferrer,syndicatedsearch.goog,2026|07,scroll,5,5,0,0.0,6400,302,39,0.078,0.0,REAL but low quality - Search Partners inventory
H_google_search_partners,pageReferrer,syndicatedsearch.goog,2026|07,session_start,51,51,0,0.0,6400,302,39,0.797,0.0,REAL but low quality - Search Partners inventory
H_google_search_partners,pageReferrer,syndicatedsearch.goog,2026|07,user_engagement,19,16,0,0.0,6400,302,39,0.297,0.0,REAL but low quality - Search Partners inventory
H_google_search_partners,pageReferrer,syndicatedsearch.goog,2026|08,first_visit,71,71,0,0.0,5315,247,30,1.336,0.0,REAL but low quality - Search Partners inventory
H_google_search_partners,pageReferrer,syndicatedsearch.goog,2026|08,meet_dr__haley,2,2,0,0.0,5315,247,30,0.038,0.0,REAL but low quality - Search Partners inventory
H_google_search_partners,pageReferrer,syndicatedsearch.goog,2026|08,meet_dr__jacob,1,1,0,0.0,5315,247,30,0.019,0.0,REAL but low quality - Search Partners inventory
H_google_search_partners,pageReferrer,syndicatedsearch.goog,2026|08,page_view,75,71,0,0.0,5315,247,30,1.411,0.0,REAL but low quality - Search Partners inventory
H_google_search_partners,pageReferrer,syndicatedsearch.goog,2026|08,schedule_appointment,5,5,5,0.0,5315,247,30,0.094,2.024,REAL but low quality - Search Partners inventory
H_google_search_partners,pageReferrer,syndicatedsearch.goog,2026|08,scroll,8,7,0,0.0,5315,247,30,0.151,0.0,REAL but low quality - Search Partners inventory
H_google_search_partners,pageReferrer,syndicatedsearch.goog,2026|08,session_start,71,71,0,0.0,5315,247,30,1.336,0.0,REAL but low quality - Search Partners inventory
H_google_search_partners,pageReferrer,syndicatedsearch.goog,2026|08,user_engagement,19,17,0,0.0,5315,247,30,0.357,0.0,REAL but low quality - Search Partners inventory
H_google_search_partners,pageReferrer,syndicatedsearch.goog,2026|09,first_visit,5,5,0,0.0,863,39,6,0.579,0.0,REAL but low quality - Search Partners inventory
H_google_search_partners,pageReferrer,syndicatedsearch.goog,2026|09,page_view,5,5,0,0.0,863,39,6,0.579,0.0,REAL but low quality - Search Partners inventory
H_google_search_partners,pageReferrer,syndicatedsearch.goog,2026|09,session_start,5,5,0,0.0,863,39,6,0.579,0.0,REAL but low quality - Search Partners inventory
H_google_search_partners,pageReferrer,syndicatedsearch.goog,2026|09,user_engagement,1,1,0,0.0,863,39,6,0.116,0.0,REAL but low quality - Search Partners inventory
I_PROTECTED_own_domain_referrer,pageReferrer,www.pankanaturalhealth.com,2023|02,click,9,9,0,0.0,1425,0,0,0.632,,DO NOT FILTER - see NOTES section 5
I_PROTECTED_own_domain_referrer,pageReferrer,www.pankanaturalhealth.com,2023|02,first_visit,20,20,0,0.0,1425,0,0,1.404,,DO NOT FILTER - see NOTES section 5
I_PROTECTED_own_domain_referrer,pageReferrer,www.pankanaturalhealth.com,2023|02,page_view,171,133,0,0.0,1425,0,0,12.0,,DO NOT FILTER - see NOTES section 5
I_PROTECTED_own_domain_referrer,pageReferrer,www.pankanaturalhealth.com,2023|02,scroll,49,43,0,0.0,1425,0,0,3.439,,DO NOT FILTER - see NOTES section 5
I_PROTECTED_own_domain_referrer,pageReferrer,www.pankanaturalhealth.com,2023|02,session_start,43,43,0,0.0,1425,0,0,3.018,,DO NOT FILTER - see NOTES section 5
I_PROTECTED_own_domain_referrer,pageReferrer,www.pankanaturalhealth.com,2023|02,user_engagement,123,95,0,0.0,1425,0,0,8.632,,DO NOT FILTER - see NOTES section 5
I_PROTECTED_own_domain_referrer,pageReferrer,pankanaturalhealth.com,2023|03,first_visit,1,1,0,0.0,4868,0,0,0.021,,DO NOT FILTER - see NOTES section 5
I_PROTECTED_own_domain_referrer,pageReferrer,pankanaturalhealth.com,2023|03,page_view,1,1,0,0.0,4868,0,0,0.021,,DO NOT FILTER - see NOTES section 5
I_PROTECTED_own_domain_referrer,pageReferrer,pankanaturalhealth.com,2023|03,session_start,1,1,0,0.0,4868,0,0,0.021,,DO NOT FILTER - see NOTES section 5
I_PROTECTED_own_domain_referrer,pageReferrer,www.pankanaturalhealth.com,2023|03,click,28,19,0,0.0,4868,0,0,0.575,,DO NOT FILTER - see NOTES section 5
I_PROTECTED_own_domain_referrer,pageReferrer,www.pankanaturalhealth.com,2023|03,first_visit,7,7,0,0.0,4868,0,0,0.144,,DO NOT FILTER - see NOTES section 5
I_PROTECTED_own_domain_referrer,pageReferrer,www.pankanaturalhealth.com,2023|03,form_start,6,5,0,0.0,4868,0,0,0.123,,DO NOT FILTER - see NOTES section 5
I_PROTECTED_own_domain_referrer,pageReferrer,www.pankanaturalhealth.com,2023|03,page_view,633,504,0,0.0,4868,0,0,13.003,,DO NOT FILTER - see NOTES section 5
I_PROTECTED_own_domain_referrer,pageReferrer,www.pankanaturalhealth.com,2023|03,scroll,213,186,0,0.0,4868,0,0,4.376,,DO NOT FILTER - see NOTES section 5
I_PROTECTED_own_domain_referrer,pageReferrer,www.pankanaturalhealth.com,2023|03,session_start,75,75,0,0.0,4868,0,0,1.541,,DO NOT FILTER - see NOTES section 5
I_PROTECTED_own_domain_referrer,pageReferrer,www.pankanaturalhealth.com,2023|03,user_engagement,496,396,0,0.0,4868,0,0,10.189,,DO NOT FILTER - see NOTES section 5
I_PROTECTED_own_domain_referrer,pageReferrer,pankanaturalhealth.com,2023|04,first_visit,1,1,0,0.0,3691,0,0,0.027,,DO NOT FILTER - see NOTES section 5
I_PROTECTED_own_domain_referrer,pageReferrer,pankanaturalhealth.com,2023|04,page_view,1,1,0,0.0,3691,0,0,0.027,,DO NOT FILTER - see NOTES section 5
I_PROTECTED_own_domain_referrer,pageReferrer,pankanaturalhealth.com,2023|04,session_start,1,1,0,0.0,3691,0,0,0.027,,DO NOT FILTER - see NOTES section 5
I_PROTECTED_own_domain_referrer,pageReferrer,www.pankanaturalhealth.com,2023|04,click,21,18,0,0.0,3691,0,0,0.569,,DO NOT FILTER - see NOTES section 5
I_PROTECTED_own_domain_referrer,pageReferrer,www.pankanaturalhealth.com,2023|04,first_visit,9,9,0,0.0,3691,0,0,0.244,,DO NOT FILTER - see NOTES section 5
I_PROTECTED_own_domain_referrer,pageReferrer,www.pankanaturalhealth.com,2023|04,form_start,1,1,0,0.0,3691,0,0,0.027,,DO NOT FILTER - see NOTES section 5
I_PROTECTED_own_domain_referrer,pageReferrer,www.pankanaturalhealth.com,2023|04,page_view,429,341,0,0.0,3691,0,0,11.623,,DO NOT FILTER - see NOTES section 5
I_PROTECTED_own_domain_referrer,pageReferrer,www.pankanaturalhealth.com,2023|04,scroll,137,118,0,0.0,3691,0,0,3.712,,DO NOT FILTER - see NOTES section 5
I_PROTECTED_own_domain_referrer,pageReferrer,www.pankanaturalhealth.com,2023|04,session_start,76,76,0,0.0,3691,0,0,2.059,,DO NOT FILTER - see NOTES section 5
I_PROTECTED_own_domain_referrer,pageReferrer,www.pankanaturalhealth.com,2023|04,user_engagement,313,240,0,0.0,3691,0,0,8.48,,DO NOT FILTER - see NOTES section 5
I_PROTECTED_own_domain_referrer,pageReferrer,pankanaturalhealth.com,2023|05,page_view,2,2,0,0.0,5239,0,0,0.038,,DO NOT FILTER - see NOTES section 5
I_PROTECTED_own_domain_referrer,pageReferrer,pankanaturalhealth.com,2023|05,session_start,2,2,0,0.0,5239,0,0,0.038,,DO NOT FILTER - see NOTES section 5
I_PROTECTED_own_domain_referrer,pageReferrer,www.pankanaturalhealth.com,2023|05,click,22,21,0,0.0,5239,0,0,0.42,,DO NOT FILTER - see NOTES section 5
I_PROTECTED_own_domain_referrer,pageReferrer,www.pankanaturalhealth.com,2023|05,file_download,1,1,0,0.0,5239,0,0,0.019,,DO NOT FILTER - see NOTES section 5
I_PROTECTED_own_domain_referrer,pageReferrer,www.pankanaturalhealth.com,2023|05,first_visit,9,9,0,0.0,5239,0,0,0.172,,DO NOT FILTER - see NOTES section 5
I_PROTECTED_own_domain_referrer,pageReferrer,www.pankanaturalhealth.com,2023|05,form_start,2,2,0,0.0,5239,0,0,0.038,,DO NOT FILTER - see NOTES section 5
I_PROTECTED_own_domain_referrer,pageReferrer,www.pankanaturalhealth.com,2023|05,meet_dr__haley,34,30,0,0.0,5239,0,0,0.649,,DO NOT FILTER - see NOTES section 5
I_PROTECTED_own_domain_referrer,pageReferrer,www.pankanaturalhealth.com,2023|05,meet_dr__jacob,7,6,0,0.0,5239,0,0,0.134,,DO NOT FILTER - see NOTES section 5
I_PROTECTED_own_domain_referrer,pageReferrer,www.pankanaturalhealth.com,2023|05,page_view,470,381,0,0.0,5239,0,0,8.971,,DO NOT FILTER - see NOTES section 5
I_PROTECTED_own_domain_referrer,pageReferrer,www.pankanaturalhealth.com,2023|05,schedule_appointment,72,62,0,0.0,5239,0,0,1.374,,DO NOT FILTER - see NOTES section 5
I_PROTECTED_own_domain_referrer,pageReferrer,www.pankanaturalhealth.com,2023|05,scroll,161,150,0,0.0,5239,0,0,3.073,,DO NOT FILTER - see NOTES section 5
I_PROTECTED_own_domain_referrer,pageReferrer,www.pankanaturalhealth.com,2023|05,session_start,54,54,0,0.0,5239,0,0,1.031,,DO NOT FILTER - see NOTES section 5
I_PROTECTED_own_domain_referrer,pageReferrer,www.pankanaturalhealth.com,2023|05,user_engagement,367,284,0,0.0,5239,0,0,7.005,,DO NOT FILTER - see NOTES section 5
I_PROTECTED_own_domain_referrer,pageReferrer,www.pankanaturalhealth.com,2023|05,why_pnh,2,2,0,0.0,5239,0,0,0.038,,DO NOT FILTER - see NOTES section 5
I_PROTECTED_own_domain_referrer,pageReferrer,pankanaturalhealth.com,2023|06,first_visit,1,1,0,0.0,3257,0,0,0.031,,DO NOT FILTER - see NOTES section 5
I_PROTECTED_own_domain_referrer,pageReferrer,pankanaturalhealth.com,2023|06,page_view,1,1,0,0.0,3257,0,0,0.031,,DO NOT FILTER - see NOTES section 5
I_PROTECTED_own_domain_referrer,pageReferrer,pankanaturalhealth.com,2023|06,session_start,1,1,0,0.0,3257,0,0,0.031,,DO NOT FILTER - see NOTES section 5
I_PROTECTED_own_domain_referrer,pageReferrer,www.pankanaturalhealth.com,2023|06,click,17,15,0,0.0,3257,0,0,0.522,,DO NOT FILTER - see NOTES section 5
I_PROTECTED_own_domain_referrer,pageReferrer,www.pankanaturalhealth.com,2023|06,first_visit,1,1,0,0.0,3257,0,0,0.031,,DO NOT FILTER - see NOTES section 5
I_PROTECTED_own_domain_referrer,pageReferrer,www.pankanaturalhealth.com,2023|06,form_start,2,2,0,0.0,3257,0,0,0.061,,DO NOT FILTER - see NOTES section 5
I_PROTECTED_own_domain_referrer,pageReferrer,www.pankanaturalhealth.com,2023|06,meet_dr__haley,42,40,0,0.0,3257,0,0,1.29,,DO NOT FILTER - see NOTES section 5
I_PROTECTED_own_domain_referrer,pageReferrer,www.pankanaturalhealth.com,2023|06,meet_dr__jacob,19,18,0,0.0,3257,0,0,0.583,,DO NOT FILTER - see NOTES section 5
I_PROTECTED_own_domain_referrer,pageReferrer,www.pankanaturalhealth.com,2023|06,page_view,362,277,0,0.0,3257,0,0,11.115,,DO NOT FILTER - see NOTES section 5
I_PROTECTED_own_domain_referrer,pageReferrer,www.pankanaturalhealth.com,2023|06,schedule_appointment,67,55,0,0.0,3257,0,0,2.057,,DO NOT FILTER - see NOTES section 5
I_PROTECTED_own_domain_referrer,pageReferrer,www.pankanaturalhealth.com,2023|06,scroll,121,109,0,0.0,3257,0,0,3.715,,DO NOT FILTER - see NOTES section 5
I_PROTECTED_own_domain_referrer,pageReferrer,www.pankanaturalhealth.com,2023|06,session_start,37,37,0,0.0,3257,0,0,1.136,,DO NOT FILTER - see NOTES section 5
I_PROTECTED_own_domain_referrer,pageReferrer,www.pankanaturalhealth.com,2023|06,user_engagement,303,211,0,0.0,3257,0,0,9.303,,DO NOT FILTER - see NOTES section 5
I_PROTECTED_own_domain_referrer,pageReferrer,www.pankanaturalhealth.com,2023|06,why_pnh,6,6,0,0.0,3257,0,0,0.184,,DO NOT FILTER - see NOTES section 5
I_PROTECTED_own_domain_referrer,pageReferrer,pankanaturalhealth.com,2023|07,first_visit,1,1,0,0.0,3369,0,0,0.03,,DO NOT FILTER - see NOTES section 5
I_PROTECTED_own_domain_referrer,pageReferrer,pankanaturalhealth.com,2023|07,page_view,3,3,0,0.0,3369,0,0,0.089,,DO NOT FILTER - see NOTES section 5
I_PROTECTED_own_domain_referrer,pageReferrer,pankanaturalhealth.com,2023|07,session_start,2,2,0,0.0,3369,0,0,0.059,,DO NOT FILTER - see NOTES section 5
I_PROTECTED_own_domain_referrer,pageReferrer,pankanaturalhealth.com,2023|07,user_engagement,1,1,0,0.0,3369,0,0,0.03,,DO NOT FILTER - see NOTES section 5
I_PROTECTED_own_domain_referrer,pageReferrer,www.pankanaturalhealth.com,2023|07,click,22,20,0,0.0,3369,0,0,0.653,,DO NOT FILTER - see NOTES section 5
I_PROTECTED_own_domain_referrer,pageReferrer,www.pankanaturalhealth.com,2023|07,first_visit,6,6,0,0.0,3369,0,0,0.178,,DO NOT FILTER - see NOTES section 5
I_PROTECTED_own_domain_referrer,pageReferrer,www.pankanaturalhealth.com,2023|07,form_start,2,2,0,0.0,3369,0,0,0.059,,DO NOT FILTER - see NOTES section 5
I_PROTECTED_own_domain_referrer,pageReferrer,www.pankanaturalhealth.com,2023|07,meet_dr__haley,43,42,0,0.0,3369,0,0,1.276,,DO NOT FILTER - see NOTES section 5
I_PROTECTED_own_domain_referrer,pageReferrer,www.pankanaturalhealth.com,2023|07,meet_dr__jacob,22,20,0,0.0,3369,0,0,0.653,,DO NOT FILTER - see NOTES section 5
I_PROTECTED_own_domain_referrer,pageReferrer,www.pankanaturalhealth.com,2023|07,page_view,365,296,0,0.0,3369,0,0,10.834,,DO NOT FILTER - see NOTES section 5
I_PROTECTED_own_domain_referrer,pageReferrer,www.pankanaturalhealth.com,2023|07,schedule_appointment,67,55,0,0.0,3369,0,0,1.989,,DO NOT FILTER - see NOTES section 5
I_PROTECTED_own_domain_referrer,pageReferrer,www.pankanaturalhealth.com,2023|07,scroll,108,98,0,0.0,3369,0,0,3.206,,DO NOT FILTER - see NOTES section 5
I_PROTECTED_own_domain_referrer,pageReferrer,www.pankanaturalhealth.com,2023|07,session_start,40,40,0,0.0,3369,0,0,1.187,,DO NOT FILTER - see NOTES section 5
I_PROTECTED_own_domain_referrer,pageReferrer,www.pankanaturalhealth.com,2023|07,user_engagement,297,230,0,0.0,3369,0,0,8.816,,DO NOT FILTER - see NOTES section 5
I_PROTECTED_own_domain_referrer,pageReferrer,www.pankanaturalhealth.com,2023|07,why_pnh,7,6,0,0.0,3369,0,0,0.208,,DO NOT FILTER - see NOTES section 5
I_PROTECTED_own_domain_referrer,pageReferrer,pankanaturalhealth.com,2023|08,first_visit,1,1,0,0.0,2503,0,0,0.04,,DO NOT FILTER - see NOTES section 5
I_PROTECTED_own_domain_referrer,pageReferrer,pankanaturalhealth.com,2023|08,page_view,1,1,0,0.0,2503,0,0,0.04,,DO NOT FILTER - see NOTES section 5
I_PROTECTED_own_domain_referrer,pageReferrer,pankanaturalhealth.com,2023|08,session_start,1,1,0,0.0,2503,0,0,0.04,,DO NOT FILTER - see NOTES section 5
I_PROTECTED_own_domain_referrer,pageReferrer,www.pankanaturalhealth.com,2023|08,click,12,12,0,0.0,2503,0,0,0.479,,DO NOT FILTER - see NOTES section 5
I_PROTECTED_own_domain_referrer,pageReferrer,www.pankanaturalhealth.com,2023|08,file_download,2,2,0,0.0,2503,0,0,0.08,,DO NOT FILTER - see NOTES section 5
I_PROTECTED_own_domain_referrer,pageReferrer,www.pankanaturalhealth.com,2023|08,first_visit,4,4,0,0.0,2503,0,0,0.16,,DO NOT FILTER - see NOTES section 5
I_PROTECTED_own_domain_referrer,pageReferrer,www.pankanaturalhealth.com,2023|08,form_start,3,3,0,0.0,2503,0,0,0.12,,DO NOT FILTER - see NOTES section 5
I_PROTECTED_own_domain_referrer,pageReferrer,www.pankanaturalhealth.com,2023|08,meet_dr__haley,31,29,0,0.0,2503,0,0,1.239,,DO NOT FILTER - see NOTES section 5
I_PROTECTED_own_domain_referrer,pageReferrer,www.pankanaturalhealth.com,2023|08,meet_dr__jacob,12,12,0,0.0,2503,0,0,0.479,,DO NOT FILTER - see NOTES section 5
I_PROTECTED_own_domain_referrer,pageReferrer,www.pankanaturalhealth.com,2023|08,page_view,334,256,0,0.0,2503,0,0,13.344,,DO NOT FILTER - see NOTES section 5
I_PROTECTED_own_domain_referrer,pageReferrer,www.pankanaturalhealth.com,2023|08,schedule_appointment,42,36,0,0.0,2503,0,0,1.678,,DO NOT FILTER - see NOTES section 5
I_PROTECTED_own_domain_referrer,pageReferrer,www.pankanaturalhealth.com,2023|08,scroll,84,81,0,0.0,2503,0,0,3.356,,DO NOT FILTER - see NOTES section 5
I_PROTECTED_own_domain_referrer,pageReferrer,www.pankanaturalhealth.com,2023|08,session_start,44,43,0,0.0,2503,0,0,1.758,,DO NOT FILTER - see NOTES section 5
I_PROTECTED_own_domain_referrer,pageReferrer,www.pankanaturalhealth.com,2023|08,user_engagement,286,203,0,0.0,2503,0,0,11.426,,DO NOT FILTER - see NOTES section 5
I_PROTECTED_own_domain_referrer,pageReferrer,www.pankanaturalhealth.com,2023|08,why_pnh,3,3,0,0.0,2503,0,0,0.12,,DO NOT FILTER - see NOTES section 5
I_PROTECTED_own_domain_referrer,pageReferrer,pankanaturalhealth.com,2023|09,page_view,1,1,0,0.0,1997,0,0,0.05,,DO NOT FILTER - see NOTES section 5
I_PROTECTED_own_domain_referrer,pageReferrer,pankanaturalhealth.com,2023|09,session_start,1,1,0,0.0,1997,0,0,0.05,,DO NOT FILTER - see NOTES section 5
I_PROTECTED_own_domain_referrer,pageReferrer,www.pankanaturalhealth.com,2023|09,click,16,14,0,0.0,1997,0,0,0.801,,DO NOT FILTER - see NOTES section 5
I_PROTECTED_own_domain_referrer,pageReferrer,www.pankanaturalhealth.com,2023|09,file_download,1,1,0,0.0,1997,0,0,0.05,,DO NOT FILTER - see NOTES section 5
I_PROTECTED_own_domain_referrer,pageReferrer,www.pankanaturalhealth.com,2023|09,first_visit,2,2,0,0.0,1997,0,0,0.1,,DO NOT FILTER - see NOTES section 5
I_PROTECTED_own_domain_referrer,pageReferrer,www.pankanaturalhealth.com,2023|09,form_start,5,5,0,0.0,1997,0,0,0.25,,DO NOT FILTER - see NOTES section 5
I_PROTECTED_own_domain_referrer,pageReferrer,www.pankanaturalhealth.com,2023|09,meet_dr__haley,35,30,0,0.0,1997,0,0,1.753,,DO NOT FILTER - see NOTES section 5
I_PROTECTED_own_domain_referrer,pageReferrer,www.pankanaturalhealth.com,2023|09,meet_dr__jacob,23,22,0,0.0,1997,0,0,1.152,,DO NOT FILTER - see NOTES section 5
I_PROTECTED_own_domain_referrer,pageReferrer,www.pankanaturalhealth.com,2023|09,page_view,340,277,0,0.0,1997,0,0,17.026,,DO NOT FILTER - see NOTES section 5
I_PROTECTED_own_domain_referrer,pageReferrer,www.pankanaturalhealth.com,2023|09,schedule_appointment,57,52,0,0.0,1997,0,0,2.854,,DO NOT FILTER - see NOTES section 5
I_PROTECTED_own_domain_referrer,pageReferrer,www.pankanaturalhealth.com,2023|09,scroll,102,98,0,0.0,1997,0,0,5.108,,DO NOT FILTER - see NOTES section 5
I_PROTECTED_own_domain_referrer,pageReferrer,www.pankanaturalhealth.com,2023|09,session_start,38,38,0,0.0,1997,0,0,1.903,,DO NOT FILTER - see NOTES section 5
I_PROTECTED_own_domain_referrer,pageReferrer,www.pankanaturalhealth.com,2023|09,user_engagement,278,217,0,0.0,1997,0,0,13.921,,DO NOT FILTER - see NOTES section 5
I_PROTECTED_own_domain_referrer,pageReferrer,www.pankanaturalhealth.com,2023|09,why_pnh,2,2,0,0.0,1997,0,0,0.1,,DO NOT FILTER - see NOTES section 5
I_PROTECTED_own_domain_referrer,pageReferrer,pankanaturalhealth.com,2023|10,first_visit,1,1,0,0.0,1732,0,0,0.058,,DO NOT FILTER - see NOTES section 5
I_PROTECTED_own_domain_referrer,pageReferrer,pankanaturalhealth.com,2023|10,page_view,2,2,0,0.0,1732,0,0,0.115,,DO NOT FILTER - see NOTES section 5
I_PROTECTED_own_domain_referrer,pageReferrer,pankanaturalhealth.com,2023|10,session_start,2,2,0,0.0,1732,0,0,0.115,,DO NOT FILTER - see NOTES section 5
I_PROTECTED_own_domain_referrer,pageReferrer,www.pankanaturalhealth.com,2023|10,click,29,22,0,0.0,1732,0,0,1.674,,DO NOT FILTER - see NOTES section 5
I_PROTECTED_own_domain_referrer,pageReferrer,www.pankanaturalhealth.com,2023|10,first_visit,8,8,0,0.0,1732,0,0,0.462,,DO NOT FILTER - see NOTES section 5
I_PROTECTED_own_domain_referrer,pageReferrer,www.pankanaturalhealth.com,2023|10,form_start,3,3,0,0.0,1732,0,0,0.173,,DO NOT FILTER - see NOTES section 5
I_PROTECTED_own_domain_referrer,pageReferrer,www.pankanaturalhealth.com,2023|10,meet_dr__haley,29,27,0,0.0,1732,0,0,1.674,,DO NOT FILTER - see NOTES section 5
I_PROTECTED_own_domain_referrer,pageReferrer,www.pankanaturalhealth.com,2023|10,meet_dr__jacob,17,16,0,0.0,1732,0,0,0.982,,DO NOT FILTER - see NOTES section 5
I_PROTECTED_own_domain_referrer,pageReferrer,www.pankanaturalhealth.com,2023|10,page_view,287,240,0,0.0,1732,0,0,16.57,,DO NOT FILTER - see NOTES section 5
I_PROTECTED_own_domain_referrer,pageReferrer,www.pankanaturalhealth.com,2023|10,schedule_appointment,52,50,0,0.0,1732,0,0,3.002,,DO NOT FILTER - see NOTES section 5
I_PROTECTED_own_domain_referrer,pageReferrer,www.pankanaturalhealth.com,2023|10,scroll,79,75,0,0.0,1732,0,0,4.561,,DO NOT FILTER - see NOTES section 5
I_PROTECTED_own_domain_referrer,pageReferrer,www.pankanaturalhealth.com,2023|10,session_start,42,42,0,0.0,1732,0,0,2.425,,DO NOT FILTER - see NOTES section 5
I_PROTECTED_own_domain_referrer,pageReferrer,www.pankanaturalhealth.com,2023|10,user_engagement,237,185,0,0.0,1732,0,0,13.684,,DO NOT FILTER - see NOTES section 5
I_PROTECTED_own_domain_referrer,pageReferrer,www.pankanaturalhealth.com,2023|10,why_pnh,6,6,0,0.0,1732,0,0,0.346,,DO NOT FILTER - see NOTES section 5
I_PROTECTED_own_domain_referrer,pageReferrer,www.pankanaturalhealth.com,2023|11,click,12,12,0,0.0,1483,0,0,0.809,,DO NOT FILTER - see NOTES section 5
I_PROTECTED_own_domain_referrer,pageReferrer,www.pankanaturalhealth.com,2023|11,meet_dr__haley,31,29,0,0.0,1483,0,0,2.09,,DO NOT FILTER - see NOTES section 5
I_PROTECTED_own_domain_referrer,pageReferrer,www.pankanaturalhealth.com,2023|11,meet_dr__jacob,22,20,0,0.0,1483,0,0,1.483,,DO NOT FILTER - see NOTES section 5
I_PROTECTED_own_domain_referrer,pageReferrer,www.pankanaturalhealth.com,2023|11,page_view,261,204,0,0.0,1483,0,0,17.599,,DO NOT FILTER - see NOTES section 5
I_PROTECTED_own_domain_referrer,pageReferrer,www.pankanaturalhealth.com,2023|11,schedule_appointment,37,35,0,0.0,1483,0,0,2.495,,DO NOT FILTER - see NOTES section 5
I_PROTECTED_own_domain_referrer,pageReferrer,www.pankanaturalhealth.com,2023|11,scroll,76,72,0,0.0,1483,0,0,5.125,,DO NOT FILTER - see NOTES section 5
I_PROTECTED_own_domain_referrer,pageReferrer,www.pankanaturalhealth.com,2023|11,session_start,17,17,0,0.0,1483,0,0,1.146,,DO NOT FILTER - see NOTES section 5
I_PROTECTED_own_domain_referrer,pageReferrer,www.pankanaturalhealth.com,2023|11,user_engagement,228,167,0,0.0,1483,0,0,15.374,,DO NOT FILTER - see NOTES section 5
I_PROTECTED_own_domain_referrer,pageReferrer,www.pankanaturalhealth.com,2023|11,why_pnh,3,3,0,0.0,1483,0,0,0.202,,DO NOT FILTER - see NOTES section 5
I_PROTECTED_own_domain_referrer,pageReferrer,pankanaturalhealth.com,2023|12,session_start,1,1,0,0.0,1586,3,3,0.063,0.0,DO NOT FILTER - see NOTES section 5
I_PROTECTED_own_domain_referrer,pageReferrer,pankanaturalhealth.com,2023|12,user_engagement,1,1,0,0.0,1586,3,3,0.063,0.0,DO NOT FILTER - see NOTES section 5
I_PROTECTED_own_domain_referrer,pageReferrer,www.pankanaturalhealth.com,2023|12,click,10,10,0,0.0,1586,3,3,0.631,0.0,DO NOT FILTER - see NOTES section 5
I_PROTECTED_own_domain_referrer,pageReferrer,www.pankanaturalhealth.com,2023|12,first_visit,5,5,0,0.0,1586,3,3,0.315,0.0,DO NOT FILTER - see NOTES section 5
I_PROTECTED_own_domain_referrer,pageReferrer,www.pankanaturalhealth.com,2023|12,form_start,4,4,0,0.0,1586,3,3,0.252,0.0,DO NOT FILTER - see NOTES section 5
I_PROTECTED_own_domain_referrer,pageReferrer,www.pankanaturalhealth.com,2023|12,meet_dr__haley,29,26,0,0.0,1586,3,3,1.828,0.0,DO NOT FILTER - see NOTES section 5
I_PROTECTED_own_domain_referrer,pageReferrer,www.pankanaturalhealth.com,2023|12,meet_dr__jacob,19,18,0,0.0,1586,3,3,1.198,0.0,DO NOT FILTER - see NOTES section 5
I_PROTECTED_own_domain_referrer,pageReferrer,www.pankanaturalhealth.com,2023|12,page_view,293,215,0,0.0,1586,3,3,18.474,0.0,DO NOT FILTER - see NOTES section 5
I_PROTECTED_own_domain_referrer,pageReferrer,www.pankanaturalhealth.com,2023|12,schedule_appointment,45,37,0,0.0,1586,3,3,2.837,0.0,DO NOT FILTER - see NOTES section 5
I_PROTECTED_own_domain_referrer,pageReferrer,www.pankanaturalhealth.com,2023|12,scroll,65,57,0,0.0,1586,3,3,4.098,0.0,DO NOT FILTER - see NOTES section 5
I_PROTECTED_own_domain_referrer,pageReferrer,www.pankanaturalhealth.com,2023|12,session_start,27,27,0,0.0,1586,3,3,1.702,0.0,DO NOT FILTER - see NOTES section 5
I_PROTECTED_own_domain_referrer,pageReferrer,www.pankanaturalhealth.com,2023|12,user_engagement,247,180,0,0.0,1586,3,3,15.574,0.0,DO NOT FILTER - see NOTES section 5
I_PROTECTED_own_domain_referrer,pageReferrer,www.pankanaturalhealth.com,2023|12,why_pnh,1,1,0,0.0,1586,3,3,0.063,0.0,DO NOT FILTER - see NOTES section 5
I_PROTECTED_own_domain_referrer,pageReferrer,www.pankanaturalhealth.com,2024|01,click,35,32,0,0.0,2373,8,8,1.475,0.0,DO NOT FILTER - see NOTES section 5
I_PROTECTED_own_domain_referrer,pageReferrer,www.pankanaturalhealth.com,2024|01,file_download,1,1,0,0.0,2373,8,8,0.042,0.0,DO NOT FILTER - see NOTES section 5
I_PROTECTED_own_domain_referrer,pageReferrer,www.pankanaturalhealth.com,2024|01,first_visit,6,6,0,0.0,2373,8,8,0.253,0.0,DO NOT FILTER - see NOTES section 5
I_PROTECTED_own_domain_referrer,pageReferrer,www.pankanaturalhealth.com,2024|01,form_start,3,3,0,0.0,2373,8,8,0.126,0.0,DO NOT FILTER - see NOTES section 5
I_PROTECTED_own_domain_referrer,pageReferrer,www.pankanaturalhealth.com,2024|01,meet_dr__haley,31,28,0,0.0,2373,8,8,1.306,0.0,DO NOT FILTER - see NOTES section 5
I_PROTECTED_own_domain_referrer,pageReferrer,www.pankanaturalhealth.com,2024|01,meet_dr__jacob,26,25,0,0.0,2373,8,8,1.096,0.0,DO NOT FILTER - see NOTES section 5
I_PROTECTED_own_domain_referrer,pageReferrer,www.pankanaturalhealth.com,2024|01,page_view,386,321,0,0.0,2373,8,8,16.266,0.0,DO NOT FILTER - see NOTES section 5
I_PROTECTED_own_domain_referrer,pageReferrer,www.pankanaturalhealth.com,2024|01,schedule_appointment,57,53,0,0.0,2373,8,8,2.402,0.0,DO NOT FILTER - see NOTES section 5
I_PROTECTED_own_domain_referrer,pageReferrer,www.pankanaturalhealth.com,2024|01,scroll,112,105,0,0.0,2373,8,8,4.72,0.0,DO NOT FILTER - see NOTES section 5
I_PROTECTED_own_domain_referrer,pageReferrer,www.pankanaturalhealth.com,2024|01,session_start,58,58,0,0.0,2373,8,8,2.444,0.0,DO NOT FILTER - see NOTES section 5
I_PROTECTED_own_domain_referrer,pageReferrer,www.pankanaturalhealth.com,2024|01,user_engagement,320,265,0,0.0,2373,8,8,13.485,0.0,DO NOT FILTER - see NOTES section 5
I_PROTECTED_own_domain_referrer,pageReferrer,www.pankanaturalhealth.com,2024|01,view,1,1,0,0.0,2373,8,8,0.042,0.0,DO NOT FILTER - see NOTES section 5
I_PROTECTED_own_domain_referrer,pageReferrer,www.pankanaturalhealth.com,2024|01,why_pnh,8,8,0,0.0,2373,8,8,0.337,0.0,DO NOT FILTER - see NOTES section 5
I_PROTECTED_own_domain_referrer,sessionSourceMedium,pankanaturalhealth.com / referral,2024|01,first_visit,1,1,0,0.0,2373,8,8,0.042,0.0,DO NOT FILTER - see NOTES section 5
I_PROTECTED_own_domain_referrer,sessionSourceMedium,pankanaturalhealth.com / referral,2024|01,form_start,1,1,0,0.0,2373,8,8,0.042,0.0,DO NOT FILTER - see NOTES section 5
I_PROTECTED_own_domain_referrer,sessionSourceMedium,pankanaturalhealth.com / referral,2024|01,page_view,3,1,0,0.0,2373,8,8,0.126,0.0,DO NOT FILTER - see NOTES section 5
I_PROTECTED_own_domain_referrer,sessionSourceMedium,pankanaturalhealth.com / referral,2024|01,scroll,2,1,0,0.0,2373,8,8,0.084,0.0,DO NOT FILTER - see NOTES section 5
I_PROTECTED_own_domain_referrer,sessionSourceMedium,pankanaturalhealth.com / referral,2024|01,session_start,1,1,0,0.0,2373,8,8,0.042,0.0,DO NOT FILTER - see NOTES section 5
I_PROTECTED_own_domain_referrer,sessionSourceMedium,pankanaturalhealth.com / referral,2024|01,user_engagement,2,1,0,0.0,2373,8,8,0.084,0.0,DO NOT FILTER - see NOTES section 5
I_PROTECTED_own_domain_referrer,sessionSourceMedium,pankanaturalhealth.com / referral,2024|01,view,1,1,0,0.0,2373,8,8,0.042,0.0,DO NOT FILTER - see NOTES section 5
I_PROTECTED_own_domain_referrer,pageReferrer,pankanaturalhealth.com,2024|02,user_engagement,1,1,0,0.0,8187,23,23,0.012,0.0,DO NOT FILTER - see NOTES section 5
I_PROTECTED_own_domain_referrer,pageReferrer,www.pankanaturalhealth.com,2024|02,click,38,35,0,0.0,8187,23,23,0.464,0.0,DO NOT FILTER - see NOTES section 5
I_PROTECTED_own_domain_referrer,pageReferrer,www.pankanaturalhealth.com,2024|02,file_download,4,4,0,0.0,8187,23,23,0.049,0.0,DO NOT FILTER - see NOTES section 5
I_PROTECTED_own_domain_referrer,pageReferrer,www.pankanaturalhealth.com,2024|02,first_visit,7,7,0,0.0,8187,23,23,0.086,0.0,DO NOT FILTER - see NOTES section 5
I_PROTECTED_own_domain_referrer,pageReferrer,www.pankanaturalhealth.com,2024|02,form_start,4,4,0,0.0,8187,23,23,0.049,0.0,DO NOT FILTER - see NOTES section 5
I_PROTECTED_own_domain_referrer,pageReferrer,www.pankanaturalhealth.com,2024|02,meet_dr__haley,39,39,0,0.0,8187,23,23,0.476,0.0,DO NOT FILTER - see NOTES section 5
I_PROTECTED_own_domain_referrer,pageReferrer,www.pankanaturalhealth.com,2024|02,meet_dr__jacob,19,18,0,0.0,8187,23,23,0.232,0.0,DO NOT FILTER - see NOTES section 5
I_PROTECTED_own_domain_referrer,pageReferrer,www.pankanaturalhealth.com,2024|02,page_view,590,477,0,0.0,8187,23,23,7.207,0.0,DO NOT FILTER - see NOTES section 5
I_PROTECTED_own_domain_referrer,pageReferrer,www.pankanaturalhealth.com,2024|02,purchase,1,1,1,0.0,8187,23,23,0.012,4.348,DO NOT FILTER - see NOTES section 5
I_PROTECTED_own_domain_referrer,pageReferrer,www.pankanaturalhealth.com,2024|02,schedule_appointment,96,83,0,0.0,8187,23,23,1.173,0.0,DO NOT FILTER - see NOTES section 5
I_PROTECTED_own_domain_referrer,pageReferrer,www.pankanaturalhealth.com,2024|02,scroll,170,155,0,0.0,8187,23,23,2.076,0.0,DO NOT FILTER - see NOTES section 5
I_PROTECTED_own_domain_referrer,pageReferrer,www.pankanaturalhealth.com,2024|02,session_start,69,69,0,0.0,8187,23,23,0.843,0.0,DO NOT FILTER - see NOTES section 5
I_PROTECTED_own_domain_referrer,pageReferrer,www.pankanaturalhealth.com,2024|02,user_engagement,477,361,0,0.0,8187,23,23,5.826,0.0,DO NOT FILTER - see NOTES section 5
I_PROTECTED_own_domain_referrer,pageReferrer,www.pankanaturalhealth.com,2024|02,view,3,2,0,0.0,8187,23,23,0.037,0.0,DO NOT FILTER - see NOTES section 5
I_PROTECTED_own_domain_referrer,pageReferrer,www.pankanaturalhealth.com,2024|02,why_pnh,8,8,0,0.0,8187,23,23,0.098,0.0,DO NOT FILTER - see NOTES section 5
I_PROTECTED_own_domain_referrer,sessionSourceMedium,pankanaturalhealth.com / referral,2024|02,click,1,1,0,0.0,8187,23,23,0.012,0.0,DO NOT FILTER - see NOTES section 5
I_PROTECTED_own_domain_referrer,sessionSourceMedium,pankanaturalhealth.com / referral,2024|02,first_visit,2,2,0,0.0,8187,23,23,0.024,0.0,DO NOT FILTER - see NOTES section 5
I_PROTECTED_own_domain_referrer,sessionSourceMedium,pankanaturalhealth.com / referral,2024|02,form_start,2,2,0,0.0,8187,23,23,0.024,0.0,DO NOT FILTER - see NOTES section 5
I_PROTECTED_own_domain_referrer,sessionSourceMedium,pankanaturalhealth.com / referral,2024|02,page_view,6,5,0,0.0,8187,23,23,0.073,0.0,DO NOT FILTER - see NOTES section 5
I_PROTECTED_own_domain_referrer,sessionSourceMedium,pankanaturalhealth.com / referral,2024|02,scroll,5,5,0,0.0,8187,23,23,0.061,0.0,DO NOT FILTER - see NOTES section 5
I_PROTECTED_own_domain_referrer,sessionSourceMedium,pankanaturalhealth.com / referral,2024|02,session_start,5,5,0,0.0,8187,23,23,0.061,0.0,DO NOT FILTER - see NOTES section 5
I_PROTECTED_own_domain_referrer,sessionSourceMedium,pankanaturalhealth.com / referral,2024|02,view,3,2,0,0.0,8187,23,23,0.037,0.0,DO NOT FILTER - see NOTES section 5
I_PROTECTED_own_domain_referrer,pageReferrer,www.pankanaturalhealth.com,2024|03,click,41,37,0,0.0,5590,24,24,0.733,0.0,DO NOT FILTER - see NOTES section 5
I_PROTECTED_own_domain_referrer,pageReferrer,www.pankanaturalhealth.com,2024|03,file_download,2,2,0,0.0,5590,24,24,0.036,0.0,DO NOT FILTER - see NOTES section 5
I_PROTECTED_own_domain_referrer,pageReferrer,www.pankanaturalhealth.com,2024|03,first_visit,20,20,0,0.0,5590,24,24,0.358,0.0,DO NOT FILTER - see NOTES section 5
I_PROTECTED_own_domain_referrer,pageReferrer,www.pankanaturalhealth.com,2024|03,form_start,2,2,0,0.0,5590,24,24,0.036,0.0,DO NOT FILTER - see NOTES section 5
I_PROTECTED_own_domain_referrer,pageReferrer,www.pankanaturalhealth.com,2024|03,meet_dr__haley,61,59,0,0.0,5590,24,24,1.091,0.0,DO NOT FILTER - see NOTES section 5
I_PROTECTED_own_domain_referrer,pageReferrer,www.pankanaturalhealth.com,2024|03,meet_dr__jacob,57,53,0,0.0,5590,24,24,1.02,0.0,DO NOT FILTER - see NOTES section 5
I_PROTECTED_own_domain_referrer,pageReferrer,www.pankanaturalhealth.com,2024|03,page_view,607,481,0,0.0,5590,24,24,10.859,0.0,DO NOT FILTER - see NOTES section 5
I_PROTECTED_own_domain_referrer,pageReferrer,www.pankanaturalhealth.com,2024|03,schedule_appointment,104,92,0,0.0,5590,24,24,1.86,0.0,DO NOT FILTER - see NOTES section 5
I_PROTECTED_own_domain_referrer,pageReferrer,www.pankanaturalhealth.com,2024|03,scroll,156,147,0,0.0,5590,24,24,2.791,0.0,DO NOT FILTER - see NOTES section 5
I_PROTECTED_own_domain_referrer,pageReferrer,www.pankanaturalhealth.com,2024|03,session_start,88,88,0,0.0,5590,24,24,1.574,0.0,DO NOT FILTER - see NOTES section 5
I_PROTECTED_own_domain_referrer,pageReferrer,www.pankanaturalhealth.com,2024|03,user_engagement,447,345,0,0.0,5590,24,24,7.996,0.0,DO NOT FILTER - see NOTES section 5
I_PROTECTED_own_domain_referrer,pageReferrer,www.pankanaturalhealth.com,2024|03,view,1,1,0,0.0,5590,24,24,0.018,0.0,DO NOT FILTER - see NOTES section 5
I_PROTECTED_own_domain_referrer,pageReferrer,www.pankanaturalhealth.com,2024|03,why_pnh,6,6,0,0.0,5590,24,24,0.107,0.0,DO NOT FILTER - see NOTES section 5
I_PROTECTED_own_domain_referrer,sessionSourceMedium,pankanaturalhealth.com / referral,2024|03,first_visit,1,1,0,0.0,5590,24,24,0.018,0.0,DO NOT FILTER - see NOTES section 5
I_PROTECTED_own_domain_referrer,sessionSourceMedium,pankanaturalhealth.com / referral,2024|03,form_start,1,1,0,0.0,5590,24,24,0.018,0.0,DO NOT FILTER - see NOTES section 5
I_PROTECTED_own_domain_referrer,sessionSourceMedium,pankanaturalhealth.com / referral,2024|03,page_view,3,3,0,0.0,5590,24,24,0.054,0.0,DO NOT FILTER - see NOTES section 5
I_PROTECTED_own_domain_referrer,sessionSourceMedium,pankanaturalhealth.com / referral,2024|03,scroll,3,3,0,0.0,5590,24,24,0.054,0.0,DO NOT FILTER - see NOTES section 5
I_PROTECTED_own_domain_referrer,sessionSourceMedium,pankanaturalhealth.com / referral,2024|03,session_start,4,4,0,0.0,5590,24,24,0.072,0.0,DO NOT FILTER - see NOTES section 5
I_PROTECTED_own_domain_referrer,sessionSourceMedium,pankanaturalhealth.com / referral,2024|03,user_engagement,2,2,0,0.0,5590,24,24,0.036,0.0,DO NOT FILTER - see NOTES section 5
I_PROTECTED_own_domain_referrer,sessionSourceMedium,pankanaturalhealth.com / referral,2024|03,view,1,1,0,0.0,5590,24,24,0.018,0.0,DO NOT FILTER - see NOTES section 5
I_PROTECTED_own_domain_referrer,pageReferrer,www.pankanaturalhealth.com,2024|04,click,37,34,0,0.0,3553,12,12,1.041,0.0,DO NOT FILTER - see NOTES section 5
I_PROTECTED_own_domain_referrer,pageReferrer,www.pankanaturalhealth.com,2024|04,file_download,2,2,0,0.0,3553,12,12,0.056,0.0,DO NOT FILTER - see NOTES section 5
I_PROTECTED_own_domain_referrer,pageReferrer,www.pankanaturalhealth.com,2024|04,first_visit,13,13,0,0.0,3553,12,12,0.366,0.0,DO NOT FILTER - see NOTES section 5
I_PROTECTED_own_domain_referrer,pageReferrer,www.pankanaturalhealth.com,2024|04,form_start,2,2,0,0.0,3553,12,12,0.056,0.0,DO NOT FILTER - see NOTES section 5
I_PROTECTED_own_domain_referrer,pageReferrer,www.pankanaturalhealth.com,2024|04,meet_dr__haley,46,43,0,0.0,3553,12,12,1.295,0.0,DO NOT FILTER - see NOTES section 5
I_PROTECTED_own_domain_referrer,pageReferrer,www.pankanaturalhealth.com,2024|04,meet_dr__jacob,26,23,0,0.0,3553,12,12,0.732,0.0,DO NOT FILTER - see NOTES section 5
I_PROTECTED_own_domain_referrer,pageReferrer,www.pankanaturalhealth.com,2024|04,page_view,437,357,0,0.0,3553,12,12,12.299,0.0,DO NOT FILTER - see NOTES section 5
I_PROTECTED_own_domain_referrer,pageReferrer,www.pankanaturalhealth.com,2024|04,schedule_appointment,84,67,0,0.0,3553,12,12,2.364,0.0,DO NOT FILTER - see NOTES section 5
I_PROTECTED_own_domain_referrer,pageReferrer,www.pankanaturalhealth.com,2024|04,scroll,149,133,0,0.0,3553,12,12,4.194,0.0,DO NOT FILTER - see NOTES section 5
I_PROTECTED_own_domain_referrer,pageReferrer,www.pankanaturalhealth.com,2024|04,session_start,62,62,0,0.0,3553,12,12,1.745,0.0,DO NOT FILTER - see NOTES section 5
I_PROTECTED_own_domain_referrer,pageReferrer,www.pankanaturalhealth.com,2024|04,user_engagement,361,277,0,0.0,3553,12,12,10.16,0.0,DO NOT FILTER - see NOTES section 5
I_PROTECTED_own_domain_referrer,pageReferrer,www.pankanaturalhealth.com,2024|04,view,1,1,0,0.0,3553,12,12,0.028,0.0,DO NOT FILTER - see NOTES section 5
I_PROTECTED_own_domain_referrer,pageReferrer,www.pankanaturalhealth.com,2024|04,why_pnh,2,2,0,0.0,3553,12,12,0.056,0.0,DO NOT FILTER - see NOTES section 5
I_PROTECTED_own_domain_referrer,sessionSourceMedium,pankanaturalhealth.com / referral,2024|04,first_visit,4,4,0,0.0,3553,12,12,0.113,0.0,DO NOT FILTER - see NOTES section 5
I_PROTECTED_own_domain_referrer,sessionSourceMedium,pankanaturalhealth.com / referral,2024|04,form_start,1,1,0,0.0,3553,12,12,0.028,0.0,DO NOT FILTER - see NOTES section 5
I_PROTECTED_own_domain_referrer,sessionSourceMedium,pankanaturalhealth.com / referral,2024|04,page_view,7,6,0,0.0,3553,12,12,0.197,0.0,DO NOT FILTER - see NOTES section 5
I_PROTECTED_own_domain_referrer,sessionSourceMedium,pankanaturalhealth.com / referral,2024|04,scroll,7,6,0,0.0,3553,12,12,0.197,0.0,DO NOT FILTER - see NOTES section 5
I_PROTECTED_own_domain_referrer,sessionSourceMedium,pankanaturalhealth.com / referral,2024|04,session_start,6,6,0,0.0,3553,12,12,0.169,0.0,DO NOT FILTER - see NOTES section 5
I_PROTECTED_own_domain_referrer,sessionSourceMedium,pankanaturalhealth.com / referral,2024|04,user_engagement,2,2,0,0.0,3553,12,12,0.056,0.0,DO NOT FILTER - see NOTES section 5
I_PROTECTED_own_domain_referrer,sessionSourceMedium,pankanaturalhealth.com / referral,2024|04,view,1,1,0,0.0,3553,12,12,0.028,0.0,DO NOT FILTER - see NOTES section 5
I_PROTECTED_own_domain_referrer,pageReferrer,www.pankanaturalhealth.com,2024|05,click,23,19,0,0.0,3113,17,17,0.739,0.0,DO NOT FILTER - see NOTES section 5
I_PROTECTED_own_domain_referrer,pageReferrer,www.pankanaturalhealth.com,2024|05,file_download,1,1,0,0.0,3113,17,17,0.032,0.0,DO NOT FILTER - see NOTES section 5
I_PROTECTED_own_domain_referrer,pageReferrer,www.pankanaturalhealth.com,2024|05,first_visit,6,6,0,0.0,3113,17,17,0.193,0.0,DO NOT FILTER - see NOTES section 5
I_PROTECTED_own_domain_referrer,pageReferrer,www.pankanaturalhealth.com,2024|05,form_start,5,5,0,0.0,3113,17,17,0.161,0.0,DO NOT FILTER - see NOTES section 5
I_PROTECTED_own_domain_referrer,pageReferrer,www.pankanaturalhealth.com,2024|05,meet_dr__haley,39,38,0,0.0,3113,17,17,1.253,0.0,DO NOT FILTER - see NOTES section 5
I_PROTECTED_own_domain_referrer,pageReferrer,www.pankanaturalhealth.com,2024|05,meet_dr__jacob,27,24,0,0.0,3113,17,17,0.867,0.0,DO NOT FILTER - see NOTES section 5
I_PROTECTED_own_domain_referrer,pageReferrer,www.pankanaturalhealth.com,2024|05,page_view,437,330,0,0.0,3113,17,17,14.038,0.0,DO NOT FILTER - see NOTES section 5
I_PROTECTED_own_domain_referrer,pageReferrer,www.pankanaturalhealth.com,2024|05,purchase,1,1,1,0.0,3113,17,17,0.032,5.882,DO NOT FILTER - see NOTES section 5
I_PROTECTED_own_domain_referrer,pageReferrer,www.pankanaturalhealth.com,2024|05,schedule_appointment,63,52,0,0.0,3113,17,17,2.024,0.0,DO NOT FILTER - see NOTES section 5
I_PROTECTED_own_domain_referrer,pageReferrer,www.pankanaturalhealth.com,2024|05,scroll,115,101,0,0.0,3113,17,17,3.694,0.0,DO NOT FILTER - see NOTES section 5
I_PROTECTED_own_domain_referrer,pageReferrer,www.pankanaturalhealth.com,2024|05,session_start,41,41,0,0.0,3113,17,17,1.317,0.0,DO NOT FILTER - see NOTES section 5
I_PROTECTED_own_domain_referrer,pageReferrer,www.pankanaturalhealth.com,2024|05,user_engagement,390,283,0,0.0,3113,17,17,12.528,0.0,DO NOT FILTER - see NOTES section 5
I_PROTECTED_own_domain_referrer,pageReferrer,www.pankanaturalhealth.com,2024|05,why_pnh,10,10,0,0.0,3113,17,17,0.321,0.0,DO NOT FILTER - see NOTES section 5
I_PROTECTED_own_domain_referrer,sessionSourceMedium,pankanaturalhealth.com / referral,2024|05,first_visit,2,2,0,0.0,3113,17,17,0.064,0.0,DO NOT FILTER - see NOTES section 5
I_PROTECTED_own_domain_referrer,sessionSourceMedium,pankanaturalhealth.com / referral,2024|05,page_view,6,4,0,0.0,3113,17,17,0.193,0.0,DO NOT FILTER - see NOTES section 5
I_PROTECTED_own_domain_referrer,sessionSourceMedium,pankanaturalhealth.com / referral,2024|05,scroll,6,4,0,0.0,3113,17,17,0.193,0.0,DO NOT FILTER - see NOTES section 5
I_PROTECTED_own_domain_referrer,sessionSourceMedium,pankanaturalhealth.com / referral,2024|05,session_start,4,4,0,0.0,3113,17,17,0.128,0.0,DO NOT FILTER - see NOTES section 5
I_PROTECTED_own_domain_referrer,sessionSourceMedium,pankanaturalhealth.com / referral,2024|05,user_engagement,3,3,0,0.0,3113,17,17,0.096,0.0,DO NOT FILTER - see NOTES section 5
I_PROTECTED_own_domain_referrer,pageReferrer,www.pankanaturalhealth.com,2024|06,click,20,18,0,0.0,3795,21,21,0.527,0.0,DO NOT FILTER - see NOTES section 5
I_PROTECTED_own_domain_referrer,pageReferrer,www.pankanaturalhealth.com,2024|06,first_visit,4,4,0,0.0,3795,21,21,0.105,0.0,DO NOT FILTER - see NOTES section 5
I_PROTECTED_own_domain_referrer,pageReferrer,www.pankanaturalhealth.com,2024|06,form_start,5,5,0,0.0,3795,21,21,0.132,0.0,DO NOT FILTER - see NOTES section 5
I_PROTECTED_own_domain_referrer,pageReferrer,www.pankanaturalhealth.com,2024|06,meet_dr__haley,44,39,0,0.0,3795,21,21,1.159,0.0,DO NOT FILTER - see NOTES section 5
I_PROTECTED_own_domain_referrer,pageReferrer,www.pankanaturalhealth.com,2024|06,meet_dr__jacob,24,23,0,0.0,3795,21,21,0.632,0.0,DO NOT FILTER - see NOTES section 5
I_PROTECTED_own_domain_referrer,pageReferrer,www.pankanaturalhealth.com,2024|06,page_view,491,372,0,0.0,3795,21,21,12.938,0.0,DO NOT FILTER - see NOTES section 5
I_PROTECTED_own_domain_referrer,pageReferrer,www.pankanaturalhealth.com,2024|06,schedule_appointment,70,60,0,0.0,3795,21,21,1.845,0.0,DO NOT FILTER - see NOTES section 5
I_PROTECTED_own_domain_referrer,pageReferrer,www.pankanaturalhealth.com,2024|06,scroll,160,142,0,0.0,3795,21,21,4.216,0.0,DO NOT FILTER - see NOTES section 5
I_PROTECTED_own_domain_referrer,pageReferrer,www.pankanaturalhealth.com,2024|06,session_start,49,49,0,0.0,3795,21,21,1.291,0.0,DO NOT FILTER - see NOTES section 5
I_PROTECTED_own_domain_referrer,pageReferrer,www.pankanaturalhealth.com,2024|06,user_engagement,428,309,0,0.0,3795,21,21,11.278,0.0,DO NOT FILTER - see NOTES section 5
I_PROTECTED_own_domain_referrer,pageReferrer,www.pankanaturalhealth.com,2024|06,view,1,1,0,0.0,3795,21,21,0.026,0.0,DO NOT FILTER - see NOTES section 5
I_PROTECTED_own_domain_referrer,pageReferrer,www.pankanaturalhealth.com,2024|06,why_pnh,14,13,0,0.0,3795,21,21,0.369,0.0,DO NOT FILTER - see NOTES section 5
I_PROTECTED_own_domain_referrer,sessionSourceMedium,pankanaturalhealth.com / referral,2024|06,form_start,1,1,0,0.0,3795,21,21,0.026,0.0,DO NOT FILTER - see NOTES section 5
I_PROTECTED_own_domain_referrer,sessionSourceMedium,pankanaturalhealth.com / referral,2024|06,page_view,4,3,0,0.0,3795,21,21,0.105,0.0,DO NOT FILTER - see NOTES section 5
I_PROTECTED_own_domain_referrer,sessionSourceMedium,pankanaturalhealth.com / referral,2024|06,scroll,3,3,0,0.0,3795,21,21,0.079,0.0,DO NOT FILTER - see NOTES section 5
I_PROTECTED_own_domain_referrer,sessionSourceMedium,pankanaturalhealth.com / referral,2024|06,session_start,3,3,0,0.0,3795,21,21,0.079,0.0,DO NOT FILTER - see NOTES section 5
I_PROTECTED_own_domain_referrer,sessionSourceMedium,pankanaturalhealth.com / referral,2024|06,view,1,1,0,0.0,3795,21,21,0.026,0.0,DO NOT FILTER - see NOTES section 5
I_PROTECTED_own_domain_referrer,pageReferrer,pankanaturalhealth.com,2024|07,meet_dr__haley,1,1,0,0.0,2541,23,23,0.039,0.0,DO NOT FILTER - see NOTES section 5
I_PROTECTED_own_domain_referrer,pageReferrer,pankanaturalhealth.com,2024|07,page_view,1,1,0,0.0,2541,23,23,0.039,0.0,DO NOT FILTER - see NOTES section 5
I_PROTECTED_own_domain_referrer,pageReferrer,pankanaturalhealth.com,2024|07,user_engagement,1,1,0,0.0,2541,23,23,0.039,0.0,DO NOT FILTER - see NOTES section 5
I_PROTECTED_own_domain_referrer,pageReferrer,www.pankanaturalhealth.com,2024|07,click,24,23,0,0.0,2541,23,23,0.945,0.0,DO NOT FILTER - see NOTES section 5
I_PROTECTED_own_domain_referrer,pageReferrer,www.pankanaturalhealth.com,2024|07,file_download,1,1,0,0.0,2541,23,23,0.039,0.0,DO NOT FILTER - see NOTES section 5
I_PROTECTED_own_domain_referrer,pageReferrer,www.pankanaturalhealth.com,2024|07,first_visit,7,7,0,0.0,2541,23,23,0.275,0.0,DO NOT FILTER - see NOTES section 5
I_PROTECTED_own_domain_referrer,pageReferrer,www.pankanaturalhealth.com,2024|07,form_start,7,7,0,0.0,2541,23,23,0.275,0.0,DO NOT FILTER - see NOTES section 5
I_PROTECTED_own_domain_referrer,pageReferrer,www.pankanaturalhealth.com,2024|07,meet_dr__haley,40,39,0,0.0,2541,23,23,1.574,0.0,DO NOT FILTER - see NOTES section 5
I_PROTECTED_own_domain_referrer,pageReferrer,www.pankanaturalhealth.com,2024|07,meet_dr__jacob,24,24,0,0.0,2541,23,23,0.945,0.0,DO NOT FILTER - see NOTES section 5
I_PROTECTED_own_domain_referrer,pageReferrer,www.pankanaturalhealth.com,2024|07,page_view,329,275,0,0.0,2541,23,23,12.948,0.0,DO NOT FILTER - see NOTES section 5
I_PROTECTED_own_domain_referrer,pageReferrer,www.pankanaturalhealth.com,2024|07,schedule_appointment,53,52,0,0.0,2541,23,23,2.086,0.0,DO NOT FILTER - see NOTES section 5
I_PROTECTED_own_domain_referrer,pageReferrer,www.pankanaturalhealth.com,2024|07,scroll,116,103,0,0.0,2541,23,23,4.565,0.0,DO NOT FILTER - see NOTES section 5
I_PROTECTED_own_domain_referrer,pageReferrer,www.pankanaturalhealth.com,2024|07,session_start,53,53,0,0.0,2541,23,23,2.086,0.0,DO NOT FILTER - see NOTES section 5
I_PROTECTED_own_domain_referrer,pageReferrer,www.pankanaturalhealth.com,2024|07,user_engagement,255,199,0,0.0,2541,23,23,10.035,0.0,DO NOT FILTER - see NOTES section 5
I_PROTECTED_own_domain_referrer,pageReferrer,www.pankanaturalhealth.com,2024|07,why_pnh,14,12,0,0.0,2541,23,23,0.551,0.0,DO NOT FILTER - see NOTES section 5
I_PROTECTED_own_domain_referrer,sessionSourceMedium,pankanaturalhealth.com / referral,2024|07,first_visit,3,3,0,0.0,2541,23,23,0.118,0.0,DO NOT FILTER - see NOTES section 5
I_PROTECTED_own_domain_referrer,sessionSourceMedium,pankanaturalhealth.com / referral,2024|07,page_view,12,11,0,0.0,2541,23,23,0.472,0.0,DO NOT FILTER - see NOTES section 5
I_PROTECTED_own_domain_referrer,sessionSourceMedium,pankanaturalhealth.com / referral,2024|07,scroll,11,10,0,0.0,2541,23,23,0.433,0.0,DO NOT FILTER - see NOTES section 5
I_PROTECTED_own_domain_referrer,sessionSourceMedium,pankanaturalhealth.com / referral,2024|07,session_start,11,11,0,0.0,2541,23,23,0.433,0.0,DO NOT FILTER - see NOTES section 5
I_PROTECTED_own_domain_referrer,pageReferrer,www.pankanaturalhealth.com,2024|08,click,14,13,0,0.0,1939,10,10,0.722,0.0,DO NOT FILTER - see NOTES section 5
I_PROTECTED_own_domain_referrer,pageReferrer,www.pankanaturalhealth.com,2024|08,first_visit,5,5,0,0.0,1939,10,10,0.258,0.0,DO NOT FILTER - see NOTES section 5
I_PROTECTED_own_domain_referrer,pageReferrer,www.pankanaturalhealth.com,2024|08,form_start,4,3,0,0.0,1939,10,10,0.206,0.0,DO NOT FILTER - see NOTES section 5
I_PROTECTED_own_domain_referrer,pageReferrer,www.pankanaturalhealth.com,2024|08,meet_dr__haley,27,25,0,0.0,1939,10,10,1.392,0.0,DO NOT FILTER - see NOTES section 5
I_PROTECTED_own_domain_referrer,pageReferrer,www.pankanaturalhealth.com,2024|08,meet_dr__jacob,19,15,0,0.0,1939,10,10,0.98,0.0,DO NOT FILTER - see NOTES section 5
I_PROTECTED_own_domain_referrer,pageReferrer,www.pankanaturalhealth.com,2024|08,page_view,303,232,0,0.0,1939,10,10,15.627,0.0,DO NOT FILTER - see NOTES section 5
I_PROTECTED_own_domain_referrer,pageReferrer,www.pankanaturalhealth.com,2024|08,schedule_appointment,51,39,0,0.0,1939,10,10,2.63,0.0,DO NOT FILTER - see NOTES section 5
I_PROTECTED_own_domain_referrer,pageReferrer,www.pankanaturalhealth.com,2024|08,scroll,97,86,0,0.0,1939,10,10,5.003,0.0,DO NOT FILTER - see NOTES section 5
I_PROTECTED_own_domain_referrer,pageReferrer,www.pankanaturalhealth.com,2024|08,session_start,46,46,0,0.0,1939,10,10,2.372,0.0,DO NOT FILTER - see NOTES section 5
I_PROTECTED_own_domain_referrer,pageReferrer,www.pankanaturalhealth.com,2024|08,user_engagement,267,190,0,0.0,1939,10,10,13.77,0.0,DO NOT FILTER - see NOTES section 5
I_PROTECTED_own_domain_referrer,pageReferrer,www.pankanaturalhealth.com,2024|08,why_pnh,5,5,0,0.0,1939,10,10,0.258,0.0,DO NOT FILTER - see NOTES section 5
I_PROTECTED_own_domain_referrer,sessionSourceMedium,pankanaturalhealth.com / referral,2024|08,first_visit,1,1,0,0.0,1939,10,10,0.052,0.0,DO NOT FILTER - see NOTES section 5
I_PROTECTED_own_domain_referrer,sessionSourceMedium,pankanaturalhealth.com / referral,2024|08,page_view,4,3,0,0.0,1939,10,10,0.206,0.0,DO NOT FILTER - see NOTES section 5
I_PROTECTED_own_domain_referrer,sessionSourceMedium,pankanaturalhealth.com / referral,2024|08,scroll,4,3,0,0.0,1939,10,10,0.206,0.0,DO NOT FILTER - see NOTES section 5
I_PROTECTED_own_domain_referrer,sessionSourceMedium,pankanaturalhealth.com / referral,2024|08,session_start,3,3,0,0.0,1939,10,10,0.155,0.0,DO NOT FILTER - see NOTES section 5
I_PROTECTED_own_domain_referrer,pageReferrer,www.pankanaturalhealth.com,2024|09,click,23,23,0,0.0,3690,15,15,0.623,0.0,DO NOT FILTER - see NOTES section 5
I_PROTECTED_own_domain_referrer,pageReferrer,www.pankanaturalhealth.com,2024|09,file_download,1,1,0,0.0,3690,15,15,0.027,0.0,DO NOT FILTER - see NOTES section 5
I_PROTECTED_own_domain_referrer,pageReferrer,www.pankanaturalhealth.com,2024|09,first_visit,17,17,0,0.0,3690,15,15,0.461,0.0,DO NOT FILTER - see NOTES section 5
I_PROTECTED_own_domain_referrer,pageReferrer,www.pankanaturalhealth.com,2024|09,form_start,9,8,0,0.0,3690,15,15,0.244,0.0,DO NOT FILTER - see NOTES section 5
I_PROTECTED_own_domain_referrer,pageReferrer,www.pankanaturalhealth.com,2024|09,meet_dr__haley,51,48,0,0.0,3690,15,15,1.382,0.0,DO NOT FILTER - see NOTES section 5
I_PROTECTED_own_domain_referrer,pageReferrer,www.pankanaturalhealth.com,2024|09,meet_dr__jacob,22,20,0,0.0,3690,15,15,0.596,0.0,DO NOT FILTER - see NOTES section 5
I_PROTECTED_own_domain_referrer,pageReferrer,www.pankanaturalhealth.com,2024|09,page_view,439,353,0,0.0,3690,15,15,11.897,0.0,DO NOT FILTER - see NOTES section 5
I_PROTECTED_own_domain_referrer,pageReferrer,www.pankanaturalhealth.com,2024|09,purchase,1,1,1,0.0,3690,15,15,0.027,6.667,DO NOT FILTER - see NOTES section 5
I_PROTECTED_own_domain_referrer,pageReferrer,www.pankanaturalhealth.com,2024|09,schedule_appointment,82,75,0,0.0,3690,15,15,2.222,0.0,DO NOT FILTER - see NOTES section 5
I_PROTECTED_own_domain_referrer,pageReferrer,www.pankanaturalhealth.com,2024|09,scroll,119,111,0,0.0,3690,15,15,3.225,0.0,DO NOT FILTER - see NOTES section 5
I_PROTECTED_own_domain_referrer,pageReferrer,www.pankanaturalhealth.com,2024|09,session_start,67,67,0,0.0,3690,15,15,1.816,0.0,DO NOT FILTER - see NOTES section 5
I_PROTECTED_own_domain_referrer,pageReferrer,www.pankanaturalhealth.com,2024|09,user_engagement,376,288,0,0.0,3690,15,15,10.19,0.0,DO NOT FILTER - see NOTES section 5
I_PROTECTED_own_domain_referrer,pageReferrer,www.pankanaturalhealth.com,2024|09,view,4,3,0,0.0,3690,15,15,0.108,0.0,DO NOT FILTER - see NOTES section 5
I_PROTECTED_own_domain_referrer,pageReferrer,www.pankanaturalhealth.com,2024|09,why_pnh,10,9,0,0.0,3690,15,15,0.271,0.0,DO NOT FILTER - see NOTES section 5
I_PROTECTED_own_domain_referrer,sessionSourceMedium,pankanaturalhealth.com / referral,2024|09,first_visit,5,5,0,0.0,3690,15,15,0.136,0.0,DO NOT FILTER - see NOTES section 5
I_PROTECTED_own_domain_referrer,sessionSourceMedium,pankanaturalhealth.com / referral,2024|09,form_start,4,3,0,0.0,3690,15,15,0.108,0.0,DO NOT FILTER - see NOTES section 5
I_PROTECTED_own_domain_referrer,sessionSourceMedium,pankanaturalhealth.com / referral,2024|09,page_view,10,6,0,0.0,3690,15,15,0.271,0.0,DO NOT FILTER - see NOTES section 5
I_PROTECTED_own_domain_referrer,sessionSourceMedium,pankanaturalhealth.com / referral,2024|09,scroll,7,6,0,0.0,3690,15,15,0.19,0.0,DO NOT FILTER - see NOTES section 5
I_PROTECTED_own_domain_referrer,sessionSourceMedium,pankanaturalhealth.com / referral,2024|09,session_start,6,6,0,0.0,3690,15,15,0.163,0.0,DO NOT FILTER - see NOTES section 5
I_PROTECTED_own_domain_referrer,sessionSourceMedium,pankanaturalhealth.com / referral,2024|09,user_engagement,3,3,0,0.0,3690,15,15,0.081,0.0,DO NOT FILTER - see NOTES section 5
I_PROTECTED_own_domain_referrer,sessionSourceMedium,pankanaturalhealth.com / referral,2024|09,view,4,3,0,0.0,3690,15,15,0.108,0.0,DO NOT FILTER - see NOTES section 5
I_PROTECTED_own_domain_referrer,pageReferrer,www.pankanaturalhealth.com,2024|10,click,28,27,0,0.0,3930,21,21,0.712,0.0,DO NOT FILTER - see NOTES section 5
I_PROTECTED_own_domain_referrer,pageReferrer,www.pankanaturalhealth.com,2024|10,file_download,3,3,0,0.0,3930,21,21,0.076,0.0,DO NOT FILTER - see NOTES section 5
I_PROTECTED_own_domain_referrer,pageReferrer,www.pankanaturalhealth.com,2024|10,first_visit,3,3,0,0.0,3930,21,21,0.076,0.0,DO NOT FILTER - see NOTES section 5
I_PROTECTED_own_domain_referrer,pageReferrer,www.pankanaturalhealth.com,2024|10,form_start,10,9,0,0.0,3930,21,21,0.254,0.0,DO NOT FILTER - see NOTES section 5
I_PROTECTED_own_domain_referrer,pageReferrer,www.pankanaturalhealth.com,2024|10,form_submit,1,1,0,0.0,3930,21,21,0.025,0.0,DO NOT FILTER - see NOTES section 5
I_PROTECTED_own_domain_referrer,pageReferrer,www.pankanaturalhealth.com,2024|10,meet_dr__haley,34,33,0,0.0,3930,21,21,0.865,0.0,DO NOT FILTER - see NOTES section 5
I_PROTECTED_own_domain_referrer,pageReferrer,www.pankanaturalhealth.com,2024|10,meet_dr__jacob,29,26,0,0.0,3930,21,21,0.738,0.0,DO NOT FILTER - see NOTES section 5
I_PROTECTED_own_domain_referrer,pageReferrer,www.pankanaturalhealth.com,2024|10,page_view,528,374,0,0.0,3930,21,21,13.435,0.0,DO NOT FILTER - see NOTES section 5
I_PROTECTED_own_domain_referrer,pageReferrer,www.pankanaturalhealth.com,2024|10,schedule_appointment,71,65,0,0.0,3930,21,21,1.807,0.0,DO NOT FILTER - see NOTES section 5
I_PROTECTED_own_domain_referrer,pageReferrer,www.pankanaturalhealth.com,2024|10,scroll,155,135,0,0.0,3930,21,21,3.944,0.0,DO NOT FILTER - see NOTES section 5
I_PROTECTED_own_domain_referrer,pageReferrer,www.pankanaturalhealth.com,2024|10,session_start,63,63,0,0.0,3930,21,21,1.603,0.0,DO NOT FILTER - see NOTES section 5
I_PROTECTED_own_domain_referrer,pageReferrer,www.pankanaturalhealth.com,2024|10,user_engagement,466,298,0,0.0,3930,21,21,11.858,0.0,DO NOT FILTER - see NOTES section 5
I_PROTECTED_own_domain_referrer,pageReferrer,www.pankanaturalhealth.com,2024|10,view,1,1,0,0.0,3930,21,21,0.025,0.0,DO NOT FILTER - see NOTES section 5
I_PROTECTED_own_domain_referrer,pageReferrer,www.pankanaturalhealth.com,2024|10,why_pnh,17,13,0,0.0,3930,21,21,0.433,0.0,DO NOT FILTER - see NOTES section 5
I_PROTECTED_own_domain_referrer,sessionSourceMedium,pankanaturalhealth.com / referral,2024|10,first_visit,1,1,0,0.0,3930,21,21,0.025,0.0,DO NOT FILTER - see NOTES section 5
I_PROTECTED_own_domain_referrer,sessionSourceMedium,pankanaturalhealth.com / referral,2024|10,form_start,2,1,0,0.0,3930,21,21,0.051,0.0,DO NOT FILTER - see NOTES section 5
I_PROTECTED_own_domain_referrer,sessionSourceMedium,pankanaturalhealth.com / referral,2024|10,form_submit,1,1,0,0.0,3930,21,21,0.025,0.0,DO NOT FILTER - see NOTES section 5
I_PROTECTED_own_domain_referrer,sessionSourceMedium,pankanaturalhealth.com / referral,2024|10,page_view,9,8,0,0.0,3930,21,21,0.229,0.0,DO NOT FILTER - see NOTES section 5
I_PROTECTED_own_domain_referrer,sessionSourceMedium,pankanaturalhealth.com / referral,2024|10,scroll,8,8,0,0.0,3930,21,21,0.204,0.0,DO NOT FILTER - see NOTES section 5
I_PROTECTED_own_domain_referrer,sessionSourceMedium,pankanaturalhealth.com / referral,2024|10,session_start,9,9,0,0.0,3930,21,21,0.229,0.0,DO NOT FILTER - see NOTES section 5
I_PROTECTED_own_domain_referrer,sessionSourceMedium,pankanaturalhealth.com / referral,2024|10,user_engagement,5,5,0,0.0,3930,21,21,0.127,0.0,DO NOT FILTER - see NOTES section 5
I_PROTECTED_own_domain_referrer,sessionSourceMedium,pankanaturalhealth.com / referral,2024|10,view,1,1,0,0.0,3930,21,21,0.025,0.0,DO NOT FILTER - see NOTES section 5
I_PROTECTED_own_domain_referrer,pageReferrer,www.pankanaturalhealth.com,2024|11,click,28,23,0,0.0,3781,15,12,0.741,0.0,DO NOT FILTER - see NOTES section 5
I_PROTECTED_own_domain_referrer,pageReferrer,www.pankanaturalhealth.com,2024|11,first_visit,4,4,0,0.0,3781,15,12,0.106,0.0,DO NOT FILTER - see NOTES section 5
I_PROTECTED_own_domain_referrer,pageReferrer,www.pankanaturalhealth.com,2024|11,form_start,4,4,0,0.0,3781,15,12,0.106,0.0,DO NOT FILTER - see NOTES section 5
I_PROTECTED_own_domain_referrer,pageReferrer,www.pankanaturalhealth.com,2024|11,generate_lead,1,1,1,0.0,3781,15,12,0.026,6.667,DO NOT FILTER - see NOTES section 5
I_PROTECTED_own_domain_referrer,pageReferrer,www.pankanaturalhealth.com,2024|11,meet_dr__haley,19,18,0,0.0,3781,15,12,0.503,0.0,DO NOT FILTER - see NOTES section 5
I_PROTECTED_own_domain_referrer,pageReferrer,www.pankanaturalhealth.com,2024|11,meet_dr__jacob,15,14,0,0.0,3781,15,12,0.397,0.0,DO NOT FILTER - see NOTES section 5
I_PROTECTED_own_domain_referrer,pageReferrer,www.pankanaturalhealth.com,2024|11,page_view,450,348,0,0.0,3781,15,12,11.902,0.0,DO NOT FILTER - see NOTES section 5
I_PROTECTED_own_domain_referrer,pageReferrer,www.pankanaturalhealth.com,2024|11,schedule_appointment,70,67,0,0.0,3781,15,12,1.851,0.0,DO NOT FILTER - see NOTES section 5
I_PROTECTED_own_domain_referrer,pageReferrer,www.pankanaturalhealth.com,2024|11,scroll,120,116,0,0.0,3781,15,12,3.174,0.0,DO NOT FILTER - see NOTES section 5
I_PROTECTED_own_domain_referrer,pageReferrer,www.pankanaturalhealth.com,2024|11,session_start,63,63,0,0.0,3781,15,12,1.666,0.0,DO NOT FILTER - see NOTES section 5
I_PROTECTED_own_domain_referrer,pageReferrer,www.pankanaturalhealth.com,2024|11,user_engagement,377,275,0,0.0,3781,15,12,9.971,0.0,DO NOT FILTER - see NOTES section 5
I_PROTECTED_own_domain_referrer,pageReferrer,www.pankanaturalhealth.com,2024|11,why_pnh,11,11,0,0.0,3781,15,12,0.291,0.0,DO NOT FILTER - see NOTES section 5
I_PROTECTED_own_domain_referrer,sessionSourceMedium,pankanaturalhealth.com / referral,2024|11,first_visit,1,1,0,0.0,3781,15,12,0.026,0.0,DO NOT FILTER - see NOTES section 5
I_PROTECTED_own_domain_referrer,sessionSourceMedium,pankanaturalhealth.com / referral,2024|11,page_view,2,2,0,0.0,3781,15,12,0.053,0.0,DO NOT FILTER - see NOTES section 5
I_PROTECTED_own_domain_referrer,sessionSourceMedium,pankanaturalhealth.com / referral,2024|11,scroll,2,2,0,0.0,3781,15,12,0.053,0.0,DO NOT FILTER - see NOTES section 5
I_PROTECTED_own_domain_referrer,sessionSourceMedium,pankanaturalhealth.com / referral,2024|11,session_start,2,2,0,0.0,3781,15,12,0.053,0.0,DO NOT FILTER - see NOTES section 5
I_PROTECTED_own_domain_referrer,sessionSourceMedium,pankanaturalhealth.com / referral,2024|11,user_engagement,1,1,0,0.0,3781,15,12,0.026,0.0,DO NOT FILTER - see NOTES section 5
I_PROTECTED_own_domain_referrer,pageReferrer,www.pankanaturalhealth.com,2024|12,click,23,21,0,0.0,2448,25,2,0.94,0.0,DO NOT FILTER - see NOTES section 5
I_PROTECTED_own_domain_referrer,pageReferrer,www.pankanaturalhealth.com,2024|12,first_visit,1,1,0,0.0,2448,25,2,0.041,0.0,DO NOT FILTER - see NOTES section 5
I_PROTECTED_own_domain_referrer,pageReferrer,www.pankanaturalhealth.com,2024|12,form_start,10,10,0,0.0,2448,25,2,0.408,0.0,DO NOT FILTER - see NOTES section 5
I_PROTECTED_own_domain_referrer,pageReferrer,www.pankanaturalhealth.com,2024|12,generate_lead,21,20,21,0.0,2448,25,2,0.858,84.0,DO NOT FILTER - see NOTES section 5
I_PROTECTED_own_domain_referrer,pageReferrer,www.pankanaturalhealth.com,2024|12,meet_dr__haley,21,21,0,0.0,2448,25,2,0.858,0.0,DO NOT FILTER - see NOTES section 5
I_PROTECTED_own_domain_referrer,pageReferrer,www.pankanaturalhealth.com,2024|12,meet_dr__jacob,11,9,0,0.0,2448,25,2,0.449,0.0,DO NOT FILTER - see NOTES section 5
I_PROTECTED_own_domain_referrer,pageReferrer,www.pankanaturalhealth.com,2024|12,page_view,262,226,0,0.0,2448,25,2,10.703,0.0,DO NOT FILTER - see NOTES section 5
I_PROTECTED_own_domain_referrer,pageReferrer,www.pankanaturalhealth.com,2024|12,schedule_appointment,48,45,0,0.0,2448,25,2,1.961,0.0,DO NOT FILTER - see NOTES section 5
I_PROTECTED_own_domain_referrer,pageReferrer,www.pankanaturalhealth.com,2024|12,scroll,74,72,0,0.0,2448,25,2,3.023,0.0,DO NOT FILTER - see NOTES section 5
I_PROTECTED_own_domain_referrer,pageReferrer,www.pankanaturalhealth.com,2024|12,session_start,32,32,0,0.0,2448,25,2,1.307,0.0,DO NOT FILTER - see NOTES section 5
I_PROTECTED_own_domain_referrer,pageReferrer,www.pankanaturalhealth.com,2024|12,user_engagement,184,160,0,0.0,2448,25,2,7.516,0.0,DO NOT FILTER - see NOTES section 5
I_PROTECTED_own_domain_referrer,pageReferrer,www.pankanaturalhealth.com,2024|12,why_pnh,4,4,0,0.0,2448,25,2,0.163,0.0,DO NOT FILTER - see NOTES section 5
I_PROTECTED_own_domain_referrer,sessionSourceMedium,pankanaturalhealth.com / referral,2024|12,first_visit,1,1,0,0.0,2448,25,2,0.041,0.0,DO NOT FILTER - see NOTES section 5
I_PROTECTED_own_domain_referrer,sessionSourceMedium,pankanaturalhealth.com / referral,2024|12,form_start,1,1,0,0.0,2448,25,2,0.041,0.0,DO NOT FILTER - see NOTES section 5
I_PROTECTED_own_domain_referrer,sessionSourceMedium,pankanaturalhealth.com / referral,2024|12,page_view,7,3,0,0.0,2448,25,2,0.286,0.0,DO NOT FILTER - see NOTES section 5
I_PROTECTED_own_domain_referrer,sessionSourceMedium,pankanaturalhealth.com / referral,2024|12,purchase,1,1,1,0.0,2448,25,2,0.041,4.0,DO NOT FILTER - see NOTES section 5
I_PROTECTED_own_domain_referrer,sessionSourceMedium,pankanaturalhealth.com / referral,2024|12,scroll,3,3,0,0.0,2448,25,2,0.123,0.0,DO NOT FILTER - see NOTES section 5
I_PROTECTED_own_domain_referrer,sessionSourceMedium,pankanaturalhealth.com / referral,2024|12,session_start,3,3,0,0.0,2448,25,2,0.123,0.0,DO NOT FILTER - see NOTES section 5
I_PROTECTED_own_domain_referrer,sessionSourceMedium,pankanaturalhealth.com / referral,2024|12,view,1,1,0,0.0,2448,25,2,0.041,0.0,DO NOT FILTER - see NOTES section 5
I_PROTECTED_own_domain_referrer,pageReferrer,www.pankanaturalhealth.com,2025|01,click,18,16,0,0.0,2895,19,2,0.622,0.0,DO NOT FILTER - see NOTES section 5
I_PROTECTED_own_domain_referrer,pageReferrer,www.pankanaturalhealth.com,2025|01,file_download,1,1,0,0.0,2895,19,2,0.035,0.0,DO NOT FILTER - see NOTES section 5
I_PROTECTED_own_domain_referrer,pageReferrer,www.pankanaturalhealth.com,2025|01,first_visit,2,2,0,0.0,2895,19,2,0.069,0.0,DO NOT FILTER - see NOTES section 5
I_PROTECTED_own_domain_referrer,pageReferrer,www.pankanaturalhealth.com,2025|01,form_start,6,6,0,0.0,2895,19,2,0.207,0.0,DO NOT FILTER - see NOTES section 5
I_PROTECTED_own_domain_referrer,pageReferrer,www.pankanaturalhealth.com,2025|01,generate_lead,14,14,14,0.0,2895,19,2,0.484,73.684,DO NOT FILTER - see NOTES section 5
I_PROTECTED_own_domain_referrer,pageReferrer,www.pankanaturalhealth.com,2025|01,meet_dr__haley,46,41,0,0.0,2895,19,2,1.589,0.0,DO NOT FILTER - see NOTES section 5
I_PROTECTED_own_domain_referrer,pageReferrer,www.pankanaturalhealth.com,2025|01,meet_dr__jacob,21,20,0,0.0,2895,19,2,0.725,0.0,DO NOT FILTER - see NOTES section 5
I_PROTECTED_own_domain_referrer,pageReferrer,www.pankanaturalhealth.com,2025|01,page_view,382,322,0,0.0,2895,19,2,13.195,0.0,DO NOT FILTER - see NOTES section 5
I_PROTECTED_own_domain_referrer,pageReferrer,www.pankanaturalhealth.com,2025|01,schedule_appointment,76,69,0,0.0,2895,19,2,2.625,0.0,DO NOT FILTER - see NOTES section 5
I_PROTECTED_own_domain_referrer,pageReferrer,www.pankanaturalhealth.com,2025|01,scroll,124,117,0,0.0,2895,19,2,4.283,0.0,DO NOT FILTER - see NOTES section 5
I_PROTECTED_own_domain_referrer,pageReferrer,www.pankanaturalhealth.com,2025|01,session_start,64,64,0,0.0,2895,19,2,2.211,0.0,DO NOT FILTER - see NOTES section 5
I_PROTECTED_own_domain_referrer,pageReferrer,www.pankanaturalhealth.com,2025|01,user_engagement,270,226,0,0.0,2895,19,2,9.326,0.0,DO NOT FILTER - see NOTES section 5
I_PROTECTED_own_domain_referrer,pageReferrer,www.pankanaturalhealth.com,2025|01,why_pnh,10,9,0,0.0,2895,19,2,0.345,0.0,DO NOT FILTER - see NOTES section 5
I_PROTECTED_own_domain_referrer,sessionSourceMedium,pankanaturalhealth.com / referral,2025|01,form_start,1,1,0,0.0,2895,19,2,0.035,0.0,DO NOT FILTER - see NOTES section 5
I_PROTECTED_own_domain_referrer,sessionSourceMedium,pankanaturalhealth.com / referral,2025|01,page_view,16,7,0,0.0,2895,19,2,0.553,0.0,DO NOT FILTER - see NOTES section 5
I_PROTECTED_own_domain_referrer,sessionSourceMedium,pankanaturalhealth.com / referral,2025|01,purchase,1,1,1,0.0,2895,19,2,0.035,5.263,DO NOT FILTER - see NOTES section 5
I_PROTECTED_own_domain_referrer,sessionSourceMedium,pankanaturalhealth.com / referral,2025|01,scroll,7,7,0,0.0,2895,19,2,0.242,0.0,DO NOT FILTER - see NOTES section 5
I_PROTECTED_own_domain_referrer,sessionSourceMedium,pankanaturalhealth.com / referral,2025|01,session_start,7,7,0,0.0,2895,19,2,0.242,0.0,DO NOT FILTER - see NOTES section 5
I_PROTECTED_own_domain_referrer,sessionSourceMedium,pankanaturalhealth.com / referral,2025|01,view,1,1,0,0.0,2895,19,2,0.035,0.0,DO NOT FILTER - see NOTES section 5
I_PROTECTED_own_domain_referrer,pageReferrer,www.pankanaturalhealth.com,2025|02,click,20,20,0,0.0,2986,30,0,0.67,0.0,DO NOT FILTER - see NOTES section 5
I_PROTECTED_own_domain_referrer,pageReferrer,www.pankanaturalhealth.com,2025|02,file_download,1,1,0,0.0,2986,30,0,0.033,0.0,DO NOT FILTER - see NOTES section 5
I_PROTECTED_own_domain_referrer,pageReferrer,www.pankanaturalhealth.com,2025|02,first_visit,6,6,0,0.0,2986,30,0,0.201,0.0,DO NOT FILTER - see NOTES section 5
I_PROTECTED_own_domain_referrer,pageReferrer,www.pankanaturalhealth.com,2025|02,form_start,16,15,0,0.0,2986,30,0,0.536,0.0,DO NOT FILTER - see NOTES section 5
I_PROTECTED_own_domain_referrer,pageReferrer,www.pankanaturalhealth.com,2025|02,generate_lead,28,27,28,0.0,2986,30,0,0.938,93.333,DO NOT FILTER - see NOTES section 5
I_PROTECTED_own_domain_referrer,pageReferrer,www.pankanaturalhealth.com,2025|02,meet_dr__haley,43,38,0,0.0,2986,30,0,1.44,0.0,DO NOT FILTER - see NOTES section 5
I_PROTECTED_own_domain_referrer,pageReferrer,www.pankanaturalhealth.com,2025|02,meet_dr__jacob,21,20,0,0.0,2986,30,0,0.703,0.0,DO NOT FILTER - see NOTES section 5
I_PROTECTED_own_domain_referrer,pageReferrer,www.pankanaturalhealth.com,2025|02,page_view,447,346,0,0.0,2986,30,0,14.97,0.0,DO NOT FILTER - see NOTES section 5
I_PROTECTED_own_domain_referrer,pageReferrer,www.pankanaturalhealth.com,2025|02,schedule_appointment,58,52,0,0.0,2986,30,0,1.942,0.0,DO NOT FILTER - see NOTES section 5
I_PROTECTED_own_domain_referrer,pageReferrer,www.pankanaturalhealth.com,2025|02,scroll,122,103,0,0.0,2986,30,0,4.086,0.0,DO NOT FILTER - see NOTES section 5
I_PROTECTED_own_domain_referrer,pageReferrer,www.pankanaturalhealth.com,2025|02,session_start,72,72,0,0.0,2986,30,0,2.411,0.0,DO NOT FILTER - see NOTES section 5
I_PROTECTED_own_domain_referrer,pageReferrer,www.pankanaturalhealth.com,2025|02,user_engagement,310,235,0,0.0,2986,30,0,10.382,0.0,DO NOT FILTER - see NOTES section 5
I_PROTECTED_own_domain_referrer,pageReferrer,www.pankanaturalhealth.com,2025|02,video_start,2,2,0,0.0,2986,30,0,0.067,0.0,DO NOT FILTER - see NOTES section 5
I_PROTECTED_own_domain_referrer,pageReferrer,www.pankanaturalhealth.com,2025|02,why_pnh,7,6,0,0.0,2986,30,0,0.234,0.0,DO NOT FILTER - see NOTES section 5
I_PROTECTED_own_domain_referrer,sessionSourceMedium,pankanaturalhealth.com / referral,2025|02,first_visit,2,2,0,0.0,2986,30,0,0.067,0.0,DO NOT FILTER - see NOTES section 5
I_PROTECTED_own_domain_referrer,sessionSourceMedium,pankanaturalhealth.com / referral,2025|02,page_view,6,4,0,0.0,2986,30,0,0.201,0.0,DO NOT FILTER - see NOTES section 5
I_PROTECTED_own_domain_referrer,sessionSourceMedium,pankanaturalhealth.com / referral,2025|02,scroll,5,4,0,0.0,2986,30,0,0.167,0.0,DO NOT FILTER - see NOTES section 5
I_PROTECTED_own_domain_referrer,sessionSourceMedium,pankanaturalhealth.com / referral,2025|02,session_start,5,5,0,0.0,2986,30,0,0.167,0.0,DO NOT FILTER - see NOTES section 5
I_PROTECTED_own_domain_referrer,sessionSourceMedium,pankanaturalhealth.com / referral,2025|02,user_engagement,3,3,0,0.0,2986,30,0,0.1,0.0,DO NOT FILTER - see NOTES section 5
I_PROTECTED_own_domain_referrer,pageReferrer,www.pankanaturalhealth.com,2025|03,click,20,20,0,0.0,2970,23,1,0.673,0.0,DO NOT FILTER - see NOTES section 5
I_PROTECTED_own_domain_referrer,pageReferrer,www.pankanaturalhealth.com,2025|03,file_download,2,2,0,0.0,2970,23,1,0.067,0.0,DO NOT FILTER - see NOTES section 5
I_PROTECTED_own_domain_referrer,pageReferrer,www.pankanaturalhealth.com,2025|03,first_visit,5,5,0,0.0,2970,23,1,0.168,0.0,DO NOT FILTER - see NOTES section 5
I_PROTECTED_own_domain_referrer,pageReferrer,www.pankanaturalhealth.com,2025|03,form_start,5,5,0,0.0,2970,23,1,0.168,0.0,DO NOT FILTER - see NOTES section 5
I_PROTECTED_own_domain_referrer,pageReferrer,www.pankanaturalhealth.com,2025|03,generate_lead,18,17,18,0.0,2970,23,1,0.606,78.261,DO NOT FILTER - see NOTES section 5
I_PROTECTED_own_domain_referrer,pageReferrer,www.pankanaturalhealth.com,2025|03,meet_dr__haley,23,23,0,0.0,2970,23,1,0.774,0.0,DO NOT FILTER - see NOTES section 5
I_PROTECTED_own_domain_referrer,pageReferrer,www.pankanaturalhealth.com,2025|03,meet_dr__jacob,15,15,0,0.0,2970,23,1,0.505,0.0,DO NOT FILTER - see NOTES section 5
I_PROTECTED_own_domain_referrer,pageReferrer,www.pankanaturalhealth.com,2025|03,page_view,484,393,0,0.0,2970,23,1,16.296,0.0,DO NOT FILTER - see NOTES section 5
I_PROTECTED_own_domain_referrer,pageReferrer,www.pankanaturalhealth.com,2025|03,schedule_appointment,94,84,0,0.0,2970,23,1,3.165,0.0,DO NOT FILTER - see NOTES section 5
I_PROTECTED_own_domain_referrer,pageReferrer,www.pankanaturalhealth.com,2025|03,scroll,143,126,0,0.0,2970,23,1,4.815,0.0,DO NOT FILTER - see NOTES section 5
I_PROTECTED_own_domain_referrer,pageReferrer,www.pankanaturalhealth.com,2025|03,session_start,92,92,0,0.0,2970,23,1,3.098,0.0,DO NOT FILTER - see NOTES section 5
I_PROTECTED_own_domain_referrer,pageReferrer,www.pankanaturalhealth.com,2025|03,user_engagement,366,295,0,0.0,2970,23,1,12.323,0.0,DO NOT FILTER - see NOTES section 5
I_PROTECTED_own_domain_referrer,pageReferrer,www.pankanaturalhealth.com,2025|03,why_pnh,10,9,0,0.0,2970,23,1,0.337,0.0,DO NOT FILTER - see NOTES section 5
I_PROTECTED_own_domain_referrer,sessionSourceMedium,pankanaturalhealth.com / referral,2025|03,first_visit,2,2,0,0.0,2970,23,1,0.067,0.0,DO NOT FILTER - see NOTES section 5
I_PROTECTED_own_domain_referrer,sessionSourceMedium,pankanaturalhealth.com / referral,2025|03,form_start,1,1,0,0.0,2970,23,1,0.034,0.0,DO NOT FILTER - see NOTES section 5
I_PROTECTED_own_domain_referrer,sessionSourceMedium,pankanaturalhealth.com / referral,2025|03,page_view,40,9,0,0.0,2970,23,1,1.347,0.0,DO NOT FILTER - see NOTES section 5
I_PROTECTED_own_domain_referrer,sessionSourceMedium,pankanaturalhealth.com / referral,2025|03,purchase,1,1,1,0.0,2970,23,1,0.034,4.348,DO NOT FILTER - see NOTES section 5
I_PROTECTED_own_domain_referrer,sessionSourceMedium,pankanaturalhealth.com / referral,2025|03,scroll,17,9,0,0.0,2970,23,1,0.572,0.0,DO NOT FILTER - see NOTES section 5
I_PROTECTED_own_domain_referrer,sessionSourceMedium,pankanaturalhealth.com / referral,2025|03,session_start,12,12,0,0.0,2970,23,1,0.404,0.0,DO NOT FILTER - see NOTES section 5
I_PROTECTED_own_domain_referrer,sessionSourceMedium,pankanaturalhealth.com / referral,2025|03,user_engagement,10,8,0,0.0,2970,23,1,0.337,0.0,DO NOT FILTER - see NOTES section 5
I_PROTECTED_own_domain_referrer,sessionSourceMedium,pankanaturalhealth.com / referral,2025|03,view,1,1,0,0.0,2970,23,1,0.034,0.0,DO NOT FILTER - see NOTES section 5
I_PROTECTED_own_domain_referrer,pageReferrer,www.pankanaturalhealth.com,2025|04,click,23,21,0,0.0,2693,21,3,0.854,0.0,DO NOT FILTER - see NOTES section 5
I_PROTECTED_own_domain_referrer,pageReferrer,www.pankanaturalhealth.com,2025|04,first_visit,3,3,0,0.0,2693,21,3,0.111,0.0,DO NOT FILTER - see NOTES section 5
I_PROTECTED_own_domain_referrer,pageReferrer,www.pankanaturalhealth.com,2025|04,form_start,6,6,0,0.0,2693,21,3,0.223,0.0,DO NOT FILTER - see NOTES section 5
I_PROTECTED_own_domain_referrer,pageReferrer,www.pankanaturalhealth.com,2025|04,generate_lead,13,12,13,0.0,2693,21,3,0.483,61.905,DO NOT FILTER - see NOTES section 5
I_PROTECTED_own_domain_referrer,pageReferrer,www.pankanaturalhealth.com,2025|04,meet_dr__haley,26,25,0,0.0,2693,21,3,0.965,0.0,DO NOT FILTER - see NOTES section 5
I_PROTECTED_own_domain_referrer,pageReferrer,www.pankanaturalhealth.com,2025|04,meet_dr__jacob,10,8,0,0.0,2693,21,3,0.371,0.0,DO NOT FILTER - see NOTES section 5
I_PROTECTED_own_domain_referrer,pageReferrer,www.pankanaturalhealth.com,2025|04,page_view,376,309,0,0.0,2693,21,3,13.962,0.0,DO NOT FILTER - see NOTES section 5
I_PROTECTED_own_domain_referrer,pageReferrer,www.pankanaturalhealth.com,2025|04,schedule_appointment,77,67,0,0.0,2693,21,3,2.859,0.0,DO NOT FILTER - see NOTES section 5
I_PROTECTED_own_domain_referrer,pageReferrer,www.pankanaturalhealth.com,2025|04,scroll,117,108,0,0.0,2693,21,3,4.345,0.0,DO NOT FILTER - see NOTES section 5
I_PROTECTED_own_domain_referrer,pageReferrer,www.pankanaturalhealth.com,2025|04,session_start,79,79,0,0.0,2693,21,3,2.934,0.0,DO NOT FILTER - see NOTES section 5
I_PROTECTED_own_domain_referrer,pageReferrer,www.pankanaturalhealth.com,2025|04,user_engagement,275,217,0,0.0,2693,21,3,10.212,0.0,DO NOT FILTER - see NOTES section 5
I_PROTECTED_own_domain_referrer,pageReferrer,www.pankanaturalhealth.com,2025|04,video_progress,6,1,0,0.0,2693,21,3,0.223,0.0,DO NOT FILTER - see NOTES section 5
I_PROTECTED_own_domain_referrer,pageReferrer,www.pankanaturalhealth.com,2025|04,video_start,2,1,0,0.0,2693,21,3,0.074,0.0,DO NOT FILTER - see NOTES section 5
I_PROTECTED_own_domain_referrer,pageReferrer,www.pankanaturalhealth.com,2025|04,why_pnh,1,1,0,0.0,2693,21,3,0.037,0.0,DO NOT FILTER - see NOTES section 5
I_PROTECTED_own_domain_referrer,sessionSourceMedium,pankanaturalhealth.com / referral,2025|04,first_visit,1,1,0,0.0,2693,21,3,0.037,0.0,DO NOT FILTER - see NOTES section 5
I_PROTECTED_own_domain_referrer,sessionSourceMedium,pankanaturalhealth.com / referral,2025|04,form_start,5,2,0,0.0,2693,21,3,0.186,0.0,DO NOT FILTER - see NOTES section 5
I_PROTECTED_own_domain_referrer,sessionSourceMedium,pankanaturalhealth.com / referral,2025|04,form_submit,3,1,0,0.0,2693,21,3,0.111,0.0,DO NOT FILTER - see NOTES section 5
I_PROTECTED_own_domain_referrer,sessionSourceMedium,pankanaturalhealth.com / referral,2025|04,page_view,34,9,0,0.0,2693,21,3,1.263,0.0,DO NOT FILTER - see NOTES section 5
I_PROTECTED_own_domain_referrer,sessionSourceMedium,pankanaturalhealth.com / referral,2025|04,purchase,2,2,2,0.0,2693,21,3,0.074,9.524,DO NOT FILTER - see NOTES section 5
I_PROTECTED_own_domain_referrer,sessionSourceMedium,pankanaturalhealth.com / referral,2025|04,scroll,9,8,0,0.0,2693,21,3,0.334,0.0,DO NOT FILTER - see NOTES section 5
I_PROTECTED_own_domain_referrer,sessionSourceMedium,pankanaturalhealth.com / referral,2025|04,session_start,10,10,0,0.0,2693,21,3,0.371,0.0,DO NOT FILTER - see NOTES section 5
I_PROTECTED_own_domain_referrer,sessionSourceMedium,pankanaturalhealth.com / referral,2025|04,user_engagement,3,3,0,0.0,2693,21,3,0.111,0.0,DO NOT FILTER - see NOTES section 5
I_PROTECTED_own_domain_referrer,sessionSourceMedium,pankanaturalhealth.com / referral,2025|04,view,3,2,0,0.0,2693,21,3,0.111,0.0,DO NOT FILTER - see NOTES section 5
I_PROTECTED_own_domain_referrer,pageReferrer,www.pankanaturalhealth.com,2025|05,click,9,9,0,0.0,2154,17,1,0.418,0.0,DO NOT FILTER - see NOTES section 5
I_PROTECTED_own_domain_referrer,pageReferrer,www.pankanaturalhealth.com,2025|05,file_download,1,1,0,0.0,2154,17,1,0.046,0.0,DO NOT FILTER - see NOTES section 5
I_PROTECTED_own_domain_referrer,pageReferrer,www.pankanaturalhealth.com,2025|05,first_visit,1,1,0,0.0,2154,17,1,0.046,0.0,DO NOT FILTER - see NOTES section 5
I_PROTECTED_own_domain_referrer,pageReferrer,www.pankanaturalhealth.com,2025|05,form_start,1,1,0,0.0,2154,17,1,0.046,0.0,DO NOT FILTER - see NOTES section 5
I_PROTECTED_own_domain_referrer,pageReferrer,www.pankanaturalhealth.com,2025|05,generate_lead,11,10,11,0.0,2154,17,1,0.511,64.706,DO NOT FILTER - see NOTES section 5
I_PROTECTED_own_domain_referrer,pageReferrer,www.pankanaturalhealth.com,2025|05,meet_dr__haley,19,18,0,0.0,2154,17,1,0.882,0.0,DO NOT FILTER - see NOTES section 5
I_PROTECTED_own_domain_referrer,pageReferrer,www.pankanaturalhealth.com,2025|05,meet_dr__jacob,12,12,0,0.0,2154,17,1,0.557,0.0,DO NOT FILTER - see NOTES section 5
I_PROTECTED_own_domain_referrer,pageReferrer,www.pankanaturalhealth.com,2025|05,page_view,249,210,0,0.0,2154,17,1,11.56,0.0,DO NOT FILTER - see NOTES section 5
I_PROTECTED_own_domain_referrer,pageReferrer,www.pankanaturalhealth.com,2025|05,schedule_appointment,48,46,0,0.0,2154,17,1,2.228,0.0,DO NOT FILTER - see NOTES section 5
I_PROTECTED_own_domain_referrer,pageReferrer,www.pankanaturalhealth.com,2025|05,scroll,62,58,0,0.0,2154,17,1,2.878,0.0,DO NOT FILTER - see NOTES section 5
I_PROTECTED_own_domain_referrer,pageReferrer,www.pankanaturalhealth.com,2025|05,session_start,38,38,0,0.0,2154,17,1,1.764,0.0,DO NOT FILTER - see NOTES section 5
I_PROTECTED_own_domain_referrer,pageReferrer,www.pankanaturalhealth.com,2025|05,user_engagement,173,144,0,0.0,2154,17,1,8.032,0.0,DO NOT FILTER - see NOTES section 5
I_PROTECTED_own_domain_referrer,pageReferrer,www.pankanaturalhealth.com,2025|05,why_pnh,3,3,0,0.0,2154,17,1,0.139,0.0,DO NOT FILTER - see NOTES section 5
I_PROTECTED_own_domain_referrer,sessionSourceMedium,pankanaturalhealth.com / referral,2025|05,first_visit,1,1,0,0.0,2154,17,1,0.046,0.0,DO NOT FILTER - see NOTES section 5
I_PROTECTED_own_domain_referrer,sessionSourceMedium,pankanaturalhealth.com / referral,2025|05,form_start,2,2,0,0.0,2154,17,1,0.093,0.0,DO NOT FILTER - see NOTES section 5
I_PROTECTED_own_domain_referrer,sessionSourceMedium,pankanaturalhealth.com / referral,2025|05,page_view,21,4,0,0.0,2154,17,1,0.975,0.0,DO NOT FILTER - see NOTES section 5
I_PROTECTED_own_domain_referrer,sessionSourceMedium,pankanaturalhealth.com / referral,2025|05,purchase,1,1,1,0.0,2154,17,1,0.046,5.882,DO NOT FILTER - see NOTES section 5
I_PROTECTED_own_domain_referrer,sessionSourceMedium,pankanaturalhealth.com / referral,2025|05,scroll,6,5,0,0.0,2154,17,1,0.279,0.0,DO NOT FILTER - see NOTES section 5
I_PROTECTED_own_domain_referrer,sessionSourceMedium,pankanaturalhealth.com / referral,2025|05,session_start,6,6,0,0.0,2154,17,1,0.279,0.0,DO NOT FILTER - see NOTES section 5
I_PROTECTED_own_domain_referrer,sessionSourceMedium,pankanaturalhealth.com / referral,2025|05,user_engagement,3,2,0,0.0,2154,17,1,0.139,0.0,DO NOT FILTER - see NOTES section 5
I_PROTECTED_own_domain_referrer,sessionSourceMedium,pankanaturalhealth.com / referral,2025|05,view,3,2,0,0.0,2154,17,1,0.139,0.0,DO NOT FILTER - see NOTES section 5
I_PROTECTED_own_domain_referrer,pageReferrer,www.pankanaturalhealth.com,2025|06,click,13,13,0,0.0,4471,38,10,0.291,0.0,DO NOT FILTER - see NOTES section 5
I_PROTECTED_own_domain_referrer,pageReferrer,www.pankanaturalhealth.com,2025|06,first_visit,1,1,0,0.0,4471,38,10,0.022,0.0,DO NOT FILTER - see NOTES section 5
I_PROTECTED_own_domain_referrer,pageReferrer,www.pankanaturalhealth.com,2025|06,form_start,5,5,0,0.0,4471,38,10,0.112,0.0,DO NOT FILTER - see NOTES section 5
I_PROTECTED_own_domain_referrer,pageReferrer,www.pankanaturalhealth.com,2025|06,generate_lead,18,18,18,0.0,4471,38,10,0.403,47.368,DO NOT FILTER - see NOTES section 5
I_PROTECTED_own_domain_referrer,pageReferrer,www.pankanaturalhealth.com,2025|06,meet_dr__haley,31,31,0,0.0,4471,38,10,0.693,0.0,DO NOT FILTER - see NOTES section 5
I_PROTECTED_own_domain_referrer,pageReferrer,www.pankanaturalhealth.com,2025|06,meet_dr__jacob,16,15,0,0.0,4471,38,10,0.358,0.0,DO NOT FILTER - see NOTES section 5
I_PROTECTED_own_domain_referrer,pageReferrer,www.pankanaturalhealth.com,2025|06,page_view,483,370,0,0.0,4471,38,10,10.803,0.0,DO NOT FILTER - see NOTES section 5
I_PROTECTED_own_domain_referrer,pageReferrer,www.pankanaturalhealth.com,2025|06,schedule_appointment,79,70,0,0.0,4471,38,10,1.767,0.0,DO NOT FILTER - see NOTES section 5
I_PROTECTED_own_domain_referrer,pageReferrer,www.pankanaturalhealth.com,2025|06,scroll,141,120,0,0.0,4471,38,10,3.154,0.0,DO NOT FILTER - see NOTES section 5
I_PROTECTED_own_domain_referrer,pageReferrer,www.pankanaturalhealth.com,2025|06,session_start,69,69,0,0.0,4471,38,10,1.543,0.0,DO NOT FILTER - see NOTES section 5
I_PROTECTED_own_domain_referrer,pageReferrer,www.pankanaturalhealth.com,2025|06,user_engagement,336,268,0,0.0,4471,38,10,7.515,0.0,DO NOT FILTER - see NOTES section 5
I_PROTECTED_own_domain_referrer,pageReferrer,www.pankanaturalhealth.com,2025|06,video_progress,3,1,0,0.0,4471,38,10,0.067,0.0,DO NOT FILTER - see NOTES section 5
I_PROTECTED_own_domain_referrer,pageReferrer,www.pankanaturalhealth.com,2025|06,video_start,1,1,0,0.0,4471,38,10,0.022,0.0,DO NOT FILTER - see NOTES section 5
I_PROTECTED_own_domain_referrer,pageReferrer,www.pankanaturalhealth.com,2025|06,view,1,1,0,0.0,4471,38,10,0.022,0.0,DO NOT FILTER - see NOTES section 5
I_PROTECTED_own_domain_referrer,pageReferrer,www.pankanaturalhealth.com,2025|06,why_pnh,6,6,0,0.0,4471,38,10,0.134,0.0,DO NOT FILTER - see NOTES section 5
I_PROTECTED_own_domain_referrer,sessionSourceMedium,pankanaturalhealth.com / referral,2025|06,first_visit,1,1,0,0.0,4471,38,10,0.022,0.0,DO NOT FILTER - see NOTES section 5
I_PROTECTED_own_domain_referrer,sessionSourceMedium,pankanaturalhealth.com / referral,2025|06,form_start,8,7,0,0.0,4471,38,10,0.179,0.0,DO NOT FILTER - see NOTES section 5
I_PROTECTED_own_domain_referrer,sessionSourceMedium,pankanaturalhealth.com / referral,2025|06,page_view,83,11,0,0.0,4471,38,10,1.856,0.0,DO NOT FILTER - see NOTES section 5
I_PROTECTED_own_domain_referrer,sessionSourceMedium,pankanaturalhealth.com / referral,2025|06,purchase,8,6,8,0.0,4471,38,10,0.179,21.053,DO NOT FILTER - see NOTES section 5
I_PROTECTED_own_domain_referrer,sessionSourceMedium,pankanaturalhealth.com / referral,2025|06,scroll,27,12,0,0.0,4471,38,10,0.604,0.0,DO NOT FILTER - see NOTES section 5
I_PROTECTED_own_domain_referrer,sessionSourceMedium,pankanaturalhealth.com / referral,2025|06,session_start,15,15,0,0.0,4471,38,10,0.335,0.0,DO NOT FILTER - see NOTES section 5
I_PROTECTED_own_domain_referrer,sessionSourceMedium,pankanaturalhealth.com / referral,2025|06,user_engagement,7,6,0,0.0,4471,38,10,0.157,0.0,DO NOT FILTER - see NOTES section 5
I_PROTECTED_own_domain_referrer,sessionSourceMedium,pankanaturalhealth.com / referral,2025|06,view,12,7,0,0.0,4471,38,10,0.268,0.0,DO NOT FILTER - see NOTES section 5
I_PROTECTED_own_domain_referrer,pageReferrer,www.pankanaturalhealth.com,2025|07,click,22,22,0,0.0,14051,37,3,0.157,0.0,DO NOT FILTER - see NOTES section 5
I_PROTECTED_own_domain_referrer,pageReferrer,www.pankanaturalhealth.com,2025|07,first_visit,11,11,0,0.0,14051,37,3,0.078,0.0,DO NOT FILTER - see NOTES section 5
I_PROTECTED_own_domain_referrer,pageReferrer,www.pankanaturalhealth.com,2025|07,form_start,5,5,0,0.0,14051,37,3,0.036,0.0,DO NOT FILTER - see NOTES section 5
I_PROTECTED_own_domain_referrer,pageReferrer,www.pankanaturalhealth.com,2025|07,generate_lead,30,30,30,0.0,14051,37,3,0.214,81.081,DO NOT FILTER - see NOTES section 5
I_PROTECTED_own_domain_referrer,pageReferrer,www.pankanaturalhealth.com,2025|07,meet_dr__haley,40,38,0,0.0,14051,37,3,0.285,0.0,DO NOT FILTER - see NOTES section 5
I_PROTECTED_own_domain_referrer,pageReferrer,www.pankanaturalhealth.com,2025|07,meet_dr__jacob,27,27,0,0.0,14051,37,3,0.192,0.0,DO NOT FILTER - see NOTES section 5
I_PROTECTED_own_domain_referrer,pageReferrer,www.pankanaturalhealth.com,2025|07,page_view,645,526,0,0.0,14051,37,3,4.59,0.0,DO NOT FILTER - see NOTES section 5
I_PROTECTED_own_domain_referrer,pageReferrer,www.pankanaturalhealth.com,2025|07,schedule_appointment,107,102,0,0.0,14051,37,3,0.762,0.0,DO NOT FILTER - see NOTES section 5
I_PROTECTED_own_domain_referrer,pageReferrer,www.pankanaturalhealth.com,2025|07,scroll,186,174,0,0.0,14051,37,3,1.324,0.0,DO NOT FILTER - see NOTES section 5
I_PROTECTED_own_domain_referrer,pageReferrer,www.pankanaturalhealth.com,2025|07,session_start,85,85,0,0.0,14051,37,3,0.605,0.0,DO NOT FILTER - see NOTES section 5
I_PROTECTED_own_domain_referrer,pageReferrer,www.pankanaturalhealth.com,2025|07,user_engagement,441,367,0,0.0,14051,37,3,3.139,0.0,DO NOT FILTER - see NOTES section 5
I_PROTECTED_own_domain_referrer,pageReferrer,www.pankanaturalhealth.com,2025|07,why_pnh,6,6,0,0.0,14051,37,3,0.043,0.0,DO NOT FILTER - see NOTES section 5
I_PROTECTED_own_domain_referrer,sessionSourceMedium,pankanaturalhealth.com / referral,2025|07,first_visit,11,11,0,0.0,14051,37,3,0.078,0.0,DO NOT FILTER - see NOTES section 5
I_PROTECTED_own_domain_referrer,sessionSourceMedium,pankanaturalhealth.com / referral,2025|07,form_start,4,3,0,0.0,14051,37,3,0.028,0.0,DO NOT FILTER - see NOTES section 5
I_PROTECTED_own_domain_referrer,sessionSourceMedium,pankanaturalhealth.com / referral,2025|07,page_view,36,8,0,0.0,14051,37,3,0.256,0.0,DO NOT FILTER - see NOTES section 5
I_PROTECTED_own_domain_referrer,sessionSourceMedium,pankanaturalhealth.com / referral,2025|07,purchase,2,1,2,0.0,14051,37,3,0.014,5.405,DO NOT FILTER - see NOTES section 5
I_PROTECTED_own_domain_referrer,sessionSourceMedium,pankanaturalhealth.com / referral,2025|07,scroll,15,12,0,0.0,14051,37,3,0.107,0.0,DO NOT FILTER - see NOTES section 5
I_PROTECTED_own_domain_referrer,sessionSourceMedium,pankanaturalhealth.com / referral,2025|07,session_start,14,14,0,0.0,14051,37,3,0.1,0.0,DO NOT FILTER - see NOTES section 5
I_PROTECTED_own_domain_referrer,sessionSourceMedium,pankanaturalhealth.com / referral,2025|07,user_engagement,2,1,0,0.0,14051,37,3,0.014,0.0,DO NOT FILTER - see NOTES section 5
I_PROTECTED_own_domain_referrer,sessionSourceMedium,pankanaturalhealth.com / referral,2025|07,view,5,4,0,0.0,14051,37,3,0.036,0.0,DO NOT FILTER - see NOTES section 5
I_PROTECTED_own_domain_referrer,pageReferrer,www.pankanaturalhealth.com,2025|08,click,26,23,0,0.0,4058,22,0,0.641,0.0,DO NOT FILTER - see NOTES section 5
I_PROTECTED_own_domain_referrer,pageReferrer,www.pankanaturalhealth.com,2025|08,file_download,1,1,0,0.0,4058,22,0,0.025,0.0,DO NOT FILTER - see NOTES section 5
I_PROTECTED_own_domain_referrer,pageReferrer,www.pankanaturalhealth.com,2025|08,first_visit,5,5,0,0.0,4058,22,0,0.123,0.0,DO NOT FILTER - see NOTES section 5
I_PROTECTED_own_domain_referrer,pageReferrer,www.pankanaturalhealth.com,2025|08,form_start,4,4,0,0.0,4058,22,0,0.099,0.0,DO NOT FILTER - see NOTES section 5
I_PROTECTED_own_domain_referrer,pageReferrer,www.pankanaturalhealth.com,2025|08,generate_lead,15,15,15,0.0,4058,22,0,0.37,68.182,DO NOT FILTER - see NOTES section 5
I_PROTECTED_own_domain_referrer,pageReferrer,www.pankanaturalhealth.com,2025|08,meet_dr__haley,54,50,0,0.0,4058,22,0,1.331,0.0,DO NOT FILTER - see NOTES section 5
I_PROTECTED_own_domain_referrer,pageReferrer,www.pankanaturalhealth.com,2025|08,meet_dr__jacob,23,22,0,0.0,4058,22,0,0.567,0.0,DO NOT FILTER - see NOTES section 5
I_PROTECTED_own_domain_referrer,pageReferrer,www.pankanaturalhealth.com,2025|08,page_view,655,500,0,0.0,4058,22,0,16.141,0.0,DO NOT FILTER - see NOTES section 5
I_PROTECTED_own_domain_referrer,pageReferrer,www.pankanaturalhealth.com,2025|08,schedule_appointment,120,103,0,0.0,4058,22,0,2.957,0.0,DO NOT FILTER - see NOTES section 5
I_PROTECTED_own_domain_referrer,pageReferrer,www.pankanaturalhealth.com,2025|08,scroll,167,156,0,0.0,4058,22,0,4.115,0.0,DO NOT FILTER - see NOTES section 5
I_PROTECTED_own_domain_referrer,pageReferrer,www.pankanaturalhealth.com,2025|08,session_start,82,82,0,0.0,4058,22,0,2.021,0.0,DO NOT FILTER - see NOTES section 5
I_PROTECTED_own_domain_referrer,pageReferrer,www.pankanaturalhealth.com,2025|08,user_engagement,440,342,0,0.0,4058,22,0,10.843,0.0,DO NOT FILTER - see NOTES section 5
I_PROTECTED_own_domain_referrer,pageReferrer,www.pankanaturalhealth.com,2025|08,why_pnh,6,6,0,0.0,4058,22,0,0.148,0.0,DO NOT FILTER - see NOTES section 5
I_PROTECTED_own_domain_referrer,sessionSourceMedium,pankanaturalhealth.com / referral,2025|08,first_visit,3,3,0,0.0,4058,22,0,0.074,0.0,DO NOT FILTER - see NOTES section 5
I_PROTECTED_own_domain_referrer,sessionSourceMedium,pankanaturalhealth.com / referral,2025|08,page_view,2,1,0,0.0,4058,22,0,0.049,0.0,DO NOT FILTER - see NOTES section 5
I_PROTECTED_own_domain_referrer,sessionSourceMedium,pankanaturalhealth.com / referral,2025|08,scroll,3,3,0,0.0,4058,22,0,0.074,0.0,DO NOT FILTER - see NOTES section 5
I_PROTECTED_own_domain_referrer,sessionSourceMedium,pankanaturalhealth.com / referral,2025|08,session_start,3,3,0,0.0,4058,22,0,0.074,0.0,DO NOT FILTER - see NOTES section 5
I_PROTECTED_own_domain_referrer,sessionSourceMedium,pankanaturalhealth.com / referral,2025|08,user_engagement,1,1,0,0.0,4058,22,0,0.025,0.0,DO NOT FILTER - see NOTES section 5
I_PROTECTED_own_domain_referrer,pageReferrer,www.pankanaturalhealth.com,2025|09,click,29,27,0,0.0,2754,29,3,1.053,0.0,DO NOT FILTER - see NOTES section 5
I_PROTECTED_own_domain_referrer,pageReferrer,www.pankanaturalhealth.com,2025|09,first_visit,4,4,0,0.0,2754,29,3,0.145,0.0,DO NOT FILTER - see NOTES section 5
I_PROTECTED_own_domain_referrer,pageReferrer,www.pankanaturalhealth.com,2025|09,form_start,5,5,0,0.0,2754,29,3,0.182,0.0,DO NOT FILTER - see NOTES section 5
I_PROTECTED_own_domain_referrer,pageReferrer,www.pankanaturalhealth.com,2025|09,generate_lead,22,22,22,0.0,2754,29,3,0.799,75.862,DO NOT FILTER - see NOTES section 5
I_PROTECTED_own_domain_referrer,pageReferrer,www.pankanaturalhealth.com,2025|09,meet_dr__haley,32,31,0,0.0,2754,29,3,1.162,0.0,DO NOT FILTER - see NOTES section 5
I_PROTECTED_own_domain_referrer,pageReferrer,www.pankanaturalhealth.com,2025|09,meet_dr__jacob,17,17,0,0.0,2754,29,3,0.617,0.0,DO NOT FILTER - see NOTES section 5
I_PROTECTED_own_domain_referrer,pageReferrer,www.pankanaturalhealth.com,2025|09,page_view,416,339,0,0.0,2754,29,3,15.105,0.0,DO NOT FILTER - see NOTES section 5
I_PROTECTED_own_domain_referrer,pageReferrer,www.pankanaturalhealth.com,2025|09,schedule_appointment,85,77,0,0.0,2754,29,3,3.086,0.0,DO NOT FILTER - see NOTES section 5
I_PROTECTED_own_domain_referrer,pageReferrer,www.pankanaturalhealth.com,2025|09,scroll,128,116,0,0.0,2754,29,3,4.648,0.0,DO NOT FILTER - see NOTES section 5
I_PROTECTED_own_domain_referrer,pageReferrer,www.pankanaturalhealth.com,2025|09,session_start,60,60,0,0.0,2754,29,3,2.179,0.0,DO NOT FILTER - see NOTES section 5
I_PROTECTED_own_domain_referrer,pageReferrer,www.pankanaturalhealth.com,2025|09,user_engagement,291,235,0,0.0,2754,29,3,10.566,0.0,DO NOT FILTER - see NOTES section 5
I_PROTECTED_own_domain_referrer,pageReferrer,www.pankanaturalhealth.com,2025|09,video_complete,2,1,0,0.0,2754,29,3,0.073,0.0,DO NOT FILTER - see NOTES section 5
I_PROTECTED_own_domain_referrer,pageReferrer,www.pankanaturalhealth.com,2025|09,video_progress,9,1,0,0.0,2754,29,3,0.327,0.0,DO NOT FILTER - see NOTES section 5
I_PROTECTED_own_domain_referrer,pageReferrer,www.pankanaturalhealth.com,2025|09,video_start,4,1,0,0.0,2754,29,3,0.145,0.0,DO NOT FILTER - see NOTES section 5
I_PROTECTED_own_domain_referrer,pageReferrer,www.pankanaturalhealth.com,2025|09,why_pnh,5,5,0,0.0,2754,29,3,0.182,0.0,DO NOT FILTER - see NOTES section 5
I_PROTECTED_own_domain_referrer,sessionSourceMedium,pankanaturalhealth.com / referral,2025|09,first_visit,3,3,0,0.0,2754,29,3,0.109,0.0,DO NOT FILTER - see NOTES section 5
I_PROTECTED_own_domain_referrer,sessionSourceMedium,pankanaturalhealth.com / referral,2025|09,form_start,2,2,0,0.0,2754,29,3,0.073,0.0,DO NOT FILTER - see NOTES section 5
I_PROTECTED_own_domain_referrer,sessionSourceMedium,pankanaturalhealth.com / referral,2025|09,page_view,22,4,0,0.0,2754,29,3,0.799,0.0,DO NOT FILTER - see NOTES section 5
I_PROTECTED_own_domain_referrer,sessionSourceMedium,pankanaturalhealth.com / referral,2025|09,purchase,1,1,1,0.0,2754,29,3,0.036,3.448,DO NOT FILTER - see NOTES section 5
I_PROTECTED_own_domain_referrer,sessionSourceMedium,pankanaturalhealth.com / referral,2025|09,scroll,5,4,0,0.0,2754,29,3,0.182,0.0,DO NOT FILTER - see NOTES section 5
I_PROTECTED_own_domain_referrer,sessionSourceMedium,pankanaturalhealth.com / referral,2025|09,session_start,5,5,0,0.0,2754,29,3,0.182,0.0,DO NOT FILTER - see NOTES section 5
I_PROTECTED_own_domain_referrer,sessionSourceMedium,pankanaturalhealth.com / referral,2025|09,user_engagement,1,1,0,0.0,2754,29,3,0.036,0.0,DO NOT FILTER - see NOTES section 5
I_PROTECTED_own_domain_referrer,sessionSourceMedium,pankanaturalhealth.com / referral,2025|09,view,2,2,0,0.0,2754,29,3,0.073,0.0,DO NOT FILTER - see NOTES section 5
I_PROTECTED_own_domain_referrer,pageReferrer,pankanaturalhealth.com,2025|10,page_view,505,505,0,0.0,6183,27,0,8.168,0.0,DO NOT FILTER - see NOTES section 5
I_PROTECTED_own_domain_referrer,pageReferrer,pankanaturalhealth.com,2025|10,scroll,68,68,0,0.0,6183,27,0,1.1,0.0,DO NOT FILTER - see NOTES section 5
I_PROTECTED_own_domain_referrer,pageReferrer,pankanaturalhealth.com,2025|10,user_engagement,504,504,0,0.0,6183,27,0,8.151,0.0,DO NOT FILTER - see NOTES section 5
I_PROTECTED_own_domain_referrer,pageReferrer,www.pankanaturalhealth.com,2025|10,click,27,24,0,0.0,6183,27,0,0.437,0.0,DO NOT FILTER - see NOTES section 5
I_PROTECTED_own_domain_referrer,pageReferrer,www.pankanaturalhealth.com,2025|10,first_visit,1,1,0,0.0,6183,27,0,0.016,0.0,DO NOT FILTER - see NOTES section 5
I_PROTECTED_own_domain_referrer,pageReferrer,www.pankanaturalhealth.com,2025|10,form_start,2,2,0,0.0,6183,27,0,0.032,0.0,DO NOT FILTER - see NOTES section 5
I_PROTECTED_own_domain_referrer,pageReferrer,www.pankanaturalhealth.com,2025|10,generate_lead,18,18,18,0.0,6183,27,0,0.291,66.667,DO NOT FILTER - see NOTES section 5
I_PROTECTED_own_domain_referrer,pageReferrer,www.pankanaturalhealth.com,2025|10,meet_dr__haley,22,22,0,0.0,6183,27,0,0.356,0.0,DO NOT FILTER - see NOTES section 5
I_PROTECTED_own_domain_referrer,pageReferrer,www.pankanaturalhealth.com,2025|10,meet_dr__jacob,22,21,0,0.0,6183,27,0,0.356,0.0,DO NOT FILTER - see NOTES section 5
I_PROTECTED_own_domain_referrer,pageReferrer,www.pankanaturalhealth.com,2025|10,page_view,391,326,0,0.0,6183,27,0,6.324,0.0,DO NOT FILTER - see NOTES section 5
I_PROTECTED_own_domain_referrer,pageReferrer,www.pankanaturalhealth.com,2025|10,schedule_appointment,87,74,0,0.0,6183,27,0,1.407,0.0,DO NOT FILTER - see NOTES section 5
I_PROTECTED_own_domain_referrer,pageReferrer,www.pankanaturalhealth.com,2025|10,scroll,86,79,0,0.0,6183,27,0,1.391,0.0,DO NOT FILTER - see NOTES section 5
I_PROTECTED_own_domain_referrer,pageReferrer,www.pankanaturalhealth.com,2025|10,session_start,70,70,0,0.0,6183,27,0,1.132,0.0,DO NOT FILTER - see NOTES section 5
I_PROTECTED_own_domain_referrer,pageReferrer,www.pankanaturalhealth.com,2025|10,user_engagement,247,215,0,0.0,6183,27,0,3.995,0.0,DO NOT FILTER - see NOTES section 5
I_PROTECTED_own_domain_referrer,pageReferrer,www.pankanaturalhealth.com,2025|10,video_progress,4,1,0,0.0,6183,27,0,0.065,0.0,DO NOT FILTER - see NOTES section 5
I_PROTECTED_own_domain_referrer,pageReferrer,www.pankanaturalhealth.com,2025|10,video_start,1,1,0,0.0,6183,27,0,0.016,0.0,DO NOT FILTER - see NOTES section 5
I_PROTECTED_own_domain_referrer,pageReferrer,www.pankanaturalhealth.com,2025|10,why_pnh,2,2,0,0.0,6183,27,0,0.032,0.0,DO NOT FILTER - see NOTES section 5
I_PROTECTED_own_domain_referrer,sessionSourceMedium,pankanaturalhealth.com / referral,2025|10,first_visit,1,1,0,0.0,6183,27,0,0.016,0.0,DO NOT FILTER - see NOTES section 5
I_PROTECTED_own_domain_referrer,sessionSourceMedium,pankanaturalhealth.com / referral,2025|10,page_view,2,1,0,0.0,6183,27,0,0.032,0.0,DO NOT FILTER - see NOTES section 5
I_PROTECTED_own_domain_referrer,sessionSourceMedium,pankanaturalhealth.com / referral,2025|10,scroll,1,1,0,0.0,6183,27,0,0.016,0.0,DO NOT FILTER - see NOTES section 5
I_PROTECTED_own_domain_referrer,sessionSourceMedium,pankanaturalhealth.com / referral,2025|10,session_start,1,1,0,0.0,6183,27,0,0.016,0.0,DO NOT FILTER - see NOTES section 5
I_PROTECTED_own_domain_referrer,sessionSourceMedium,pankanaturalhealth.com / referral,2025|10,user_engagement,1,1,0,0.0,6183,27,0,0.016,0.0,DO NOT FILTER - see NOTES section 5
I_PROTECTED_own_domain_referrer,pageReferrer,www.pankanaturalhealth.com,2025|11,click,12,12,0,0.0,3642,37,7,0.329,0.0,DO NOT FILTER - see NOTES section 5
I_PROTECTED_own_domain_referrer,pageReferrer,www.pankanaturalhealth.com,2025|11,first_visit,4,4,0,0.0,3642,37,7,0.11,0.0,DO NOT FILTER - see NOTES section 5
I_PROTECTED_own_domain_referrer,pageReferrer,www.pankanaturalhealth.com,2025|11,form_start,3,3,0,0.0,3642,37,7,0.082,0.0,DO NOT FILTER - see NOTES section 5
I_PROTECTED_own_domain_referrer,pageReferrer,www.pankanaturalhealth.com,2025|11,generate_lead,20,20,20,0.0,3642,37,7,0.549,54.054,DO NOT FILTER - see NOTES section 5
I_PROTECTED_own_domain_referrer,pageReferrer,www.pankanaturalhealth.com,2025|11,meet_dr__haley,33,31,0,0.0,3642,37,7,0.906,0.0,DO NOT FILTER - see NOTES section 5
I_PROTECTED_own_domain_referrer,pageReferrer,www.pankanaturalhealth.com,2025|11,meet_dr__jacob,23,21,0,0.0,3642,37,7,0.632,0.0,DO NOT FILTER - see NOTES section 5
I_PROTECTED_own_domain_referrer,pageReferrer,www.pankanaturalhealth.com,2025|11,page_view,479,378,0,0.0,3642,37,7,13.152,0.0,DO NOT FILTER - see NOTES section 5
I_PROTECTED_own_domain_referrer,pageReferrer,www.pankanaturalhealth.com,2025|11,schedule_appointment,107,96,0,0.0,3642,37,7,2.938,0.0,DO NOT FILTER - see NOTES section 5
I_PROTECTED_own_domain_referrer,pageReferrer,www.pankanaturalhealth.com,2025|11,scroll,144,126,0,0.0,3642,37,7,3.954,0.0,DO NOT FILTER - see NOTES section 5
I_PROTECTED_own_domain_referrer,pageReferrer,www.pankanaturalhealth.com,2025|11,session_start,84,84,0,0.0,3642,37,7,2.306,0.0,DO NOT FILTER - see NOTES section 5
I_PROTECTED_own_domain_referrer,pageReferrer,www.pankanaturalhealth.com,2025|11,user_engagement,348,271,0,0.0,3642,37,7,9.555,0.0,DO NOT FILTER - see NOTES section 5
I_PROTECTED_own_domain_referrer,pageReferrer,www.pankanaturalhealth.com,2025|11,why_pnh,14,13,0,0.0,3642,37,7,0.384,0.0,DO NOT FILTER - see NOTES section 5
I_PROTECTED_own_domain_referrer,sessionSourceMedium,pankanaturalhealth.com / referral,2025|11,first_visit,4,4,0,0.0,3642,37,7,0.11,0.0,DO NOT FILTER - see NOTES section 5
I_PROTECTED_own_domain_referrer,sessionSourceMedium,pankanaturalhealth.com / referral,2025|11,form_start,5,3,0,0.0,3642,37,7,0.137,0.0,DO NOT FILTER - see NOTES section 5
I_PROTECTED_own_domain_referrer,sessionSourceMedium,pankanaturalhealth.com / referral,2025|11,form_submit,2,1,0,0.0,3642,37,7,0.055,0.0,DO NOT FILTER - see NOTES section 5
I_PROTECTED_own_domain_referrer,sessionSourceMedium,pankanaturalhealth.com / referral,2025|11,page_view,54,11,0,0.0,3642,37,7,1.483,0.0,DO NOT FILTER - see NOTES section 5
I_PROTECTED_own_domain_referrer,sessionSourceMedium,pankanaturalhealth.com / referral,2025|11,purchase,3,3,3,0.0,3642,37,7,0.082,8.108,DO NOT FILTER - see NOTES section 5
I_PROTECTED_own_domain_referrer,sessionSourceMedium,pankanaturalhealth.com / referral,2025|11,scroll,14,11,0,0.0,3642,37,7,0.384,0.0,DO NOT FILTER - see NOTES section 5
I_PROTECTED_own_domain_referrer,sessionSourceMedium,pankanaturalhealth.com / referral,2025|11,session_start,11,11,0,0.0,3642,37,7,0.302,0.0,DO NOT FILTER - see NOTES section 5
I_PROTECTED_own_domain_referrer,sessionSourceMedium,pankanaturalhealth.com / referral,2025|11,user_engagement,6,4,0,0.0,3642,37,7,0.165,0.0,DO NOT FILTER - see NOTES section 5
I_PROTECTED_own_domain_referrer,sessionSourceMedium,pankanaturalhealth.com / referral,2025|11,view,3,3,0,0.0,3642,37,7,0.082,0.0,DO NOT FILTER - see NOTES section 5
I_PROTECTED_own_domain_referrer,pageReferrer,www.pankanaturalhealth.com,2025|12,click,8,8,0,0.0,1983,15,1,0.403,0.0,DO NOT FILTER - see NOTES section 5
I_PROTECTED_own_domain_referrer,pageReferrer,www.pankanaturalhealth.com,2025|12,first_visit,2,2,0,0.0,1983,15,1,0.101,0.0,DO NOT FILTER - see NOTES section 5
I_PROTECTED_own_domain_referrer,pageReferrer,www.pankanaturalhealth.com,2025|12,form_start,2,2,0,0.0,1983,15,1,0.101,0.0,DO NOT FILTER - see NOTES section 5
I_PROTECTED_own_domain_referrer,pageReferrer,www.pankanaturalhealth.com,2025|12,generate_lead,12,12,12,0.0,1983,15,1,0.605,80.0,DO NOT FILTER - see NOTES section 5
I_PROTECTED_own_domain_referrer,pageReferrer,www.pankanaturalhealth.com,2025|12,meet_dr__haley,12,12,0,0.0,1983,15,1,0.605,0.0,DO NOT FILTER - see NOTES section 5
I_PROTECTED_own_domain_referrer,pageReferrer,www.pankanaturalhealth.com,2025|12,meet_dr__jacob,10,9,0,0.0,1983,15,1,0.504,0.0,DO NOT FILTER - see NOTES section 5
I_PROTECTED_own_domain_referrer,pageReferrer,www.pankanaturalhealth.com,2025|12,page_view,245,216,0,0.0,1983,15,1,12.355,0.0,DO NOT FILTER - see NOTES section 5
I_PROTECTED_own_domain_referrer,pageReferrer,www.pankanaturalhealth.com,2025|12,purchase,1,1,1,0.0,1983,15,1,0.05,6.667,DO NOT FILTER - see NOTES section 5
I_PROTECTED_own_domain_referrer,pageReferrer,www.pankanaturalhealth.com,2025|12,schedule_appointment,58,55,0,0.0,1983,15,1,2.925,0.0,DO NOT FILTER - see NOTES section 5
I_PROTECTED_own_domain_referrer,pageReferrer,www.pankanaturalhealth.com,2025|12,scroll,81,77,0,0.0,1983,15,1,4.085,0.0,DO NOT FILTER - see NOTES section 5
I_PROTECTED_own_domain_referrer,pageReferrer,www.pankanaturalhealth.com,2025|12,session_start,49,49,0,0.0,1983,15,1,2.471,0.0,DO NOT FILTER - see NOTES section 5
I_PROTECTED_own_domain_referrer,pageReferrer,www.pankanaturalhealth.com,2025|12,user_engagement,170,137,0,0.0,1983,15,1,8.573,0.0,DO NOT FILTER - see NOTES section 5
I_PROTECTED_own_domain_referrer,pageReferrer,www.pankanaturalhealth.com,2025|12,video_progress,2,1,0,0.0,1983,15,1,0.101,0.0,DO NOT FILTER - see NOTES section 5
I_PROTECTED_own_domain_referrer,pageReferrer,www.pankanaturalhealth.com,2025|12,video_start,1,1,0,0.0,1983,15,1,0.05,0.0,DO NOT FILTER - see NOTES section 5
I_PROTECTED_own_domain_referrer,pageReferrer,www.pankanaturalhealth.com,2025|12,why_pnh,7,7,0,0.0,1983,15,1,0.353,0.0,DO NOT FILTER - see NOTES section 5
I_PROTECTED_own_domain_referrer,sessionSourceMedium,pankanaturalhealth.com / referral,2025|12,page_view,1,1,0,0.0,1983,15,1,0.05,0.0,DO NOT FILTER - see NOTES section 5
I_PROTECTED_own_domain_referrer,sessionSourceMedium,pankanaturalhealth.com / referral,2025|12,scroll,1,1,0,0.0,1983,15,1,0.05,0.0,DO NOT FILTER - see NOTES section 5
I_PROTECTED_own_domain_referrer,sessionSourceMedium,pankanaturalhealth.com / referral,2025|12,session_start,1,1,0,0.0,1983,15,1,0.05,0.0,DO NOT FILTER - see NOTES section 5
I_PROTECTED_own_domain_referrer,pageReferrer,pankanaturalhealth.com,2026|01,page_view,1,1,0,0.0,3057,37,2,0.033,0.0,DO NOT FILTER - see NOTES section 5
I_PROTECTED_own_domain_referrer,pageReferrer,pankanaturalhealth.com,2026|01,user_engagement,1,1,0,0.0,3057,37,2,0.033,0.0,DO NOT FILTER - see NOTES section 5
I_PROTECTED_own_domain_referrer,pageReferrer,www.pankanaturalhealth.com,2026|01,click,26,24,0,0.0,3057,37,2,0.851,0.0,DO NOT FILTER - see NOTES section 5
I_PROTECTED_own_domain_referrer,pageReferrer,www.pankanaturalhealth.com,2026|01,first_visit,3,3,0,0.0,3057,37,2,0.098,0.0,DO NOT FILTER - see NOTES section 5
I_PROTECTED_own_domain_referrer,pageReferrer,www.pankanaturalhealth.com,2026|01,form_start,4,4,0,0.0,3057,37,2,0.131,0.0,DO NOT FILTER - see NOTES section 5
I_PROTECTED_own_domain_referrer,pageReferrer,www.pankanaturalhealth.com,2026|01,generate_lead,25,23,25,0.0,3057,37,2,0.818,67.568,DO NOT FILTER - see NOTES section 5
I_PROTECTED_own_domain_referrer,pageReferrer,www.pankanaturalhealth.com,2026|01,meet_dr__haley,11,11,0,0.0,3057,37,2,0.36,0.0,DO NOT FILTER - see NOTES section 5
I_PROTECTED_own_domain_referrer,pageReferrer,www.pankanaturalhealth.com,2026|01,meet_dr__jacob,10,10,0,0.0,3057,37,2,0.327,0.0,DO NOT FILTER - see NOTES section 5
I_PROTECTED_own_domain_referrer,pageReferrer,www.pankanaturalhealth.com,2026|01,page_view,324,274,0,0.0,3057,37,2,10.599,0.0,DO NOT FILTER - see NOTES section 5
I_PROTECTED_own_domain_referrer,pageReferrer,www.pankanaturalhealth.com,2026|01,purchase,1,1,1,0.0,3057,37,2,0.033,2.703,DO NOT FILTER - see NOTES section 5
I_PROTECTED_own_domain_referrer,pageReferrer,www.pankanaturalhealth.com,2026|01,schedule_appointment,93,86,0,0.0,3057,37,2,3.042,0.0,DO NOT FILTER - see NOTES section 5
I_PROTECTED_own_domain_referrer,pageReferrer,www.pankanaturalhealth.com,2026|01,scroll,109,102,0,0.0,3057,37,2,3.566,0.0,DO NOT FILTER - see NOTES section 5
I_PROTECTED_own_domain_referrer,pageReferrer,www.pankanaturalhealth.com,2026|01,session_start,62,62,0,0.0,3057,37,2,2.028,0.0,DO NOT FILTER - see NOTES section 5
I_PROTECTED_own_domain_referrer,pageReferrer,www.pankanaturalhealth.com,2026|01,user_engagement,212,179,0,0.0,3057,37,2,6.935,0.0,DO NOT FILTER - see NOTES section 5
I_PROTECTED_own_domain_referrer,pageReferrer,www.pankanaturalhealth.com,2026|01,video_progress,1,1,0,0.0,3057,37,2,0.033,0.0,DO NOT FILTER - see NOTES section 5
I_PROTECTED_own_domain_referrer,pageReferrer,www.pankanaturalhealth.com,2026|01,video_start,1,1,0,0.0,3057,37,2,0.033,0.0,DO NOT FILTER - see NOTES section 5
I_PROTECTED_own_domain_referrer,pageReferrer,www.pankanaturalhealth.com,2026|01,why_pnh,1,1,0,0.0,3057,37,2,0.033,0.0,DO NOT FILTER - see NOTES section 5
I_PROTECTED_own_domain_referrer,sessionSourceMedium,pankanaturalhealth.com / referral,2026|01,first_visit,1,1,0,0.0,3057,37,2,0.033,0.0,DO NOT FILTER - see NOTES section 5
I_PROTECTED_own_domain_referrer,sessionSourceMedium,pankanaturalhealth.com / referral,2026|01,form_start,3,1,0,0.0,3057,37,2,0.098,0.0,DO NOT FILTER - see NOTES section 5
I_PROTECTED_own_domain_referrer,sessionSourceMedium,pankanaturalhealth.com / referral,2026|01,form_submit,2,1,0,0.0,3057,37,2,0.065,0.0,DO NOT FILTER - see NOTES section 5
I_PROTECTED_own_domain_referrer,sessionSourceMedium,pankanaturalhealth.com / referral,2026|01,page_view,15,3,0,0.0,3057,37,2,0.491,0.0,DO NOT FILTER - see NOTES section 5
I_PROTECTED_own_domain_referrer,sessionSourceMedium,pankanaturalhealth.com / referral,2026|01,purchase,1,1,1,0.0,3057,37,2,0.033,2.703,DO NOT FILTER - see NOTES section 5
I_PROTECTED_own_domain_referrer,sessionSourceMedium,pankanaturalhealth.com / referral,2026|01,scroll,4,4,0,0.0,3057,37,2,0.131,0.0,DO NOT FILTER - see NOTES section 5
I_PROTECTED_own_domain_referrer,sessionSourceMedium,pankanaturalhealth.com / referral,2026|01,session_start,4,4,0,0.0,3057,37,2,0.131,0.0,DO NOT FILTER - see NOTES section 5
I_PROTECTED_own_domain_referrer,sessionSourceMedium,pankanaturalhealth.com / referral,2026|01,user_engagement,1,1,0,0.0,3057,37,2,0.033,0.0,DO NOT FILTER - see NOTES section 5
I_PROTECTED_own_domain_referrer,sessionSourceMedium,pankanaturalhealth.com / referral,2026|01,view,1,1,0,0.0,3057,37,2,0.033,0.0,DO NOT FILTER - see NOTES section 5
I_PROTECTED_own_domain_referrer,pageReferrer,www.pankanaturalhealth.com,2026|02,click,19,16,0,0.0,2795,34,1,0.68,0.0,DO NOT FILTER - see NOTES section 5
I_PROTECTED_own_domain_referrer,pageReferrer,www.pankanaturalhealth.com,2026|02,first_visit,2,2,0,0.0,2795,34,1,0.072,0.0,DO NOT FILTER - see NOTES section 5
I_PROTECTED_own_domain_referrer,pageReferrer,www.pankanaturalhealth.com,2026|02,form_start,7,7,0,0.0,2795,34,1,0.25,0.0,DO NOT FILTER - see NOTES section 5
I_PROTECTED_own_domain_referrer,pageReferrer,www.pankanaturalhealth.com,2026|02,generate_lead,18,18,18,0.0,2795,34,1,0.644,52.941,DO NOT FILTER - see NOTES section 5
I_PROTECTED_own_domain_referrer,pageReferrer,www.pankanaturalhealth.com,2026|02,meet_dr__haley,27,26,0,0.0,2795,34,1,0.966,0.0,DO NOT FILTER - see NOTES section 5
I_PROTECTED_own_domain_referrer,pageReferrer,www.pankanaturalhealth.com,2026|02,meet_dr__jacob,16,16,0,0.0,2795,34,1,0.572,0.0,DO NOT FILTER - see NOTES section 5
I_PROTECTED_own_domain_referrer,pageReferrer,www.pankanaturalhealth.com,2026|02,page_view,340,269,0,0.0,2795,34,1,12.165,0.0,DO NOT FILTER - see NOTES section 5
I_PROTECTED_own_domain_referrer,pageReferrer,www.pankanaturalhealth.com,2026|02,schedule_appointment,57,50,0,0.0,2795,34,1,2.039,0.0,DO NOT FILTER - see NOTES section 5
I_PROTECTED_own_domain_referrer,pageReferrer,www.pankanaturalhealth.com,2026|02,scroll,115,107,0,0.0,2795,34,1,4.114,0.0,DO NOT FILTER - see NOTES section 5
I_PROTECTED_own_domain_referrer,pageReferrer,www.pankanaturalhealth.com,2026|02,session_start,50,50,0,0.0,2795,34,1,1.789,0.0,DO NOT FILTER - see NOTES section 5
I_PROTECTED_own_domain_referrer,pageReferrer,www.pankanaturalhealth.com,2026|02,user_engagement,257,205,0,0.0,2795,34,1,9.195,0.0,DO NOT FILTER - see NOTES section 5
I_PROTECTED_own_domain_referrer,pageReferrer,www.pankanaturalhealth.com,2026|02,video_progress,1,1,0,0.0,2795,34,1,0.036,0.0,DO NOT FILTER - see NOTES section 5
I_PROTECTED_own_domain_referrer,pageReferrer,www.pankanaturalhealth.com,2026|02,video_start,1,1,0,0.0,2795,34,1,0.036,0.0,DO NOT FILTER - see NOTES section 5
I_PROTECTED_own_domain_referrer,pageReferrer,www.pankanaturalhealth.com,2026|02,why_pnh,9,9,0,0.0,2795,34,1,0.322,0.0,DO NOT FILTER - see NOTES section 5
I_PROTECTED_own_domain_referrer,sessionSourceMedium,pankanaturalhealth.com / referral,2026|02,first_visit,1,1,0,0.0,2795,34,1,0.036,0.0,DO NOT FILTER - see NOTES section 5
I_PROTECTED_own_domain_referrer,sessionSourceMedium,pankanaturalhealth.com / referral,2026|02,form_start,2,1,0,0.0,2795,34,1,0.072,0.0,DO NOT FILTER - see NOTES section 5
I_PROTECTED_own_domain_referrer,sessionSourceMedium,pankanaturalhealth.com / referral,2026|02,form_submit,1,1,0,0.0,2795,34,1,0.036,0.0,DO NOT FILTER - see NOTES section 5
I_PROTECTED_own_domain_referrer,sessionSourceMedium,pankanaturalhealth.com / referral,2026|02,page_view,21,6,0,0.0,2795,34,1,0.751,0.0,DO NOT FILTER - see NOTES section 5
I_PROTECTED_own_domain_referrer,sessionSourceMedium,pankanaturalhealth.com / referral,2026|02,purchase,1,1,1,0.0,2795,34,1,0.036,2.941,DO NOT FILTER - see NOTES section 5
I_PROTECTED_own_domain_referrer,sessionSourceMedium,pankanaturalhealth.com / referral,2026|02,scroll,7,6,0,0.0,2795,34,1,0.25,0.0,DO NOT FILTER - see NOTES section 5
I_PROTECTED_own_domain_referrer,sessionSourceMedium,pankanaturalhealth.com / referral,2026|02,session_start,6,6,0,0.0,2795,34,1,0.215,0.0,DO NOT FILTER - see NOTES section 5
I_PROTECTED_own_domain_referrer,sessionSourceMedium,pankanaturalhealth.com / referral,2026|02,user_engagement,2,2,0,0.0,2795,34,1,0.072,0.0,DO NOT FILTER - see NOTES section 5
I_PROTECTED_own_domain_referrer,sessionSourceMedium,pankanaturalhealth.com / referral,2026|02,view,1,1,0,0.0,2795,34,1,0.036,0.0,DO NOT FILTER - see NOTES section 5
I_PROTECTED_own_domain_referrer,pageReferrer,www.pankanaturalhealth.com,2026|03,click,26,25,0,0.0,3337,31,6,0.779,0.0,DO NOT FILTER - see NOTES section 5
I_PROTECTED_own_domain_referrer,pageReferrer,www.pankanaturalhealth.com,2026|03,file_download,1,1,0,0.0,3337,31,6,0.03,0.0,DO NOT FILTER - see NOTES section 5
I_PROTECTED_own_domain_referrer,pageReferrer,www.pankanaturalhealth.com,2026|03,first_visit,7,7,0,0.0,3337,31,6,0.21,0.0,DO NOT FILTER - see NOTES section 5
I_PROTECTED_own_domain_referrer,pageReferrer,www.pankanaturalhealth.com,2026|03,form_start,1,1,0,0.0,3337,31,6,0.03,0.0,DO NOT FILTER - see NOTES section 5
I_PROTECTED_own_domain_referrer,pageReferrer,www.pankanaturalhealth.com,2026|03,generate_lead,17,15,17,0.0,3337,31,6,0.509,54.839,DO NOT FILTER - see NOTES section 5
I_PROTECTED_own_domain_referrer,pageReferrer,www.pankanaturalhealth.com,2026|03,meet_dr__haley,24,24,0,0.0,3337,31,6,0.719,0.0,DO NOT FILTER - see NOTES section 5
I_PROTECTED_own_domain_referrer,pageReferrer,www.pankanaturalhealth.com,2026|03,meet_dr__jacob,13,13,0,0.0,3337,31,6,0.39,0.0,DO NOT FILTER - see NOTES section 5
I_PROTECTED_own_domain_referrer,pageReferrer,www.pankanaturalhealth.com,2026|03,page_view,430,344,0,0.0,3337,31,6,12.886,0.0,DO NOT FILTER - see NOTES section 5
I_PROTECTED_own_domain_referrer,pageReferrer,www.pankanaturalhealth.com,2026|03,schedule_appointment,86,72,0,0.0,3337,31,6,2.577,0.0,DO NOT FILTER - see NOTES section 5
I_PROTECTED_own_domain_referrer,pageReferrer,www.pankanaturalhealth.com,2026|03,scroll,152,144,0,0.0,3337,31,6,4.555,0.0,DO NOT FILTER - see NOTES section 5
I_PROTECTED_own_domain_referrer,pageReferrer,www.pankanaturalhealth.com,2026|03,session_start,46,46,0,0.0,3337,31,6,1.378,0.0,DO NOT FILTER - see NOTES section 5
I_PROTECTED_own_domain_referrer,pageReferrer,www.pankanaturalhealth.com,2026|03,user_engagement,313,231,0,0.0,3337,31,6,9.38,0.0,DO NOT FILTER - see NOTES section 5
I_PROTECTED_own_domain_referrer,pageReferrer,www.pankanaturalhealth.com,2026|03,why_pnh,9,9,0,0.0,3337,31,6,0.27,0.0,DO NOT FILTER - see NOTES section 5
I_PROTECTED_own_domain_referrer,sessionSourceMedium,pankanaturalhealth.com / referral,2026|03,first_visit,3,3,0,0.0,3337,31,6,0.09,0.0,DO NOT FILTER - see NOTES section 5
I_PROTECTED_own_domain_referrer,sessionSourceMedium,pankanaturalhealth.com / referral,2026|03,form_start,1,1,0,0.0,3337,31,6,0.03,0.0,DO NOT FILTER - see NOTES section 5
I_PROTECTED_own_domain_referrer,sessionSourceMedium,pankanaturalhealth.com / referral,2026|03,page_view,14,4,0,0.0,3337,31,6,0.42,0.0,DO NOT FILTER - see NOTES section 5
I_PROTECTED_own_domain_referrer,sessionSourceMedium,pankanaturalhealth.com / referral,2026|03,purchase,1,1,1,0.0,3337,31,6,0.03,3.226,DO NOT FILTER - see NOTES section 5
I_PROTECTED_own_domain_referrer,sessionSourceMedium,pankanaturalhealth.com / referral,2026|03,scroll,5,4,0,0.0,3337,31,6,0.15,0.0,DO NOT FILTER - see NOTES section 5
I_PROTECTED_own_domain_referrer,sessionSourceMedium,pankanaturalhealth.com / referral,2026|03,session_start,4,4,0,0.0,3337,31,6,0.12,0.0,DO NOT FILTER - see NOTES section 5
I_PROTECTED_own_domain_referrer,sessionSourceMedium,pankanaturalhealth.com / referral,2026|03,user_engagement,3,3,0,0.0,3337,31,6,0.09,0.0,DO NOT FILTER - see NOTES section 5
I_PROTECTED_own_domain_referrer,sessionSourceMedium,pankanaturalhealth.com / referral,2026|03,view,1,1,0,0.0,3337,31,6,0.03,0.0,DO NOT FILTER - see NOTES section 5
I_PROTECTED_own_domain_referrer,pageReferrer,www.pankanaturalhealth.com,2026|04,click,42,36,0,0.0,3458,88,54,1.215,0.0,DO NOT FILTER - see NOTES section 5
I_PROTECTED_own_domain_referrer,pageReferrer,www.pankanaturalhealth.com,2026|04,first_visit,7,7,0,0.0,3458,88,54,0.202,0.0,DO NOT FILTER - see NOTES section 5
I_PROTECTED_own_domain_referrer,pageReferrer,www.pankanaturalhealth.com,2026|04,form_start,3,3,0,0.0,3458,88,54,0.087,0.0,DO NOT FILTER - see NOTES section 5
I_PROTECTED_own_domain_referrer,pageReferrer,www.pankanaturalhealth.com,2026|04,generate_lead,25,24,25,0.0,3458,88,54,0.723,28.409,DO NOT FILTER - see NOTES section 5
I_PROTECTED_own_domain_referrer,pageReferrer,www.pankanaturalhealth.com,2026|04,meet_dr__haley,32,28,0,0.0,3458,88,54,0.925,0.0,DO NOT FILTER - see NOTES section 5
I_PROTECTED_own_domain_referrer,pageReferrer,www.pankanaturalhealth.com,2026|04,meet_dr__jacob,25,24,0,0.0,3458,88,54,0.723,0.0,DO NOT FILTER - see NOTES section 5
I_PROTECTED_own_domain_referrer,pageReferrer,www.pankanaturalhealth.com,2026|04,page_view,462,364,0,0.0,3458,88,54,13.36,0.0,DO NOT FILTER - see NOTES section 5
I_PROTECTED_own_domain_referrer,pageReferrer,www.pankanaturalhealth.com,2026|04,purchase,11,11,11,0.0,3458,88,54,0.318,12.5,DO NOT FILTER - see NOTES section 5
I_PROTECTED_own_domain_referrer,pageReferrer,www.pankanaturalhealth.com,2026|04,schedule_appointment,99,80,0,0.0,3458,88,54,2.863,0.0,DO NOT FILTER - see NOTES section 5
I_PROTECTED_own_domain_referrer,pageReferrer,www.pankanaturalhealth.com,2026|04,scroll,159,130,0,0.0,3458,88,54,4.598,0.0,DO NOT FILTER - see NOTES section 5
I_PROTECTED_own_domain_referrer,pageReferrer,www.pankanaturalhealth.com,2026|04,session_start,55,55,0,0.0,3458,88,54,1.591,0.0,DO NOT FILTER - see NOTES section 5
I_PROTECTED_own_domain_referrer,pageReferrer,www.pankanaturalhealth.com,2026|04,user_engagement,323,251,0,0.0,3458,88,54,9.341,0.0,DO NOT FILTER - see NOTES section 5
I_PROTECTED_own_domain_referrer,pageReferrer,www.pankanaturalhealth.com,2026|04,why_pnh,7,5,0,0.0,3458,88,54,0.202,0.0,DO NOT FILTER - see NOTES section 5
I_PROTECTED_own_domain_referrer,sessionSourceMedium,pankanaturalhealth.com / referral,2026|04,first_visit,4,4,0,0.0,3458,88,54,0.116,0.0,DO NOT FILTER - see NOTES section 5
I_PROTECTED_own_domain_referrer,sessionSourceMedium,pankanaturalhealth.com / referral,2026|04,form_start,3,3,0,0.0,3458,88,54,0.087,0.0,DO NOT FILTER - see NOTES section 5
I_PROTECTED_own_domain_referrer,sessionSourceMedium,pankanaturalhealth.com / referral,2026|04,page_view,40,4,0,0.0,3458,88,54,1.157,0.0,DO NOT FILTER - see NOTES section 5
I_PROTECTED_own_domain_referrer,sessionSourceMedium,pankanaturalhealth.com / referral,2026|04,purchase,3,3,3,0.0,3458,88,54,0.087,3.409,DO NOT FILTER - see NOTES section 5
I_PROTECTED_own_domain_referrer,sessionSourceMedium,pankanaturalhealth.com / referral,2026|04,scroll,15,5,0,0.0,3458,88,54,0.434,0.0,DO NOT FILTER - see NOTES section 5
I_PROTECTED_own_domain_referrer,sessionSourceMedium,pankanaturalhealth.com / referral,2026|04,session_start,6,6,0,0.0,3458,88,54,0.174,0.0,DO NOT FILTER - see NOTES section 5
I_PROTECTED_own_domain_referrer,sessionSourceMedium,pankanaturalhealth.com / referral,2026|04,user_engagement,9,4,0,0.0,3458,88,54,0.26,0.0,DO NOT FILTER - see NOTES section 5
I_PROTECTED_own_domain_referrer,sessionSourceMedium,pankanaturalhealth.com / referral,2026|04,view,5,3,0,0.0,3458,88,54,0.145,0.0,DO NOT FILTER - see NOTES section 5
I_PROTECTED_own_domain_referrer,pageReferrer,www.pankanaturalhealth.com,2026|05,click,38,28,0,0.0,4782,75,25,0.795,0.0,DO NOT FILTER - see NOTES section 5
I_PROTECTED_own_domain_referrer,pageReferrer,www.pankanaturalhealth.com,2026|05,first_visit,4,4,0,0.0,4782,75,25,0.084,0.0,DO NOT FILTER - see NOTES section 5
I_PROTECTED_own_domain_referrer,pageReferrer,www.pankanaturalhealth.com,2026|05,form_start,4,4,0,0.0,4782,75,25,0.084,0.0,DO NOT FILTER - see NOTES section 5
I_PROTECTED_own_domain_referrer,pageReferrer,www.pankanaturalhealth.com,2026|05,generate_lead,30,30,30,0.0,4782,75,25,0.627,40.0,DO NOT FILTER - see NOTES section 5
I_PROTECTED_own_domain_referrer,pageReferrer,www.pankanaturalhealth.com,2026|05,meet_dr__haley,36,35,0,0.0,4782,75,25,0.753,0.0,DO NOT FILTER - see NOTES section 5
I_PROTECTED_own_domain_referrer,pageReferrer,www.pankanaturalhealth.com,2026|05,meet_dr__jacob,18,18,0,0.0,4782,75,25,0.376,0.0,DO NOT FILTER - see NOTES section 5
I_PROTECTED_own_domain_referrer,pageReferrer,www.pankanaturalhealth.com,2026|05,page_view,603,489,0,0.0,4782,75,25,12.61,0.0,DO NOT FILTER - see NOTES section 5
I_PROTECTED_own_domain_referrer,pageReferrer,www.pankanaturalhealth.com,2026|05,purchase,10,8,10,0.0,4782,75,25,0.209,13.333,DO NOT FILTER - see NOTES section 5
I_PROTECTED_own_domain_referrer,pageReferrer,www.pankanaturalhealth.com,2026|05,schedule_appointment,128,115,0,0.0,4782,75,25,2.677,0.0,DO NOT FILTER - see NOTES section 5
I_PROTECTED_own_domain_referrer,pageReferrer,www.pankanaturalhealth.com,2026|05,scroll,219,197,0,0.0,4782,75,25,4.58,0.0,DO NOT FILTER - see NOTES section 5
I_PROTECTED_own_domain_referrer,pageReferrer,www.pankanaturalhealth.com,2026|05,session_start,109,109,0,0.0,4782,75,25,2.279,0.0,DO NOT FILTER - see NOTES section 5
I_PROTECTED_own_domain_referrer,pageReferrer,www.pankanaturalhealth.com,2026|05,user_engagement,422,333,0,0.0,4782,75,25,8.825,0.0,DO NOT FILTER - see NOTES section 5
I_PROTECTED_own_domain_referrer,pageReferrer,www.pankanaturalhealth.com,2026|05,why_pnh,6,6,0,0.0,4782,75,25,0.125,0.0,DO NOT FILTER - see NOTES section 5
I_PROTECTED_own_domain_referrer,sessionSourceMedium,pankanaturalhealth.com / referral,2026|05,first_visit,1,1,0,0.0,4782,75,25,0.021,0.0,DO NOT FILTER - see NOTES section 5
I_PROTECTED_own_domain_referrer,sessionSourceMedium,pankanaturalhealth.com / referral,2026|05,form_start,1,1,0,0.0,4782,75,25,0.021,0.0,DO NOT FILTER - see NOTES section 5
I_PROTECTED_own_domain_referrer,sessionSourceMedium,pankanaturalhealth.com / referral,2026|05,page_view,4,1,0,0.0,4782,75,25,0.084,0.0,DO NOT FILTER - see NOTES section 5
I_PROTECTED_own_domain_referrer,sessionSourceMedium,pankanaturalhealth.com / referral,2026|05,scroll,1,1,0,0.0,4782,75,25,0.021,0.0,DO NOT FILTER - see NOTES section 5
I_PROTECTED_own_domain_referrer,sessionSourceMedium,pankanaturalhealth.com / referral,2026|05,session_start,1,1,0,0.0,4782,75,25,0.021,0.0,DO NOT FILTER - see NOTES section 5
I_PROTECTED_own_domain_referrer,sessionSourceMedium,pankanaturalhealth.com / referral,2026|05,view,1,1,0,0.0,4782,75,25,0.021,0.0,DO NOT FILTER - see NOTES section 5
I_PROTECTED_own_domain_referrer,pageReferrer,www.pankanaturalhealth.com,2026|06,click,32,27,0,0.0,4587,212,44,0.698,0.0,DO NOT FILTER - see NOTES section 5
I_PROTECTED_own_domain_referrer,pageReferrer,www.pankanaturalhealth.com,2026|06,file_download,1,1,0,0.0,4587,212,44,0.022,0.0,DO NOT FILTER - see NOTES section 5
I_PROTECTED_own_domain_referrer,pageReferrer,www.pankanaturalhealth.com,2026|06,first_visit,15,15,0,0.0,4587,212,44,0.327,0.0,DO NOT FILTER - see NOTES section 5
I_PROTECTED_own_domain_referrer,pageReferrer,www.pankanaturalhealth.com,2026|06,form_start,1,1,0,0.0,4587,212,44,0.022,0.0,DO NOT FILTER - see NOTES section 5
I_PROTECTED_own_domain_referrer,pageReferrer,www.pankanaturalhealth.com,2026|06,generate_lead,21,21,21,0.0,4587,212,44,0.458,9.906,DO NOT FILTER - see NOTES section 5
I_PROTECTED_own_domain_referrer,pageReferrer,www.pankanaturalhealth.com,2026|06,meet_dr__haley,20,18,0,0.0,4587,212,44,0.436,0.0,DO NOT FILTER - see NOTES section 5
I_PROTECTED_own_domain_referrer,pageReferrer,www.pankanaturalhealth.com,2026|06,meet_dr__jacob,14,13,0,0.0,4587,212,44,0.305,0.0,DO NOT FILTER - see NOTES section 5
I_PROTECTED_own_domain_referrer,pageReferrer,www.pankanaturalhealth.com,2026|06,page_view,375,304,0,0.0,4587,212,44,8.175,0.0,DO NOT FILTER - see NOTES section 5
I_PROTECTED_own_domain_referrer,pageReferrer,www.pankanaturalhealth.com,2026|06,purchase,12,10,12,0.0,4587,212,44,0.262,5.66,DO NOT FILTER - see NOTES section 5
I_PROTECTED_own_domain_referrer,pageReferrer,www.pankanaturalhealth.com,2026|06,schedule_appointment,75,64,71,0.0,4587,212,44,1.635,33.491,DO NOT FILTER - see NOTES section 5
I_PROTECTED_own_domain_referrer,pageReferrer,www.pankanaturalhealth.com,2026|06,scroll,115,103,0,0.0,4587,212,44,2.507,0.0,DO NOT FILTER - see NOTES section 5
I_PROTECTED_own_domain_referrer,pageReferrer,www.pankanaturalhealth.com,2026|06,session_start,65,64,0,0.0,4587,212,44,1.417,0.0,DO NOT FILTER - see NOTES section 5
I_PROTECTED_own_domain_referrer,pageReferrer,www.pankanaturalhealth.com,2026|06,user_engagement,238,196,0,0.0,4587,212,44,5.189,0.0,DO NOT FILTER - see NOTES section 5
I_PROTECTED_own_domain_referrer,pageReferrer,www.pankanaturalhealth.com,2026|06,why_pnh,7,6,0,0.0,4587,212,44,0.153,0.0,DO NOT FILTER - see NOTES section 5
I_PROTECTED_own_domain_referrer,sessionSourceMedium,pankanaturalhealth.com / referral,2026|06,first_visit,11,11,0,0.0,4587,212,44,0.24,0.0,DO NOT FILTER - see NOTES section 5
I_PROTECTED_own_domain_referrer,sessionSourceMedium,pankanaturalhealth.com / referral,2026|06,form_start,8,7,0,0.0,4587,212,44,0.174,0.0,DO NOT FILTER - see NOTES section 5
I_PROTECTED_own_domain_referrer,sessionSourceMedium,pankanaturalhealth.com / referral,2026|06,form_submit,1,1,0,0.0,4587,212,44,0.022,0.0,DO NOT FILTER - see NOTES section 5
I_PROTECTED_own_domain_referrer,sessionSourceMedium,pankanaturalhealth.com / referral,2026|06,page_view,47,14,0,0.0,4587,212,44,1.025,0.0,DO NOT FILTER - see NOTES section 5
I_PROTECTED_own_domain_referrer,sessionSourceMedium,pankanaturalhealth.com / referral,2026|06,purchase,6,6,6,0.0,4587,212,44,0.131,2.83,DO NOT FILTER - see NOTES section 5
I_PROTECTED_own_domain_referrer,sessionSourceMedium,pankanaturalhealth.com / referral,2026|06,scroll,15,15,0,0.0,4587,212,44,0.327,0.0,DO NOT FILTER - see NOTES section 5
I_PROTECTED_own_domain_referrer,sessionSourceMedium,pankanaturalhealth.com / referral,2026|06,session_start,18,18,0,0.0,4587,212,44,0.392,0.0,DO NOT FILTER - see NOTES section 5
I_PROTECTED_own_domain_referrer,sessionSourceMedium,pankanaturalhealth.com / referral,2026|06,user_engagement,10,10,0,0.0,4587,212,44,0.218,0.0,DO NOT FILTER - see NOTES section 5
I_PROTECTED_own_domain_referrer,sessionSourceMedium,pankanaturalhealth.com / referral,2026|06,view,8,7,0,0.0,4587,212,44,0.174,0.0,DO NOT FILTER - see NOTES section 5
I_PROTECTED_own_domain_referrer,pageReferrer,www.pankanaturalhealth.com,2026|07,click,49,49,0,0.0,6400,302,39,0.766,0.0,DO NOT FILTER - see NOTES section 5
I_PROTECTED_own_domain_referrer,pageReferrer,www.pankanaturalhealth.com,2026|07,file_download,1,1,0,0.0,6400,302,39,0.016,0.0,DO NOT FILTER - see NOTES section 5
I_PROTECTED_own_domain_referrer,pageReferrer,www.pankanaturalhealth.com,2026|07,first_visit,49,49,0,0.0,6400,302,39,0.766,0.0,DO NOT FILTER - see NOTES section 5
I_PROTECTED_own_domain_referrer,pageReferrer,www.pankanaturalhealth.com,2026|07,form_start,2,2,0,0.0,6400,302,39,0.031,0.0,DO NOT FILTER - see NOTES section 5
I_PROTECTED_own_domain_referrer,pageReferrer,www.pankanaturalhealth.com,2026|07,generate_lead,46,44,46,0.0,6400,302,39,0.719,15.232,DO NOT FILTER - see NOTES section 5
I_PROTECTED_own_domain_referrer,pageReferrer,www.pankanaturalhealth.com,2026|07,meet_dr__haley,46,46,0,0.0,6400,302,39,0.719,0.0,DO NOT FILTER - see NOTES section 5
I_PROTECTED_own_domain_referrer,pageReferrer,www.pankanaturalhealth.com,2026|07,meet_dr__jacob,36,33,0,0.0,6400,302,39,0.562,0.0,DO NOT FILTER - see NOTES section 5
I_PROTECTED_own_domain_referrer,pageReferrer,www.pankanaturalhealth.com,2026|07,page_view,765,641,0,0.0,6400,302,39,11.953,0.0,DO NOT FILTER - see NOTES section 5
I_PROTECTED_own_domain_referrer,pageReferrer,www.pankanaturalhealth.com,2026|07,purchase,10,9,10,0.0,6400,302,39,0.156,3.311,DO NOT FILTER - see NOTES section 5
I_PROTECTED_own_domain_referrer,pageReferrer,www.pankanaturalhealth.com,2026|07,schedule_appointment,125,112,125,0.0,6400,302,39,1.953,41.391,DO NOT FILTER - see NOTES section 5
I_PROTECTED_own_domain_referrer,pageReferrer,www.pankanaturalhealth.com,2026|07,scroll,210,188,0,0.0,6400,302,39,3.281,0.0,DO NOT FILTER - see NOTES section 5
I_PROTECTED_own_domain_referrer,pageReferrer,www.pankanaturalhealth.com,2026|07,session_start,143,141,0,0.0,6400,302,39,2.234,0.0,DO NOT FILTER - see NOTES section 5
I_PROTECTED_own_domain_referrer,pageReferrer,www.pankanaturalhealth.com,2026|07,user_engagement,555,435,0,0.0,6400,302,39,8.672,0.0,DO NOT FILTER - see NOTES section 5
I_PROTECTED_own_domain_referrer,pageReferrer,www.pankanaturalhealth.com,2026|07,why_pnh,13,13,0,0.0,6400,302,39,0.203,0.0,DO NOT FILTER - see NOTES section 5
I_PROTECTED_own_domain_referrer,sessionSourceMedium,pankanaturalhealth.com / referral,2026|07,click,2,1,0,0.0,6400,302,39,0.031,0.0,DO NOT FILTER - see NOTES section 5
I_PROTECTED_own_domain_referrer,sessionSourceMedium,pankanaturalhealth.com / referral,2026|07,first_visit,21,21,0,0.0,6400,302,39,0.328,0.0,DO NOT FILTER - see NOTES section 5
I_PROTECTED_own_domain_referrer,sessionSourceMedium,pankanaturalhealth.com / referral,2026|07,form_start,8,8,0,0.0,6400,302,39,0.125,0.0,DO NOT FILTER - see NOTES section 5
I_PROTECTED_own_domain_referrer,sessionSourceMedium,pankanaturalhealth.com / referral,2026|07,page_view,73,26,0,0.0,6400,302,39,1.141,0.0,DO NOT FILTER - see NOTES section 5
I_PROTECTED_own_domain_referrer,sessionSourceMedium,pankanaturalhealth.com / referral,2026|07,purchase,8,8,8,0.0,6400,302,39,0.125,2.649,DO NOT FILTER - see NOTES section 5
I_PROTECTED_own_domain_referrer,sessionSourceMedium,pankanaturalhealth.com / referral,2026|07,scroll,39,33,0,0.0,6400,302,39,0.609,0.0,DO NOT FILTER - see NOTES section 5
I_PROTECTED_own_domain_referrer,sessionSourceMedium,pankanaturalhealth.com / referral,2026|07,session_start,40,40,0,0.0,6400,302,39,0.625,0.0,DO NOT FILTER - see NOTES section 5
I_PROTECTED_own_domain_referrer,sessionSourceMedium,pankanaturalhealth.com / referral,2026|07,user_engagement,28,21,0,0.0,6400,302,39,0.438,0.0,DO NOT FILTER - see NOTES section 5
I_PROTECTED_own_domain_referrer,sessionSourceMedium,pankanaturalhealth.com / referral,2026|07,view,9,8,0,0.0,6400,302,39,0.141,0.0,DO NOT FILTER - see NOTES section 5
I_PROTECTED_own_domain_referrer,pageReferrer,www.pankanaturalhealth.com,2026|08,click,26,23,0,0.0,5315,247,30,0.489,0.0,DO NOT FILTER - see NOTES section 5
I_PROTECTED_own_domain_referrer,pageReferrer,www.pankanaturalhealth.com,2026|08,first_visit,16,16,0,0.0,5315,247,30,0.301,0.0,DO NOT FILTER - see NOTES section 5
I_PROTECTED_own_domain_referrer,pageReferrer,www.pankanaturalhealth.com,2026|08,generate_lead,20,19,20,0.0,5315,247,30,0.376,8.097,DO NOT FILTER - see NOTES section 5
I_PROTECTED_own_domain_referrer,pageReferrer,www.pankanaturalhealth.com,2026|08,meet_dr__haley,36,35,0,0.0,5315,247,30,0.677,0.0,DO NOT FILTER - see NOTES section 5
I_PROTECTED_own_domain_referrer,pageReferrer,www.pankanaturalhealth.com,2026|08,meet_dr__jacob,30,29,0,0.0,5315,247,30,0.564,0.0,DO NOT FILTER - see NOTES section 5
I_PROTECTED_own_domain_referrer,pageReferrer,www.pankanaturalhealth.com,2026|08,page_view,530,453,0,0.0,5315,247,30,9.972,0.0,DO NOT FILTER - see NOTES section 5
I_PROTECTED_own_domain_referrer,pageReferrer,www.pankanaturalhealth.com,2026|08,schedule_appointment,88,79,88,0.0,5315,247,30,1.656,35.628,DO NOT FILTER - see NOTES section 5
I_PROTECTED_own_domain_referrer,pageReferrer,www.pankanaturalhealth.com,2026|08,scroll,143,136,0,0.0,5315,247,30,2.69,0.0,DO NOT FILTER - see NOTES section 5
I_PROTECTED_own_domain_referrer,pageReferrer,www.pankanaturalhealth.com,2026|08,session_start,83,83,0,0.0,5315,247,30,1.562,0.0,DO NOT FILTER - see NOTES section 5
I_PROTECTED_own_domain_referrer,pageReferrer,www.pankanaturalhealth.com,2026|08,user_engagement,387,322,0,0.0,5315,247,30,7.281,0.0,DO NOT FILTER - see NOTES section 5
I_PROTECTED_own_domain_referrer,pageReferrer,www.pankanaturalhealth.com,2026|08,view,1,1,0,0.0,5315,247,30,0.019,0.0,DO NOT FILTER - see NOTES section 5
I_PROTECTED_own_domain_referrer,pageReferrer,www.pankanaturalhealth.com,2026|08,why_pnh,16,15,0,0.0,5315,247,30,0.301,0.0,DO NOT FILTER - see NOTES section 5
I_PROTECTED_own_domain_referrer,sessionSourceMedium,pankanaturalhealth.com / referral,2026|08,first_visit,10,10,0,0.0,5315,247,30,0.188,0.0,DO NOT FILTER - see NOTES section 5
I_PROTECTED_own_domain_referrer,sessionSourceMedium,pankanaturalhealth.com / referral,2026|08,form_start,7,7,0,0.0,5315,247,30,0.132,0.0,DO NOT FILTER - see NOTES section 5
I_PROTECTED_own_domain_referrer,sessionSourceMedium,pankanaturalhealth.com / referral,2026|08,page_view,37,13,0,0.0,5315,247,30,0.696,0.0,DO NOT FILTER - see NOTES section 5
I_PROTECTED_own_domain_referrer,sessionSourceMedium,pankanaturalhealth.com / referral,2026|08,purchase,6,6,6,0.0,5315,247,30,0.113,2.429,DO NOT FILTER - see NOTES section 5
I_PROTECTED_own_domain_referrer,sessionSourceMedium,pankanaturalhealth.com / referral,2026|08,scroll,18,15,0,0.0,5315,247,30,0.339,0.0,DO NOT FILTER - see NOTES section 5
I_PROTECTED_own_domain_referrer,sessionSourceMedium,pankanaturalhealth.com / referral,2026|08,session_start,18,18,0,0.0,5315,247,30,0.339,0.0,DO NOT FILTER - see NOTES section 5
I_PROTECTED_own_domain_referrer,sessionSourceMedium,pankanaturalhealth.com / referral,2026|08,user_engagement,8,8,0,0.0,5315,247,30,0.151,0.0,DO NOT FILTER - see NOTES section 5
I_PROTECTED_own_domain_referrer,sessionSourceMedium,pankanaturalhealth.com / referral,2026|08,view,8,8,0,0.0,5315,247,30,0.151,0.0,DO NOT FILTER - see NOTES section 5
I_PROTECTED_own_domain_referrer,pageReferrer,www.pankanaturalhealth.com,2026|09,first_visit,1,1,0,0.0,863,39,6,0.116,0.0,DO NOT FILTER - see NOTES section 5
I_PROTECTED_own_domain_referrer,pageReferrer,www.pankanaturalhealth.com,2026|09,form_start,1,1,0,0.0,863,39,6,0.116,0.0,DO NOT FILTER - see NOTES section 5
I_PROTECTED_own_domain_referrer,pageReferrer,www.pankanaturalhealth.com,2026|09,generate_lead,8,8,8,0.0,863,39,6,0.927,20.513,DO NOT FILTER - see NOTES section 5
I_PROTECTED_own_domain_referrer,pageReferrer,www.pankanaturalhealth.com,2026|09,meet_dr__haley,8,6,0,0.0,863,39,6,0.927,0.0,DO NOT FILTER - see NOTES section 5
I_PROTECTED_own_domain_referrer,pageReferrer,www.pankanaturalhealth.com,2026|09,meet_dr__jacob,3,3,0,0.0,863,39,6,0.348,0.0,DO NOT FILTER - see NOTES section 5
I_PROTECTED_own_domain_referrer,pageReferrer,www.pankanaturalhealth.com,2026|09,page_view,107,82,0,0.0,863,39,6,12.399,0.0,DO NOT FILTER - see NOTES section 5
I_PROTECTED_own_domain_referrer,pageReferrer,www.pankanaturalhealth.com,2026|09,purchase,1,1,1,0.0,863,39,6,0.116,2.564,DO NOT FILTER - see NOTES section 5
I_PROTECTED_own_domain_referrer,pageReferrer,www.pankanaturalhealth.com,2026|09,schedule_appointment,10,9,10,0.0,863,39,6,1.159,25.641,DO NOT FILTER - see NOTES section 5
I_PROTECTED_own_domain_referrer,pageReferrer,www.pankanaturalhealth.com,2026|09,scroll,11,11,0,0.0,863,39,6,1.275,0.0,DO NOT FILTER - see NOTES section 5
I_PROTECTED_own_domain_referrer,pageReferrer,www.pankanaturalhealth.com,2026|09,session_start,9,9,0,0.0,863,39,6,1.043,0.0,DO NOT FILTER - see NOTES section 5
I_PROTECTED_own_domain_referrer,pageReferrer,www.pankanaturalhealth.com,2026|09,user_engagement,80,61,0,0.0,863,39,6,9.27,0.0,DO NOT FILTER - see NOTES section 5
I_PROTECTED_own_domain_referrer,pageReferrer,www.pankanaturalhealth.com,2026|09,why_pnh,5,5,0,0.0,863,39,6,0.579,0.0,DO NOT FILTER - see NOTES section 5
I_PROTECTED_own_domain_referrer,sessionSourceMedium,pankanaturalhealth.com / referral,2026|09,page_view,1,1,0,0.0,863,39,6,0.116,0.0,DO NOT FILTER - see NOTES section 5
I_PROTECTED_own_domain_referrer,sessionSourceMedium,pankanaturalhealth.com / referral,2026|09,session_start,2,2,0,0.0,863,39,6,0.232,0.0,DO NOT FILTER - see NOTES section 5
I_PROTECTED_own_domain_referrer,sessionSourceMedium,pankanaturalhealth.com / referral,2026|09,user_engagement,2,2,0,0.0,863,39,6,0.232,0.0,DO NOT FILTER - see NOTES section 5
J_PROTECTED_acuity_scheduler,pageReferrer,app.acuityscheduling.com,2024|01,page_view,2,2,0,0.0,2373,8,8,0.084,0.0,DO NOT FILTER - booking fingerprint
J_PROTECTED_acuity_scheduler,pageReferrer,app.acuityscheduling.com,2024|01,scroll,2,2,0,0.0,2373,8,8,0.084,0.0,DO NOT FILTER - booking fingerprint
J_PROTECTED_acuity_scheduler,pageReferrer,app.acuityscheduling.com,2024|01,user_engagement,2,2,0,0.0,2373,8,8,0.084,0.0,DO NOT FILTER - booking fingerprint
J_PROTECTED_acuity_scheduler,pageReferrer,app.squarespacescheduling.com,2024|01,page_view,1,1,0,0.0,2373,8,8,0.042,0.0,DO NOT FILTER - booking fingerprint
J_PROTECTED_acuity_scheduler,pageReferrer,app.squarespacescheduling.com,2024|01,user_engagement,1,1,0,0.0,2373,8,8,0.042,0.0,DO NOT FILTER - booking fingerprint
J_PROTECTED_acuity_scheduler,pageReferrer,app.acuityscheduling.com,2024|02,page_view,2,2,0,0.0,8187,23,23,0.024,0.0,DO NOT FILTER - booking fingerprint
J_PROTECTED_acuity_scheduler,pageReferrer,app.acuityscheduling.com,2024|02,scroll,1,1,0,0.0,8187,23,23,0.012,0.0,DO NOT FILTER - booking fingerprint
J_PROTECTED_acuity_scheduler,pageReferrer,app.acuityscheduling.com,2024|02,user_engagement,1,1,0,0.0,8187,23,23,0.012,0.0,DO NOT FILTER - booking fingerprint
J_PROTECTED_acuity_scheduler,pageReferrer,app.squarespacescheduling.com,2024|02,click,1,1,0,0.0,8187,23,23,0.012,0.0,DO NOT FILTER - booking fingerprint
J_PROTECTED_acuity_scheduler,pageReferrer,app.squarespacescheduling.com,2024|02,page_view,1,1,0,0.0,8187,23,23,0.012,0.0,DO NOT FILTER - booking fingerprint
J_PROTECTED_acuity_scheduler,sessionSourceMedium,app.acuityscheduling.com / referral,2024|02,click,1,1,0,0.0,8187,23,23,0.012,0.0,DO NOT FILTER - booking fingerprint
J_PROTECTED_acuity_scheduler,sessionSourceMedium,app.acuityscheduling.com / referral,2024|02,page_view,2,2,0,0.0,8187,23,23,0.024,0.0,DO NOT FILTER - booking fingerprint
J_PROTECTED_acuity_scheduler,sessionSourceMedium,app.acuityscheduling.com / referral,2024|02,session_start,2,2,0,0.0,8187,23,23,0.024,0.0,DO NOT FILTER - booking fingerprint
J_PROTECTED_acuity_scheduler,sessionSourceMedium,app.acuityscheduling.com / referral,2024|02,user_engagement,1,1,0,0.0,8187,23,23,0.012,0.0,DO NOT FILTER - booking fingerprint
J_PROTECTED_acuity_scheduler,pageReferrer,app.acuityscheduling.com,2024|03,form_start,1,1,0,0.0,5590,24,24,0.018,0.0,DO NOT FILTER - booking fingerprint
J_PROTECTED_acuity_scheduler,pageReferrer,app.acuityscheduling.com,2024|03,form_submit,1,1,0,0.0,5590,24,24,0.018,0.0,DO NOT FILTER - booking fingerprint
J_PROTECTED_acuity_scheduler,pageReferrer,app.acuityscheduling.com,2024|03,page_view,2,2,0,0.0,5590,24,24,0.036,0.0,DO NOT FILTER - booking fingerprint
J_PROTECTED_acuity_scheduler,pageReferrer,app.acuityscheduling.com,2024|03,scroll,1,1,0,0.0,5590,24,24,0.018,0.0,DO NOT FILTER - booking fingerprint
J_PROTECTED_acuity_scheduler,pageReferrer,app.acuityscheduling.com,2024|03,user_engagement,2,2,0,0.0,5590,24,24,0.036,0.0,DO NOT FILTER - booking fingerprint
J_PROTECTED_acuity_scheduler,pageReferrer,app.squarespacescheduling.com,2024|03,page_view,1,1,0,0.0,5590,24,24,0.018,0.0,DO NOT FILTER - booking fingerprint
J_PROTECTED_acuity_scheduler,pageReferrer,app.squarespacescheduling.com,2024|03,scroll,1,1,0,0.0,5590,24,24,0.018,0.0,DO NOT FILTER - booking fingerprint
J_PROTECTED_acuity_scheduler,pageReferrer,app.squarespacescheduling.com,2024|03,user_engagement,1,1,0,0.0,5590,24,24,0.018,0.0,DO NOT FILTER - booking fingerprint
J_PROTECTED_acuity_scheduler,pageReferrer,app.acuityscheduling.com,2024|04,first_visit,1,1,0,0.0,3553,12,12,0.028,0.0,DO NOT FILTER - booking fingerprint
J_PROTECTED_acuity_scheduler,pageReferrer,app.acuityscheduling.com,2024|04,page_view,3,3,0,0.0,3553,12,12,0.084,0.0,DO NOT FILTER - booking fingerprint
J_PROTECTED_acuity_scheduler,pageReferrer,app.acuityscheduling.com,2024|04,session_start,2,2,0,0.0,3553,12,12,0.056,0.0,DO NOT FILTER - booking fingerprint
J_PROTECTED_acuity_scheduler,pageReferrer,app.acuityscheduling.com,2024|04,user_engagement,1,1,0,0.0,3553,12,12,0.028,0.0,DO NOT FILTER - booking fingerprint
J_PROTECTED_acuity_scheduler,sessionSourceMedium,app.acuityscheduling.com / referral,2024|04,first_visit,1,1,0,0.0,3553,12,12,0.028,0.0,DO NOT FILTER - booking fingerprint
J_PROTECTED_acuity_scheduler,sessionSourceMedium,app.acuityscheduling.com / referral,2024|04,page_view,2,2,0,0.0,3553,12,12,0.056,0.0,DO NOT FILTER - booking fingerprint
J_PROTECTED_acuity_scheduler,sessionSourceMedium,app.acuityscheduling.com / referral,2024|04,session_start,2,2,0,0.0,3553,12,12,0.056,0.0,DO NOT FILTER - booking fingerprint
J_PROTECTED_acuity_scheduler,pageReferrer,app.acuityscheduling.com,2024|05,page_view,4,2,0,0.0,3113,17,17,0.128,0.0,DO NOT FILTER - booking fingerprint
J_PROTECTED_acuity_scheduler,pageReferrer,app.acuityscheduling.com,2024|05,scroll,1,1,0,0.0,3113,17,17,0.032,0.0,DO NOT FILTER - booking fingerprint
J_PROTECTED_acuity_scheduler,pageReferrer,app.acuityscheduling.com,2024|05,user_engagement,3,1,0,0.0,3113,17,17,0.096,0.0,DO NOT FILTER - booking fingerprint
J_PROTECTED_acuity_scheduler,pageReferrer,app.acuityscheduling.com,2024|06,page_view,3,3,0,0.0,3795,21,21,0.079,0.0,DO NOT FILTER - booking fingerprint
J_PROTECTED_acuity_scheduler,pageReferrer,app.acuityscheduling.com,2024|06,scroll,1,1,0,0.0,3795,21,21,0.026,0.0,DO NOT FILTER - booking fingerprint
J_PROTECTED_acuity_scheduler,pageReferrer,app.acuityscheduling.com,2024|06,session_start,1,1,0,0.0,3795,21,21,0.026,0.0,DO NOT FILTER - booking fingerprint
J_PROTECTED_acuity_scheduler,pageReferrer,app.acuityscheduling.com,2024|06,user_engagement,1,1,0,0.0,3795,21,21,0.026,0.0,DO NOT FILTER - booking fingerprint
J_PROTECTED_acuity_scheduler,pageReferrer,app.squarespacescheduling.com,2024|06,page_view,1,1,0,0.0,3795,21,21,0.026,0.0,DO NOT FILTER - booking fingerprint
J_PROTECTED_acuity_scheduler,sessionSourceMedium,app.acuityscheduling.com / referral,2024|06,page_view,1,1,0,0.0,3795,21,21,0.026,0.0,DO NOT FILTER - booking fingerprint
J_PROTECTED_acuity_scheduler,sessionSourceMedium,app.acuityscheduling.com / referral,2024|06,session_start,1,1,0,0.0,3795,21,21,0.026,0.0,DO NOT FILTER - booking fingerprint
J_PROTECTED_acuity_scheduler,pageReferrer,app.acuityscheduling.com,2024|09,page_view,2,2,0,0.0,3690,15,15,0.054,0.0,DO NOT FILTER - booking fingerprint
J_PROTECTED_acuity_scheduler,pageReferrer,app.acuityscheduling.com,2024|09,scroll,1,1,0,0.0,3690,15,15,0.027,0.0,DO NOT FILTER - booking fingerprint
J_PROTECTED_acuity_scheduler,pageReferrer,app.acuityscheduling.com,2024|09,user_engagement,1,1,0,0.0,3690,15,15,0.027,0.0,DO NOT FILTER - booking fingerprint
J_PROTECTED_acuity_scheduler,pageReferrer,app.squarespacescheduling.com,2024|09,page_view,2,1,0,0.0,3690,15,15,0.054,0.0,DO NOT FILTER - booking fingerprint
J_PROTECTED_acuity_scheduler,pageReferrer,app.acuityscheduling.com,2024|10,page_view,2,2,0,0.0,3930,21,21,0.051,0.0,DO NOT FILTER - booking fingerprint
J_PROTECTED_acuity_scheduler,pageReferrer,app.acuityscheduling.com,2024|10,scroll,1,1,0,0.0,3930,21,21,0.025,0.0,DO NOT FILTER - booking fingerprint
J_PROTECTED_acuity_scheduler,pageReferrer,app.acuityscheduling.com,2024|10,user_engagement,1,1,0,0.0,3930,21,21,0.025,0.0,DO NOT FILTER - booking fingerprint
J_PROTECTED_acuity_scheduler,pageReferrer,app.squarespacescheduling.com,2024|10,page_view,1,1,0,0.0,3930,21,21,0.025,0.0,DO NOT FILTER - booking fingerprint
J_PROTECTED_acuity_scheduler,pageReferrer,app.squarespacescheduling.com,2024|10,user_engagement,1,1,0,0.0,3930,21,21,0.025,0.0,DO NOT FILTER - booking fingerprint
J_PROTECTED_acuity_scheduler,sessionSourceMedium,app.acuityscheduling.com / referral,2024|10,click,2,1,0,0.0,3930,21,21,0.051,0.0,DO NOT FILTER - booking fingerprint
J_PROTECTED_acuity_scheduler,sessionSourceMedium,app.acuityscheduling.com / referral,2024|10,form_start,1,1,0,0.0,3930,21,21,0.025,0.0,DO NOT FILTER - booking fingerprint
J_PROTECTED_acuity_scheduler,sessionSourceMedium,app.acuityscheduling.com / referral,2024|10,form_submit,1,1,0,0.0,3930,21,21,0.025,0.0,DO NOT FILTER - booking fingerprint
J_PROTECTED_acuity_scheduler,sessionSourceMedium,app.acuityscheduling.com / referral,2024|10,page_view,2,1,0,0.0,3930,21,21,0.051,0.0,DO NOT FILTER - booking fingerprint
J_PROTECTED_acuity_scheduler,sessionSourceMedium,app.acuityscheduling.com / referral,2024|10,session_start,1,1,0,0.0,3930,21,21,0.025,0.0,DO NOT FILTER - booking fingerprint
J_PROTECTED_acuity_scheduler,pageReferrer,app.acuityscheduling.com,2024|11,form_start,2,2,0,0.0,3781,15,12,0.053,0.0,DO NOT FILTER - booking fingerprint
J_PROTECTED_acuity_scheduler,pageReferrer,app.acuityscheduling.com,2024|11,form_submit,2,2,0,0.0,3781,15,12,0.053,0.0,DO NOT FILTER - booking fingerprint
J_PROTECTED_acuity_scheduler,pageReferrer,app.acuityscheduling.com,2024|11,page_view,4,3,0,0.0,3781,15,12,0.106,0.0,DO NOT FILTER - booking fingerprint
J_PROTECTED_acuity_scheduler,pageReferrer,app.acuityscheduling.com,2024|11,scroll,1,1,0,0.0,3781,15,12,0.026,0.0,DO NOT FILTER - booking fingerprint
J_PROTECTED_acuity_scheduler,sessionSourceMedium,app.acuityscheduling.com / referral,2024|11,page_view,1,1,0,0.0,3781,15,12,0.026,0.0,DO NOT FILTER - booking fingerprint
J_PROTECTED_acuity_scheduler,sessionSourceMedium,app.acuityscheduling.com / referral,2024|11,scroll,1,1,0,0.0,3781,15,12,0.026,0.0,DO NOT FILTER - booking fingerprint
J_PROTECTED_acuity_scheduler,sessionSourceMedium,app.acuityscheduling.com / referral,2024|11,session_start,1,1,0,0.0,3781,15,12,0.026,0.0,DO NOT FILTER - booking fingerprint
J_PROTECTED_acuity_scheduler,pageReferrer,app.acuityscheduling.com,2024|12,form_start,1,1,0,0.0,2448,25,2,0.041,0.0,DO NOT FILTER - booking fingerprint
J_PROTECTED_acuity_scheduler,pageReferrer,app.acuityscheduling.com,2024|12,form_submit,1,1,0,0.0,2448,25,2,0.041,0.0,DO NOT FILTER - booking fingerprint
J_PROTECTED_acuity_scheduler,pageReferrer,app.acuityscheduling.com,2024|12,page_view,16,14,0,0.0,2448,25,2,0.654,0.0,DO NOT FILTER - booking fingerprint
J_PROTECTED_acuity_scheduler,pageReferrer,app.acuityscheduling.com,2024|12,purchase,1,1,1,0.0,2448,25,2,0.041,4.0,DO NOT FILTER - booking fingerprint
J_PROTECTED_acuity_scheduler,pageReferrer,app.acuityscheduling.com,2024|12,scroll,1,1,0,0.0,2448,25,2,0.041,0.0,DO NOT FILTER - booking fingerprint
J_PROTECTED_acuity_scheduler,pageReferrer,app.acuityscheduling.com,2024|12,session_start,1,1,0,0.0,2448,25,2,0.041,0.0,DO NOT FILTER - booking fingerprint
J_PROTECTED_acuity_scheduler,pageReferrer,app.acuityscheduling.com,2024|12,user_engagement,3,3,0,0.0,2448,25,2,0.123,0.0,DO NOT FILTER - booking fingerprint
J_PROTECTED_acuity_scheduler,pageReferrer,app.acuityscheduling.com,2024|12,view,2,2,0,0.0,2448,25,2,0.082,0.0,DO NOT FILTER - booking fingerprint
J_PROTECTED_acuity_scheduler,pageReferrer,app.squarespacescheduling.com,2024|12,form_start,1,1,0,0.0,2448,25,2,0.041,0.0,DO NOT FILTER - booking fingerprint
J_PROTECTED_acuity_scheduler,pageReferrer,app.squarespacescheduling.com,2024|12,page_view,4,4,0,0.0,2448,25,2,0.163,0.0,DO NOT FILTER - booking fingerprint
J_PROTECTED_acuity_scheduler,pageReferrer,app.squarespacescheduling.com,2024|12,purchase,1,1,1,0.0,2448,25,2,0.041,4.0,DO NOT FILTER - booking fingerprint
J_PROTECTED_acuity_scheduler,pageReferrer,app.squarespacescheduling.com,2024|12,view,1,1,0,0.0,2448,25,2,0.041,0.0,DO NOT FILTER - booking fingerprint
J_PROTECTED_acuity_scheduler,pageReferrer,app.squarespacescheduling.com,2025|01,form_start,1,1,0,0.0,2895,19,2,0.035,0.0,DO NOT FILTER - booking fingerprint
J_PROTECTED_acuity_scheduler,pageReferrer,app.squarespacescheduling.com,2025|01,page_view,9,6,0,0.0,2895,19,2,0.311,0.0,DO NOT FILTER - booking fingerprint
J_PROTECTED_acuity_scheduler,pageReferrer,app.squarespacescheduling.com,2025|01,purchase,1,1,1,0.0,2895,19,2,0.035,5.263,DO NOT FILTER - booking fingerprint
J_PROTECTED_acuity_scheduler,pageReferrer,app.squarespacescheduling.com,2025|01,view,1,1,0,0.0,2895,19,2,0.035,0.0,DO NOT FILTER - booking fingerprint
J_PROTECTED_acuity_scheduler,pageReferrer,app.acuityscheduling.com,2025|02,page_view,4,4,0,0.0,2986,30,0,0.134,0.0,DO NOT FILTER - booking fingerprint
J_PROTECTED_acuity_scheduler,pageReferrer,app.squarespacescheduling.com,2025|02,page_view,1,1,0,0.0,2986,30,0,0.033,0.0,DO NOT FILTER - booking fingerprint
J_PROTECTED_acuity_scheduler,pageReferrer,app.squarespacescheduling.com,2025|02,session_start,1,1,0,0.0,2986,30,0,0.033,0.0,DO NOT FILTER - booking fingerprint
J_PROTECTED_acuity_scheduler,pageReferrer,app.squarespacescheduling.com,2025|02,user_engagement,2,2,0,0.0,2986,30,0,0.067,0.0,DO NOT FILTER - booking fingerprint
J_PROTECTED_acuity_scheduler,pageReferrer,app.squarespacescheduling.com,2025|03,form_start,1,1,0,0.0,2970,23,1,0.034,0.0,DO NOT FILTER - booking fingerprint
J_PROTECTED_acuity_scheduler,pageReferrer,app.squarespacescheduling.com,2025|03,page_view,24,17,0,0.0,2970,23,1,0.808,0.0,DO NOT FILTER - booking fingerprint
J_PROTECTED_acuity_scheduler,pageReferrer,app.squarespacescheduling.com,2025|03,purchase,1,1,1,0.0,2970,23,1,0.034,4.348,DO NOT FILTER - booking fingerprint
J_PROTECTED_acuity_scheduler,pageReferrer,app.squarespacescheduling.com,2025|03,session_start,4,4,0,0.0,2970,23,1,0.135,0.0,DO NOT FILTER - booking fingerprint
J_PROTECTED_acuity_scheduler,pageReferrer,app.squarespacescheduling.com,2025|03,user_engagement,9,7,0,0.0,2970,23,1,0.303,0.0,DO NOT FILTER - booking fingerprint
J_PROTECTED_acuity_scheduler,pageReferrer,app.squarespacescheduling.com,2025|03,view,1,1,0,0.0,2970,23,1,0.034,0.0,DO NOT FILTER - booking fingerprint
J_PROTECTED_acuity_scheduler,pageReferrer,app.acuityscheduling.com,2025|04,form_start,1,1,0,0.0,2693,21,3,0.037,0.0,DO NOT FILTER - booking fingerprint
J_PROTECTED_acuity_scheduler,pageReferrer,app.acuityscheduling.com,2025|04,page_view,13,11,0,0.0,2693,21,3,0.483,0.0,DO NOT FILTER - booking fingerprint
J_PROTECTED_acuity_scheduler,pageReferrer,app.acuityscheduling.com,2025|04,purchase,1,1,1,0.0,2693,21,3,0.037,4.762,DO NOT FILTER - booking fingerprint
J_PROTECTED_acuity_scheduler,pageReferrer,app.acuityscheduling.com,2025|04,scroll,2,1,0,0.0,2693,21,3,0.074,0.0,DO NOT FILTER - booking fingerprint
J_PROTECTED_acuity_scheduler,pageReferrer,app.acuityscheduling.com,2025|04,user_engagement,3,2,0,0.0,2693,21,3,0.111,0.0,DO NOT FILTER - booking fingerprint
J_PROTECTED_acuity_scheduler,pageReferrer,app.acuityscheduling.com,2025|04,view,1,1,0,0.0,2693,21,3,0.037,0.0,DO NOT FILTER - booking fingerprint
J_PROTECTED_acuity_scheduler,pageReferrer,app.squarespacescheduling.com,2025|04,form_start,5,3,0,0.0,2693,21,3,0.186,0.0,DO NOT FILTER - booking fingerprint
J_PROTECTED_acuity_scheduler,pageReferrer,app.squarespacescheduling.com,2025|04,form_submit,3,1,0,0.0,2693,21,3,0.111,0.0,DO NOT FILTER - booking fingerprint
J_PROTECTED_acuity_scheduler,pageReferrer,app.squarespacescheduling.com,2025|04,page_view,24,23,0,0.0,2693,21,3,0.891,0.0,DO NOT FILTER - booking fingerprint
J_PROTECTED_acuity_scheduler,pageReferrer,app.squarespacescheduling.com,2025|04,purchase,2,2,2,0.0,2693,21,3,0.074,9.524,DO NOT FILTER - booking fingerprint
J_PROTECTED_acuity_scheduler,pageReferrer,app.squarespacescheduling.com,2025|04,session_start,3,3,0,0.0,2693,21,3,0.111,0.0,DO NOT FILTER - booking fingerprint
J_PROTECTED_acuity_scheduler,pageReferrer,app.squarespacescheduling.com,2025|04,user_engagement,3,3,0,0.0,2693,21,3,0.111,0.0,DO NOT FILTER - booking fingerprint
J_PROTECTED_acuity_scheduler,pageReferrer,app.squarespacescheduling.com,2025|04,view,3,3,0,0.0,2693,21,3,0.111,0.0,DO NOT FILTER - booking fingerprint
J_PROTECTED_acuity_scheduler,pageReferrer,app.acuityscheduling.com,2025|05,page_view,3,3,0,0.0,2154,17,1,0.139,0.0,DO NOT FILTER - booking fingerprint
J_PROTECTED_acuity_scheduler,pageReferrer,app.acuityscheduling.com,2025|05,scroll,1,1,0,0.0,2154,17,1,0.046,0.0,DO NOT FILTER - booking fingerprint
J_PROTECTED_acuity_scheduler,pageReferrer,app.acuityscheduling.com,2025|05,session_start,2,2,0,0.0,2154,17,1,0.093,0.0,DO NOT FILTER - booking fingerprint
J_PROTECTED_acuity_scheduler,pageReferrer,app.acuityscheduling.com,2025|05,user_engagement,2,2,0,0.0,2154,17,1,0.093,0.0,DO NOT FILTER - booking fingerprint
J_PROTECTED_acuity_scheduler,pageReferrer,app.squarespacescheduling.com,2025|05,form_start,2,2,0,0.0,2154,17,1,0.093,0.0,DO NOT FILTER - booking fingerprint
J_PROTECTED_acuity_scheduler,pageReferrer,app.squarespacescheduling.com,2025|05,page_view,16,10,0,0.0,2154,17,1,0.743,0.0,DO NOT FILTER - booking fingerprint
J_PROTECTED_acuity_scheduler,pageReferrer,app.squarespacescheduling.com,2025|05,purchase,1,1,1,0.0,2154,17,1,0.046,5.882,DO NOT FILTER - booking fingerprint
J_PROTECTED_acuity_scheduler,pageReferrer,app.squarespacescheduling.com,2025|05,session_start,1,1,0,0.0,2154,17,1,0.046,0.0,DO NOT FILTER - booking fingerprint
J_PROTECTED_acuity_scheduler,pageReferrer,app.squarespacescheduling.com,2025|05,user_engagement,3,3,0,0.0,2154,17,1,0.139,0.0,DO NOT FILTER - booking fingerprint
J_PROTECTED_acuity_scheduler,pageReferrer,app.squarespacescheduling.com,2025|05,view,3,2,0,0.0,2154,17,1,0.139,0.0,DO NOT FILTER - booking fingerprint
J_PROTECTED_acuity_scheduler,sessionSourceMedium,app.acuityscheduling.com / referral,2025|05,form_start,4,4,0,0.0,2154,17,1,0.186,0.0,DO NOT FILTER - booking fingerprint
J_PROTECTED_acuity_scheduler,sessionSourceMedium,app.acuityscheduling.com / referral,2025|05,page_view,8,7,0,0.0,2154,17,1,0.371,0.0,DO NOT FILTER - booking fingerprint
J_PROTECTED_acuity_scheduler,sessionSourceMedium,app.acuityscheduling.com / referral,2025|05,scroll,6,6,0,0.0,2154,17,1,0.279,0.0,DO NOT FILTER - booking fingerprint
J_PROTECTED_acuity_scheduler,sessionSourceMedium,app.acuityscheduling.com / referral,2025|05,session_start,8,8,0,0.0,2154,17,1,0.371,0.0,DO NOT FILTER - booking fingerprint
J_PROTECTED_acuity_scheduler,sessionSourceMedium,app.acuityscheduling.com / referral,2025|05,user_engagement,2,2,0,0.0,2154,17,1,0.093,0.0,DO NOT FILTER - booking fingerprint
J_PROTECTED_acuity_scheduler,pageReferrer,app.squarespacescheduling.com,2025|06,form_start,8,7,0,0.0,4471,38,10,0.179,0.0,DO NOT FILTER - booking fingerprint
J_PROTECTED_acuity_scheduler,pageReferrer,app.squarespacescheduling.com,2025|06,page_view,57,45,0,0.0,4471,38,10,1.275,0.0,DO NOT FILTER - booking fingerprint
J_PROTECTED_acuity_scheduler,pageReferrer,app.squarespacescheduling.com,2025|06,purchase,8,6,8,0.0,4471,38,10,0.179,21.053,DO NOT FILTER - booking fingerprint
J_PROTECTED_acuity_scheduler,pageReferrer,app.squarespacescheduling.com,2025|06,session_start,3,3,0,0.0,4471,38,10,0.067,0.0,DO NOT FILTER - booking fingerprint
J_PROTECTED_acuity_scheduler,pageReferrer,app.squarespacescheduling.com,2025|06,user_engagement,7,7,0,0.0,4471,38,10,0.157,0.0,DO NOT FILTER - booking fingerprint
J_PROTECTED_acuity_scheduler,pageReferrer,app.squarespacescheduling.com,2025|06,view,11,9,0,0.0,4471,38,10,0.246,0.0,DO NOT FILTER - booking fingerprint
J_PROTECTED_acuity_scheduler,sessionSourceMedium,app.acuityscheduling.com / referral,2025|06,page_view,9,3,0,0.0,4471,38,10,0.201,0.0,DO NOT FILTER - booking fingerprint
J_PROTECTED_acuity_scheduler,sessionSourceMedium,app.acuityscheduling.com / referral,2025|06,scroll,6,2,0,0.0,4471,38,10,0.134,0.0,DO NOT FILTER - booking fingerprint
J_PROTECTED_acuity_scheduler,sessionSourceMedium,app.acuityscheduling.com / referral,2025|06,session_start,4,4,0,0.0,4471,38,10,0.089,0.0,DO NOT FILTER - booking fingerprint
J_PROTECTED_acuity_scheduler,sessionSourceMedium,app.acuityscheduling.com / referral,2025|06,user_engagement,9,3,0,0.0,4471,38,10,0.201,0.0,DO NOT FILTER - booking fingerprint
J_PROTECTED_acuity_scheduler,pageReferrer,app.squarespacescheduling.com,2025|07,form_start,4,4,0,0.0,14051,37,3,0.028,0.0,DO NOT FILTER - booking fingerprint
J_PROTECTED_acuity_scheduler,pageReferrer,app.squarespacescheduling.com,2025|07,page_view,27,18,0,0.0,14051,37,3,0.192,0.0,DO NOT FILTER - booking fingerprint
J_PROTECTED_acuity_scheduler,pageReferrer,app.squarespacescheduling.com,2025|07,purchase,2,2,2,0.0,14051,37,3,0.014,5.405,DO NOT FILTER - booking fingerprint
J_PROTECTED_acuity_scheduler,pageReferrer,app.squarespacescheduling.com,2025|07,session_start,1,1,0,0.0,14051,37,3,0.007,0.0,DO NOT FILTER - booking fingerprint
J_PROTECTED_acuity_scheduler,pageReferrer,app.squarespacescheduling.com,2025|07,user_engagement,2,2,0,0.0,14051,37,3,0.014,0.0,DO NOT FILTER - booking fingerprint
J_PROTECTED_acuity_scheduler,pageReferrer,app.squarespacescheduling.com,2025|07,view,5,4,0,0.0,14051,37,3,0.036,0.0,DO NOT FILTER - booking fingerprint
J_PROTECTED_acuity_scheduler,pageReferrer,app.acuityscheduling.com,2025|08,page_view,1,1,0,0.0,4058,22,0,0.025,0.0,DO NOT FILTER - booking fingerprint
J_PROTECTED_acuity_scheduler,pageReferrer,app.squarespacescheduling.com,2025|08,page_view,1,1,0,0.0,4058,22,0,0.025,0.0,DO NOT FILTER - booking fingerprint
J_PROTECTED_acuity_scheduler,pageReferrer,app.squarespacescheduling.com,2025|08,user_engagement,1,1,0,0.0,4058,22,0,0.025,0.0,DO NOT FILTER - booking fingerprint
J_PROTECTED_acuity_scheduler,pageReferrer,app.acuityscheduling.com,2025|09,form_start,2,2,0,0.0,2754,29,3,0.073,0.0,DO NOT FILTER - booking fingerprint
J_PROTECTED_acuity_scheduler,pageReferrer,app.acuityscheduling.com,2025|09,page_view,15,13,0,0.0,2754,29,3,0.545,0.0,DO NOT FILTER - booking fingerprint
J_PROTECTED_acuity_scheduler,pageReferrer,app.acuityscheduling.com,2025|09,purchase,2,2,2,0.0,2754,29,3,0.073,6.897,DO NOT FILTER - booking fingerprint
J_PROTECTED_acuity_scheduler,pageReferrer,app.acuityscheduling.com,2025|09,session_start,1,1,0,0.0,2754,29,3,0.036,0.0,DO NOT FILTER - booking fingerprint
J_PROTECTED_acuity_scheduler,pageReferrer,app.acuityscheduling.com,2025|09,user_engagement,3,3,0,0.0,2754,29,3,0.109,0.0,DO NOT FILTER - booking fingerprint
J_PROTECTED_acuity_scheduler,pageReferrer,app.acuityscheduling.com,2025|09,view,3,3,0,0.0,2754,29,3,0.109,0.0,DO NOT FILTER - booking fingerprint
J_PROTECTED_acuity_scheduler,pageReferrer,app.squarespacescheduling.com,2025|09,form_start,2,2,0,0.0,2754,29,3,0.073,0.0,DO NOT FILTER - booking fingerprint
J_PROTECTED_acuity_scheduler,pageReferrer,app.squarespacescheduling.com,2025|09,page_view,18,16,0,0.0,2754,29,3,0.654,0.0,DO NOT FILTER - booking fingerprint
J_PROTECTED_acuity_scheduler,pageReferrer,app.squarespacescheduling.com,2025|09,purchase,1,1,1,0.0,2754,29,3,0.036,3.448,DO NOT FILTER - booking fingerprint
J_PROTECTED_acuity_scheduler,pageReferrer,app.squarespacescheduling.com,2025|09,session_start,1,1,0,0.0,2754,29,3,0.036,0.0,DO NOT FILTER - booking fingerprint
J_PROTECTED_acuity_scheduler,pageReferrer,app.squarespacescheduling.com,2025|09,user_engagement,1,1,0,0.0,2754,29,3,0.036,0.0,DO NOT FILTER - booking fingerprint
J_PROTECTED_acuity_scheduler,pageReferrer,app.squarespacescheduling.com,2025|09,view,2,2,0,0.0,2754,29,3,0.073,0.0,DO NOT FILTER - booking fingerprint
J_PROTECTED_acuity_scheduler,pageReferrer,app.squarespacescheduling.com,2025|10,first_visit,1,1,0,0.0,6183,27,0,0.016,0.0,DO NOT FILTER - booking fingerprint
J_PROTECTED_acuity_scheduler,pageReferrer,app.squarespacescheduling.com,2025|10,page_view,2,2,0,0.0,6183,27,0,0.032,0.0,DO NOT FILTER - booking fingerprint
J_PROTECTED_acuity_scheduler,pageReferrer,app.squarespacescheduling.com,2025|10,scroll,1,1,0,0.0,6183,27,0,0.016,0.0,DO NOT FILTER - booking fingerprint
J_PROTECTED_acuity_scheduler,pageReferrer,app.squarespacescheduling.com,2025|10,session_start,1,1,0,0.0,6183,27,0,0.016,0.0,DO NOT FILTER - booking fingerprint
J_PROTECTED_acuity_scheduler,pageReferrer,app.squarespacescheduling.com,2025|10,user_engagement,2,2,0,0.0,6183,27,0,0.032,0.0,DO NOT FILTER - booking fingerprint
J_PROTECTED_acuity_scheduler,sessionSourceMedium,app.squarespacescheduling.com / referral,2025|10,first_visit,1,1,0,0.0,6183,27,0,0.016,0.0,DO NOT FILTER - booking fingerprint
J_PROTECTED_acuity_scheduler,sessionSourceMedium,app.squarespacescheduling.com / referral,2025|10,page_view,1,1,0,0.0,6183,27,0,0.016,0.0,DO NOT FILTER - booking fingerprint
J_PROTECTED_acuity_scheduler,sessionSourceMedium,app.squarespacescheduling.com / referral,2025|10,scroll,1,1,0,0.0,6183,27,0,0.016,0.0,DO NOT FILTER - booking fingerprint
J_PROTECTED_acuity_scheduler,sessionSourceMedium,app.squarespacescheduling.com / referral,2025|10,session_start,1,1,0,0.0,6183,27,0,0.016,0.0,DO NOT FILTER - booking fingerprint
J_PROTECTED_acuity_scheduler,sessionSourceMedium,app.squarespacescheduling.com / referral,2025|10,user_engagement,1,1,0,0.0,6183,27,0,0.016,0.0,DO NOT FILTER - booking fingerprint
J_PROTECTED_acuity_scheduler,pageReferrer,app.acuityscheduling.com,2025|11,first_visit,1,1,0,0.0,3642,37,7,0.027,0.0,DO NOT FILTER - booking fingerprint
J_PROTECTED_acuity_scheduler,pageReferrer,app.acuityscheduling.com,2025|11,form_start,5,5,0,0.0,3642,37,7,0.137,0.0,DO NOT FILTER - booking fingerprint
J_PROTECTED_acuity_scheduler,pageReferrer,app.acuityscheduling.com,2025|11,page_view,36,36,0,0.0,3642,37,7,0.988,0.0,DO NOT FILTER - booking fingerprint
J_PROTECTED_acuity_scheduler,pageReferrer,app.acuityscheduling.com,2025|11,purchase,4,4,4,0.0,3642,37,7,0.11,10.811,DO NOT FILTER - booking fingerprint
J_PROTECTED_acuity_scheduler,pageReferrer,app.acuityscheduling.com,2025|11,scroll,4,4,0,0.0,3642,37,7,0.11,0.0,DO NOT FILTER - booking fingerprint
J_PROTECTED_acuity_scheduler,pageReferrer,app.acuityscheduling.com,2025|11,session_start,4,4,0,0.0,3642,37,7,0.11,0.0,DO NOT FILTER - booking fingerprint
J_PROTECTED_acuity_scheduler,pageReferrer,app.acuityscheduling.com,2025|11,user_engagement,9,9,0,0.0,3642,37,7,0.247,0.0,DO NOT FILTER - booking fingerprint
J_PROTECTED_acuity_scheduler,pageReferrer,app.acuityscheduling.com,2025|11,view,5,5,0,0.0,3642,37,7,0.137,0.0,DO NOT FILTER - booking fingerprint
J_PROTECTED_acuity_scheduler,pageReferrer,app.squarespacescheduling.com,2025|11,form_start,5,4,0,0.0,3642,37,7,0.137,0.0,DO NOT FILTER - booking fingerprint
J_PROTECTED_acuity_scheduler,pageReferrer,app.squarespacescheduling.com,2025|11,form_submit,2,1,0,0.0,3642,37,7,0.055,0.0,DO NOT FILTER - booking fingerprint
J_PROTECTED_acuity_scheduler,pageReferrer,app.squarespacescheduling.com,2025|11,page_view,41,30,0,0.0,3642,37,7,1.126,0.0,DO NOT FILTER - booking fingerprint
J_PROTECTED_acuity_scheduler,pageReferrer,app.squarespacescheduling.com,2025|11,purchase,3,3,3,0.0,3642,37,7,0.082,8.108,DO NOT FILTER - booking fingerprint
J_PROTECTED_acuity_scheduler,pageReferrer,app.squarespacescheduling.com,2025|11,user_engagement,6,6,0,0.0,3642,37,7,0.165,0.0,DO NOT FILTER - booking fingerprint
J_PROTECTED_acuity_scheduler,pageReferrer,app.squarespacescheduling.com,2025|11,view,3,3,0,0.0,3642,37,7,0.082,0.0,DO NOT FILTER - booking fingerprint
J_PROTECTED_acuity_scheduler,sessionSourceMedium,app.acuityscheduling.com / referral,2025|11,form_start,2,1,0,0.0,3642,37,7,0.055,0.0,DO NOT FILTER - booking fingerprint
J_PROTECTED_acuity_scheduler,sessionSourceMedium,app.acuityscheduling.com / referral,2025|11,page_view,18,5,0,0.0,3642,37,7,0.494,0.0,DO NOT FILTER - booking fingerprint
J_PROTECTED_acuity_scheduler,sessionSourceMedium,app.acuityscheduling.com / referral,2025|11,purchase,2,1,2,0.0,3642,37,7,0.055,5.405,DO NOT FILTER - booking fingerprint
J_PROTECTED_acuity_scheduler,sessionSourceMedium,app.acuityscheduling.com / referral,2025|11,scroll,6,5,0,0.0,3642,37,7,0.165,0.0,DO NOT FILTER - booking fingerprint
J_PROTECTED_acuity_scheduler,sessionSourceMedium,app.acuityscheduling.com / referral,2025|11,session_start,7,7,0,0.0,3642,37,7,0.192,0.0,DO NOT FILTER - booking fingerprint
J_PROTECTED_acuity_scheduler,sessionSourceMedium,app.acuityscheduling.com / referral,2025|11,user_engagement,8,6,0,0.0,3642,37,7,0.22,0.0,DO NOT FILTER - booking fingerprint
J_PROTECTED_acuity_scheduler,sessionSourceMedium,app.acuityscheduling.com / referral,2025|11,view,2,1,0,0.0,3642,37,7,0.055,0.0,DO NOT FILTER - booking fingerprint
J_PROTECTED_acuity_scheduler,pageReferrer,app.acuityscheduling.com,2025|12,click,1,1,0,0.0,1983,15,1,0.05,0.0,DO NOT FILTER - booking fingerprint
J_PROTECTED_acuity_scheduler,pageReferrer,app.acuityscheduling.com,2025|12,page_view,2,2,0,0.0,1983,15,1,0.101,0.0,DO NOT FILTER - booking fingerprint
J_PROTECTED_acuity_scheduler,pageReferrer,app.acuityscheduling.com,2025|12,scroll,1,1,0,0.0,1983,15,1,0.05,0.0,DO NOT FILTER - booking fingerprint
J_PROTECTED_acuity_scheduler,pageReferrer,app.acuityscheduling.com,2025|12,session_start,1,1,0,0.0,1983,15,1,0.05,0.0,DO NOT FILTER - booking fingerprint
J_PROTECTED_acuity_scheduler,pageReferrer,app.acuityscheduling.com,2026|01,page_view,4,4,0,0.0,3057,37,2,0.131,0.0,DO NOT FILTER - booking fingerprint
J_PROTECTED_acuity_scheduler,pageReferrer,app.acuityscheduling.com,2026|01,scroll,1,1,0,0.0,3057,37,2,0.033,0.0,DO NOT FILTER - booking fingerprint
J_PROTECTED_acuity_scheduler,pageReferrer,app.acuityscheduling.com,2026|01,session_start,1,1,0,0.0,3057,37,2,0.033,0.0,DO NOT FILTER - booking fingerprint
J_PROTECTED_acuity_scheduler,pageReferrer,app.acuityscheduling.com,2026|01,user_engagement,1,1,0,0.0,3057,37,2,0.033,0.0,DO NOT FILTER - booking fingerprint
J_PROTECTED_acuity_scheduler,pageReferrer,app.acuityscheduling.com,2026|01,view,1,1,0,0.0,3057,37,2,0.033,0.0,DO NOT FILTER - booking fingerprint
J_PROTECTED_acuity_scheduler,pageReferrer,app.squarespacescheduling.com,2026|01,first_visit,1,1,0,0.0,3057,37,2,0.033,0.0,DO NOT FILTER - booking fingerprint
J_PROTECTED_acuity_scheduler,pageReferrer,app.squarespacescheduling.com,2026|01,form_start,3,2,0,0.0,3057,37,2,0.098,0.0,DO NOT FILTER - booking fingerprint
J_PROTECTED_acuity_scheduler,pageReferrer,app.squarespacescheduling.com,2026|01,form_submit,2,1,0,0.0,3057,37,2,0.065,0.0,DO NOT FILTER - booking fingerprint
J_PROTECTED_acuity_scheduler,pageReferrer,app.squarespacescheduling.com,2026|01,page_view,13,12,0,0.0,3057,37,2,0.425,0.0,DO NOT FILTER - booking fingerprint
J_PROTECTED_acuity_scheduler,pageReferrer,app.squarespacescheduling.com,2026|01,purchase,1,1,1,0.0,3057,37,2,0.033,2.703,DO NOT FILTER - booking fingerprint
J_PROTECTED_acuity_scheduler,pageReferrer,app.squarespacescheduling.com,2026|01,session_start,1,1,0,0.0,3057,37,2,0.033,0.0,DO NOT FILTER - booking fingerprint
J_PROTECTED_acuity_scheduler,pageReferrer,app.squarespacescheduling.com,2026|01,user_engagement,1,1,0,0.0,3057,37,2,0.033,0.0,DO NOT FILTER - booking fingerprint
J_PROTECTED_acuity_scheduler,pageReferrer,app.squarespacescheduling.com,2026|01,view,1,1,0,0.0,3057,37,2,0.033,0.0,DO NOT FILTER - booking fingerprint
J_PROTECTED_acuity_scheduler,pageReferrer,app.acuityscheduling.com,2026|02,first_visit,1,1,0,0.0,2795,34,1,0.036,0.0,DO NOT FILTER - booking fingerprint
J_PROTECTED_acuity_scheduler,pageReferrer,app.acuityscheduling.com,2026|02,page_view,1,1,0,0.0,2795,34,1,0.036,0.0,DO NOT FILTER - booking fingerprint
J_PROTECTED_acuity_scheduler,pageReferrer,app.acuityscheduling.com,2026|02,session_start,1,1,0,0.0,2795,34,1,0.036,0.0,DO NOT FILTER - booking fingerprint
J_PROTECTED_acuity_scheduler,pageReferrer,app.squarespacescheduling.com,2026|02,form_start,2,2,0,0.0,2795,34,1,0.072,0.0,DO NOT FILTER - booking fingerprint
J_PROTECTED_acuity_scheduler,pageReferrer,app.squarespacescheduling.com,2026|02,form_submit,1,1,0,0.0,2795,34,1,0.036,0.0,DO NOT FILTER - booking fingerprint
J_PROTECTED_acuity_scheduler,pageReferrer,app.squarespacescheduling.com,2026|02,page_view,14,13,0,0.0,2795,34,1,0.501,0.0,DO NOT FILTER - booking fingerprint
J_PROTECTED_acuity_scheduler,pageReferrer,app.squarespacescheduling.com,2026|02,purchase,1,1,1,0.0,2795,34,1,0.036,2.941,DO NOT FILTER - booking fingerprint
J_PROTECTED_acuity_scheduler,pageReferrer,app.squarespacescheduling.com,2026|02,user_engagement,2,2,0,0.0,2795,34,1,0.072,0.0,DO NOT FILTER - booking fingerprint
J_PROTECTED_acuity_scheduler,pageReferrer,app.squarespacescheduling.com,2026|02,view,1,1,0,0.0,2795,34,1,0.036,0.0,DO NOT FILTER - booking fingerprint
J_PROTECTED_acuity_scheduler,pageReferrer,app.acuityscheduling.com,2026|03,form_start,1,1,0,0.0,3337,31,6,0.03,0.0,DO NOT FILTER - booking fingerprint
J_PROTECTED_acuity_scheduler,pageReferrer,app.acuityscheduling.com,2026|03,page_view,6,6,0,0.0,3337,31,6,0.18,0.0,DO NOT FILTER - booking fingerprint
J_PROTECTED_acuity_scheduler,pageReferrer,app.acuityscheduling.com,2026|03,purchase,1,1,1,0.0,3337,31,6,0.03,3.226,DO NOT FILTER - booking fingerprint
J_PROTECTED_acuity_scheduler,pageReferrer,app.acuityscheduling.com,2026|03,scroll,1,1,0,0.0,3337,31,6,0.03,0.0,DO NOT FILTER - booking fingerprint
J_PROTECTED_acuity_scheduler,pageReferrer,app.acuityscheduling.com,2026|03,session_start,1,1,0,0.0,3337,31,6,0.03,0.0,DO NOT FILTER - booking fingerprint
J_PROTECTED_acuity_scheduler,pageReferrer,app.acuityscheduling.com,2026|03,user_engagement,1,1,0,0.0,3337,31,6,0.03,0.0,DO NOT FILTER - booking fingerprint
J_PROTECTED_acuity_scheduler,pageReferrer,app.acuityscheduling.com,2026|03,view,1,1,0,0.0,3337,31,6,0.03,0.0,DO NOT FILTER - booking fingerprint
J_PROTECTED_acuity_scheduler,pageReferrer,app.squarespacescheduling.com,2026|03,form_start,1,1,0,0.0,3337,31,6,0.03,0.0,DO NOT FILTER - booking fingerprint
J_PROTECTED_acuity_scheduler,pageReferrer,app.squarespacescheduling.com,2026|03,page_view,10,9,0,0.0,3337,31,6,0.3,0.0,DO NOT FILTER - booking fingerprint
J_PROTECTED_acuity_scheduler,pageReferrer,app.squarespacescheduling.com,2026|03,purchase,1,1,1,0.0,3337,31,6,0.03,3.226,DO NOT FILTER - booking fingerprint
J_PROTECTED_acuity_scheduler,pageReferrer,app.squarespacescheduling.com,2026|03,user_engagement,4,4,0,0.0,3337,31,6,0.12,0.0,DO NOT FILTER - booking fingerprint
J_PROTECTED_acuity_scheduler,pageReferrer,app.squarespacescheduling.com,2026|03,view,1,1,0,0.0,3337,31,6,0.03,0.0,DO NOT FILTER - booking fingerprint
J_PROTECTED_acuity_scheduler,pageReferrer,app.acuityscheduling.com,2026|04,first_visit,2,2,0,0.0,3458,88,54,0.058,0.0,DO NOT FILTER - booking fingerprint
J_PROTECTED_acuity_scheduler,pageReferrer,app.acuityscheduling.com,2026|04,form_start,4,4,0,0.0,3458,88,54,0.116,0.0,DO NOT FILTER - booking fingerprint
J_PROTECTED_acuity_scheduler,pageReferrer,app.acuityscheduling.com,2026|04,page_view,42,26,0,0.0,3458,88,54,1.215,0.0,DO NOT FILTER - booking fingerprint
J_PROTECTED_acuity_scheduler,pageReferrer,app.acuityscheduling.com,2026|04,purchase,4,4,4,0.0,3458,88,54,0.116,4.545,DO NOT FILTER - booking fingerprint
J_PROTECTED_acuity_scheduler,pageReferrer,app.acuityscheduling.com,2026|04,scroll,1,1,0,0.0,3458,88,54,0.029,0.0,DO NOT FILTER - booking fingerprint
J_PROTECTED_acuity_scheduler,pageReferrer,app.acuityscheduling.com,2026|04,session_start,3,3,0,0.0,3458,88,54,0.087,0.0,DO NOT FILTER - booking fingerprint
J_PROTECTED_acuity_scheduler,pageReferrer,app.acuityscheduling.com,2026|04,user_engagement,11,10,0,0.0,3458,88,54,0.318,0.0,DO NOT FILTER - booking fingerprint
J_PROTECTED_acuity_scheduler,pageReferrer,app.acuityscheduling.com,2026|04,view,6,5,0,0.0,3458,88,54,0.174,0.0,DO NOT FILTER - booking fingerprint
J_PROTECTED_acuity_scheduler,sessionSourceMedium,app.acuityscheduling.com / referral,2026|04,first_visit,1,1,0,0.0,3458,88,54,0.029,0.0,DO NOT FILTER - booking fingerprint
J_PROTECTED_acuity_scheduler,sessionSourceMedium,app.acuityscheduling.com / referral,2026|04,form_start,1,1,0,0.0,3458,88,54,0.029,0.0,DO NOT FILTER - booking fingerprint
J_PROTECTED_acuity_scheduler,sessionSourceMedium,app.acuityscheduling.com / referral,2026|04,page_view,8,1,0,0.0,3458,88,54,0.231,0.0,DO NOT FILTER - booking fingerprint
J_PROTECTED_acuity_scheduler,sessionSourceMedium,app.acuityscheduling.com / referral,2026|04,purchase,1,1,1,0.0,3458,88,54,0.029,1.136,DO NOT FILTER - booking fingerprint
J_PROTECTED_acuity_scheduler,sessionSourceMedium,app.acuityscheduling.com / referral,2026|04,scroll,1,1,0,0.0,3458,88,54,0.029,0.0,DO NOT FILTER - booking fingerprint
J_PROTECTED_acuity_scheduler,sessionSourceMedium,app.acuityscheduling.com / referral,2026|04,session_start,1,1,0,0.0,3458,88,54,0.029,0.0,DO NOT FILTER - booking fingerprint
J_PROTECTED_acuity_scheduler,sessionSourceMedium,app.acuityscheduling.com / referral,2026|04,user_engagement,1,1,0,0.0,3458,88,54,0.029,0.0,DO NOT FILTER - booking fingerprint
J_PROTECTED_acuity_scheduler,sessionSourceMedium,app.acuityscheduling.com / referral,2026|04,view,1,1,0,0.0,3458,88,54,0.029,0.0,DO NOT FILTER - booking fingerprint
J_PROTECTED_acuity_scheduler,pageReferrer,app.acuityscheduling.com,2026|05,first_visit,1,1,0,0.0,4782,75,25,0.021,0.0,DO NOT FILTER - booking fingerprint
J_PROTECTED_acuity_scheduler,pageReferrer,app.acuityscheduling.com,2026|05,form_start,3,3,0,0.0,4782,75,25,0.063,0.0,DO NOT FILTER - booking fingerprint
J_PROTECTED_acuity_scheduler,pageReferrer,app.acuityscheduling.com,2026|05,form_submit,1,1,0,0.0,4782,75,25,0.021,0.0,DO NOT FILTER - booking fingerprint
J_PROTECTED_acuity_scheduler,pageReferrer,app.acuityscheduling.com,2026|05,page_view,10,10,0,0.0,4782,75,25,0.209,0.0,DO NOT FILTER - booking fingerprint
J_PROTECTED_acuity_scheduler,pageReferrer,app.acuityscheduling.com,2026|05,purchase,1,1,1,0.0,4782,75,25,0.021,1.333,DO NOT FILTER - booking fingerprint
J_PROTECTED_acuity_scheduler,pageReferrer,app.acuityscheduling.com,2026|05,scroll,1,1,0,0.0,4782,75,25,0.021,0.0,DO NOT FILTER - booking fingerprint
J_PROTECTED_acuity_scheduler,pageReferrer,app.acuityscheduling.com,2026|05,session_start,2,2,0,0.0,4782,75,25,0.042,0.0,DO NOT FILTER - booking fingerprint
J_PROTECTED_acuity_scheduler,pageReferrer,app.acuityscheduling.com,2026|05,user_engagement,1,1,0,0.0,4782,75,25,0.021,0.0,DO NOT FILTER - booking fingerprint
J_PROTECTED_acuity_scheduler,pageReferrer,app.acuityscheduling.com,2026|05,view,2,2,0,0.0,4782,75,25,0.042,0.0,DO NOT FILTER - booking fingerprint
J_PROTECTED_acuity_scheduler,pageReferrer,app.acuityscheduling.com,2026|06,first_visit,1,1,0,0.0,4587,212,44,0.022,0.0,DO NOT FILTER - booking fingerprint
J_PROTECTED_acuity_scheduler,pageReferrer,app.acuityscheduling.com,2026|06,form_start,10,10,0,0.0,4587,212,44,0.218,0.0,DO NOT FILTER - booking fingerprint
J_PROTECTED_acuity_scheduler,pageReferrer,app.acuityscheduling.com,2026|06,form_submit,1,1,0,0.0,4587,212,44,0.022,0.0,DO NOT FILTER - booking fingerprint
J_PROTECTED_acuity_scheduler,pageReferrer,app.acuityscheduling.com,2026|06,page_view,50,44,0,0.0,4587,212,44,1.09,0.0,DO NOT FILTER - booking fingerprint
J_PROTECTED_acuity_scheduler,pageReferrer,app.acuityscheduling.com,2026|06,purchase,7,7,7,0.0,4587,212,44,0.153,3.302,DO NOT FILTER - booking fingerprint
J_PROTECTED_acuity_scheduler,pageReferrer,app.acuityscheduling.com,2026|06,scroll,3,3,0,0.0,4587,212,44,0.065,0.0,DO NOT FILTER - booking fingerprint
J_PROTECTED_acuity_scheduler,pageReferrer,app.acuityscheduling.com,2026|06,session_start,4,4,0,0.0,4587,212,44,0.087,0.0,DO NOT FILTER - booking fingerprint
J_PROTECTED_acuity_scheduler,pageReferrer,app.acuityscheduling.com,2026|06,user_engagement,8,8,0,0.0,4587,212,44,0.174,0.0,DO NOT FILTER - booking fingerprint
J_PROTECTED_acuity_scheduler,pageReferrer,app.acuityscheduling.com,2026|06,view,10,10,0,0.0,4587,212,44,0.218,0.0,DO NOT FILTER - booking fingerprint
J_PROTECTED_acuity_scheduler,pageReferrer,app.acuityscheduling.com,2026|07,click,2,1,0,0.0,6400,302,39,0.031,0.0,DO NOT FILTER - booking fingerprint
J_PROTECTED_acuity_scheduler,pageReferrer,app.acuityscheduling.com,2026|07,first_visit,6,6,0,0.0,6400,302,39,0.094,0.0,DO NOT FILTER - booking fingerprint
J_PROTECTED_acuity_scheduler,pageReferrer,app.acuityscheduling.com,2026|07,form_start,13,13,0,0.0,6400,302,39,0.203,0.0,DO NOT FILTER - booking fingerprint
J_PROTECTED_acuity_scheduler,pageReferrer,app.acuityscheduling.com,2026|07,form_submit,1,1,0,0.0,6400,302,39,0.016,0.0,DO NOT FILTER - booking fingerprint
J_PROTECTED_acuity_scheduler,pageReferrer,app.acuityscheduling.com,2026|07,page_view,80,66,0,0.0,6400,302,39,1.25,0.0,DO NOT FILTER - booking fingerprint
J_PROTECTED_acuity_scheduler,pageReferrer,app.acuityscheduling.com,2026|07,purchase,12,12,12,0.0,6400,302,39,0.188,3.974,DO NOT FILTER - booking fingerprint
J_PROTECTED_acuity_scheduler,pageReferrer,app.acuityscheduling.com,2026|07,scroll,8,8,0,0.0,6400,302,39,0.125,0.0,DO NOT FILTER - booking fingerprint
J_PROTECTED_acuity_scheduler,pageReferrer,app.acuityscheduling.com,2026|07,session_start,13,13,0,0.0,6400,302,39,0.203,0.0,DO NOT FILTER - booking fingerprint
J_PROTECTED_acuity_scheduler,pageReferrer,app.acuityscheduling.com,2026|07,user_engagement,20,18,0,0.0,6400,302,39,0.312,0.0,DO NOT FILTER - booking fingerprint
J_PROTECTED_acuity_scheduler,pageReferrer,app.acuityscheduling.com,2026|07,view,14,14,0,0.0,6400,302,39,0.219,0.0,DO NOT FILTER - booking fingerprint
J_PROTECTED_acuity_scheduler,sessionSourceMedium,app.acuityscheduling.com / referral,2026|07,first_visit,1,1,0,0.0,6400,302,39,0.016,0.0,DO NOT FILTER - booking fingerprint
J_PROTECTED_acuity_scheduler,sessionSourceMedium,app.acuityscheduling.com / referral,2026|07,form_start,1,1,0,0.0,6400,302,39,0.016,0.0,DO NOT FILTER - booking fingerprint
J_PROTECTED_acuity_scheduler,sessionSourceMedium,app.acuityscheduling.com / referral,2026|07,form_submit,1,1,0,0.0,6400,302,39,0.016,0.0,DO NOT FILTER - booking fingerprint
J_PROTECTED_acuity_scheduler,sessionSourceMedium,app.acuityscheduling.com / referral,2026|07,page_view,1,1,0,0.0,6400,302,39,0.016,0.0,DO NOT FILTER - booking fingerprint
J_PROTECTED_acuity_scheduler,sessionSourceMedium,app.acuityscheduling.com / referral,2026|07,scroll,1,1,0,0.0,6400,302,39,0.016,0.0,DO NOT FILTER - booking fingerprint
J_PROTECTED_acuity_scheduler,sessionSourceMedium,app.acuityscheduling.com / referral,2026|07,session_start,1,1,0,0.0,6400,302,39,0.016,0.0,DO NOT FILTER - booking fingerprint
J_PROTECTED_acuity_scheduler,pageReferrer,app.acuityscheduling.com,2026|08,click,1,1,0,0.0,5315,247,30,0.019,0.0,DO NOT FILTER - booking fingerprint
J_PROTECTED_acuity_scheduler,pageReferrer,app.acuityscheduling.com,2026|08,first_visit,2,2,0,0.0,5315,247,30,0.038,0.0,DO NOT FILTER - booking fingerprint
J_PROTECTED_acuity_scheduler,pageReferrer,app.acuityscheduling.com,2026|08,form_start,9,9,0,0.0,5315,247,30,0.169,0.0,DO NOT FILTER - booking fingerprint
J_PROTECTED_acuity_scheduler,pageReferrer,app.acuityscheduling.com,2026|08,page_view,42,42,0,0.0,5315,247,30,0.79,0.0,DO NOT FILTER - booking fingerprint
J_PROTECTED_acuity_scheduler,pageReferrer,app.acuityscheduling.com,2026|08,purchase,7,7,7,0.0,5315,247,30,0.132,2.834,DO NOT FILTER - booking fingerprint
J_PROTECTED_acuity_scheduler,pageReferrer,app.acuityscheduling.com,2026|08,scroll,4,4,0,0.0,5315,247,30,0.075,0.0,DO NOT FILTER - booking fingerprint
J_PROTECTED_acuity_scheduler,pageReferrer,app.acuityscheduling.com,2026|08,session_start,4,4,0,0.0,5315,247,30,0.075,0.0,DO NOT FILTER - booking fingerprint
J_PROTECTED_acuity_scheduler,pageReferrer,app.acuityscheduling.com,2026|08,user_engagement,5,5,0,0.0,5315,247,30,0.094,0.0,DO NOT FILTER - booking fingerprint
J_PROTECTED_acuity_scheduler,pageReferrer,app.acuityscheduling.com,2026|08,view,9,9,0,0.0,5315,247,30,0.169,0.0,DO NOT FILTER - booking fingerprint
J_PROTECTED_acuity_scheduler,pageReferrer,app.acuityscheduling.com,2026|09,first_visit,1,1,0,0.0,863,39,6,0.116,0.0,DO NOT FILTER - booking fingerprint
J_PROTECTED_acuity_scheduler,pageReferrer,app.acuityscheduling.com,2026|09,page_view,3,3,0,0.0,863,39,6,0.348,0.0,DO NOT FILTER - booking fingerprint
J_PROTECTED_acuity_scheduler,pageReferrer,app.acuityscheduling.com,2026|09,scroll,1,1,0,0.0,863,39,6,0.116,0.0,DO NOT FILTER - booking fingerprint
J_PROTECTED_acuity_scheduler,pageReferrer,app.acuityscheduling.com,2026|09,session_start,2,2,0,0.0,863,39,6,0.232,0.0,DO NOT FILTER - booking fingerprint
J_PROTECTED_acuity_scheduler,pageReferrer,app.acuityscheduling.com,2026|09,user_engagement,1,1,0,0.0,863,39,6,0.116,0.0,DO NOT FILTER - booking fingerprint
J_PROTECTED_acuity_scheduler,pageReferrer,app.acuityscheduling.com,2026|09,view,1,1,0,0.0,863,39,6,0.116,0.0,DO NOT FILTER - booking fingerprint
K_dollar_one_test_purchase,purchase unit value == $1.00,(direct) / (none),2026|04,purchase,2,0,2,2.0,3458,88,54,0.058,2.273,JUNK - $1 is not a PNH price; snippet test firing
K_dollar_one_test_purchase,purchase unit value == $1.00,chatgpt.com / referral,2026|04,purchase,1,0,1,1.0,3458,88,54,0.029,1.136,JUNK - $1 is not a PNH price; snippet test firing
K_dollar_one_test_purchase,purchase unit value == $1.00,google / organic,2026|04,purchase,2,0,2,2.0,3458,88,54,0.058,2.273,JUNK - $1 is not a PNH price; snippet test firing
K_dollar_one_test_purchase,purchase unit value == $1.00,tagassistant.google.com / referral,2026|04,purchase,4,0,4,4.0,3458,88,54,0.116,4.545,JUNK - $1 is not a PNH price; snippet test firing
K_dollar_one_test_purchase,purchase unit value == $1.00,(direct) / (none),2026|05,purchase,1,0,1,1.0,4782,75,25,0.021,1.333,JUNK - $1 is not a PNH price; snippet test firing
K_dollar_one_test_purchase,purchase unit value == $1.00,google / cpc,2026|05,purchase,2,0,2,2.0,4782,75,25,0.042,2.667,JUNK - $1 is not a PNH price; snippet test firing
K_dollar_one_test_purchase,purchase unit value == $1.00,google / organic,2026|05,purchase,1,0,1,1.0,4782,75,25,0.021,1.333,JUNK - $1 is not a PNH price; snippet test firing
K_dollar_one_test_purchase,purchase unit value == $1.00,(direct) / (none),2026|06,purchase,1,0,1,1.0,4587,212,44,0.022,0.472,JUNK - $1 is not a PNH price; snippet test firing
K_dollar_one_test_purchase,purchase unit value == $1.00,ads.google.com / referral,2026|06,purchase,7,0,7,7.0,4587,212,44,0.153,3.302,JUNK - $1 is not a PNH price; snippet test firing
K_dollar_one_test_purchase,purchase unit value == $1.00,tagassistant.google.com / referral,2026|06,purchase,2,0,2,2.0,4587,212,44,0.044,0.943,JUNK - $1 is not a PNH price; snippet test firing
K_dollar_one_test_purchase,purchase unit value == $1.00,(direct) / (none),2026|07,purchase,1,0,1,1.0,6400,302,39,0.016,0.331,JUNK - $1 is not a PNH price; snippet test firing
K_dollar_one_test_purchase,purchase unit value == $1.00,ads.google.com / referral,2026|07,purchase,1,0,1,1.0,6400,302,39,0.016,0.331,JUNK - $1 is not a PNH price; snippet test firing
K_dollar_one_test_purchase,purchase unit value == $1.00,google / cpc,2026|07,purchase,1,0,1,1.0,6400,302,39,0.016,0.331,JUNK - $1 is not a PNH price; snippet test firing
K_dollar_one_test_purchase,purchase unit value == $1.00,google / organic,2026|07,purchase,4,0,4,4.0,6400,302,39,0.062,1.325,JUNK - $1 is not a PNH price; snippet test firing
